concept,tag,taxonomy,unit,start,end,val,fy,fp,form,filed,accn,frame
capex,PaymentsToAcquirePropertyPlantAndEquipment,us-gaap,USD,2013-01-01,2013-12-31,7358000000.0,2015,FY,10-K,2016-02-11,0001652044-16-000012,
capex,PaymentsToAcquirePropertyPlantAndEquipment,us-gaap,USD,2013-01-01,2013-12-31,7358000000.0,2015,FY,8-K,2016-05-03,0001652044-16-000022,CY2013
capex,PaymentsToAcquirePropertyPlantAndEquipment,us-gaap,USD,2014-01-01,2014-09-30,7408000000.0,2015,Q3,10-Q,2015-10-29,0001652044-15-000005,
capex,PaymentsToAcquirePropertyPlantAndEquipment,us-gaap,USD,2014-01-01,2014-12-31,10959000000.0,2015,FY,10-K,2016-02-11,0001652044-16-000012,
capex,PaymentsToAcquirePropertyPlantAndEquipment,us-gaap,USD,2014-01-01,2014-12-31,10959000000.0,2015,FY,8-K,2016-05-03,0001652044-16-000022,
capex,PaymentsToAcquirePropertyPlantAndEquipment,us-gaap,USD,2014-01-01,2014-12-31,11014000000.0,2016,FY,10-K,2017-02-03,0001652044-17-000008,CY2014
capex,PaymentsToAcquirePropertyPlantAndEquipment,us-gaap,USD,2015-01-01,2015-03-31,2927000000.0,2016,Q1,10-Q,2016-05-03,0001652044-16-000021,CY2015Q1
capex,PaymentsToAcquirePropertyPlantAndEquipment,us-gaap,USD,2015-01-01,2015-06-30,5442000000.0,2016,Q2,10-Q,2016-08-04,0001652044-16-000032,
capex,PaymentsToAcquirePropertyPlantAndEquipment,us-gaap,USD,2015-04-01,2015-06-30,2515000000.0,2016,Q2,10-Q,2016-08-04,0001652044-16-000032,CY2015Q2
capex,PaymentsToAcquirePropertyPlantAndEquipment,us-gaap,USD,2015-01-01,2015-09-30,7815000000.0,2015,Q3,10-Q,2015-10-29,0001652044-15-000005,
capex,PaymentsToAcquirePropertyPlantAndEquipment,us-gaap,USD,2015-01-01,2015-09-30,7848000000.0,2016,Q3,10-Q,2016-11-03,0001652044-16-000038,
capex,PaymentsToAcquirePropertyPlantAndEquipment,us-gaap,USD,2015-07-01,2015-09-30,2383000000.0,2016,Q3,10-Q,2016-11-03,0001652044-16-000038,CY2015Q3
capex,PaymentsToAcquirePropertyPlantAndEquipment,us-gaap,USD,2015-01-01,2015-12-31,9915000000.0,2015,FY,10-K,2016-02-11,0001652044-16-000012,
capex,PaymentsToAcquirePropertyPlantAndEquipment,us-gaap,USD,2015-01-01,2015-12-31,9915000000.0,2015,FY,8-K,2016-05-03,0001652044-16-000022,
capex,PaymentsToAcquirePropertyPlantAndEquipment,us-gaap,USD,2015-01-01,2015-12-31,9950000000.0,2016,FY,10-K,2017-02-03,0001652044-17-000008,
capex,PaymentsToAcquirePropertyPlantAndEquipment,us-gaap,USD,2015-01-01,2015-12-31,9950000000.0,2017,FY,10-K,2018-02-06,0001652044-18-000007,CY2015
capex,PaymentsToAcquirePropertyPlantAndEquipment,us-gaap,USD,2016-01-01,2016-03-31,2428000000.0,2016,Q1,10-Q,2016-05-03,0001652044-16-000021,
capex,PaymentsToAcquirePropertyPlantAndEquipment,us-gaap,USD,2016-01-01,2016-03-31,2444000000.0,2017,Q1,10-Q,2017-05-02,0001652044-17-000014,CY2016Q1
capex,PaymentsToAcquirePropertyPlantAndEquipment,us-gaap,USD,2016-01-01,2016-06-30,4551000000.0,2016,Q2,10-Q,2016-08-04,0001652044-16-000032,
capex,PaymentsToAcquirePropertyPlantAndEquipment,us-gaap,USD,2016-04-01,2016-06-30,2123000000.0,2016,Q2,10-Q,2016-08-04,0001652044-16-000032,
capex,PaymentsToAcquirePropertyPlantAndEquipment,us-gaap,USD,2016-01-01,2016-06-30,4580000000.0,2017,Q2,10-Q,2017-07-25,0001652044-17-000026,
capex,PaymentsToAcquirePropertyPlantAndEquipment,us-gaap,USD,2016-04-01,2016-06-30,2136000000.0,2017,Q2,10-Q,2017-07-25,0001652044-17-000026,CY2016Q2
capex,PaymentsToAcquirePropertyPlantAndEquipment,us-gaap,USD,2016-01-01,2016-09-30,7134000000.0,2016,Q3,10-Q,2016-11-03,0001652044-16-000038,
capex,PaymentsToAcquirePropertyPlantAndEquipment,us-gaap,USD,2016-07-01,2016-09-30,2554000000.0,2016,Q3,10-Q,2016-11-03,0001652044-16-000038,
capex,PaymentsToAcquirePropertyPlantAndEquipment,us-gaap,USD,2016-01-01,2016-09-30,7134000000.0,2017,Q3,10-Q,2017-10-27,0001652044-17-000042,
capex,PaymentsToAcquirePropertyPlantAndEquipment,us-gaap,USD,2016-07-01,2016-09-30,2554000000.0,2017,Q3,10-Q,2017-10-27,0001652044-17-000042,CY2016Q3
capex,PaymentsToAcquirePropertyPlantAndEquipment,us-gaap,USD,2016-01-01,2016-12-31,10212000000.0,2016,FY,10-K,2017-02-03,0001652044-17-000008,
capex,PaymentsToAcquirePropertyPlantAndEquipment,us-gaap,USD,2016-01-01,2016-12-31,10212000000.0,2017,FY,10-K,2018-02-06,0001652044-18-000007,
capex,PaymentsToAcquirePropertyPlantAndEquipment,us-gaap,USD,2016-01-01,2016-12-31,10212000000.0,2018,FY,10-K,2019-02-05,0001652044-19-000004,CY2016
capex,PaymentsToAcquirePropertyPlantAndEquipment,us-gaap,USD,2017-01-01,2017-03-31,2508000000.0,2017,Q1,10-Q,2017-05-02,0001652044-17-000014,
capex,PaymentsToAcquirePropertyPlantAndEquipment,us-gaap,USD,2017-01-01,2017-03-31,2508000000.0,2018,Q1,10-Q,2018-04-24,0001652044-18-000016,CY2017Q1
capex,PaymentsToAcquirePropertyPlantAndEquipment,us-gaap,USD,2017-01-01,2017-06-30,5339000000.0,2017,Q2,10-Q,2017-07-25,0001652044-17-000026,
capex,PaymentsToAcquirePropertyPlantAndEquipment,us-gaap,USD,2017-04-01,2017-06-30,2831000000.0,2017,Q2,10-Q,2017-07-25,0001652044-17-000026,
capex,PaymentsToAcquirePropertyPlantAndEquipment,us-gaap,USD,2017-01-01,2017-06-30,5339000000.0,2018,Q2,10-Q,2018-07-24,0001652044-18-000027,
capex,PaymentsToAcquirePropertyPlantAndEquipment,us-gaap,USD,2017-04-01,2017-06-30,2831000000.0,2018,Q2,10-Q,2018-07-24,0001652044-18-000027,CY2017Q2
capex,PaymentsToAcquirePropertyPlantAndEquipment,us-gaap,USD,2017-01-01,2017-09-30,8877000000.0,2017,Q3,10-Q,2017-10-27,0001652044-17-000042,
capex,PaymentsToAcquirePropertyPlantAndEquipment,us-gaap,USD,2017-07-01,2017-09-30,3538000000.0,2017,Q3,10-Q,2017-10-27,0001652044-17-000042,
capex,PaymentsToAcquirePropertyPlantAndEquipment,us-gaap,USD,2017-01-01,2017-09-30,8877000000.0,2018,Q3,10-Q,2018-10-26,0001652044-18-000035,
capex,PaymentsToAcquirePropertyPlantAndEquipment,us-gaap,USD,2017-07-01,2017-09-30,3538000000.0,2018,Q3,10-Q,2018-10-26,0001652044-18-000035,CY2017Q3
capex,PaymentsToAcquirePropertyPlantAndEquipment,us-gaap,USD,2017-01-01,2017-12-31,13184000000.0,2017,FY,10-K,2018-02-06,0001652044-18-000007,
capex,PaymentsToAcquirePropertyPlantAndEquipment,us-gaap,USD,2017-01-01,2017-12-31,13184000000.0,2018,FY,10-K,2019-02-05,0001652044-19-000004,
capex,PaymentsToAcquirePropertyPlantAndEquipment,us-gaap,USD,2017-01-01,2017-12-31,13184000000.0,2019,FY,10-K,2020-02-04,0001652044-20-000008,CY2017
capex,PaymentsToAcquirePropertyPlantAndEquipment,us-gaap,USD,2018-01-01,2018-03-31,7299000000.0,2018,Q1,10-Q,2018-04-24,0001652044-18-000016,
capex,PaymentsToAcquirePropertyPlantAndEquipment,us-gaap,USD,2018-01-01,2018-03-31,7299000000.0,2019,Q1,10-Q,2019-04-30,0001652044-19-000015,CY2018Q1
capex,PaymentsToAcquirePropertyPlantAndEquipment,us-gaap,USD,2018-01-01,2018-06-30,12776000000.0,2018,Q2,10-Q,2018-07-24,0001652044-18-000027,
capex,PaymentsToAcquirePropertyPlantAndEquipment,us-gaap,USD,2018-04-01,2018-06-30,5477000000.0,2018,Q2,10-Q,2018-07-24,0001652044-18-000027,
capex,PaymentsToAcquirePropertyPlantAndEquipment,us-gaap,USD,2018-01-01,2018-06-30,12776000000.0,2019,Q2,10-Q,2019-07-26,0001652044-19-000023,
capex,PaymentsToAcquirePropertyPlantAndEquipment,us-gaap,USD,2018-04-01,2018-06-30,5477000000.0,2019,Q2,10-Q,2019-07-26,0001652044-19-000023,CY2018Q2
capex,PaymentsToAcquirePropertyPlantAndEquipment,us-gaap,USD,2018-01-01,2018-09-30,18058000000.0,2018,Q3,10-Q,2018-10-26,0001652044-18-000035,
capex,PaymentsToAcquirePropertyPlantAndEquipment,us-gaap,USD,2018-07-01,2018-09-30,5282000000.0,2018,Q3,10-Q,2018-10-26,0001652044-18-000035,
capex,PaymentsToAcquirePropertyPlantAndEquipment,us-gaap,USD,2018-01-01,2018-09-30,18058000000.0,2019,Q3,10-Q,2019-10-29,0001652044-19-000032,
capex,PaymentsToAcquirePropertyPlantAndEquipment,us-gaap,USD,2018-07-01,2018-09-30,5282000000.0,2019,Q3,10-Q,2019-10-29,0001652044-19-000032,CY2018Q3
capex,PaymentsToAcquirePropertyPlantAndEquipment,us-gaap,USD,2018-01-01,2018-12-31,25139000000.0,2018,FY,10-K,2019-02-05,0001652044-19-000004,
capex,PaymentsToAcquirePropertyPlantAndEquipment,us-gaap,USD,2018-01-01,2018-12-31,25139000000.0,2019,FY,10-K,2020-02-04,0001652044-20-000008,
capex,PaymentsToAcquirePropertyPlantAndEquipment,us-gaap,USD,2018-01-01,2018-12-31,25139000000.0,2020,FY,10-K,2021-02-03,0001652044-21-000010,CY2018
capex,PaymentsToAcquirePropertyPlantAndEquipment,us-gaap,USD,2019-01-01,2019-03-31,4638000000.0,2019,Q1,10-Q,2019-04-30,0001652044-19-000015,
capex,PaymentsToAcquirePropertyPlantAndEquipment,us-gaap,USD,2019-01-01,2019-03-31,4638000000.0,2020,Q1,10-Q,2020-04-29,0001652044-20-000021,CY2019Q1
capex,PaymentsToAcquirePropertyPlantAndEquipment,us-gaap,USD,2019-01-01,2019-06-30,10764000000.0,2019,Q2,10-Q,2019-07-26,0001652044-19-000023,
capex,PaymentsToAcquirePropertyPlantAndEquipment,us-gaap,USD,2019-04-01,2019-06-30,6126000000.0,2019,Q2,10-Q,2019-07-26,0001652044-19-000023,
capex,PaymentsToAcquirePropertyPlantAndEquipment,us-gaap,USD,2019-01-01,2019-06-30,10764000000.0,2020,Q2,10-Q,2020-07-31,0001652044-20-000032,
capex,PaymentsToAcquirePropertyPlantAndEquipment,us-gaap,USD,2019-04-01,2019-06-30,6126000000.0,2020,Q2,10-Q,2020-07-31,0001652044-20-000032,CY2019Q2
capex,PaymentsToAcquirePropertyPlantAndEquipment,us-gaap,USD,2019-01-01,2019-09-30,17496000000.0,2019,Q3,10-Q,2019-10-29,0001652044-19-000032,
capex,PaymentsToAcquirePropertyPlantAndEquipment,us-gaap,USD,2019-07-01,2019-09-30,6732000000.0,2019,Q3,10-Q,2019-10-29,0001652044-19-000032,
capex,PaymentsToAcquirePropertyPlantAndEquipment,us-gaap,USD,2019-01-01,2019-09-30,17496000000.0,2020,Q3,10-Q,2020-10-30,0001652044-20-000050,
capex,PaymentsToAcquirePropertyPlantAndEquipment,us-gaap,USD,2019-07-01,2019-09-30,6732000000.0,2020,Q3,10-Q,2020-10-30,0001652044-20-000050,CY2019Q3
capex,PaymentsToAcquirePropertyPlantAndEquipment,us-gaap,USD,2019-01-01,2019-12-31,23548000000.0,2019,FY,10-K,2020-02-04,0001652044-20-000008,
capex,PaymentsToAcquirePropertyPlantAndEquipment,us-gaap,USD,2019-01-01,2019-12-31,23548000000.0,2020,FY,10-K,2021-02-03,0001652044-21-000010,
capex,PaymentsToAcquirePropertyPlantAndEquipment,us-gaap,USD,2019-01-01,2019-12-31,23548000000.0,2021,FY,10-K,2022-02-02,0001652044-22-000019,CY2019
capex,PaymentsToAcquirePropertyPlantAndEquipment,us-gaap,USD,2020-01-01,2020-03-31,6005000000.0,2020,Q1,10-Q,2020-04-29,0001652044-20-000021,
capex,PaymentsToAcquirePropertyPlantAndEquipment,us-gaap,USD,2020-01-01,2020-03-31,6005000000.0,2021,Q1,10-Q,2021-04-28,0001652044-21-000020,CY2020Q1
capex,PaymentsToAcquirePropertyPlantAndEquipment,us-gaap,USD,2020-01-01,2020-06-30,11396000000.0,2020,Q2,10-Q,2020-07-31,0001652044-20-000032,
capex,PaymentsToAcquirePropertyPlantAndEquipment,us-gaap,USD,2020-04-01,2020-06-30,5391000000.0,2020,Q2,10-Q,2020-07-31,0001652044-20-000032,CY2020Q2
capex,PaymentsToAcquirePropertyPlantAndEquipment,us-gaap,USD,2020-01-01,2020-06-30,11396000000.0,2021,Q2,10-Q,2021-07-28,0001652044-21-000047,
capex,PaymentsToAcquirePropertyPlantAndEquipment,us-gaap,USD,2020-01-01,2020-09-30,16802000000.0,2020,Q3,10-Q,2020-10-30,0001652044-20-000050,
capex,PaymentsToAcquirePropertyPlantAndEquipment,us-gaap,USD,2020-07-01,2020-09-30,5406000000.0,2020,Q3,10-Q,2020-10-30,0001652044-20-000050,CY2020Q3
capex,PaymentsToAcquirePropertyPlantAndEquipment,us-gaap,USD,2020-01-01,2020-09-30,16802000000.0,2021,Q3,10-Q,2021-10-27,0001652044-21-000057,
capex,PaymentsToAcquirePropertyPlantAndEquipment,us-gaap,USD,2020-01-01,2020-12-31,22281000000.0,2020,FY,10-K,2021-02-03,0001652044-21-000010,
capex,PaymentsToAcquirePropertyPlantAndEquipment,us-gaap,USD,2020-01-01,2020-12-31,22281000000.0,2021,FY,10-K,2022-02-02,0001652044-22-000019,
capex,PaymentsToAcquirePropertyPlantAndEquipment,us-gaap,USD,2020-01-01,2020-12-31,22281000000.0,2022,FY,10-K,2023-02-03,0001652044-23-000016,CY2020
capex,PaymentsToAcquirePropertyPlantAndEquipment,us-gaap,USD,2021-01-01,2021-03-31,5942000000.0,2021,Q1,10-Q,2021-04-28,0001652044-21-000020,
capex,PaymentsToAcquirePropertyPlantAndEquipment,us-gaap,USD,2021-01-01,2021-03-31,5942000000.0,2022,Q1,10-Q,2022-04-27,0001652044-22-000029,CY2021Q1
capex,PaymentsToAcquirePropertyPlantAndEquipment,us-gaap,USD,2021-01-01,2021-06-30,11438000000.0,2021,Q2,10-Q,2021-07-28,0001652044-21-000047,
capex,PaymentsToAcquirePropertyPlantAndEquipment,us-gaap,USD,2021-01-01,2021-06-30,11438000000.0,2022,Q2,10-Q,2022-07-27,0001652044-22-000071,
capex,PaymentsToAcquirePropertyPlantAndEquipment,us-gaap,USD,2021-01-01,2021-09-30,18257000000.0,2021,Q3,10-Q,2021-10-27,0001652044-21-000057,
capex,PaymentsToAcquirePropertyPlantAndEquipment,us-gaap,USD,2021-01-01,2021-09-30,18257000000.0,2022,Q3,10-Q,2022-10-26,0001652044-22-000090,
capex,PaymentsToAcquirePropertyPlantAndEquipment,us-gaap,USD,2021-01-01,2021-12-31,24640000000.0,2021,FY,10-K,2022-02-02,0001652044-22-000019,
capex,PaymentsToAcquirePropertyPlantAndEquipment,us-gaap,USD,2021-01-01,2021-12-31,24640000000.0,2022,FY,10-K,2023-02-03,0001652044-23-000016,
capex,PaymentsToAcquirePropertyPlantAndEquipment,us-gaap,USD,2021-01-01,2021-12-31,24640000000.0,2023,FY,10-K,2024-01-31,0001652044-24-000022,CY2021
capex,PaymentsToAcquirePropertyPlantAndEquipment,us-gaap,USD,2022-01-01,2022-03-31,9786000000.0,2022,Q1,10-Q,2022-04-27,0001652044-22-000029,
capex,PaymentsToAcquirePropertyPlantAndEquipment,us-gaap,USD,2022-01-01,2022-03-31,9786000000.0,2023,Q1,10-Q,2023-04-26,0001652044-23-000045,CY2022Q1
capex,PaymentsToAcquirePropertyPlantAndEquipment,us-gaap,USD,2022-01-01,2022-06-30,16614000000.0,2022,Q2,10-Q,2022-07-27,0001652044-22-000071,
capex,PaymentsToAcquirePropertyPlantAndEquipment,us-gaap,USD,2022-01-01,2022-06-30,16614000000.0,2023,Q2,10-Q,2023-07-26,0001652044-23-000070,
capex,PaymentsToAcquirePropertyPlantAndEquipment,us-gaap,USD,2022-01-01,2022-09-30,23890000000.0,2022,Q3,10-Q,2022-10-26,0001652044-22-000090,
capex,PaymentsToAcquirePropertyPlantAndEquipment,us-gaap,USD,2022-01-01,2022-09-30,23890000000.0,2023,Q3,10-Q,2023-10-25,0001652044-23-000094,
capex,PaymentsToAcquirePropertyPlantAndEquipment,us-gaap,USD,2022-01-01,2022-12-31,31485000000.0,2022,FY,10-K,2023-02-03,0001652044-23-000016,
capex,PaymentsToAcquirePropertyPlantAndEquipment,us-gaap,USD,2022-01-01,2022-12-31,31485000000.0,2023,FY,10-K,2024-01-31,0001652044-24-000022,
capex,PaymentsToAcquirePropertyPlantAndEquipment,us-gaap,USD,2022-01-01,2022-12-31,31485000000.0,2024,FY,10-K,2025-02-05,0001652044-25-000014,CY2022
capex,PaymentsToAcquirePropertyPlantAndEquipment,us-gaap,USD,2023-01-01,2023-03-31,6289000000.0,2023,Q1,10-Q,2023-04-26,0001652044-23-000045,
capex,PaymentsToAcquirePropertyPlantAndEquipment,us-gaap,USD,2023-01-01,2023-03-31,6289000000.0,2024,Q1,10-Q,2024-04-26,0001652044-24-000053,CY2023Q1
capex,PaymentsToAcquirePropertyPlantAndEquipment,us-gaap,USD,2023-01-01,2023-06-30,13177000000.0,2023,Q2,10-Q,2023-07-26,0001652044-23-000070,
capex,PaymentsToAcquirePropertyPlantAndEquipment,us-gaap,USD,2023-01-01,2023-06-30,13177000000.0,2024,Q2,10-Q,2024-07-24,0001652044-24-000079,
capex,PaymentsToAcquirePropertyPlantAndEquipment,us-gaap,USD,2023-01-01,2023-09-30,21232000000.0,2023,Q3,10-Q,2023-10-25,0001652044-23-000094,
capex,PaymentsToAcquirePropertyPlantAndEquipment,us-gaap,USD,2023-01-01,2023-09-30,21232000000.0,2024,Q3,10-Q,2024-10-30,0001652044-24-000118,
capex,PaymentsToAcquirePropertyPlantAndEquipment,us-gaap,USD,2023-01-01,2023-12-31,32251000000.0,2023,FY,10-K,2024-01-31,0001652044-24-000022,
capex,PaymentsToAcquirePropertyPlantAndEquipment,us-gaap,USD,2023-01-01,2023-12-31,32251000000.0,2024,FY,10-K,2025-02-05,0001652044-25-000014,
capex,PaymentsToAcquirePropertyPlantAndEquipment,us-gaap,USD,2023-01-01,2023-12-31,32251000000.0,2025,FY,10-K,2026-02-05,0001652044-26-000018,CY2023
capex,PaymentsToAcquirePropertyPlantAndEquipment,us-gaap,USD,2024-01-01,2024-03-31,12012000000.0,2024,Q1,10-Q,2024-04-26,0001652044-24-000053,
capex,PaymentsToAcquirePropertyPlantAndEquipment,us-gaap,USD,2024-01-01,2024-03-31,12012000000.0,2025,Q1,10-Q,2025-04-25,0001652044-25-000043,CY2024Q1
capex,PaymentsToAcquirePropertyPlantAndEquipment,us-gaap,USD,2024-01-01,2024-06-30,25198000000.0,2024,Q2,10-Q,2024-07-24,0001652044-24-000079,
capex,PaymentsToAcquirePropertyPlantAndEquipment,us-gaap,USD,2024-01-01,2024-06-30,25198000000.0,2025,Q2,10-Q,2025-07-24,0001652044-25-000062,
capex,PaymentsToAcquirePropertyPlantAndEquipment,us-gaap,USD,2024-01-01,2024-09-30,38259000000.0,2024,Q3,10-Q,2024-10-30,0001652044-24-000118,
capex,PaymentsToAcquirePropertyPlantAndEquipment,us-gaap,USD,2024-01-01,2024-09-30,38259000000.0,2025,Q3,10-Q,2025-10-30,0001652044-25-000091,
capex,PaymentsToAcquirePropertyPlantAndEquipment,us-gaap,USD,2024-01-01,2024-12-31,52535000000.0,2024,FY,10-K,2025-02-05,0001652044-25-000014,
capex,PaymentsToAcquirePropertyPlantAndEquipment,us-gaap,USD,2024-01-01,2024-12-31,52535000000.0,2025,FY,10-K,2026-02-05,0001652044-26-000018,CY2024
capex,PaymentsToAcquirePropertyPlantAndEquipment,us-gaap,USD,2025-01-01,2025-03-31,17197000000.0,2025,Q1,10-Q,2025-04-25,0001652044-25-000043,
capex,PaymentsToAcquirePropertyPlantAndEquipment,us-gaap,USD,2025-01-01,2025-03-31,17197000000.0,2026,Q1,10-Q,2026-04-30,0001652044-26-000048,CY2025Q1
capex,PaymentsToAcquirePropertyPlantAndEquipment,us-gaap,USD,2025-01-01,2025-06-30,39643000000.0,2025,Q2,10-Q,2025-07-24,0001652044-25-000062,
capex,PaymentsToAcquirePropertyPlantAndEquipment,us-gaap,USD,2025-01-01,2025-06-30,39643000000.0,2026,Q2,10-Q,2026-07-23,0001652044-26-000071,
capex,PaymentsToAcquirePropertyPlantAndEquipment,us-gaap,USD,2025-01-01,2025-09-30,63596000000.0,2025,Q3,10-Q,2025-10-30,0001652044-25-000091,
capex,PaymentsToAcquirePropertyPlantAndEquipment,us-gaap,USD,2025-01-01,2025-12-31,91447000000.0,2025,FY,10-K,2026-02-05,0001652044-26-000018,CY2025
capex,PaymentsToAcquirePropertyPlantAndEquipment,us-gaap,USD,2026-01-01,2026-03-31,35674000000.0,2026,Q1,10-Q,2026-04-30,0001652044-26-000048,CY2026Q1
capex,PaymentsToAcquirePropertyPlantAndEquipment,us-gaap,USD,2026-01-01,2026-06-30,80598000000.0,2026,Q2,10-Q,2026-07-23,0001652044-26-000071,
cash,CashAndCashEquivalentsAtCarryingValue,us-gaap,USD,,2012-12-31,14778000000.0,2015,FY,10-K,2016-02-11,0001652044-16-000012,
cash,CashAndCashEquivalentsAtCarryingValue,us-gaap,USD,,2012-12-31,14778000000.0,2015,FY,8-K,2016-05-03,0001652044-16-000022,CY2012Q4I
cash,CashAndCashEquivalentsAtCarryingValue,us-gaap,USD,,2013-12-31,18898000000.0,2015,FY,10-K,2016-02-11,0001652044-16-000012,
cash,CashAndCashEquivalentsAtCarryingValue,us-gaap,USD,,2013-12-31,18898000000.0,2015,FY,8-K,2016-05-03,0001652044-16-000022,
cash,CashAndCashEquivalentsAtCarryingValue,us-gaap,USD,,2013-12-31,18898000000.0,2016,FY,10-K,2017-02-03,0001652044-17-000008,CY2013Q4I
cash,CashAndCashEquivalentsAtCarryingValue,us-gaap,USD,,2014-09-30,15605000000.0,2015,Q3,10-Q,2015-10-29,0001652044-15-000005,CY2014Q3I
cash,CashAndCashEquivalentsAtCarryingValue,us-gaap,USD,,2014-12-31,18347000000.0,2015,Q3,10-Q,2015-10-29,0001652044-15-000005,
cash,CashAndCashEquivalentsAtCarryingValue,us-gaap,USD,,2014-12-31,18347000000.0,2015,FY,10-K,2016-02-11,0001652044-16-000012,
cash,CashAndCashEquivalentsAtCarryingValue,us-gaap,USD,,2014-12-31,18347000000.0,2016,Q1,10-Q,2016-05-03,0001652044-16-000021,
cash,CashAndCashEquivalentsAtCarryingValue,us-gaap,USD,,2014-12-31,18347000000.0,2015,FY,8-K,2016-05-03,0001652044-16-000022,
cash,CashAndCashEquivalentsAtCarryingValue,us-gaap,USD,,2014-12-31,18347000000.0,2016,Q2,10-Q,2016-08-04,0001652044-16-000032,
cash,CashAndCashEquivalentsAtCarryingValue,us-gaap,USD,,2014-12-31,18347000000.0,2016,Q3,10-Q,2016-11-03,0001652044-16-000038,
cash,CashAndCashEquivalentsAtCarryingValue,us-gaap,USD,,2014-12-31,18347000000.0,2016,FY,10-K,2017-02-03,0001652044-17-000008,
cash,CashAndCashEquivalentsAtCarryingValue,us-gaap,USD,,2014-12-31,18347000000.0,2017,FY,10-K,2018-02-06,0001652044-18-000007,CY2014Q4I
cash,CashAndCashEquivalentsAtCarryingValue,us-gaap,USD,,2015-03-31,16976000000.0,2016,Q1,10-Q,2016-05-03,0001652044-16-000021,CY2015Q1I
cash,CashAndCashEquivalentsAtCarryingValue,us-gaap,USD,,2015-06-30,18453000000.0,2016,Q2,10-Q,2016-08-04,0001652044-16-000032,CY2015Q2I
cash,CashAndCashEquivalentsAtCarryingValue,us-gaap,USD,,2015-09-30,18068000000.0,2015,Q3,10-Q,2015-10-29,0001652044-15-000005,
cash,CashAndCashEquivalentsAtCarryingValue,us-gaap,USD,,2015-09-30,18068000000.0,2016,Q3,10-Q,2016-11-03,0001652044-16-000038,CY2015Q3I
cash,CashAndCashEquivalentsAtCarryingValue,us-gaap,USD,,2015-12-31,16549000000.0,2015,FY,10-K,2016-02-11,0001652044-16-000012,
cash,CashAndCashEquivalentsAtCarryingValue,us-gaap,USD,,2015-12-31,16549000000.0,2016,Q1,10-Q,2016-05-03,0001652044-16-000021,
cash,CashAndCashEquivalentsAtCarryingValue,us-gaap,USD,,2015-12-31,16549000000.0,2015,FY,8-K,2016-05-03,0001652044-16-000022,
cash,CashAndCashEquivalentsAtCarryingValue,us-gaap,USD,,2015-12-31,16549000000.0,2016,Q2,10-Q,2016-08-04,0001652044-16-000032,
cash,CashAndCashEquivalentsAtCarryingValue,us-gaap,USD,,2015-12-31,16549000000.0,2016,Q3,10-Q,2016-11-03,0001652044-16-000038,
cash,CashAndCashEquivalentsAtCarryingValue,us-gaap,USD,,2015-12-31,16549000000.0,2016,FY,10-K,2017-02-03,0001652044-17-000008,
cash,CashAndCashEquivalentsAtCarryingValue,us-gaap,USD,,2015-12-31,16549000000.0,2017,Q1,10-Q,2017-05-02,0001652044-17-000014,
cash,CashAndCashEquivalentsAtCarryingValue,us-gaap,USD,,2015-12-31,16549000000.0,2017,Q2,10-Q,2017-07-25,0001652044-17-000026,
cash,CashAndCashEquivalentsAtCarryingValue,us-gaap,USD,,2015-12-31,16549000000.0,2017,Q3,10-Q,2017-10-27,0001652044-17-000042,
cash,CashAndCashEquivalentsAtCarryingValue,us-gaap,USD,,2015-12-31,16549000000.0,2017,FY,10-K,2018-02-06,0001652044-18-000007,
cash,CashAndCashEquivalentsAtCarryingValue,us-gaap,USD,,2015-12-31,16549000000.0,2018,FY,10-K,2019-02-05,0001652044-19-000004,CY2015Q4I
cash,CashAndCashEquivalentsAtCarryingValue,us-gaap,USD,,2016-03-31,15111000000.0,2016,Q1,10-Q,2016-05-03,0001652044-16-000021,
cash,CashAndCashEquivalentsAtCarryingValue,us-gaap,USD,,2016-03-31,15111000000.0,2017,Q1,10-Q,2017-05-02,0001652044-17-000014,CY2016Q1I
cash,CashAndCashEquivalentsAtCarryingValue,us-gaap,USD,,2016-06-30,13627000000.0,2016,Q2,10-Q,2016-08-04,0001652044-16-000032,
cash,CashAndCashEquivalentsAtCarryingValue,us-gaap,USD,,2016-06-30,13627000000.0,2017,Q2,10-Q,2017-07-25,0001652044-17-000026,CY2016Q2I
cash,CashAndCashEquivalentsAtCarryingValue,us-gaap,USD,,2016-09-30,9406000000.0,2016,Q3,10-Q,2016-11-03,0001652044-16-000038,
cash,CashAndCashEquivalentsAtCarryingValue,us-gaap,USD,,2016-09-30,9406000000.0,2017,Q3,10-Q,2017-10-27,0001652044-17-000042,CY2016Q3I
cash,CashAndCashEquivalentsAtCarryingValue,us-gaap,USD,,2016-12-31,12918000000.0,2016,FY,10-K,2017-02-03,0001652044-17-000008,
cash,CashAndCashEquivalentsAtCarryingValue,us-gaap,USD,,2016-12-31,12918000000.0,2017,Q1,10-Q,2017-05-02,0001652044-17-000014,
cash,CashAndCashEquivalentsAtCarryingValue,us-gaap,USD,,2016-12-31,12918000000.0,2017,Q2,10-Q,2017-07-25,0001652044-17-000026,
cash,CashAndCashEquivalentsAtCarryingValue,us-gaap,USD,,2016-12-31,12918000000.0,2017,Q3,10-Q,2017-10-27,0001652044-17-000042,
cash,CashAndCashEquivalentsAtCarryingValue,us-gaap,USD,,2016-12-31,12918000000.0,2017,FY,10-K,2018-02-06,0001652044-18-000007,
cash,CashAndCashEquivalentsAtCarryingValue,us-gaap,USD,,2016-12-31,12918000000.0,2018,Q1,10-Q,2018-04-24,0001652044-18-000016,
cash,CashAndCashEquivalentsAtCarryingValue,us-gaap,USD,,2016-12-31,12918000000.0,2018,Q2,10-Q,2018-07-24,0001652044-18-000027,
cash,CashAndCashEquivalentsAtCarryingValue,us-gaap,USD,,2016-12-31,12918000000.0,2018,Q3,10-Q,2018-10-26,0001652044-18-000035,
cash,CashAndCashEquivalentsAtCarryingValue,us-gaap,USD,,2016-12-31,12918000000.0,2018,FY,10-K,2019-02-05,0001652044-19-000004,CY2016Q4I
cash,CashAndCashEquivalentsAtCarryingValue,us-gaap,USD,,2017-03-31,18132000000.0,2017,Q1,10-Q,2017-05-02,0001652044-17-000014,
cash,CashAndCashEquivalentsAtCarryingValue,us-gaap,USD,,2017-03-31,18132000000.0,2018,Q1,10-Q,2018-04-24,0001652044-18-000016,CY2017Q1I
cash,CashAndCashEquivalentsAtCarryingValue,us-gaap,USD,,2017-06-30,15711000000.0,2017,Q2,10-Q,2017-07-25,0001652044-17-000026,
cash,CashAndCashEquivalentsAtCarryingValue,us-gaap,USD,,2017-06-30,15711000000.0,2018,Q2,10-Q,2018-07-24,0001652044-18-000027,CY2017Q2I
cash,CashAndCashEquivalentsAtCarryingValue,us-gaap,USD,,2017-09-30,10581000000.0,2017,Q3,10-Q,2017-10-27,0001652044-17-000042,
cash,CashAndCashEquivalentsAtCarryingValue,us-gaap,USD,,2017-09-30,10581000000.0,2018,Q3,10-Q,2018-10-26,0001652044-18-000035,CY2017Q3I
cash,CashAndCashEquivalentsAtCarryingValue,us-gaap,USD,,2017-12-31,10715000000.0,2017,FY,10-K,2018-02-06,0001652044-18-000007,
cash,CashAndCashEquivalentsAtCarryingValue,us-gaap,USD,,2017-12-31,10715000000.0,2018,Q1,10-Q,2018-04-24,0001652044-18-000016,
cash,CashAndCashEquivalentsAtCarryingValue,us-gaap,USD,,2017-12-31,10715000000.0,2018,Q2,10-Q,2018-07-24,0001652044-18-000027,
cash,CashAndCashEquivalentsAtCarryingValue,us-gaap,USD,,2017-12-31,10715000000.0,2018,Q3,10-Q,2018-10-26,0001652044-18-000035,
cash,CashAndCashEquivalentsAtCarryingValue,us-gaap,USD,,2017-12-31,10715000000.0,2018,FY,10-K,2019-02-05,0001652044-19-000004,
cash,CashAndCashEquivalentsAtCarryingValue,us-gaap,USD,,2017-12-31,10715000000.0,2019,Q1,10-Q,2019-04-30,0001652044-19-000015,CY2017Q4I
cash,CashAndCashEquivalentsAtCarryingValue,us-gaap,USD,,2018-03-31,12658000000.0,2018,Q1,10-Q,2018-04-24,0001652044-18-000016,
cash,CashAndCashEquivalentsAtCarryingValue,us-gaap,USD,,2018-03-31,12658000000.0,2019,Q1,10-Q,2019-04-30,0001652044-19-000015,CY2018Q1I
cash,CashAndCashEquivalentsAtCarryingValue,us-gaap,USD,,2018-06-30,14148000000.0,2018,Q2,10-Q,2018-07-24,0001652044-18-000027,CY2018Q2I
cash,CashAndCashEquivalentsAtCarryingValue,us-gaap,USD,,2018-09-30,13443000000.0,2018,Q3,10-Q,2018-10-26,0001652044-18-000035,CY2018Q3I
cash,CashAndCashEquivalentsAtCarryingValue,us-gaap,USD,,2018-12-31,16701000000.0,2018,FY,10-K,2019-02-05,0001652044-19-000004,
cash,CashAndCashEquivalentsAtCarryingValue,us-gaap,USD,,2018-12-31,16701000000.0,2019,Q1,10-Q,2019-04-30,0001652044-19-000015,
cash,CashAndCashEquivalentsAtCarryingValue,us-gaap,USD,,2018-12-31,16701000000.0,2019,Q2,10-Q,2019-07-26,0001652044-19-000023,
cash,CashAndCashEquivalentsAtCarryingValue,us-gaap,USD,,2018-12-31,16701000000.0,2019,Q3,10-Q,2019-10-29,0001652044-19-000032,
cash,CashAndCashEquivalentsAtCarryingValue,us-gaap,USD,,2018-12-31,16701000000.0,2019,FY,10-K,2020-02-04,0001652044-20-000008,CY2018Q4I
cash,CashAndCashEquivalentsAtCarryingValue,us-gaap,USD,,2019-03-31,19148000000.0,2019,Q1,10-Q,2019-04-30,0001652044-19-000015,CY2019Q1I
cash,CashAndCashEquivalentsAtCarryingValue,us-gaap,USD,,2019-06-30,16587000000.0,2019,Q2,10-Q,2019-07-26,0001652044-19-000023,CY2019Q2I
cash,CashAndCashEquivalentsAtCarryingValue,us-gaap,USD,,2019-09-30,16032000000.0,2019,Q3,10-Q,2019-10-29,0001652044-19-000032,CY2019Q3I
cash,CashAndCashEquivalentsAtCarryingValue,us-gaap,USD,,2019-12-31,18498000000.0,2019,FY,10-K,2020-02-04,0001652044-20-000008,
cash,CashAndCashEquivalentsAtCarryingValue,us-gaap,USD,,2019-12-31,18498000000.0,2020,Q1,10-Q,2020-04-29,0001652044-20-000021,
cash,CashAndCashEquivalentsAtCarryingValue,us-gaap,USD,,2019-12-31,18498000000.0,2020,Q2,10-Q,2020-07-31,0001652044-20-000032,
cash,CashAndCashEquivalentsAtCarryingValue,us-gaap,USD,,2019-12-31,18498000000.0,2020,Q3,10-Q,2020-10-30,0001652044-20-000050,
cash,CashAndCashEquivalentsAtCarryingValue,us-gaap,USD,,2019-12-31,18498000000.0,2020,FY,10-K,2021-02-03,0001652044-21-000010,CY2019Q4I
cash,CashAndCashEquivalentsAtCarryingValue,us-gaap,USD,,2020-03-31,19644000000.0,2020,Q1,10-Q,2020-04-29,0001652044-20-000021,CY2020Q1I
cash,CashAndCashEquivalentsAtCarryingValue,us-gaap,USD,,2020-06-30,17742000000.0,2020,Q2,10-Q,2020-07-31,0001652044-20-000032,CY2020Q2I
cash,CashAndCashEquivalentsAtCarryingValue,us-gaap,USD,,2020-09-30,20129000000.0,2020,Q3,10-Q,2020-10-30,0001652044-20-000050,CY2020Q3I
cash,CashAndCashEquivalentsAtCarryingValue,us-gaap,USD,,2020-12-31,26465000000.0,2020,FY,10-K,2021-02-03,0001652044-21-000010,
cash,CashAndCashEquivalentsAtCarryingValue,us-gaap,USD,,2020-12-31,26465000000.0,2021,Q1,10-Q,2021-04-28,0001652044-21-000020,
cash,CashAndCashEquivalentsAtCarryingValue,us-gaap,USD,,2020-12-31,26465000000.0,2021,Q2,10-Q,2021-07-28,0001652044-21-000047,
cash,CashAndCashEquivalentsAtCarryingValue,us-gaap,USD,,2020-12-31,26465000000.0,2021,Q3,10-Q,2021-10-27,0001652044-21-000057,
cash,CashAndCashEquivalentsAtCarryingValue,us-gaap,USD,,2020-12-31,26465000000.0,2021,FY,10-K,2022-02-02,0001652044-22-000019,CY2020Q4I
cash,CashAndCashEquivalentsAtCarryingValue,us-gaap,USD,,2021-03-31,26622000000.0,2021,Q1,10-Q,2021-04-28,0001652044-21-000020,CY2021Q1I
cash,CashAndCashEquivalentsAtCarryingValue,us-gaap,USD,,2021-06-30,23630000000.0,2021,Q2,10-Q,2021-07-28,0001652044-21-000047,CY2021Q2I
cash,CashAndCashEquivalentsAtCarryingValue,us-gaap,USD,,2021-09-30,23719000000.0,2021,Q3,10-Q,2021-10-27,0001652044-21-000057,CY2021Q3I
cash,CashAndCashEquivalentsAtCarryingValue,us-gaap,USD,,2021-12-31,20945000000.0,2021,FY,10-K,2022-02-02,0001652044-22-000019,
cash,CashAndCashEquivalentsAtCarryingValue,us-gaap,USD,,2021-12-31,20945000000.0,2022,Q1,10-Q,2022-04-27,0001652044-22-000029,
cash,CashAndCashEquivalentsAtCarryingValue,us-gaap,USD,,2021-12-31,20945000000.0,2022,Q2,10-Q,2022-07-27,0001652044-22-000071,
cash,CashAndCashEquivalentsAtCarryingValue,us-gaap,USD,,2021-12-31,20945000000.0,2022,Q3,10-Q,2022-10-26,0001652044-22-000090,
cash,CashAndCashEquivalentsAtCarryingValue,us-gaap,USD,,2021-12-31,20945000000.0,2022,FY,10-K,2023-02-03,0001652044-23-000016,CY2021Q4I
cash,CashAndCashEquivalentsAtCarryingValue,us-gaap,USD,,2022-03-31,20886000000.0,2022,Q1,10-Q,2022-04-27,0001652044-22-000029,CY2022Q1I
cash,CashAndCashEquivalentsAtCarryingValue,us-gaap,USD,,2022-06-30,17936000000.0,2022,Q2,10-Q,2022-07-27,0001652044-22-000071,CY2022Q2I
cash,CashAndCashEquivalentsAtCarryingValue,us-gaap,USD,,2022-09-30,21984000000.0,2022,Q3,10-Q,2022-10-26,0001652044-22-000090,CY2022Q3I
cash,CashAndCashEquivalentsAtCarryingValue,us-gaap,USD,,2022-12-31,21879000000.0,2022,FY,10-K,2023-02-03,0001652044-23-000016,
cash,CashAndCashEquivalentsAtCarryingValue,us-gaap,USD,,2022-12-31,21879000000.0,2023,Q1,10-Q,2023-04-26,0001652044-23-000045,
cash,CashAndCashEquivalentsAtCarryingValue,us-gaap,USD,,2022-12-31,21879000000.0,2023,Q2,10-Q,2023-07-26,0001652044-23-000070,
cash,CashAndCashEquivalentsAtCarryingValue,us-gaap,USD,,2022-12-31,21879000000.0,2023,Q3,10-Q,2023-10-25,0001652044-23-000094,
cash,CashAndCashEquivalentsAtCarryingValue,us-gaap,USD,,2022-12-31,21879000000.0,2023,FY,10-K,2024-01-31,0001652044-24-000022,CY2022Q4I
cash,CashAndCashEquivalentsAtCarryingValue,us-gaap,USD,,2023-03-31,25924000000.0,2023,Q1,10-Q,2023-04-26,0001652044-23-000045,CY2023Q1I
cash,CashAndCashEquivalentsAtCarryingValue,us-gaap,USD,,2023-06-30,25929000000.0,2023,Q2,10-Q,2023-07-26,0001652044-23-000070,CY2023Q2I
cash,CashAndCashEquivalentsAtCarryingValue,us-gaap,USD,,2023-09-30,30702000000.0,2023,Q3,10-Q,2023-10-25,0001652044-23-000094,CY2023Q3I
cash,CashAndCashEquivalentsAtCarryingValue,us-gaap,USD,,2023-12-31,24048000000.0,2023,FY,10-K,2024-01-31,0001652044-24-000022,
cash,CashAndCashEquivalentsAtCarryingValue,us-gaap,USD,,2023-12-31,24048000000.0,2024,Q1,10-Q,2024-04-26,0001652044-24-000053,
cash,CashAndCashEquivalentsAtCarryingValue,us-gaap,USD,,2023-12-31,24048000000.0,2024,Q2,10-Q,2024-07-24,0001652044-24-000079,
cash,CashAndCashEquivalentsAtCarryingValue,us-gaap,USD,,2023-12-31,24048000000.0,2024,Q3,10-Q,2024-10-30,0001652044-24-000118,
cash,CashAndCashEquivalentsAtCarryingValue,us-gaap,USD,,2023-12-31,24048000000.0,2024,FY,10-K,2025-02-05,0001652044-25-000014,CY2023Q4I
cash,CashAndCashEquivalentsAtCarryingValue,us-gaap,USD,,2024-03-31,24493000000.0,2024,Q1,10-Q,2024-04-26,0001652044-24-000053,CY2024Q1I
cash,CashAndCashEquivalentsAtCarryingValue,us-gaap,USD,,2024-06-30,27225000000.0,2024,Q2,10-Q,2024-07-24,0001652044-24-000079,CY2024Q2I
cash,CashAndCashEquivalentsAtCarryingValue,us-gaap,USD,,2024-09-30,19959000000.0,2024,Q3,10-Q,2024-10-30,0001652044-24-000118,CY2024Q3I
cash,CashAndCashEquivalentsAtCarryingValue,us-gaap,USD,,2024-12-31,23466000000.0,2024,FY,10-K,2025-02-05,0001652044-25-000014,
cash,CashAndCashEquivalentsAtCarryingValue,us-gaap,USD,,2024-12-31,23466000000.0,2025,Q1,10-Q,2025-04-25,0001652044-25-000043,
cash,CashAndCashEquivalentsAtCarryingValue,us-gaap,USD,,2024-12-31,23466000000.0,2025,Q2,10-Q,2025-07-24,0001652044-25-000062,
cash,CashAndCashEquivalentsAtCarryingValue,us-gaap,USD,,2024-12-31,23466000000.0,2025,Q3,10-Q,2025-10-30,0001652044-25-000091,
cash,CashAndCashEquivalentsAtCarryingValue,us-gaap,USD,,2024-12-31,23466000000.0,2025,FY,10-K,2026-02-05,0001652044-26-000018,CY2024Q4I
cash,CashAndCashEquivalentsAtCarryingValue,us-gaap,USD,,2025-03-31,23264000000.0,2025,Q1,10-Q,2025-04-25,0001652044-25-000043,CY2025Q1I
cash,CashAndCashEquivalentsAtCarryingValue,us-gaap,USD,,2025-06-30,21036000000.0,2025,Q2,10-Q,2025-07-24,0001652044-25-000062,CY2025Q2I
cash,CashAndCashEquivalentsAtCarryingValue,us-gaap,USD,,2025-09-30,23090000000.0,2025,Q3,10-Q,2025-10-30,0001652044-25-000091,CY2025Q3I
cash,CashAndCashEquivalentsAtCarryingValue,us-gaap,USD,,2025-12-31,30708000000.0,2025,FY,10-K,2026-02-05,0001652044-26-000018,
cash,CashAndCashEquivalentsAtCarryingValue,us-gaap,USD,,2025-12-31,30708000000.0,2026,Q1,10-Q,2026-04-30,0001652044-26-000048,
cash,CashAndCashEquivalentsAtCarryingValue,us-gaap,USD,,2025-12-31,30708000000.0,2026,Q2,10-Q,2026-07-23,0001652044-26-000071,CY2025Q4I
cash,CashAndCashEquivalentsAtCarryingValue,us-gaap,USD,,2026-03-31,38063000000.0,2026,Q1,10-Q,2026-04-30,0001652044-26-000048,CY2026Q1I
cash,CashAndCashEquivalentsAtCarryingValue,us-gaap,USD,,2026-06-30,55911000000.0,2026,Q2,10-Q,2026-07-23,0001652044-26-000071,CY2026Q2I
cfo,NetCashProvidedByUsedInOperatingActivities,us-gaap,USD,2013-01-01,2013-12-31,18659000000.0,2015,FY,10-K,2016-02-11,0001652044-16-000012,
cfo,NetCashProvidedByUsedInOperatingActivities,us-gaap,USD,2013-01-01,2013-12-31,19140000000.0,2015,FY,8-K,2016-05-03,0001652044-16-000022,CY2013
cfo,NetCashProvidedByUsedInOperatingActivities,us-gaap,USD,2014-01-01,2014-09-30,16012000000.0,2015,Q3,10-Q,2015-10-29,0001652044-15-000005,
cfo,NetCashProvidedByUsedInOperatingActivities,us-gaap,USD,2014-01-01,2014-12-31,22376000000.0,2015,FY,10-K,2016-02-11,0001652044-16-000012,
cfo,NetCashProvidedByUsedInOperatingActivities,us-gaap,USD,2014-01-01,2014-12-31,23024000000.0,2015,FY,8-K,2016-05-03,0001652044-16-000022,
cfo,NetCashProvidedByUsedInOperatingActivities,us-gaap,USD,2014-01-01,2014-12-31,23024000000.0,2016,FY,10-K,2017-02-03,0001652044-17-000008,CY2014
cfo,NetCashProvidedByUsedInOperatingActivities,us-gaap,USD,2015-01-01,2015-03-31,6722000000.0,2016,Q1,10-Q,2016-05-03,0001652044-16-000021,CY2015Q1
cfo,NetCashProvidedByUsedInOperatingActivities,us-gaap,USD,2015-01-01,2015-06-30,13818000000.0,2016,Q2,10-Q,2016-08-04,0001652044-16-000032,
cfo,NetCashProvidedByUsedInOperatingActivities,us-gaap,USD,2015-01-01,2015-09-30,19609000000.0,2015,Q3,10-Q,2015-10-29,0001652044-15-000005,
cfo,NetCashProvidedByUsedInOperatingActivities,us-gaap,USD,2015-01-01,2015-09-30,19963000000.0,2016,Q3,10-Q,2016-11-03,0001652044-16-000038,
cfo,NetCashProvidedByUsedInOperatingActivities,us-gaap,USD,2015-01-01,2015-12-31,26024000000.0,2015,FY,10-K,2016-02-11,0001652044-16-000012,
cfo,NetCashProvidedByUsedInOperatingActivities,us-gaap,USD,2015-01-01,2015-12-31,26572000000.0,2015,FY,8-K,2016-05-03,0001652044-16-000022,
cfo,NetCashProvidedByUsedInOperatingActivities,us-gaap,USD,2015-01-01,2015-12-31,26572000000.0,2016,FY,10-K,2017-02-03,0001652044-17-000008,
cfo,NetCashProvidedByUsedInOperatingActivities,us-gaap,USD,2015-01-01,2015-12-31,26572000000.0,2017,FY,10-K,2018-02-06,0001652044-18-000007,CY2015
cfo,NetCashProvidedByUsedInOperatingActivities,us-gaap,USD,2016-01-01,2016-03-31,7658000000.0,2016,Q1,10-Q,2016-05-03,0001652044-16-000021,
cfo,NetCashProvidedByUsedInOperatingActivities,us-gaap,USD,2016-01-01,2016-03-31,7658000000.0,2017,Q1,10-Q,2017-05-02,0001652044-17-000014,CY2016Q1
cfo,NetCashProvidedByUsedInOperatingActivities,us-gaap,USD,2016-01-01,2016-06-30,16778000000.0,2016,Q2,10-Q,2016-08-04,0001652044-16-000032,
cfo,NetCashProvidedByUsedInOperatingActivities,us-gaap,USD,2016-01-01,2016-06-30,16778000000.0,2017,Q2,10-Q,2017-07-25,0001652044-17-000026,
cfo,NetCashProvidedByUsedInOperatingActivities,us-gaap,USD,2016-01-01,2016-09-30,26623000000.0,2016,Q3,10-Q,2016-11-03,0001652044-16-000038,
cfo,NetCashProvidedByUsedInOperatingActivities,us-gaap,USD,2016-01-01,2016-09-30,26623000000.0,2017,Q3,10-Q,2017-10-27,0001652044-17-000042,
cfo,NetCashProvidedByUsedInOperatingActivities,us-gaap,USD,2016-01-01,2016-12-31,36036000000.0,2016,FY,10-K,2017-02-03,0001652044-17-000008,
cfo,NetCashProvidedByUsedInOperatingActivities,us-gaap,USD,2016-01-01,2016-12-31,36036000000.0,2017,FY,10-K,2018-02-06,0001652044-18-000007,
cfo,NetCashProvidedByUsedInOperatingActivities,us-gaap,USD,2016-01-01,2016-12-31,36036000000.0,2018,FY,10-K,2019-02-05,0001652044-19-000004,CY2016
cfo,NetCashProvidedByUsedInOperatingActivities,us-gaap,USD,2017-01-01,2017-03-31,9548000000.0,2017,Q1,10-Q,2017-05-02,0001652044-17-000014,
cfo,NetCashProvidedByUsedInOperatingActivities,us-gaap,USD,2017-01-01,2017-03-31,9548000000.0,2018,Q1,10-Q,2018-04-24,0001652044-18-000016,CY2017Q1
cfo,NetCashProvidedByUsedInOperatingActivities,us-gaap,USD,2017-01-01,2017-06-30,16951000000.0,2017,Q2,10-Q,2017-07-25,0001652044-17-000026,
cfo,NetCashProvidedByUsedInOperatingActivities,us-gaap,USD,2017-01-01,2017-06-30,16951000000.0,2018,Q2,10-Q,2018-07-24,0001652044-18-000027,
cfo,NetCashProvidedByUsedInOperatingActivities,us-gaap,USD,2017-01-01,2017-09-30,26823000000.0,2017,Q3,10-Q,2017-10-27,0001652044-17-000042,
cfo,NetCashProvidedByUsedInOperatingActivities,us-gaap,USD,2017-01-01,2017-09-30,26823000000.0,2018,Q3,10-Q,2018-10-26,0001652044-18-000035,
cfo,NetCashProvidedByUsedInOperatingActivities,us-gaap,USD,2017-01-01,2017-12-31,37091000000.0,2017,FY,10-K,2018-02-06,0001652044-18-000007,
cfo,NetCashProvidedByUsedInOperatingActivities,us-gaap,USD,2017-01-01,2017-12-31,37091000000.0,2018,FY,10-K,2019-02-05,0001652044-19-000004,
cfo,NetCashProvidedByUsedInOperatingActivities,us-gaap,USD,2017-01-01,2017-12-31,37091000000.0,2019,FY,10-K,2020-02-04,0001652044-20-000008,CY2017
cfo,NetCashProvidedByUsedInOperatingActivities,us-gaap,USD,2018-01-01,2018-03-31,11642000000.0,2018,Q1,10-Q,2018-04-24,0001652044-18-000016,
cfo,NetCashProvidedByUsedInOperatingActivities,us-gaap,USD,2018-01-01,2018-03-31,11642000000.0,2019,Q1,10-Q,2019-04-30,0001652044-19-000015,CY2018Q1
cfo,NetCashProvidedByUsedInOperatingActivities,us-gaap,USD,2018-01-01,2018-06-30,21774000000.0,2018,Q2,10-Q,2018-07-24,0001652044-18-000027,
cfo,NetCashProvidedByUsedInOperatingActivities,us-gaap,USD,2018-01-01,2018-06-30,21774000000.0,2019,Q2,10-Q,2019-07-26,0001652044-19-000023,
cfo,NetCashProvidedByUsedInOperatingActivities,us-gaap,USD,2018-01-01,2018-09-30,34984000000.0,2018,Q3,10-Q,2018-10-26,0001652044-18-000035,
cfo,NetCashProvidedByUsedInOperatingActivities,us-gaap,USD,2018-01-01,2018-09-30,34984000000.0,2019,Q3,10-Q,2019-10-29,0001652044-19-000032,
cfo,NetCashProvidedByUsedInOperatingActivities,us-gaap,USD,2018-01-01,2018-12-31,47971000000.0,2018,FY,10-K,2019-02-05,0001652044-19-000004,
cfo,NetCashProvidedByUsedInOperatingActivities,us-gaap,USD,2018-01-01,2018-12-31,47971000000.0,2019,FY,10-K,2020-02-04,0001652044-20-000008,
cfo,NetCashProvidedByUsedInOperatingActivities,us-gaap,USD,2018-01-01,2018-12-31,47971000000.0,2020,FY,10-K,2021-02-03,0001652044-21-000010,CY2018
cfo,NetCashProvidedByUsedInOperatingActivities,us-gaap,USD,2019-01-01,2019-03-31,12000000000.0,2019,Q1,10-Q,2019-04-30,0001652044-19-000015,
cfo,NetCashProvidedByUsedInOperatingActivities,us-gaap,USD,2019-01-01,2019-03-31,12000000000.0,2020,Q1,10-Q,2020-04-29,0001652044-20-000021,CY2019Q1
cfo,NetCashProvidedByUsedInOperatingActivities,us-gaap,USD,2019-01-01,2019-06-30,24627000000.0,2019,Q2,10-Q,2019-07-26,0001652044-19-000023,
cfo,NetCashProvidedByUsedInOperatingActivities,us-gaap,USD,2019-01-01,2019-06-30,24627000000.0,2020,Q2,10-Q,2020-07-31,0001652044-20-000032,
cfo,NetCashProvidedByUsedInOperatingActivities,us-gaap,USD,2019-01-01,2019-09-30,40093000000.0,2019,Q3,10-Q,2019-10-29,0001652044-19-000032,
cfo,NetCashProvidedByUsedInOperatingActivities,us-gaap,USD,2019-01-01,2019-09-30,40093000000.0,2020,Q3,10-Q,2020-10-30,0001652044-20-000050,
cfo,NetCashProvidedByUsedInOperatingActivities,us-gaap,USD,2019-01-01,2019-12-31,54520000000.0,2019,FY,10-K,2020-02-04,0001652044-20-000008,
cfo,NetCashProvidedByUsedInOperatingActivities,us-gaap,USD,2019-01-01,2019-12-31,54520000000.0,2020,FY,10-K,2021-02-03,0001652044-21-000010,
cfo,NetCashProvidedByUsedInOperatingActivities,us-gaap,USD,2019-01-01,2019-12-31,54520000000.0,2021,FY,10-K,2022-02-02,0001652044-22-000019,CY2019
cfo,NetCashProvidedByUsedInOperatingActivities,us-gaap,USD,2020-01-01,2020-03-31,11451000000.0,2020,Q1,10-Q,2020-04-29,0001652044-20-000021,
cfo,NetCashProvidedByUsedInOperatingActivities,us-gaap,USD,2020-01-01,2020-03-31,11451000000.0,2021,Q1,10-Q,2021-04-28,0001652044-21-000020,CY2020Q1
cfo,NetCashProvidedByUsedInOperatingActivities,us-gaap,USD,2020-01-01,2020-06-30,25444000000.0,2020,Q2,10-Q,2020-07-31,0001652044-20-000032,
cfo,NetCashProvidedByUsedInOperatingActivities,us-gaap,USD,2020-01-01,2020-06-30,25444000000.0,2021,Q2,10-Q,2021-07-28,0001652044-21-000047,
cfo,NetCashProvidedByUsedInOperatingActivities,us-gaap,USD,2020-01-01,2020-09-30,42447000000.0,2020,Q3,10-Q,2020-10-30,0001652044-20-000050,
cfo,NetCashProvidedByUsedInOperatingActivities,us-gaap,USD,2020-01-01,2020-09-30,42447000000.0,2021,Q3,10-Q,2021-10-27,0001652044-21-000057,
cfo,NetCashProvidedByUsedInOperatingActivities,us-gaap,USD,2020-01-01,2020-12-31,65124000000.0,2020,FY,10-K,2021-02-03,0001652044-21-000010,
cfo,NetCashProvidedByUsedInOperatingActivities,us-gaap,USD,2020-01-01,2020-12-31,65124000000.0,2021,FY,10-K,2022-02-02,0001652044-22-000019,
cfo,NetCashProvidedByUsedInOperatingActivities,us-gaap,USD,2020-01-01,2020-12-31,65124000000.0,2022,FY,10-K,2023-02-03,0001652044-23-000016,CY2020
cfo,NetCashProvidedByUsedInOperatingActivities,us-gaap,USD,2021-01-01,2021-03-31,19289000000.0,2021,Q1,10-Q,2021-04-28,0001652044-21-000020,
cfo,NetCashProvidedByUsedInOperatingActivities,us-gaap,USD,2021-01-01,2021-03-31,19289000000.0,2022,Q1,10-Q,2022-04-27,0001652044-22-000029,CY2021Q1
cfo,NetCashProvidedByUsedInOperatingActivities,us-gaap,USD,2021-01-01,2021-06-30,41179000000.0,2021,Q2,10-Q,2021-07-28,0001652044-21-000047,
cfo,NetCashProvidedByUsedInOperatingActivities,us-gaap,USD,2021-01-01,2021-06-30,41179000000.0,2022,Q2,10-Q,2022-07-27,0001652044-22-000071,
cfo,NetCashProvidedByUsedInOperatingActivities,us-gaap,USD,2021-01-01,2021-09-30,66718000000.0,2021,Q3,10-Q,2021-10-27,0001652044-21-000057,
cfo,NetCashProvidedByUsedInOperatingActivities,us-gaap,USD,2021-01-01,2021-09-30,66718000000.0,2022,Q3,10-Q,2022-10-26,0001652044-22-000090,
cfo,NetCashProvidedByUsedInOperatingActivities,us-gaap,USD,2021-01-01,2021-12-31,91652000000.0,2021,FY,10-K,2022-02-02,0001652044-22-000019,
cfo,NetCashProvidedByUsedInOperatingActivities,us-gaap,USD,2021-01-01,2021-12-31,91652000000.0,2022,FY,10-K,2023-02-03,0001652044-23-000016,
cfo,NetCashProvidedByUsedInOperatingActivities,us-gaap,USD,2021-01-01,2021-12-31,91652000000.0,2023,FY,10-K,2024-01-31,0001652044-24-000022,CY2021
cfo,NetCashProvidedByUsedInOperatingActivities,us-gaap,USD,2022-01-01,2022-03-31,25106000000.0,2022,Q1,10-Q,2022-04-27,0001652044-22-000029,
cfo,NetCashProvidedByUsedInOperatingActivities,us-gaap,USD,2022-01-01,2022-03-31,25106000000.0,2023,Q1,10-Q,2023-04-26,0001652044-23-000045,CY2022Q1
cfo,NetCashProvidedByUsedInOperatingActivities,us-gaap,USD,2022-01-01,2022-06-30,44528000000.0,2022,Q2,10-Q,2022-07-27,0001652044-22-000071,
cfo,NetCashProvidedByUsedInOperatingActivities,us-gaap,USD,2022-01-01,2022-06-30,44528000000.0,2023,Q2,10-Q,2023-07-26,0001652044-23-000070,
cfo,NetCashProvidedByUsedInOperatingActivities,us-gaap,USD,2022-01-01,2022-09-30,67881000000.0,2022,Q3,10-Q,2022-10-26,0001652044-22-000090,
cfo,NetCashProvidedByUsedInOperatingActivities,us-gaap,USD,2022-01-01,2022-09-30,67881000000.0,2023,Q3,10-Q,2023-10-25,0001652044-23-000094,
cfo,NetCashProvidedByUsedInOperatingActivities,us-gaap,USD,2022-01-01,2022-12-31,91495000000.0,2022,FY,10-K,2023-02-03,0001652044-23-000016,
cfo,NetCashProvidedByUsedInOperatingActivities,us-gaap,USD,2022-01-01,2022-12-31,91495000000.0,2023,FY,10-K,2024-01-31,0001652044-24-000022,
cfo,NetCashProvidedByUsedInOperatingActivities,us-gaap,USD,2022-01-01,2022-12-31,91495000000.0,2024,FY,10-K,2025-02-05,0001652044-25-000014,CY2022
cfo,NetCashProvidedByUsedInOperatingActivities,us-gaap,USD,2023-01-01,2023-03-31,23509000000.0,2023,Q1,10-Q,2023-04-26,0001652044-23-000045,
cfo,NetCashProvidedByUsedInOperatingActivities,us-gaap,USD,2023-01-01,2023-03-31,23509000000.0,2024,Q1,10-Q,2024-04-26,0001652044-24-000053,CY2023Q1
cfo,NetCashProvidedByUsedInOperatingActivities,us-gaap,USD,2023-01-01,2023-06-30,52175000000.0,2023,Q2,10-Q,2023-07-26,0001652044-23-000070,
cfo,NetCashProvidedByUsedInOperatingActivities,us-gaap,USD,2023-01-01,2023-06-30,52175000000.0,2024,Q2,10-Q,2024-07-24,0001652044-24-000079,
cfo,NetCashProvidedByUsedInOperatingActivities,us-gaap,USD,2023-01-01,2023-09-30,82831000000.0,2023,Q3,10-Q,2023-10-25,0001652044-23-000094,
cfo,NetCashProvidedByUsedInOperatingActivities,us-gaap,USD,2023-01-01,2023-09-30,82831000000.0,2024,Q3,10-Q,2024-10-30,0001652044-24-000118,
cfo,NetCashProvidedByUsedInOperatingActivities,us-gaap,USD,2023-01-01,2023-12-31,101746000000.0,2023,FY,10-K,2024-01-31,0001652044-24-000022,
cfo,NetCashProvidedByUsedInOperatingActivities,us-gaap,USD,2023-01-01,2023-12-31,101746000000.0,2024,FY,10-K,2025-02-05,0001652044-25-000014,
cfo,NetCashProvidedByUsedInOperatingActivities,us-gaap,USD,2023-01-01,2023-12-31,101746000000.0,2025,FY,10-K,2026-02-05,0001652044-26-000018,CY2023
cfo,NetCashProvidedByUsedInOperatingActivities,us-gaap,USD,2024-01-01,2024-03-31,28848000000.0,2024,Q1,10-Q,2024-04-26,0001652044-24-000053,
cfo,NetCashProvidedByUsedInOperatingActivities,us-gaap,USD,2024-01-01,2024-03-31,28848000000.0,2025,Q1,10-Q,2025-04-25,0001652044-25-000043,CY2024Q1
cfo,NetCashProvidedByUsedInOperatingActivities,us-gaap,USD,2024-01-01,2024-06-30,55488000000.0,2024,Q2,10-Q,2024-07-24,0001652044-24-000079,
cfo,NetCashProvidedByUsedInOperatingActivities,us-gaap,USD,2024-01-01,2024-06-30,55488000000.0,2025,Q2,10-Q,2025-07-24,0001652044-25-000062,
cfo,NetCashProvidedByUsedInOperatingActivities,us-gaap,USD,2024-01-01,2024-09-30,86186000000.0,2024,Q3,10-Q,2024-10-30,0001652044-24-000118,
cfo,NetCashProvidedByUsedInOperatingActivities,us-gaap,USD,2024-01-01,2024-09-30,86186000000.0,2025,Q3,10-Q,2025-10-30,0001652044-25-000091,
cfo,NetCashProvidedByUsedInOperatingActivities,us-gaap,USD,2024-01-01,2024-12-31,125299000000.0,2024,FY,10-K,2025-02-05,0001652044-25-000014,
cfo,NetCashProvidedByUsedInOperatingActivities,us-gaap,USD,2024-01-01,2024-12-31,125299000000.0,2025,FY,10-K,2026-02-05,0001652044-26-000018,CY2024
cfo,NetCashProvidedByUsedInOperatingActivities,us-gaap,USD,2025-01-01,2025-03-31,36150000000.0,2025,Q1,10-Q,2025-04-25,0001652044-25-000043,
cfo,NetCashProvidedByUsedInOperatingActivities,us-gaap,USD,2025-01-01,2025-03-31,36150000000.0,2026,Q1,10-Q,2026-04-30,0001652044-26-000048,CY2025Q1
cfo,NetCashProvidedByUsedInOperatingActivities,us-gaap,USD,2025-01-01,2025-06-30,63897000000.0,2025,Q2,10-Q,2025-07-24,0001652044-25-000062,
cfo,NetCashProvidedByUsedInOperatingActivities,us-gaap,USD,2025-01-01,2025-06-30,63897000000.0,2026,Q2,10-Q,2026-07-23,0001652044-26-000071,
cfo,NetCashProvidedByUsedInOperatingActivities,us-gaap,USD,2025-01-01,2025-09-30,112311000000.0,2025,Q3,10-Q,2025-10-30,0001652044-25-000091,
cfo,NetCashProvidedByUsedInOperatingActivities,us-gaap,USD,2025-01-01,2025-12-31,164713000000.0,2025,FY,10-K,2026-02-05,0001652044-26-000018,CY2025
cfo,NetCashProvidedByUsedInOperatingActivities,us-gaap,USD,2026-01-01,2026-03-31,45790000000.0,2026,Q1,10-Q,2026-04-30,0001652044-26-000048,CY2026Q1
cfo,NetCashProvidedByUsedInOperatingActivities,us-gaap,USD,2026-01-01,2026-06-30,84859000000.0,2026,Q2,10-Q,2026-07-23,0001652044-26-000071,
cost_of_revenue,CostOfRevenue,us-gaap,USD,2013-01-01,2013-12-31,21993000000.0,2015,FY,10-K,2016-02-11,0001652044-16-000012,
cost_of_revenue,CostOfRevenue,us-gaap,USD,2013-01-01,2013-12-31,21993000000.0,2015,FY,8-K,2016-05-03,0001652044-16-000022,CY2013
cost_of_revenue,CostOfRevenue,us-gaap,USD,2014-01-01,2014-09-30,18770000000.0,2015,Q3,10-Q,2015-10-29,0001652044-15-000005,
cost_of_revenue,CostOfRevenue,us-gaap,USD,2014-07-01,2014-09-30,6695000000.0,2015,Q3,10-Q,2015-10-29,0001652044-15-000005,CY2014Q3
cost_of_revenue,CostOfRevenue,us-gaap,USD,2014-01-01,2014-12-31,25691000000.0,2015,FY,10-K,2016-02-11,0001652044-16-000012,
cost_of_revenue,CostOfRevenue,us-gaap,USD,2014-01-01,2014-12-31,25691000000.0,2015,FY,8-K,2016-05-03,0001652044-16-000022,
cost_of_revenue,CostOfRevenue,us-gaap,USD,2014-01-01,2014-12-31,25691000000.0,2016,FY,10-K,2017-02-03,0001652044-17-000008,CY2014
cost_of_revenue,CostOfRevenue,us-gaap,USD,2015-01-01,2015-03-31,6356000000.0,2016,Q1,10-Q,2016-05-03,0001652044-16-000021,CY2015Q1
cost_of_revenue,CostOfRevenue,us-gaap,USD,2015-01-01,2015-06-30,12939000000.0,2016,Q2,10-Q,2016-08-04,0001652044-16-000032,
cost_of_revenue,CostOfRevenue,us-gaap,USD,2015-04-01,2015-06-30,6583000000.0,2016,Q2,10-Q,2016-08-04,0001652044-16-000032,CY2015Q2
cost_of_revenue,CostOfRevenue,us-gaap,USD,2015-01-01,2015-09-30,19976000000.0,2015,Q3,10-Q,2015-10-29,0001652044-15-000005,
cost_of_revenue,CostOfRevenue,us-gaap,USD,2015-07-01,2015-09-30,7037000000.0,2015,Q3,10-Q,2015-10-29,0001652044-15-000005,
cost_of_revenue,CostOfRevenue,us-gaap,USD,2015-01-01,2015-09-30,19976000000.0,2016,Q3,10-Q,2016-11-03,0001652044-16-000038,
cost_of_revenue,CostOfRevenue,us-gaap,USD,2015-07-01,2015-09-30,7037000000.0,2016,Q3,10-Q,2016-11-03,0001652044-16-000038,CY2015Q3
cost_of_revenue,CostOfRevenue,us-gaap,USD,2015-01-01,2015-12-31,28164000000.0,2015,FY,10-K,2016-02-11,0001652044-16-000012,
cost_of_revenue,CostOfRevenue,us-gaap,USD,2015-01-01,2015-12-31,28164000000.0,2015,FY,8-K,2016-05-03,0001652044-16-000022,
cost_of_revenue,CostOfRevenue,us-gaap,USD,2015-01-01,2015-12-31,28164000000.0,2016,FY,10-K,2017-02-03,0001652044-17-000008,
cost_of_revenue,CostOfRevenue,us-gaap,USD,2015-01-01,2015-12-31,28164000000.0,2017,FY,10-K,2018-02-06,0001652044-18-000007,CY2015
cost_of_revenue,CostOfRevenue,us-gaap,USD,2016-01-01,2016-03-31,7648000000.0,2016,Q1,10-Q,2016-05-03,0001652044-16-000021,
cost_of_revenue,CostOfRevenue,us-gaap,USD,2016-01-01,2016-03-31,7648000000.0,2017,Q1,10-Q,2017-05-02,0001652044-17-000014,CY2016Q1
cost_of_revenue,CostOfRevenue,us-gaap,USD,2016-01-01,2016-06-30,15778000000.0,2016,Q2,10-Q,2016-08-04,0001652044-16-000032,
cost_of_revenue,CostOfRevenue,us-gaap,USD,2016-04-01,2016-06-30,8130000000.0,2016,Q2,10-Q,2016-08-04,0001652044-16-000032,
cost_of_revenue,CostOfRevenue,us-gaap,USD,2016-01-01,2016-06-30,15778000000.0,2017,Q2,10-Q,2017-07-25,0001652044-17-000026,
cost_of_revenue,CostOfRevenue,us-gaap,USD,2016-04-01,2016-06-30,8130000000.0,2017,Q2,10-Q,2017-07-25,0001652044-17-000026,CY2016Q2
cost_of_revenue,CostOfRevenue,us-gaap,USD,2016-01-01,2016-09-30,24477000000.0,2016,Q3,10-Q,2016-11-03,0001652044-16-000038,
cost_of_revenue,CostOfRevenue,us-gaap,USD,2016-07-01,2016-09-30,8699000000.0,2016,Q3,10-Q,2016-11-03,0001652044-16-000038,
cost_of_revenue,CostOfRevenue,us-gaap,USD,2016-01-01,2016-09-30,24477000000.0,2017,Q3,10-Q,2017-10-27,0001652044-17-000042,
cost_of_revenue,CostOfRevenue,us-gaap,USD,2016-07-01,2016-09-30,8699000000.0,2017,Q3,10-Q,2017-10-27,0001652044-17-000042,CY2016Q3
cost_of_revenue,CostOfRevenue,us-gaap,USD,2016-01-01,2016-12-31,35138000000.0,2016,FY,10-K,2017-02-03,0001652044-17-000008,
cost_of_revenue,CostOfRevenue,us-gaap,USD,2016-01-01,2016-12-31,35138000000.0,2017,FY,10-K,2018-02-06,0001652044-18-000007,
cost_of_revenue,CostOfRevenue,us-gaap,USD,2016-01-01,2016-12-31,35138000000.0,2018,FY,10-K,2019-02-05,0001652044-19-000004,CY2016
cost_of_revenue,CostOfRevenue,us-gaap,USD,2017-01-01,2017-03-31,9795000000.0,2017,Q1,10-Q,2017-05-02,0001652044-17-000014,
cost_of_revenue,CostOfRevenue,us-gaap,USD,2017-01-01,2017-03-31,9795000000.0,2018,Q1,10-Q,2018-04-24,0001652044-18-000016,CY2017Q1
cost_of_revenue,CostOfRevenue,us-gaap,USD,2017-01-01,2017-06-30,20168000000.0,2017,Q2,10-Q,2017-07-25,0001652044-17-000026,
cost_of_revenue,CostOfRevenue,us-gaap,USD,2017-04-01,2017-06-30,10373000000.0,2017,Q2,10-Q,2017-07-25,0001652044-17-000026,
cost_of_revenue,CostOfRevenue,us-gaap,USD,2017-01-01,2017-06-30,20168000000.0,2018,Q2,10-Q,2018-07-24,0001652044-18-000027,
cost_of_revenue,CostOfRevenue,us-gaap,USD,2017-04-01,2017-06-30,10373000000.0,2018,Q2,10-Q,2018-07-24,0001652044-18-000027,CY2017Q2
cost_of_revenue,CostOfRevenue,us-gaap,USD,2017-01-01,2017-09-30,31316000000.0,2017,Q3,10-Q,2017-10-27,0001652044-17-000042,
cost_of_revenue,CostOfRevenue,us-gaap,USD,2017-07-01,2017-09-30,11148000000.0,2017,Q3,10-Q,2017-10-27,0001652044-17-000042,
cost_of_revenue,CostOfRevenue,us-gaap,USD,2017-01-01,2017-09-30,31316000000.0,2018,Q3,10-Q,2018-10-26,0001652044-18-000035,
cost_of_revenue,CostOfRevenue,us-gaap,USD,2017-07-01,2017-09-30,11148000000.0,2018,Q3,10-Q,2018-10-26,0001652044-18-000035,CY2017Q3
cost_of_revenue,CostOfRevenue,us-gaap,USD,2017-01-01,2017-12-31,45583000000.0,2017,FY,10-K,2018-02-06,0001652044-18-000007,
cost_of_revenue,CostOfRevenue,us-gaap,USD,2017-01-01,2017-12-31,45583000000.0,2018,FY,10-K,2019-02-05,0001652044-19-000004,
cost_of_revenue,CostOfRevenue,us-gaap,USD,2017-01-01,2017-12-31,45583000000.0,2019,FY,10-K,2020-02-04,0001652044-20-000008,CY2017
cost_of_revenue,CostOfRevenue,us-gaap,USD,2018-01-01,2018-03-31,13467000000.0,2018,Q1,10-Q,2018-04-24,0001652044-18-000016,
cost_of_revenue,CostOfRevenue,us-gaap,USD,2018-01-01,2018-03-31,13467000000.0,2019,Q1,10-Q,2019-04-30,0001652044-19-000015,CY2018Q1
cost_of_revenue,CostOfRevenue,us-gaap,USD,2018-01-01,2018-06-30,27350000000.0,2018,Q2,10-Q,2018-07-24,0001652044-18-000027,
cost_of_revenue,CostOfRevenue,us-gaap,USD,2018-04-01,2018-06-30,13883000000.0,2018,Q2,10-Q,2018-07-24,0001652044-18-000027,
cost_of_revenue,CostOfRevenue,us-gaap,USD,2018-01-01,2018-06-30,27350000000.0,2019,Q2,10-Q,2019-07-26,0001652044-19-000023,
cost_of_revenue,CostOfRevenue,us-gaap,USD,2018-04-01,2018-06-30,13883000000.0,2019,Q2,10-Q,2019-07-26,0001652044-19-000023,CY2018Q2
cost_of_revenue,CostOfRevenue,us-gaap,USD,2018-01-01,2018-09-30,41631000000.0,2018,Q3,10-Q,2018-10-26,0001652044-18-000035,
cost_of_revenue,CostOfRevenue,us-gaap,USD,2018-07-01,2018-09-30,14281000000.0,2018,Q3,10-Q,2018-10-26,0001652044-18-000035,
cost_of_revenue,CostOfRevenue,us-gaap,USD,2018-01-01,2018-09-30,41631000000.0,2019,Q3,10-Q,2019-10-29,0001652044-19-000032,
cost_of_revenue,CostOfRevenue,us-gaap,USD,2018-07-01,2018-09-30,14281000000.0,2019,Q3,10-Q,2019-10-29,0001652044-19-000032,CY2018Q3
cost_of_revenue,CostOfRevenue,us-gaap,USD,2018-01-01,2018-12-31,59549000000.0,2018,FY,10-K,2019-02-05,0001652044-19-000004,
cost_of_revenue,CostOfRevenue,us-gaap,USD,2018-01-01,2018-12-31,59549000000.0,2019,FY,10-K,2020-02-04,0001652044-20-000008,
cost_of_revenue,CostOfRevenue,us-gaap,USD,2018-01-01,2018-12-31,59549000000.0,2020,FY,10-K,2021-02-03,0001652044-21-000010,CY2018
cost_of_revenue,CostOfRevenue,us-gaap,USD,2019-01-01,2019-03-31,16012000000.0,2019,Q1,10-Q,2019-04-30,0001652044-19-000015,
cost_of_revenue,CostOfRevenue,us-gaap,USD,2019-01-01,2019-03-31,16012000000.0,2020,Q1,10-Q,2020-04-29,0001652044-20-000021,CY2019Q1
cost_of_revenue,CostOfRevenue,us-gaap,USD,2019-01-01,2019-06-30,33308000000.0,2019,Q2,10-Q,2019-07-26,0001652044-19-000023,
cost_of_revenue,CostOfRevenue,us-gaap,USD,2019-04-01,2019-06-30,17296000000.0,2019,Q2,10-Q,2019-07-26,0001652044-19-000023,
cost_of_revenue,CostOfRevenue,us-gaap,USD,2019-01-01,2019-06-30,33308000000.0,2020,Q2,10-Q,2020-07-31,0001652044-20-000032,
cost_of_revenue,CostOfRevenue,us-gaap,USD,2019-04-01,2019-06-30,17296000000.0,2020,Q2,10-Q,2020-07-31,0001652044-20-000032,CY2019Q2
cost_of_revenue,CostOfRevenue,us-gaap,USD,2019-01-01,2019-09-30,50876000000.0,2019,Q3,10-Q,2019-10-29,0001652044-19-000032,
cost_of_revenue,CostOfRevenue,us-gaap,USD,2019-07-01,2019-09-30,17568000000.0,2019,Q3,10-Q,2019-10-29,0001652044-19-000032,
cost_of_revenue,CostOfRevenue,us-gaap,USD,2019-01-01,2019-09-30,50876000000.0,2020,Q3,10-Q,2020-10-30,0001652044-20-000050,
cost_of_revenue,CostOfRevenue,us-gaap,USD,2019-07-01,2019-09-30,17568000000.0,2020,Q3,10-Q,2020-10-30,0001652044-20-000050,CY2019Q3
cost_of_revenue,CostOfRevenue,us-gaap,USD,2019-01-01,2019-12-31,71896000000.0,2019,FY,10-K,2020-02-04,0001652044-20-000008,
cost_of_revenue,CostOfRevenue,us-gaap,USD,2019-01-01,2019-12-31,71896000000.0,2020,FY,10-K,2021-02-03,0001652044-21-000010,
cost_of_revenue,CostOfRevenue,us-gaap,USD,2019-01-01,2019-12-31,71896000000.0,2021,FY,10-K,2022-02-02,0001652044-22-000019,CY2019
cost_of_revenue,CostOfRevenue,us-gaap,USD,2020-01-01,2020-03-31,18982000000.0,2020,Q1,10-Q,2020-04-29,0001652044-20-000021,
cost_of_revenue,CostOfRevenue,us-gaap,USD,2020-01-01,2020-03-31,18982000000.0,2021,Q1,10-Q,2021-04-28,0001652044-21-000020,CY2020Q1
cost_of_revenue,CostOfRevenue,us-gaap,USD,2020-01-01,2020-06-30,37535000000.0,2020,Q2,10-Q,2020-07-31,0001652044-20-000032,
cost_of_revenue,CostOfRevenue,us-gaap,USD,2020-04-01,2020-06-30,18553000000.0,2020,Q2,10-Q,2020-07-31,0001652044-20-000032,
cost_of_revenue,CostOfRevenue,us-gaap,USD,2020-01-01,2020-06-30,37535000000.0,2021,Q2,10-Q,2021-07-28,0001652044-21-000047,
cost_of_revenue,CostOfRevenue,us-gaap,USD,2020-04-01,2020-06-30,18553000000.0,2021,Q2,10-Q,2021-07-28,0001652044-21-000047,CY2020Q2
cost_of_revenue,CostOfRevenue,us-gaap,USD,2020-01-01,2020-09-30,58652000000.0,2020,Q3,10-Q,2020-10-30,0001652044-20-000050,
cost_of_revenue,CostOfRevenue,us-gaap,USD,2020-07-01,2020-09-30,21117000000.0,2020,Q3,10-Q,2020-10-30,0001652044-20-000050,
cost_of_revenue,CostOfRevenue,us-gaap,USD,2020-01-01,2020-09-30,58652000000.0,2021,Q3,10-Q,2021-10-27,0001652044-21-000057,
cost_of_revenue,CostOfRevenue,us-gaap,USD,2020-07-01,2020-09-30,21117000000.0,2021,Q3,10-Q,2021-10-27,0001652044-21-000057,CY2020Q3
cost_of_revenue,CostOfRevenue,us-gaap,USD,2020-01-01,2020-12-31,84732000000.0,2020,FY,10-K,2021-02-03,0001652044-21-000010,
cost_of_revenue,CostOfRevenue,us-gaap,USD,2020-01-01,2020-12-31,84732000000.0,2021,FY,10-K,2022-02-02,0001652044-22-000019,
cost_of_revenue,CostOfRevenue,us-gaap,USD,2020-01-01,2020-12-31,84732000000.0,2022,FY,10-K,2023-02-03,0001652044-23-000016,CY2020
cost_of_revenue,CostOfRevenue,us-gaap,USD,2021-01-01,2021-03-31,24103000000.0,2021,Q1,10-Q,2021-04-28,0001652044-21-000020,
cost_of_revenue,CostOfRevenue,us-gaap,USD,2021-01-01,2021-03-31,24103000000.0,2022,Q1,10-Q,2022-04-27,0001652044-22-000029,CY2021Q1
cost_of_revenue,CostOfRevenue,us-gaap,USD,2021-01-01,2021-06-30,50330000000.0,2021,Q2,10-Q,2021-07-28,0001652044-21-000047,
cost_of_revenue,CostOfRevenue,us-gaap,USD,2021-04-01,2021-06-30,26227000000.0,2021,Q2,10-Q,2021-07-28,0001652044-21-000047,
cost_of_revenue,CostOfRevenue,us-gaap,USD,2021-01-01,2021-06-30,50330000000.0,2022,Q2,10-Q,2022-07-27,0001652044-22-000071,
cost_of_revenue,CostOfRevenue,us-gaap,USD,2021-04-01,2021-06-30,26227000000.0,2022,Q2,10-Q,2022-07-27,0001652044-22-000071,CY2021Q2
cost_of_revenue,CostOfRevenue,us-gaap,USD,2021-01-01,2021-09-30,77951000000.0,2021,Q3,10-Q,2021-10-27,0001652044-21-000057,
cost_of_revenue,CostOfRevenue,us-gaap,USD,2021-07-01,2021-09-30,27621000000.0,2021,Q3,10-Q,2021-10-27,0001652044-21-000057,
cost_of_revenue,CostOfRevenue,us-gaap,USD,2021-01-01,2021-09-30,77951000000.0,2022,Q3,10-Q,2022-10-26,0001652044-22-000090,
cost_of_revenue,CostOfRevenue,us-gaap,USD,2021-07-01,2021-09-30,27621000000.0,2022,Q3,10-Q,2022-10-26,0001652044-22-000090,CY2021Q3
cost_of_revenue,CostOfRevenue,us-gaap,USD,2021-01-01,2021-12-31,110939000000.0,2021,FY,10-K,2022-02-02,0001652044-22-000019,
cost_of_revenue,CostOfRevenue,us-gaap,USD,2021-01-01,2021-12-31,110939000000.0,2022,FY,10-K,2023-02-03,0001652044-23-000016,
cost_of_revenue,CostOfRevenue,us-gaap,USD,2021-01-01,2021-12-31,110939000000.0,2023,FY,10-K,2024-01-31,0001652044-24-000022,CY2021
cost_of_revenue,CostOfRevenue,us-gaap,USD,2022-01-01,2022-03-31,29599000000.0,2022,Q1,10-Q,2022-04-27,0001652044-22-000029,
cost_of_revenue,CostOfRevenue,us-gaap,USD,2022-01-01,2022-03-31,29599000000.0,2023,Q1,10-Q,2023-04-26,0001652044-23-000045,CY2022Q1
cost_of_revenue,CostOfRevenue,us-gaap,USD,2022-01-01,2022-06-30,59703000000.0,2022,Q2,10-Q,2022-07-27,0001652044-22-000071,
cost_of_revenue,CostOfRevenue,us-gaap,USD,2022-04-01,2022-06-30,30104000000.0,2022,Q2,10-Q,2022-07-27,0001652044-22-000071,
cost_of_revenue,CostOfRevenue,us-gaap,USD,2022-01-01,2022-06-30,59703000000.0,2023,Q2,10-Q,2023-07-26,0001652044-23-000070,
cost_of_revenue,CostOfRevenue,us-gaap,USD,2022-04-01,2022-06-30,30104000000.0,2023,Q2,10-Q,2023-07-26,0001652044-23-000070,CY2022Q2
cost_of_revenue,CostOfRevenue,us-gaap,USD,2022-01-01,2022-09-30,90861000000.0,2022,Q3,10-Q,2022-10-26,0001652044-22-000090,
cost_of_revenue,CostOfRevenue,us-gaap,USD,2022-07-01,2022-09-30,31158000000.0,2022,Q3,10-Q,2022-10-26,0001652044-22-000090,
cost_of_revenue,CostOfRevenue,us-gaap,USD,2022-01-01,2022-09-30,90861000000.0,2023,Q3,10-Q,2023-10-25,0001652044-23-000094,
cost_of_revenue,CostOfRevenue,us-gaap,USD,2022-07-01,2022-09-30,31158000000.0,2023,Q3,10-Q,2023-10-25,0001652044-23-000094,CY2022Q3
cost_of_revenue,CostOfRevenue,us-gaap,USD,2022-01-01,2022-12-31,126203000000.0,2022,FY,10-K,2023-02-03,0001652044-23-000016,
cost_of_revenue,CostOfRevenue,us-gaap,USD,2022-01-01,2022-12-31,126203000000.0,2023,FY,10-K,2024-01-31,0001652044-24-000022,
cost_of_revenue,CostOfRevenue,us-gaap,USD,2022-01-01,2022-12-31,126203000000.0,2024,FY,10-K,2025-02-05,0001652044-25-000014,CY2022
cost_of_revenue,CostOfRevenue,us-gaap,USD,2023-01-01,2023-03-31,30612000000.0,2023,Q1,10-Q,2023-04-26,0001652044-23-000045,
cost_of_revenue,CostOfRevenue,us-gaap,USD,2023-01-01,2023-03-31,30612000000.0,2024,Q1,10-Q,2024-04-26,0001652044-24-000053,CY2023Q1
cost_of_revenue,CostOfRevenue,us-gaap,USD,2023-01-01,2023-06-30,62528000000.0,2023,Q2,10-Q,2023-07-26,0001652044-23-000070,
cost_of_revenue,CostOfRevenue,us-gaap,USD,2023-04-01,2023-06-30,31916000000.0,2023,Q2,10-Q,2023-07-26,0001652044-23-000070,
cost_of_revenue,CostOfRevenue,us-gaap,USD,2023-01-01,2023-06-30,62528000000.0,2024,Q2,10-Q,2024-07-24,0001652044-24-000079,
cost_of_revenue,CostOfRevenue,us-gaap,USD,2023-04-01,2023-06-30,31916000000.0,2024,Q2,10-Q,2024-07-24,0001652044-24-000079,CY2023Q2
cost_of_revenue,CostOfRevenue,us-gaap,USD,2023-01-01,2023-09-30,95757000000.0,2023,Q3,10-Q,2023-10-25,0001652044-23-000094,
cost_of_revenue,CostOfRevenue,us-gaap,USD,2023-07-01,2023-09-30,33229000000.0,2023,Q3,10-Q,2023-10-25,0001652044-23-000094,
cost_of_revenue,CostOfRevenue,us-gaap,USD,2023-01-01,2023-09-30,95757000000.0,2024,Q3,10-Q,2024-10-30,0001652044-24-000118,
cost_of_revenue,CostOfRevenue,us-gaap,USD,2023-07-01,2023-09-30,33229000000.0,2024,Q3,10-Q,2024-10-30,0001652044-24-000118,CY2023Q3
cost_of_revenue,CostOfRevenue,us-gaap,USD,2023-01-01,2023-12-31,133332000000.0,2023,FY,10-K,2024-01-31,0001652044-24-000022,
cost_of_revenue,CostOfRevenue,us-gaap,USD,2023-01-01,2023-12-31,133332000000.0,2024,FY,10-K,2025-02-05,0001652044-25-000014,
cost_of_revenue,CostOfRevenue,us-gaap,USD,2023-01-01,2023-12-31,133332000000.0,2025,FY,10-K,2026-02-05,0001652044-26-000018,CY2023
cost_of_revenue,CostOfRevenue,us-gaap,USD,2024-01-01,2024-03-31,33712000000.0,2024,Q1,10-Q,2024-04-26,0001652044-24-000053,
cost_of_revenue,CostOfRevenue,us-gaap,USD,2024-01-01,2024-03-31,33712000000.0,2025,Q1,10-Q,2025-04-25,0001652044-25-000043,CY2024Q1
cost_of_revenue,CostOfRevenue,us-gaap,USD,2024-01-01,2024-06-30,69219000000.0,2024,Q2,10-Q,2024-07-24,0001652044-24-000079,
cost_of_revenue,CostOfRevenue,us-gaap,USD,2024-04-01,2024-06-30,35507000000.0,2024,Q2,10-Q,2024-07-24,0001652044-24-000079,
cost_of_revenue,CostOfRevenue,us-gaap,USD,2024-01-01,2024-06-30,69219000000.0,2025,Q2,10-Q,2025-07-24,0001652044-25-000062,
cost_of_revenue,CostOfRevenue,us-gaap,USD,2024-04-01,2024-06-30,35507000000.0,2025,Q2,10-Q,2025-07-24,0001652044-25-000062,CY2024Q2
cost_of_revenue,CostOfRevenue,us-gaap,USD,2024-01-01,2024-09-30,105693000000.0,2024,Q3,10-Q,2024-10-30,0001652044-24-000118,
cost_of_revenue,CostOfRevenue,us-gaap,USD,2024-07-01,2024-09-30,36474000000.0,2024,Q3,10-Q,2024-10-30,0001652044-24-000118,
cost_of_revenue,CostOfRevenue,us-gaap,USD,2024-01-01,2024-09-30,105693000000.0,2025,Q3,10-Q,2025-10-30,0001652044-25-000091,
cost_of_revenue,CostOfRevenue,us-gaap,USD,2024-07-01,2024-09-30,36474000000.0,2025,Q3,10-Q,2025-10-30,0001652044-25-000091,CY2024Q3
cost_of_revenue,CostOfRevenue,us-gaap,USD,2024-01-01,2024-12-31,146306000000.0,2024,FY,10-K,2025-02-05,0001652044-25-000014,
cost_of_revenue,CostOfRevenue,us-gaap,USD,2024-01-01,2024-12-31,146306000000.0,2025,FY,10-K,2026-02-05,0001652044-26-000018,CY2024
cost_of_revenue,CostOfRevenue,us-gaap,USD,2025-01-01,2025-03-31,36361000000.0,2025,Q1,10-Q,2025-04-25,0001652044-25-000043,
cost_of_revenue,CostOfRevenue,us-gaap,USD,2025-01-01,2025-03-31,36361000000.0,2026,Q1,10-Q,2026-04-30,0001652044-26-000048,CY2025Q1
cost_of_revenue,CostOfRevenue,us-gaap,USD,2025-01-01,2025-06-30,75400000000.0,2025,Q2,10-Q,2025-07-24,0001652044-25-000062,
cost_of_revenue,CostOfRevenue,us-gaap,USD,2025-04-01,2025-06-30,39039000000.0,2025,Q2,10-Q,2025-07-24,0001652044-25-000062,
cost_of_revenue,CostOfRevenue,us-gaap,USD,2025-01-01,2025-06-30,75400000000.0,2026,Q2,10-Q,2026-07-23,0001652044-26-000071,
cost_of_revenue,CostOfRevenue,us-gaap,USD,2025-04-01,2025-06-30,39039000000.0,2026,Q2,10-Q,2026-07-23,0001652044-26-000071,CY2025Q2
cost_of_revenue,CostOfRevenue,us-gaap,USD,2025-01-01,2025-09-30,116768000000.0,2025,Q3,10-Q,2025-10-30,0001652044-25-000091,
cost_of_revenue,CostOfRevenue,us-gaap,USD,2025-07-01,2025-09-30,41369000000.0,2025,Q3,10-Q,2025-10-30,0001652044-25-000091,CY2025Q3
cost_of_revenue,CostOfRevenue,us-gaap,USD,2025-01-01,2025-12-31,162535000000.0,2025,FY,10-K,2026-02-05,0001652044-26-000018,CY2025
cost_of_revenue,CostOfRevenue,us-gaap,USD,2026-01-01,2026-03-31,41271000000.0,2026,Q1,10-Q,2026-04-30,0001652044-26-000048,CY2026Q1
cost_of_revenue,CostOfRevenue,us-gaap,USD,2026-01-01,2026-06-30,87214000000.0,2026,Q2,10-Q,2026-07-23,0001652044-26-000071,
cost_of_revenue,CostOfRevenue,us-gaap,USD,2026-04-01,2026-06-30,45943000000.0,2026,Q2,10-Q,2026-07-23,0001652044-26-000071,CY2026Q2
d_and_a,Depreciation,us-gaap,USD,2021-01-01,2021-12-31,10273000000.0,2023,FY,10-K,2024-01-31,0001652044-24-000022,CY2021
d_and_a,Depreciation,us-gaap,USD,2022-01-01,2022-12-31,13475000000.0,2023,FY,10-K,2024-01-31,0001652044-24-000022,
d_and_a,Depreciation,us-gaap,USD,2022-01-01,2022-12-31,13475000000.0,2024,FY,10-K,2025-02-05,0001652044-25-000014,CY2022
d_and_a,Depreciation,us-gaap,USD,2023-01-01,2023-03-31,2635000000.0,2024,Q1,10-Q,2024-04-26,0001652044-24-000053,CY2023Q1
d_and_a,Depreciation,us-gaap,USD,2023-01-01,2023-06-30,5459000000.0,2024,Q2,10-Q,2024-07-24,0001652044-24-000079,
d_and_a,Depreciation,us-gaap,USD,2023-01-01,2023-09-30,8630000000.0,2024,Q3,10-Q,2024-10-30,0001652044-24-000118,
d_and_a,Depreciation,us-gaap,USD,2023-01-01,2023-12-31,11946000000.0,2023,FY,10-K,2024-01-31,0001652044-24-000022,
d_and_a,Depreciation,us-gaap,USD,2023-01-01,2023-12-31,11946000000.0,2024,FY,10-K,2025-02-05,0001652044-25-000014,
d_and_a,Depreciation,us-gaap,USD,2023-01-01,2023-12-31,11946000000.0,2025,FY,10-K,2026-02-05,0001652044-26-000018,CY2023
d_and_a,Depreciation,us-gaap,USD,2024-01-01,2024-03-31,3413000000.0,2024,Q1,10-Q,2024-04-26,0001652044-24-000053,
d_and_a,Depreciation,us-gaap,USD,2024-01-01,2024-03-31,3413000000.0,2025,Q1,10-Q,2025-04-25,0001652044-25-000043,CY2024Q1
d_and_a,Depreciation,us-gaap,USD,2024-01-01,2024-06-30,7121000000.0,2024,Q2,10-Q,2024-07-24,0001652044-24-000079,
d_and_a,Depreciation,us-gaap,USD,2024-01-01,2024-06-30,7121000000.0,2025,Q2,10-Q,2025-07-24,0001652044-25-000062,
d_and_a,Depreciation,us-gaap,USD,2024-01-01,2024-09-30,11106000000.0,2024,Q3,10-Q,2024-10-30,0001652044-24-000118,
d_and_a,Depreciation,us-gaap,USD,2024-01-01,2024-09-30,11106000000.0,2025,Q3,10-Q,2025-10-30,0001652044-25-000091,
d_and_a,Depreciation,us-gaap,USD,2024-01-01,2024-12-31,15311000000.0,2024,FY,10-K,2025-02-05,0001652044-25-000014,
d_and_a,Depreciation,us-gaap,USD,2024-01-01,2024-12-31,15311000000.0,2025,FY,10-K,2026-02-05,0001652044-26-000018,CY2024
d_and_a,Depreciation,us-gaap,USD,2025-01-01,2025-03-31,4487000000.0,2025,Q1,10-Q,2025-04-25,0001652044-25-000043,
d_and_a,Depreciation,us-gaap,USD,2025-01-01,2025-03-31,4487000000.0,2026,Q1,10-Q,2026-04-30,0001652044-26-000048,CY2025Q1
d_and_a,Depreciation,us-gaap,USD,2025-01-01,2025-06-30,9485000000.0,2025,Q2,10-Q,2025-07-24,0001652044-25-000062,
d_and_a,Depreciation,us-gaap,USD,2025-01-01,2025-06-30,9485000000.0,2026,Q2,10-Q,2026-07-23,0001652044-26-000071,
d_and_a,Depreciation,us-gaap,USD,2025-01-01,2025-09-30,15096000000.0,2025,Q3,10-Q,2025-10-30,0001652044-25-000091,
d_and_a,Depreciation,us-gaap,USD,2025-01-01,2025-12-31,21136000000.0,2025,FY,10-K,2026-02-05,0001652044-26-000018,CY2025
d_and_a,Depreciation,us-gaap,USD,2026-01-01,2026-03-31,6482000000.0,2026,Q1,10-Q,2026-04-30,0001652044-26-000048,CY2026Q1
d_and_a,Depreciation,us-gaap,USD,2026-01-01,2026-06-30,13586000000.0,2026,Q2,10-Q,2026-07-23,0001652044-26-000071,
debt_principal,DebtInstrumentCarryingAmount,us-gaap,USD,,2024-12-31,12000000000.0,2025,Q1,10-Q,2025-04-25,0001652044-25-000043,
debt_principal,DebtInstrumentCarryingAmount,us-gaap,USD,,2024-12-31,12000000000.0,2025,Q2,10-Q,2025-07-24,0001652044-25-000062,
debt_principal,DebtInstrumentCarryingAmount,us-gaap,USD,,2024-12-31,12000000000.0,2025,Q3,10-Q,2025-10-30,0001652044-25-000091,
debt_principal,DebtInstrumentCarryingAmount,us-gaap,USD,,2024-12-31,12000000000.0,2025,FY,10-K,2026-02-05,0001652044-26-000018,CY2024Q4I
debt_principal,DebtInstrumentCarryingAmount,us-gaap,USD,,2025-03-31,12000000000.0,2025,Q1,10-Q,2025-04-25,0001652044-25-000043,CY2025Q1I
debt_principal,DebtInstrumentCarryingAmount,us-gaap,USD,,2025-06-30,24903000000.0,2025,Q2,10-Q,2025-07-24,0001652044-25-000062,CY2025Q2I
debt_principal,DebtInstrumentCarryingAmount,us-gaap,USD,,2025-09-30,23892000000.0,2025,Q3,10-Q,2025-10-30,0001652044-25-000091,CY2025Q3I
debt_principal,DebtInstrumentCarryingAmount,us-gaap,USD,,2025-12-31,49085000000.0,2025,FY,10-K,2026-02-05,0001652044-26-000018,
debt_principal,DebtInstrumentCarryingAmount,us-gaap,USD,,2025-12-31,49085000000.0,2026,Q1,10-Q,2026-04-30,0001652044-26-000048,
debt_principal,DebtInstrumentCarryingAmount,us-gaap,USD,,2025-12-31,49085000000.0,2026,Q2,10-Q,2026-07-23,0001652044-26-000071,CY2025Q4I
debt_principal,DebtInstrumentCarryingAmount,us-gaap,USD,,2026-03-31,80305000000.0,2026,Q1,10-Q,2026-04-30,0001652044-26-000048,CY2026Q1I
debt_principal,DebtInstrumentCarryingAmount,us-gaap,USD,,2026-06-30,101085000000.0,2026,Q2,10-Q,2026-07-23,0001652044-26-000071,CY2026Q2I
debt_repayments,RepaymentsOfDebt,us-gaap,USD,2013-01-01,2013-12-31,11325000000.0,2015,FY,10-K,2016-02-11,0001652044-16-000012,
debt_repayments,RepaymentsOfDebt,us-gaap,USD,2013-01-01,2013-12-31,11325000000.0,2015,FY,8-K,2016-05-03,0001652044-16-000022,CY2013
debt_repayments,RepaymentsOfDebt,us-gaap,USD,2014-01-01,2014-09-30,9181000000.0,2015,Q3,10-Q,2015-10-29,0001652044-15-000005,
debt_repayments,RepaymentsOfDebt,us-gaap,USD,2014-01-01,2014-12-31,11643000000.0,2015,FY,10-K,2016-02-11,0001652044-16-000012,
debt_repayments,RepaymentsOfDebt,us-gaap,USD,2014-01-01,2014-12-31,11643000000.0,2015,FY,8-K,2016-05-03,0001652044-16-000022,
debt_repayments,RepaymentsOfDebt,us-gaap,USD,2014-01-01,2014-12-31,11643000000.0,2016,FY,10-K,2017-02-03,0001652044-17-000008,CY2014
debt_repayments,RepaymentsOfDebt,us-gaap,USD,2015-01-01,2015-03-31,3308000000.0,2016,Q1,10-Q,2016-05-03,0001652044-16-000021,CY2015Q1
debt_repayments,RepaymentsOfDebt,us-gaap,USD,2015-01-01,2015-06-30,6704000000.0,2016,Q2,10-Q,2016-08-04,0001652044-16-000032,
debt_repayments,RepaymentsOfDebt,us-gaap,USD,2015-01-01,2015-09-30,10341000000.0,2015,Q3,10-Q,2015-10-29,0001652044-15-000005,
debt_repayments,RepaymentsOfDebt,us-gaap,USD,2015-01-01,2015-09-30,10341000000.0,2016,Q3,10-Q,2016-11-03,0001652044-16-000038,
debt_repayments,RepaymentsOfDebt,us-gaap,USD,2015-01-01,2015-12-31,13728000000.0,2015,FY,10-K,2016-02-11,0001652044-16-000012,
debt_repayments,RepaymentsOfDebt,us-gaap,USD,2015-01-01,2015-12-31,13728000000.0,2015,FY,8-K,2016-05-03,0001652044-16-000022,
debt_repayments,RepaymentsOfDebt,us-gaap,USD,2015-01-01,2015-12-31,13728000000.0,2016,FY,10-K,2017-02-03,0001652044-17-000008,CY2015
debt_repayments,RepaymentsOfDebt,us-gaap,USD,2016-01-01,2016-03-31,3962000000.0,2016,Q1,10-Q,2016-05-03,0001652044-16-000021,
debt_repayments,RepaymentsOfDebt,us-gaap,USD,2016-01-01,2016-03-31,3962000000.0,2017,Q1,10-Q,2017-05-02,0001652044-17-000014,CY2016Q1
debt_repayments,RepaymentsOfDebt,us-gaap,USD,2016-01-01,2016-06-30,6801000000.0,2016,Q2,10-Q,2016-08-04,0001652044-16-000032,
debt_repayments,RepaymentsOfDebt,us-gaap,USD,2016-01-01,2016-09-30,10051000000.0,2016,Q3,10-Q,2016-11-03,0001652044-16-000038,
debt_repayments,RepaymentsOfDebt,us-gaap,USD,2016-01-01,2016-12-31,10064000000.0,2016,FY,10-K,2017-02-03,0001652044-17-000008,CY2016
debt_repayments,RepaymentsOfDebt,us-gaap,USD,2017-01-01,2017-03-31,18000000.0,2017,Q1,10-Q,2017-05-02,0001652044-17-000014,CY2017Q1
deferred_revenue,ContractWithCustomerLiability,us-gaap,USD,,2019-12-31,2300000000.0,2020,FY,10-K,2021-02-03,0001652044-21-000010,CY2019Q4I
deferred_revenue,ContractWithCustomerLiability,us-gaap,USD,,2020-12-31,3000000000.0,2021,Q1,10-Q,2021-04-28,0001652044-21-000020,
deferred_revenue,ContractWithCustomerLiability,us-gaap,USD,,2020-12-31,3000000000.0,2021,Q2,10-Q,2021-07-28,0001652044-21-000047,
deferred_revenue,ContractWithCustomerLiability,us-gaap,USD,,2020-12-31,3000000000.0,2021,Q3,10-Q,2021-10-27,0001652044-21-000057,
deferred_revenue,ContractWithCustomerLiability,us-gaap,USD,,2020-12-31,3000000000.0,2021,FY,10-K,2022-02-02,0001652044-22-000019,CY2020Q4I
deferred_revenue,ContractWithCustomerLiability,us-gaap,USD,,2021-06-30,3200000000.0,2021,Q2,10-Q,2021-07-28,0001652044-21-000047,CY2021Q2I
deferred_revenue,ContractWithCustomerLiability,us-gaap,USD,,2021-09-30,3500000000.0,2021,Q3,10-Q,2021-10-27,0001652044-21-000057,CY2021Q3I
deferred_revenue,ContractWithCustomerLiability,us-gaap,USD,,2021-12-31,3800000000.0,2022,Q1,10-Q,2022-04-27,0001652044-22-000029,
deferred_revenue,ContractWithCustomerLiability,us-gaap,USD,,2021-12-31,3800000000.0,2022,Q2,10-Q,2022-07-27,0001652044-22-000071,
deferred_revenue,ContractWithCustomerLiability,us-gaap,USD,,2021-12-31,3800000000.0,2022,Q3,10-Q,2022-10-26,0001652044-22-000090,
deferred_revenue,ContractWithCustomerLiability,us-gaap,USD,,2021-12-31,3800000000.0,2022,FY,10-K,2023-02-03,0001652044-23-000016,CY2021Q4I
deferred_revenue,ContractWithCustomerLiability,us-gaap,USD,,2022-12-31,4500000000.0,2023,Q1,10-Q,2023-04-26,0001652044-23-000045,
deferred_revenue,ContractWithCustomerLiability,us-gaap,USD,,2022-12-31,4500000000.0,2023,Q2,10-Q,2023-07-26,0001652044-23-000070,
deferred_revenue,ContractWithCustomerLiability,us-gaap,USD,,2022-12-31,4500000000.0,2023,Q3,10-Q,2023-10-25,0001652044-23-000094,
deferred_revenue,ContractWithCustomerLiability,us-gaap,USD,,2022-12-31,4500000000.0,2023,FY,10-K,2024-01-31,0001652044-24-000022,CY2022Q4I
deferred_revenue,ContractWithCustomerLiability,us-gaap,USD,,2023-12-31,5000000000.0,2024,Q1,10-Q,2024-04-26,0001652044-24-000053,
deferred_revenue,ContractWithCustomerLiability,us-gaap,USD,,2023-12-31,5000000000.0,2024,Q2,10-Q,2024-07-24,0001652044-24-000079,
deferred_revenue,ContractWithCustomerLiability,us-gaap,USD,,2023-12-31,5000000000.0,2024,Q3,10-Q,2024-10-30,0001652044-24-000118,
deferred_revenue,ContractWithCustomerLiability,us-gaap,USD,,2023-12-31,5000000000.0,2024,FY,10-K,2025-02-05,0001652044-25-000014,CY2023Q4I
deferred_revenue,ContractWithCustomerLiability,us-gaap,USD,,2024-12-31,6000000000.0,2024,FY,10-K,2025-02-05,0001652044-25-000014,
deferred_revenue,ContractWithCustomerLiability,us-gaap,USD,,2024-12-31,6000000000.0,2025,Q1,10-Q,2025-04-25,0001652044-25-000043,
deferred_revenue,ContractWithCustomerLiability,us-gaap,USD,,2024-12-31,6000000000.0,2025,Q2,10-Q,2025-07-24,0001652044-25-000062,
deferred_revenue,ContractWithCustomerLiability,us-gaap,USD,,2024-12-31,6000000000.0,2025,Q3,10-Q,2025-10-30,0001652044-25-000091,
deferred_revenue,ContractWithCustomerLiability,us-gaap,USD,,2024-12-31,6000000000.0,2025,FY,10-K,2026-02-05,0001652044-26-000018,CY2024Q4I
deferred_revenue,ContractWithCustomerLiability,us-gaap,USD,,2025-03-31,6600000000.0,2025,Q1,10-Q,2025-04-25,0001652044-25-000043,CY2025Q1I
deferred_revenue,ContractWithCustomerLiability,us-gaap,USD,,2025-06-30,6800000000.0,2025,Q2,10-Q,2025-07-24,0001652044-25-000062,CY2025Q2I
deferred_revenue,ContractWithCustomerLiability,us-gaap,USD,,2025-09-30,7400000000.0,2025,Q3,10-Q,2025-10-30,0001652044-25-000091,CY2025Q3I
deferred_revenue,ContractWithCustomerLiability,us-gaap,USD,,2025-12-31,8600000000.0,2025,FY,10-K,2026-02-05,0001652044-26-000018,
deferred_revenue,ContractWithCustomerLiability,us-gaap,USD,,2025-12-31,8600000000.0,2026,Q1,10-Q,2026-04-30,0001652044-26-000048,
deferred_revenue,ContractWithCustomerLiability,us-gaap,USD,,2025-12-31,8600000000.0,2026,Q2,10-Q,2026-07-23,0001652044-26-000071,CY2025Q4I
deferred_revenue,ContractWithCustomerLiability,us-gaap,USD,,2026-03-31,9800000000.0,2026,Q1,10-Q,2026-04-30,0001652044-26-000048,CY2026Q1I
deferred_revenue,ContractWithCustomerLiability,us-gaap,USD,,2026-06-30,10100000000.0,2026,Q2,10-Q,2026-07-23,0001652044-26-000071,CY2026Q2I
deferred_revenue_change,IncreaseDecreaseInContractWithCustomerLiability,us-gaap,USD,2016-01-01,2016-12-31,223000000.0,2018,FY,10-K,2019-02-05,0001652044-19-000004,CY2016
deferred_revenue_change,IncreaseDecreaseInContractWithCustomerLiability,us-gaap,USD,2017-01-01,2017-06-30,195000000.0,2018,Q2,10-Q,2018-07-24,0001652044-18-000027,
deferred_revenue_change,IncreaseDecreaseInContractWithCustomerLiability,us-gaap,USD,2017-01-01,2017-09-30,228000000.0,2018,Q3,10-Q,2018-10-26,0001652044-18-000035,
deferred_revenue_change,IncreaseDecreaseInContractWithCustomerLiability,us-gaap,USD,2017-01-01,2017-12-31,390000000.0,2018,FY,10-K,2019-02-05,0001652044-19-000004,
deferred_revenue_change,IncreaseDecreaseInContractWithCustomerLiability,us-gaap,USD,2017-01-01,2017-12-31,390000000.0,2019,FY,10-K,2020-02-04,0001652044-20-000008,CY2017
deferred_revenue_change,IncreaseDecreaseInContractWithCustomerLiability,us-gaap,USD,2018-01-01,2018-03-31,130000000.0,2019,Q1,10-Q,2019-04-30,0001652044-19-000015,CY2018Q1
deferred_revenue_change,IncreaseDecreaseInContractWithCustomerLiability,us-gaap,USD,2018-01-01,2018-06-30,295000000.0,2018,Q2,10-Q,2018-07-24,0001652044-18-000027,
deferred_revenue_change,IncreaseDecreaseInContractWithCustomerLiability,us-gaap,USD,2018-01-01,2018-06-30,295000000.0,2019,Q2,10-Q,2019-07-26,0001652044-19-000023,
deferred_revenue_change,IncreaseDecreaseInContractWithCustomerLiability,us-gaap,USD,2018-01-01,2018-09-30,272000000.0,2018,Q3,10-Q,2018-10-26,0001652044-18-000035,
deferred_revenue_change,IncreaseDecreaseInContractWithCustomerLiability,us-gaap,USD,2018-01-01,2018-09-30,272000000.0,2019,Q3,10-Q,2019-10-29,0001652044-19-000032,
deferred_revenue_change,IncreaseDecreaseInContractWithCustomerLiability,us-gaap,USD,2018-01-01,2018-12-31,371000000.0,2018,FY,10-K,2019-02-05,0001652044-19-000004,
deferred_revenue_change,IncreaseDecreaseInContractWithCustomerLiability,us-gaap,USD,2018-01-01,2018-12-31,371000000.0,2019,FY,10-K,2020-02-04,0001652044-20-000008,
deferred_revenue_change,IncreaseDecreaseInContractWithCustomerLiability,us-gaap,USD,2018-01-01,2018-12-31,371000000.0,2020,FY,10-K,2021-02-03,0001652044-21-000010,CY2018
deferred_revenue_change,IncreaseDecreaseInContractWithCustomerLiability,us-gaap,USD,2019-01-01,2019-03-31,-81000000.0,2019,Q1,10-Q,2019-04-30,0001652044-19-000015,
deferred_revenue_change,IncreaseDecreaseInContractWithCustomerLiability,us-gaap,USD,2019-01-01,2019-03-31,-81000000.0,2020,Q1,10-Q,2020-04-29,0001652044-20-000021,CY2019Q1
deferred_revenue_change,IncreaseDecreaseInContractWithCustomerLiability,us-gaap,USD,2019-01-01,2019-06-30,-90000000.0,2019,Q2,10-Q,2019-07-26,0001652044-19-000023,
deferred_revenue_change,IncreaseDecreaseInContractWithCustomerLiability,us-gaap,USD,2019-01-01,2019-06-30,-90000000.0,2020,Q2,10-Q,2020-07-31,0001652044-20-000032,
deferred_revenue_change,IncreaseDecreaseInContractWithCustomerLiability,us-gaap,USD,2019-01-01,2019-09-30,-149000000.0,2019,Q3,10-Q,2019-10-29,0001652044-19-000032,
deferred_revenue_change,IncreaseDecreaseInContractWithCustomerLiability,us-gaap,USD,2019-01-01,2019-09-30,-149000000.0,2020,Q3,10-Q,2020-10-30,0001652044-20-000050,
deferred_revenue_change,IncreaseDecreaseInContractWithCustomerLiability,us-gaap,USD,2019-01-01,2019-12-31,37000000.0,2019,FY,10-K,2020-02-04,0001652044-20-000008,
deferred_revenue_change,IncreaseDecreaseInContractWithCustomerLiability,us-gaap,USD,2019-01-01,2019-12-31,37000000.0,2020,FY,10-K,2021-02-03,0001652044-21-000010,
deferred_revenue_change,IncreaseDecreaseInContractWithCustomerLiability,us-gaap,USD,2019-01-01,2019-12-31,37000000.0,2021,FY,10-K,2022-02-02,0001652044-22-000019,CY2019
deferred_revenue_change,IncreaseDecreaseInContractWithCustomerLiability,us-gaap,USD,2020-01-01,2020-03-31,37000000.0,2020,Q1,10-Q,2020-04-29,0001652044-20-000021,
deferred_revenue_change,IncreaseDecreaseInContractWithCustomerLiability,us-gaap,USD,2020-01-01,2020-03-31,37000000.0,2021,Q1,10-Q,2021-04-28,0001652044-21-000020,CY2020Q1
deferred_revenue_change,IncreaseDecreaseInContractWithCustomerLiability,us-gaap,USD,2020-01-01,2020-06-30,148000000.0,2020,Q2,10-Q,2020-07-31,0001652044-20-000032,
deferred_revenue_change,IncreaseDecreaseInContractWithCustomerLiability,us-gaap,USD,2020-01-01,2020-06-30,148000000.0,2021,Q2,10-Q,2021-07-28,0001652044-21-000047,
deferred_revenue_change,IncreaseDecreaseInContractWithCustomerLiability,us-gaap,USD,2020-01-01,2020-09-30,428000000.0,2020,Q3,10-Q,2020-10-30,0001652044-20-000050,
deferred_revenue_change,IncreaseDecreaseInContractWithCustomerLiability,us-gaap,USD,2020-01-01,2020-09-30,428000000.0,2021,Q3,10-Q,2021-10-27,0001652044-21-000057,
deferred_revenue_change,IncreaseDecreaseInContractWithCustomerLiability,us-gaap,USD,2020-01-01,2020-12-31,635000000.0,2020,FY,10-K,2021-02-03,0001652044-21-000010,
deferred_revenue_change,IncreaseDecreaseInContractWithCustomerLiability,us-gaap,USD,2020-01-01,2020-12-31,635000000.0,2021,FY,10-K,2022-02-02,0001652044-22-000019,
deferred_revenue_change,IncreaseDecreaseInContractWithCustomerLiability,us-gaap,USD,2020-01-01,2020-12-31,635000000.0,2022,FY,10-K,2023-02-03,0001652044-23-000016,CY2020
deferred_revenue_change,IncreaseDecreaseInContractWithCustomerLiability,us-gaap,USD,2021-01-01,2021-03-31,137000000.0,2021,Q1,10-Q,2021-04-28,0001652044-21-000020,
deferred_revenue_change,IncreaseDecreaseInContractWithCustomerLiability,us-gaap,USD,2021-01-01,2021-03-31,137000000.0,2022,Q1,10-Q,2022-04-27,0001652044-22-000029,CY2021Q1
deferred_revenue_change,IncreaseDecreaseInContractWithCustomerLiability,us-gaap,USD,2021-01-01,2021-06-30,134000000.0,2021,Q2,10-Q,2021-07-28,0001652044-21-000047,
deferred_revenue_change,IncreaseDecreaseInContractWithCustomerLiability,us-gaap,USD,2021-01-01,2021-06-30,134000000.0,2022,Q2,10-Q,2022-07-27,0001652044-22-000071,
deferred_revenue_change,IncreaseDecreaseInContractWithCustomerLiability,us-gaap,USD,2021-01-01,2021-09-30,406000000.0,2021,Q3,10-Q,2021-10-27,0001652044-21-000057,
deferred_revenue_change,IncreaseDecreaseInContractWithCustomerLiability,us-gaap,USD,2021-01-01,2021-09-30,406000000.0,2022,Q3,10-Q,2022-10-26,0001652044-22-000090,
deferred_revenue_change,IncreaseDecreaseInContractWithCustomerLiability,us-gaap,USD,2021-01-01,2021-12-31,774000000.0,2021,FY,10-K,2022-02-02,0001652044-22-000019,
deferred_revenue_change,IncreaseDecreaseInContractWithCustomerLiability,us-gaap,USD,2021-01-01,2021-12-31,774000000.0,2022,FY,10-K,2023-02-03,0001652044-23-000016,
deferred_revenue_change,IncreaseDecreaseInContractWithCustomerLiability,us-gaap,USD,2021-01-01,2021-12-31,774000000.0,2023,FY,10-K,2024-01-31,0001652044-24-000022,CY2021
deferred_revenue_change,IncreaseDecreaseInContractWithCustomerLiability,us-gaap,USD,2022-01-01,2022-03-31,-94000000.0,2022,Q1,10-Q,2022-04-27,0001652044-22-000029,
deferred_revenue_change,IncreaseDecreaseInContractWithCustomerLiability,us-gaap,USD,2022-01-01,2022-03-31,-94000000.0,2023,Q1,10-Q,2023-04-26,0001652044-23-000045,CY2022Q1
deferred_revenue_change,IncreaseDecreaseInContractWithCustomerLiability,us-gaap,USD,2022-01-01,2022-06-30,-8000000.0,2022,Q2,10-Q,2022-07-27,0001652044-22-000071,
deferred_revenue_change,IncreaseDecreaseInContractWithCustomerLiability,us-gaap,USD,2022-01-01,2022-06-30,-8000000.0,2023,Q2,10-Q,2023-07-26,0001652044-23-000070,
deferred_revenue_change,IncreaseDecreaseInContractWithCustomerLiability,us-gaap,USD,2022-01-01,2022-09-30,104000000.0,2022,Q3,10-Q,2022-10-26,0001652044-22-000090,
deferred_revenue_change,IncreaseDecreaseInContractWithCustomerLiability,us-gaap,USD,2022-01-01,2022-09-30,104000000.0,2023,Q3,10-Q,2023-10-25,0001652044-23-000094,
deferred_revenue_change,IncreaseDecreaseInContractWithCustomerLiability,us-gaap,USD,2022-01-01,2022-12-31,367000000.0,2022,FY,10-K,2023-02-03,0001652044-23-000016,
deferred_revenue_change,IncreaseDecreaseInContractWithCustomerLiability,us-gaap,USD,2022-01-01,2022-12-31,367000000.0,2023,FY,10-K,2024-01-31,0001652044-24-000022,
deferred_revenue_change,IncreaseDecreaseInContractWithCustomerLiability,us-gaap,USD,2022-01-01,2022-12-31,367000000.0,2024,FY,10-K,2025-02-05,0001652044-25-000014,CY2022
deferred_revenue_change,IncreaseDecreaseInContractWithCustomerLiability,us-gaap,USD,2023-01-01,2023-03-31,-201000000.0,2023,Q1,10-Q,2023-04-26,0001652044-23-000045,
deferred_revenue_change,IncreaseDecreaseInContractWithCustomerLiability,us-gaap,USD,2023-01-01,2023-03-31,-201000000.0,2024,Q1,10-Q,2024-04-26,0001652044-24-000053,CY2023Q1
deferred_revenue_change,IncreaseDecreaseInContractWithCustomerLiability,us-gaap,USD,2023-01-01,2023-06-30,-17000000.0,2023,Q2,10-Q,2023-07-26,0001652044-23-000070,
deferred_revenue_change,IncreaseDecreaseInContractWithCustomerLiability,us-gaap,USD,2023-01-01,2023-06-30,-17000000.0,2024,Q2,10-Q,2024-07-24,0001652044-24-000079,
deferred_revenue_change,IncreaseDecreaseInContractWithCustomerLiability,us-gaap,USD,2023-01-01,2023-09-30,690000000.0,2023,Q3,10-Q,2023-10-25,0001652044-23-000094,
deferred_revenue_change,IncreaseDecreaseInContractWithCustomerLiability,us-gaap,USD,2023-01-01,2023-09-30,690000000.0,2024,Q3,10-Q,2024-10-30,0001652044-24-000118,
deferred_revenue_change,IncreaseDecreaseInContractWithCustomerLiability,us-gaap,USD,2023-01-01,2023-12-31,525000000.0,2023,FY,10-K,2024-01-31,0001652044-24-000022,
deferred_revenue_change,IncreaseDecreaseInContractWithCustomerLiability,us-gaap,USD,2023-01-01,2023-12-31,525000000.0,2024,FY,10-K,2025-02-05,0001652044-25-000014,
deferred_revenue_change,IncreaseDecreaseInContractWithCustomerLiability,us-gaap,USD,2023-01-01,2023-12-31,525000000.0,2025,FY,10-K,2026-02-05,0001652044-26-000018,CY2023
deferred_revenue_change,IncreaseDecreaseInContractWithCustomerLiability,us-gaap,USD,2024-01-01,2024-03-31,-141000000.0,2024,Q1,10-Q,2024-04-26,0001652044-24-000053,
deferred_revenue_change,IncreaseDecreaseInContractWithCustomerLiability,us-gaap,USD,2024-01-01,2024-03-31,-141000000.0,2025,Q1,10-Q,2025-04-25,0001652044-25-000043,CY2024Q1
deferred_revenue_change,IncreaseDecreaseInContractWithCustomerLiability,us-gaap,USD,2024-01-01,2024-06-30,220000000.0,2024,Q2,10-Q,2024-07-24,0001652044-24-000079,
deferred_revenue_change,IncreaseDecreaseInContractWithCustomerLiability,us-gaap,USD,2024-01-01,2024-06-30,220000000.0,2025,Q2,10-Q,2025-07-24,0001652044-25-000062,
deferred_revenue_change,IncreaseDecreaseInContractWithCustomerLiability,us-gaap,USD,2024-01-01,2024-09-30,860000000.0,2024,Q3,10-Q,2024-10-30,0001652044-24-000118,
deferred_revenue_change,IncreaseDecreaseInContractWithCustomerLiability,us-gaap,USD,2024-01-01,2024-09-30,860000000.0,2025,Q3,10-Q,2025-10-30,0001652044-25-000091,
deferred_revenue_change,IncreaseDecreaseInContractWithCustomerLiability,us-gaap,USD,2024-01-01,2024-12-31,1043000000.0,2024,FY,10-K,2025-02-05,0001652044-25-000014,
deferred_revenue_change,IncreaseDecreaseInContractWithCustomerLiability,us-gaap,USD,2024-01-01,2024-12-31,1043000000.0,2025,FY,10-K,2026-02-05,0001652044-26-000018,CY2024
deferred_revenue_change,IncreaseDecreaseInContractWithCustomerLiability,us-gaap,USD,2025-01-01,2025-03-31,500000000.0,2025,Q1,10-Q,2025-04-25,0001652044-25-000043,
deferred_revenue_change,IncreaseDecreaseInContractWithCustomerLiability,us-gaap,USD,2025-01-01,2025-03-31,500000000.0,2026,Q1,10-Q,2026-04-30,0001652044-26-000048,CY2025Q1
deferred_revenue_change,IncreaseDecreaseInContractWithCustomerLiability,us-gaap,USD,2025-01-01,2025-06-30,636000000.0,2025,Q2,10-Q,2025-07-24,0001652044-25-000062,
deferred_revenue_change,IncreaseDecreaseInContractWithCustomerLiability,us-gaap,USD,2025-01-01,2025-06-30,636000000.0,2026,Q2,10-Q,2026-07-23,0001652044-26-000071,
deferred_revenue_change,IncreaseDecreaseInContractWithCustomerLiability,us-gaap,USD,2025-01-01,2025-09-30,1317000000.0,2025,Q3,10-Q,2025-10-30,0001652044-25-000091,
deferred_revenue_change,IncreaseDecreaseInContractWithCustomerLiability,us-gaap,USD,2025-01-01,2025-12-31,2420000000.0,2025,FY,10-K,2026-02-05,0001652044-26-000018,CY2025
deferred_revenue_change,IncreaseDecreaseInContractWithCustomerLiability,us-gaap,USD,2026-01-01,2026-03-31,505000000.0,2026,Q1,10-Q,2026-04-30,0001652044-26-000048,CY2026Q1
deferred_revenue_change,IncreaseDecreaseInContractWithCustomerLiability,us-gaap,USD,2026-01-01,2026-06-30,789000000.0,2026,Q2,10-Q,2026-07-23,0001652044-26-000071,
deferred_revenue_recognised,ContractWithCustomerLiabilityRevenueRecognized,us-gaap,USD,2018-01-01,2018-03-31,647000000.0,2018,Q1,10-Q,2018-04-24,0001652044-18-000016,CY2018Q1
deferred_revenue_recognised,ContractWithCustomerLiabilityRevenueRecognized,us-gaap,USD,2018-01-01,2018-06-30,1000000000.0,2018,Q2,10-Q,2018-07-24,0001652044-18-000027,
deferred_revenue_recognised,ContractWithCustomerLiabilityRevenueRecognized,us-gaap,USD,2018-01-01,2018-09-30,1300000000.0,2018,Q3,10-Q,2018-10-26,0001652044-18-000035,
deferred_revenue_recognised,ContractWithCustomerLiabilityRevenueRecognized,us-gaap,USD,2018-01-01,2018-12-31,1500000000.0,2018,FY,10-K,2019-02-05,0001652044-19-000004,CY2018
deferred_revenue_recognised,ContractWithCustomerLiabilityRevenueRecognized,us-gaap,USD,2019-01-01,2019-03-31,826000000.0,2019,Q1,10-Q,2019-04-30,0001652044-19-000015,CY2019Q1
deferred_revenue_recognised,ContractWithCustomerLiabilityRevenueRecognized,us-gaap,USD,2019-01-01,2019-06-30,1300000000.0,2019,Q2,10-Q,2019-07-26,0001652044-19-000023,
deferred_revenue_recognised,ContractWithCustomerLiabilityRevenueRecognized,us-gaap,USD,2019-01-01,2019-09-30,1500000000.0,2019,Q3,10-Q,2019-10-29,0001652044-19-000032,
deferred_revenue_recognised,ContractWithCustomerLiabilityRevenueRecognized,us-gaap,USD,2019-01-01,2019-12-31,1700000000.0,2019,FY,10-K,2020-02-04,0001652044-20-000008,CY2019
deferred_revenue_recognised,ContractWithCustomerLiabilityRevenueRecognized,us-gaap,USD,2020-01-01,2020-03-31,1000000000.0,2020,Q1,10-Q,2020-04-29,0001652044-20-000021,CY2020Q1
deferred_revenue_recognised,ContractWithCustomerLiabilityRevenueRecognized,us-gaap,USD,2020-01-01,2020-06-30,1500000000.0,2020,Q2,10-Q,2020-07-31,0001652044-20-000032,
deferred_revenue_recognised,ContractWithCustomerLiabilityRevenueRecognized,us-gaap,USD,2020-01-01,2020-09-30,1600000000.0,2020,Q3,10-Q,2020-10-30,0001652044-20-000050,
deferred_revenue_recognised,ContractWithCustomerLiabilityRevenueRecognized,us-gaap,USD,2020-01-01,2020-12-31,1800000000.0,2020,FY,10-K,2021-02-03,0001652044-21-000010,CY2020
deferred_revenue_recognised,ContractWithCustomerLiabilityRevenueRecognized,us-gaap,USD,2021-01-01,2021-03-31,1300000000.0,2021,Q1,10-Q,2021-04-28,0001652044-21-000020,CY2021Q1
deferred_revenue_recognised,ContractWithCustomerLiabilityRevenueRecognized,us-gaap,USD,2021-01-01,2021-06-30,1800000000.0,2021,Q2,10-Q,2021-07-28,0001652044-21-000047,
deferred_revenue_recognised,ContractWithCustomerLiabilityRevenueRecognized,us-gaap,USD,2021-01-01,2021-09-30,2100000000.0,2021,Q3,10-Q,2021-10-27,0001652044-21-000057,
deferred_revenue_recognised,ContractWithCustomerLiabilityRevenueRecognized,us-gaap,USD,2021-01-01,2021-12-31,2300000000.0,2021,FY,10-K,2022-02-02,0001652044-22-000019,CY2021
deferred_revenue_recognised,ContractWithCustomerLiabilityRevenueRecognized,us-gaap,USD,2022-01-01,2022-03-31,1400000000.0,2022,Q1,10-Q,2022-04-27,0001652044-22-000029,CY2022Q1
deferred_revenue_recognised,ContractWithCustomerLiabilityRevenueRecognized,us-gaap,USD,2022-01-01,2022-06-30,2100000000.0,2022,Q2,10-Q,2022-07-27,0001652044-22-000071,
deferred_revenue_recognised,ContractWithCustomerLiabilityRevenueRecognized,us-gaap,USD,2022-01-01,2022-09-30,2400000000.0,2022,Q3,10-Q,2022-10-26,0001652044-22-000090,
deferred_revenue_recognised,ContractWithCustomerLiabilityRevenueRecognized,us-gaap,USD,2022-01-01,2022-12-31,2500000000.0,2022,FY,10-K,2023-02-03,0001652044-23-000016,CY2022
deferred_revenue_recognised,ContractWithCustomerLiabilityRevenueRecognized,us-gaap,USD,2023-01-01,2023-03-31,1600000000.0,2023,Q1,10-Q,2023-04-26,0001652044-23-000045,CY2023Q1
deferred_revenue_recognised,ContractWithCustomerLiabilityRevenueRecognized,us-gaap,USD,2023-01-01,2023-06-30,2100000000.0,2023,Q2,10-Q,2023-07-26,0001652044-23-000070,
deferred_revenue_recognised,ContractWithCustomerLiabilityRevenueRecognized,us-gaap,USD,2023-01-01,2023-09-30,2300000000.0,2023,Q3,10-Q,2023-10-25,0001652044-23-000094,
deferred_revenue_recognised,ContractWithCustomerLiabilityRevenueRecognized,us-gaap,USD,2023-01-01,2023-12-31,2400000000.0,2023,FY,10-K,2024-01-31,0001652044-24-000022,CY2023
deferred_revenue_recognised,ContractWithCustomerLiabilityRevenueRecognized,us-gaap,USD,2024-01-01,2024-03-31,2400000000.0,2024,Q1,10-Q,2024-04-26,0001652044-24-000053,CY2024Q1
deferred_revenue_recognised,ContractWithCustomerLiabilityRevenueRecognized,us-gaap,USD,2024-01-01,2024-06-30,2900000000.0,2024,Q2,10-Q,2024-07-24,0001652044-24-000079,
deferred_revenue_recognised,ContractWithCustomerLiabilityRevenueRecognized,us-gaap,USD,2024-01-01,2024-09-30,3400000000.0,2024,Q3,10-Q,2024-10-30,0001652044-24-000118,
deferred_revenue_recognised,ContractWithCustomerLiabilityRevenueRecognized,us-gaap,USD,2024-01-01,2024-12-31,3900000000.0,2024,FY,10-K,2025-02-05,0001652044-25-000014,CY2024
deferred_revenue_recognised,ContractWithCustomerLiabilityRevenueRecognized,us-gaap,USD,2025-01-01,2025-03-31,2600000000.0,2025,Q1,10-Q,2025-04-25,0001652044-25-000043,CY2025Q1
deferred_revenue_recognised,ContractWithCustomerLiabilityRevenueRecognized,us-gaap,USD,2025-01-01,2025-06-30,3500000000.0,2025,Q2,10-Q,2025-07-24,0001652044-25-000062,
deferred_revenue_recognised,ContractWithCustomerLiabilityRevenueRecognized,us-gaap,USD,2025-01-01,2025-09-30,4100000000.0,2025,Q3,10-Q,2025-10-30,0001652044-25-000091,
deferred_revenue_recognised,ContractWithCustomerLiabilityRevenueRecognized,us-gaap,USD,2025-01-01,2025-12-31,4600000000.0,2025,FY,10-K,2026-02-05,0001652044-26-000018,CY2025
deferred_revenue_recognised,ContractWithCustomerLiabilityRevenueRecognized,us-gaap,USD,2026-01-01,2026-03-31,3500000000.0,2026,Q1,10-Q,2026-04-30,0001652044-26-000048,CY2026Q1
deferred_revenue_recognised,ContractWithCustomerLiabilityRevenueRecognized,us-gaap,USD,2026-01-01,2026-06-30,4900000000.0,2026,Q2,10-Q,2026-07-23,0001652044-26-000071,
interest_expense,InterestExpenseNonoperating,us-gaap,USD,2022-01-01,2022-12-31,357000000.0,2024,FY,10-K,2025-02-05,0001652044-25-000014,CY2022
interest_expense,InterestExpenseNonoperating,us-gaap,USD,2023-01-01,2023-06-30,123000000.0,2024,Q2,10-Q,2024-07-24,0001652044-24-000079,
interest_expense,InterestExpenseNonoperating,us-gaap,USD,2023-04-01,2023-06-30,43000000.0,2024,Q2,10-Q,2024-07-24,0001652044-24-000079,CY2023Q2
interest_expense,InterestExpenseNonoperating,us-gaap,USD,2023-01-01,2023-09-30,239000000.0,2024,Q3,10-Q,2024-10-30,0001652044-24-000118,
interest_expense,InterestExpenseNonoperating,us-gaap,USD,2023-07-01,2023-09-30,116000000.0,2024,Q3,10-Q,2024-10-30,0001652044-24-000118,CY2023Q3
interest_expense,InterestExpenseNonoperating,us-gaap,USD,2023-01-01,2023-12-31,308000000.0,2024,FY,10-K,2025-02-05,0001652044-25-000014,
interest_expense,InterestExpenseNonoperating,us-gaap,USD,2023-01-01,2023-12-31,308000000.0,2025,FY,10-K,2026-02-05,0001652044-26-000018,CY2023
interest_expense,InterestExpenseNonoperating,us-gaap,USD,2024-01-01,2024-03-31,94000000.0,2025,Q1,10-Q,2025-04-25,0001652044-25-000043,CY2024Q1
interest_expense,InterestExpenseNonoperating,us-gaap,USD,2024-01-01,2024-06-30,161000000.0,2024,Q2,10-Q,2024-07-24,0001652044-24-000079,
interest_expense,InterestExpenseNonoperating,us-gaap,USD,2024-04-01,2024-06-30,67000000.0,2024,Q2,10-Q,2024-07-24,0001652044-24-000079,
interest_expense,InterestExpenseNonoperating,us-gaap,USD,2024-01-01,2024-06-30,161000000.0,2025,Q2,10-Q,2025-07-24,0001652044-25-000062,
interest_expense,InterestExpenseNonoperating,us-gaap,USD,2024-04-01,2024-06-30,67000000.0,2025,Q2,10-Q,2025-07-24,0001652044-25-000062,CY2024Q2
interest_expense,InterestExpenseNonoperating,us-gaap,USD,2024-01-01,2024-09-30,215000000.0,2024,Q3,10-Q,2024-10-30,0001652044-24-000118,
interest_expense,InterestExpenseNonoperating,us-gaap,USD,2024-07-01,2024-09-30,54000000.0,2024,Q3,10-Q,2024-10-30,0001652044-24-000118,
interest_expense,InterestExpenseNonoperating,us-gaap,USD,2024-01-01,2024-09-30,215000000.0,2025,Q3,10-Q,2025-10-30,0001652044-25-000091,
interest_expense,InterestExpenseNonoperating,us-gaap,USD,2024-07-01,2024-09-30,54000000.0,2025,Q3,10-Q,2025-10-30,0001652044-25-000091,CY2024Q3
interest_expense,InterestExpenseNonoperating,us-gaap,USD,2024-01-01,2024-12-31,268000000.0,2024,FY,10-K,2025-02-05,0001652044-25-000014,
interest_expense,InterestExpenseNonoperating,us-gaap,USD,2024-01-01,2024-12-31,268000000.0,2025,FY,10-K,2026-02-05,0001652044-26-000018,CY2024
interest_expense,InterestExpenseNonoperating,us-gaap,USD,2025-01-01,2025-03-31,34000000.0,2025,Q1,10-Q,2025-04-25,0001652044-25-000043,
interest_expense,InterestExpenseNonoperating,us-gaap,USD,2025-01-01,2025-03-31,34000000.0,2026,Q1,10-Q,2026-04-30,0001652044-26-000048,CY2025Q1
interest_expense,InterestExpenseNonoperating,us-gaap,USD,2025-01-01,2025-06-30,295000000.0,2025,Q2,10-Q,2025-07-24,0001652044-25-000062,
interest_expense,InterestExpenseNonoperating,us-gaap,USD,2025-04-01,2025-06-30,261000000.0,2025,Q2,10-Q,2025-07-24,0001652044-25-000062,
interest_expense,InterestExpenseNonoperating,us-gaap,USD,2025-01-01,2025-06-30,295000000.0,2026,Q2,10-Q,2026-07-23,0001652044-26-000071,
interest_expense,InterestExpenseNonoperating,us-gaap,USD,2025-04-01,2025-06-30,261000000.0,2026,Q2,10-Q,2026-07-23,0001652044-26-000071,CY2025Q2
interest_expense,InterestExpenseNonoperating,us-gaap,USD,2025-01-01,2025-09-30,438000000.0,2025,Q3,10-Q,2025-10-30,0001652044-25-000091,
interest_expense,InterestExpenseNonoperating,us-gaap,USD,2025-07-01,2025-09-30,143000000.0,2025,Q3,10-Q,2025-10-30,0001652044-25-000091,CY2025Q3
interest_expense,InterestExpenseNonoperating,us-gaap,USD,2025-01-01,2025-12-31,736000000.0,2025,FY,10-K,2026-02-05,0001652044-26-000018,CY2025
interest_expense,InterestExpenseNonoperating,us-gaap,USD,2026-01-01,2026-03-31,533000000.0,2026,Q1,10-Q,2026-04-30,0001652044-26-000048,CY2026Q1
interest_expense,InterestExpenseNonoperating,us-gaap,USD,2026-01-01,2026-06-30,1811000000.0,2026,Q2,10-Q,2026-07-23,0001652044-26-000071,
interest_expense,InterestExpenseNonoperating,us-gaap,USD,2026-04-01,2026-06-30,1278000000.0,2026,Q2,10-Q,2026-07-23,0001652044-26-000071,CY2026Q2
long_term_debt,LongTermDebtNoncurrent,us-gaap,USD,,2014-12-31,2992000000.0,2015,Q3,10-Q,2015-10-29,0001652044-15-000005,
long_term_debt,LongTermDebtNoncurrent,us-gaap,USD,,2014-12-31,2992000000.0,2015,FY,10-K,2016-02-11,0001652044-16-000012,
long_term_debt,LongTermDebtNoncurrent,us-gaap,USD,,2014-12-31,2992000000.0,2015,FY,8-K,2016-05-03,0001652044-16-000022,CY2014Q4I
long_term_debt,LongTermDebtNoncurrent,us-gaap,USD,,2015-09-30,1994000000.0,2015,Q3,10-Q,2015-10-29,0001652044-15-000005,CY2015Q3I
long_term_debt,LongTermDebtNoncurrent,us-gaap,USD,,2015-12-31,1995000000.0,2015,FY,10-K,2016-02-11,0001652044-16-000012,
long_term_debt,LongTermDebtNoncurrent,us-gaap,USD,,2015-12-31,1995000000.0,2016,Q1,10-Q,2016-05-03,0001652044-16-000021,
long_term_debt,LongTermDebtNoncurrent,us-gaap,USD,,2015-12-31,1995000000.0,2015,FY,8-K,2016-05-03,0001652044-16-000022,
long_term_debt,LongTermDebtNoncurrent,us-gaap,USD,,2015-12-31,1995000000.0,2016,Q2,10-Q,2016-08-04,0001652044-16-000032,
long_term_debt,LongTermDebtNoncurrent,us-gaap,USD,,2015-12-31,1995000000.0,2016,Q3,10-Q,2016-11-03,0001652044-16-000038,
long_term_debt,LongTermDebtNoncurrent,us-gaap,USD,,2015-12-31,1995000000.0,2016,FY,10-K,2017-02-03,0001652044-17-000008,CY2015Q4I
long_term_debt,LongTermDebtNoncurrent,us-gaap,USD,,2016-03-31,1987000000.0,2016,Q1,10-Q,2016-05-03,0001652044-16-000021,CY2016Q1I
long_term_debt,LongTermDebtNoncurrent,us-gaap,USD,,2016-06-30,1984000000.0,2016,Q2,10-Q,2016-08-04,0001652044-16-000032,CY2016Q2I
long_term_debt,LongTermDebtNoncurrent,us-gaap,USD,,2016-09-30,3938000000.0,2016,Q3,10-Q,2016-11-03,0001652044-16-000038,CY2016Q3I
long_term_debt,LongTermDebtNoncurrent,us-gaap,USD,,2016-12-31,3935000000.0,2016,FY,10-K,2017-02-03,0001652044-17-000008,
long_term_debt,LongTermDebtNoncurrent,us-gaap,USD,,2016-12-31,3935000000.0,2017,Q1,10-Q,2017-05-02,0001652044-17-000014,
long_term_debt,LongTermDebtNoncurrent,us-gaap,USD,,2016-12-31,3935000000.0,2017,Q2,10-Q,2017-07-25,0001652044-17-000026,
long_term_debt,LongTermDebtNoncurrent,us-gaap,USD,,2016-12-31,3935000000.0,2017,Q3,10-Q,2017-10-27,0001652044-17-000042,
long_term_debt,LongTermDebtNoncurrent,us-gaap,USD,,2016-12-31,3935000000.0,2017,FY,10-K,2018-02-06,0001652044-18-000007,CY2016Q4I
long_term_debt,LongTermDebtNoncurrent,us-gaap,USD,,2017-03-31,3937000000.0,2017,Q1,10-Q,2017-05-02,0001652044-17-000014,CY2017Q1I
long_term_debt,LongTermDebtNoncurrent,us-gaap,USD,,2017-06-30,3939000000.0,2017,Q2,10-Q,2017-07-25,0001652044-17-000026,CY2017Q2I
long_term_debt,LongTermDebtNoncurrent,us-gaap,USD,,2017-09-30,3941000000.0,2017,Q3,10-Q,2017-10-27,0001652044-17-000042,CY2017Q3I
long_term_debt,LongTermDebtNoncurrent,us-gaap,USD,,2017-12-31,3943000000.0,2017,FY,10-K,2018-02-06,0001652044-18-000007,
long_term_debt,LongTermDebtNoncurrent,us-gaap,USD,,2017-12-31,3943000000.0,2018,Q1,10-Q,2018-04-24,0001652044-18-000016,
long_term_debt,LongTermDebtNoncurrent,us-gaap,USD,,2017-12-31,3943000000.0,2018,Q2,10-Q,2018-07-24,0001652044-18-000027,
long_term_debt,LongTermDebtNoncurrent,us-gaap,USD,,2017-12-31,3943000000.0,2018,Q3,10-Q,2018-10-26,0001652044-18-000035,
long_term_debt,LongTermDebtNoncurrent,us-gaap,USD,,2017-12-31,3943000000.0,2018,FY,10-K,2019-02-05,0001652044-19-000004,CY2017Q4I
long_term_debt,LongTermDebtNoncurrent,us-gaap,USD,,2018-03-31,3944000000.0,2018,Q1,10-Q,2018-04-24,0001652044-18-000016,CY2018Q1I
long_term_debt,LongTermDebtNoncurrent,us-gaap,USD,,2018-06-30,3947000000.0,2018,Q2,10-Q,2018-07-24,0001652044-18-000027,CY2018Q2I
long_term_debt,LongTermDebtNoncurrent,us-gaap,USD,,2018-09-30,3948000000.0,2018,Q3,10-Q,2018-10-26,0001652044-18-000035,CY2018Q3I
long_term_debt,LongTermDebtNoncurrent,us-gaap,USD,,2018-12-31,3950000000.0,2018,FY,10-K,2019-02-05,0001652044-19-000004,
long_term_debt,LongTermDebtNoncurrent,us-gaap,USD,,2018-12-31,3950000000.0,2019,Q1,10-Q,2019-04-30,0001652044-19-000015,
long_term_debt,LongTermDebtNoncurrent,us-gaap,USD,,2018-12-31,3950000000.0,2019,Q2,10-Q,2019-07-26,0001652044-19-000023,
long_term_debt,LongTermDebtNoncurrent,us-gaap,USD,,2018-12-31,3950000000.0,2019,Q3,10-Q,2019-10-29,0001652044-19-000032,
long_term_debt,LongTermDebtNoncurrent,us-gaap,USD,,2018-12-31,3950000000.0,2019,FY,10-K,2020-02-04,0001652044-20-000008,CY2018Q4I
long_term_debt,LongTermDebtNoncurrent,us-gaap,USD,,2019-03-31,3952000000.0,2019,Q1,10-Q,2019-04-30,0001652044-19-000015,CY2019Q1I
long_term_debt,LongTermDebtNoncurrent,us-gaap,USD,,2019-06-30,3954000000.0,2019,Q2,10-Q,2019-07-26,0001652044-19-000023,CY2019Q2I
long_term_debt,LongTermDebtNoncurrent,us-gaap,USD,,2019-09-30,3956000000.0,2019,Q3,10-Q,2019-10-29,0001652044-19-000032,CY2019Q3I
long_term_debt,LongTermDebtNoncurrent,us-gaap,USD,,2019-12-31,3958000000.0,2019,FY,10-K,2020-02-04,0001652044-20-000008,
long_term_debt,LongTermDebtNoncurrent,us-gaap,USD,,2019-12-31,3958000000.0,2020,Q1,10-Q,2020-04-29,0001652044-20-000021,
long_term_debt,LongTermDebtNoncurrent,us-gaap,USD,,2019-12-31,3958000000.0,2020,Q2,10-Q,2020-07-31,0001652044-20-000032,CY2019Q4I
long_term_debt,LongTermDebtNoncurrent,us-gaap,USD,,2020-03-31,3960000000.0,2020,Q1,10-Q,2020-04-29,0001652044-20-000021,CY2020Q1I
long_term_debt,LongTermDebtNoncurrent,us-gaap,USD,,2020-06-30,2963000000.0,2020,Q2,10-Q,2020-07-31,0001652044-20-000032,CY2020Q2I
long_term_debt,LongTermDebtNoncurrent,us-gaap,USD,,2023-12-31,11870000000.0,2024,FY,10-K,2025-02-05,0001652044-25-000014,CY2023Q4I
long_term_debt,LongTermDebtNoncurrent,us-gaap,USD,,2024-12-31,10883000000.0,2024,FY,10-K,2025-02-05,0001652044-25-000014,
long_term_debt,LongTermDebtNoncurrent,us-gaap,USD,,2024-12-31,10883000000.0,2025,Q1,10-Q,2025-04-25,0001652044-25-000043,
long_term_debt,LongTermDebtNoncurrent,us-gaap,USD,,2024-12-31,10883000000.0,2025,Q2,10-Q,2025-07-24,0001652044-25-000062,
long_term_debt,LongTermDebtNoncurrent,us-gaap,USD,,2024-12-31,10883000000.0,2025,Q3,10-Q,2025-10-30,0001652044-25-000091,
long_term_debt,LongTermDebtNoncurrent,us-gaap,USD,,2024-12-31,10883000000.0,2025,FY,10-K,2026-02-05,0001652044-26-000018,CY2024Q4I
long_term_debt,LongTermDebtNoncurrent,us-gaap,USD,,2025-03-31,10886000000.0,2025,Q1,10-Q,2025-04-25,0001652044-25-000043,CY2025Q1I
long_term_debt,LongTermDebtNoncurrent,us-gaap,USD,,2025-06-30,23607000000.0,2025,Q2,10-Q,2025-07-24,0001652044-25-000062,CY2025Q2I
long_term_debt,LongTermDebtNoncurrent,us-gaap,USD,,2025-09-30,21607000000.0,2025,Q3,10-Q,2025-10-30,0001652044-25-000091,CY2025Q3I
long_term_debt,LongTermDebtNoncurrent,us-gaap,USD,,2025-12-31,46547000000.0,2025,FY,10-K,2026-02-05,0001652044-26-000018,
long_term_debt,LongTermDebtNoncurrent,us-gaap,USD,,2025-12-31,46547000000.0,2026,Q1,10-Q,2026-04-30,0001652044-26-000048,
long_term_debt,LongTermDebtNoncurrent,us-gaap,USD,,2025-12-31,46547000000.0,2026,Q2,10-Q,2026-07-23,0001652044-26-000071,CY2025Q4I
long_term_debt,LongTermDebtNoncurrent,us-gaap,USD,,2026-03-31,77501000000.0,2026,Q1,10-Q,2026-04-30,0001652044-26-000048,CY2026Q1I
long_term_debt,LongTermDebtNoncurrent,us-gaap,USD,,2026-06-30,98165000000.0,2026,Q2,10-Q,2026-07-23,0001652044-26-000071,CY2026Q2I
net_income,NetIncomeLoss,us-gaap,USD,2013-01-01,2013-12-31,12733000000.0,2015,FY,10-K,2016-02-11,0001652044-16-000012,
net_income,NetIncomeLoss,us-gaap,USD,2013-01-01,2013-12-31,12733000000.0,2015,FY,8-K,2016-05-03,0001652044-16-000022,CY2013
net_income,NetIncomeLoss,us-gaap,USD,2014-01-01,2014-09-30,9461000000.0,2015,Q3,10-Q,2015-10-29,0001652044-15-000005,
net_income,NetIncomeLoss,us-gaap,USD,2014-07-01,2014-09-30,2739000000.0,2015,Q3,10-Q,2015-10-29,0001652044-15-000005,CY2014Q3
net_income,NetIncomeLoss,us-gaap,USD,2014-01-01,2014-12-31,14136000000.0,2015,FY,10-K,2016-02-11,0001652044-16-000012,
net_income,NetIncomeLoss,us-gaap,USD,2014-01-01,2014-12-31,14136000000.0,2015,FY,8-K,2016-05-03,0001652044-16-000022,
net_income,NetIncomeLoss,us-gaap,USD,2014-01-01,2014-12-31,14136000000.0,2016,FY,10-K,2017-02-03,0001652044-17-000008,CY2014
net_income,NetIncomeLoss,us-gaap,USD,2015-01-01,2015-03-31,3515000000.0,2015,Q3,10-Q,2015-10-29,0001652044-15-000005,
net_income,NetIncomeLoss,us-gaap,USD,2015-01-01,2015-03-31,3515000000.0,2016,Q1,10-Q,2016-05-03,0001652044-16-000021,CY2015Q1
net_income,NetIncomeLoss,us-gaap,USD,2015-01-01,2015-06-30,7446000000.0,2016,Q2,10-Q,2016-08-04,0001652044-16-000032,
net_income,NetIncomeLoss,us-gaap,USD,2015-04-01,2015-06-30,3931000000.0,2016,Q2,10-Q,2016-08-04,0001652044-16-000032,CY2015Q2
net_income,NetIncomeLoss,us-gaap,USD,2015-01-01,2015-09-30,11425000000.0,2015,Q3,10-Q,2015-10-29,0001652044-15-000005,
net_income,NetIncomeLoss,us-gaap,USD,2015-07-01,2015-09-30,3979000000.0,2015,Q3,10-Q,2015-10-29,0001652044-15-000005,
net_income,NetIncomeLoss,us-gaap,USD,2015-01-01,2015-09-30,11425000000.0,2016,Q3,10-Q,2016-11-03,0001652044-16-000038,
net_income,NetIncomeLoss,us-gaap,USD,2015-07-01,2015-09-30,3979000000.0,2016,Q3,10-Q,2016-11-03,0001652044-16-000038,CY2015Q3
net_income,NetIncomeLoss,us-gaap,USD,2015-01-01,2015-12-31,16348000000.0,2015,FY,10-K,2016-02-11,0001652044-16-000012,
net_income,NetIncomeLoss,us-gaap,USD,2015-01-01,2015-12-31,16348000000.0,2015,FY,8-K,2016-05-03,0001652044-16-000022,
net_income,NetIncomeLoss,us-gaap,USD,2015-01-01,2015-12-31,16348000000.0,2016,FY,10-K,2017-02-03,0001652044-17-000008,
net_income,NetIncomeLoss,us-gaap,USD,2015-01-01,2015-12-31,16348000000.0,2017,FY,10-K,2018-02-06,0001652044-18-000007,CY2015
net_income,NetIncomeLoss,us-gaap,USD,2016-01-01,2016-03-31,4207000000.0,2016,Q1,10-Q,2016-05-03,0001652044-16-000021,
net_income,NetIncomeLoss,us-gaap,USD,2016-01-01,2016-03-31,4207000000.0,2017,Q1,10-Q,2017-05-02,0001652044-17-000014,CY2016Q1
net_income,NetIncomeLoss,us-gaap,USD,2016-01-01,2016-06-30,9084000000.0,2016,Q2,10-Q,2016-08-04,0001652044-16-000032,
net_income,NetIncomeLoss,us-gaap,USD,2016-04-01,2016-06-30,4877000000.0,2016,Q2,10-Q,2016-08-04,0001652044-16-000032,
net_income,NetIncomeLoss,us-gaap,USD,2016-01-01,2016-06-30,9084000000.0,2017,Q2,10-Q,2017-07-25,0001652044-17-000026,
net_income,NetIncomeLoss,us-gaap,USD,2016-04-01,2016-06-30,4877000000.0,2017,Q2,10-Q,2017-07-25,0001652044-17-000026,CY2016Q2
net_income,NetIncomeLoss,us-gaap,USD,2016-01-01,2016-09-30,14145000000.0,2016,Q3,10-Q,2016-11-03,0001652044-16-000038,
net_income,NetIncomeLoss,us-gaap,USD,2016-07-01,2016-09-30,5061000000.0,2016,Q3,10-Q,2016-11-03,0001652044-16-000038,
net_income,NetIncomeLoss,us-gaap,USD,2016-01-01,2016-09-30,14145000000.0,2017,Q3,10-Q,2017-10-27,0001652044-17-000042,
net_income,NetIncomeLoss,us-gaap,USD,2016-07-01,2016-09-30,5061000000.0,2017,Q3,10-Q,2017-10-27,0001652044-17-000042,CY2016Q3
net_income,NetIncomeLoss,us-gaap,USD,2016-01-01,2016-12-31,19478000000.0,2016,FY,10-K,2017-02-03,0001652044-17-000008,
net_income,NetIncomeLoss,us-gaap,USD,2016-01-01,2016-12-31,19478000000.0,2017,FY,10-K,2018-02-06,0001652044-18-000007,
net_income,NetIncomeLoss,us-gaap,USD,2016-01-01,2016-12-31,19478000000.0,2018,FY,10-K,2019-02-05,0001652044-19-000004,CY2016
net_income,NetIncomeLoss,us-gaap,USD,2017-01-01,2017-03-31,5426000000.0,2017,Q1,10-Q,2017-05-02,0001652044-17-000014,
net_income,NetIncomeLoss,us-gaap,USD,2017-01-01,2017-03-31,5426000000.0,2018,Q1,10-Q,2018-04-24,0001652044-18-000016,CY2017Q1
net_income,NetIncomeLoss,us-gaap,USD,2017-01-01,2017-06-30,8950000000.0,2017,Q2,10-Q,2017-07-25,0001652044-17-000026,
net_income,NetIncomeLoss,us-gaap,USD,2017-04-01,2017-06-30,3524000000.0,2017,Q2,10-Q,2017-07-25,0001652044-17-000026,
net_income,NetIncomeLoss,us-gaap,USD,2017-01-01,2017-06-30,8950000000.0,2018,Q2,10-Q,2018-07-24,0001652044-18-000027,
net_income,NetIncomeLoss,us-gaap,USD,2017-04-01,2017-06-30,3524000000.0,2018,Q2,10-Q,2018-07-24,0001652044-18-000027,CY2017Q2
net_income,NetIncomeLoss,us-gaap,USD,2017-01-01,2017-09-30,15682000000.0,2017,Q3,10-Q,2017-10-27,0001652044-17-000042,
net_income,NetIncomeLoss,us-gaap,USD,2017-07-01,2017-09-30,6732000000.0,2017,Q3,10-Q,2017-10-27,0001652044-17-000042,
net_income,NetIncomeLoss,us-gaap,USD,2017-01-01,2017-09-30,15682000000.0,2018,Q3,10-Q,2018-10-26,0001652044-18-000035,
net_income,NetIncomeLoss,us-gaap,USD,2017-07-01,2017-09-30,6732000000.0,2018,Q3,10-Q,2018-10-26,0001652044-18-000035,CY2017Q3
net_income,NetIncomeLoss,us-gaap,USD,2017-01-01,2017-12-31,12662000000.0,2017,FY,10-K,2018-02-06,0001652044-18-000007,
net_income,NetIncomeLoss,us-gaap,USD,2017-01-01,2017-12-31,12662000000.0,2018,FY,10-K,2019-02-05,0001652044-19-000004,
net_income,NetIncomeLoss,us-gaap,USD,2017-01-01,2017-12-31,12662000000.0,2019,FY,10-K,2020-02-04,0001652044-20-000008,CY2017
net_income,NetIncomeLoss,us-gaap,USD,2018-01-01,2018-03-31,9401000000.0,2018,Q1,10-Q,2018-04-24,0001652044-18-000016,
net_income,NetIncomeLoss,us-gaap,USD,2018-01-01,2018-03-31,9401000000.0,2019,Q1,10-Q,2019-04-30,0001652044-19-000015,CY2018Q1
net_income,NetIncomeLoss,us-gaap,USD,2018-01-01,2018-06-30,12596000000.0,2018,Q2,10-Q,2018-07-24,0001652044-18-000027,
net_income,NetIncomeLoss,us-gaap,USD,2018-04-01,2018-06-30,3195000000.0,2018,Q2,10-Q,2018-07-24,0001652044-18-000027,
net_income,NetIncomeLoss,us-gaap,USD,2018-01-01,2018-06-30,12596000000.0,2019,Q2,10-Q,2019-07-26,0001652044-19-000023,
net_income,NetIncomeLoss,us-gaap,USD,2018-04-01,2018-06-30,3195000000.0,2019,Q2,10-Q,2019-07-26,0001652044-19-000023,CY2018Q2
net_income,NetIncomeLoss,us-gaap,USD,2018-01-01,2018-09-30,21788000000.0,2018,Q3,10-Q,2018-10-26,0001652044-18-000035,
net_income,NetIncomeLoss,us-gaap,USD,2018-07-01,2018-09-30,9192000000.0,2018,Q3,10-Q,2018-10-26,0001652044-18-000035,
net_income,NetIncomeLoss,us-gaap,USD,2018-01-01,2018-09-30,21788000000.0,2019,Q3,10-Q,2019-10-29,0001652044-19-000032,
net_income,NetIncomeLoss,us-gaap,USD,2018-07-01,2018-09-30,9192000000.0,2019,Q3,10-Q,2019-10-29,0001652044-19-000032,CY2018Q3
net_income,NetIncomeLoss,us-gaap,USD,2018-01-01,2018-12-31,30736000000.0,2018,FY,10-K,2019-02-05,0001652044-19-000004,
net_income,NetIncomeLoss,us-gaap,USD,2018-01-01,2018-12-31,30736000000.0,2019,FY,10-K,2020-02-04,0001652044-20-000008,
net_income,NetIncomeLoss,us-gaap,USD,2018-01-01,2018-12-31,30736000000.0,2020,FY,10-K,2021-02-03,0001652044-21-000010,CY2018
net_income,NetIncomeLoss,us-gaap,USD,2019-01-01,2019-03-31,6657000000.0,2019,Q1,10-Q,2019-04-30,0001652044-19-000015,
net_income,NetIncomeLoss,us-gaap,USD,2019-01-01,2019-03-31,6657000000.0,2020,Q1,10-Q,2020-04-29,0001652044-20-000021,CY2019Q1
net_income,NetIncomeLoss,us-gaap,USD,2019-01-01,2019-06-30,16604000000.0,2019,Q2,10-Q,2019-07-26,0001652044-19-000023,
net_income,NetIncomeLoss,us-gaap,USD,2019-04-01,2019-06-30,9947000000.0,2019,Q2,10-Q,2019-07-26,0001652044-19-000023,
net_income,NetIncomeLoss,us-gaap,USD,2019-01-01,2019-06-30,16604000000.0,2020,Q2,10-Q,2020-07-31,0001652044-20-000032,
net_income,NetIncomeLoss,us-gaap,USD,2019-04-01,2019-06-30,9947000000.0,2020,Q2,10-Q,2020-07-31,0001652044-20-000032,CY2019Q2
net_income,NetIncomeLoss,us-gaap,USD,2019-01-01,2019-09-30,23672000000.0,2019,Q3,10-Q,2019-10-29,0001652044-19-000032,
net_income,NetIncomeLoss,us-gaap,USD,2019-07-01,2019-09-30,7068000000.0,2019,Q3,10-Q,2019-10-29,0001652044-19-000032,
net_income,NetIncomeLoss,us-gaap,USD,2019-01-01,2019-09-30,23672000000.0,2020,Q3,10-Q,2020-10-30,0001652044-20-000050,
net_income,NetIncomeLoss,us-gaap,USD,2019-07-01,2019-09-30,7068000000.0,2020,Q3,10-Q,2020-10-30,0001652044-20-000050,CY2019Q3
net_income,NetIncomeLoss,us-gaap,USD,2019-01-01,2019-12-31,34343000000.0,2019,FY,10-K,2020-02-04,0001652044-20-000008,
net_income,NetIncomeLoss,us-gaap,USD,2019-01-01,2019-12-31,34343000000.0,2020,FY,10-K,2021-02-03,0001652044-21-000010,
net_income,NetIncomeLoss,us-gaap,USD,2019-01-01,2019-12-31,34343000000.0,2021,FY,10-K,2022-02-02,0001652044-22-000019,CY2019
net_income,NetIncomeLoss,us-gaap,USD,2020-01-01,2020-03-31,6836000000.0,2020,Q1,10-Q,2020-04-29,0001652044-20-000021,
net_income,NetIncomeLoss,us-gaap,USD,2020-01-01,2020-03-31,6836000000.0,2021,Q1,10-Q,2021-04-28,0001652044-21-000020,CY2020Q1
net_income,NetIncomeLoss,us-gaap,USD,2020-01-01,2020-06-30,13795000000.0,2020,Q2,10-Q,2020-07-31,0001652044-20-000032,
net_income,NetIncomeLoss,us-gaap,USD,2020-04-01,2020-06-30,6959000000.0,2020,Q2,10-Q,2020-07-31,0001652044-20-000032,
net_income,NetIncomeLoss,us-gaap,USD,2020-01-01,2020-06-30,13795000000.0,2021,Q2,10-Q,2021-07-28,0001652044-21-000047,
net_income,NetIncomeLoss,us-gaap,USD,2020-04-01,2020-06-30,6959000000.0,2021,Q2,10-Q,2021-07-28,0001652044-21-000047,CY2020Q2
net_income,NetIncomeLoss,us-gaap,USD,2020-01-01,2020-09-30,25042000000.0,2020,Q3,10-Q,2020-10-30,0001652044-20-000050,
net_income,NetIncomeLoss,us-gaap,USD,2020-07-01,2020-09-30,11247000000.0,2020,Q3,10-Q,2020-10-30,0001652044-20-000050,
net_income,NetIncomeLoss,us-gaap,USD,2020-01-01,2020-09-30,25042000000.0,2021,Q3,10-Q,2021-10-27,0001652044-21-000057,
net_income,NetIncomeLoss,us-gaap,USD,2020-07-01,2020-09-30,11247000000.0,2021,Q3,10-Q,2021-10-27,0001652044-21-000057,CY2020Q3
net_income,NetIncomeLoss,us-gaap,USD,2020-01-01,2020-12-31,40269000000.0,2020,FY,10-K,2021-02-03,0001652044-21-000010,
net_income,NetIncomeLoss,us-gaap,USD,2020-01-01,2020-12-31,40269000000.0,2021,FY,10-K,2022-02-02,0001652044-22-000019,
net_income,NetIncomeLoss,us-gaap,USD,2020-01-01,2020-12-31,40269000000.0,2022,FY,10-K,2023-02-03,0001652044-23-000016,CY2020
net_income,NetIncomeLoss,us-gaap,USD,2021-01-01,2021-03-31,17930000000.0,2021,Q1,10-Q,2021-04-28,0001652044-21-000020,
net_income,NetIncomeLoss,us-gaap,USD,2021-01-01,2021-03-31,17930000000.0,2022,Q1,10-Q,2022-04-27,0001652044-22-000029,CY2021Q1
net_income,NetIncomeLoss,us-gaap,USD,2021-01-01,2021-06-30,36455000000.0,2021,Q2,10-Q,2021-07-28,0001652044-21-000047,
net_income,NetIncomeLoss,us-gaap,USD,2021-04-01,2021-06-30,18525000000.0,2021,Q2,10-Q,2021-07-28,0001652044-21-000047,
net_income,NetIncomeLoss,us-gaap,USD,2021-01-01,2021-06-30,36455000000.0,2022,Q2,10-Q,2022-07-27,0001652044-22-000071,
net_income,NetIncomeLoss,us-gaap,USD,2021-04-01,2021-06-30,18525000000.0,2022,Q2,10-Q,2022-07-27,0001652044-22-000071,CY2021Q2
net_income,NetIncomeLoss,us-gaap,USD,2021-01-01,2021-09-30,55391000000.0,2021,Q3,10-Q,2021-10-27,0001652044-21-000057,
net_income,NetIncomeLoss,us-gaap,USD,2021-07-01,2021-09-30,18936000000.0,2021,Q3,10-Q,2021-10-27,0001652044-21-000057,
net_income,NetIncomeLoss,us-gaap,USD,2021-01-01,2021-09-30,55391000000.0,2022,Q3,10-Q,2022-10-26,0001652044-22-000090,
net_income,NetIncomeLoss,us-gaap,USD,2021-07-01,2021-09-30,18936000000.0,2022,Q3,10-Q,2022-10-26,0001652044-22-000090,CY2021Q3
net_income,NetIncomeLoss,us-gaap,USD,2021-01-01,2021-12-31,76033000000.0,2021,FY,10-K,2022-02-02,0001652044-22-000019,
net_income,NetIncomeLoss,us-gaap,USD,2021-01-01,2021-12-31,76033000000.0,2022,FY,10-K,2023-02-03,0001652044-23-000016,
net_income,NetIncomeLoss,us-gaap,USD,2021-01-01,2021-12-31,76033000000.0,2023,FY,10-K,2024-01-31,0001652044-24-000022,
net_income,NetIncomeLoss,us-gaap,USD,2021-01-01,2021-12-31,76033000000.0,,,DEF 14A,2026-04-24,0001308179-26-000342,CY2021
net_income,NetIncomeLoss,us-gaap,USD,2022-01-01,2022-03-31,16436000000.0,2022,Q1,10-Q,2022-04-27,0001652044-22-000029,
net_income,NetIncomeLoss,us-gaap,USD,2022-01-01,2022-03-31,16436000000.0,2023,Q1,10-Q,2023-04-26,0001652044-23-000045,CY2022Q1
net_income,NetIncomeLoss,us-gaap,USD,2022-01-01,2022-06-30,32438000000.0,2022,Q2,10-Q,2022-07-27,0001652044-22-000071,
net_income,NetIncomeLoss,us-gaap,USD,2022-04-01,2022-06-30,16002000000.0,2022,Q2,10-Q,2022-07-27,0001652044-22-000071,
net_income,NetIncomeLoss,us-gaap,USD,2022-01-01,2022-06-30,32438000000.0,2023,Q2,10-Q,2023-07-26,0001652044-23-000070,
net_income,NetIncomeLoss,us-gaap,USD,2022-04-01,2022-06-30,16002000000.0,2023,Q2,10-Q,2023-07-26,0001652044-23-000070,CY2022Q2
net_income,NetIncomeLoss,us-gaap,USD,2022-01-01,2022-09-30,46348000000.0,2022,Q3,10-Q,2022-10-26,0001652044-22-000090,
net_income,NetIncomeLoss,us-gaap,USD,2022-07-01,2022-09-30,13910000000.0,2022,Q3,10-Q,2022-10-26,0001652044-22-000090,
net_income,NetIncomeLoss,us-gaap,USD,2022-01-01,2022-09-30,46348000000.0,2023,Q3,10-Q,2023-10-25,0001652044-23-000094,
net_income,NetIncomeLoss,us-gaap,USD,2022-07-01,2022-09-30,13910000000.0,2023,Q3,10-Q,2023-10-25,0001652044-23-000094,CY2022Q3
net_income,NetIncomeLoss,us-gaap,USD,2022-01-01,2022-12-31,59972000000.0,2022,FY,10-K,2023-02-03,0001652044-23-000016,
net_income,NetIncomeLoss,us-gaap,USD,2022-01-01,2022-12-31,59972000000.0,2023,FY,10-K,2024-01-31,0001652044-24-000022,
net_income,NetIncomeLoss,us-gaap,USD,2022-01-01,2022-12-31,59972000000.0,2024,FY,10-K,2025-02-05,0001652044-25-000014,
net_income,NetIncomeLoss,us-gaap,USD,2022-01-01,2022-12-31,59972000000.0,,,DEF 14A,2026-04-24,0001308179-26-000342,CY2022
net_income,NetIncomeLoss,us-gaap,USD,2023-01-01,2023-03-31,15051000000.0,2023,Q1,10-Q,2023-04-26,0001652044-23-000045,
net_income,NetIncomeLoss,us-gaap,USD,2023-01-01,2023-03-31,15051000000.0,2024,Q1,10-Q,2024-04-26,0001652044-24-000053,CY2023Q1
net_income,NetIncomeLoss,us-gaap,USD,2023-01-01,2023-06-30,33419000000.0,2023,Q2,10-Q,2023-07-26,0001652044-23-000070,
net_income,NetIncomeLoss,us-gaap,USD,2023-04-01,2023-06-30,18368000000.0,2023,Q2,10-Q,2023-07-26,0001652044-23-000070,
net_income,NetIncomeLoss,us-gaap,USD,2023-01-01,2023-06-30,33419000000.0,2024,Q2,10-Q,2024-07-24,0001652044-24-000079,
net_income,NetIncomeLoss,us-gaap,USD,2023-04-01,2023-06-30,18368000000.0,2024,Q2,10-Q,2024-07-24,0001652044-24-000079,CY2023Q2
net_income,NetIncomeLoss,us-gaap,USD,2023-01-01,2023-09-30,53108000000.0,2023,Q3,10-Q,2023-10-25,0001652044-23-000094,
net_income,NetIncomeLoss,us-gaap,USD,2023-07-01,2023-09-30,19689000000.0,2023,Q3,10-Q,2023-10-25,0001652044-23-000094,
net_income,NetIncomeLoss,us-gaap,USD,2023-01-01,2023-09-30,53108000000.0,2024,Q3,10-Q,2024-10-30,0001652044-24-000118,
net_income,NetIncomeLoss,us-gaap,USD,2023-07-01,2023-09-30,19689000000.0,2024,Q3,10-Q,2024-10-30,0001652044-24-000118,CY2023Q3
net_income,NetIncomeLoss,us-gaap,USD,2023-01-01,2023-12-31,73795000000.0,2023,FY,10-K,2024-01-31,0001652044-24-000022,
net_income,NetIncomeLoss,us-gaap,USD,2023-01-01,2023-12-31,73795000000.0,2024,FY,10-K,2025-02-05,0001652044-25-000014,
net_income,NetIncomeLoss,us-gaap,USD,2023-01-01,2023-12-31,73795000000.0,2025,FY,10-K,2026-02-05,0001652044-26-000018,
net_income,NetIncomeLoss,us-gaap,USD,2023-01-01,2023-12-31,73795000000.0,,,DEF 14A,2026-04-24,0001308179-26-000342,CY2023
net_income,NetIncomeLoss,us-gaap,USD,2024-01-01,2024-03-31,23662000000.0,2024,Q1,10-Q,2024-04-26,0001652044-24-000053,
net_income,NetIncomeLoss,us-gaap,USD,2024-01-01,2024-03-31,23662000000.0,2025,Q1,10-Q,2025-04-25,0001652044-25-000043,CY2024Q1
net_income,NetIncomeLoss,us-gaap,USD,2024-01-01,2024-06-30,47281000000.0,2024,Q2,10-Q,2024-07-24,0001652044-24-000079,
net_income,NetIncomeLoss,us-gaap,USD,2024-04-01,2024-06-30,23619000000.0,2024,Q2,10-Q,2024-07-24,0001652044-24-000079,
net_income,NetIncomeLoss,us-gaap,USD,2024-01-01,2024-06-30,47281000000.0,2025,Q2,10-Q,2025-07-24,0001652044-25-000062,
net_income,NetIncomeLoss,us-gaap,USD,2024-04-01,2024-06-30,23619000000.0,2025,Q2,10-Q,2025-07-24,0001652044-25-000062,CY2024Q2
net_income,NetIncomeLoss,us-gaap,USD,2024-01-01,2024-09-30,73582000000.0,2024,Q3,10-Q,2024-10-30,0001652044-24-000118,
net_income,NetIncomeLoss,us-gaap,USD,2024-07-01,2024-09-30,26301000000.0,2024,Q3,10-Q,2024-10-30,0001652044-24-000118,
net_income,NetIncomeLoss,us-gaap,USD,2024-01-01,2024-09-30,73582000000.0,2025,Q3,10-Q,2025-10-30,0001652044-25-000091,
net_income,NetIncomeLoss,us-gaap,USD,2024-07-01,2024-09-30,26301000000.0,2025,Q3,10-Q,2025-10-30,0001652044-25-000091,CY2024Q3
net_income,NetIncomeLoss,us-gaap,USD,2024-01-01,2024-12-31,100118000000.0,2024,FY,10-K,2025-02-05,0001652044-25-000014,
net_income,NetIncomeLoss,us-gaap,USD,2024-01-01,2024-12-31,100118000000.0,2025,FY,10-K,2026-02-05,0001652044-26-000018,
net_income,NetIncomeLoss,us-gaap,USD,2024-01-01,2024-12-31,100118000000.0,,,DEF 14A,2026-04-24,0001308179-26-000342,CY2024
net_income,NetIncomeLoss,us-gaap,USD,2025-01-01,2025-03-31,34540000000.0,2025,Q1,10-Q,2025-04-25,0001652044-25-000043,
net_income,NetIncomeLoss,us-gaap,USD,2025-01-01,2025-03-31,34540000000.0,2026,Q1,10-Q,2026-04-30,0001652044-26-000048,CY2025Q1
net_income,NetIncomeLoss,us-gaap,USD,2025-01-01,2025-06-30,62736000000.0,2025,Q2,10-Q,2025-07-24,0001652044-25-000062,
net_income,NetIncomeLoss,us-gaap,USD,2025-04-01,2025-06-30,28196000000.0,2025,Q2,10-Q,2025-07-24,0001652044-25-000062,
net_income,NetIncomeLoss,us-gaap,USD,2025-01-01,2025-06-30,62736000000.0,2026,Q2,10-Q,2026-07-23,0001652044-26-000071,
net_income,NetIncomeLoss,us-gaap,USD,2025-04-01,2025-06-30,28196000000.0,2026,Q2,10-Q,2026-07-23,0001652044-26-000071,CY2025Q2
net_income,NetIncomeLoss,us-gaap,USD,2025-01-01,2025-09-30,97715000000.0,2025,Q3,10-Q,2025-10-30,0001652044-25-000091,
net_income,NetIncomeLoss,us-gaap,USD,2025-07-01,2025-09-30,34979000000.0,2025,Q3,10-Q,2025-10-30,0001652044-25-000091,CY2025Q3
net_income,NetIncomeLoss,us-gaap,USD,2025-01-01,2025-12-31,132170000000.0,2025,FY,10-K,2026-02-05,0001652044-26-000018,
net_income,NetIncomeLoss,us-gaap,USD,2025-01-01,2025-12-31,132170000000.0,,,DEF 14A,2026-04-24,0001308179-26-000342,CY2025
net_income,NetIncomeLoss,us-gaap,USD,2026-01-01,2026-03-31,62578000000.0,2026,Q1,10-Q,2026-04-30,0001652044-26-000048,CY2026Q1
net_income,NetIncomeLoss,us-gaap,USD,2026-01-01,2026-06-30,174771000000.0,2026,Q2,10-Q,2026-07-23,0001652044-26-000071,
net_income,NetIncomeLoss,us-gaap,USD,2026-04-01,2026-06-30,112193000000.0,2026,Q2,10-Q,2026-07-23,0001652044-26-000071,CY2026Q2
operating_income,OperatingIncomeLoss,us-gaap,USD,2013-01-01,2013-12-31,15403000000.0,2015,FY,10-K,2016-02-11,0001652044-16-000012,
operating_income,OperatingIncomeLoss,us-gaap,USD,2013-01-01,2013-12-31,15403000000.0,2015,FY,8-K,2016-05-03,0001652044-16-000022,CY2013
operating_income,OperatingIncomeLoss,us-gaap,USD,2014-01-01,2014-09-30,12097000000.0,2015,Q3,10-Q,2015-10-29,0001652044-15-000005,
operating_income,OperatingIncomeLoss,us-gaap,USD,2014-07-01,2014-09-30,3724000000.0,2015,Q3,10-Q,2015-10-29,0001652044-15-000005,CY2014Q3
operating_income,OperatingIncomeLoss,us-gaap,USD,2014-01-01,2014-12-31,16496000000.0,2015,FY,10-K,2016-02-11,0001652044-16-000012,
operating_income,OperatingIncomeLoss,us-gaap,USD,2014-01-01,2014-12-31,16496000000.0,2015,FY,8-K,2016-05-03,0001652044-16-000022,
operating_income,OperatingIncomeLoss,us-gaap,USD,2014-01-01,2014-12-31,16496000000.0,2016,FY,10-K,2017-02-03,0001652044-17-000008,CY2014
operating_income,OperatingIncomeLoss,us-gaap,USD,2015-01-01,2015-03-31,4447000000.0,2016,Q1,10-Q,2016-05-03,0001652044-16-000021,CY2015Q1
operating_income,OperatingIncomeLoss,us-gaap,USD,2015-01-01,2015-06-30,9272000000.0,2016,Q2,10-Q,2016-08-04,0001652044-16-000032,
operating_income,OperatingIncomeLoss,us-gaap,USD,2015-04-01,2015-06-30,4825000000.0,2016,Q2,10-Q,2016-08-04,0001652044-16-000032,CY2015Q2
operating_income,OperatingIncomeLoss,us-gaap,USD,2015-01-01,2015-09-30,13980000000.0,2015,Q3,10-Q,2015-10-29,0001652044-15-000005,
operating_income,OperatingIncomeLoss,us-gaap,USD,2015-07-01,2015-09-30,4708000000.0,2015,Q3,10-Q,2015-10-29,0001652044-15-000005,
operating_income,OperatingIncomeLoss,us-gaap,USD,2015-01-01,2015-09-30,13980000000.0,2016,Q3,10-Q,2016-11-03,0001652044-16-000038,
operating_income,OperatingIncomeLoss,us-gaap,USD,2015-07-01,2015-09-30,4708000000.0,2016,Q3,10-Q,2016-11-03,0001652044-16-000038,CY2015Q3
operating_income,OperatingIncomeLoss,us-gaap,USD,2015-01-01,2015-12-31,19360000000.0,2015,FY,10-K,2016-02-11,0001652044-16-000012,
operating_income,OperatingIncomeLoss,us-gaap,USD,2015-01-01,2015-12-31,19360000000.0,2015,FY,8-K,2016-05-03,0001652044-16-000022,
operating_income,OperatingIncomeLoss,us-gaap,USD,2015-01-01,2015-12-31,19360000000.0,2016,FY,10-K,2017-02-03,0001652044-17-000008,
operating_income,OperatingIncomeLoss,us-gaap,USD,2015-01-01,2015-12-31,19360000000.0,2017,FY,10-K,2018-02-06,0001652044-18-000007,CY2015
operating_income,OperatingIncomeLoss,us-gaap,USD,2016-01-01,2016-03-31,5342000000.0,2016,Q1,10-Q,2016-05-03,0001652044-16-000021,
operating_income,OperatingIncomeLoss,us-gaap,USD,2016-01-01,2016-03-31,5342000000.0,2017,Q1,10-Q,2017-05-02,0001652044-17-000014,CY2016Q1
operating_income,OperatingIncomeLoss,us-gaap,USD,2016-01-01,2016-06-30,11310000000.0,2016,Q2,10-Q,2016-08-04,0001652044-16-000032,
operating_income,OperatingIncomeLoss,us-gaap,USD,2016-04-01,2016-06-30,5968000000.0,2016,Q2,10-Q,2016-08-04,0001652044-16-000032,
operating_income,OperatingIncomeLoss,us-gaap,USD,2016-01-01,2016-06-30,11310000000.0,2017,Q2,10-Q,2017-07-25,0001652044-17-000026,
operating_income,OperatingIncomeLoss,us-gaap,USD,2016-04-01,2016-06-30,5968000000.0,2017,Q2,10-Q,2017-07-25,0001652044-17-000026,CY2016Q2
operating_income,OperatingIncomeLoss,us-gaap,USD,2016-01-01,2016-09-30,17077000000.0,2016,Q3,10-Q,2016-11-03,0001652044-16-000038,
operating_income,OperatingIncomeLoss,us-gaap,USD,2016-07-01,2016-09-30,5767000000.0,2016,Q3,10-Q,2016-11-03,0001652044-16-000038,
operating_income,OperatingIncomeLoss,us-gaap,USD,2016-01-01,2016-09-30,17077000000.0,2017,Q3,10-Q,2017-10-27,0001652044-17-000042,
operating_income,OperatingIncomeLoss,us-gaap,USD,2016-07-01,2016-09-30,5767000000.0,2017,Q3,10-Q,2017-10-27,0001652044-17-000042,CY2016Q3
operating_income,OperatingIncomeLoss,us-gaap,USD,2016-01-01,2016-12-31,23716000000.0,2016,FY,10-K,2017-02-03,0001652044-17-000008,
operating_income,OperatingIncomeLoss,us-gaap,USD,2016-01-01,2016-12-31,23716000000.0,2017,FY,10-K,2018-02-06,0001652044-18-000007,
operating_income,OperatingIncomeLoss,us-gaap,USD,2016-01-01,2016-12-31,23716000000.0,2018,FY,10-K,2019-02-05,0001652044-19-000004,CY2016
operating_income,OperatingIncomeLoss,us-gaap,USD,2017-01-01,2017-03-31,6568000000.0,2017,Q1,10-Q,2017-05-02,0001652044-17-000014,
operating_income,OperatingIncomeLoss,us-gaap,USD,2017-01-01,2017-03-31,6568000000.0,2018,Q1,10-Q,2018-04-24,0001652044-18-000016,CY2017Q1
operating_income,OperatingIncomeLoss,us-gaap,USD,2017-01-01,2017-06-30,10700000000.0,2017,Q2,10-Q,2017-07-25,0001652044-17-000026,
operating_income,OperatingIncomeLoss,us-gaap,USD,2017-04-01,2017-06-30,4132000000.0,2017,Q2,10-Q,2017-07-25,0001652044-17-000026,
operating_income,OperatingIncomeLoss,us-gaap,USD,2017-01-01,2017-06-30,10700000000.0,2018,Q2,10-Q,2018-07-24,0001652044-18-000027,
operating_income,OperatingIncomeLoss,us-gaap,USD,2017-04-01,2017-06-30,4132000000.0,2018,Q2,10-Q,2018-07-24,0001652044-18-000027,CY2017Q2
operating_income,OperatingIncomeLoss,us-gaap,USD,2017-01-01,2017-09-30,18482000000.0,2017,Q3,10-Q,2017-10-27,0001652044-17-000042,
operating_income,OperatingIncomeLoss,us-gaap,USD,2017-07-01,2017-09-30,7782000000.0,2017,Q3,10-Q,2017-10-27,0001652044-17-000042,
operating_income,OperatingIncomeLoss,us-gaap,USD,2017-01-01,2017-09-30,18482000000.0,2018,Q3,10-Q,2018-10-26,0001652044-18-000035,
operating_income,OperatingIncomeLoss,us-gaap,USD,2017-07-01,2017-09-30,7782000000.0,2018,Q3,10-Q,2018-10-26,0001652044-18-000035,CY2017Q3
operating_income,OperatingIncomeLoss,us-gaap,USD,2017-01-01,2017-12-31,26146000000.0,2017,FY,10-K,2018-02-06,0001652044-18-000007,
operating_income,OperatingIncomeLoss,us-gaap,USD,2017-01-01,2017-12-31,26146000000.0,2018,FY,10-K,2019-02-05,0001652044-19-000004,
operating_income,OperatingIncomeLoss,us-gaap,USD,2017-01-01,2017-12-31,26178000000.0,2019,FY,10-K,2020-02-04,0001652044-20-000008,CY2017
operating_income,OperatingIncomeLoss,us-gaap,USD,2018-01-01,2018-03-31,7001000000.0,2018,Q1,10-Q,2018-04-24,0001652044-18-000016,
operating_income,OperatingIncomeLoss,us-gaap,USD,2018-01-01,2018-03-31,7633000000.0,2019,Q1,10-Q,2019-04-30,0001652044-19-000015,CY2018Q1
operating_income,OperatingIncomeLoss,us-gaap,USD,2018-01-01,2018-06-30,9808000000.0,2018,Q2,10-Q,2018-07-24,0001652044-18-000027,
operating_income,OperatingIncomeLoss,us-gaap,USD,2018-04-01,2018-06-30,2807000000.0,2018,Q2,10-Q,2018-07-24,0001652044-18-000027,
operating_income,OperatingIncomeLoss,us-gaap,USD,2018-01-01,2018-06-30,10678000000.0,2019,Q2,10-Q,2019-07-26,0001652044-19-000023,
operating_income,OperatingIncomeLoss,us-gaap,USD,2018-04-01,2018-06-30,3045000000.0,2019,Q2,10-Q,2019-07-26,0001652044-19-000023,CY2018Q2
operating_income,OperatingIncomeLoss,us-gaap,USD,2018-01-01,2018-09-30,18118000000.0,2018,Q3,10-Q,2018-10-26,0001652044-18-000035,
operating_income,OperatingIncomeLoss,us-gaap,USD,2018-07-01,2018-09-30,8310000000.0,2018,Q3,10-Q,2018-10-26,0001652044-18-000035,
operating_income,OperatingIncomeLoss,us-gaap,USD,2018-01-01,2018-09-30,19303000000.0,2019,Q3,10-Q,2019-10-29,0001652044-19-000032,
operating_income,OperatingIncomeLoss,us-gaap,USD,2018-07-01,2018-09-30,8625000000.0,2019,Q3,10-Q,2019-10-29,0001652044-19-000032,CY2018Q3
operating_income,OperatingIncomeLoss,us-gaap,USD,2018-01-01,2018-12-31,26321000000.0,2018,FY,10-K,2019-02-05,0001652044-19-000004,
operating_income,OperatingIncomeLoss,us-gaap,USD,2018-01-01,2018-12-31,27524000000.0,2019,FY,10-K,2020-02-04,0001652044-20-000008,
operating_income,OperatingIncomeLoss,us-gaap,USD,2018-01-01,2018-12-31,27524000000.0,2020,FY,10-K,2021-02-03,0001652044-21-000010,CY2018
operating_income,OperatingIncomeLoss,us-gaap,USD,2019-01-01,2019-03-31,6608000000.0,2019,Q1,10-Q,2019-04-30,0001652044-19-000015,
operating_income,OperatingIncomeLoss,us-gaap,USD,2019-01-01,2019-03-31,6608000000.0,2020,Q1,10-Q,2020-04-29,0001652044-20-000021,CY2019Q1
operating_income,OperatingIncomeLoss,us-gaap,USD,2019-01-01,2019-06-30,15788000000.0,2019,Q2,10-Q,2019-07-26,0001652044-19-000023,
operating_income,OperatingIncomeLoss,us-gaap,USD,2019-04-01,2019-06-30,9180000000.0,2019,Q2,10-Q,2019-07-26,0001652044-19-000023,
operating_income,OperatingIncomeLoss,us-gaap,USD,2019-01-01,2019-06-30,15788000000.0,2020,Q2,10-Q,2020-07-31,0001652044-20-000032,
operating_income,OperatingIncomeLoss,us-gaap,USD,2019-04-01,2019-06-30,9180000000.0,2020,Q2,10-Q,2020-07-31,0001652044-20-000032,CY2019Q2
operating_income,OperatingIncomeLoss,us-gaap,USD,2019-01-01,2019-09-30,24965000000.0,2019,Q3,10-Q,2019-10-29,0001652044-19-000032,
operating_income,OperatingIncomeLoss,us-gaap,USD,2019-07-01,2019-09-30,9177000000.0,2019,Q3,10-Q,2019-10-29,0001652044-19-000032,
operating_income,OperatingIncomeLoss,us-gaap,USD,2019-01-01,2019-09-30,24965000000.0,2020,Q3,10-Q,2020-10-30,0001652044-20-000050,
operating_income,OperatingIncomeLoss,us-gaap,USD,2019-07-01,2019-09-30,9177000000.0,2020,Q3,10-Q,2020-10-30,0001652044-20-000050,CY2019Q3
operating_income,OperatingIncomeLoss,us-gaap,USD,2019-01-01,2019-12-31,34231000000.0,2019,FY,10-K,2020-02-04,0001652044-20-000008,
operating_income,OperatingIncomeLoss,us-gaap,USD,2019-01-01,2019-12-31,34231000000.0,2020,FY,10-K,2021-02-03,0001652044-21-000010,
operating_income,OperatingIncomeLoss,us-gaap,USD,2019-01-01,2019-12-31,34231000000.0,2021,FY,10-K,2022-02-02,0001652044-22-000019,CY2019
operating_income,OperatingIncomeLoss,us-gaap,USD,2020-01-01,2020-03-31,7977000000.0,2020,Q1,10-Q,2020-04-29,0001652044-20-000021,
operating_income,OperatingIncomeLoss,us-gaap,USD,2020-01-01,2020-03-31,7977000000.0,2021,Q1,10-Q,2021-04-28,0001652044-21-000020,CY2020Q1
operating_income,OperatingIncomeLoss,us-gaap,USD,2020-01-01,2020-06-30,14360000000.0,2020,Q2,10-Q,2020-07-31,0001652044-20-000032,
operating_income,OperatingIncomeLoss,us-gaap,USD,2020-04-01,2020-06-30,6383000000.0,2020,Q2,10-Q,2020-07-31,0001652044-20-000032,
operating_income,OperatingIncomeLoss,us-gaap,USD,2020-01-01,2020-06-30,14360000000.0,2021,Q2,10-Q,2021-07-28,0001652044-21-000047,
operating_income,OperatingIncomeLoss,us-gaap,USD,2020-04-01,2020-06-30,6383000000.0,2021,Q2,10-Q,2021-07-28,0001652044-21-000047,CY2020Q2
operating_income,OperatingIncomeLoss,us-gaap,USD,2020-01-01,2020-09-30,25573000000.0,2020,Q3,10-Q,2020-10-30,0001652044-20-000050,
operating_income,OperatingIncomeLoss,us-gaap,USD,2020-07-01,2020-09-30,11213000000.0,2020,Q3,10-Q,2020-10-30,0001652044-20-000050,
operating_income,OperatingIncomeLoss,us-gaap,USD,2020-01-01,2020-09-30,25573000000.0,2021,Q3,10-Q,2021-10-27,0001652044-21-000057,
operating_income,OperatingIncomeLoss,us-gaap,USD,2020-07-01,2020-09-30,11213000000.0,2021,Q3,10-Q,2021-10-27,0001652044-21-000057,CY2020Q3
operating_income,OperatingIncomeLoss,us-gaap,USD,2020-01-01,2020-12-31,41224000000.0,2020,FY,10-K,2021-02-03,0001652044-21-000010,
operating_income,OperatingIncomeLoss,us-gaap,USD,2020-01-01,2020-12-31,41224000000.0,2021,FY,10-K,2022-02-02,0001652044-22-000019,
operating_income,OperatingIncomeLoss,us-gaap,USD,2020-01-01,2020-12-31,41224000000.0,2022,FY,10-K,2023-02-03,0001652044-23-000016,CY2020
operating_income,OperatingIncomeLoss,us-gaap,USD,2021-01-01,2021-03-31,16437000000.0,2021,Q1,10-Q,2021-04-28,0001652044-21-000020,
operating_income,OperatingIncomeLoss,us-gaap,USD,2021-01-01,2021-03-31,16437000000.0,2022,Q1,10-Q,2022-04-27,0001652044-22-000029,CY2021Q1
operating_income,OperatingIncomeLoss,us-gaap,USD,2021-01-01,2021-06-30,35798000000.0,2021,Q2,10-Q,2021-07-28,0001652044-21-000047,
operating_income,OperatingIncomeLoss,us-gaap,USD,2021-04-01,2021-06-30,19361000000.0,2021,Q2,10-Q,2021-07-28,0001652044-21-000047,
operating_income,OperatingIncomeLoss,us-gaap,USD,2021-01-01,2021-06-30,35798000000.0,2022,Q2,10-Q,2022-07-27,0001652044-22-000071,
operating_income,OperatingIncomeLoss,us-gaap,USD,2021-04-01,2021-06-30,19361000000.0,2022,Q2,10-Q,2022-07-27,0001652044-22-000071,CY2021Q2
operating_income,OperatingIncomeLoss,us-gaap,USD,2021-01-01,2021-09-30,56829000000.0,2021,Q3,10-Q,2021-10-27,0001652044-21-000057,
operating_income,OperatingIncomeLoss,us-gaap,USD,2021-07-01,2021-09-30,21031000000.0,2021,Q3,10-Q,2021-10-27,0001652044-21-000057,
operating_income,OperatingIncomeLoss,us-gaap,USD,2021-01-01,2021-09-30,56829000000.0,2022,Q3,10-Q,2022-10-26,0001652044-22-000090,
operating_income,OperatingIncomeLoss,us-gaap,USD,2021-07-01,2021-09-30,21031000000.0,2022,Q3,10-Q,2022-10-26,0001652044-22-000090,CY2021Q3
operating_income,OperatingIncomeLoss,us-gaap,USD,2021-01-01,2021-12-31,78714000000.0,2021,FY,10-K,2022-02-02,0001652044-22-000019,
operating_income,OperatingIncomeLoss,us-gaap,USD,2021-01-01,2021-12-31,78714000000.0,2022,FY,10-K,2023-02-03,0001652044-23-000016,
operating_income,OperatingIncomeLoss,us-gaap,USD,2021-01-01,2021-12-31,78714000000.0,2023,FY,10-K,2024-01-31,0001652044-24-000022,CY2021
operating_income,OperatingIncomeLoss,us-gaap,USD,2022-01-01,2022-03-31,20094000000.0,2022,Q1,10-Q,2022-04-27,0001652044-22-000029,
operating_income,OperatingIncomeLoss,us-gaap,USD,2022-01-01,2022-03-31,20094000000.0,2023,Q1,10-Q,2023-04-26,0001652044-23-000045,CY2022Q1
operating_income,OperatingIncomeLoss,us-gaap,USD,2022-01-01,2022-06-30,39547000000.0,2022,Q2,10-Q,2022-07-27,0001652044-22-000071,
operating_income,OperatingIncomeLoss,us-gaap,USD,2022-04-01,2022-06-30,19453000000.0,2022,Q2,10-Q,2022-07-27,0001652044-22-000071,
operating_income,OperatingIncomeLoss,us-gaap,USD,2022-01-01,2022-06-30,39547000000.0,2023,Q2,10-Q,2023-07-26,0001652044-23-000070,
operating_income,OperatingIncomeLoss,us-gaap,USD,2022-04-01,2022-06-30,19453000000.0,2023,Q2,10-Q,2023-07-26,0001652044-23-000070,CY2022Q2
operating_income,OperatingIncomeLoss,us-gaap,USD,2022-01-01,2022-09-30,56682000000.0,2022,Q3,10-Q,2022-10-26,0001652044-22-000090,
operating_income,OperatingIncomeLoss,us-gaap,USD,2022-07-01,2022-09-30,17135000000.0,2022,Q3,10-Q,2022-10-26,0001652044-22-000090,
operating_income,OperatingIncomeLoss,us-gaap,USD,2022-01-01,2022-09-30,56682000000.0,2023,Q3,10-Q,2023-10-25,0001652044-23-000094,
operating_income,OperatingIncomeLoss,us-gaap,USD,2022-07-01,2022-09-30,17135000000.0,2023,Q3,10-Q,2023-10-25,0001652044-23-000094,CY2022Q3
operating_income,OperatingIncomeLoss,us-gaap,USD,2022-01-01,2022-12-31,74842000000.0,2022,FY,10-K,2023-02-03,0001652044-23-000016,
operating_income,OperatingIncomeLoss,us-gaap,USD,2022-01-01,2022-12-31,74842000000.0,2023,FY,10-K,2024-01-31,0001652044-24-000022,
operating_income,OperatingIncomeLoss,us-gaap,USD,2022-01-01,2022-12-31,74842000000.0,2024,FY,10-K,2025-02-05,0001652044-25-000014,CY2022
operating_income,OperatingIncomeLoss,us-gaap,USD,2023-01-01,2023-03-31,17415000000.0,2023,Q1,10-Q,2023-04-26,0001652044-23-000045,
operating_income,OperatingIncomeLoss,us-gaap,USD,2023-01-01,2023-03-31,17415000000.0,2024,Q1,10-Q,2024-04-26,0001652044-24-000053,CY2023Q1
operating_income,OperatingIncomeLoss,us-gaap,USD,2023-01-01,2023-06-30,39253000000.0,2023,Q2,10-Q,2023-07-26,0001652044-23-000070,
operating_income,OperatingIncomeLoss,us-gaap,USD,2023-04-01,2023-06-30,21838000000.0,2023,Q2,10-Q,2023-07-26,0001652044-23-000070,
operating_income,OperatingIncomeLoss,us-gaap,USD,2023-01-01,2023-06-30,39253000000.0,2024,Q2,10-Q,2024-07-24,0001652044-24-000079,
operating_income,OperatingIncomeLoss,us-gaap,USD,2023-04-01,2023-06-30,21838000000.0,2024,Q2,10-Q,2024-07-24,0001652044-24-000079,CY2023Q2
operating_income,OperatingIncomeLoss,us-gaap,USD,2023-01-01,2023-09-30,60596000000.0,2023,Q3,10-Q,2023-10-25,0001652044-23-000094,
operating_income,OperatingIncomeLoss,us-gaap,USD,2023-07-01,2023-09-30,21343000000.0,2023,Q3,10-Q,2023-10-25,0001652044-23-000094,
operating_income,OperatingIncomeLoss,us-gaap,USD,2023-01-01,2023-09-30,60596000000.0,2024,Q3,10-Q,2024-10-30,0001652044-24-000118,
operating_income,OperatingIncomeLoss,us-gaap,USD,2023-07-01,2023-09-30,21343000000.0,2024,Q3,10-Q,2024-10-30,0001652044-24-000118,CY2023Q3
operating_income,OperatingIncomeLoss,us-gaap,USD,2023-01-01,2023-12-31,84293000000.0,2023,FY,10-K,2024-01-31,0001652044-24-000022,
operating_income,OperatingIncomeLoss,us-gaap,USD,2023-01-01,2023-12-31,84293000000.0,2024,FY,10-K,2025-02-05,0001652044-25-000014,
operating_income,OperatingIncomeLoss,us-gaap,USD,2023-01-01,2023-12-31,84293000000.0,2025,FY,10-K,2026-02-05,0001652044-26-000018,CY2023
operating_income,OperatingIncomeLoss,us-gaap,USD,2024-01-01,2024-03-31,25472000000.0,2024,Q1,10-Q,2024-04-26,0001652044-24-000053,
operating_income,OperatingIncomeLoss,us-gaap,USD,2024-01-01,2024-03-31,25472000000.0,2025,Q1,10-Q,2025-04-25,0001652044-25-000043,CY2024Q1
operating_income,OperatingIncomeLoss,us-gaap,USD,2024-01-01,2024-06-30,52897000000.0,2024,Q2,10-Q,2024-07-24,0001652044-24-000079,
operating_income,OperatingIncomeLoss,us-gaap,USD,2024-04-01,2024-06-30,27425000000.0,2024,Q2,10-Q,2024-07-24,0001652044-24-000079,
operating_income,OperatingIncomeLoss,us-gaap,USD,2024-01-01,2024-06-30,52897000000.0,2025,Q2,10-Q,2025-07-24,0001652044-25-000062,
operating_income,OperatingIncomeLoss,us-gaap,USD,2024-04-01,2024-06-30,27425000000.0,2025,Q2,10-Q,2025-07-24,0001652044-25-000062,CY2024Q2
operating_income,OperatingIncomeLoss,us-gaap,USD,2024-01-01,2024-09-30,81418000000.0,2024,Q3,10-Q,2024-10-30,0001652044-24-000118,
operating_income,OperatingIncomeLoss,us-gaap,USD,2024-07-01,2024-09-30,28521000000.0,2024,Q3,10-Q,2024-10-30,0001652044-24-000118,
operating_income,OperatingIncomeLoss,us-gaap,USD,2024-01-01,2024-09-30,81418000000.0,2025,Q3,10-Q,2025-10-30,0001652044-25-000091,
operating_income,OperatingIncomeLoss,us-gaap,USD,2024-07-01,2024-09-30,28521000000.0,2025,Q3,10-Q,2025-10-30,0001652044-25-000091,CY2024Q3
operating_income,OperatingIncomeLoss,us-gaap,USD,2024-01-01,2024-12-31,112390000000.0,2024,FY,10-K,2025-02-05,0001652044-25-000014,
operating_income,OperatingIncomeLoss,us-gaap,USD,2024-01-01,2024-12-31,112390000000.0,2025,FY,10-K,2026-02-05,0001652044-26-000018,CY2024
operating_income,OperatingIncomeLoss,us-gaap,USD,2025-01-01,2025-03-31,30606000000.0,2025,Q1,10-Q,2025-04-25,0001652044-25-000043,
operating_income,OperatingIncomeLoss,us-gaap,USD,2025-01-01,2025-03-31,30606000000.0,2026,Q1,10-Q,2026-04-30,0001652044-26-000048,CY2025Q1
operating_income,OperatingIncomeLoss,us-gaap,USD,2025-01-01,2025-06-30,61877000000.0,2025,Q2,10-Q,2025-07-24,0001652044-25-000062,
operating_income,OperatingIncomeLoss,us-gaap,USD,2025-04-01,2025-06-30,31271000000.0,2025,Q2,10-Q,2025-07-24,0001652044-25-000062,
operating_income,OperatingIncomeLoss,us-gaap,USD,2025-01-01,2025-06-30,61877000000.0,2026,Q2,10-Q,2026-07-23,0001652044-26-000071,
operating_income,OperatingIncomeLoss,us-gaap,USD,2025-04-01,2025-06-30,31271000000.0,2026,Q2,10-Q,2026-07-23,0001652044-26-000071,CY2025Q2
operating_income,OperatingIncomeLoss,us-gaap,USD,2025-01-01,2025-09-30,93105000000.0,2025,Q3,10-Q,2025-10-30,0001652044-25-000091,
operating_income,OperatingIncomeLoss,us-gaap,USD,2025-07-01,2025-09-30,31228000000.0,2025,Q3,10-Q,2025-10-30,0001652044-25-000091,CY2025Q3
operating_income,OperatingIncomeLoss,us-gaap,USD,2025-01-01,2025-12-31,129039000000.0,2025,FY,10-K,2026-02-05,0001652044-26-000018,CY2025
operating_income,OperatingIncomeLoss,us-gaap,USD,2026-01-01,2026-03-31,39696000000.0,2026,Q1,10-Q,2026-04-30,0001652044-26-000048,CY2026Q1
operating_income,OperatingIncomeLoss,us-gaap,USD,2026-01-01,2026-06-30,80466000000.0,2026,Q2,10-Q,2026-07-23,0001652044-26-000071,
operating_income,OperatingIncomeLoss,us-gaap,USD,2026-04-01,2026-06-30,40770000000.0,2026,Q2,10-Q,2026-07-23,0001652044-26-000071,CY2026Q2
ppe_net,PropertyPlantAndEquipmentAndFinanceLeaseRightOfUseAssetAfterAccumulatedDepreciationAndAmortization,us-gaap,USD,,2019-12-31,73646000000.0,2020,Q2,10-Q,2020-07-31,0001652044-20-000032,
ppe_net,PropertyPlantAndEquipmentAndFinanceLeaseRightOfUseAssetAfterAccumulatedDepreciationAndAmortization,us-gaap,USD,,2019-12-31,73646000000.0,2020,Q3,10-Q,2020-10-30,0001652044-20-000050,CY2019Q4I
ppe_net,PropertyPlantAndEquipmentAndFinanceLeaseRightOfUseAssetAfterAccumulatedDepreciationAndAmortization,us-gaap,USD,,2020-06-30,78748000000.0,2020,Q2,10-Q,2020-07-31,0001652044-20-000032,CY2020Q2I
ppe_net,PropertyPlantAndEquipmentAndFinanceLeaseRightOfUseAssetAfterAccumulatedDepreciationAndAmortization,us-gaap,USD,,2020-09-30,81636000000.0,2020,Q3,10-Q,2020-10-30,0001652044-20-000050,CY2020Q3I
ppe_net,PropertyPlantAndEquipmentAndFinanceLeaseRightOfUseAssetAfterAccumulatedDepreciationAndAmortization,us-gaap,USD,,2020-12-31,84749000000.0,2021,Q1,10-Q,2021-04-28,0001652044-21-000020,
ppe_net,PropertyPlantAndEquipmentAndFinanceLeaseRightOfUseAssetAfterAccumulatedDepreciationAndAmortization,us-gaap,USD,,2020-12-31,84749000000.0,2021,Q2,10-Q,2021-07-28,0001652044-21-000047,
ppe_net,PropertyPlantAndEquipmentAndFinanceLeaseRightOfUseAssetAfterAccumulatedDepreciationAndAmortization,us-gaap,USD,,2020-12-31,84749000000.0,2021,Q3,10-Q,2021-10-27,0001652044-21-000057,CY2020Q4I
ppe_net,PropertyPlantAndEquipmentAndFinanceLeaseRightOfUseAssetAfterAccumulatedDepreciationAndAmortization,us-gaap,USD,,2021-03-31,87606000000.0,2021,Q1,10-Q,2021-04-28,0001652044-21-000020,CY2021Q1I
ppe_net,PropertyPlantAndEquipmentAndFinanceLeaseRightOfUseAssetAfterAccumulatedDepreciationAndAmortization,us-gaap,USD,,2021-06-30,91697000000.0,2021,Q2,10-Q,2021-07-28,0001652044-21-000047,CY2021Q2I
ppe_net,PropertyPlantAndEquipmentAndFinanceLeaseRightOfUseAssetAfterAccumulatedDepreciationAndAmortization,us-gaap,USD,,2021-09-30,94631000000.0,2021,Q3,10-Q,2021-10-27,0001652044-21-000057,CY2021Q3I
ppe_net,PropertyPlantAndEquipmentAndFinanceLeaseRightOfUseAssetAfterAccumulatedDepreciationAndAmortization,us-gaap,USD,,2021-12-31,97599000000.0,2022,Q1,10-Q,2022-04-27,0001652044-22-000029,
ppe_net,PropertyPlantAndEquipmentAndFinanceLeaseRightOfUseAssetAfterAccumulatedDepreciationAndAmortization,us-gaap,USD,,2021-12-31,97599000000.0,2022,Q2,10-Q,2022-07-27,0001652044-22-000071,
ppe_net,PropertyPlantAndEquipmentAndFinanceLeaseRightOfUseAssetAfterAccumulatedDepreciationAndAmortization,us-gaap,USD,,2021-12-31,97599000000.0,2022,Q3,10-Q,2022-10-26,0001652044-22-000090,CY2021Q4I
ppe_net,PropertyPlantAndEquipmentAndFinanceLeaseRightOfUseAssetAfterAccumulatedDepreciationAndAmortization,us-gaap,USD,,2022-03-31,104218000000.0,2022,Q1,10-Q,2022-04-27,0001652044-22-000029,CY2022Q1I
ppe_net,PropertyPlantAndEquipmentAndFinanceLeaseRightOfUseAssetAfterAccumulatedDepreciationAndAmortization,us-gaap,USD,,2022-06-30,106223000000.0,2022,Q2,10-Q,2022-07-27,0001652044-22-000071,CY2022Q2I
ppe_net,PropertyPlantAndEquipmentAndFinanceLeaseRightOfUseAssetAfterAccumulatedDepreciationAndAmortization,us-gaap,USD,,2022-09-30,108363000000.0,2022,Q3,10-Q,2022-10-26,0001652044-22-000090,CY2022Q3I
ppe_net,PropertyPlantAndEquipmentAndFinanceLeaseRightOfUseAssetAfterAccumulatedDepreciationAndAmortization,us-gaap,USD,,2022-12-31,112668000000.0,2023,Q1,10-Q,2023-04-26,0001652044-23-000045,
ppe_net,PropertyPlantAndEquipmentAndFinanceLeaseRightOfUseAssetAfterAccumulatedDepreciationAndAmortization,us-gaap,USD,,2022-12-31,112668000000.0,2023,Q2,10-Q,2023-07-26,0001652044-23-000070,
ppe_net,PropertyPlantAndEquipmentAndFinanceLeaseRightOfUseAssetAfterAccumulatedDepreciationAndAmortization,us-gaap,USD,,2022-12-31,112668000000.0,2023,Q3,10-Q,2023-10-25,0001652044-23-000094,CY2022Q4I
ppe_net,PropertyPlantAndEquipmentAndFinanceLeaseRightOfUseAssetAfterAccumulatedDepreciationAndAmortization,us-gaap,USD,,2023-03-31,117560000000.0,2023,Q1,10-Q,2023-04-26,0001652044-23-000045,CY2023Q1I
ppe_net,PropertyPlantAndEquipmentAndFinanceLeaseRightOfUseAssetAfterAccumulatedDepreciationAndAmortization,us-gaap,USD,,2023-06-30,121208000000.0,2023,Q2,10-Q,2023-07-26,0001652044-23-000070,CY2023Q2I
ppe_net,PropertyPlantAndEquipmentAndFinanceLeaseRightOfUseAssetAfterAccumulatedDepreciationAndAmortization,us-gaap,USD,,2023-09-30,125705000000.0,2023,Q3,10-Q,2023-10-25,0001652044-23-000094,CY2023Q3I
ppe_net,PropertyPlantAndEquipmentAndFinanceLeaseRightOfUseAssetAfterAccumulatedDepreciationAndAmortization,us-gaap,USD,,2023-12-31,134345000000.0,2024,Q3,10-Q,2024-10-30,0001652044-24-000118,CY2023Q4I
ppe_net,PropertyPlantAndEquipmentAndFinanceLeaseRightOfUseAssetAfterAccumulatedDepreciationAndAmortization,us-gaap,USD,,2024-09-30,161270000000.0,2024,Q3,10-Q,2024-10-30,0001652044-24-000118,CY2024Q3I
ppe_net,PropertyPlantAndEquipmentAndFinanceLeaseRightOfUseAssetAfterAccumulatedDepreciationAndAmortization,us-gaap,USD,,2024-12-31,171036000000.0,2025,Q2,10-Q,2025-07-24,0001652044-25-000062,
ppe_net,PropertyPlantAndEquipmentAndFinanceLeaseRightOfUseAssetAfterAccumulatedDepreciationAndAmortization,us-gaap,USD,,2024-12-31,171036000000.0,2025,Q3,10-Q,2025-10-30,0001652044-25-000091,
ppe_net,PropertyPlantAndEquipmentAndFinanceLeaseRightOfUseAssetAfterAccumulatedDepreciationAndAmortization,us-gaap,USD,,2024-12-31,171036000000.0,2025,FY,10-K,2026-02-05,0001652044-26-000018,CY2024Q4I
ppe_net,PropertyPlantAndEquipmentAndFinanceLeaseRightOfUseAssetAfterAccumulatedDepreciationAndAmortization,us-gaap,USD,,2025-06-30,203231000000.0,2025,Q2,10-Q,2025-07-24,0001652044-25-000062,CY2025Q2I
ppe_net,PropertyPlantAndEquipmentAndFinanceLeaseRightOfUseAssetAfterAccumulatedDepreciationAndAmortization,us-gaap,USD,,2025-09-30,223787000000.0,2025,Q3,10-Q,2025-10-30,0001652044-25-000091,CY2025Q3I
ppe_net,PropertyPlantAndEquipmentAndFinanceLeaseRightOfUseAssetAfterAccumulatedDepreciationAndAmortization,us-gaap,USD,,2025-12-31,246597000000.0,2025,FY,10-K,2026-02-05,0001652044-26-000018,
ppe_net,PropertyPlantAndEquipmentAndFinanceLeaseRightOfUseAssetAfterAccumulatedDepreciationAndAmortization,us-gaap,USD,,2025-12-31,246597000000.0,2026,Q1,10-Q,2026-04-30,0001652044-26-000048,
ppe_net,PropertyPlantAndEquipmentAndFinanceLeaseRightOfUseAssetAfterAccumulatedDepreciationAndAmortization,us-gaap,USD,,2025-12-31,246597000000.0,2026,Q2,10-Q,2026-07-23,0001652044-26-000071,CY2025Q4I
ppe_net,PropertyPlantAndEquipmentAndFinanceLeaseRightOfUseAssetAfterAccumulatedDepreciationAndAmortization,us-gaap,USD,,2026-03-31,281020000000.0,2026,Q1,10-Q,2026-04-30,0001652044-26-000048,CY2026Q1I
ppe_net,PropertyPlantAndEquipmentAndFinanceLeaseRightOfUseAssetAfterAccumulatedDepreciationAndAmortization,us-gaap,USD,,2026-06-30,321212000000.0,2026,Q2,10-Q,2026-07-23,0001652044-26-000071,CY2026Q2I
receivables,AccountsReceivableNetCurrent,us-gaap,USD,,2014-12-31,9383000000.0,2015,Q3,10-Q,2015-10-29,0001652044-15-000005,
receivables,AccountsReceivableNetCurrent,us-gaap,USD,,2014-12-31,9383000000.0,2015,FY,10-K,2016-02-11,0001652044-16-000012,
receivables,AccountsReceivableNetCurrent,us-gaap,USD,,2014-12-31,9383000000.0,2015,FY,8-K,2016-05-03,0001652044-16-000022,CY2014Q4I
receivables,AccountsReceivableNetCurrent,us-gaap,USD,,2015-09-30,9749000000.0,2015,Q3,10-Q,2015-10-29,0001652044-15-000005,CY2015Q3I
receivables,AccountsReceivableNetCurrent,us-gaap,USD,,2015-12-31,11556000000.0,2015,FY,10-K,2016-02-11,0001652044-16-000012,
receivables,AccountsReceivableNetCurrent,us-gaap,USD,,2015-12-31,11556000000.0,2016,Q1,10-Q,2016-05-03,0001652044-16-000021,
receivables,AccountsReceivableNetCurrent,us-gaap,USD,,2015-12-31,11556000000.0,2015,FY,8-K,2016-05-03,0001652044-16-000022,
receivables,AccountsReceivableNetCurrent,us-gaap,USD,,2015-12-31,11556000000.0,2016,Q2,10-Q,2016-08-04,0001652044-16-000032,
receivables,AccountsReceivableNetCurrent,us-gaap,USD,,2015-12-31,11556000000.0,2016,Q3,10-Q,2016-11-03,0001652044-16-000038,
receivables,AccountsReceivableNetCurrent,us-gaap,USD,,2015-12-31,11556000000.0,2016,FY,10-K,2017-02-03,0001652044-17-000008,CY2015Q4I
receivables,AccountsReceivableNetCurrent,us-gaap,USD,,2016-03-31,10818000000.0,2016,Q1,10-Q,2016-05-03,0001652044-16-000021,CY2016Q1I
receivables,AccountsReceivableNetCurrent,us-gaap,USD,,2016-06-30,11686000000.0,2016,Q2,10-Q,2016-08-04,0001652044-16-000032,CY2016Q2I
receivables,AccountsReceivableNetCurrent,us-gaap,USD,,2016-09-30,11979000000.0,2016,Q3,10-Q,2016-11-03,0001652044-16-000038,CY2016Q3I
receivables,AccountsReceivableNetCurrent,us-gaap,USD,,2016-12-31,14137000000.0,2016,FY,10-K,2017-02-03,0001652044-17-000008,
receivables,AccountsReceivableNetCurrent,us-gaap,USD,,2016-12-31,14137000000.0,2017,Q1,10-Q,2017-05-02,0001652044-17-000014,
receivables,AccountsReceivableNetCurrent,us-gaap,USD,,2016-12-31,14137000000.0,2017,Q2,10-Q,2017-07-25,0001652044-17-000026,
receivables,AccountsReceivableNetCurrent,us-gaap,USD,,2016-12-31,14137000000.0,2017,Q3,10-Q,2017-10-27,0001652044-17-000042,
receivables,AccountsReceivableNetCurrent,us-gaap,USD,,2016-12-31,14137000000.0,2017,FY,10-K,2018-02-06,0001652044-18-000007,CY2016Q4I
receivables,AccountsReceivableNetCurrent,us-gaap,USD,,2017-03-31,12913000000.0,2017,Q1,10-Q,2017-05-02,0001652044-17-000014,CY2017Q1I
receivables,AccountsReceivableNetCurrent,us-gaap,USD,,2017-06-30,14003000000.0,2017,Q2,10-Q,2017-07-25,0001652044-17-000026,CY2017Q2I
receivables,AccountsReceivableNetCurrent,us-gaap,USD,,2017-09-30,15295000000.0,2017,Q3,10-Q,2017-10-27,0001652044-17-000042,CY2017Q3I
receivables,AccountsReceivableNetCurrent,us-gaap,USD,,2017-12-31,18336000000.0,2017,FY,10-K,2018-02-06,0001652044-18-000007,
receivables,AccountsReceivableNetCurrent,us-gaap,USD,,2017-12-31,18336000000.0,2018,Q1,10-Q,2018-04-24,0001652044-18-000016,
receivables,AccountsReceivableNetCurrent,us-gaap,USD,,2017-12-31,18336000000.0,2018,Q2,10-Q,2018-07-24,0001652044-18-000027,
receivables,AccountsReceivableNetCurrent,us-gaap,USD,,2017-12-31,18336000000.0,2018,Q3,10-Q,2018-10-26,0001652044-18-000035,
receivables,AccountsReceivableNetCurrent,us-gaap,USD,,2017-12-31,18336000000.0,2018,FY,10-K,2019-02-05,0001652044-19-000004,CY2017Q4I
receivables,AccountsReceivableNetCurrent,us-gaap,USD,,2018-03-31,16777000000.0,2018,Q1,10-Q,2018-04-24,0001652044-18-000016,CY2018Q1I
receivables,AccountsReceivableNetCurrent,us-gaap,USD,,2018-06-30,17043000000.0,2018,Q2,10-Q,2018-07-24,0001652044-18-000027,CY2018Q2I
receivables,AccountsReceivableNetCurrent,us-gaap,USD,,2018-09-30,17897000000.0,2018,Q3,10-Q,2018-10-26,0001652044-18-000035,CY2018Q3I
receivables,AccountsReceivableNetCurrent,us-gaap,USD,,2018-12-31,20838000000.0,2018,FY,10-K,2019-02-05,0001652044-19-000004,
receivables,AccountsReceivableNetCurrent,us-gaap,USD,,2018-12-31,20838000000.0,2019,Q1,10-Q,2019-04-30,0001652044-19-000015,
receivables,AccountsReceivableNetCurrent,us-gaap,USD,,2018-12-31,20838000000.0,2019,Q2,10-Q,2019-07-26,0001652044-19-000023,
receivables,AccountsReceivableNetCurrent,us-gaap,USD,,2018-12-31,20838000000.0,2019,Q3,10-Q,2019-10-29,0001652044-19-000032,
receivables,AccountsReceivableNetCurrent,us-gaap,USD,,2018-12-31,20838000000.0,2019,FY,10-K,2020-02-04,0001652044-20-000008,CY2018Q4I
receivables,AccountsReceivableNetCurrent,us-gaap,USD,,2019-03-31,19149000000.0,2019,Q1,10-Q,2019-04-30,0001652044-19-000015,CY2019Q1I
receivables,AccountsReceivableNetCurrent,us-gaap,USD,,2019-06-30,20965000000.0,2019,Q2,10-Q,2019-07-26,0001652044-19-000023,CY2019Q2I
receivables,AccountsReceivableNetCurrent,us-gaap,USD,,2019-09-30,20889000000.0,2019,Q3,10-Q,2019-10-29,0001652044-19-000032,CY2019Q3I
receivables,AccountsReceivableNetCurrent,us-gaap,USD,,2019-12-31,25326000000.0,2019,FY,10-K,2020-02-04,0001652044-20-000008,
receivables,AccountsReceivableNetCurrent,us-gaap,USD,,2019-12-31,25326000000.0,2020,Q1,10-Q,2020-04-29,0001652044-20-000021,
receivables,AccountsReceivableNetCurrent,us-gaap,USD,,2019-12-31,25326000000.0,2020,Q2,10-Q,2020-07-31,0001652044-20-000032,
receivables,AccountsReceivableNetCurrent,us-gaap,USD,,2019-12-31,25326000000.0,2020,Q3,10-Q,2020-10-30,0001652044-20-000050,
receivables,AccountsReceivableNetCurrent,us-gaap,USD,,2019-12-31,25326000000.0,2020,FY,10-K,2021-02-03,0001652044-21-000010,CY2019Q4I
receivables,AccountsReceivableNetCurrent,us-gaap,USD,,2020-03-31,21825000000.0,2020,Q1,10-Q,2020-04-29,0001652044-20-000021,CY2020Q1I
receivables,AccountsReceivableNetCurrent,us-gaap,USD,,2020-06-30,21201000000.0,2020,Q2,10-Q,2020-07-31,0001652044-20-000032,CY2020Q2I
receivables,AccountsReceivableNetCurrent,us-gaap,USD,,2020-09-30,24925000000.0,2020,Q3,10-Q,2020-10-30,0001652044-20-000050,CY2020Q3I
receivables,AccountsReceivableNetCurrent,us-gaap,USD,,2020-12-31,30930000000.0,2020,FY,10-K,2021-02-03,0001652044-21-000010,
receivables,AccountsReceivableNetCurrent,us-gaap,USD,,2020-12-31,30930000000.0,2021,Q1,10-Q,2021-04-28,0001652044-21-000020,
receivables,AccountsReceivableNetCurrent,us-gaap,USD,,2020-12-31,30930000000.0,2021,Q2,10-Q,2021-07-28,0001652044-21-000047,
receivables,AccountsReceivableNetCurrent,us-gaap,USD,,2020-12-31,30930000000.0,2021,Q3,10-Q,2021-10-27,0001652044-21-000057,
receivables,AccountsReceivableNetCurrent,us-gaap,USD,,2020-12-31,30930000000.0,2021,FY,10-K,2022-02-02,0001652044-22-000019,CY2020Q4I
receivables,AccountsReceivableNetCurrent,us-gaap,USD,,2021-03-31,28006000000.0,2021,Q1,10-Q,2021-04-28,0001652044-21-000020,CY2021Q1I
receivables,AccountsReceivableNetCurrent,us-gaap,USD,,2021-06-30,31967000000.0,2021,Q2,10-Q,2021-07-28,0001652044-21-000047,CY2021Q2I
receivables,AccountsReceivableNetCurrent,us-gaap,USD,,2021-09-30,34047000000.0,2021,Q3,10-Q,2021-10-27,0001652044-21-000057,CY2021Q3I
receivables,AccountsReceivableNetCurrent,us-gaap,USD,,2021-12-31,39304000000.0,2021,FY,10-K,2022-02-02,0001652044-22-000019,
receivables,AccountsReceivableNetCurrent,us-gaap,USD,,2021-12-31,39304000000.0,2022,Q1,10-Q,2022-04-27,0001652044-22-000029,
receivables,AccountsReceivableNetCurrent,us-gaap,USD,,2021-12-31,39304000000.0,2022,Q2,10-Q,2022-07-27,0001652044-22-000071,
receivables,AccountsReceivableNetCurrent,us-gaap,USD,,2021-12-31,39304000000.0,2022,Q3,10-Q,2022-10-26,0001652044-22-000090,
receivables,AccountsReceivableNetCurrent,us-gaap,USD,,2021-12-31,39304000000.0,2022,FY,10-K,2023-02-03,0001652044-23-000016,CY2021Q4I
receivables,AccountsReceivableNetCurrent,us-gaap,USD,,2022-03-31,34703000000.0,2022,Q1,10-Q,2022-04-27,0001652044-22-000029,CY2022Q1I
receivables,AccountsReceivableNetCurrent,us-gaap,USD,,2022-06-30,35707000000.0,2022,Q2,10-Q,2022-07-27,0001652044-22-000071,CY2022Q2I
receivables,AccountsReceivableNetCurrent,us-gaap,USD,,2022-09-30,34697000000.0,2022,Q3,10-Q,2022-10-26,0001652044-22-000090,CY2022Q3I
receivables,AccountsReceivableNetCurrent,us-gaap,USD,,2022-12-31,40258000000.0,2022,FY,10-K,2023-02-03,0001652044-23-000016,
receivables,AccountsReceivableNetCurrent,us-gaap,USD,,2022-12-31,40258000000.0,2023,Q1,10-Q,2023-04-26,0001652044-23-000045,
receivables,AccountsReceivableNetCurrent,us-gaap,USD,,2022-12-31,40258000000.0,2023,Q2,10-Q,2023-07-26,0001652044-23-000070,
receivables,AccountsReceivableNetCurrent,us-gaap,USD,,2022-12-31,40258000000.0,2023,Q3,10-Q,2023-10-25,0001652044-23-000094,
receivables,AccountsReceivableNetCurrent,us-gaap,USD,,2022-12-31,40258000000.0,2023,FY,10-K,2024-01-31,0001652044-24-000022,CY2022Q4I
receivables,AccountsReceivableNetCurrent,us-gaap,USD,,2023-03-31,36036000000.0,2023,Q1,10-Q,2023-04-26,0001652044-23-000045,CY2023Q1I
receivables,AccountsReceivableNetCurrent,us-gaap,USD,,2023-06-30,38804000000.0,2023,Q2,10-Q,2023-07-26,0001652044-23-000070,CY2023Q2I
receivables,AccountsReceivableNetCurrent,us-gaap,USD,,2023-09-30,41020000000.0,2023,Q3,10-Q,2023-10-25,0001652044-23-000094,CY2023Q3I
receivables,AccountsReceivableNetCurrent,us-gaap,USD,,2023-12-31,47964000000.0,2023,FY,10-K,2024-01-31,0001652044-24-000022,
receivables,AccountsReceivableNetCurrent,us-gaap,USD,,2023-12-31,47964000000.0,2024,Q1,10-Q,2024-04-26,0001652044-24-000053,
receivables,AccountsReceivableNetCurrent,us-gaap,USD,,2023-12-31,47964000000.0,2024,Q2,10-Q,2024-07-24,0001652044-24-000079,
receivables,AccountsReceivableNetCurrent,us-gaap,USD,,2023-12-31,47964000000.0,2024,Q3,10-Q,2024-10-30,0001652044-24-000118,
receivables,AccountsReceivableNetCurrent,us-gaap,USD,,2023-12-31,47964000000.0,2024,FY,10-K,2025-02-05,0001652044-25-000014,CY2023Q4I
receivables,AccountsReceivableNetCurrent,us-gaap,USD,,2024-03-31,44552000000.0,2024,Q1,10-Q,2024-04-26,0001652044-24-000053,CY2024Q1I
receivables,AccountsReceivableNetCurrent,us-gaap,USD,,2024-06-30,47087000000.0,2024,Q2,10-Q,2024-07-24,0001652044-24-000079,CY2024Q2I
receivables,AccountsReceivableNetCurrent,us-gaap,USD,,2024-09-30,49104000000.0,2024,Q3,10-Q,2024-10-30,0001652044-24-000118,CY2024Q3I
receivables,AccountsReceivableNetCurrent,us-gaap,USD,,2024-12-31,52340000000.0,2024,FY,10-K,2025-02-05,0001652044-25-000014,
receivables,AccountsReceivableNetCurrent,us-gaap,USD,,2024-12-31,52340000000.0,2025,Q1,10-Q,2025-04-25,0001652044-25-000043,
receivables,AccountsReceivableNetCurrent,us-gaap,USD,,2024-12-31,52340000000.0,2025,Q2,10-Q,2025-07-24,0001652044-25-000062,
receivables,AccountsReceivableNetCurrent,us-gaap,USD,,2024-12-31,52340000000.0,2025,Q3,10-Q,2025-10-30,0001652044-25-000091,
receivables,AccountsReceivableNetCurrent,us-gaap,USD,,2024-12-31,52340000000.0,2025,FY,10-K,2026-02-05,0001652044-26-000018,CY2024Q4I
receivables,AccountsReceivableNetCurrent,us-gaap,USD,,2025-03-31,51000000000.0,2025,Q1,10-Q,2025-04-25,0001652044-25-000043,CY2025Q1I
receivables,AccountsReceivableNetCurrent,us-gaap,USD,,2025-06-30,55048000000.0,2025,Q2,10-Q,2025-07-24,0001652044-25-000062,CY2025Q2I
receivables,AccountsReceivableNetCurrent,us-gaap,USD,,2025-09-30,57148000000.0,2025,Q3,10-Q,2025-10-30,0001652044-25-000091,CY2025Q3I
receivables,AccountsReceivableNetCurrent,us-gaap,USD,,2025-12-31,62886000000.0,2025,FY,10-K,2026-02-05,0001652044-26-000018,
receivables,AccountsReceivableNetCurrent,us-gaap,USD,,2025-12-31,62886000000.0,2026,Q1,10-Q,2026-04-30,0001652044-26-000048,
receivables,AccountsReceivableNetCurrent,us-gaap,USD,,2025-12-31,62886000000.0,2026,Q2,10-Q,2026-07-23,0001652044-26-000071,CY2025Q4I
receivables,AccountsReceivableNetCurrent,us-gaap,USD,,2026-03-31,62999000000.0,2026,Q1,10-Q,2026-04-30,0001652044-26-000048,CY2026Q1I
receivables,AccountsReceivableNetCurrent,us-gaap,USD,,2026-06-30,69175000000.0,2026,Q2,10-Q,2026-07-23,0001652044-26-000071,CY2026Q2I
revenue,Revenues,us-gaap,USD,2013-01-01,2013-12-31,55519000000.0,2015,FY,10-K,2016-02-11,0001652044-16-000012,
revenue,Revenues,us-gaap,USD,2013-01-01,2013-12-31,55519000000.0,2015,FY,8-K,2016-05-03,0001652044-16-000022,CY2013
revenue,Revenues,us-gaap,USD,2014-01-01,2014-09-30,47898000000.0,2015,Q3,10-Q,2015-10-29,0001652044-15-000005,
revenue,Revenues,us-gaap,USD,2014-07-01,2014-09-30,16523000000.0,2015,Q3,10-Q,2015-10-29,0001652044-15-000005,CY2014Q3
revenue,Revenues,us-gaap,USD,2014-01-01,2014-12-31,66001000000.0,2015,FY,10-K,2016-02-11,0001652044-16-000012,
revenue,Revenues,us-gaap,USD,2014-01-01,2014-12-31,66001000000.0,2015,FY,8-K,2016-05-03,0001652044-16-000022,
revenue,Revenues,us-gaap,USD,2014-01-01,2014-12-31,66001000000.0,2016,FY,10-K,2017-02-03,0001652044-17-000008,CY2014
revenue,Revenues,us-gaap,USD,2015-01-01,2015-03-31,17258000000.0,2016,Q1,10-Q,2016-05-03,0001652044-16-000021,CY2015Q1
revenue,Revenues,us-gaap,USD,2015-01-01,2015-06-30,34985000000.0,2016,Q2,10-Q,2016-08-04,0001652044-16-000032,
revenue,Revenues,us-gaap,USD,2015-04-01,2015-06-30,17727000000.0,2016,Q2,10-Q,2016-08-04,0001652044-16-000032,CY2015Q2
revenue,Revenues,us-gaap,USD,2015-01-01,2015-09-30,53660000000.0,2015,Q3,10-Q,2015-10-29,0001652044-15-000005,
revenue,Revenues,us-gaap,USD,2015-07-01,2015-09-30,18675000000.0,2015,Q3,10-Q,2015-10-29,0001652044-15-000005,
revenue,Revenues,us-gaap,USD,2015-01-01,2015-09-30,53660000000.0,2016,Q3,10-Q,2016-11-03,0001652044-16-000038,
revenue,Revenues,us-gaap,USD,2015-07-01,2015-09-30,18675000000.0,2016,Q3,10-Q,2016-11-03,0001652044-16-000038,CY2015Q3
revenue,Revenues,us-gaap,USD,2015-01-01,2015-12-31,74989000000.0,2015,FY,10-K,2016-02-11,0001652044-16-000012,
revenue,Revenues,us-gaap,USD,2015-01-01,2015-12-31,74989000000.0,2015,FY,8-K,2016-05-03,0001652044-16-000022,
revenue,Revenues,us-gaap,USD,2015-01-01,2015-12-31,74989000000.0,2016,FY,10-K,2017-02-03,0001652044-17-000008,
revenue,Revenues,us-gaap,USD,2015-01-01,2015-12-31,74989000000.0,2017,FY,10-K,2018-02-06,0001652044-18-000007,CY2015
revenue,Revenues,us-gaap,USD,2016-01-01,2016-03-31,20257000000.0,2016,Q1,10-Q,2016-05-03,0001652044-16-000021,
revenue,Revenues,us-gaap,USD,2016-01-01,2016-03-31,20257000000.0,2017,Q1,10-Q,2017-05-02,0001652044-17-000014,CY2016Q1
revenue,Revenues,us-gaap,USD,2016-01-01,2016-06-30,41757000000.0,2016,Q2,10-Q,2016-08-04,0001652044-16-000032,
revenue,Revenues,us-gaap,USD,2016-04-01,2016-06-30,21500000000.0,2016,Q2,10-Q,2016-08-04,0001652044-16-000032,
revenue,Revenues,us-gaap,USD,2016-01-01,2016-06-30,41757000000.0,2017,Q2,10-Q,2017-07-25,0001652044-17-000026,
revenue,Revenues,us-gaap,USD,2016-04-01,2016-06-30,21500000000.0,2017,Q2,10-Q,2017-07-25,0001652044-17-000026,CY2016Q2
revenue,Revenues,us-gaap,USD,2016-01-01,2016-09-30,64208000000.0,2016,Q3,10-Q,2016-11-03,0001652044-16-000038,
revenue,Revenues,us-gaap,USD,2016-07-01,2016-09-30,22451000000.0,2016,Q3,10-Q,2016-11-03,0001652044-16-000038,
revenue,Revenues,us-gaap,USD,2016-01-01,2016-09-30,64208000000.0,2017,Q3,10-Q,2017-10-27,0001652044-17-000042,
revenue,Revenues,us-gaap,USD,2016-07-01,2016-09-30,22451000000.0,2017,Q3,10-Q,2017-10-27,0001652044-17-000042,CY2016Q3
revenue,Revenues,us-gaap,USD,2016-01-01,2016-12-31,90272000000.0,2016,FY,10-K,2017-02-03,0001652044-17-000008,
revenue,Revenues,us-gaap,USD,2016-01-01,2016-12-31,90272000000.0,2017,FY,10-K,2018-02-06,0001652044-18-000007,CY2016
revenue,Revenues,us-gaap,USD,2017-01-01,2017-03-31,24750000000.0,2017,Q1,10-Q,2017-05-02,0001652044-17-000014,
revenue,Revenues,us-gaap,USD,2017-01-01,2017-03-31,24750000000.0,2018,Q1,10-Q,2018-04-24,0001652044-18-000016,CY2017Q1
revenue,Revenues,us-gaap,USD,2017-01-01,2017-06-30,50760000000.0,2017,Q2,10-Q,2017-07-25,0001652044-17-000026,
revenue,Revenues,us-gaap,USD,2017-04-01,2017-06-30,26010000000.0,2017,Q2,10-Q,2017-07-25,0001652044-17-000026,
revenue,Revenues,us-gaap,USD,2017-01-01,2017-06-30,50760000000.0,2018,Q2,10-Q,2018-07-24,0001652044-18-000027,
revenue,Revenues,us-gaap,USD,2017-04-01,2017-06-30,26010000000.0,2018,Q2,10-Q,2018-07-24,0001652044-18-000027,CY2017Q2
revenue,Revenues,us-gaap,USD,2017-01-01,2017-09-30,78532000000.0,2017,Q3,10-Q,2017-10-27,0001652044-17-000042,
revenue,Revenues,us-gaap,USD,2017-07-01,2017-09-30,27772000000.0,2017,Q3,10-Q,2017-10-27,0001652044-17-000042,
revenue,Revenues,us-gaap,USD,2017-01-01,2017-09-30,78532000000.0,2018,Q3,10-Q,2018-10-26,0001652044-18-000035,
revenue,Revenues,us-gaap,USD,2017-07-01,2017-09-30,27772000000.0,2018,Q3,10-Q,2018-10-26,0001652044-18-000035,CY2017Q3
revenue,Revenues,us-gaap,USD,2017-01-01,2017-12-31,110855000000.0,2017,FY,10-K,2018-02-06,0001652044-18-000007,CY2017
revenue,Revenues,us-gaap,USD,2018-01-01,2018-03-31,31146000000.0,2018,Q1,10-Q,2018-04-24,0001652044-18-000016,
revenue,Revenues,us-gaap,USD,2018-01-01,2018-03-31,31146000000.0,2019,Q1,10-Q,2019-04-30,0001652044-19-000015,CY2018Q1
revenue,Revenues,us-gaap,USD,2018-01-01,2018-06-30,63803000000.0,2018,Q2,10-Q,2018-07-24,0001652044-18-000027,
revenue,Revenues,us-gaap,USD,2018-04-01,2018-06-30,32657000000.0,2018,Q2,10-Q,2018-07-24,0001652044-18-000027,CY2018Q2
revenue,Revenues,us-gaap,USD,2018-01-01,2018-09-30,97543000000.0,2018,Q3,10-Q,2018-10-26,0001652044-18-000035,
revenue,Revenues,us-gaap,USD,2018-07-01,2018-09-30,33740000000.0,2018,Q3,10-Q,2018-10-26,0001652044-18-000035,CY2018Q3
revenue,Revenues,us-gaap,USD,2018-01-01,2018-12-31,136819000000.0,2020,FY,10-K,2021-02-03,0001652044-21-000010,CY2018
revenue,Revenues,us-gaap,USD,2019-01-01,2019-03-31,36339000000.0,2019,Q1,10-Q,2019-04-30,0001652044-19-000015,CY2019Q1
revenue,Revenues,us-gaap,USD,2019-01-01,2019-12-31,161857000000.0,2020,FY,10-K,2021-02-03,0001652044-21-000010,
revenue,Revenues,us-gaap,USD,2019-01-01,2019-12-31,161857000000.0,2021,FY,10-K,2022-02-02,0001652044-22-000019,CY2019
revenue,Revenues,us-gaap,USD,2020-01-01,2020-03-31,41159000000.0,2021,Q1,10-Q,2021-04-28,0001652044-21-000020,CY2020Q1
revenue,Revenues,us-gaap,USD,2020-01-01,2020-06-30,79456000000.0,2021,Q2,10-Q,2021-07-28,0001652044-21-000047,
revenue,Revenues,us-gaap,USD,2020-04-01,2020-06-30,38297000000.0,2021,Q2,10-Q,2021-07-28,0001652044-21-000047,CY2020Q2
revenue,Revenues,us-gaap,USD,2020-01-01,2020-12-31,182527000000.0,2020,FY,10-K,2021-02-03,0001652044-21-000010,
revenue,Revenues,us-gaap,USD,2020-01-01,2020-12-31,182527000000.0,2021,FY,10-K,2022-02-02,0001652044-22-000019,CY2020
revenue,Revenues,us-gaap,USD,2021-01-01,2021-03-31,55314000000.0,2021,Q1,10-Q,2021-04-28,0001652044-21-000020,CY2021Q1
revenue,Revenues,us-gaap,USD,2021-01-01,2021-06-30,117194000000.0,2021,Q2,10-Q,2021-07-28,0001652044-21-000047,
revenue,Revenues,us-gaap,USD,2021-04-01,2021-06-30,61880000000.0,2021,Q2,10-Q,2021-07-28,0001652044-21-000047,CY2021Q2
revenue,Revenues,us-gaap,USD,2021-01-01,2021-12-31,257637000000.0,2021,FY,10-K,2022-02-02,0001652044-22-000019,CY2021
revenue,Revenues,us-gaap,USD,2023-01-01,2023-12-31,307394000000.0,2025,FY,10-K,2026-02-05,0001652044-26-000018,CY2023
revenue,Revenues,us-gaap,USD,2024-01-01,2024-06-30,165281000000.0,2025,Q2,10-Q,2025-07-24,0001652044-25-000062,
revenue,Revenues,us-gaap,USD,2024-04-01,2024-06-30,84742000000.0,2025,Q2,10-Q,2025-07-24,0001652044-25-000062,CY2024Q2
revenue,Revenues,us-gaap,USD,2024-01-01,2024-09-30,253549000000.0,2025,Q3,10-Q,2025-10-30,0001652044-25-000091,
revenue,Revenues,us-gaap,USD,2024-07-01,2024-09-30,88268000000.0,2025,Q3,10-Q,2025-10-30,0001652044-25-000091,CY2024Q3
revenue,Revenues,us-gaap,USD,2024-01-01,2024-12-31,350018000000.0,2025,FY,10-K,2026-02-05,0001652044-26-000018,CY2024
revenue,Revenues,us-gaap,USD,2025-01-01,2025-03-31,90234000000.0,2026,Q1,10-Q,2026-04-30,0001652044-26-000048,CY2025Q1
revenue,Revenues,us-gaap,USD,2025-01-01,2025-06-30,186662000000.0,2025,Q2,10-Q,2025-07-24,0001652044-25-000062,
revenue,Revenues,us-gaap,USD,2025-04-01,2025-06-30,96428000000.0,2025,Q2,10-Q,2025-07-24,0001652044-25-000062,
revenue,Revenues,us-gaap,USD,2025-01-01,2025-06-30,186662000000.0,2026,Q2,10-Q,2026-07-23,0001652044-26-000071,
revenue,Revenues,us-gaap,USD,2025-04-01,2025-06-30,96428000000.0,2026,Q2,10-Q,2026-07-23,0001652044-26-000071,CY2025Q2
revenue,Revenues,us-gaap,USD,2025-01-01,2025-09-30,289007000000.0,2025,Q3,10-Q,2025-10-30,0001652044-25-000091,
revenue,Revenues,us-gaap,USD,2025-07-01,2025-09-30,102346000000.0,2025,Q3,10-Q,2025-10-30,0001652044-25-000091,CY2025Q3
revenue,Revenues,us-gaap,USD,2025-01-01,2025-12-31,402836000000.0,2025,FY,10-K,2026-02-05,0001652044-26-000018,CY2025
revenue,Revenues,us-gaap,USD,2026-01-01,2026-03-31,109896000000.0,2026,Q1,10-Q,2026-04-30,0001652044-26-000048,CY2026Q1
revenue,Revenues,us-gaap,USD,2026-01-01,2026-06-30,229692000000.0,2026,Q2,10-Q,2026-07-23,0001652044-26-000071,
revenue,Revenues,us-gaap,USD,2026-04-01,2026-06-30,119796000000.0,2026,Q2,10-Q,2026-07-23,0001652044-26-000071,CY2026Q2
shares_outstanding,CommonStockSharesOutstanding,us-gaap,shares,,2014-12-31,680172000.0,2015,FY,10-K,2016-02-11,0001652044-16-000012,
shares_outstanding,CommonStockSharesOutstanding,us-gaap,shares,,2014-12-31,680172000.0,2015,FY,8-K,2016-05-03,0001652044-16-000022,CY2014Q4I
shares_outstanding,CommonStockSharesOutstanding,us-gaap,shares,,2015-12-31,687348000.0,2015,FY,10-K,2016-02-11,0001652044-16-000012,
shares_outstanding,CommonStockSharesOutstanding,us-gaap,shares,,2015-12-31,687348000.0,2016,Q1,10-Q,2016-05-03,0001652044-16-000021,
shares_outstanding,CommonStockSharesOutstanding,us-gaap,shares,,2015-12-31,687348000.0,2015,FY,8-K,2016-05-03,0001652044-16-000022,
shares_outstanding,CommonStockSharesOutstanding,us-gaap,shares,,2015-12-31,687348000.0,2016,Q2,10-Q,2016-08-04,0001652044-16-000032,
shares_outstanding,CommonStockSharesOutstanding,us-gaap,shares,,2015-12-31,687348000.0,2016,Q3,10-Q,2016-11-03,0001652044-16-000038,
shares_outstanding,CommonStockSharesOutstanding,us-gaap,shares,,2015-12-31,687348000.0,2016,FY,10-K,2017-02-03,0001652044-17-000008,CY2015Q4I
shares_outstanding,CommonStockSharesOutstanding,us-gaap,shares,,2016-03-31,686792000.0,2016,Q1,10-Q,2016-05-03,0001652044-16-000021,CY2016Q1I
shares_outstanding,CommonStockSharesOutstanding,us-gaap,shares,,2016-06-30,686778000.0,2016,Q2,10-Q,2016-08-04,0001652044-16-000032,CY2016Q2I
shares_outstanding,CommonStockSharesOutstanding,us-gaap,shares,,2016-09-30,689136000.0,2016,Q3,10-Q,2016-11-03,0001652044-16-000038,CY2016Q3I
shares_outstanding,CommonStockSharesOutstanding,us-gaap,shares,,2016-12-31,691293000.0,2016,FY,10-K,2017-02-03,0001652044-17-000008,
shares_outstanding,CommonStockSharesOutstanding,us-gaap,shares,,2016-12-31,691293000.0,2017,Q1,10-Q,2017-05-02,0001652044-17-000014,
shares_outstanding,CommonStockSharesOutstanding,us-gaap,shares,,2016-12-31,691293000.0,2017,Q2,10-Q,2017-07-25,0001652044-17-000026,
shares_outstanding,CommonStockSharesOutstanding,us-gaap,shares,,2016-12-31,691293000.0,2017,Q3,10-Q,2017-10-27,0001652044-17-000042,
shares_outstanding,CommonStockSharesOutstanding,us-gaap,shares,,2016-12-31,691293000.0,2017,FY,10-K,2018-02-06,0001652044-18-000007,CY2016Q4I
shares_outstanding,CommonStockSharesOutstanding,us-gaap,shares,,2017-03-31,692108000.0,2017,Q1,10-Q,2017-05-02,0001652044-17-000014,CY2017Q1I
shares_outstanding,CommonStockSharesOutstanding,us-gaap,shares,,2017-06-30,692876000.0,2017,Q2,10-Q,2017-07-25,0001652044-17-000026,CY2017Q2I
shares_outstanding,CommonStockSharesOutstanding,us-gaap,shares,,2017-09-30,694790000.0,2017,Q3,10-Q,2017-10-27,0001652044-17-000042,CY2017Q3I
shares_outstanding,CommonStockSharesOutstanding,us-gaap,shares,,2017-12-31,694783000.0,2017,FY,10-K,2018-02-06,0001652044-18-000007,
shares_outstanding,CommonStockSharesOutstanding,us-gaap,shares,,2017-12-31,694783000.0,2018,Q1,10-Q,2018-04-24,0001652044-18-000016,
shares_outstanding,CommonStockSharesOutstanding,us-gaap,shares,,2017-12-31,694783000.0,2018,Q2,10-Q,2018-07-24,0001652044-18-000027,
shares_outstanding,CommonStockSharesOutstanding,us-gaap,shares,,2017-12-31,694783000.0,2018,Q3,10-Q,2018-10-26,0001652044-18-000035,
shares_outstanding,CommonStockSharesOutstanding,us-gaap,shares,,2017-12-31,694783000.0,2018,FY,10-K,2019-02-05,0001652044-19-000004,CY2017Q4I
shares_outstanding,CommonStockSharesOutstanding,us-gaap,shares,,2018-03-31,694945000.0,2018,Q1,10-Q,2018-04-24,0001652044-18-000016,CY2018Q1I
shares_outstanding,CommonStockSharesOutstanding,us-gaap,shares,,2018-06-30,695946000.0,2018,Q2,10-Q,2018-07-24,0001652044-18-000027,CY2018Q2I
shares_outstanding,CommonStockSharesOutstanding,us-gaap,shares,,2018-09-30,695957000.0,2018,Q3,10-Q,2018-10-26,0001652044-18-000035,CY2018Q3I
shares_outstanding,CommonStockSharesOutstanding,us-gaap,shares,,2018-12-31,695556000.0,2018,FY,10-K,2019-02-05,0001652044-19-000004,
shares_outstanding,CommonStockSharesOutstanding,us-gaap,shares,,2018-12-31,695556000.0,2019,Q1,10-Q,2019-04-30,0001652044-19-000015,
shares_outstanding,CommonStockSharesOutstanding,us-gaap,shares,,2018-12-31,695556000.0,2019,Q2,10-Q,2019-07-26,0001652044-19-000023,
shares_outstanding,CommonStockSharesOutstanding,us-gaap,shares,,2018-12-31,695556000.0,2019,Q3,10-Q,2019-10-29,0001652044-19-000032,
shares_outstanding,CommonStockSharesOutstanding,us-gaap,shares,,2018-12-31,695556000.0,2019,FY,10-K,2020-02-04,0001652044-20-000008,CY2018Q4I
shares_outstanding,CommonStockSharesOutstanding,us-gaap,shares,,2019-03-31,694782000.0,2019,Q1,10-Q,2019-04-30,0001652044-19-000015,CY2019Q1I
shares_outstanding,CommonStockSharesOutstanding,us-gaap,shares,,2019-06-30,694050000.0,2019,Q2,10-Q,2019-07-26,0001652044-19-000023,CY2019Q2I
shares_outstanding,CommonStockSharesOutstanding,us-gaap,shares,,2019-09-30,690906000.0,2019,Q3,10-Q,2019-10-29,0001652044-19-000032,CY2019Q3I
shares_outstanding,CommonStockSharesOutstanding,us-gaap,shares,,2019-12-31,688335000.0,2019,FY,10-K,2020-02-04,0001652044-20-000008,
shares_outstanding,CommonStockSharesOutstanding,us-gaap,shares,,2019-12-31,688335000.0,2020,Q1,10-Q,2020-04-29,0001652044-20-000021,
shares_outstanding,CommonStockSharesOutstanding,us-gaap,shares,,2019-12-31,688335000.0,2020,Q2,10-Q,2020-07-31,0001652044-20-000032,
shares_outstanding,CommonStockSharesOutstanding,us-gaap,shares,,2019-12-31,688335000.0,2020,Q3,10-Q,2020-10-30,0001652044-20-000050,
shares_outstanding,CommonStockSharesOutstanding,us-gaap,shares,,2019-12-31,688335000.0,2020,FY,10-K,2021-02-03,0001652044-21-000010,CY2019Q4I
shares_outstanding,CommonStockSharesOutstanding,us-gaap,shares,,2020-03-31,683972000.0,2020,Q1,10-Q,2020-04-29,0001652044-20-000021,CY2020Q1I
shares_outstanding,CommonStockSharesOutstanding,us-gaap,shares,,2020-06-30,681215000.0,2020,Q2,10-Q,2020-07-31,0001652044-20-000032,CY2020Q2I
shares_outstanding,CommonStockSharesOutstanding,us-gaap,shares,,2020-09-30,677724000.0,2020,Q3,10-Q,2020-10-30,0001652044-20-000050,CY2020Q3I
shares_outstanding,CommonStockSharesOutstanding,us-gaap,shares,,2020-12-31,675222000.0,2020,FY,10-K,2021-02-03,0001652044-21-000010,
shares_outstanding,CommonStockSharesOutstanding,us-gaap,shares,,2020-12-31,675222000.0,2021,Q1,10-Q,2021-04-28,0001652044-21-000020,
shares_outstanding,CommonStockSharesOutstanding,us-gaap,shares,,2020-12-31,675222000.0,2021,Q2,10-Q,2021-07-28,0001652044-21-000047,
shares_outstanding,CommonStockSharesOutstanding,us-gaap,shares,,2020-12-31,675222000.0,2021,Q3,10-Q,2021-10-27,0001652044-21-000057,
shares_outstanding,CommonStockSharesOutstanding,us-gaap,shares,,2020-12-31,675222000.0,2021,FY,10-K,2022-02-02,0001652044-22-000019,CY2020Q4I
shares_outstanding,CommonStockSharesOutstanding,us-gaap,shares,,2021-03-31,671094000.0,2021,Q1,10-Q,2021-04-28,0001652044-21-000020,CY2021Q1I
shares_outstanding,CommonStockSharesOutstanding,us-gaap,shares,,2021-06-30,667637000.0,2021,Q2,10-Q,2021-07-28,0001652044-21-000047,CY2021Q2I
shares_outstanding,CommonStockSharesOutstanding,us-gaap,shares,,2021-09-30,664682000.0,2021,Q3,10-Q,2021-10-27,0001652044-21-000057,CY2021Q3I
shares_outstanding,CommonStockSharesOutstanding,us-gaap,shares,,2021-12-31,662121000.0,2021,FY,10-K,2022-02-02,0001652044-22-000019,
shares_outstanding,CommonStockSharesOutstanding,us-gaap,shares,,2021-12-31,662121000.0,2022,Q1,10-Q,2022-04-27,0001652044-22-000029,
shares_outstanding,CommonStockSharesOutstanding,us-gaap,shares,,2021-12-31,13242000000.0,2022,Q2,10-Q,2022-07-27,0001652044-22-000071,
shares_outstanding,CommonStockSharesOutstanding,us-gaap,shares,,2021-12-31,13242000000.0,2022,Q3,10-Q,2022-10-26,0001652044-22-000090,
shares_outstanding,CommonStockSharesOutstanding,us-gaap,shares,,2021-12-31,13242000000.0,2022,FY,10-K,2023-02-03,0001652044-23-000016,CY2021Q4I
shares_outstanding,CommonStockSharesOutstanding,us-gaap,shares,,2022-03-31,658763000.0,2022,Q1,10-Q,2022-04-27,0001652044-22-000029,CY2022Q1I
shares_outstanding,CommonStockSharesOutstanding,us-gaap,shares,,2022-06-30,13078000000.0,2022,Q2,10-Q,2022-07-27,0001652044-22-000071,CY2022Q2I
shares_outstanding,CommonStockSharesOutstanding,us-gaap,shares,,2022-09-30,12971000000.0,2022,Q3,10-Q,2022-10-26,0001652044-22-000090,CY2022Q3I
shares_outstanding,CommonStockSharesOutstanding,us-gaap,shares,,2022-12-31,12849000000.0,2022,FY,10-K,2023-02-03,0001652044-23-000016,
shares_outstanding,CommonStockSharesOutstanding,us-gaap,shares,,2022-12-31,12849000000.0,2023,Q1,10-Q,2023-04-26,0001652044-23-000045,
shares_outstanding,CommonStockSharesOutstanding,us-gaap,shares,,2022-12-31,12849000000.0,2023,Q2,10-Q,2023-07-26,0001652044-23-000070,
shares_outstanding,CommonStockSharesOutstanding,us-gaap,shares,,2022-12-31,12849000000.0,2023,Q3,10-Q,2023-10-25,0001652044-23-000094,
shares_outstanding,CommonStockSharesOutstanding,us-gaap,shares,,2022-12-31,12849000000.0,2023,FY,10-K,2024-01-31,0001652044-24-000022,CY2022Q4I
shares_outstanding,CommonStockSharesOutstanding,us-gaap,shares,,2023-03-31,12722000000.0,2023,Q1,10-Q,2023-04-26,0001652044-23-000045,CY2023Q1I
shares_outstanding,CommonStockSharesOutstanding,us-gaap,shares,,2023-06-30,12629000000.0,2023,Q2,10-Q,2023-07-26,0001652044-23-000070,CY2023Q2I
shares_outstanding,CommonStockSharesOutstanding,us-gaap,shares,,2023-09-30,12541000000.0,2023,Q3,10-Q,2023-10-25,0001652044-23-000094,CY2023Q3I
shares_outstanding,CommonStockSharesOutstanding,us-gaap,shares,,2023-12-31,12460000000.0,2023,FY,10-K,2024-01-31,0001652044-24-000022,
shares_outstanding,CommonStockSharesOutstanding,us-gaap,shares,,2023-12-31,12460000000.0,2024,Q1,10-Q,2024-04-26,0001652044-24-000053,
shares_outstanding,CommonStockSharesOutstanding,us-gaap,shares,,2023-12-31,12460000000.0,2024,Q2,10-Q,2024-07-24,0001652044-24-000079,
shares_outstanding,CommonStockSharesOutstanding,us-gaap,shares,,2023-12-31,12460000000.0,2024,Q3,10-Q,2024-10-30,0001652044-24-000118,
shares_outstanding,CommonStockSharesOutstanding,us-gaap,shares,,2023-12-31,12460000000.0,2024,FY,10-K,2025-02-05,0001652044-25-000014,CY2023Q4I
shares_outstanding,CommonStockSharesOutstanding,us-gaap,shares,,2024-03-31,12381000000.0,2024,Q1,10-Q,2024-04-26,0001652044-24-000053,CY2024Q1I
shares_outstanding,CommonStockSharesOutstanding,us-gaap,shares,,2024-06-30,12322000000.0,2024,Q2,10-Q,2024-07-24,0001652044-24-000079,CY2024Q2I
shares_outstanding,CommonStockSharesOutstanding,us-gaap,shares,,2024-09-30,12264000000.0,2024,Q3,10-Q,2024-10-30,0001652044-24-000118,CY2024Q3I
shares_outstanding,CommonStockSharesOutstanding,us-gaap,shares,,2024-12-31,12211000000.0,2024,FY,10-K,2025-02-05,0001652044-25-000014,
shares_outstanding,CommonStockSharesOutstanding,us-gaap,shares,,2024-12-31,12211000000.0,2025,Q1,10-Q,2025-04-25,0001652044-25-000043,
shares_outstanding,CommonStockSharesOutstanding,us-gaap,shares,,2024-12-31,12211000000.0,2025,Q2,10-Q,2025-07-24,0001652044-25-000062,
shares_outstanding,CommonStockSharesOutstanding,us-gaap,shares,,2024-12-31,12211000000.0,2025,Q3,10-Q,2025-10-30,0001652044-25-000091,
shares_outstanding,CommonStockSharesOutstanding,us-gaap,shares,,2024-12-31,12211000000.0,2025,FY,10-K,2026-02-05,0001652044-26-000018,CY2024Q4I
shares_outstanding,CommonStockSharesOutstanding,us-gaap,shares,,2025-03-31,12155000000.0,2025,Q1,10-Q,2025-04-25,0001652044-25-000043,CY2025Q1I
shares_outstanding,CommonStockSharesOutstanding,us-gaap,shares,,2025-06-30,12104000000.0,2025,Q2,10-Q,2025-07-24,0001652044-25-000062,CY2025Q2I
shares_outstanding,CommonStockSharesOutstanding,us-gaap,shares,,2025-09-30,12077000000.0,2025,Q3,10-Q,2025-10-30,0001652044-25-000091,CY2025Q3I
shares_outstanding,CommonStockSharesOutstanding,us-gaap,shares,,2025-12-31,12088000000.0,2025,FY,10-K,2026-02-05,0001652044-26-000018,
shares_outstanding,CommonStockSharesOutstanding,us-gaap,shares,,2025-12-31,12088000000.0,2026,Q1,10-Q,2026-04-30,0001652044-26-000048,
shares_outstanding,CommonStockSharesOutstanding,us-gaap,shares,,2025-12-31,12088000000.0,2026,Q2,10-Q,2026-07-23,0001652044-26-000071,CY2025Q4I
shares_outstanding,CommonStockSharesOutstanding,us-gaap,shares,,2026-03-31,12116000000.0,2026,Q1,10-Q,2026-04-30,0001652044-26-000048,CY2026Q1I
shares_outstanding,CommonStockSharesOutstanding,us-gaap,shares,,2026-06-30,12230000000.0,2026,Q2,10-Q,2026-07-23,0001652044-26-000071,CY2026Q2I
