entity_id,entity_name,plant_id,plant_name,generator_id,state,balancing_authority,technology,energy_source,prime_mover,nameplate_mw,net_summer_mw,status,status_code,year,month
5580,"East Kentucky Power Coop, Inc",54,J K Smith,GT11,KY,PJM,Natural Gas Fired Combustion Turbine,NG,GT,98.0,74.0,,,,
5580,"East Kentucky Power Coop, Inc",54,J K Smith,GT12,KY,PJM,Natural Gas Fired Combustion Turbine,NG,GT,98.0,74.0,,,,
5580,"East Kentucky Power Coop, Inc",54,J K Smith,GT8,KY,PJM,Natural Gas Fired Combustion Turbine,NG,GT,83.0,74.0,,,,
5580,"East Kentucky Power Coop, Inc",54,J K Smith,ST1,KY,PJM,Conventional Steam Coal,BIT,ST,329.4,278.0,,,,
986,Aurora Energy LLC,79,Chena Power Plant,7,AK,,Conventional Steam Coal,SUB,ST,2.3,2.3,,,,
21554,Seminole Electric Cooperative Inc,136,Seminole (FL),3,FL,SEC,Conventional Steam Coal,BIT,ST,850.0,750.0,,,,
796,Arizona Electric Pwr Coop Inc,160,Apache Station,GT7,AZ,WALC,Natural Gas Fired Combustion Turbine,NG,GT,51.1,38.0,,,,
796,Arizona Electric Pwr Coop Inc,160,Apache Station,GT8,AZ,WALC,Natural Gas Fired Combustion Turbine,NG,GT,51.1,38.0,,,,
14354,PacifiCorp,299,Blundell,3,UT,PACE,Geothermal,GEO,ST,30.0,35.0,,,,
11208,Los Angeles Department of Water & Power,404,Scattergood,8,CA,LDWP,Natural Gas Fired Combined Cycle,NG,CT,230.0,218.0,,,,
11208,Los Angeles Department of Water & Power,404,Scattergood,9,CA,LDWP,Natural Gas Fired Combined Cycle,NG,CA,116.0,110.0,,,,
54895,FirstLight Power Resources Services LLC,552,Shepaug,2,CT,ISNE,Petroleum Liquids,DFO,GT,49.2,39.0,,,,
10623,City of Lakeland - (FL),676,C D McIntosh Jr,4,FL,FMPP,Petroleum Coke,PC,ST,288.0,288.0,,,,
10623,City of Lakeland - (FL),676,C D McIntosh Jr,PV6,FL,FMPP,Solar Photovoltaic,SUN,PV,16.0,16.0,,,,
18445,City of Tallahassee - (FL),688,Arvah B Hopkins,5,FL,TAL,Natural Gas Fired Combined Cycle,NG,CT,212.5,156.0,,,,
18445,City of Tallahassee - (FL),688,Arvah B Hopkins,CT A,FL,TAL,Natural Gas Fired Combined Cycle,NG,CT,50.0,36.0,,,,
18445,City of Tallahassee - (FL),688,Arvah B Hopkins,GT5,FL,TAL,Natural Gas Fired Combustion Turbine,NG,GT,60.0,42.0,,,,
62042,SRIV Partnership LLC,692,Medicine Bow,12,WY,WAUW,Onshore Wind Turbine,WND,WT,0.7,0.7,,,,
62042,SRIV Partnership LLC,692,Medicine Bow,13,WY,WAUW,Onshore Wind Turbine,WND,WT,0.7,0.7,,,,
14653,PUD No 1 of Pend Oreille County - (WA),773,Sullivan CR,1,WA,,Conventional Hydroelectric,WAT,HY,4.5,4.5,,,,
14653,PUD No 1 of Pend Oreille County - (WA),773,Sullivan CR,2,WA,,Conventional Hydroelectric,WAT,HY,4.5,4.5,,,,
1179,Versant Power,783,Basin Mills,1,ME,,Conventional Hydroelectric,WAT,HY,12.0,12.0,,,,
1179,Versant Power,783,Basin Mills,2,ME,,Conventional Hydroelectric,WAT,HY,12.0,12.0,,,,
1179,Versant Power,783,Basin Mills,3,ME,,Conventional Hydroelectric,WAT,HY,12.0,12.0,,,,
1179,Versant Power,784,Veazie C,1,ME,,Conventional Hydroelectric,WAT,HY,8.0,8.0,,,,
40215,"Cordova Electric Coop, Inc",789,Orca,1,AK,,Petroleum Liquids,DFO,IC,1.5,1.5,,,,
40215,"Cordova Electric Coop, Inc",789,Orca,2,AK,,Petroleum Liquids,DFO,IC,1.5,1.5,,,,
3913,City of Colby - (KS),1272,Colby City of,11,KS,SWPP,Petroleum Liquids,DFO,IC,3.0,3.0,,,,
20813,City of Winfield - (KS),1332,West 14th Street,IC1,KS,SWPP,Petroleum Liquids,DFO,IC,1.6,,,,,
61708,Canal Generating LLC,1599,Canal,UN2R,MA,ISNE,Natural Gas Fired Combustion Turbine,NG,GT,330.0,330.0,,,,
8776,City of Holyoke Gas and Elec Dept - (MA),1605,Hadley Falls,3,MA,ISNE,Conventional Hydroelectric,WAT,HY,3.5,3.4,,,,
8776,City of Holyoke Gas and Elec Dept - (MA),1607,Riverside Holyoke,6,MA,ISNE,Conventional Hydroelectric,WAT,HY,1.1,0.9,,,,
13781,Northern States Power Co - Minnesota,1904,Black Dog,6,MN,MISO,Natural Gas Fired Combined Cycle,NG,CA,360.0,360.0,,,,
13781,Northern States Power Co - Minnesota,1904,Black Dog,7,MN,MISO,Natural Gas Fired Combined Cycle,NG,CT,200.0,200.0,,,,
13781,Northern States Power Co - Minnesota,1904,Black Dog,8,MN,MISO,Natural Gas Fired Combined Cycle,NG,CT,200.0,200.0,,,,
55768,RC Cape May Holdings LLC,2378,B L England,4,NJ,PJM,Natural Gas Fired Combined Cycle,NG,CT,321.0,282.0,,,,
56606,Calpine New Jersey Generation LLC,2384,Deepwater,CT1,NJ,PJM,Natural Gas Fired Combustion Turbine,NG,GT,242.0,235.0,,,,
56606,Calpine New Jersey Generation LLC,2384,Deepwater,ST1,NJ,PJM,Natural Gas Steam Turbine,NG,ST,214.0,198.5,,,,
54863,"Astoria Generating Company, L.P.",2494,Gowanus Gas Turbines Generating,SS,NY,NYIS,Natural Gas Fired Combustion Turbine,NG,GT,93.0,90.0,,,,
61130,Ravenswood Operations LLC,2500,Ravenswood,RWES1,NY,NYIS,Batteries,MWH,BA,129.0,129.0,,,,
61130,Ravenswood Operations LLC,2500,Ravenswood,RWES2,NY,NYIS,Batteries,MWH,BA,98.0,98.0,,,,
61130,Ravenswood Operations LLC,2500,Ravenswood,RWES3,NY,NYIS,Batteries,MWH,BA,89.0,89.0,,,,
64082,"Bowline, LLC",2625,Bowline Point,BOW3,NY,NYIS,Natural Gas Fired Combined Cycle,NG,CT,750.0,750.0,,,,
5416,"Duke Energy Carolinas, LLC",2721,James E. Rogers Energy Complex,7,NC,DUK,Conventional Steam Coal,BIT,ST,800.0,800.0,,,,
55983,Luminant Generation Company LLC,3489,Eagle Mountain,CT1,TX,ERCO,Natural Gas Fired Combined Cycle,NG,CT,235.5,224.9,,,,
55983,Luminant Generation Company LLC,3489,Eagle Mountain,CT2,TX,ERCO,Natural Gas Fired Combined Cycle,NG,CT,235.5,224.9,,,,
55983,Luminant Generation Company LLC,3489,Eagle Mountain,ST1,TX,ERCO,Natural Gas Fired Combined Cycle,NG,CA,382.5,344.4,,,,
55983,Luminant Generation Company LLC,3492,Morgan Creek,7,TX,ERCO,Conventional Steam Coal,SUB,ST,800.0,800.0,,,,
55983,Luminant Generation Company LLC,3497,Big Brown,3,TX,ERCO,Conventional Steam Coal,SUB,ST,800.0,800.0,,,,
55983,Luminant Generation Company LLC,3502,Lake Creek,CT1,TX,ERCO,Natural Gas Fired Combustion Turbine,NG,GT,235.5,207.0,,,,
55983,Luminant Generation Company LLC,3502,Lake Creek,ST3,TX,ERCO,Conventional Steam Coal,SUB,ST,800.0,800.0,,,,
55983,Luminant Generation Company LLC,3506,Tradinghouse,CT1,TX,ERCO,Natural Gas Fired Combustion Turbine,NG,GT,235.5,207.0,,,,
55983,Luminant Generation Company LLC,3506,Tradinghouse,CT2,TX,ERCO,Natural Gas Fired Combustion Turbine,NG,GT,235.5,207.0,,,,
56881,Valley NG Power Company LLC,3508,Valley (TX),4,TX,ERCO,Conventional Steam Coal,SUB,ST,800.0,800.0,,,,
20860,Wisconsin Public Service Corp,4072,Pulliam,GT1,WI,MISO,Natural Gas Fired Combustion Turbine,NG,GT,85.0,74.0,,,,
20860,Wisconsin Public Service Corp,4072,Pulliam,GT2,WI,MISO,Natural Gas Fired Combustion Turbine,NG,GT,85.0,74.0,,,,
11571,Manitowoc Public Utilities,4125,Manitowoc,8,WI,MISO,Wood/Wood Waste Biomass,WDS,ST,60.0,60.0,,,,
2010,City of Bountiful - (UT),4264,Joes Valley Dam,NA1,UT,,Conventional Hydroelectric,WAT,HY,1.2,0.7,,,,
2010,City of Bountiful - (UT),4264,Joes Valley Dam,NA2,UT,,Conventional Hydroelectric,WAT,HY,1.2,0.7,,,,
2010,City of Bountiful - (UT),4264,Joes Valley Dam,NA3,UT,,Conventional Hydroelectric,WAT,HY,1.0,1.0,,,,
6452,Florida Power & Light Co,6043,Martin,5CC,FL,FPL,Natural Gas Fired Combined Cycle,NG,CC,448.0,419.0,,,,
6452,Florida Power & Light Co,6043,Martin,5CW,FL,FPL,Natural Gas Fired Combined Cycle,NG,CA,429.0,394.0,,,,
6452,Florida Power & Light Co,6043,Martin,6CC,FL,FPL,Natural Gas Fired Combined Cycle,NG,CC,448.0,419.0,,,,
6452,Florida Power & Light Co,6043,Martin,6CW,FL,FPL,Natural Gas Fired Combined Cycle,NG,CA,429.0,394.0,,,,
11252,Louisiana Generating LLC,6055,Big Cajun 2,BC24,LA,MISO,Conventional Steam Coal,SUB,ST,730.0,705.0,,,,
9996,City of Kansas City - (KS),6064,Nearman Creek,2,KS,SWPP,Conventional Steam Coal,SUB,ST,261.0,235.0,,,,
9996,City of Kansas City - (KS),6064,Nearman Creek,CT5,KS,SWPP,Natural Gas Fired Combustion Turbine,NG,GT,55.0,45.0,,,,
11806,Massachusetts Mun Wholes Electric Co,6081,Stony Brook,3A,MA,ISNE,Natural Gas Fired Combined Cycle,NG,CC,302.0,289.0,,,,
11806,Massachusetts Mun Wholes Electric Co,6081,Stony Brook,CT4,MA,ISNE,Petroleum Liquids,DFO,CT,120.0,100.0,,,,
14063,Oklahoma Gas & Electric Co,6095,Sooner,RR1,OK,SWPP,Conventional Steam Coal,SUB,ST,950.0,885.0,,,,
17539,"Dominion Energy South Carolina, Inc",6127,V C Summer,2,SC,SCEG,Nuclear,NUC,ST,1100.0,1100.0,,,,
17539,"Dominion Energy South Carolina, Inc",6127,V C Summer,3,SC,SCEG,Nuclear,NUC,ST,1100.0,1100.0,,,,
55983,Luminant Generation Company LLC,6146,Martin Lake,4,TX,ERCO,Conventional Steam Coal,SUB,ST,800.0,800.0,,,,
55983,Luminant Generation Company LLC,6147,Monticello,4,TX,ERCO,Conventional Steam Coal,SUB,ST,800.0,800.0,,,,
55983,Luminant Generation Company LLC,6180,Oak Grove (TX),1,TX,ERCO,Conventional Steam Coal,LIG,ST,800.8,750.0,,,,
55983,Luminant Generation Company LLC,6180,Oak Grove (TX),2,TX,ERCO,Conventional Steam Coal,LIG,ST,800.8,750.0,,,,
2518,U S Bureau of Reclamation,6396,Black Canyon,3,ID,BPAT,Conventional Hydroelectric,WAT,HY,12.5,12.5,,,,
10071,Kauai Island Utility Cooperative,6474,Port Allen (HI),BBA9,HI,,Batteries,MWH,BA,6.0,6.0,,,,
1615,Town of Berlin - (MD),6565,Berlin,6A,MD,PJM,Petroleum Liquids,DFO,IC,5.0,5.0,,,,
1615,Town of Berlin - (MD),6565,Berlin,7A,MD,PJM,Petroleum Liquids,DFO,IC,7.5,7.5,,,,
17609,Southern California Edison Co,6704,Pebbly Beach Generating Station Hybrid,MT12,CA,CISO,Petroleum Liquids,PG,GT,0.1,0.1,,,,
17609,Southern California Edison Co,6704,Pebbly Beach Generating Station Hybrid,MT13,CA,CISO,Petroleum Liquids,PG,GT,0.1,0.1,,,,
20447,"Western Farmers Elec Coop, Inc",6772,Hugo,2,OK,SWPP,Conventional Steam Coal,SUB,ST,750.0,750.0,,,,
56598,"Major Oak Power, LLC",7030,Major Oak Power,3,TX,ERCO,Conventional Steam Coal,LIG,ST,600.0,600.0,,,,
17539,"Dominion Energy South Carolina, Inc",7106,NA 1 (SC),GT1,SC,,Natural Gas Fired Combustion Turbine,NG,GT,170.0,150.0,,,,
15470,"Duke Energy Indiana, LLC",7228,NA 1 (IN),1,IN,,Natural Gas Fired Combustion Turbine,NG,GT,318.0,286.0,,,,
15470,"Duke Energy Indiana, LLC",7228,NA 1 (IN),10,IN,,Natural Gas Fired Combustion Turbine,NG,GT,259.0,191.0,,,,
15470,"Duke Energy Indiana, LLC",7228,NA 1 (IN),11,IN,,Natural Gas Fired Combustion Turbine,NG,GT,259.0,252.2,,,,
15470,"Duke Energy Indiana, LLC",7228,NA 1 (IN),12,IN,,Natural Gas Fired Combustion Turbine,NG,GT,239.0,214.0,,,,
15470,"Duke Energy Indiana, LLC",7228,NA 1 (IN),13,IN,,Natural Gas Fired Combustion Turbine,NG,GT,239.0,214.0,,,,
15470,"Duke Energy Indiana, LLC",7228,NA 1 (IN),14,IN,,Natural Gas Fired Combustion Turbine,NG,GT,239.0,214.0,,,,
15470,"Duke Energy Indiana, LLC",7228,NA 1 (IN),15,IN,,Natural Gas Fired Combustion Turbine,NG,GT,239.0,214.0,,,,
15470,"Duke Energy Indiana, LLC",7228,NA 1 (IN),16,IN,,Natural Gas Fired Combustion Turbine,NG,GT,239.0,214.0,,,,
15470,"Duke Energy Indiana, LLC",7228,NA 1 (IN),2,IN,,Natural Gas Fired Combustion Turbine,NG,GT,96.0,72.5,,,,
15470,"Duke Energy Indiana, LLC",7228,NA 1 (IN),3,IN,,Natural Gas Fired Combustion Turbine,NG,GT,96.0,72.5,,,,
15470,"Duke Energy Indiana, LLC",7228,NA 1 (IN),4,IN,,Natural Gas Fired Combustion Turbine,NG,GT,96.0,96.0,,,,
15470,"Duke Energy Indiana, LLC",7228,NA 1 (IN),5,IN,,Natural Gas Fired Combustion Turbine,NG,GT,185.0,156.0,,,,
15470,"Duke Energy Indiana, LLC",7228,NA 1 (IN),6,IN,,Natural Gas Fired Combustion Turbine,NG,GT,185.0,156.0,,,,
15470,"Duke Energy Indiana, LLC",7228,NA 1 (IN),7,IN,,Natural Gas Fired Combustion Turbine,NG,GT,185.0,156.0,,,,
15470,"Duke Energy Indiana, LLC",7228,NA 1 (IN),8,IN,,Natural Gas Fired Combustion Turbine,NG,GT,552.0,552.0,,,,
15470,"Duke Energy Indiana, LLC",7228,NA 1 (IN),9,IN,,Natural Gas Fired Combustion Turbine,NG,GT,259.0,191.0,,,,
18454,Tampa Electric Co,7242,Polk,6,FL,TEC,Natural Gas Fired Combined Cycle,NG,CC,600.0,459.0,,,,
18454,Tampa Electric Co,7242,Polk,7,FL,TEC,Natural Gas Fired Combustion Turbine,NG,GT,195.8,155.0,,,,
18454,Tampa Electric Co,7242,Polk,8,FL,TEC,Natural Gas Fired Combustion Turbine,NG,GT,600.0,459.0,,,,
18454,Tampa Electric Co,7242,Polk,9,FL,TEC,Natural Gas Fired Combined Cycle,NG,CA,463.0,459.0,,,,
17539,"Dominion Energy South Carolina, Inc",7253,NA 5,NA5,SC,,Natural Gas Fired Combustion Turbine,NG,GT,170.0,150.0,,,,
17539,"Dominion Energy South Carolina, Inc",7300,NA 8,GT8,SC,,Natural Gas Fired Combustion Turbine,NG,GT,170.0,150.0,,,,
6455,"Duke Energy Florida, LLC",7302,Hines Energy Complex,5,FL,FPC,Natural Gas Fired Combined Cycle,NG,CC,517.0,461.0,,,,
6455,"Duke Energy Florida, LLC",7302,Hines Energy Complex,6,FL,FPC,Natural Gas Fired Combined Cycle,NG,CC,517.0,461.0,,,,
21554,Seminole Electric Cooperative Inc,7380,Midulla Generating Station,1,FL,SEC,Petroleum Liquids,DFO,CA,300.0,260.0,,,,
21554,Seminole Electric Cooperative Inc,7380,Midulla Generating Station,2,FL,SEC,Petroleum Liquids,DFO,CT,193.0,153.0,,,,
21554,Seminole Electric Cooperative Inc,7380,Midulla Generating Station,PW9,FL,SEC,Natural Gas Fired Combined Cycle,NG,CT,62.0,54.0,,,,
14164,City of Orangeburg - (SC),7480,Rowesville Rd Plant,3,SC,DUK,Natural Gas Fired Combustion Turbine,NG,GT,4.8,4.2,,,,
14164,City of Orangeburg - (SC),7480,Rowesville Rd Plant,4,SC,DUK,Natural Gas Fired Combustion Turbine,NG,GT,4.8,4.2,,,,
16534,Sacramento Municipal Util Dist,7526,Solano Wind,5,CA,CISO,Onshore Wind Turbine,WND,WT,95.5,95.5,,,,
3046,Duke Energy Progress - (NC),7539,NA 1 (NC),10,NC,CPLE,Natural Gas Fired Combined Cycle,NG,CA,160.0,160.0,,,,
3046,Duke Energy Progress - (NC),7539,NA 1 (NC),11,NC,CPLE,Natural Gas Fired Combined Cycle,NG,CT,195.0,167.0,,,,
3046,Duke Energy Progress - (NC),7539,NA 1 (NC),12,NC,CPLE,Natural Gas Fired Combined Cycle,NG,CC,195.0,183.0,,,,
3046,Duke Energy Progress - (NC),7539,NA 1 (NC),4,NC,CPLE,Natural Gas Fired Combined Cycle,NG,CT,195.0,167.0,,,,
3046,Duke Energy Progress - (NC),7539,NA 1 (NC),5,NC,CPLE,Natural Gas Fired Combined Cycle,NG,CA,160.0,162.0,,,,
3046,Duke Energy Progress - (NC),7539,NA 1 (NC),6,NC,CPLE,Natural Gas Fired Combined Cycle,NG,CT,195.0,167.0,,,,
3046,Duke Energy Progress - (NC),7539,NA 1 (NC),7,NC,CPLE,Natural Gas Fired Combined Cycle,NG,CC,612.0,483.0,,,,
3046,Duke Energy Progress - (NC),7539,NA 1 (NC),9,NC,CPLE,Natural Gas Fired Combined Cycle,NG,CT,195.3,155.0,,,,
3046,Duke Energy Progress - (NC),7539,NA 1 (NC),CCE1,NC,CPLE,Natural Gas Fired Combined Cycle,NG,CC,557.0,474.0,,,,
3046,Duke Energy Progress - (NC),7539,NA 1 (NC),CCW1,NC,CPLE,Natural Gas Fired Combined Cycle,NG,CC,278.0,237.0,,,,
3046,Duke Energy Progress - (NC),7539,NA 1 (NC),CT1,NC,CPLE,Natural Gas Fired Combustion Turbine,NG,GT,195.0,153.0,,,,
3046,Duke Energy Progress - (NC),7539,NA 1 (NC),CT2,NC,CPLE,Natural Gas Fired Combustion Turbine,NG,GT,195.0,153.0,,,,
195,Alabama Power Co,7708,APC1,2,AL,SOCO,Natural Gas Fired Combined Cycle,NG,CC,270.0,270.0,,,,
17650,Southern Power Co,7710,H Allen Franklin Combined Cycle,CT4A,AL,SOCO,Natural Gas Fired Combined Cycle,NG,CT,203.1,203.1,,,,
17650,Southern Power Co,7710,H Allen Franklin Combined Cycle,CT4B,AL,SOCO,Natural Gas Fired Combined Cycle,NG,CT,203.1,203.1,,,,
17650,Southern Power Co,7710,H Allen Franklin Combined Cycle,ST4,AL,SOCO,Natural Gas Fired Combined Cycle,NG,CA,281.9,282.0,,,,
7140,Georgia Power Co,7711,GPC3,1,GA,,Natural Gas Fired Combined Cycle,NG,CC,660.0,660.0,,,,
7140,Georgia Power Co,7712,GPC4,1,GA,,Natural Gas Fired Combustion Turbine,NG,GT,570.0,570.0,,,,
7140,Georgia Power Co,7713,GPC5,1,GA,,Natural Gas Fired Combustion Turbine,NG,GT,930.0,930.0,,,,
7140,Georgia Power Co,7714,GPC6,1,GA,,Natural Gas Fired Combined Cycle,NG,CC,570.0,570.0,,,,
3046,Duke Energy Progress - (NC),7727,Future Gen Plant 1,1,NC,CPLE,Natural Gas Fired Combined Cycle,NG,CC,211.8,162.0,,,,
3046,Duke Energy Progress - (NC),7728,Future Gen Plant 2,1,NC,CPLE,Natural Gas Fired Combined Cycle,NG,CC,612.0,480.0,,,,
5701,El Paso Electric Co,7732,Turbine,1,TX,EPE,Natural Gas Fired Combustion Turbine,NG,GT,121.0,121.0,,,,
21554,Seminole Electric Cooperative Inc,7738,Unknown,1,FL,,Petroleum Liquids,DFO,GT,300.0,300.0,,,,
21554,Seminole Electric Cooperative Inc,7738,Unknown,GT1,FL,,Petroleum Liquids,DFO,GT,180.0,153.0,,,,
21554,Seminole Electric Cooperative Inc,7738,Unknown,GT2,FL,,Petroleum Liquids,DFO,GT,180.0,153.0,,,,
21554,Seminole Electric Cooperative Inc,7738,Unknown,GT3,FL,,Petroleum Liquids,DFO,GT,180.0,153.0,,,,
21554,Seminole Electric Cooperative Inc,7738,Unknown,GT4,FL,,Petroleum Liquids,DFO,GT,180.0,153.0,,,,
21554,Seminole Electric Cooperative Inc,7738,Unknown,GT5,FL,,Petroleum Liquids,DFO,GT,180.0,153.0,,,,
21554,Seminole Electric Cooperative Inc,7738,Unknown,GT6,FL,,Petroleum Liquids,DFO,GT,180.0,153.0,,,,
21554,Seminole Electric Cooperative Inc,7738,Unknown,GT7,FL,,Petroleum Liquids,DFO,GT,180.0,153.0,,,,
6452,Florida Power & Light Co,7744,Unsited,1,FL,,Natural Gas Fired Combined Cycle,NG,CC,448.0,448.0,,,,
6452,Florida Power & Light Co,7744,Unsited,2,FL,,Natural Gas Fired Combined Cycle,NG,CC,448.0,448.0,,,,
924,"Associated Electric Coop, Inc",7749,Essex,2,MO,AECI,Natural Gas Fired Combustion Turbine,NG,GT,108.0,104.0,,,,
40230,Deseret Generation & Tran Coop,7790,Bonanza,2,UT,PACE,Conventional Steam Coal,WC,ST,110.0,86.0,,,,
11560,City of Manassas - (VA),7797,Dominion/Lo Mar,DOM3,VA,PJM,Petroleum Liquids,DFO,IC,1.8,1.6,,,,
11560,City of Manassas - (VA),7797,Dominion/Lo Mar,DOM4,VA,PJM,Petroleum Liquids,DFO,IC,1.8,1.6,,,,
11560,City of Manassas - (VA),7797,Dominion/Lo Mar,LOM4,VA,PJM,Petroleum Liquids,DFO,IC,1.8,1.6,,,,
10393,PUD No 1 of Klickitat County,7832,Roosevelt Biogas 1,6,WA,BPAT,Landfill Gas,LFG,IC,2.1,,,,,
17543,South Carolina Public Service Authority,7834,John S Rainey,CT4B,SC,SC,Natural Gas Fired Combustion Turbine,NG,GT,170.0,146.0,,,,
17543,South Carolina Public Service Authority,7834,John S Rainey,CT5B,SC,SC,Natural Gas Fired Combined Cycle,NG,CT,170.0,146.0,,,,
17543,South Carolina Public Service Authority,7834,John S Rainey,ST5S,SC,SC,Natural Gas Fired Combined Cycle,NG,CA,190.0,160.0,,,,
56386,Essential Power Operating Services LLC,7835,Essential Power Rock Springs LLC,5,MD,PJM,Natural Gas Fired Combustion Turbine,NG,GT,195.0,160.0,,,,
56386,Essential Power Operating Services LLC,7835,Essential Power Rock Springs LLC,6,MD,PJM,Natural Gas Fired Combustion Turbine,NG,GT,195.0,160.0,,,,
40229,Old Dominion Electric Coop,7836,Marsh Run Generation Facility,4,VA,PJM,Natural Gas Fired Combustion Turbine,NG,GT,195.5,195.5,,,,
4716,Dairyland Power Coop,7863,Elk Mound,3,WI,MISO,Natural Gas Fired Combustion Turbine,NG,GT,35.5,35.5,,,,
4716,Dairyland Power Coop,7863,Elk Mound,4,WI,MISO,Natural Gas Fired Combustion Turbine,NG,GT,35.5,35.5,,,,
18454,Tampa Electric Co,7873,H L Culbreath Bayside Power Station,3A,FL,TEC,Natural Gas Fired Combustion Turbine,NG,GT,189.9,160.0,,,,
18454,Tampa Electric Co,7873,H L Culbreath Bayside Power Station,3B,FL,TEC,Natural Gas Fired Combustion Turbine,NG,GT,189.9,160.0,,,,
18454,Tampa Electric Co,7873,H L Culbreath Bayside Power Station,7,FL,TEC,Natural Gas Fired Combustion Turbine,NG,GT,62.0,56.0,,,,
18454,Tampa Electric Co,7873,H L Culbreath Bayside Power Station,8,FL,TEC,Natural Gas Fired Combustion Turbine,NG,GT,62.0,56.0,,,,
12686,Mississippi Power Co,7875,MPC1,1,MS,,Natural Gas Fired Combustion Turbine,NG,GT,360.0,360.0,,,,
195,Alabama Power Co,7876,APC2,1,AL,SOCO,Natural Gas Fired Combined Cycle,NG,CT,300.0,300.0,,,,
195,Alabama Power Co,7877,APC3,1,AL,SOCO,Natural Gas Fired Combined Cycle,NG,CC,200.0,200.0,,,,
13100,Municipal Electric Authority - (GA),7879,MEAG1,1,GA,,Natural Gas Fired Combined Cycle,NG,CT,170.9,162.0,,,,
13100,Municipal Electric Authority - (GA),7880,MEAG2,1,GA,,Natural Gas Fired Combined Cycle,NG,CT,170.9,162.0,,,,
13100,Municipal Electric Authority - (GA),7881,MEAG3,1,GA,,Natural Gas Fired Combined Cycle,NG,CT,170.9,162.0,,,,
18454,Tampa Electric Co,7889,NA 1,1,FL,,Natural Gas Fired Combustion Turbine,NG,GT,195.0,150.0,,,,
21554,Seminole Electric Cooperative Inc,7890,Unnamed,CC1,FL,SEC,Natural Gas Fired Combined Cycle,NG,CC,290.0,153.0,,,,
21554,Seminole Electric Cooperative Inc,7890,Unnamed,CC2,FL,SEC,Natural Gas Fired Combined Cycle,NG,CC,290.0,153.0,,,,
21554,Seminole Electric Cooperative Inc,7890,Unnamed,GT1,FL,SEC,Petroleum Liquids,DFO,GT,193.0,153.0,,,,
21554,Seminole Electric Cooperative Inc,7890,Unnamed,GT2,FL,SEC,Petroleum Liquids,DFO,GT,193.0,153.0,,,,
21554,Seminole Electric Cooperative Inc,7890,Unnamed,GT3,FL,SEC,Petroleum Liquids,DFO,GT,193.0,153.0,,,,
6452,Florida Power & Light Co,7893,Midway,1,FL,,Natural Gas Fired Combined Cycle,NG,CC,429.0,324.0,,,,
6452,Florida Power & Light Co,7893,Midway,2,FL,,Natural Gas Fired Combined Cycle,NG,CC,429.0,324.0,,,,
6452,Florida Power & Light Co,7893,Midway,3,FL,,Natural Gas Fired Combined Cycle,NG,CC,429.0,394.0,,,,
11249,Louisville Gas & Electric Co,7894,Unknown,1,KY,,Natural Gas Fired Combustion Turbine,NG,GT,181.0,148.0,,,,
11249,Louisville Gas & Electric Co,7894,Unknown,2,KY,,Natural Gas Fired Combustion Turbine,NG,GT,181.0,148.0,,,,
11249,Louisville Gas & Electric Co,7894,Unknown,3,KY,,Natural Gas Fired Combustion Turbine,NG,GT,181.0,148.0,,,,
11249,Louisville Gas & Electric Co,7894,Unknown,4,KY,,Natural Gas Fired Combustion Turbine,NG,GT,185.0,160.0,,,,
11249,Louisville Gas & Electric Co,7894,Unknown,5,KY,,Natural Gas Fired Combustion Turbine,NG,GT,185.0,160.0,,,,
11249,Louisville Gas & Electric Co,7894,Unknown,6,KY,,Natural Gas Fired Combustion Turbine,NG,GT,185.0,150.0,,,,
11249,Louisville Gas & Electric Co,7894,Unknown,7,KY,,Natural Gas Fired Combustion Turbine,NG,GT,185.0,150.0,,,,
11249,Louisville Gas & Electric Co,7894,Unknown,8,KY,,Natural Gas Fired Combustion Turbine,NG,GT,185.0,160.0,,,,
17650,Southern Power Co,7897,E B Harris Electric Generating Plant,3,AL,SOCO,Natural Gas Fired Combined Cycle,NG,CC,615.0,615.0,,,,
17650,Southern Power Co,7897,E B Harris Electric Generating Plant,4,AL,SOCO,Natural Gas Fired Combined Cycle,NG,CC,615.0,615.0,,,,
10000,Evergy Metro,7928,Osawatomie,2,KS,SWPP,Natural Gas Fired Combustion Turbine,NG,GT,91.3,69.6,,,,
10000,Evergy Metro,7928,Osawatomie,3,KS,SWPP,Natural Gas Fired Combustion Turbine,NG,GT,91.3,69.6,,,,
10000,Evergy Metro,7928,Osawatomie,4,KS,SWPP,Natural Gas Fired Combustion Turbine,NG,GT,91.3,69.6,,,,
10000,Evergy Metro,7928,Osawatomie,5,KS,SWPP,Natural Gas Fired Combustion Turbine,NG,GT,91.3,69.6,,,,
10000,Evergy Metro,7928,Osawatomie,6,KS,SWPP,Natural Gas Fired Combustion Turbine,NG,GT,91.3,69.6,,,,
10000,Evergy Metro,7928,Osawatomie,7,KS,SWPP,Natural Gas Fired Combustion Turbine,NG,GT,91.3,69.6,,,,
10000,Evergy Metro,7928,Osawatomie,8,KS,SWPP,Natural Gas Fired Combustion Turbine,NG,GT,91.3,69.6,,,,
18642,Tennessee Valley Authority,7950,Franklin (TN),1,TN,TVA,Natural Gas Fired Combined Cycle,NG,CC,170.0,170.0,,,,
18642,Tennessee Valley Authority,7950,Franklin (TN),2,TN,TVA,Natural Gas Fired Combined Cycle,NG,CC,170.0,170.0,,,,
18642,Tennessee Valley Authority,7950,Franklin (TN),3,TN,TVA,Natural Gas Fired Combined Cycle,NG,CC,170.0,170.0,,,,
13809,NorthWestern Energy - (SD),7956,Future CT,1,SD,MISO,Natural Gas Fired Combustion Turbine,NG,GT,28.0,24.0,,,,
13809,NorthWestern Energy - (SD),7956,Future CT,2,SD,MISO,Natural Gas Fired Combustion Turbine,NG,GT,28.0,24.0,,,,
59159,Central Electric Power,7957,Sediver,CT2A,SC,DUK,Natural Gas Fired Combined Cycle,NG,CT,165.0,146.0,,,,
59159,Central Electric Power,7957,Sediver,CT2B,SC,DUK,Natural Gas Fired Combined Cycle,NG,CT,165.0,146.0,,,,
59159,Central Electric Power,7957,Sediver,ST1S,SC,DUK,Natural Gas Fired Combined Cycle,NG,CA,190.0,160.0,,,,
17543,South Carolina Public Service Authority,7958,Horry Land Fill Gas Site,1,SC,SC,Petroleum Liquids,DFO,IC,5.2,5.2,,,,
17543,South Carolina Public Service Authority,7958,Horry Land Fill Gas Site,2,SC,SC,Petroleum Liquids,DFO,IC,5.2,5.2,,,,
17543,South Carolina Public Service Authority,7958,Horry Land Fill Gas Site,3,SC,SC,Petroleum Liquids,DFO,IC,5.2,5.2,,,,
17543,South Carolina Public Service Authority,7958,Horry Land Fill Gas Site,4,SC,SC,Petroleum Liquids,DFO,IC,5.2,5.2,,,,
17543,South Carolina Public Service Authority,7958,Horry Land Fill Gas Site,HG4,SC,SC,Landfill Gas,LFG,IC,1.1,1.1,,,,
13100,Municipal Electric Authority - (GA),7968,W R Clayton Plant,1,GA,,Natural Gas Fired Combustion Turbine,NG,GT,180.0,155.0,,,,
13100,Municipal Electric Authority - (GA),7968,W R Clayton Plant,2,GA,,Natural Gas Fired Combustion Turbine,NG,GT,180.0,155.0,,,,
13100,Municipal Electric Authority - (GA),7968,W R Clayton Plant,3,GA,,Natural Gas Fired Combustion Turbine,NG,GT,153.0,155.0,,,,
4362,Corn Belt Energy Corporation,8003,Prairie Energy,1,IL,MISO,Conventional Steam Coal,BIT,ST,91.0,82.0,,,,
11731,City of Marshall - (MN),8014,Co Rd 33,7,MN,,Petroleum Liquids,DFO,IC,2.5,2.5,,,,
11731,City of Marshall - (MN),8014,Co Rd 33,8,MN,,Petroleum Liquids,DFO,IC,2.5,2.5,,,,
12647,"ALLETE, Inc.",8057,Superior Generation Energy Center,GEN1,WI,MISO,Natural Gas Fired Combustion Turbine,NG,GT,170.0,145.0,,,,
55983,Luminant Generation Company LLC,8063,DeCordova Steam Electric Station,CT5,TX,ERCO,Natural Gas Fired Combustion Turbine,NG,GT,235.5,207.0,,,,
55983,Luminant Generation Company LLC,8063,DeCordova Steam Electric Station,CT6,TX,ERCO,Natural Gas Fired Combustion Turbine,NG,GT,235.5,207.0,,,,
18947,City of Tipton - (IA),8106,Tipton,5A,IA,MISO,Petroleum Liquids,DFO,IC,1.2,1.1,,,,
24211,Tucson Electric Power Co,8223,Springerville,5,AZ,TEPC,Conventional Steam Coal,SUB,ST,400.0,375.0,,,,
2719,CalWind Resources Inc,10191,Tehachapi Wind Resource I,PLAN,CA,CISO,Onshore Wind Turbine,WND,WT,0.6,0.6,,,,
2848,California Institute-Technology,10262,California Institute of Technology,GEN3,CA,CISO,Natural Gas Fired Combined Cycle,NG,CT,2.5,2.5,,,,
2848,California Institute-Technology,10262,California Institute of Technology,GEN4,CA,CISO,Natural Gas Fired Combined Cycle,NG,CA,2.5,2.5,,,,
2848,California Institute-Technology,10262,California Institute of Technology,GEN5,CA,CISO,Natural Gas Fired Combined Cycle,NG,CT,1.0,1.0,,,,
2848,California Institute-Technology,10262,California Institute of Technology,GEN8,CA,CISO,Natural Gas Fired Combined Cycle,NG,CT,10.5,9.0,,,,
1182,BASF Corporation,10319,Geismar,GEN4,LA,MISO,Natural Gas Fired Combustion Turbine,NG,GT,45.0,42.0,,,,
1182,BASF Corporation,10319,Geismar,GEN5,LA,MISO,Natural Gas Steam Turbine,NG,ST,25.0,25.0,,,,
2782,Terra-Gen Operating Co-Geo,10681,Dixie Valley Power Partnership,GEN1,NV,NEVP,Geothermal,GEO,ST,28.0,25.0,,,,
19148,"Vicinity Energy Trenton, L.P.",50094,"Vicinity Energy Trenton, L.P.",1,NJ,PJM,Natural Gas Fired Combustion Turbine,NG,GT,4.6,0.0,,,,
19148,"Vicinity Energy Trenton, L.P.",50094,"Vicinity Energy Trenton, L.P.",2,NJ,PJM,Natural Gas Fired Combustion Turbine,NG,GT,4.6,1.1,,,,
867,ARCO Products Co-Watson,50216,Watson Cogeneration,GN97,CA,CISO,Natural Gas Fired Combined Cycle,NG,CT,94.2,79.6,,,,
18760,"TPC Group, LLC",50229,Texas Petrochemicals,GT1,TX,ERCO,Natural Gas Fired Combined Cycle,NG,CT,105.0,105.0,,,,
18760,"TPC Group, LLC",50229,Texas Petrochemicals,GT2,TX,ERCO,Natural Gas Fired Combined Cycle,NG,CT,35.0,35.0,,,,
18760,"TPC Group, LLC",50229,Texas Petrochemicals,ST#1,TX,ERCO,Natural Gas Fired Combined Cycle,NG,CA,420.0,420.0,,,,
56545,Pattern Operators LP,50826,Tres Vaqueros Wind Farms LLC,1,CA,CISO,Onshore Wind Turbine,WND,WT,28.3,28.3,,,,
18414,TES Filer City Station LP,50835,TES Filer City Station,GEN2,MI,MISO,Natural Gas Fired Combined Cycle,NG,CT,253.0,228.0,,,,
20854,Winnebago County - (WI),50936,Winnebago County Landfill Gas,EG6,WI,MISO,Landfill Gas,LFG,IC,1.4,1.4,,,,
67060,"Hays Ranches, LLC",50964,Amedee Geothermal Venture I,NEW,CA,CISO,Geothermal,GEO,BT,1.0,0.7,,,,
65384,"Cartier Energy, LLC",52061,Hartford Hospital Cogeneration,GEN5,CT,ISNE,Natural Gas Fired Combined Cycle,NG,CC,5.5,5.4,,,,
65384,"Cartier Energy, LLC",52061,Hartford Hospital Cogeneration,GEN6,CT,ISNE,Natural Gas Fired Combustion Turbine,NG,GT,6.0,6.0,,,,
49732,Chevron Products Company-Richmond,52109,Richmond Cogen,GEN3,CA,CISO,Natural Gas Fired Combined Cycle,NG,CT,43.0,43.0,,,,
64954,Contango Oil and Gas,52127,Elk Basin Gasoline Plant,EMGEN,WY,PACE,Natural Gas Internal Combustion Engine,NG,IC,0.7,0.5,,,,
12320,Merck & Co Inc,52148,Elkton,GEN9,VA,PJM,Solar Photovoltaic,SUN,PV,2.5,2.5,,,,
18617,Tesoro Alaska Company LLC,52184,Tesoro Kenai Cogeneration Plant,GEN3,AK,,Natural Gas Fired Combustion Turbine,NG,GT,7.8,6.3,,,,
4202,Phillips 66-Ponca City Refinery,52188,Ponca City Refinery,G1A,OK,SWPP,Other Gases,OG,ST,5.0,3.0,,,,
10349,KIAC Partners,54114,Kennedy International Airport Cogen,CT-3,NY,NYIS,Natural Gas Fired Combustion Turbine,NG,GT,50.0,47.0,,,,
27075,San Diego County Water Auth,54242,Alvarado Hydro Facility,SD28H,CA,CISO,Conventional Hydroelectric,WAT,HY,1.4,1.4,,,,
59099,"New Dimension Energy Company, LLC",54258,Westwind Trust,WTGS,CA,CISO,Onshore Wind Turbine,WND,WT,15.6,15.6,,,,
19541,University of North Carolina,54276,Univ of NC Chapel Hill Cogen Facility,TG4,NC,DUK,Conventional Steam Coal,BIT,ST,24.0,20.0,,,,
57280,"Eagle Creek Renewable Energy, LLC",54341,Four Mile Hydropower Project,5,MI,MISO,Conventional Hydroelectric,WAT,HY,0.1,0.1,,,,
57280,"Eagle Creek Renewable Energy, LLC",54342,Ninth Street Hydropower Project,4,MI,MISO,Conventional Hydroelectric,WAT,HY,0.4,0.4,,,,
18028,State of Wisconsin,54408,UW Madison Charter Street Plant,2,WI,MISO,Wood/Wood Waste Biomass,WDS,ST,22.0,12.0,,,,
54842,WM Renewable Energy LLC,54700,Metro Methane Recovery Facility,GEN9,IA,MISO,Landfill Gas,LFG,IC,1.6,1.6,,,,
17283,Seneca Energy II,54782,Seneca Energy,GE19,NY,NYIS,Landfill Gas,LFG,IC,1.6,1.6,,,,
17283,Seneca Energy II,54782,Seneca Energy,GE20,NY,NYIS,Landfill Gas,LFG,IC,1.6,1.6,,,,
17283,Seneca Energy II,54782,Seneca Energy,GE21,NY,NYIS,Landfill Gas,LFG,IC,1.6,1.6,,,,
17283,Seneca Energy II,54782,Seneca Energy,GE22,NY,NYIS,Landfill Gas,LFG,IC,1.6,1.6,,,,
55510,Tiverton Power LLC,55048,Tiverton Power Plant,UNT3,RI,ISNE,Natural Gas Fired Combined Cycle,NG,CT,196.6,159.4,,,,
55510,Tiverton Power LLC,55048,Tiverton Power Plant,UNT4,RI,ISNE,Natural Gas Fired Combined Cycle,NG,CA,93.2,90.6,,,,
17568,Cooperative Energy,55063,Batesville Generation Facility,CTG4,MS,TVA,Natural Gas Fired Combined Cycle,NG,CT,292.0,292.0,,,,
57045,Guadalupe Power Partners LP,55153,Guadalupe Generating Station,CTGP1,TX,ERCO,Natural Gas Fired Combustion Turbine,NG,GT,160.0,160.0,,,,
57045,Guadalupe Power Partners LP,55153,Guadalupe Generating Station,CTGP2,TX,ERCO,Natural Gas Fired Combustion Turbine,NG,GT,160.0,160.0,,,,
15473,Public Service Co of NM,55210,Afton Generating Station,0003,NM,PNM,Natural Gas Fired Combined Cycle,NG,CT,177.0,141.0,,,,
5302,AES Ohio Generation LLC,55227,Hardinsburg Electric Generating Station,GT1,KY,,Natural Gas Fired Combustion Turbine,NG,GT,59.0,45.0,,,,
5302,AES Ohio Generation LLC,55227,Hardinsburg Electric Generating Station,GT2,KY,,Natural Gas Fired Combustion Turbine,NG,GT,59.0,45.0,,,,
5302,AES Ohio Generation LLC,55227,Hardinsburg Electric Generating Station,GT3,KY,,Natural Gas Fired Combustion Turbine,NG,GT,59.0,45.0,,,,
5302,AES Ohio Generation LLC,55227,Hardinsburg Electric Generating Station,GT4,KY,,Natural Gas Fired Combustion Turbine,NG,GT,59.0,45.0,,,,
5302,AES Ohio Generation LLC,55227,Hardinsburg Electric Generating Station,GT5,KY,,Natural Gas Fired Combustion Turbine,NG,GT,59.0,45.0,,,,
5302,AES Ohio Generation LLC,55227,Hardinsburg Electric Generating Station,GT6,KY,,Natural Gas Fired Combustion Turbine,NG,GT,59.0,45.0,,,,
5302,AES Ohio Generation LLC,55227,Hardinsburg Electric Generating Station,GT7,KY,,Natural Gas Fired Combustion Turbine,NG,GT,59.0,45.0,,,,
5302,AES Ohio Generation LLC,55227,Hardinsburg Electric Generating Station,GT8,KY,,Natural Gas Fired Combustion Turbine,NG,GT,59.0,45.0,,,,
61919,Kimura Power LLC,55229,Montpelier Electric Generating Station,GT5,IN,MISO,Natural Gas Fired Combustion Turbine,NG,GT,59.0,45.0,,,,
61919,Kimura Power LLC,55229,Montpelier Electric Generating Station,GT6,IN,MISO,Natural Gas Fired Combustion Turbine,NG,GT,59.0,45.0,,,,
61919,Kimura Power LLC,55229,Montpelier Electric Generating Station,GT7,IN,MISO,Natural Gas Fired Combustion Turbine,NG,GT,59.0,45.0,,,,
61919,Kimura Power LLC,55229,Montpelier Electric Generating Station,GT8,IN,MISO,Natural Gas Fired Combustion Turbine,NG,GT,59.0,45.0,,,,
13582,NRG Astoria Gas Turbine Operations Inc,55243,Astoria Gas Turbines,CTG01,NY,NYIS,Natural Gas Fired Combustion Turbine,NG,GT,431.0,431.0,,,,
15473,Public Service Co of NM,55252,Eddy County Generating Station,0001,NM,,Natural Gas Fired Combustion Turbine,NG,GT,44.0,37.0,,,,
11664,Mark Technologies Corp,55352,Alta Mesa Project Phase IV,GEN1,CA,CISO,Onshore Wind Turbine,WND,WT,40.0,40.0,,,,
2171,Brazos Valley Energy,55357,Jack Fusco Energy Center,CTG3,TX,MISO,Natural Gas Fired Combined Cycle,NG,CT,200.0,166.0,,,,
2171,Brazos Valley Energy,55357,Jack Fusco Energy Center,CTG4,TX,MISO,Natural Gas Fired Combined Cycle,NG,CT,200.0,166.0,,,,
19316,Two Elk Generation Partners LP,55360,Two Elk Generating Station,GEN1,WY,PACE,Conventional Steam Coal,WC,ST,320.0,275.0,,,,
13756,Northern Indiana Pub Serv Co,55364,Sugar Creek Power,CT21,IN,MISO,Natural Gas Fired Combined Cycle,NG,CT,159.0,159.0,,,,
13756,Northern Indiana Pub Serv Co,55364,Sugar Creek Power,CT22,IN,MISO,Natural Gas Fired Combined Cycle,NG,CT,154.3,154.3,,,,
13756,Northern Indiana Pub Serv Co,55364,Sugar Creek Power,ST2,IN,MISO,Natural Gas Fired Combined Cycle,NG,CA,195.4,195.4,,,,
5302,AES Ohio Generation LLC,55384,Harrod Electric Generating Station,GT1,OH,,Natural Gas Fired Combustion Turbine,NG,GT,94.0,76.0,,,,
5302,AES Ohio Generation LLC,55384,Harrod Electric Generating Station,GT2,OH,,Natural Gas Fired Combustion Turbine,NG,GT,94.0,76.0,,,,
5302,AES Ohio Generation LLC,55384,Harrod Electric Generating Station,GT3,OH,,Natural Gas Fired Combustion Turbine,NG,GT,94.0,76.0,,,,
5302,AES Ohio Generation LLC,55384,Harrod Electric Generating Station,GT4,OH,,Natural Gas Fired Combustion Turbine,NG,GT,94.0,76.0,,,,
5302,AES Ohio Generation LLC,55384,Harrod Electric Generating Station,GT5,OH,,Natural Gas Fired Combustion Turbine,NG,GT,94.0,76.0,,,,
5302,AES Ohio Generation LLC,55384,Harrod Electric Generating Station,GT6,OH,,Natural Gas Fired Combustion Turbine,NG,GT,94.0,76.0,,,,
5302,AES Ohio Generation LLC,55385,Fairmount Electric Generating,GT1,IN,,Natural Gas Fired Combustion Turbine,NG,GT,58.9,58.9,,,,
5302,AES Ohio Generation LLC,55385,Fairmount Electric Generating,GT2,IN,,Natural Gas Fired Combustion Turbine,NG,GT,58.9,58.9,,,,
5302,AES Ohio Generation LLC,55385,Fairmount Electric Generating,GT3,IN,,Natural Gas Fired Combustion Turbine,NG,GT,58.9,58.9,,,,
5302,AES Ohio Generation LLC,55385,Fairmount Electric Generating,GT4,IN,,Natural Gas Fired Combustion Turbine,NG,GT,58.9,58.9,,,,
5302,AES Ohio Generation LLC,55385,Fairmount Electric Generating,GT5,IN,,Natural Gas Fired Combustion Turbine,NG,GT,58.9,58.9,,,,
5302,AES Ohio Generation LLC,55385,Fairmount Electric Generating,GT6,IN,,Natural Gas Fired Combustion Turbine,NG,GT,58.9,58.9,,,,
5302,AES Ohio Generation LLC,55385,Fairmount Electric Generating,GT7,IN,,Natural Gas Fired Combustion Turbine,NG,GT,58.9,58.9,,,,
5302,AES Ohio Generation LLC,55385,Fairmount Electric Generating,GT8,IN,,Natural Gas Fired Combustion Turbine,NG,GT,58.9,58.9,,,,
21191,Zion Energy LLC,55392,Zion Energy Center,CTG4,IL,PJM,Natural Gas Fired Combustion Turbine,NG,GT,198.9,152.0,,,,
21191,Zion Energy LLC,55392,Zion Energy Center,CTG5,IL,PJM,Natural Gas Fired Combustion Turbine,NG,GT,198.9,152.0,,,,
40192,Shady Hills Power Co LLC,55414,Shady Hills Generating Station,G401,FL,FPC,Natural Gas Fired Combustion Turbine,NG,GT,259.0,200.0,,,,
40192,Shady Hills Power Co LLC,55414,Shady Hills Generating Station,G501,FL,FPC,Natural Gas Fired Combustion Turbine,NG,GT,259.0,200.0,,,,
814,Entergy Arkansas LLC,55418,Hot Spring Generating Facility,CT3,AR,MISO,Natural Gas Fired Combined Cycle,NG,CT,198.9,173.8,,,,
814,Entergy Arkansas LLC,55418,Hot Spring Generating Facility,CT4,AR,MISO,Natural Gas Fired Combined Cycle,NG,CT,198.9,173.8,,,,
814,Entergy Arkansas LLC,55418,Hot Spring Generating Facility,ST2,AR,MISO,Natural Gas Fired Combined Cycle,NG,CA,317.1,304.4,,,,
2338,Calpine Central LP,55465,Amelia Energy Center,CTG1,TX,,Natural Gas Fired Combined Cycle,NG,CT,180.0,180.0,,,,
2338,Calpine Central LP,55465,Amelia Energy Center,CTG2,TX,,Natural Gas Fired Combined Cycle,NG,CT,180.0,180.0,,,,
2338,Calpine Central LP,55465,Amelia Energy Center,CTG3,TX,,Natural Gas Fired Combined Cycle,NG,CT,180.0,180.0,,,,
2338,Calpine Central LP,55465,Amelia Energy Center,STG1,TX,,Natural Gas Fired Combined Cycle,NG,CA,360.0,360.0,,,,
11241,Entergy Louisiana LLC,55486,Washington Parish Energy Center,CTG1,LA,MISO,Natural Gas Fired Combustion Turbine,NG,GT,200.0,172.0,,,,
11241,Entergy Louisiana LLC,55486,Washington Parish Energy Center,CTG2,LA,MISO,Natural Gas Fired Combustion Turbine,NG,GT,200.0,172.0,,,,
11241,Entergy Louisiana LLC,55486,Washington Parish Energy Center,ST1,LA,MISO,Natural Gas Fired Combined Cycle,NG,CA,255.0,215.0,,,,
7189,Gila Bend Power Partners LLC,55507,Gila Bend Power Generation Station,1,AZ,AZPS,Natural Gas Fired Combined Cycle,NG,CT,170.0,156.0,,,,
7189,Gila Bend Power Partners LLC,55507,Gila Bend Power Generation Station,2,AZ,AZPS,Natural Gas Fired Combined Cycle,NG,CT,170.0,156.0,,,,
7189,Gila Bend Power Partners LLC,55507,Gila Bend Power Generation Station,3,AZ,AZPS,Natural Gas Fired Combined Cycle,NG,CT,170.0,156.0,,,,
7189,Gila Bend Power Partners LLC,55507,Gila Bend Power Generation Station,4,AZ,AZPS,Natural Gas Fired Combined Cycle,NG,CA,390.0,390.0,,,,
56608,Calpine Mid-Merit LLC,55524,York Energy Center,CTG7,PA,PJM,Natural Gas Fired Combined Cycle,NG,CT,120.0,120.0,,,,
56772,"TX LFG Energy, LP",55551,Baytown,UN5,TX,ERCO,Landfill Gas,LFG,IC,1.3,1.0,,,,
2799,Calpine Corp - Metcalf Energy Center,55642,Moapa Paiute Energy Center,CTG1,NV,CISO,Natural Gas Fired Combined Cycle,NG,CT,212.0,185.0,,,,
2799,Calpine Corp - Metcalf Energy Center,55642,Moapa Paiute Energy Center,CTG2,NV,CISO,Natural Gas Fired Combined Cycle,NG,CT,212.0,185.0,,,,
2799,Calpine Corp - Metcalf Energy Center,55642,Moapa Paiute Energy Center,CTG3,NV,CISO,Natural Gas Fired Combined Cycle,NG,CT,212.0,185.0,,,,
2799,Calpine Corp - Metcalf Energy Center,55642,Moapa Paiute Energy Center,STG1,NV,CISO,Natural Gas Fired Combined Cycle,NG,CA,574.0,492.0,,,,
1015,Austin Energy,55708,Nacogdoches Power,CTG1,TX,ERCO,Natural Gas Fired Combined Cycle,NG,CT,195.0,185.0,,,,
1015,Austin Energy,55708,Nacogdoches Power,CTG2,TX,ERCO,Natural Gas Fired Combined Cycle,NG,CT,190.0,95.0,,,,
1015,Austin Energy,55708,Nacogdoches Power,CTG3,TX,ERCO,Natural Gas Fired Combined Cycle,NG,CT,190.0,95.0,,,,
1015,Austin Energy,55708,Nacogdoches Power,STG1,TX,ERCO,Natural Gas Fired Combined Cycle,NG,CA,100.0,86.0,,,,
1015,Austin Energy,55708,Nacogdoches Power,STG2,TX,ERCO,Natural Gas Fired Combined Cycle,NG,CA,114.0,100.0,,,,
1015,Austin Energy,55708,Nacogdoches Power,STG3,TX,ERCO,Natural Gas Fired Combined Cycle,NG,CA,136.0,68.0,,,,
23279,Allegheny Energy Supply Co LLC,55711,FirstEnergy,CTG1,AZ,,Natural Gas Fired Combined Cycle,NG,CT,180.0,180.0,,,,
23279,Allegheny Energy Supply Co LLC,55711,FirstEnergy,CTG2,AZ,,Natural Gas Fired Combined Cycle,NG,CT,180.0,180.0,,,,
23279,Allegheny Energy Supply Co LLC,55711,FirstEnergy,CTG3,AZ,,Natural Gas Fired Combined Cycle,NG,CT,180.0,180.0,,,,
23279,Allegheny Energy Supply Co LLC,55711,FirstEnergy,CTG4,AZ,,Natural Gas Fired Combined Cycle,NG,CT,180.0,180.0,,,,
23279,Allegheny Energy Supply Co LLC,55711,FirstEnergy,STG1,AZ,,Natural Gas Fired Combined Cycle,NG,CA,180.0,180.0,,,,
23279,Allegheny Energy Supply Co LLC,55711,FirstEnergy,STG2,AZ,,Natural Gas Fired Combined Cycle,NG,CA,180.0,180.0,,,,
9191,Idaho Power Co,55733,Bennett Mountain,FT01,ID,IPCO,Natural Gas Fired Combustion Turbine,NG,GT,170.0,142.0,,,,
9191,Idaho Power Co,55733,Bennett Mountain,FT03,ID,IPCO,Natural Gas Fired Combustion Turbine,NG,GT,50.0,50.0,,,,
56334,WEHRAN Energy Corporation,55778,Brookhaven Facility,BH5,NY,NYIS,Landfill Gas,LFG,IC,0.5,0.5,,,,
56334,WEHRAN Energy Corporation,55778,Brookhaven Facility,BH6,NY,NYIS,Landfill Gas,LFG,IC,0.5,0.5,,,,
2087,Bowie Power Station LLC,55780,Bowie Power Station LLC,CT1,AZ,TEPC,Natural Gas Fired Combined Cycle,NG,CT,172.0,172.0,,,,
2087,Bowie Power Station LLC,55780,Bowie Power Station LLC,CT2,AZ,TEPC,Natural Gas Fired Combined Cycle,NG,CT,172.0,172.0,,,,
2087,Bowie Power Station LLC,55780,Bowie Power Station LLC,CT3,AZ,TEPC,Natural Gas Fired Combined Cycle,NG,CT,172.0,172.0,,,,
2087,Bowie Power Station LLC,55780,Bowie Power Station LLC,CT4,AZ,TEPC,Natural Gas Fired Combined Cycle,NG,CT,172.0,172.0,,,,
2087,Bowie Power Station LLC,55780,Bowie Power Station LLC,ST1,AZ,TEPC,Natural Gas Fired Combined Cycle,NG,CA,181.0,181.0,,,,
2087,Bowie Power Station LLC,55780,Bowie Power Station LLC,ST2,AZ,TEPC,Natural Gas Fired Combined Cycle,NG,CA,181.0,181.0,,,,
55972,Valencia Power LLC,55802,Valencia Energy Facility,CTG2,NM,PNM,Natural Gas Fired Combustion Turbine,NG,GT,159.5,159.5,,,,
55972,Valencia Power LLC,55802,Valencia Energy Facility,CTG3,NM,PNM,Natural Gas Fired Combustion Turbine,NG,GT,84.5,84.5,,,,
55972,Valencia Power LLC,55802,Valencia Energy Facility,CTG4,NM,PNM,Natural Gas Fired Combustion Turbine,NG,GT,84.2,84.2,,,,
55972,Valencia Power LLC,55802,Valencia Energy Facility,CTG5,NM,PNM,Natural Gas Fired Combined Cycle,NG,CT,84.2,84.2,,,,
55972,Valencia Power LLC,55802,Valencia Energy Facility,CTG6,NM,PNM,Natural Gas Fired Combined Cycle,NG,CT,84.2,84.2,,,,
16045,Riverside County Waste Management Dept,55820,RCWMD Badlands Landfill Gas Project,GEN2,CA,CISO,Landfill Gas,LFG,IC,1.2,1.0,,,,
61903,Stanton Clean Energy LLC,55821,Curtis H Stanton Energy Center,BCT,FL,FPC,Coal Integrated Gasification Combined Cycle,SGC,CT,197.0,197.0,,,,
61903,Stanton Clean Energy LLC,55821,Curtis H Stanton Energy Center,BST,FL,FPC,Coal Integrated Gasification Combined Cycle,SGC,CA,132.0,132.0,,,,
2338,Calpine Central LP,55834,Sherry Energy Center,CT01,WI,,Natural Gas Fired Combustion Turbine,NG,GT,176.0,176.0,,,,
2338,Calpine Central LP,55834,Sherry Energy Center,CT02,WI,,Natural Gas Fired Combustion Turbine,NG,GT,176.0,176.0,,,,
2338,Calpine Central LP,55834,Sherry Energy Center,CT03,WI,,Natural Gas Fired Combustion Turbine,NG,GT,176.0,176.0,,,,
2338,Calpine Central LP,55834,Sherry Energy Center,CT04,WI,,Natural Gas Fired Combustion Turbine,NG,GT,176.0,176.0,,,,
2338,Calpine Central LP,55834,Sherry Energy Center,CTG1,WI,,Natural Gas Fired Combined Cycle,NG,CT,176.0,176.0,,,,
2338,Calpine Central LP,55834,Sherry Energy Center,CTG2,WI,,Natural Gas Fired Combined Cycle,NG,CT,176.0,176.0,,,,
2338,Calpine Central LP,55834,Sherry Energy Center,STG1,WI,,Natural Gas Fired Combined Cycle,NG,CA,180.0,180.0,,,,
7277,Calpine Corporation,55845,Four Mile Hill,1,CA,CISO,Geothermal,GEO,ST,49.9,42.0,,,,
7277,Calpine Corporation,55846,Telephone Flat,1,CA,CISO,Geothermal,GEO,ST,49.9,42.0,,,,
19676,Valero Refining Co California,55852,Valero Refinery Cogeneration Unit 2,GT 2,CA,CISO,Other Gases,OG,GT,51.0,43.4,,,,
17698,Southwestern Electric Power Co,55869,Genova Arkansas I LLC,CTG1,AR,SWPP,Natural Gas Fired Combined Cycle,NG,CT,185.7,160.0,,,,
17698,Southwestern Electric Power Co,55869,Genova Arkansas I LLC,CTG2,AR,SWPP,Natural Gas Fired Combined Cycle,NG,CT,185.7,160.0,,,,
17698,Southwestern Electric Power Co,55869,Genova Arkansas I LLC,ST1,AR,SWPP,Natural Gas Fired Combined Cycle,NG,CA,260.0,225.0,,,,
56318,CB&I,55885,Montgomery County Oaks LFGE Plant,N01,MD,PJM,Landfill Gas,LFG,GT,2.8,2.3,,,,
56318,CB&I,55885,Montgomery County Oaks LFGE Plant,N02,MD,PJM,Landfill Gas,LFG,GT,2.8,2.3,,,,
14328,Pacific Gas & Electric Co.,55937,TESLA Power Project,GTG1,CA,CISO,Natural Gas Fired Combined Cycle,NG,CT,188.0,162.0,,,,
14328,Pacific Gas & Electric Co.,55937,TESLA Power Project,GTG2,CA,CISO,Natural Gas Fired Combined Cycle,NG,CT,188.0,162.0,,,,
14328,Pacific Gas & Electric Co.,55937,TESLA Power Project,GTG3,CA,CISO,Natural Gas Fired Combined Cycle,NG,CT,188.0,162.0,,,,
14328,Pacific Gas & Electric Co.,55937,TESLA Power Project,GTG4,CA,CISO,Natural Gas Fired Combined Cycle,NG,CT,188.0,162.0,,,,
14328,Pacific Gas & Electric Co.,55937,TESLA Power Project,STG1,CA,CISO,Natural Gas Fired Combined Cycle,NG,CA,285.0,246.0,,,,
14328,Pacific Gas & Electric Co.,55937,TESLA Power Project,STG2,CA,CISO,Natural Gas Fired Combined Cycle,NG,CA,285.0,246.0,,,,
60789,"Essential Power Operating Company, LLC",55938,NAEA Ocean Peaking Power LLC,OPP5,NJ,PJM,Natural Gas Fired Combustion Turbine,NG,GT,191.5,149.2,,,,
10379,Klamath Generation LLC,56019,Klamath,CT-1,OR,BPAT,Natural Gas Fired Combined Cycle,NG,CT,169.7,162.0,,,,
10379,Klamath Generation LLC,56019,Klamath,CT-2,OR,BPAT,Natural Gas Fired Combined Cycle,NG,CT,169.7,162.0,,,,
10379,Klamath Generation LLC,56019,Klamath,ST-1,OR,BPAT,Natural Gas Fired Combined Cycle,NG,CA,244.5,220.0,,,,
49736,"Loring Holdings, LLC",56105,Loring Power Plant,GTG1,ME,NBSO,Natural Gas Fired Combined Cycle,NG,CT,50.0,37.0,,,,
49736,"Loring Holdings, LLC",56105,Loring Power Plant,STG1,ME,NBSO,Natural Gas Fired Combined Cycle,NG,CA,30.0,18.0,,,,
49745,Cash Creek Generating LLC,56107,Cash Creek,CT1,KY,MISO,Natural Gas Fired Combined Cycle,NG,CT,357.0,350.3,,,,
49745,Cash Creek Generating LLC,56107,Cash Creek,CT2,KY,MISO,Natural Gas Fired Combined Cycle,NG,CT,357.0,350.3,,,,
49745,Cash Creek Generating LLC,56107,Cash Creek,ST,KY,MISO,Natural Gas Fired Combined Cycle,NG,CA,136.0,123.6,,,,
4716,Dairyland Power Coop,56149,Seven Mile Creek LFG,5,WI,MISO,Landfill Gas,LFG,IC,0.8,0.7,,,,
5338,Dow Hydrocarbons and Resources LLC,56152,Freeport Energy Center,CTG2,TX,ERCO,Natural Gas Fired Combined Cycle,NG,CT,180.0,180.0,,,,
49805,Kennecott Utah Copper,56163,Kennecott Power Plant,5CTG,UT,PACE,Natural Gas Fired Combined Cycle,NG,CT,207.9,176.9,,,,
49805,Kennecott Utah Copper,56163,Kennecott Power Plant,MCHP,UT,PACE,Natural Gas Fired Combustion Turbine,NG,GT,6.4,5.9,,,,
49896,"Nevada Gold Energy, LLC",56224,TS Power Plant,002,NV,NEVP,Petroleum Liquids,DFO,GT,41.9,26.0,,,,
49896,"Nevada Gold Energy, LLC",56224,TS Power Plant,003,NV,NEVP,Petroleum Liquids,DFO,GT,41.9,26.0,,,,
49896,"Nevada Gold Energy, LLC",56224,TS Power Plant,004,NV,NEVP,Petroleum Liquids,DFO,GT,41.9,26.0,,,,
49896,"Nevada Gold Energy, LLC",56224,TS Power Plant,005,NV,NEVP,Petroleum Liquids,DFO,GT,41.9,26.0,,,,
803,Arizona Public Service Co,56228,Prescott Airport,PV2,AZ,AZPS,Solar Photovoltaic,SUN,PV,7.0,7.0,,,,
5580,"East Kentucky Power Coop, Inc",56278,Green Valley LFGTE,4,KY,PJM,Landfill Gas,LFG,IC,0.8,0.8,,,,
17164,Sierra Pacific Industries,56281,SPI - Everett,GEN1,WA,,Wood/Wood Waste Biomass,WDS,ST,28.0,17.0,,,,
16612,City & County of San Francisco - (CA),56305,San Francisco Electric Reliability Proj,1,CA,CISO,Natural Gas Fired Combustion Turbine,NG,GT,50.5,48.3,,,,
16612,City & County of San Francisco - (CA),56305,San Francisco Electric Reliability Proj,2,CA,CISO,Natural Gas Fired Combustion Turbine,NG,GT,50.5,48.3,,,,
16612,City & County of San Francisco - (CA),56305,San Francisco Electric Reliability Proj,3,CA,CISO,Natural Gas Fired Combustion Turbine,NG,GT,50.5,48.3,,,,
16612,City & County of San Francisco - (CA),56306,San Francisco Intl Airport Ct Project,1,CA,CISO,Natural Gas Fired Combustion Turbine,NG,GT,48.0,48.0,,,,
50147,US Geothermal Inc.,56317,Raft River Geothermal Power Plant,2,ID,BPAT,Geothermal,GEO,BT,18.0,10.0,,,,
50158,Innovative Energy Systems Inc,56323,Modern Innovative Energy LLC,GEN5,NY,NYIS,Landfill Gas,LFG,IC,1.6,1.6,,,,
50158,Innovative Energy Systems Inc,56323,Modern Innovative Energy LLC,GEN6,NY,NYIS,Landfill Gas,LFG,IC,1.6,1.6,,,,
50158,Innovative Energy Systems Inc,56323,Modern Innovative Energy LLC,GEN7,NY,NYIS,Landfill Gas,LFG,IC,1.6,1.6,,,,
50158,Innovative Energy Systems Inc,56323,Modern Innovative Energy LLC,GEN8,NY,NYIS,Landfill Gas,LFG,IC,1.6,1.6,,,,
18454,Tampa Electric Co,56352,Tampa Electric Co NA 2,1,FL,TEC,Natural Gas Fired Combustion Turbine,NG,GT,220.0,204.0,,,,
18454,Tampa Electric Co,56352,Tampa Electric Co NA 2,2,FL,TEC,Natural Gas Fired Combustion Turbine,NG,GT,220.0,204.0,,,,
18454,Tampa Electric Co,56352,Tampa Electric Co NA 2,3,FL,TEC,Natural Gas Fired Combustion Turbine,NG,GT,62.0,56.0,,,,
18454,Tampa Electric Co,56352,Tampa Electric Co NA 2,4,FL,TEC,Natural Gas Fired Combustion Turbine,NG,GT,62.0,56.0,,,,
18454,Tampa Electric Co,56352,Tampa Electric Co NA 2,5,FL,TEC,Natural Gas Fired Combustion Turbine,NG,GT,178.0,149.0,,,,
18454,Tampa Electric Co,56352,Tampa Electric Co NA 2,6,FL,TEC,Natural Gas Fired Combustion Turbine,NG,GT,178.0,149.0,,,,
18454,Tampa Electric Co,56352,Tampa Electric Co NA 2,7,FL,TEC,Natural Gas Fired Combustion Turbine,NG,GT,62.0,56.0,,,,
18454,Tampa Electric Co,56353,Tampa Electric Co NA 3,3,FL,,Natural Gas Fired Combustion Turbine,NG,GT,45.0,43.0,,,,
18454,Tampa Electric Co,56353,Tampa Electric Co NA 3,4,FL,,Natural Gas Fired Combustion Turbine,NG,GT,54.0,54.0,,,,
18454,Tampa Electric Co,56354,Tampa Electric Co NA 4,5,FL,,Natural Gas Fired Combustion Turbine,NG,GT,100.0,88.0,,,,
18454,Tampa Electric Co,56354,Tampa Electric Co NA 4,6,FL,,Natural Gas Fired Combustion Turbine,NG,GT,100.0,88.0,,,,
4716,Dairyland Power Coop,56366,Lake Area Landfill Gas Recovery,1,WI,MISO,Landfill Gas,LFG,IC,1.0,1.0,,,,
4716,Dairyland Power Coop,56366,Lake Area Landfill Gas Recovery,2,WI,MISO,Landfill Gas,LFG,IC,1.0,1.0,,,,
4716,Dairyland Power Coop,56366,Lake Area Landfill Gas Recovery,3,WI,MISO,Landfill Gas,LFG,IC,1.0,1.0,,,,
4716,Dairyland Power Coop,56366,Lake Area Landfill Gas Recovery,4,WI,MISO,Landfill Gas,LFG,IC,0.8,0.7,,,,
56545,Pattern Operators LP,56370,Ecogen Wind,1,NY,NYIS,Onshore Wind Turbine,WND,WT,272.0,272.0,,,,
15399,Avangrid Power LLC,56398,Jordanville Wind Farm,1,NY,NYIS,Onshore Wind Turbine,WND,WT,80.0,80.0,,,,
20838,Win-Sam Inc,56401,UTSA TEP II,GEN2,TX,ERCO,Petroleum Liquids,DFO,IC,1.5,1.5,,,,
20838,Win-Sam Inc,56401,UTSA TEP II,GEN3,TX,ERCO,Petroleum Liquids,DFO,IC,1.5,1.5,,,,
50127,Exergy Development Group,56436,Lava Beds Wind Park LLC,LBWP,ID,IPCO,Onshore Wind Turbine,WND,WT,18.0,18.0,,,,
50127,Exergy Development Group,56438,Notch Butte Wind Park,NBWP,ID,IPCO,Onshore Wind Turbine,WND,WT,18.0,18.0,,,,
50123,"Leeward Asset Management, LLC",56446,Buena Vista Energy LLC,BVBAT,CA,CISO,Batteries,MWH,BA,100.0,100.0,,,,
56094,Medicine Bow Fuel & Power LLC,56452,Medicine Bow Fuel & Power LLC,1,WY,WACM,Conventional Steam Coal,BIT,ST,350.0,350.0,,,,
54866,Robinson Power Company LLC,56453,Robinson Power Company LLC,CTG1,PA,PJM,Natural Gas Fired Combined Cycle,NG,CC,1022.9,950.0,,,,
56864,MDL Holding Company LLC,56454,Taylorville Energy Center,1,IL,PJM,Coal Integrated Gasification Combined Cycle,SGC,CC,760.0,533.0,,,,
54869,WMPI PTY  LLC,56455,WMPI Pty LLC,1,PA,PJM,Coal Integrated Gasification Combined Cycle,WC,CC,41.0,41.0,,,,
918,City of Aspen- (CO),56566,Castle Creek Hydroplant,1,CO,PSCO,Conventional Hydroelectric,WAT,HY,1.2,1.2,,,,
55816,Robbins Community Power LLC,56576,Robbins Community Power LLC,1,IL,PJM,Wood/Wood Waste Biomass,WDS,ST,27.5,27.5,,,,
55816,Robbins Community Power LLC,56576,Robbins Community Power LLC,2,IL,PJM,Wood/Wood Waste Biomass,WDS,ST,27.5,27.5,,,,
13407,Nevada Power Co,56642,Ely Energy Center,1,NV,NEVP,Conventional Steam Coal,SUB,ST,750.0,750.0,,,,
13407,Nevada Power Co,56642,Ely Energy Center,2,NV,NEVP,Conventional Steam Coal,SUB,ST,750.0,750.0,,,,
56482,Siemens Gamesa Renewable Energy Inc.,56653,Crescent Ridge II Wind Energy Project,1,IL,PJM,Onshore Wind Turbine,WND,WT,57.8,57.8,,,,
56545,Pattern Operators LP,56655,Seldom Seen Wind LLC,1,PA,PJM,Onshore Wind Turbine,WND,WT,41.0,41.0,,,,
56545,Pattern Operators LP,56656,Aragonne Mesa Phase II,1,NM,PNM,Onshore Wind Turbine,WND,WT,105.0,105.0,,,,
56482,Siemens Gamesa Renewable Energy Inc.,56657,Lancaster Wind Farm Project,1,IL,PJM,Onshore Wind Turbine,WND,WT,70.0,70.0,,,,
56545,Pattern Operators LP,56658,Majestic 2 Wind Farm,1,TX,ERCO,Onshore Wind Turbine,WND,WT,79.2,79.2,,,,
56545,Pattern Operators LP,56662,Texas Gulf Wind 2,1,TX,ERCO,Onshore Wind Turbine,WND,WT,187.2,187.2,,,,
56545,Pattern Operators LP,56663,El Paso Wind Project,1,IL,MISO,Onshore Wind Turbine,WND,WT,80.0,80.0,,,,
55918,Acciona Wind Energy USA LLC,56665,Dempsey Ridge Wind Farm,DR2,OK,SWPP,Onshore Wind Turbine,WND,WT,92.0,92.0,,,,
55927,Power4Georgians LLC,56675,Plant Washington,MAIN,GA,SOCO,Conventional Steam Coal,SUB,ST,850.0,850.0,,,,
20323,"Wellhead Services, Inc",56676,Margarita Energy Center,CTG1,CA,CISO,Natural Gas Fired Combustion Turbine,NG,GT,48.2,46.5,,,,
9617,JEA,56799,Greenland Energy Center,3,FL,JEA,Natural Gas Fired Combined Cycle,NG,CA,230.0,166.6,,,,
56029,Fibrowatt LLC,56816,FibroCoast,FC1,NC,CPLE,Other Waste Biomass,OBS,ST,60.0,55.0,,,,
56029,Fibrowatt LLC,56817,FibroHills,1,NC,CPLE,Other Waste Biomass,OBS,ST,60.0,55.0,,,,
14328,Pacific Gas & Electric Co.,56820,Britton Powerhouse,1,CA,CISO,Conventional Hydroelectric,WAT,HY,2.8,2.8,,,,
14328,Pacific Gas & Electric Co.,56821,Chalk Mountain Powerhouse,1,CA,CISO,Conventional Hydroelectric,WAT,HY,2.2,2.2,,,,
14328,Pacific Gas & Electric Co.,56822,Rock Creek Dam,01,CA,CISO,Conventional Hydroelectric,WAT,HY,3.6,3.6,,,,
3046,Duke Energy Progress - (NC),56849,Woodfin,1,NC,CPLE,Natural Gas Fired Combustion Turbine,NG,GT,45.5,40.0,,,,
57249,"NextEra Renewable Fuels, LLC",56885,Maidencreek Biomass Plant,GEN 1,PA,PJM,Wood/Wood Waste Biomass,WDS,ST,5.2,5.2,,,,
57249,"NextEra Renewable Fuels, LLC",56886,Jersey Shore Steel Co,GEN 1,PA,PJM,Landfill Gas,LFG,IC,1.6,1.6,,,,
57249,"NextEra Renewable Fuels, LLC",56888,Warren County Solar,GEN 5,NJ,PJM,Solar Photovoltaic,SUN,PV,0.5,0.5,,,,
57249,"NextEra Renewable Fuels, LLC",56888,Warren County Solar,GEN 6,NJ,PJM,Solar Photovoltaic,SUN,PV,0.5,0.5,,,,
57249,"NextEra Renewable Fuels, LLC",56888,Warren County Solar,GEN 7,NJ,PJM,Solar Photovoltaic,SUN,PV,0.5,0.5,,,,
57249,"NextEra Renewable Fuels, LLC",56888,Warren County Solar,GEN 8,NJ,PJM,Solar Photovoltaic,SUN,PV,0.5,0.5,,,,
57249,"NextEra Renewable Fuels, LLC",56888,Warren County Solar,GEN 9,NJ,PJM,Solar Photovoltaic,SUN,PV,0.5,0.5,,,,
57249,"NextEra Renewable Fuels, LLC",56888,Warren County Solar,GEN10,NJ,PJM,Solar Photovoltaic,SUN,PV,0.5,0.5,,,,
55868,Noble Wind Operations LLC,56903,Noble Bellmont Windpark LLC,1,NY,NYIS,Onshore Wind Turbine,WND,WT,21.0,21.0,,,,
56061,Reedsport OPT Wave Park LLC,56906,Reedsport OPT Wave Park,1,OR,BPAT,Hydrokinetic,WAT,HB,1.5,1.5,,,,
56060,Western GeoPower Inc,56907,Western GeoPower Unit 1,TBD,CA,CISO,Geothermal,GEO,ST,25.0,22.5,,,,
56167,"Imperial Valley Solar, LLC",56917,"Imperial Valley Solar, LLC",2,CA,CISO,Solar Photovoltaic,SUN,PV,400.0,400.0,,,,
28086,Energy Unlimited Inc,56926,Painted Hills IV Wind,1,CA,CISO,Onshore Wind Turbine,WND,WT,19.5,19.5,,,,
20323,"Wellhead Services, Inc",56955,Helms Energy Center,1,CA,CISO,Natural Gas Fired Combustion Turbine,NG,GT,48.0,49.0,,,,
59880,Pioneer Crossing Energy LLC,56957,"Pioneer Crossing Energy, LLC",LFG6,PA,PJM,Landfill Gas,LFG,IC,1.6,1.6,,,,
59880,Pioneer Crossing Energy LLC,56957,"Pioneer Crossing Energy, LLC",LFG7,PA,PJM,Landfill Gas,LFG,IC,1.6,1.6,,,,
34466,Casella Waste Systems,56987,Hyland LFGTE Facility,GEN4,NY,NYIS,Landfill Gas,LFG,IC,1.6,1.6,,,,
56771,Black Hills Service Company LLC,56998,Pueblo Airport Generating Station,GT3,CO,PSCO,Natural Gas Fired Combustion Turbine,NG,GT,100.0,90.0,,,,
56290,CPV Vaca Station LLC,56999,CPV Vaca Station LLC,CTG1,CA,CISO,Natural Gas Fired Combined Cycle,NG,CT,225.0,189.0,,,,
56290,CPV Vaca Station LLC,56999,CPV Vaca Station LLC,CTG2,CA,CISO,Natural Gas Fired Combined Cycle,NG,CT,225.0,189.0,,,,
56290,CPV Vaca Station LLC,56999,CPV Vaca Station LLC,STG,CA,CISO,Natural Gas Fired Combined Cycle,NG,CA,220.0,198.0,,,,
56306,DeKalb County GA,57013,DeKalb County Green Energy Facility,3,GA,SOCO,Landfill Gas,LFG,IC,1.6,1.6,,,,
17650,Southern Power Co,57029,Cleveland Cnty Generating Facility,5,NC,DUK,Natural Gas Fired Combustion Turbine,NG,GT,184.0,180.8,,,,
17650,Southern Power Co,57029,Cleveland Cnty Generating Facility,6,NC,DUK,Natural Gas Fired Combustion Turbine,NG,GT,184.0,180.8,,,,
17650,Southern Power Co,57029,Cleveland Cnty Generating Facility,7,NC,DUK,Natural Gas Fired Combustion Turbine,NG,GT,184.0,180.8,,,,
17650,Southern Power Co,57029,Cleveland Cnty Generating Facility,8,NC,DUK,Natural Gas Fired Combustion Turbine,NG,GT,184.0,180.8,,,,
221,"Alaska Village Elec Coop, Inc",57053,Alakanuk,G309,AK,,Petroleum Liquids,DFO,IC,0.5,0.5,,,,
221,"Alaska Village Elec Coop, Inc",57057,Quinhagak,1A,AK,,Petroleum Liquids,DFO,IC,0.5,0.5,,,,
59155,"Evergreen Wind, LLC",57088,Bowers Wind Project,1,ME,ISNE,Onshore Wind Turbine,WND,WT,48.0,48.0,,,,
56425,Simpson Ridge Wind Farm LLC,57117,Simpson Ridge Wind Farm LLC,GEN 1,WY,PACE,Onshore Wind Turbine,WND,WT,50.0,50.0,,,,
17609,Southern California Edison Co,57127,Solar Photovoltaic Project #24,SO24A,CA,CISO,Solar Photovoltaic,SUN,PV,0.5,0.5,,,,
17609,Southern California Edison Co,57127,Solar Photovoltaic Project #24,SO24B,CA,CISO,Solar Photovoltaic,SUN,PV,0.5,0.5,,,,
17609,Southern California Edison Co,57127,Solar Photovoltaic Project #24,SO24C,CA,CISO,Solar Photovoltaic,SUN,PV,0.5,0.5,,,,
17609,Southern California Edison Co,57127,Solar Photovoltaic Project #24,SO24D,CA,CISO,Solar Photovoltaic,SUN,PV,0.5,0.5,,,,
17609,Southern California Edison Co,57127,Solar Photovoltaic Project #24,SO24E,CA,CISO,Solar Photovoltaic,SUN,PV,0.5,0.5,,,,
17609,Southern California Edison Co,57127,Solar Photovoltaic Project #24,SO24F,CA,CISO,Solar Photovoltaic,SUN,PV,0.5,0.5,,,,
17609,Southern California Edison Co,57127,Solar Photovoltaic Project #24,SO24G,CA,CISO,Solar Photovoltaic,SUN,PV,0.5,0.5,,,,
17609,Southern California Edison Co,57127,Solar Photovoltaic Project #24,SO24H,CA,CISO,Solar Photovoltaic,SUN,PV,0.5,0.5,,,,
50127,Exergy Development Group,57142,Chapin Mountain,CM,ID,IPCO,Onshore Wind Turbine,WND,WT,19.5,19.5,,,,
50127,Exergy Development Group,57143,Jack Ranch 200,JR200,ID,IPCO,Onshore Wind Turbine,WND,WT,200.0,200.0,,,,
50127,Exergy Development Group,57144,Cottonwood Wind Park,JR20,ID,IPCO,Onshore Wind Turbine,WND,WT,20.0,20.0,,,,
50127,Exergy Development Group,57145,Rogerson Flats,RF,ID,IPCO,Onshore Wind Turbine,WND,WT,20.0,20.0,,,,
50127,Exergy Development Group,57146,Deep Creek Wind Park,JR1,ID,IPCO,Onshore Wind Turbine,WND,WT,20.0,20.0,,,,
50127,Exergy Development Group,57147,Conner Ridge,CR,ID,IPCO,Onshore Wind Turbine,WND,WT,19.5,19.5,,,,
50127,Exergy Development Group,57148,Badger Peak,BP,ID,IPCO,Onshore Wind Turbine,WND,WT,20.0,20.0,,,,
50127,Exergy Development Group,57149,Bonanza Bar,BBAR,ID,IPCO,Onshore Wind Turbine,WND,WT,20.0,20.0,,,,
50127,Exergy Development Group,57150,Salmon Creek,SC,ID,IPCO,Onshore Wind Turbine,WND,WT,20.0,20.0,,,,
54842,WM Renewable Energy LLC,57164,Waste Management Tri-Cities LFGTE,GEN1,CA,CISO,Landfill Gas,LFG,IC,1.6,1.6,,,,
54842,WM Renewable Energy LLC,57164,Waste Management Tri-Cities LFGTE,GEN2,CA,CISO,Landfill Gas,LFG,IC,1.6,1.6,,,,
54842,WM Renewable Energy LLC,57164,Waste Management Tri-Cities LFGTE,GEN3,CA,CISO,Landfill Gas,LFG,IC,1.6,1.6,,,,
56523,Colorado Highlands Wind LLC,57174,Colorado Highlands Wind,CHW3,CO,WACM,Onshore Wind Turbine,WND,WT,19.7,19.7,,,,
56524,Baca Energy LLC,57175,Baca Renewable Energy LLC,BACA1,CO,WACM,Onshore Wind Turbine,WND,WT,75.0,75.0,,,,
7277,Calpine Corporation,57180,Buckeye Geothermal Power Plant,1,CA,CISO,Geothermal,GEO,ST,56.9,49.9,,,,
7277,Calpine Corporation,57181,Wild Horse Power Plant,1,CA,CISO,Geothermal,GEO,ST,48.0,40.0,,,,
57249,"NextEra Renewable Fuels, LLC",57183,PPL Glendon LFGTE Plant,3,PA,PJM,Landfill Gas,LFG,IC,1.6,1.6,,,,
56545,Pattern Operators LP,57193,Ripley Westfield Wind LLC,WTG,NY,NYIS,Onshore Wind Turbine,WND,WT,75.0,75.0,,,,
19558,Homer Electric Assn Inc,57206,Soldotna,2,AK,,Natural Gas Fired Combustion Turbine,NG,GT,50.0,44.0,,,,
13994,Oglethorpe Power Corporation,57209,Rumble Road Energy Center,3,GA,SOCO,Natural Gas Fired Combined Cycle,NG,CA,220.0,200.0,,,,
13994,Oglethorpe Power Corporation,57209,Rumble Road Energy Center,3A,GA,SOCO,Natural Gas Fired Combined Cycle,NG,CT,220.0,200.0,,,,
13994,Oglethorpe Power Corporation,57209,Rumble Road Energy Center,3B,GA,SOCO,Natural Gas Fired Combined Cycle,NG,CT,220.0,200.0,,,,
56591,Orange County Biomass LLC,57215,Orange County Biomass LLC,G-01,SC,SC,Wood/Wood Waste Biomass,WDS,ST,35.0,35.0,,,,
17609,Southern California Edison Co,57218,Solar Photovoltaic Project #04,S004A,CA,CISO,Solar Photovoltaic,SUN,PV,0.5,0.5,,,,
17609,Southern California Edison Co,57218,Solar Photovoltaic Project #04,S004B,CA,CISO,Solar Photovoltaic,SUN,PV,0.5,0.5,,,,
17609,Southern California Edison Co,57218,Solar Photovoltaic Project #04,S004C,CA,CISO,Solar Photovoltaic,SUN,PV,0.5,0.5,,,,
17609,Southern California Edison Co,57222,Solar Photovoltaic Project #08,S008E,CA,CISO,Solar Photovoltaic,SUN,PV,0.5,0.5,,,,
17609,Southern California Edison Co,57223,Solar Photovoltaic Project #09,S009C,CA,CISO,Solar Photovoltaic,SUN,PV,0.5,0.5,,,,
17609,Southern California Edison Co,57224,Solar Photovoltaic Project #10,S010D,CA,CISO,Solar Photovoltaic,SUN,PV,0.5,0.5,,,,
17609,Southern California Edison Co,57226,Solar Photovoltaic Project #12,S012B,CA,CISO,Solar Photovoltaic,SUN,PV,0.5,0.5,,,,
17609,Southern California Edison Co,57228,Solar Photovoltaic Project #14,S014A,CA,CISO,Solar Photovoltaic,SUN,PV,0.5,0.5,,,,
17609,Southern California Edison Co,57228,Solar Photovoltaic Project #14,S014B,CA,CISO,Solar Photovoltaic,SUN,PV,0.5,0.5,,,,
17609,Southern California Edison Co,57228,Solar Photovoltaic Project #14,S014C,CA,CISO,Solar Photovoltaic,SUN,PV,0.5,0.5,,,,
17609,Southern California Edison Co,57231,Solar Photovoltaic Project #17,S017H,CA,CISO,Solar Photovoltaic,SUN,PV,0.5,0.5,,,,
17609,Southern California Edison Co,57232,Solar Photovoltaic Project #18,S018D,CA,CISO,Solar Photovoltaic,SUN,PV,0.5,0.5,,,,
17609,Southern California Edison Co,57233,Solar Photovoltaic Project #19,S019A,CA,CISO,Solar Photovoltaic,SUN,PV,1.0,0.5,,,,
17609,Southern California Edison Co,57233,Solar Photovoltaic Project #19,S019B,CA,CISO,Solar Photovoltaic,SUN,PV,0.5,0.5,,,,
17609,Southern California Edison Co,57233,Solar Photovoltaic Project #19,S019C,CA,CISO,Solar Photovoltaic,SUN,PV,0.5,0.5,,,,
17609,Southern California Edison Co,57233,Solar Photovoltaic Project #19,S019D,CA,CISO,Solar Photovoltaic,SUN,PV,0.5,0.5,,,,
17609,Southern California Edison Co,57233,Solar Photovoltaic Project #19,S019E,CA,CISO,Solar Photovoltaic,SUN,PV,0.5,0.5,,,,
17609,Southern California Edison Co,57233,Solar Photovoltaic Project #19,S019F,CA,CISO,Solar Photovoltaic,SUN,PV,0.5,0.5,,,,
17609,Southern California Edison Co,57233,Solar Photovoltaic Project #19,S019G,CA,CISO,Solar Photovoltaic,SUN,PV,0.5,0.5,,,,
17609,Southern California Edison Co,57233,Solar Photovoltaic Project #19,S019H,CA,CISO,Solar Photovoltaic,SUN,PV,0.5,0.5,,,,
17609,Southern California Edison Co,57233,Solar Photovoltaic Project #19,S019I,CA,CISO,Solar Photovoltaic,SUN,PV,0.5,0.5,,,,
17609,Southern California Edison Co,57234,Solar Photovoltaic Project #20,S020A,CA,CISO,Solar Photovoltaic,SUN,PV,0.5,0.5,,,,
17609,Southern California Edison Co,57234,Solar Photovoltaic Project #20,S020B,CA,CISO,Solar Photovoltaic,SUN,PV,0.5,0.5,,,,
17609,Southern California Edison Co,57234,Solar Photovoltaic Project #20,S020C,CA,CISO,Solar Photovoltaic,SUN,PV,0.5,0.5,,,,
17609,Southern California Edison Co,57234,Solar Photovoltaic Project #20,S020D,CA,CISO,Solar Photovoltaic,SUN,PV,0.5,0.5,,,,
17609,Southern California Edison Co,57234,Solar Photovoltaic Project #20,S020E,CA,CISO,Solar Photovoltaic,SUN,PV,0.5,0.5,,,,
17609,Southern California Edison Co,57234,Solar Photovoltaic Project #20,S020F,CA,CISO,Solar Photovoltaic,SUN,PV,0.5,0.5,,,,
17609,Southern California Edison Co,57234,Solar Photovoltaic Project #20,S020G,CA,CISO,Solar Photovoltaic,SUN,PV,0.5,0.5,,,,
17609,Southern California Edison Co,57235,Solar Photovoltaic Project #21,S021A,CA,CISO,Solar Photovoltaic,SUN,PV,0.5,0.5,,,,
17609,Southern California Edison Co,57235,Solar Photovoltaic Project #21,S021B,CA,CISO,Solar Photovoltaic,SUN,PV,0.5,0.5,,,,
17609,Southern California Edison Co,57235,Solar Photovoltaic Project #21,S021C,CA,CISO,Solar Photovoltaic,SUN,PV,0.5,0.5,,,,
17609,Southern California Edison Co,57235,Solar Photovoltaic Project #21,S021D,CA,CISO,Solar Photovoltaic,SUN,PV,0.5,0.5,,,,
17609,Southern California Edison Co,57235,Solar Photovoltaic Project #21,S021E,CA,CISO,Solar Photovoltaic,SUN,PV,0.5,0.5,,,,
17609,Southern California Edison Co,57236,Solar Photovoltaic Project #23,S023F,CA,CISO,Solar Photovoltaic,SUN,PV,0.5,0.5,,,,
17609,Southern California Edison Co,57246,Solar Photovoltaic Project #27,S027E,CA,CISO,Solar Photovoltaic,SUN,PV,0.5,0.5,,,,
17609,Southern California Edison Co,57246,Solar Photovoltaic Project #27,S027F,CA,CISO,Solar Photovoltaic,SUN,PV,0.5,0.5,,,,
17609,Southern California Edison Co,57247,Solar Photovoltaic Project #28,S028H,CA,CISO,Solar Photovoltaic,SUN,PV,0.5,0.5,,,,
56633,Trishe Wind Minnesota,57255,Trishe Wind Minnesota,1,MN,MISO,Onshore Wind Turbine,WND,WT,40.0,40.0,,,,
56633,Trishe Wind Minnesota,57255,Trishe Wind Minnesota,2,MN,MISO,Onshore Wind Turbine,WND,WT,300.0,300.0,,,,
67192,RWE Clean Energy,57256,PA Solar Park,2,PA,PJM,Solar Photovoltaic,SUN,PV,9.9,3.8,,,,
58371,"NextEra Blythe Solar Energy Center, LLC",57273,Blythe Solar Power Project,1,CA,CISO,Solar Thermal without Energy Storage,SUN,ST,125.0,,,,,
58371,"NextEra Blythe Solar Energy Center, LLC",57273,Blythe Solar Power Project,2,CA,CISO,Solar Thermal without Energy Storage,SUN,ST,125.0,,,,,
58371,"NextEra Blythe Solar Energy Center, LLC",57273,Blythe Solar Power Project,3,CA,CISO,Solar Thermal without Energy Storage,SUN,ST,273.4,232.0,,,,
58371,"NextEra Blythe Solar Energy Center, LLC",57273,Blythe Solar Power Project,4,CA,CISO,Solar Thermal without Energy Storage,SUN,ST,273.4,232.0,,,,
56640,Rice Solar Energy LLC,57276,Rice Solar Energy,RSE1,CA,WALC,Solar Thermal with Energy Storage,SUN,CP,170.0,150.0,,,,
56625,Flat Water Wind Farm LLC,57283,Flat Water Wind Farm LLC,WTG2,NE,SWPP,Onshore Wind Turbine,WND,WT,6.9,6.9,,,,
64617,Alpine BESS LLC,57295,Alpine Solar,2,CA,CISO,Solar Photovoltaic,SUN,PV,66.0,66.0,,,,
11208,Los Angeles Department of Water & Power,57304,Southern Owens Valley Solar Ranch,1,CA,LDWP,Solar Photovoltaic,SUN,PV,200.0,200.0,,,,
11208,Los Angeles Department of Water & Power,57307,Van Norman Bypass Solar Project,1,CA,LDWP,Solar Photovoltaic,SUN,PV,2.0,2.0,,,,
11208,Los Angeles Department of Water & Power,57312,LATTC South Campus Solar,1,CA,LDWP,Solar Photovoltaic,SUN,PV,1.1,1.1,,,,
56708,MP Wilson LLC,57370,MP Wilson LLC,1,NC,CPLE,Landfill Gas,LFG,IC,1.1,1.1,,,,
56708,MP Wilson LLC,57370,MP Wilson LLC,2,NC,CPLE,Landfill Gas,LFG,IC,1.1,1.1,,,,
56709,Turning Point Solar LLC,57371,Turning Point Solar,TPS50,OH,PJM,Solar Photovoltaic,SUN,PV,44.0,44.0,,,,
56709,Turning Point Solar LLC,57371,Turning Point Solar,TPS51,OH,PJM,Solar Photovoltaic,SUN,PV,0.0,0.0,,,,
56709,Turning Point Solar LLC,57371,Turning Point Solar,TPS52,OH,PJM,Solar Photovoltaic,SUN,PV,0.0,0.0,,,,
59396,Agua Caliente Solar,57373,Agua Caliente Solar Project,AGU01,AZ,CISO,Solar Photovoltaic,SUN,PV,290.0,290.0,,,,
24211,Tucson Electric Power Co,57391,TAA Solar Facility,TAA1,AZ,TEPC,Solar Photovoltaic,SUN,PV,2.8,2.8,,,,
15399,Avangrid Power LLC,57398,Lakeview Cogeneration LLC,1,OR,PACW,Other Waste Biomass,OBS,ST,26.8,24.0,,,,
54842,WM Renewable Energy LLC,57411,Mahoning,GEN6,OH,PJM,Landfill Gas,LFG,IC,0.8,0.8,,,,
56743,"K Road Calico Solar, LLC",57416,K Road Calico Solar,01,CA,CISO,Solar Photovoltaic,SUN,PV,0.0,0.0,,,,
56743,"K Road Calico Solar, LLC",57416,K Road Calico Solar,02,CA,CISO,Solar Photovoltaic,SUN,PV,0.0,0.0,,,,
56794,CE Obsidian Energy LLC,57477,Black Rock I,G3201,CA,CISO,Geothermal,GEO,ST,70.0,60.0,,,,
56794,CE Obsidian Energy LLC,57478,Black Rock II,G3202,CA,CISO,Geothermal,GEO,ST,70.0,60.0,,,,
56794,CE Obsidian Energy LLC,57479,Black Rock III,G303,CA,CISO,Geothermal,GEO,ST,70.0,60.0,,,,
56814,Black Creek Renewable Energy LLC,57492,Sampson County Disposal,GEN7,NC,CPLE,Landfill Gas,LFG,IC,1.6,1.6,,,,
56814,Black Creek Renewable Energy LLC,57492,Sampson County Disposal,GEN8,NC,CPLE,Landfill Gas,LFG,IC,1.6,1.6,,,,
6452,Florida Power & Light Co,57502,Perdido,3,FL,FPL,Landfill Gas,LFG,IC,1.6,1.5,,,,
56825,Oneida Energy Inc,57503,Oneida Energy,CE1,WI,MISO,Natural Gas Fired Combustion Turbine,NG,GT,1.5,1.5,,,,
56825,Oneida Energy Inc,57503,Oneida Energy,CE2,WI,MISO,Natural Gas Fired Combustion Turbine,NG,GT,1.5,1.5,,,,
56825,Oneida Energy Inc,57503,Oneida Energy,CE3,WI,MISO,Natural Gas Fired Combustion Turbine,NG,GT,1.5,1.5,,,,
56855,Performance Services,57518,Purdue Energy Park,1,IN,PJM,Onshore Wind Turbine,WND,WT,20.0,20.0,,,,
56855,Performance Services,57518,Purdue Energy Park,2,IN,PJM,Onshore Wind Turbine,WND,WT,19.2,19.2,,,,
14328,Pacific Gas & Electric Co.,57521,Giffen,2,CA,CISO,Solar Photovoltaic,SUN,PV,10.0,10.0,,,,
56867,Greyback Wind LLC,57527,Painted Hills,1,CA,CISO,Onshore Wind Turbine,WND,WT,17.5,17.5,,,,
17609,Southern California Edison Co,57528,Solar Photovoltaic Project #25,S25A,CA,CISO,Solar Photovoltaic,SUN,PV,0.5,0.5,,,,
17609,Southern California Edison Co,57528,Solar Photovoltaic Project #25,S25B,CA,CISO,Solar Photovoltaic,SUN,PV,0.5,0.5,,,,
17609,Southern California Edison Co,57528,Solar Photovoltaic Project #25,S25C,CA,CISO,Solar Photovoltaic,SUN,PV,0.5,0.5,,,,
17609,Southern California Edison Co,57528,Solar Photovoltaic Project #25,S25D,CA,CISO,Solar Photovoltaic,SUN,PV,0.5,0.5,,,,
17609,Southern California Edison Co,57528,Solar Photovoltaic Project #25,S25E,CA,CISO,Solar Photovoltaic,SUN,PV,0.5,0.5,,,,
17609,Southern California Edison Co,57528,Solar Photovoltaic Project #25,S25F,CA,CISO,Solar Photovoltaic,SUN,PV,0.5,0.5,,,,
17609,Southern California Edison Co,57528,Solar Photovoltaic Project #25,S25G,CA,CISO,Solar Photovoltaic,SUN,PV,0.5,0.5,,,,
17609,Southern California Edison Co,57528,Solar Photovoltaic Project #25,S25H,CA,CISO,Solar Photovoltaic,SUN,PV,0.5,0.5,,,,
17609,Southern California Edison Co,57528,Solar Photovoltaic Project #25,S25I,CA,CISO,Solar Photovoltaic,SUN,PV,0.5,0.5,,,,
17609,Southern California Edison Co,57532,Solar Photovoltaic Project #30,S30A,CA,CISO,Solar Photovoltaic,SUN,PV,0.5,0.5,,,,
17609,Southern California Edison Co,57532,Solar Photovoltaic Project #30,S30B,CA,CISO,Solar Photovoltaic,SUN,PV,0.5,0.5,,,,
17609,Southern California Edison Co,57532,Solar Photovoltaic Project #30,S30C,CA,CISO,Solar Photovoltaic,SUN,PV,0.5,0.5,,,,
17609,Southern California Edison Co,57533,Solar Photovoltaic Project #31,S31A,CA,CISO,Solar Photovoltaic,SUN,PV,0.5,0.5,,,,
17609,Southern California Edison Co,57533,Solar Photovoltaic Project #31,S31B,CA,CISO,Solar Photovoltaic,SUN,PV,0.5,0.5,,,,
17609,Southern California Edison Co,57537,Solar Photovoltaic Project #35,35H,CA,CISO,Solar Photovoltaic,SUN,PV,0.5,0.5,,,,
17609,Southern California Edison Co,57537,Solar Photovoltaic Project #35,35I,CA,CISO,Solar Photovoltaic,SUN,PV,0.5,0.5,,,,
17609,Southern California Edison Co,57537,Solar Photovoltaic Project #35,35J,CA,CISO,Solar Photovoltaic,SUN,PV,0.5,0.5,,,,
17609,Southern California Edison Co,57537,Solar Photovoltaic Project #35,35K,CA,CISO,Solar Photovoltaic,SUN,PV,0.5,0.5,,,,
17609,Southern California Edison Co,57537,Solar Photovoltaic Project #35,35L,CA,CISO,Solar Photovoltaic,SUN,PV,0.5,0.5,,,,
17609,Southern California Edison Co,57537,Solar Photovoltaic Project #35,35M,CA,CISO,Solar Photovoltaic,SUN,PV,0.5,0.5,,,,
17609,Southern California Edison Co,57537,Solar Photovoltaic Project #35,35N,CA,CISO,Solar Photovoltaic,SUN,PV,0.5,0.5,,,,
17609,Southern California Edison Co,57537,Solar Photovoltaic Project #35,S35A,CA,CISO,Solar Photovoltaic,SUN,PV,0.5,0.5,,,,
17609,Southern California Edison Co,57537,Solar Photovoltaic Project #35,S35B,CA,CISO,Solar Photovoltaic,SUN,PV,0.5,0.5,,,,
17609,Southern California Edison Co,57537,Solar Photovoltaic Project #35,S35C,CA,CISO,Solar Photovoltaic,SUN,PV,0.5,0.5,,,,
17609,Southern California Edison Co,57537,Solar Photovoltaic Project #35,S35D,CA,CISO,Solar Photovoltaic,SUN,PV,0.5,0.5,,,,
17609,Southern California Edison Co,57537,Solar Photovoltaic Project #35,S35E,CA,CISO,Solar Photovoltaic,SUN,PV,0.5,0.5,,,,
17609,Southern California Edison Co,57537,Solar Photovoltaic Project #35,S35F,CA,CISO,Solar Photovoltaic,SUN,PV,0.5,0.5,,,,
17609,Southern California Edison Co,57537,Solar Photovoltaic Project #35,S35G,CA,CISO,Solar Photovoltaic,SUN,PV,0.5,0.5,,,,
17609,Southern California Edison Co,57538,Solar Photovoltaic Project #40,S40A,CA,CISO,Solar Photovoltaic,SUN,PV,0.5,0.5,,,,
17609,Southern California Edison Co,57538,Solar Photovoltaic Project #40,S40B,CA,CISO,Solar Photovoltaic,SUN,PV,0.5,0.5,,,,
17609,Southern California Edison Co,57538,Solar Photovoltaic Project #40,S40C,CA,CISO,Solar Photovoltaic,SUN,PV,0.5,0.5,,,,
17609,Southern California Edison Co,57538,Solar Photovoltaic Project #40,S40D,CA,CISO,Solar Photovoltaic,SUN,PV,0.5,0.5,,,,
17609,Southern California Edison Co,57538,Solar Photovoltaic Project #40,S40E,CA,CISO,Solar Photovoltaic,SUN,PV,0.5,0.5,,,,
17609,Southern California Edison Co,57538,Solar Photovoltaic Project #40,S40F,CA,CISO,Solar Photovoltaic,SUN,PV,0.5,0.5,,,,
17609,Southern California Edison Co,57538,Solar Photovoltaic Project #40,S40G,CA,CISO,Solar Photovoltaic,SUN,PV,0.5,0.5,,,,
17609,Southern California Edison Co,57538,Solar Photovoltaic Project #40,S40H,CA,CISO,Solar Photovoltaic,SUN,PV,0.5,0.5,,,,
17609,Southern California Edison Co,57538,Solar Photovoltaic Project #40,S40I,CA,CISO,Solar Photovoltaic,SUN,PV,0.5,0.5,,,,
17609,Southern California Edison Co,57538,Solar Photovoltaic Project #40,S40J,CA,CISO,Solar Photovoltaic,SUN,PV,0.5,0.5,,,,
17609,Southern California Edison Co,57538,Solar Photovoltaic Project #40,S40K,CA,CISO,Solar Photovoltaic,SUN,PV,0.5,0.5,,,,
17609,Southern California Edison Co,57538,Solar Photovoltaic Project #40,S40L,CA,CISO,Solar Photovoltaic,SUN,PV,0.5,0.5,,,,
17609,Southern California Edison Co,57538,Solar Photovoltaic Project #40,S40M,CA,CISO,Solar Photovoltaic,SUN,PV,0.5,0.5,,,,
17609,Southern California Edison Co,57538,Solar Photovoltaic Project #40,S40N,CA,CISO,Solar Photovoltaic,SUN,PV,0.5,0.5,,,,
17609,Southern California Edison Co,57538,Solar Photovoltaic Project #40,S40O,CA,CISO,Solar Photovoltaic,SUN,PV,0.5,0.5,,,,
17609,Southern California Edison Co,57538,Solar Photovoltaic Project #40,S40P,CA,CISO,Solar Photovoltaic,SUN,PV,0.5,0.5,,,,
17609,Southern California Edison Co,57538,Solar Photovoltaic Project #40,S40Q,CA,CISO,Solar Photovoltaic,SUN,PV,0.5,0.5,,,,
17609,Southern California Edison Co,57538,Solar Photovoltaic Project #40,S40R,CA,CISO,Solar Photovoltaic,SUN,PV,0.5,0.5,,,,
17609,Southern California Edison Co,57538,Solar Photovoltaic Project #40,S40S,CA,CISO,Solar Photovoltaic,SUN,PV,0.5,0.5,,,,
17609,Southern California Edison Co,57538,Solar Photovoltaic Project #40,S40T,CA,CISO,Solar Photovoltaic,SUN,PV,0.5,0.5,,,,
17609,Southern California Edison Co,57539,Solar Photovoltaic Project #41,S41A,CA,CISO,Solar Photovoltaic,SUN,PV,0.5,0.5,,,,
17609,Southern California Edison Co,57539,Solar Photovoltaic Project #41,S41B,CA,CISO,Solar Photovoltaic,SUN,PV,0.5,0.5,,,,
17609,Southern California Edison Co,57539,Solar Photovoltaic Project #41,S41C,CA,CISO,Solar Photovoltaic,SUN,PV,0.5,0.5,,,,
17609,Southern California Edison Co,57539,Solar Photovoltaic Project #41,S41D,CA,CISO,Solar Photovoltaic,SUN,PV,0.5,0.5,,,,
17609,Southern California Edison Co,57539,Solar Photovoltaic Project #41,S41E,CA,CISO,Solar Photovoltaic,SUN,PV,0.5,0.5,,,,
17609,Southern California Edison Co,57539,Solar Photovoltaic Project #41,S41F,CA,CISO,Solar Photovoltaic,SUN,PV,0.5,0.5,,,,
17609,Southern California Edison Co,57539,Solar Photovoltaic Project #41,S41G,CA,CISO,Solar Photovoltaic,SUN,PV,0.5,0.5,,,,
17609,Southern California Edison Co,57539,Solar Photovoltaic Project #41,S41H,CA,CISO,Solar Photovoltaic,SUN,PV,0.5,0.5,,,,
17609,Southern California Edison Co,57539,Solar Photovoltaic Project #41,S41I,CA,CISO,Solar Photovoltaic,SUN,PV,0.5,0.5,,,,
17609,Southern California Edison Co,57539,Solar Photovoltaic Project #41,S41J,CA,CISO,Solar Photovoltaic,SUN,PV,0.5,0.5,,,,
17609,Southern California Edison Co,57539,Solar Photovoltaic Project #41,S41K,CA,CISO,Solar Photovoltaic,SUN,PV,0.5,0.5,,,,
17609,Southern California Edison Co,57539,Solar Photovoltaic Project #41,S41L,CA,CISO,Solar Photovoltaic,SUN,PV,0.5,0.5,,,,
17609,Southern California Edison Co,57539,Solar Photovoltaic Project #41,S41M,CA,CISO,Solar Photovoltaic,SUN,PV,0.5,0.5,,,,
17609,Southern California Edison Co,57539,Solar Photovoltaic Project #41,S41N,CA,CISO,Solar Photovoltaic,SUN,PV,0.5,0.5,,,,
17609,Southern California Edison Co,57539,Solar Photovoltaic Project #41,S41O,CA,CISO,Solar Photovoltaic,SUN,PV,0.5,0.5,,,,
17609,Southern California Edison Co,57539,Solar Photovoltaic Project #41,S41P,CA,CISO,Solar Photovoltaic,SUN,PV,0.5,0.5,,,,
17609,Southern California Edison Co,57539,Solar Photovoltaic Project #41,S41Q,CA,CISO,Solar Photovoltaic,SUN,PV,0.5,0.5,,,,
17609,Southern California Edison Co,57539,Solar Photovoltaic Project #41,S41R,CA,CISO,Solar Photovoltaic,SUN,PV,0.5,0.5,,,,
17609,Southern California Edison Co,57539,Solar Photovoltaic Project #41,S41S,CA,CISO,Solar Photovoltaic,SUN,PV,0.5,0.5,,,,
17609,Southern California Edison Co,57539,Solar Photovoltaic Project #41,S41T,CA,CISO,Solar Photovoltaic,SUN,PV,0.5,0.5,,,,
17609,Southern California Edison Co,57541,Solar Photovoltaic Project #45,S45A,CA,CISO,Solar Photovoltaic,SUN,PV,0.5,0.5,,,,
17609,Southern California Edison Co,57541,Solar Photovoltaic Project #45,S45B,CA,CISO,Solar Photovoltaic,SUN,PV,0.5,0.5,,,,
17609,Southern California Edison Co,57541,Solar Photovoltaic Project #45,S45C,CA,CISO,Solar Photovoltaic,SUN,PV,0.5,0.5,,,,
17609,Southern California Edison Co,57541,Solar Photovoltaic Project #45,S45D,CA,CISO,Solar Photovoltaic,SUN,PV,0.5,0.5,,,,
17609,Southern California Edison Co,57541,Solar Photovoltaic Project #45,S45E,CA,CISO,Solar Photovoltaic,SUN,PV,0.5,0.5,,,,
17609,Southern California Edison Co,57541,Solar Photovoltaic Project #45,S45F,CA,CISO,Solar Photovoltaic,SUN,PV,0.5,0.5,,,,
17609,Southern California Edison Co,57541,Solar Photovoltaic Project #45,S45G,CA,CISO,Solar Photovoltaic,SUN,PV,0.5,0.5,,,,
17609,Southern California Edison Co,57541,Solar Photovoltaic Project #45,S45H,CA,CISO,Solar Photovoltaic,SUN,PV,0.5,0.5,,,,
17609,Southern California Edison Co,57541,Solar Photovoltaic Project #45,S45I,CA,CISO,Solar Photovoltaic,SUN,PV,0.5,0.5,,,,
17609,Southern California Edison Co,57541,Solar Photovoltaic Project #45,S45J,CA,CISO,Solar Photovoltaic,SUN,PV,0.5,0.5,,,,
17609,Southern California Edison Co,57541,Solar Photovoltaic Project #45,S45K,CA,CISO,Solar Photovoltaic,SUN,PV,0.5,0.5,,,,
17609,Southern California Edison Co,57541,Solar Photovoltaic Project #45,S45L,CA,CISO,Solar Photovoltaic,SUN,PV,0.5,0.5,,,,
17609,Southern California Edison Co,57543,Solar Photovoltaic Project #47,S47A,CA,CISO,Solar Photovoltaic,SUN,PV,0.5,0.5,,,,
17609,Southern California Edison Co,57543,Solar Photovoltaic Project #47,S47B,CA,CISO,Solar Photovoltaic,SUN,PV,0.5,0.5,,,,
17609,Southern California Edison Co,57545,Solar Photovoltaic Project #46,S46A,CA,CISO,Solar Photovoltaic,SUN,PV,0.5,0.5,,,,
17609,Southern California Edison Co,57545,Solar Photovoltaic Project #46,S46B,CA,CISO,Solar Photovoltaic,SUN,PV,0.5,0.5,,,,
17609,Southern California Edison Co,57545,Solar Photovoltaic Project #46,S46C,CA,CISO,Solar Photovoltaic,SUN,PV,0.5,0.5,,,,
17609,Southern California Edison Co,57545,Solar Photovoltaic Project #46,S46D,CA,CISO,Solar Photovoltaic,SUN,PV,0.5,0.5,,,,
17609,Southern California Edison Co,57545,Solar Photovoltaic Project #46,S46E,CA,CISO,Solar Photovoltaic,SUN,PV,0.5,0.5,,,,
17609,Southern California Edison Co,57545,Solar Photovoltaic Project #46,S46F,CA,CISO,Solar Photovoltaic,SUN,PV,0.5,0.5,,,,
17609,Southern California Edison Co,57545,Solar Photovoltaic Project #46,S46G,CA,CISO,Solar Photovoltaic,SUN,PV,0.5,0.5,,,,
65901,"Milford Wind Corridor Phase III, LLC",57546,Milford Wind Corridor Phase III,1,UT,PACE,Onshore Wind Turbine,WND,WT,100.0,100.0,,,,
56872,Contra Costa Generating Station LLC,57552,Oakley Generating Station,CT1,CA,CISO,Natural Gas Fired Combined Cycle,NG,CT,222.3,197.3,,,,
56872,Contra Costa Generating Station LLC,57552,Oakley Generating Station,CT2,CA,CISO,Natural Gas Fired Combined Cycle,NG,CT,222.3,197.3,,,,
56872,Contra Costa Generating Station LLC,57552,Oakley Generating Station,ST,CA,CISO,Natural Gas Fired Combined Cycle,NG,CA,227.7,191.3,,,,
56911,Kalaeloa Solar One LLC,57569,Kalaeloa Solar One,KS1-A,HI,,Solar Photovoltaic,SUN,PV,3.0,3.0,,,,
56911,Kalaeloa Solar One LLC,57569,Kalaeloa Solar One,KS1-B,HI,,Solar Photovoltaic,SUN,PV,3.0,3.0,,,,
56029,Fibrowatt LLC,57596,FibroMont,G1,NC,CPLE,Other Waste Biomass,AB,ST,62.0,55.0,,,,
56949,Paulding Wind Farm LLC,57611,Paulding Wind Farm LLC,GEN1,OH,PJM,Onshore Wind Turbine,WND,WT,49.0,49.0,,,,
56935,Number Nine Wind Farm LLC,57612,Number Nine Wind Farm,GEN1,ME,ISNE,Onshore Wind Turbine,WND,WT,250.0,250.0,,,,
56947,Antelope Ridge Wind Power LLC,57615,Antelope Ridge Wind Power,GEN1,OR,BPAT,Onshore Wind Turbine,WND,WT,300.0,300.0,,,,
56943,Blackstone Wind Farm III LLC,57618,Blackstone Wind Farm III,GEN1,IL,PJM,Onshore Wind Turbine,WND,WT,200.0,200.0,,,,
56944,Blackstone Wind Farm IV LLC,57619,Blackstone Wind Farm IV,GEN1,IL,PJM,Onshore Wind Turbine,WND,WT,100.0,100.0,,,,
56939,Lexington Chenoa Wind Farm II LLC,57622,Bright Stalk Wind Farm II,GEN1,IL,MISO,Onshore Wind Turbine,WND,WT,205.2,205.2,,,,
56963,"Beaver Wood Energy Fair Haven, LLC",57634,"Beaver Wood Energy Fair Haven, LLC",GEN1,VT,ISNE,Other Waste Biomass,OBS,ST,34.0,29.5,,,,
56970,FRV Mojave Solar 4 LP,57641,Antelope Solar Farm,FRV2,CA,CISO,Solar Photovoltaic,SUN,PV,20.0,20.0,,,,
64489,"CS Wind America, Inc.",57643,"Vestas Towers America, Inc.",V112,CO,WACM,Onshore Wind Turbine,WND,WT,3.0,3.0,,,,
57009,Blue Chip Energy LLC,57686,Sorrento,1,FL,FPC,Solar Photovoltaic,SUN,PV,40.0,40.0,,,,
57028,West Butte Wind Power LLC,57704,West Butte Wind Power Project,WB-1,OR,BPAT,Onshore Wind Turbine,WND,WT,104.5,104.5,,,,
56983,Gibson County Generation LLC,57709,Gibson County Generation Station,1,TN,TVA,Natural Gas Fired Combined Cycle,NG,CC,432.0,371.0,,,,
57054,Suzlon Project VIII LLC,57741,Suzlon Project VIII LLC,S128,TX,SWPP,Onshore Wind Turbine,WND,WT,2.6,2.6,,,,
57079,Ameresco Butte County LLC,57771,Ameresco Butte County,2,CA,CISO,Landfill Gas,LFG,OT,0.2,0.2,,,,
57109,St Joseph Energy Center LLC,57794,St Joseph Energy Center,1,IN,PJM,Natural Gas Fired Combined Cycle,NG,CC,670.0,642.0,,,,
57109,St Joseph Energy Center LLC,57794,St Joseph Energy Center,CT3,IN,PJM,Natural Gas Fired Combined Cycle,NG,CT,238.0,237.0,,,,
57109,St Joseph Energy Center LLC,57794,St Joseph Energy Center,CT4,IN,PJM,Natural Gas Fired Combined Cycle,NG,CT,238.0,237.0,,,,
57109,St Joseph Energy Center LLC,57794,St Joseph Energy Center,ST2,IN,PJM,Natural Gas Fired Combined Cycle,NG,CA,260.0,232.0,,,,
6455,"Duke Energy Florida, LLC",57894,Levy Nuclear Plant,LNP1,FL,FPC,Nuclear,NUC,ST,1250.0,1092.0,,,,
6455,"Duke Energy Florida, LLC",57894,Levy Nuclear Plant,LNP2,FL,FPC,Nuclear,NUC,ST,1250.0,1092.0,,,,
57277,Hidden Hills Solar I LLC,57905,Hidden Hills Solar Plant 1,1,CA,CISO,Solar Thermal without Energy Storage,SUN,ST,250.0,250.0,,,,
57278,Hidden Hills Solar II LLC,57906,Hidden Hills Solar Plant 2,1,CA,CISO,Solar Thermal without Energy Storage,SUN,ST,250.0,250.0,,,,
15399,Avangrid Power LLC,57920,Dolan Springs,1,AZ,WALC,Onshore Wind Turbine,WND,WT,300.0,300.0,,,,
15399,Avangrid Power LLC,57921,Kettleman Solar,1,CA,CISO,Solar Photovoltaic,SUN,PV,22.0,22.0,,,,
15399,Avangrid Power LLC,57922,Dry Lake Solar,1,AZ,AZPS,Solar Photovoltaic,SUN,PV,50.0,50.0,,,,
15399,Avangrid Power LLC,57923,Tierra Bonita Solar,1,CA,CISO,Solar Photovoltaic,SUN,PV,22.0,22.0,,,,
15399,Avangrid Power LLC,57924,Klamath Solar,1,OR,PACW,Solar Photovoltaic,SUN,PV,5.0,5.0,,,,
57331,Soitec Solar Development LLC,57957,LanEast Solar Farm LLC,1,CA,CISO,Solar Photovoltaic,SUN,PV,20.0,20.0,,,,
57331,Soitec Solar Development LLC,57958,LanWest Solar Farm LLC,1,CA,CISO,Solar Photovoltaic,SUN,PV,5.0,5.0,,,,
60609,"Clean Focus Renewables, Inc.",57960,Rugged Solar LLC,1,CA,CISO,Solar Photovoltaic,SUN,PV,80.0,80.0,,,,
57331,Soitec Solar Development LLC,57961,Tierra Del Sol Solar Farm LLC,1,CA,CISO,Solar Photovoltaic,SUN,PV,45.0,45.0,,,,
57470,"Noble Energy Systems, Inc.",58087,Pea Patch Wind Farm,PEAP,MD,PJM,Onshore Wind Turbine,WND,WT,50.0,50.0,,,,
58109,President & Trustees of Williams College,58160,Williams College - Campus CHP,GEN3,MA,ISNE,Natural Gas Internal Combustion Engine,NG,IC,1.2,1.2,,,,
58109,President & Trustees of Williams College,58160,Williams College - Campus CHP,GEN6,MA,ISNE,Petroleum Liquids,DFO,IC,2.0,2.0,,,,
58168,Rio Mesa Solar I LLC,58188,Rio Mesa Solar Facility 1,1,CA,CISO,Solar Thermal without Energy Storage,SUN,ST,250.0,250.0,,,,
58169,Rio Mesa Solar II LLC,58189,Rio Mesa SEGF 2,1,CA,CISO,Solar Thermal without Energy Storage,SUN,ST,250.0,250.0,,,,
58153,US Magnesium,58191,US Magnesium,GT4,UT,PACE,Natural Gas Fired Combustion Turbine,NG,GT,30.0,24.0,,,,
56791,Hudson Ranch Power I LLC,58211,Hudson Ranch Power II LLC,HR2,CA,IID,Geothermal,GEO,ST,55.0,49.0,,,,
11204,Los Alamos County - (NM),58256,Los Alamos PV Site,4,NM,PNM,Solar Photovoltaic,SUN,PV,1.0,1.0,,,,
15473,Public Service Co of NM,58284,La Luz Energy Center,0002,NM,PNM,Natural Gas Fired Combustion Turbine,NG,GT,42.3,40.2,,,,
59456,"Zuni Solar, LLC",58285,Zuni Solar 1,ZNPV,CA,CISO,Solar Photovoltaic,SUN,PV,1.5,1.5,,,,
59456,"Zuni Solar, LLC",58286,Zuni Solar 2,ZSPV,CA,CISO,Solar Photovoltaic,SUN,PV,1.5,1.5,,,,
58262,Belectric Inc,58287,Helen Solar 1,GWPV,CA,CISO,Solar Photovoltaic,SUN,PV,1.5,1.5,,,,
58262,Belectric Inc,58288,Helen Solar 2,GEPV,CA,CISO,Solar Photovoltaic,SUN,PV,1.5,1.5,,,,
57031,Beacon Power LLC,58291,Tehachapi Spindle,TS1,CA,CISO,Flywheels,MWH,FW,20.0,20.0,,,,
58381,Troutdale Energy Center LLC,58396,Troutdale Energy Center,PLGEN,OR,,Natural Gas Fired Combined Cycle,NG,CC,652.0,652.0,,,,
58391,Chilocco Wind Farm LLC,58406,Chilocco Wind Farm,1,OK,SWPP,Onshore Wind Turbine,WND,WT,169.2,169.2,,,,
58409,Future Power PA,58409,Good Spring NGCC Facility,GT1,PA,PJM,Natural Gas Fired Combined Cycle,NG,CT,250.0,232.0,,,,
58409,Future Power PA,58409,Good Spring NGCC Facility,ST1,PA,PJM,Natural Gas Fired Combined Cycle,NG,CA,108.0,108.0,,,,
16572,Salt River Project,58413,Copper Crossing Energy and Research Cent,CCGS1,AZ,SRP,Natural Gas Fired Combustion Turbine,NG,GT,116.0,98.0,,,,
16572,Salt River Project,58413,Copper Crossing Energy and Research Cent,CCGS2,AZ,SRP,Natural Gas Fired Combustion Turbine,NG,GT,116.0,98.0,,,,
16572,Salt River Project,58413,Copper Crossing Energy and Research Cent,CCGS3,AZ,SRP,Natural Gas Fired Combustion Turbine,NG,GT,241.0,226.0,,,,
16572,Salt River Project,58413,Copper Crossing Energy and Research Cent,CCGS4,AZ,SRP,Natural Gas Fired Combustion Turbine,NG,GT,241.0,226.0,,,,
16572,Salt River Project,58413,Copper Crossing Energy and Research Cent,CCGS5,AZ,SRP,Natural Gas Fired Combustion Turbine,NG,GT,241.0,226.0,,,,
16572,Salt River Project,58413,Copper Crossing Energy and Research Cent,CCGS6,AZ,SRP,Natural Gas Fired Combustion Turbine,NG,GT,241.0,226.0,,,,
16572,Salt River Project,58413,Copper Crossing Energy and Research Cent,CCGS7,AZ,SRP,Natural Gas Fired Combustion Turbine,NG,GT,241.0,226.0,,,,
16572,Salt River Project,58413,Copper Crossing Energy and Research Cent,CCGS8,AZ,SRP,Natural Gas Fired Combustion Turbine,NG,GT,241.0,226.0,,,,
16572,Salt River Project,58413,Copper Crossing Energy and Research Cent,CCGS9,AZ,SRP,Natural Gas Fired Combustion Turbine,NG,GT,101.0,91.0,,,,
58588,National Solar Power Partners LLC,58637,Hardee County Solar Farms 1 LLC,HCSF1,FL,FPC,Solar Photovoltaic,SUN,PV,20.0,20.0,,,,
58626,"Paynesville Wind, LLC",58693,Paynesville Wind Farm,1,MN,MISO,Onshore Wind Turbine,WND,WT,95.0,95.0,,,,
58642,East Kapolei Solar LLC,58705,EKS Solar Farm,PV1,HI,,Solar Photovoltaic,SUN,PV,5.0,5.0,,,,
50123,"Leeward Asset Management, LLC",58710,Barilla Solar,BARBA,TX,ERCO,Batteries,MWH,BA,20.0,20.0,,,,
58653,Oxbow Creek Energy LLC,58714,Oxbow Creek,1,PA,PJM,Natural Gas Internal Combustion Engine,NG,IC,7.0,6.8,,,,
58653,Oxbow Creek Energy LLC,58714,Oxbow Creek,2,PA,PJM,Natural Gas Internal Combustion Engine,NG,IC,7.0,6.8,,,,
58653,Oxbow Creek Energy LLC,58714,Oxbow Creek,3,PA,PJM,Natural Gas Internal Combustion Engine,NG,IC,7.0,6.8,,,,
58658,Sunlight Partners,58723,Colin Solar,PV1,NC,CPLE,Solar Photovoltaic,SUN,PV,4.0,4.0,,,,
58658,Sunlight Partners,58724,Duck Solar,PV1,NC,DUK,Solar Photovoltaic,SUN,PV,5.0,5.0,,,,
58658,Sunlight Partners,58727,Hawkins Solar,PV1,NC,DUK,Solar Photovoltaic,SUN,PV,5.0,5.0,,,,
58658,Sunlight Partners,58728,Katherine Solar,PV1,NC,CPLE,Solar Photovoltaic,SUN,PV,5.0,5.0,,,,
59379,"Lotus Solar, LLC",58729,Lotus Solar,PV1,NC,CPLE,Solar Photovoltaic,SUN,PV,4.0,4.0,,,,
58658,Sunlight Partners,58733,Austin Solar,PV1,NC,CPLE,Solar Photovoltaic,SUN,PV,2.0,2.0,,,,
59376,"Beth Solar, LLC",58734,Beth Solar,PV1,NC,DUK,Solar Photovoltaic,SUN,PV,5.0,5.0,,,,
59377,"Big Boy Solar, LLC",58736,Big Boy Solar,PV1,NC,DUK,Solar Photovoltaic,SUN,PV,3.0,3.0,,,,
58658,Sunlight Partners,58737,Binks Solar,PV1,NC,CPLE,Solar Photovoltaic,SUN,PV,4.0,4.0,,,,
59378,"Charlie Solar, LLC",58738,Charlie Solar,PV1,NC,DUK,Solar Photovoltaic,SUN,PV,4.5,4.5,,,,
58658,Sunlight Partners,58743,RJ Solar,PV1,NC,CPLE,Solar Photovoltaic,SUN,PV,5.0,5.0,,,,
58658,Sunlight Partners,58744,Shadow Solar,PV1,NC,DUK,Solar Photovoltaic,SUN,PV,3.0,3.0,,,,
58662,Blue Mountain Power Partners,58764,Blue Mountain Wind Farm,BM1,UT,PACE,Onshore Wind Turbine,WND,WT,80.0,80.0,,,,
17650,Southern Power Co,58766,Wake Wind Energy Center,2,TX,ERCO,Onshore Wind Turbine,WND,WT,125.0,125.0,,,,
17650,Southern Power Co,58766,Wake Wind Energy Center,3,TX,ERCO,Onshore Wind Turbine,WND,WT,61.1,61.1,,,,
49893,Invenergy Services LLC,58767,Buckeye Wind Energy Center,2,KS,SWPP,Onshore Wind Turbine,WND,WT,70.3,70.3,,,,
49893,Invenergy Services LLC,58767,Buckeye Wind Energy Center,3,KS,SWPP,Onshore Wind Turbine,WND,WT,105.5,105.5,,,,
56215,"Big Sky Wind, LLC",58776,Buckeye Wind Farm,1,OH,PJM,Onshore Wind Turbine,WND,WT,99.0,99.0,,,,
56215,"Big Sky Wind, LLC",58778,Coyote Crest Wind Farm,1,WA,BPAT,Onshore Wind Turbine,WND,WT,127.5,127.5,,,,
56215,"Big Sky Wind, LLC",58779,Allegany Wind Farm,1,NY,NYIS,Onshore Wind Turbine,WND,WT,72.5,72.5,,,,
58673,"Longhorn Holdings, LLC",58781,Longhorn Holdings,PV1,NC,DUK,Solar Photovoltaic,SUN,PV,5.0,5.0,,,,
58684,Hop Bottom Energy LLC,58800,Hop Bottom,1,PA,PJM,Natural Gas Internal Combustion Engine,NG,IC,7.0,6.8,,,,
58684,Hop Bottom Energy LLC,58800,Hop Bottom,2,PA,PJM,Natural Gas Internal Combustion Engine,NG,IC,7.0,6.8,,,,
58684,Hop Bottom Energy LLC,58800,Hop Bottom,3,PA,PJM,Natural Gas Internal Combustion Engine,NG,IC,7.0,6.8,,,,
58684,Hop Bottom Energy LLC,58800,Hop Bottom,GEN1,PA,PJM,Natural Gas Internal Combustion Engine,NG,IC,4.4,4.2,,,,
58684,Hop Bottom Energy LLC,58800,Hop Bottom,GEN2,PA,PJM,Natural Gas Internal Combustion Engine,NG,IC,4.4,4.2,,,,
58684,Hop Bottom Energy LLC,58800,Hop Bottom,GEN3,PA,PJM,Natural Gas Internal Combustion Engine,NG,IC,4.4,4.2,,,,
58684,Hop Bottom Energy LLC,58800,Hop Bottom,GEN4,PA,PJM,Natural Gas Internal Combustion Engine,NG,IC,4.4,4.2,,,,
58684,Hop Bottom Energy LLC,58800,Hop Bottom,GEN5,PA,PJM,Natural Gas Internal Combustion Engine,NG,IC,4.4,4.2,,,,
58694,"Leyline Renewable Energy, LLC",58804,"McCaskey Solar Farm, LLC",INV1,NC,PJM,Solar Photovoltaic,SUN,PV,0.3,0.3,,,,
58694,"Leyline Renewable Energy, LLC",58804,"McCaskey Solar Farm, LLC",INV2,NC,PJM,Solar Photovoltaic,SUN,PV,0.3,0.3,,,,
58694,"Leyline Renewable Energy, LLC",58804,"McCaskey Solar Farm, LLC",INV3,NC,PJM,Solar Photovoltaic,SUN,PV,0.3,0.3,,,,
58694,"Leyline Renewable Energy, LLC",58804,"McCaskey Solar Farm, LLC",INV4,NC,PJM,Solar Photovoltaic,SUN,PV,0.3,0.3,,,,
58694,"Leyline Renewable Energy, LLC",58804,"McCaskey Solar Farm, LLC",INV5,NC,PJM,Solar Photovoltaic,SUN,PV,0.3,0.3,,,,
58694,"Leyline Renewable Energy, LLC",58804,"McCaskey Solar Farm, LLC",INV6,NC,PJM,Solar Photovoltaic,SUN,PV,0.3,0.3,,,,
58694,"Leyline Renewable Energy, LLC",58804,"McCaskey Solar Farm, LLC",INV7,NC,PJM,Solar Photovoltaic,SUN,PV,0.3,0.3,,,,
58694,"Leyline Renewable Energy, LLC",58804,"McCaskey Solar Farm, LLC",INV8,NC,PJM,Solar Photovoltaic,SUN,PV,0.3,0.3,,,,
58686,Alpaca Energy LLC,58813,Alpaca,GEN1,PA,PJM,Natural Gas Internal Combustion Engine,NG,IC,4.4,4.2,,,,
58686,Alpaca Energy LLC,58813,Alpaca,GEN2,PA,PJM,Natural Gas Internal Combustion Engine,NG,IC,4.4,4.2,,,,
58686,Alpaca Energy LLC,58813,Alpaca,GEN3,PA,PJM,Natural Gas Internal Combustion Engine,NG,IC,4.4,4.2,,,,
58686,Alpaca Energy LLC,58813,Alpaca,GEN4,PA,PJM,Natural Gas Internal Combustion Engine,NG,IC,4.4,4.2,,,,
58686,Alpaca Energy LLC,58813,Alpaca,GEN5,PA,PJM,Natural Gas Internal Combustion Engine,NG,IC,4.4,4.2,,,,
58687,Bayles Energy LLC,58816,Bayles,1,PA,PJM,Natural Gas Internal Combustion Engine,NG,IC,7.0,6.8,,,,
58687,Bayles Energy LLC,58816,Bayles,2,PA,PJM,Natural Gas Internal Combustion Engine,NG,IC,7.0,6.8,,,,
58687,Bayles Energy LLC,58816,Bayles,3,PA,PJM,Natural Gas Internal Combustion Engine,NG,IC,7.0,6.8,,,,
58687,Bayles Energy LLC,58816,Bayles,GEN1,PA,PJM,Natural Gas Internal Combustion Engine,NG,IC,4.4,4.2,,,,
58687,Bayles Energy LLC,58816,Bayles,GEN2,PA,PJM,Natural Gas Internal Combustion Engine,NG,IC,4.4,4.2,,,,
58687,Bayles Energy LLC,58816,Bayles,GEN3,PA,PJM,Natural Gas Internal Combustion Engine,NG,IC,4.4,4.2,,,,
58687,Bayles Energy LLC,58816,Bayles,GEN4,PA,PJM,Natural Gas Internal Combustion Engine,NG,IC,4.4,4.2,,,,
58687,Bayles Energy LLC,58816,Bayles,GEN5,PA,PJM,Natural Gas Internal Combustion Engine,NG,IC,4.4,4.2,,,,
58688,Kelly Energy LLC,58817,Kelly,GEN1,PA,PJM,Natural Gas Internal Combustion Engine,NG,IC,3.3,3.0,,,,
58688,Kelly Energy LLC,58817,Kelly,GEN2,PA,PJM,Natural Gas Internal Combustion Engine,NG,IC,3.3,3.0,,,,
58689,Milan Energy LLC,58818,Milan,GEN1,PA,PJM,Natural Gas Internal Combustion Engine,NG,IC,4.4,4.2,,,,
58689,Milan Energy LLC,58818,Milan,GEN2,PA,PJM,Natural Gas Internal Combustion Engine,NG,IC,4.4,4.2,,,,
58689,Milan Energy LLC,58818,Milan,GEN3,PA,PJM,Natural Gas Internal Combustion Engine,NG,IC,4.4,4.2,,,,
58689,Milan Energy LLC,58818,Milan,GEN4,PA,PJM,Natural Gas Internal Combustion Engine,NG,IC,4.4,4.2,,,,
58689,Milan Energy LLC,58818,Milan,GEN5,PA,PJM,Natural Gas Internal Combustion Engine,NG,IC,4.4,4.2,,,,
58690,Red Glen Energy LLC,58819,Red Glen,GEN1,PA,PJM,Natural Gas Internal Combustion Engine,NG,IC,4.4,4.2,,,,
58690,Red Glen Energy LLC,58819,Red Glen,GEN2,PA,PJM,Natural Gas Internal Combustion Engine,NG,IC,4.4,4.2,,,,
58690,Red Glen Energy LLC,58819,Red Glen,GEN3,PA,PJM,Natural Gas Internal Combustion Engine,NG,IC,4.4,4.2,,,,
58690,Red Glen Energy LLC,58819,Red Glen,GEN4,PA,PJM,Natural Gas Internal Combustion Engine,NG,IC,4.4,4.2,,,,
58690,Red Glen Energy LLC,58819,Red Glen,GEN5,PA,PJM,Natural Gas Internal Combustion Engine,NG,IC,4.4,4.2,,,,
58691,Shippenville Energy LLC,58820,Shippenville,GEN1,PA,PJM,Natural Gas Internal Combustion Engine,NG,IC,4.4,4.2,,,,
58691,Shippenville Energy LLC,58820,Shippenville,GEN2,PA,PJM,Natural Gas Internal Combustion Engine,NG,IC,4.4,4.2,,,,
58691,Shippenville Energy LLC,58820,Shippenville,GEN3,PA,PJM,Natural Gas Internal Combustion Engine,NG,IC,4.4,4.2,,,,
58691,Shippenville Energy LLC,58820,Shippenville,GEN4,PA,PJM,Natural Gas Internal Combustion Engine,NG,IC,4.4,4.4,,,,
58691,Shippenville Energy LLC,58820,Shippenville,GEN5,PA,PJM,Natural Gas Internal Combustion Engine,NG,IC,4.4,4.2,,,,
58692,Florey Knob LLC,58821,Florey Knobb,1,PA,PJM,Natural Gas Internal Combustion Engine,NG,IC,7.0,6.8,,,,
58692,Florey Knob LLC,58821,Florey Knobb,2,PA,PJM,Natural Gas Internal Combustion Engine,NG,IC,7.0,6.8,,,,
58692,Florey Knob LLC,58821,Florey Knobb,3,PA,PJM,Natural Gas Internal Combustion Engine,NG,IC,7.0,6.8,,,,
58692,Florey Knob LLC,58821,Florey Knobb,GEN1,PA,PJM,Natural Gas Internal Combustion Engine,NG,IC,4.4,4.2,,,,
58692,Florey Knob LLC,58821,Florey Knobb,GEN2,PA,PJM,Natural Gas Internal Combustion Engine,NG,IC,4.4,4.2,,,,
58692,Florey Knob LLC,58821,Florey Knobb,GEN3,PA,PJM,Natural Gas Internal Combustion Engine,NG,IC,4.4,4.2,,,,
58692,Florey Knob LLC,58821,Florey Knobb,GEN4,PA,PJM,Natural Gas Internal Combustion Engine,NG,IC,4.4,4.2,,,,
58692,Florey Knob LLC,58821,Florey Knobb,GEN5,PA,PJM,Natural Gas Internal Combustion Engine,NG,IC,4.4,4.2,,,,
58378,Jordan Hydroelectric LTD PTP,58827,Flannagan Hydroelectric Project,LEFT,VA,PJM,Conventional Hydroelectric,WAT,HY,0.4,0.4,,,,
58378,Jordan Hydroelectric LTD PTP,58827,Flannagan Hydroelectric Project,LEFT1,VA,PJM,Conventional Hydroelectric,WAT,HY,0.4,0.4,,,,
58378,Jordan Hydroelectric LTD PTP,58827,Flannagan Hydroelectric Project,LEFT2,VA,PJM,Conventional Hydroelectric,WAT,HY,0.4,0.4,,,,
58378,Jordan Hydroelectric LTD PTP,58827,Flannagan Hydroelectric Project,RGHT,VA,PJM,Conventional Hydroelectric,WAT,HY,0.4,0.4,,,,
58722,Jordan Cove Energy Project LP,58841,South Dunes Power Plant,CT-1,OR,PACW,Natural Gas Fired Combined Cycle,NG,CT,64.5,47.2,,,,
58722,Jordan Cove Energy Project LP,58841,South Dunes Power Plant,CT-2,OR,PACW,Natural Gas Fired Combined Cycle,NG,CT,64.5,47.2,,,,
58722,Jordan Cove Energy Project LP,58841,South Dunes Power Plant,CT-3,OR,PACW,Natural Gas Fired Combined Cycle,NG,CT,64.5,47.2,,,,
58722,Jordan Cove Energy Project LP,58841,South Dunes Power Plant,CT-4,OR,PACW,Natural Gas Fired Combined Cycle,NG,CT,64.5,47.2,,,,
58722,Jordan Cove Energy Project LP,58841,South Dunes Power Plant,CT-5,OR,PACW,Natural Gas Fired Combined Cycle,NG,CT,64.5,47.2,,,,
58722,Jordan Cove Energy Project LP,58841,South Dunes Power Plant,CT-6,OR,PACW,Natural Gas Fired Combined Cycle,NG,CT,64.5,47.2,,,,
58722,Jordan Cove Energy Project LP,58841,South Dunes Power Plant,ST-1,OR,PACW,Natural Gas Fired Combined Cycle,NG,CA,51.0,50.0,,,,
58722,Jordan Cove Energy Project LP,58841,South Dunes Power Plant,ST-2,OR,PACW,Natural Gas Fired Combined Cycle,NG,CA,51.0,50.0,,,,
58725,Greenville Farm 2 LLC,58850,Greenville Farm 2,1,NC,,Solar Photovoltaic,SUN,PV,3.0,3.0,,,,
58727,Mayodan Farm LLC,58852,Mayodan Farm,1,NC,,Solar Photovoltaic,SUN,PV,5.0,5.0,,,,
58731,Ostrich Farm LLC,58857,Ostrich Farm,1,NC,CPLE,Solar Photovoltaic,SUN,PV,5.0,5.0,,,,
58733,Peanut Farm LLC,58858,Peanut Farm,1,NC,,Solar Photovoltaic,SUN,PV,1.8,1.8,,,,
58739,Enfield Farm LLC,58860,Enfield Farm,1,NC,NA,Solar Photovoltaic,SUN,PV,5.0,5.0,,,,
58746,Chatham Park Solar Farm LLC,58869,Chatham Park Solar Farm,1,NC,,Solar Photovoltaic,SUN,PV,20.0,20.0,,,,
58757,"Wheelabrator Frederick, LLC",58875,Frederick-Carroll County Renewable Waste,GEN1,MD,PJM,Municipal Solid Waste,MSW,ST,56.0,47.0,,,,
58758,CPV Smyth Generation Company LLC,58878,CPV Smyth Generation Company LLC,1,VA,PJM,Natural Gas Fired Combined Cycle,NG,CC,1017.0,989.0,,,,
58761,White Camp Solar LLC,58888,White Camp Solar,WCAMP,TX,ERCO,Solar Photovoltaic,SUN,PV,100.0,100.0,,,,
56545,Pattern Operators LP,58894,Summit Ridge I Wind Farm,SRWF,OR,BPAT,Onshore Wind Turbine,WND,WT,192.0,192.0,,,,
58762,"Sargas Texas, LLC",58895,Stargate Point Comfort,STAR1,TX,ERCO,Natural Gas Fired Combustion Turbine,NG,GT,250.0,232.0,,,,
58768,Pondera Development LLC,58910,CPV Pondera King Energy Center,CC,TX,ERCO,Natural Gas Fired Combined Cycle,NG,CC,900.0,836.0,,,,
58792,ClearVista Energy LLC,58922,4001 and 2510 ClearVista Solar and Wind,CVPV,CA,CISO,Solar Photovoltaic,SUN,PV,5.0,5.0,,,,
58792,ClearVista Energy LLC,58922,4001 and 2510 ClearVista Solar and Wind,CVWT,CA,CISO,Onshore Wind Turbine,WND,WT,19.5,19.5,,,,
58794,American Wind Energy Management Corp.,58926,Sangamon Wind Two LLC,SAN2,IL,MISO,Onshore Wind Turbine,WND,WT,100.0,100.0,,,,
58796,Trishe Wind Colorado,58928,Trishe Wind Colorado,1,CO,WACM,Onshore Wind Turbine,WND,WT,30.0,30.0,,,,
58766,FGE Texas II LLC,58930,FGE Texas II,CA1,TX,ERCO,Natural Gas Fired Combined Cycle,NG,CA,265.2,249.9,,,,
58766,FGE Texas II LLC,58930,FGE Texas II,GT1,TX,ERCO,Natural Gas Fired Combined Cycle,NG,CT,238.9,226.7,,,,
58766,FGE Texas II LLC,58930,FGE Texas II,GT2,TX,ERCO,Natural Gas Fired Combined Cycle,NG,CT,238.9,226.7,,,,
58765,FGE Texas I LLC,58931,FGE Texas I,CA1,TX,ERCO,Natural Gas Fired Combined Cycle,NG,CA,265.2,249.9,,,,
58765,FGE Texas I LLC,58931,FGE Texas I,GT1,TX,ERCO,Natural Gas Fired Combined Cycle,NG,CT,238.9,226.7,,,,
58765,FGE Texas I LLC,58931,FGE Texas I,GT2,TX,ERCO,Natural Gas Fired Combined Cycle,NG,CT,238.9,226.7,,,,
58804,Lake Erie Energy Development Corp,58941,Icebreaker Offshore Wind Farm,WTG1,OH,PJM,Offshore Wind Turbine,WND,WS,3.4,3.4,,,,
58804,Lake Erie Energy Development Corp,58941,Icebreaker Offshore Wind Farm,WTG2,OH,PJM,Offshore Wind Turbine,WND,WS,3.4,3.4,,,,
58804,Lake Erie Energy Development Corp,58941,Icebreaker Offshore Wind Farm,WTG3,OH,PJM,Offshore Wind Turbine,WND,WS,3.4,3.4,,,,
58804,Lake Erie Energy Development Corp,58941,Icebreaker Offshore Wind Farm,WTG4,OH,PJM,Offshore Wind Turbine,WND,WS,3.4,3.4,,,,
58804,Lake Erie Energy Development Corp,58941,Icebreaker Offshore Wind Farm,WTG5,OH,PJM,Offshore Wind Turbine,WND,WS,3.4,3.4,,,,
58804,Lake Erie Energy Development Corp,58941,Icebreaker Offshore Wind Farm,WTG6,OH,PJM,Offshore Wind Turbine,WND,WS,3.4,3.4,,,,
58814,Sibley Wind Substation LLC,58950,Sibley Wind,SW-1,MN,MISO,Onshore Wind Turbine,WND,WT,19.5,19.5,,,,
58836,"Sunwind Energy Solutions, LLLP",58976,Sunwind Doyle Wind,SNWND,KS,SWPP,Onshore Wind Turbine,WND,WT,200.0,200.0,,,,
58842,Power Company of Wyoming LLC,58987,Chokecherry and Sierra Madre Wind,I-C,WY,CISO,Onshore Wind Turbine,WND,WT,500.0,500.0,,,,
58843,Searchlight Wind Energy LLC,58988,Searchlight Wind,1,NV,WALC,Onshore Wind Turbine,WND,WT,200.0,200.0,,,,
58846,"Southeast Renewable Fuels, LLC",58997,SRF Pulp Processing Facility,G1001,FL,SEC,Wood/Wood Waste Biomass,WDS,ST,20.0,20.0,,,,
54906,"Tradewind Energy, Inc.",59000,Mustang Run Wind Project LLC,MRWP,OK,,Onshore Wind Turbine,WND,WT,136.0,136.0,,,,
58847,NRG California Peaker Operations LLC,59002,Carlsbad Energy Center,CEC11,CA,CISO,Natural Gas Fired Combustion Turbine,NG,GT,105.5,105.5,,,,
58849,Mariah del Este LLC,59006,Mariah East,MARN,TX,ERCO,Onshore Wind Turbine,WND,WT,152.5,152.5,,,,
58850,Mariah del Sur LLC,59007,Mariah South,MAR S,TX,ERCO,Onshore Wind Turbine,WND,WT,210.4,210.4,,,,
58860,Southbridge Recycling and Disposal Park,59011,Southbridge Landfill Gas-to-Energy,CAT2,MA,ISNE,Landfill Gas,LFG,IC,1.6,1.5,,,,
59856,Maverick Solar LLC,59016,Maverick Solar,GEN 1,NC,DUK,Solar Photovoltaic,SUN,PV,3.0,3.0,,,,
61038,"Cube District Energy, LLC",59036,Onslow Energy,GEN 1,NC,DUK,Solar Photovoltaic,SUN,PV,1.5,1.5,,,,
58878,Watkins Glen Wind LLC,59041,Watkins Glen Wind Energy Center,WGWEC,NY,NYIS,Onshore Wind Turbine,WND,WT,80.0,80.0,,,,
58881,Apex Bethel Energy Center,59048,Apex Bethel Energy Center,ABEC1,TX,ERCO,Natural Gas with Compressed Air Storage,NG,CE,158.5,158.5,,,,
58881,Apex Bethel Energy Center,59048,Apex Bethel Energy Center,ABEC2,TX,ERCO,Natural Gas with Compressed Air Storage,NG,CE,158.5,158.5,,,,
56215,"Big Sky Wind, LLC",59062,Vici Wind Farm,VICI,OK,SWPP,Onshore Wind Turbine,WND,WT,180.0,180.0,,,,
56215,"Big Sky Wind, LLC",59064,Stella Wind Farm II,WT1,TX,ERCO,Onshore Wind Turbine,WND,WT,200.0,200.0,,,,
56215,"Big Sky Wind, LLC",59067,Grandview Wind Farm III LLC,GVIII,TX,ERCO,Onshore Wind Turbine,WND,WT,188.0,188.0,,,,
56215,"Big Sky Wind, LLC",59069,Wildcat Wind Farm II LLC`,WCII,IN,PJM,Onshore Wind Turbine,WND,WT,210.0,210.0,,,,
58907,Dobbins Mill Farm,59101,Dobbins Mill Farm,1,NC,DUK,Solar Photovoltaic,SUN,PV,5.0,5.0,,,,
58910,Gantt Farm LLC,59104,Gantt Farm,1,NC,,Solar Photovoltaic,SUN,PV,74.8,74.8,,,,
58914,Roady Lane Farm LLC,59108,Roady Lane Farm LLC,1,NC,CPLE,Solar Photovoltaic,SUN,PV,74.8,74.8,,,,
58960,Timberline Energy LLC,59143,Front Range Project,FR-2,CO,WACM,Landfill Gas,LFG,IC,1.6,1.5,,,,
58695,Coronal Development Services,59159,Tower Solar Center LLC,TSC 1,NC,,Solar Photovoltaic,SUN,PV,5.0,5.0,,,,
58695,Coronal Development Services,59160,Pinewood Solar Center LLC,PSC 1,NC,,Solar Photovoltaic,SUN,PV,5.0,5.0,,,,
58695,Coronal Development Services,59161,Lake Solar Center LLC,LSC 1,NC,CPLE,Solar Photovoltaic,SUN,PV,5.0,5.0,,,,
58695,Coronal Development Services,59165,Mason Solar Center LLC,MSC 1,NC,CPLE,Solar Photovoltaic,SUN,PV,15.3,15.3,,,,
58999,Sonoran West Solar Holdings LLC,59202,Sonoran West Solar EGS,1,CA,LDWP,Solar Photovoltaic,SUN,PV,540.0,540.0,,,,
59001,Faison Farm LLC,59208,Faison Farm,PV1,NC,CPLE,Solar Photovoltaic,SUN,PV,5.0,5.0,,,,
59002,Garland Farm LLC,59209,Garland Farm,PV1,NC,CPLE,Solar Photovoltaic,SUN,PV,5.0,5.0,,,,
59003,Jackson Solar Farm LLC,59210,Jackson Solar Farm,PV1,NC,DUK,Solar Photovoltaic,SUN,PV,5.0,5.0,,,,
59005,Angus Holdings LLC,59211,Angus Holdings,PV1,NC,CPLE,Solar Photovoltaic,SUN,PV,5.0,5.0,,,,
59006,Calypso Farm LLC,59212,Calypso Farm,PV1,NC,CPLE,Solar Photovoltaic,SUN,PV,5.0,5.0,,,,
59008,Guersney Holdings LLC,59214,Guernsey Holdings,PV1,NC,CPLE,Solar Photovoltaic,SUN,PV,5.0,5.0,,,,
59009,Hereford Holdings LLC,59215,Hereford Holdings`,PV1,NC,DUK,Solar Photovoltaic,SUN,PV,5.0,5.0,,,,
64994,SolRiver Capital LLC,59216,Rhubarb One,PV1,NC,CPLE,Solar Photovoltaic,SUN,PV,5.0,5.0,,,,
59000,Holger Holdings LLC,59218,Holger Holdings,PV1,NC,CPLE,Solar Photovoltaic,SUN,PV,5.0,5.0,,,,
59023,Leonardo Wind 3 LLC,59229,Leonardo Wind 3 LLC,WT1,IA,MISO,Onshore Wind Turbine,WND,WT,3.0,3.0,,,,
17718,Southwestern Public Service Co,59247,Hale Community Wind Farm,HALE2,TX,SWPP,Onshore Wind Turbine,WND,WT,240.0,240.0,,,,
59138,"SunPower Corporation, Systems",59252,Aragonne Solar LLC,PV1,NM,PNM,Solar Photovoltaic,SUN,PV,40.0,38.4,,,,
59080,"Soleil Energy Solutions, LLC",59258,Westside Solar Farm,WEST1,NC,CPLE,Solar Photovoltaic,SUN,PV,4.0,4.0,,,,
61012,AES Distributed Energy,59263,Con Dios Solar 3,COND3,CA,CISO,Solar Photovoltaic,SUN,PV,1.5,1.5,,,,
61012,AES Distributed Energy,59264,Con Dios Solar 11,CON11,CA,CISO,Solar Photovoltaic,SUN,PV,1.5,1.5,,,,
59098,"Northwest Ohio Wind, LLC",59296,Northwest Ohio Wind,NWOH2,OH,PJM,Onshore Wind Turbine,WND,WT,100.0,100.0,,,,
59101,"NTE Texas, LLC",59298,Pecan Creek Energy Center,PCEC1,TX,ERCO,Natural Gas Fired Combustion Turbine,NG,GT,171.8,133.0,,,,
59101,"NTE Texas, LLC",59298,Pecan Creek Energy Center,PCEC2,TX,ERCO,Natural Gas Fired Combustion Turbine,NG,GT,171.8,133.0,,,,
59111,"Crawford Renewable Energy, LLC",59307,Crawford Renewable Energy - Meadville Po,MPS,PA,PJM,All Other,TDF,ST,99.5,93.5,,,,
59137,Palmer Renewable Energy,59336,Palmer Renewable Energy,PRE,MA,ISNE,Wood/Wood Waste Biomass,WDS,ST,42.0,42.0,,,,
59142,"Hydrogen Energy California, LLC",59372,Hydrogen Energy California LLC,HECA1,CA,CISO,Coal Integrated Gasification Combined Cycle,SGC,CS,421.0,413.0,,,,
59161,"Great Bay Wind I, LLC",59385,Great Bay Wind Energy Center,GEN1,MD,PJM,Onshore Wind Turbine,WND,WT,150.0,150.0,,,,
59192,"Amity Energy, LLC",59418,Amity Energy LLC,1,PA,PJM,Natural Gas Internal Combustion Engine,NG,IC,7.0,6.8,,,,
59192,"Amity Energy, LLC",59418,Amity Energy LLC,2,PA,PJM,Natural Gas Internal Combustion Engine,NG,IC,7.0,6.8,,,,
59192,"Amity Energy, LLC",59418,Amity Energy LLC,3,PA,PJM,Natural Gas Internal Combustion Engine,NG,IC,7.0,6.8,,,,
59192,"Amity Energy, LLC",59418,Amity Energy LLC,GEN1,PA,PJM,Natural Gas Internal Combustion Engine,NG,IC,4.4,4.2,,,,
59192,"Amity Energy, LLC",59418,Amity Energy LLC,GEN2,PA,PJM,Natural Gas Internal Combustion Engine,NG,IC,4.4,4.2,,,,
59192,"Amity Energy, LLC",59418,Amity Energy LLC,GEN3,PA,PJM,Natural Gas Internal Combustion Engine,NG,IC,4.4,4.2,,,,
59192,"Amity Energy, LLC",59418,Amity Energy LLC,GEN4,PA,PJM,Natural Gas Internal Combustion Engine,NG,IC,4.4,4.2,,,,
59192,"Amity Energy, LLC",59418,Amity Energy LLC,GEN5,PA,PJM,Natural Gas Internal Combustion Engine,NG,IC,4.4,4.2,,,,
59194,"Purdys Run Energy, LLC",59419,"Purdys Run Energy, LLC",GEN1,WV,PJM,Natural Gas Internal Combustion Engine,NG,IC,4.4,4.2,,,,
59194,"Purdys Run Energy, LLC",59419,"Purdys Run Energy, LLC",GEN2,WV,PJM,Natural Gas Internal Combustion Engine,NG,IC,4.4,4.2,,,,
59194,"Purdys Run Energy, LLC",59419,"Purdys Run Energy, LLC",GEN3,WV,PJM,Natural Gas Internal Combustion Engine,NG,IC,4.4,4.2,,,,
59194,"Purdys Run Energy, LLC",59419,"Purdys Run Energy, LLC",GEN4,WV,PJM,Natural Gas Internal Combustion Engine,NG,IC,4.4,4.2,,,,
59194,"Purdys Run Energy, LLC",59419,"Purdys Run Energy, LLC",GEN5,WV,PJM,Natural Gas Internal Combustion Engine,NG,IC,4.4,4.2,,,,
59193,"Basswood Energy, LLC",59420,"Basswood Energy, LLC",GEN1,PA,PJM,Natural Gas Internal Combustion Engine,NG,IC,4.4,4.2,,,,
59193,"Basswood Energy, LLC",59420,"Basswood Energy, LLC",GEN2,PA,PJM,Natural Gas Internal Combustion Engine,NG,IC,4.4,4.2,,,,
59193,"Basswood Energy, LLC",59420,"Basswood Energy, LLC",GEN3,PA,PJM,Natural Gas Internal Combustion Engine,NG,IC,4.4,4.2,,,,
59193,"Basswood Energy, LLC",59420,"Basswood Energy, LLC",GEN4,PA,PJM,Natural Gas Internal Combustion Engine,NG,IC,4.4,4.2,,,,
59193,"Basswood Energy, LLC",59420,"Basswood Energy, LLC",GEN5,PA,PJM,Natural Gas Internal Combustion Engine,NG,IC,4.4,4.2,,,,
63996,"Corporate Growth Solutions, LLC",59471,"Buckeye Generation Center, LLC",CTG01,AZ,AZPS,Natural Gas Fired Combustion Turbine,NG,GT,108.7,104.0,,,,
63996,"Corporate Growth Solutions, LLC",59471,"Buckeye Generation Center, LLC",CTG02,AZ,AZPS,Natural Gas Fired Combustion Turbine,NG,GT,108.7,104.0,,,,
63996,"Corporate Growth Solutions, LLC",59471,"Buckeye Generation Center, LLC",CTG03,AZ,AZPS,Natural Gas Fired Combustion Turbine,NG,GT,108.7,104.0,,,,
63996,"Corporate Growth Solutions, LLC",59471,"Buckeye Generation Center, LLC",CTG04,AZ,AZPS,Natural Gas Fired Combustion Turbine,NG,GT,108.7,104.0,,,,
63996,"Corporate Growth Solutions, LLC",59471,"Buckeye Generation Center, LLC",CTG05,AZ,AZPS,Natural Gas Fired Combustion Turbine,NG,GT,108.7,104.0,,,,
63996,"Corporate Growth Solutions, LLC",59471,"Buckeye Generation Center, LLC",CTG06,AZ,AZPS,Natural Gas Fired Combustion Turbine,NG,GT,108.7,104.0,,,,
59283,"Gateway Energy Center, LLC",59538,"Gateway Energy Center, LLC",CT001,NJ,PJM,Natural Gas Fired Combined Cycle,NG,CC,440.0,442.8,,,,
59315,Bradley Farm LLC,59568,Bradley Farm,PV1,NC,DUK,Solar Photovoltaic,SUN,PV,5.0,5.0,,,,
59318,Soy Solar LLC,59571,Soy Solar,PV1,NC,CPLE,Solar Photovoltaic,SUN,PV,5.0,5.0,,,,
59325,"North Siler Farm, LLC",59580,North Siler Farm,PV1,NC,CPLE,Solar Photovoltaic,SUN,PV,5.0,5.0,,,,
59327,"Tarboro Farm, LLC",59582,Tarboro Farm,PV1,NC,PJM,Solar Photovoltaic,SUN,PV,5.0,5.0,,,,
59330,"Wommack Farm, LLC",59585,Wommack Farm,PV1,NC,CPLE,Solar Photovoltaic,SUN,PV,5.0,5.0,,,,
59333,"Pit 64 Farm, LLC",59588,Pit 64,PV1,NC,CPLE,Solar Photovoltaic,SUN,PV,5.0,5.0,,,,
59335,"Sandy Ridge Solar Farm, LLC",59590,Sandy Ridge Solar Farm,PV1,NC,DUK,Solar Photovoltaic,SUN,PV,5.0,5.0,,,,
59339,"Spring Valley Farm, LLC",59594,Spring Valley Farm,PV1,NC,CPLE,Solar Photovoltaic,SUN,PV,5.0,5.0,,,,
59342,"Maricopa West Solar PV 2, LLC",59608,Maricopa West Solar 2,MWS2,CA,CISO,Solar Photovoltaic,SUN,PV,20.0,20.0,,,,
59343,"Maricopa East Solar PV, LLC",59609,Maricopa East Solar,MES,CA,CISO,Solar Photovoltaic,SUN,PV,18.0,18.0,,,,
59355,"LKL Kingfisher, LLC",59612,"LKL Kingfisher, LLC",LKLKF,FL,FMPP,Solar Photovoltaic,SUN,PV,6.0,6.0,,,,
59357,Navasota Energy Generation Holdings,59615,Clear Springs Energy Center,CTG-1,TX,ERCO,Natural Gas Fired Combustion Turbine,NG,GT,183.0,178.0,,,,
59357,Navasota Energy Generation Holdings,59615,Clear Springs Energy Center,CTG-2,TX,ERCO,Natural Gas Fired Combustion Turbine,NG,GT,183.0,177.0,,,,
59357,Navasota Energy Generation Holdings,59615,Clear Springs Energy Center,CTG-3,TX,ERCO,Natural Gas Fired Combustion Turbine,NG,GT,183.0,177.0,,,,
59357,Navasota Energy Generation Holdings,59616,Union Valley Energy Center,CTG-1,TX,ERCO,Natural Gas Fired Combustion Turbine,NG,GT,183.0,178.0,,,,
59357,Navasota Energy Generation Holdings,59616,Union Valley Energy Center,CTG-2,TX,ERCO,Natural Gas Fired Combustion Turbine,NG,GT,183.0,178.0,,,,
59357,Navasota Energy Generation Holdings,59616,Union Valley Energy Center,CTG-3,TX,ERCO,Natural Gas Fired Combustion Turbine,NG,GT,183.0,178.0,,,,
59357,Navasota Energy Generation Holdings,59617,Van Alstyne Energy Center,CTG-1,TX,ERCO,Natural Gas Fired Combustion Turbine,NG,GT,183.0,177.0,,,,
59357,Navasota Energy Generation Holdings,59617,Van Alstyne Energy Center,CTG-2,TX,ERCO,Natural Gas Fired Combustion Turbine,NG,GT,183.0,177.0,,,,
59357,Navasota Energy Generation Holdings,59617,Van Alstyne Energy Center,CTG-3,TX,ERCO,Natural Gas Fired Combustion Turbine,NG,GT,183.0,177.0,,,,
59401,Jamesville Solar LLC,59640,Jamesville Solar,5MWPV,NC,PJM,Solar Photovoltaic,SUN,PV,5.0,5.0,,,,
59405,Weldon Solar LLC,59644,Weldon Solar,5MWPV,NC,PJM,Solar Photovoltaic,SUN,PV,5.0,5.0,,,,
59432,Clear Creek Power,59659,Highland Park Project,HPWT,CO,PSCO,Onshore Wind Turbine,WND,WT,200.0,200.0,,,,
59434,"Mattawoman Energy, LLC",59662,Mattawoman Energy Center,CGT11,MD,PJM,Natural Gas Fired Combined Cycle,NG,CC,286.0,286.0,,,,
59434,"Mattawoman Energy, LLC",59662,Mattawoman Energy Center,CGT12,MD,PJM,Natural Gas Fired Combined Cycle,NG,CC,286.0,286.0,,,,
59434,"Mattawoman Energy, LLC",59662,Mattawoman Energy Center,STG11,MD,PJM,Natural Gas Fired Combined Cycle,NG,CC,436.0,436.0,,,,
59438,"Innovative Solar 53, LLC",59668,Innovative Solar 53,IS053,NC,DUK,Solar Photovoltaic,SUN,PV,40.0,40.0,,,,
59442,"Innovative Solar 33, LLC",59672,Innovative Solar 33,IS033,NC,DUK,Solar Photovoltaic,SUN,PV,30.5,30.5,,,,
59444,"Innovative Solar 38, LLC",59674,Innovative Solar 38,IS038,NC,DUK,Solar Photovoltaic,SUN,PV,34.0,34.0,,,,
59449,"Innovative Solar 68, LLC",59679,Innovative Solar 68,IS068,NC,DUK,Solar Photovoltaic,SUN,PV,48.3,48.3,,,,
59450,"Innovative Solar 71, LLC",59680,Innovative Solar 71,IS071,NC,DUK,Solar Photovoltaic,SUN,PV,5.0,5.0,,,,
59451,"Innovative Solar 72, LLC",59681,Innovative Solar 72,IS072,NC,DUK,Solar Photovoltaic,SUN,PV,33.5,33.5,,,,
59470,"Pocatello Solar 1, LLC",59696,Pocatello Solar,PAPV1,ID,IPCO,Solar Photovoltaic,SUN,PV,20.0,20.0,,,,
59465,"Clark Solar 1, LLC",59697,Clark 1 Solar,CSPV1,ID,IPCO,Solar Photovoltaic,SUN,PV,71.0,71.0,,,,
59466,"Clark Solar 2, LLC",59698,Clark 2 Solar,CSPV2,ID,IPCO,Solar Photovoltaic,SUN,PV,20.0,20.0,,,,
59467,"Clark Solar 3, LLC",59699,Clark 3 Solar,CSPV3,ID,IPCO,Solar Photovoltaic,SUN,PV,30.0,30.0,,,,
59468,"Clark Solar 4, LLC",59700,Clark 4 Solar,CSPV4,ID,IPCO,Solar Photovoltaic,SUN,PV,20.0,20.0,,,,
4180,Connecticut Mun Elec Engy Coop,59701,Subase Microgrid Project,SMP1,CT,ISNE,Natural Gas Internal Combustion Engine,NG,IC,3.7,3.7,,,,
4180,Connecticut Mun Elec Engy Coop,59701,Subase Microgrid Project,SMP2,CT,ISNE,Natural Gas Internal Combustion Engine,NG,IC,3.7,3.7,,,,
4180,Connecticut Mun Elec Engy Coop,59701,Subase Microgrid Project,SMP3,CT,ISNE,Natural Gas Internal Combustion Engine,NG,IC,3.7,3.7,,,,
4180,Connecticut Mun Elec Engy Coop,59701,Subase Microgrid Project,SMP4,CT,ISNE,Natural Gas Internal Combustion Engine,NG,IC,2.0,2.0,,,,
59480,Aulander Solar LLC,59707,Aulander Solar,5MWPV,NC,PJM,Solar Photovoltaic,SUN,PV,5.0,5.0,,,,
59490,"Neches Station, LLC",59716,"Neches Station, LLC",CTG1,TX,ERCO,Natural Gas Fired Combustion Turbine,NG,GT,232.0,223.0,,,,
59490,"Neches Station, LLC",59716,"Neches Station, LLC",CTG2,TX,ERCO,Natural Gas Fired Combustion Turbine,NG,GT,232.0,223.0,,,,
59487,"Moundsville Power, LLC",59720,Moundsville Power,MPCA1,WV,PJM,Natural Gas Fired Combined Cycle,NG,CA,321.6,319.0,,,,
59487,"Moundsville Power, LLC",59720,Moundsville Power,MPCT1,WV,PJM,Natural Gas Fired Combined Cycle,NG,CT,195.5,177.3,,,,
59487,"Moundsville Power, LLC",59720,Moundsville Power,MPCT2,WV,PJM,Natural Gas Fired Combined Cycle,NG,CT,195.5,177.3,,,,
59489,Perennial-Wind Chaser LLC,59721,Perennial Wind Chaser Station,GT1,OR,BPAT,Natural Gas Fired Combustion Turbine,NG,GT,106.0,98.7,,,,
59489,Perennial-Wind Chaser LLC,59721,Perennial Wind Chaser Station,GT2,OR,BPAT,Natural Gas Fired Combustion Turbine,NG,GT,106.0,98.7,,,,
59489,Perennial-Wind Chaser LLC,59721,Perennial Wind Chaser Station,GT3,OR,BPAT,Natural Gas Fired Combustion Turbine,NG,GT,106.0,98.7,,,,
59489,Perennial-Wind Chaser LLC,59721,Perennial Wind Chaser Station,GT4,OR,BPAT,Natural Gas Fired Combustion Turbine,NG,GT,106.0,98.7,,,,
59520,"BWC Origination 5, LLC",59753,BlueWave Capital-Mattapoisett (SREC II),1,MA,ISNE,Solar Photovoltaic,SUN,PV,4.5,4.5,,,,
56215,"Big Sky Wind, LLC",59756,"Mud Springs Wind Project, LLC",1,MT,PACE,Onshore Wind Turbine,WND,WT,80.0,80.0,,,,
56215,"Big Sky Wind, LLC",59758,"Horse Thief Wind Project, LLC",1,MT,PACE,Onshore Wind Turbine,WND,WT,80.0,80.0,,,,
9267,"Hoosier Energy R E C, Inc",59791,Cabin Creek Renewable Energy Station,1,IN,PJM,Landfill Gas,LFG,IC,2.0,1.9,,,,
9267,"Hoosier Energy R E C, Inc",59791,Cabin Creek Renewable Energy Station,2,IN,PJM,Landfill Gas,LFG,IC,2.0,1.9,,,,
11208,Los Angeles Department of Water & Power,59799,Foothill Solar Project,W4528,CA,LDWP,Solar Photovoltaic,SUN,PV,1.1,1.1,,,,
55983,Luminant Generation Company LLC,59806,Jayhawk,SOLAR,TX,ERCO,Solar Photovoltaic,SUN,PV,101.0,101.0,,,,
59594,Black Oak Wind Farm LLC,59813,Black Oak Wind Farm,NA,NY,NYIS,Onshore Wind Turbine,WND,WT,16.1,16.1,,,,
65411,Deriva Energy,59846,Caprock Solar 2 LLC,PV1,NM,SWPP,Solar Photovoltaic,SUN,PV,30.0,30.0,,,,
59646,Summit Texas Clean Energy,59859,Texas Clean Energy Project,TCE1A,TX,ERCO,Other Gases,OG,CT,274.0,274.0,,,,
59646,Summit Texas Clean Energy,59859,Texas Clean Energy Project,TCE1B,TX,ERCO,Other Gases,OG,CA,126.0,126.0,,,,
7140,Georgia Power Co,59864,Kings Bay Solar Facility,BESS,GA,SOCO,Batteries,MWH,BA,1.5,1.5,,,,
63448,"Aiya Solar CEI, LLC",59869,Aiya Solar Project,GEN01,NV,NEVP,Solar Photovoltaic,SUN,PV,100.0,100.0,,,,
56694,Thermo No 1 BE 01 LLC,59883,Thermo Solar PV-01,SOLAR,UT,PACE,Solar Photovoltaic,SUN,PV,2.9,2.9,,,,
56615,First Solar Project Development,59885,"Little Bear Solar 2, LLC",GEN01,CA,CISO,Solar Photovoltaic,SUN,PV,20.0,20.0,,,,
59365,Capital Power Corporation,59890,Poplars Ranch Solar LLC,GEN,OR,BPAT,Solar Photovoltaic,SUN,PV,16.0,16.0,,,,
59365,Capital Power Corporation,59892,Hopeful Solar LLC,GEN,GA,SOCO,Solar Photovoltaic,SUN,PV,20.7,20.7,,,,
59669,Louisburg Solar LLC,59895,Louisburg Solar,5MWPV,NC,CPLE,Solar Photovoltaic,SUN,PV,5.0,5.0,,,,
59672,"SunEnergy1-Scotland Neck, LLC",59898,"SunEnergy1-Scotland Neck, LLC",TGCSN,NC,PJM,Solar Photovoltaic,SUN,PV,3.0,3.0,,,,
59673,Choco Solar LLC,59899,"Choco Solar, LLC",TGCCW,NC,CPLE,Solar Photovoltaic,SUN,PV,5.0,5.0,,,,
59365,Capital Power Corporation,59907,Black Fork Wind Energy Project,GEN,OH,PJM,Onshore Wind Turbine,WND,WT,200.0,200.0,,,,
59677,Middlesex Energy Center LLC,59909,Middlesex Energy Center LLC,CT001,NJ,PJM,Natural Gas Fired Combined Cycle,NG,CC,570.0,570.0,,,,
59683,Rockwood Energy Center LLC,59918,Rockwood Energy Center LLC,ROCKW,TX,ERCO,Natural Gas Fired Combined Cycle,NG,CC,1068.0,1068.0,,,,
59681,Smithfield Solar LLC,59920,Smithfield Solar LLC,5MWPV,NC,CPLE,Solar Photovoltaic,SUN,PV,5.0,5.0,,,,
59686,Coronado Power Ventures LLC,59923,Pinecrest Energy Center,CTG-1,TX,ERCO,Natural Gas Fired Combined Cycle,NG,CT,232.0,229.0,,,,
59686,Coronado Power Ventures LLC,59923,Pinecrest Energy Center,CTG-2,TX,ERCO,Natural Gas Fired Combined Cycle,NG,CT,232.0,229.0,,,,
59686,Coronado Power Ventures LLC,59923,Pinecrest Energy Center,STG,TX,ERCO,Natural Gas Fired Combined Cycle,NG,CA,289.0,289.0,,,,
59686,Coronado Power Ventures LLC,59924,Aegle Power,CTG-1,TX,ERCO,Natural Gas Fired Combined Cycle,NG,CT,430.0,430.0,,,,
59686,Coronado Power Ventures LLC,59924,Aegle Power,CTG-2,TX,ERCO,Natural Gas Fired Combined Cycle,NG,CT,430.0,430.0,,,,
59686,Coronado Power Ventures LLC,59924,Aegle Power,STG-1,TX,ERCO,Natural Gas Fired Combined Cycle,NG,CA,422.0,422.0,,,,
59687,AltaGas Sonoran Energy Inc,59925,Sonoran Energy Project,GEN1,CA,CISO,Natural Gas Fired Combined Cycle,NG,CS,553.0,510.7,,,,
56615,First Solar Project Development,59935,"Snow Mountain Solar, LLC",GEN01,NV,NEVP,Solar Photovoltaic,SUN,PV,100.0,101.0,,,,
59725,"Ariel Solar, LLC",59970,"Bloomsbury Solar, LLC",BLOOM,NC,DUK,Solar Photovoltaic,SUN,PV,5.0,5.0,,,,
63428,"Bearkat Wind Energy 1, LLC",59972,Bearkat,BRKA2,TX,ERCO,Onshore Wind Turbine,WND,WT,103.4,103.4,,,,
59731,Windham Solar LLC,59991,Lebanon Solar 1,LEB1,CT,ISNE,Solar Photovoltaic,SUN,PV,2.0,2.0,,,,
59731,Windham Solar LLC,59992,Lebanon Solar 2,LEB2,CT,ISNE,Solar Photovoltaic,SUN,PV,2.0,2.0,,,,
58970,"Ecoplexus, Inc",59998,Round Hill PV1,RNDHL,NC,DUK,Solar Photovoltaic,SUN,PV,5.0,5.0,,,,
58970,"Ecoplexus, Inc",60003,Willoughby PV1,WILL1,NC,DUK,Solar Photovoltaic,SUN,PV,20.0,20.0,,,,
59772,"SunE Solar XVIII Project 1, LLC",60031,SunE Redlands,RDNDS,CA,CISO,Solar Photovoltaic,SUN,PV,1.5,1.5,,,,
64406,"NextEra Energy Garrison Butte Wind, LLC",60066,"Garrison Butte Wind, LLC",GEN,ND,MISO,Onshore Wind Turbine,WND,WT,150.0,150.0,,,,
59840,Wallace Solar 2 LLC,60090,Wallace Solar 2,2MWPV,NC,PJM,Solar Photovoltaic,SUN,PV,1.9,1.9,,,,
58658,Sunlight Partners,60139,Alexis Solar,PV1,NC,DUK,Solar Photovoltaic,SUN,PV,5.0,5.0,,,,
58658,Sunlight Partners,60140,Brooke Solar,PV1,NC,DUK,Solar Photovoltaic,SUN,PV,4.5,4.5,,,,
58658,Sunlight Partners,60141,Izia Solar,PV1,NC,DUK,Solar Photovoltaic,SUN,PV,5.0,5.0,,,,
59940,"McDougald Solar, LLC",60148,"McDougald Solar, LLC",FLS1,NC,DUK,Solar Photovoltaic,SUN,PV,4.9,4.9,,,,
58658,Sunlight Partners,60155,Signature Solar,PV1,NC,DUK,Solar Photovoltaic,SUN,PV,5.0,5.0,,,,
58658,Sunlight Partners,60158,June Solar,PV1,NC,DUK,Solar Photovoltaic,SUN,PV,4.0,4.0,,,,
58658,Sunlight Partners,60159,Roman Solar,PV1,NC,DUK,Solar Photovoltaic,SUN,PV,5.0,5.0,,,,
58658,Sunlight Partners,60162,Wilfork Solar,PV1,NC,DUK,Solar Photovoltaic,SUN,PV,5.0,5.0,,,,
58658,Sunlight Partners,60163,Hawk Solar,PV1,NC,DUK,Solar Photovoltaic,SUN,PV,5.0,5.0,,,,
58658,Sunlight Partners,60164,Jordan Solar,PV1,NC,DUK,Solar Photovoltaic,SUN,PV,5.0,5.0,,,,
58658,Sunlight Partners,60166,Higgins Solar,PV1,NC,DUK,Solar Photovoltaic,SUN,PV,5.0,5.0,,,,
58658,Sunlight Partners,60167,Carter Solar,PV1,NC,DUK,Solar Photovoltaic,SUN,PV,5.0,5.0,,,,
58658,Sunlight Partners,60168,Sadie Solar,PV1,NC,DUK,Solar Photovoltaic,SUN,PV,5.0,5.0,,,,
58658,Sunlight Partners,60169,Icarus Solar,PV1,NC,DUK,Solar Photovoltaic,SUN,PV,3.0,3.0,,,,
58658,Sunlight Partners,60170,Iga Solar,PV1,NC,DUK,Solar Photovoltaic,SUN,PV,5.0,5.0,,,,
58658,Sunlight Partners,60171,Clayton Solar,PV1,NC,DUK,Solar Photovoltaic,SUN,PV,5.0,5.0,,,,
58658,Sunlight Partners,60172,Christina Solar,PV1,NC,DUK,Solar Photovoltaic,SUN,PV,3.0,3.0,,,,
58658,Sunlight Partners,60173,Longleaf Solar,PV1,NC,DUK,Solar Photovoltaic,SUN,PV,5.0,5.0,,,,
58658,Sunlight Partners,60174,Cardinal Solar,PV1,NC,DUK,Solar Photovoltaic,SUN,PV,5.0,5.0,,,,
58658,Sunlight Partners,60175,Bonnie Solar,PV1,NC,DUK,Solar Photovoltaic,SUN,PV,5.0,5.0,,,,
58658,Sunlight Partners,60176,Anna Solar,PV1,NC,DUK,Solar Photovoltaic,SUN,PV,5.0,5.0,,,,
58658,Sunlight Partners,60177,Blue Bird Solar,PV1,NC,DUK,Solar Photovoltaic,SUN,PV,4.0,4.0,,,,
2172,Brazos Electric Power Coop Inc,60194,Hill County Generation Facility,CT1,TX,ERCO,Natural Gas Fired Combustion Turbine,NG,GT,232.0,205.0,,,,
2172,Brazos Electric Power Coop Inc,60194,Hill County Generation Facility,CT2,TX,ERCO,Natural Gas Fired Combustion Turbine,NG,GT,232.0,205.0,,,,
2172,Brazos Electric Power Coop Inc,60194,Hill County Generation Facility,CT3,TX,ERCO,Natural Gas Fired Combustion Turbine,NG,GT,232.0,205.0,,,,
2172,Brazos Electric Power Coop Inc,60194,Hill County Generation Facility,CT4,TX,ERCO,Natural Gas Fired Combustion Turbine,NG,GT,232.0,205.0,,,,
59964,ESC Brooke County Power I,60202,ESC Brooke County Power I,BCCA1,WV,PJM,Natural Gas Fired Combined Cycle,NG,CA,280.5,261.2,,,,
59964,ESC Brooke County Power I,60202,ESC Brooke County Power I,BCCT1,WV,PJM,Natural Gas Fired Combined Cycle,NG,CT,280.5,252.3,,,,
59964,ESC Brooke County Power I,60202,ESC Brooke County Power I,BCCT2,WV,PJM,Natural Gas Fired Combined Cycle,NG,CT,280.5,252.3,,,,
13781,Northern States Power Co - Minnesota,60203,Wheaton Solar,1,WI,,Solar Photovoltaic,SUN,PV,3.8,3.5,,,,
59965,ESC Tioga County Power,60205,ESC Tioga County Power,TCCA1,PA,NYIS,Natural Gas Fired Combined Cycle,NG,CA,331.5,302.0,,,,
59965,ESC Tioga County Power,60205,ESC Tioga County Power,TCCT1,PA,NYIS,Natural Gas Fired Combined Cycle,NG,CT,280.5,253.1,,,,
59965,ESC Tioga County Power,60205,ESC Tioga County Power,TCCT2,PA,NYIS,Natural Gas Fired Combined Cycle,NG,CT,280.5,253.1,,,,
56215,"Big Sky Wind, LLC",60211,Terrapin Hills Wind Farm,1,MD,PJM,Onshore Wind Turbine,WND,WT,50.0,50.0,,,,
56215,"Big Sky Wind, LLC",60212,Mason Dixon Wind Farm,1,PA,PJM,Onshore Wind Turbine,WND,WT,79.9,79.9,,,,
59997,Customized Energy Solutions,60214,ESS Wesel,ESSWL,MD,PJM,Batteries,MWH,BA,6.0,6.0,,,,
59997,Customized Energy Solutions,60215,ESS Fairgrounds,ESSFG,MD,PJM,Batteries,MWH,BA,4.0,4.0,,,,
59997,Customized Energy Solutions,60216,ESS Lewes,ESSLS,DE,PJM,Batteries,MWH,BA,8.0,8.0,,,,
60002,"Halyard Energy Wharton, LLC",60221,Halyard Wharton Energy Center,TBN1,TX,ERCO,Natural Gas Fired Combustion Turbine,NG,GT,177.0,162.0,,,,
60002,"Halyard Energy Wharton, LLC",60221,Halyard Wharton Energy Center,TBN2,TX,ERCO,Natural Gas Fired Combustion Turbine,NG,GT,177.0,162.0,,,,
60035,"Michigan Wind 3, LLC",60246,Michigan Wind 3,1,MI,MISO,Onshore Wind Turbine,WND,WT,152.8,152.8,,,,
60050,"Halyard Energy Henderson, LLC",60268,Halyard Henderson Energy Center,TBN1,TX,ERCO,Natural Gas Fired Combustion Turbine,NG,GT,232.0,210.0,,,,
60050,"Halyard Energy Henderson, LLC",60268,Halyard Henderson Energy Center,TBN2,TX,ERCO,Natural Gas Fired Combustion Turbine,NG,GT,232.0,210.0,,,,
59056,"Tri Global Energy, LLC",60269,"Tex-Mex Renewable Energy Project, LLC",WT1,TX,ERCO,Onshore Wind Turbine,WND,WT,80.0,80.0,,,,
59056,"Tri Global Energy, LLC",60273,"Crosby County Wind Farm, LLC",WT1,TX,ERCO,Onshore Wind Turbine,WND,WT,150.0,150.0,,,,
61060,Cypress Creek Renewables,60286,Climax Solar,PV1,NC,DUK,Solar Photovoltaic,SUN,PV,5.0,4.9,,,,
60064,"Clean Path Energy Center, LLC",60289,Clean Path Energy Center,CPEC1,NM,WALC,Natural Gas Fired Combined Cycle,NG,CC,680.0,680.0,,,,
60064,"Clean Path Energy Center, LLC",60289,Clean Path Energy Center,PVGEN,NM,WALC,Solar Photovoltaic,SUN,PV,55.0,55.0,,,,
61060,Cypress Creek Renewables,60292,Whiteville Solar 2,PV1,NC,DUK,Solar Photovoltaic,SUN,PV,5.0,4.9,,,,
64278,"Crawford Solar, LLC",60294,Crawford Solar,PV1,NC,DUK,Solar Photovoltaic,SUN,PV,5.0,4.9,,,,
61060,Cypress Creek Renewables,60295,Crimson Solar,PV1,NC,DUK,Solar Photovoltaic,SUN,PV,5.0,4.9,,,,
60095,"High Pockets Solar, LLC",60305,High Pockets Solar,PV1,NC,DUK,Solar Photovoltaic,SUN,PV,1.9,1.9,,,,
50123,"Leeward Asset Management, LLC",60309,"Portal Ridge Solar A, LLC",GEN01,CA,CISO,Solar Photovoltaic,SUN,PV,19.0,19.0,,,,
12341,MidAmerican Energy Co,60326,O'Brien Wind,OBWF4,IA,MISO,Onshore Wind Turbine,WND,WT,72.5,72.5,,,,
12341,MidAmerican Energy Co,60326,O'Brien Wind,OBWF5,IA,MISO,Onshore Wind Turbine,WND,WT,72.5,72.5,,,,
12341,MidAmerican Energy Co,60326,O'Brien Wind,OBWF6,IA,MISO,Onshore Wind Turbine,WND,WT,72.5,72.5,,,,
12341,MidAmerican Energy Co,60342,Ida Grove Wind,IGWF5,IA,MISO,Onshore Wind Turbine,WND,WT,96.6,96.6,,,,
12341,MidAmerican Energy Co,60342,Ida Grove Wind,IGWF6,IA,MISO,Onshore Wind Turbine,WND,WT,98.9,98.9,,,,
60496,"Adapture Renewables, Inc.",60358,Hilly Branch,28941,NC,DUK,Solar Photovoltaic,SUN,PV,2.0,2.0,,,,
60496,"Adapture Renewables, Inc.",60360,Pike Road Solar,51116,NC,DUK,Solar Photovoltaic,SUN,PV,5.0,5.0,,,,
56215,"Big Sky Wind, LLC",60362,"Raymond, LLC",MVIII,TX,ERCO,Onshore Wind Turbine,WND,WT,200.0,200.0,,,,
17650,Southern Power Co,60372,Lamesa Solar,LSPV2,TX,ERCO,Solar Photovoltaic,SUN,PV,100.0,100.0,,,,
56069,"SunCoke Energy, Inc.",60373,SunCoke Energy South Shore Facility,SSST6,KY,PJM,Conventional Steam Coal,BIT,ST,90.0,60.0,,,,
60167,"Concord Blue Eagar, LLC",60374,"Concord Blue Eagar, LLC",CB001,AZ,PNM,Other Waste Biomass,OBG,IC,0.6,0.6,,,,
60167,"Concord Blue Eagar, LLC",60374,"Concord Blue Eagar, LLC",CB002,AZ,PNM,Other Waste Biomass,OBG,IC,0.6,0.6,,,,
60179,"Duroc Holdings, LLC",60379,Duroc Holdings,PV1,NC,DUK,Solar Photovoltaic,SUN,PV,5.0,5.0,,,,
60221,North Slope LLC,60420,"North Slope, LLC",NSPV,NY,NYIS,Onshore Wind Turbine,WND,WT,50.0,50.0,,,,
58508,Carolina Solar Energy LLC,60430,Cabaniss Solar,PV1,NC,CPLE,Solar Photovoltaic,SUN,PV,4.2,4.2,,,,
60270,"Clark Canyon Hydro, LLC",60483,Clark Canyon Hydro-Electric Facility,FRNS1,MT,IPCO,Conventional Hydroelectric,WAT,HY,2.4,2.4,,,,
60270,"Clark Canyon Hydro, LLC",60483,Clark Canyon Hydro-Electric Facility,FRNS2,MT,IPCO,Conventional Hydroelectric,WAT,HY,2.4,2.4,,,,
60333,Peanut Solar LLC,60557,Peanut Solar,PV1,NC,DUK,Solar Photovoltaic,SUN,PV,5.0,5.0,,,,
56215,"Big Sky Wind, LLC",60595,Sand Creek Wind Farm,WT1,MT,WAUW,Onshore Wind Turbine,WND,WT,75.0,75.0,,,,
57313,Tesla Inc.,60606,CMEEC - Hollyhock Solar,PV1,CT,ISNE,Solar Photovoltaic,SUN,PV,6.0,6.0,,,,
63767,"Beam Renewable Energy, LLC",60626,BRE NC Solar 2,BEAM2,NC,CPLE,Solar Photovoltaic,SUN,PV,5.0,5.0,,,,
60368,"BRE NC Solar 4, LLC",60628,BRE NC Solar 4,BEAM4,NC,CPLE,Solar Photovoltaic,SUN,PV,5.0,5.0,,,,
60379,"Howardtown Farm, LLC",60630,Howardtown Farm,PV1,NC,DUK,Solar Photovoltaic,SUN,PV,10.0,10.0,,,,
60385,Energy Nuevo Storage Farm,60646,Energy Nuevo Storage Farm,NUEVO,CA,CISO,Flywheels,MWH,FW,20.0,20.0,,,,
60388,"Mission Rock Energy Center, LLC",60650,Mission Rock Energy Center Hybrid,BA1,CA,CISO,Batteries,MWH,BA,25.0,25.0,,,,
60388,"Mission Rock Energy Center, LLC",60650,Mission Rock Energy Center Hybrid,GT1,CA,CISO,Natural Gas Fired Combustion Turbine,NG,GT,275.0,275.0,,,,
59365,Capital Power Corporation,60674,Tisch Mills Wind,TISCH,WI,MISO,Onshore Wind Turbine,WND,WT,150.0,150.0,,,,
64138,"Birch Creek Development, LLC (NC)",60692,Friesian Holdings,PV1,NC,CPLE,Solar Photovoltaic,SUN,PV,75.0,75.0,,,,
60405,"FDS Coke Plant, LLC",60693,FDS Co-Generation Facility,1,OH,PJM,Other Gases,OG,ST,135.0,110.0,,,,
17718,Southwestern Public Service Co,60697,Gaines County,GC-1,TX,SWPP,Natural Gas Fired Combustion Turbine,NG,GT,225.0,186.0,,,,
60442,New Colony Wind LLC,60718,New Colony Wind Project,WT1,MT,NWMT,Onshore Wind Turbine,WND,WT,23.1,23.1,,,,
60466,Rowan Solar NC LLC,60780,Rowan Solar NC LLC,PV1,NC,DUK,Solar Photovoltaic,SUN,PV,2.0,2.0,,,,
60473,Renovo Energy Center,60786,Renovo Energy Center,RECNY,PA,PJM,Natural Gas Fired Combined Cycle,NG,CS,513.0,480.0,,,,
60473,Renovo Energy Center,60786,Renovo Energy Center,RECPJ,PA,PJM,Natural Gas Fired Combined Cycle,NG,CS,513.0,480.0,,,,
59365,Capital Power Corporation,60807,Salt Springs Wind Farm,WT,KS,SWPP,Onshore Wind Turbine,WND,WT,200.0,200.0,,,,
219,Alaska Power and Telephone Co,60814,7-Mile Ridge Wind Project,WT1,AK,,Onshore Wind Turbine,WND,WT,1.8,1.8,,,,
60496,"Adapture Renewables, Inc.",60826,Neenach Solar Center,ECA03,CA,CISO,Solar Photovoltaic,SUN,PV,1.5,1.5,,,,
61060,Cypress Creek Renewables,60828,"Osceola Solar, LLC",PV1,NC,DUK,Solar Photovoltaic,SUN,PV,5.0,5.0,,,,
61060,Cypress Creek Renewables,60829,"Eastway Solar, LLC",PV1,NC,DUK,Solar Photovoltaic,SUN,PV,4.9,4.9,,,,
60519,"Williams Solar, LLC",60859,"Williams Solar, LLC",PV1,TX,ERCO,Solar Photovoltaic,SUN,PV,20.0,20.0,,,,
60523,Springfield Project Development LLC,60871,Homestead Wind LLC,HOMES,IL,MISO,Onshore Wind Turbine,WND,WT,50.0,50.0,,,,
60527,Milestone Wildomar LLC,60872,Wildomar Solar,WILD1,CA,CISO,Solar Photovoltaic,SUN,PV,1.2,1.2,,,,
60534,Halifax Solar LLC,60884,Halifax Solar LLC,HALFX,NC,PJM,Solar Photovoltaic,SUN,PV,5.0,5.0,,,,
60526,"Alternative Power Development Northwest, LLC",60896,"Carter Solar One, LLC",CRTON,ID,IPCO,Solar Photovoltaic,SUN,PV,20.0,20.0,,,,
60526,"Alternative Power Development Northwest, LLC",60897,"Jackpot Solar North, LLC",JPTNO,ID,IPCO,Solar Photovoltaic,SUN,PV,20.0,20.0,,,,
60526,"Alternative Power Development Northwest, LLC",60898,"Jackpot Solar South, LLC",JPTSO,ID,IPCO,Solar Photovoltaic,SUN,PV,20.0,20.0,,,,
60526,"Alternative Power Development Northwest, LLC",60899,"Jackpot Solar East, LLC",JPTEA,ID,IPCO,Solar Photovoltaic,SUN,PV,20.0,20.0,,,,
60526,"Alternative Power Development Northwest, LLC",60900,"Jackpot Solar West, LLC",JPTWE,ID,IPCO,Solar Photovoltaic,SUN,PV,20.0,20.0,,,,
63180,Big Blue River Wind Farm LLC,60907,Big Blue River Wind Farm,WT1,IN,PJM,Onshore Wind Turbine,WND,WT,200.0,200.0,,,,
60018,"NET Power, LLC",60910,NET Power La Porte Station,NPLPS,TX,ERCO,Natural Gas Fired Combustion Turbine,NG,GT,25.5,5.0,,,,
63249,Terraform Arcadia,60934,Goodhue Solar,PV1,MN,MISO,Solar Photovoltaic,SUN,PV,1.0,1.0,,,,
63249,Terraform Arcadia,60934,Goodhue Solar,PV2,MN,MISO,Solar Photovoltaic,SUN,PV,1.0,1.0,,,,
60596,"Western Grid Development, LLC",60946,Santa Paula Energy Storage,SPES1,CA,CISO,Batteries,MWH,BA,5.0,5.0,,,,
60600,"Adams Solar, LLC",60949,Adams Solar,PV1,NC,DUK,Solar Photovoltaic,SUN,PV,2.0,2.0,,,,
60604,"Mountain Lion Solar, LLC",60950,Mountain Lion Solar,PV1,NC,DUK,Solar Photovoltaic,SUN,PV,1.7,1.7,,,,
60603,"Eisenhower Solar, LLC",60963,Eisenhower Solar,PV1,NC,DUK,Solar Photovoltaic,SUN,PV,5.0,5.0,,,,
60601,"River Otter Solar, LLC",60969,River Otter Solar,PV1,NC,DUK,Solar Photovoltaic,SUN,PV,5.0,5.0,,,,
60602,"Tyler Solar, LLC",60970,Tyler Solar,PV1,NC,DUK,Solar Photovoltaic,SUN,PV,5.0,5.0,,,,
58135,Ecos Energy LLC,60972,San Jacinto Solar,SJAC,CA,CISO,Solar Photovoltaic,SUN,PV,1.5,1.5,,,,
58135,Ecos Energy LLC,60973,Lake Perris Solar,LKPR,CA,CISO,Solar Photovoltaic,SUN,PV,1.5,1.5,,,,
60520,SoCore Energy LLC,60977,Dakota Solar,PV1,MN,,Solar Photovoltaic,SUN,PV,1.0,1.0,,,,
60520,SoCore Energy LLC,60977,Dakota Solar,PV2,MN,,Solar Photovoltaic,SUN,PV,1.0,1.0,,,,
60520,SoCore Energy LLC,60977,Dakota Solar,PV3,MN,,Solar Photovoltaic,SUN,PV,1.0,1.0,,,,
13402,Nevada Irrigation District,60988,Loma Rica Hydroelectric Powerhouse,HY1,CA,CISO,Conventional Hydroelectric,WAT,HY,1.4,1.4,,,,
60667,Aksamit Energy Development,61033,Monument Road,MR001,NE,SWPP,Onshore Wind Turbine,WND,WT,66.0,66.0,,,,
58135,Ecos Energy LLC,61038,Weybridge 1 Solar,WEY1,VT,ISNE,Solar Photovoltaic,SUN,PV,3.0,3.0,,,,
15399,Avangrid Power LLC,61045,Lund Hill,WT1,WA,BPAT,Onshore Wind Turbine,WND,WT,60.0,60.0,,,,
56615,First Solar Project Development,61049,"Morada del Sol, LLC",PV1,TX,ERCO,Solar Photovoltaic,SUN,PV,247.0,239.3,,,,
61276,West Liberty Renewables LLC,61057,West Liberty Wind Farm,T1,IA,MISO,Onshore Wind Turbine,WND,WT,2.5,2.5,,,,
61276,West Liberty Renewables LLC,61057,West Liberty Wind Farm,T2,IA,MISO,Onshore Wind Turbine,WND,WT,2.5,2.5,,,,
60687,Alpine Pacific Utilities Hydro,61061,Fresno Dam Site Water Power Project,1,MT,WACM,Conventional Hydroelectric,WAT,HY,0.5,0.5,,,,
60687,Alpine Pacific Utilities Hydro,61061,Fresno Dam Site Water Power Project,2,MT,WACM,Conventional Hydroelectric,WAT,HY,0.5,0.5,,,,
60687,Alpine Pacific Utilities Hydro,61061,Fresno Dam Site Water Power Project,3,MT,WACM,Conventional Hydroelectric,WAT,HY,0.5,0.5,,,,
60694,Washburn Wind Energy LLC,61071,Washburn Wind Farm,WASH,IA,MISO,Onshore Wind Turbine,WND,WT,70.0,70.0,,,,
40575,Utah Associated Mun Power Sys,61075,UAMPS Carbon Free Power Plant,NPM1,ID,PACE,Nuclear,NUC,ST,77.0,72.7,,,,
40575,Utah Associated Mun Power Sys,61075,UAMPS Carbon Free Power Plant,NPM10,ID,PACE,Nuclear,NUC,ST,50.0,47.5,,,,
40575,Utah Associated Mun Power Sys,61075,UAMPS Carbon Free Power Plant,NPM11,ID,PACE,Nuclear,NUC,ST,50.0,47.5,,,,
40575,Utah Associated Mun Power Sys,61075,UAMPS Carbon Free Power Plant,NPM12,ID,PACE,Nuclear,NUC,ST,50.0,47.5,,,,
40575,Utah Associated Mun Power Sys,61075,UAMPS Carbon Free Power Plant,NPM2,ID,PACE,Nuclear,NUC,ST,77.0,72.7,,,,
40575,Utah Associated Mun Power Sys,61075,UAMPS Carbon Free Power Plant,NPM3,ID,PACE,Nuclear,NUC,ST,77.0,72.7,,,,
40575,Utah Associated Mun Power Sys,61075,UAMPS Carbon Free Power Plant,NPM4,ID,PACE,Nuclear,NUC,ST,77.0,72.7,,,,
40575,Utah Associated Mun Power Sys,61075,UAMPS Carbon Free Power Plant,NPM5,ID,PACE,Nuclear,NUC,ST,77.0,72.7,,,,
40575,Utah Associated Mun Power Sys,61075,UAMPS Carbon Free Power Plant,NPM6,ID,PACE,Nuclear,NUC,ST,77.0,72.7,,,,
40575,Utah Associated Mun Power Sys,61075,UAMPS Carbon Free Power Plant,NPM7,ID,PACE,Nuclear,NUC,ST,50.0,47.5,,,,
40575,Utah Associated Mun Power Sys,61075,UAMPS Carbon Free Power Plant,NPM8,ID,PACE,Nuclear,NUC,ST,50.0,47.5,,,,
40575,Utah Associated Mun Power Sys,61075,UAMPS Carbon Free Power Plant,NPM9,ID,PACE,Nuclear,NUC,ST,50.0,47.5,,,,
12341,MidAmerican Energy Co,61078,Plum Creek Wind,1,IA,MISO,Onshore Wind Turbine,WND,WT,500.0,500.0,,,,
57313,Tesla Inc.,61103,Hamilton College,PV1,NY,NYIS,Solar Photovoltaic,SUN,PV,2.0,2.0,,,,
60720,Martinsdale Wind Farm LLC,61108,Martinsdale Wind Farm,MTD,MT,NWMT,Onshore Wind Turbine,WND,WT,80.0,80.0,,,,
61331,Popular Camp Wind Farm LLC,61111,Poplar Camp Wind Farm,PC1,VA,PJM,Onshore Wind Turbine,WND,WT,72.0,72.0,,,,
60735,"Pristine Sun Fund 8, LLC",61123,SCWA R5 Pond Solar,SKYR5,CA,CISO,Solar Photovoltaic,SUN,PV,2.0,2.0,,,,
60750,"Bear Poplar Solar, LLC",61130,Bear Poplar Solar,12344,NC,DUK,Solar Photovoltaic,SUN,PV,5.0,5.0,,,,
60776,Aksamit Resource Management,61159,Milligan III Wind Farm,M3001,NE,SWPP,Onshore Wind Turbine,WND,WT,73.4,73.4,,,,
60817,Winton Solar 2 LLC,61188,Winton Solar 2,PV1,NC,PJM,Solar Photovoltaic,SUN,PV,1.0,1.0,,,,
60847,"West Fork Wind, LLC",61214,West Fork Wind,WT1,IN,PJM,Onshore Wind Turbine,WND,WT,150.0,150.0,,,,
60836,"NTE Connecticut, LLC",61239,Killingly Energy Center,KEC,CT,ISNE,Natural Gas Fired Combined Cycle,NG,CT,492.0,381.9,,,,
60836,"NTE Connecticut, LLC",61239,Killingly Energy Center,KEC2,CT,ISNE,Natural Gas Fired Combined Cycle,NG,CA,351.0,262.9,,,,
60835,"NTE Carolinas II, LLC",61240,Reidsville Energy Center,REC,NC,DUK,Natural Gas Fired Combined Cycle,NG,CT,310.2,259.0,,,,
60835,"NTE Carolinas II, LLC",61240,Reidsville Energy Center,REC2,NC,DUK,Natural Gas Fired Combined Cycle,NG,CA,233.7,227.0,,,,
60897,Salinas Valley Solid Waste Authority,61285,Crazy Horse Solar Project,PV1,CA,CISO,Solar Photovoltaic,SUN,PV,2.0,2.0,,,,
60874,Niles Valley Energy LLC,61286,Niles Valley Energy LLC,GEN1,PA,PJM,Natural Gas Internal Combustion Engine,NG,IC,4.4,4.2,,,,
60874,Niles Valley Energy LLC,61286,Niles Valley Energy LLC,GEN2,PA,PJM,Natural Gas Internal Combustion Engine,NG,IC,4.4,4.2,,,,
60874,Niles Valley Energy LLC,61286,Niles Valley Energy LLC,GEN3,PA,PJM,Natural Gas Internal Combustion Engine,NG,IC,4.4,4.2,,,,
60874,Niles Valley Energy LLC,61286,Niles Valley Energy LLC,GEN4,PA,PJM,Natural Gas Internal Combustion Engine,NG,IC,4.4,4.2,,,,
60874,Niles Valley Energy LLC,61286,Niles Valley Energy LLC,GEN5,PA,PJM,Natural Gas Internal Combustion Engine,NG,IC,4.4,4.2,,,,
60929,Mineral Point Energy LLC,61300,Mineral Point Energy,GEN1,PA,PJM,Natural Gas Internal Combustion Engine,NG,IC,4.4,4.4,,,,
60929,Mineral Point Energy LLC,61300,Mineral Point Energy,GEN2,PA,PJM,Natural Gas Internal Combustion Engine,NG,IC,4.4,4.4,,,,
60929,Mineral Point Energy LLC,61300,Mineral Point Energy,GEN3,PA,PJM,Natural Gas Internal Combustion Engine,NG,IC,4.4,4.4,,,,
60929,Mineral Point Energy LLC,61300,Mineral Point Energy,GEN4,PA,PJM,Natural Gas Internal Combustion Engine,NG,IC,4.4,4.4,,,,
60929,Mineral Point Energy LLC,61300,Mineral Point Energy,GEN5,PA,PJM,Natural Gas Internal Combustion Engine,NG,IC,4.4,4.4,,,,
60931,Stourbridge Energy LLC,61301,Stourbridge Energy,GEN1,PA,PJM,Natural Gas Internal Combustion Engine,NG,IC,4.4,4.4,,,,
60931,Stourbridge Energy LLC,61301,Stourbridge Energy,GEN2,PA,PJM,Natural Gas Internal Combustion Engine,NG,IC,4.4,4.4,,,,
60931,Stourbridge Energy LLC,61301,Stourbridge Energy,GEN3,PA,PJM,Natural Gas Internal Combustion Engine,NG,IC,4.4,4.4,,,,
60931,Stourbridge Energy LLC,61301,Stourbridge Energy,GEN4,PA,PJM,Natural Gas Internal Combustion Engine,NG,IC,4.4,4.4,,,,
60931,Stourbridge Energy LLC,61301,Stourbridge Energy,GEN5,PA,PJM,Natural Gas Internal Combustion Engine,NG,IC,4.4,4.4,,,,
60932,Wrighter Energy LLC,61302,Wrighter Energy,GEN1,PA,PJM,Natural Gas Internal Combustion Engine,NG,IC,4.4,4.2,,,,
60932,Wrighter Energy LLC,61302,Wrighter Energy,GEN2,PA,PJM,Natural Gas Internal Combustion Engine,NG,IC,4.4,4.2,,,,
60932,Wrighter Energy LLC,61302,Wrighter Energy,GEN3,PA,PJM,Natural Gas Internal Combustion Engine,NG,IC,4.4,4.2,,,,
60932,Wrighter Energy LLC,61302,Wrighter Energy,GEN4,PA,PJM,Natural Gas Internal Combustion Engine,NG,IC,4.4,4.2,,,,
60932,Wrighter Energy LLC,61302,Wrighter Energy,GEN5,PA,PJM,Natural Gas Internal Combustion Engine,NG,IC,4.4,4.2,,,,
60927,Anchor Energy LLC,61304,Anchor Energy,GEN1,PA,PJM,Natural Gas Internal Combustion Engine,NG,IC,4.4,4.2,,,,
60927,Anchor Energy LLC,61304,Anchor Energy,GEN2,PA,PJM,Natural Gas Internal Combustion Engine,NG,IC,4.4,4.2,,,,
60927,Anchor Energy LLC,61304,Anchor Energy,GEN3,PA,PJM,Natural Gas Internal Combustion Engine,NG,IC,4.4,4.2,,,,
60927,Anchor Energy LLC,61304,Anchor Energy,GEN4,PA,PJM,Natural Gas Internal Combustion Engine,NG,IC,4.4,4.2,,,,
60927,Anchor Energy LLC,61304,Anchor Energy,GEN5,PA,PJM,Natural Gas Internal Combustion Engine,NG,IC,4.4,4.2,,,,
60928,Holdridge Energy LLC,61305,Holdridge Energy,GEN1,PA,PJM,Natural Gas Internal Combustion Engine,NG,IC,4.4,4.4,,,,
60928,Holdridge Energy LLC,61305,Holdridge Energy,GEN2,PA,PJM,Natural Gas Internal Combustion Engine,NG,IC,4.4,4.4,,,,
60928,Holdridge Energy LLC,61305,Holdridge Energy,GEN3,PA,PJM,Natural Gas Internal Combustion Engine,NG,IC,4.4,4.4,,,,
60928,Holdridge Energy LLC,61305,Holdridge Energy,GEN4,PA,PJM,Natural Gas Internal Combustion Engine,NG,IC,4.4,4.4,,,,
60928,Holdridge Energy LLC,61305,Holdridge Energy,GEN5,PA,PJM,Natural Gas Internal Combustion Engine,NG,IC,4.4,4.4,,,,
60930,Red Glen Energy LLC,61306,Red Glen Energy,GEN1,PA,PJM,Natural Gas Internal Combustion Engine,NG,IC,4.4,4.4,,,,
60930,Red Glen Energy LLC,61306,Red Glen Energy,GEN2,PA,PJM,Natural Gas Internal Combustion Engine,NG,IC,4.4,4.4,,,,
60930,Red Glen Energy LLC,61306,Red Glen Energy,GEN3,PA,PJM,Natural Gas Internal Combustion Engine,NG,IC,4.4,4.4,,,,
60930,Red Glen Energy LLC,61306,Red Glen Energy,GEN4,PA,PJM,Natural Gas Internal Combustion Engine,NG,IC,4.4,4.4,,,,
60930,Red Glen Energy LLC,61306,Red Glen Energy,GEN5,PA,PJM,Natural Gas Internal Combustion Engine,NG,IC,4.4,4.4,,,,
60953,"Farmingdale Fuel Cell, LLC",61317,Farmingdale Fuel Cell,MB-21,NY,NYIS,Other Natural Gas,NG,FC,1.4,1.4,,,,
58695,Coronal Development Services,61320,Casper Solar Center,CSPSC,MD,PJM,Solar Photovoltaic,SUN,PV,36.7,36.7,,,,
60971,NYC Energy LLC,61331,NISA Electric Generation Project,GEN1,NY,NYIS,Natural Gas Fired Combined Cycle,NG,CT,70.5,59.7,,,,
60971,NYC Energy LLC,61331,NISA Electric Generation Project,STG1,NY,NYIS,Natural Gas Fired Combined Cycle,NG,CA,22.0,20.2,,,,
60453,Onward Energy,61346,RE Maplewood,PV3,TX,ERCO,Solar Photovoltaic,SUN,PV,100.0,100.0,,,,
60453,Onward Energy,61346,RE Maplewood,PV4,TX,ERCO,Solar Photovoltaic,SUN,PV,100.0,100.0,,,,
60453,Onward Energy,61346,RE Maplewood,PV5,TX,ERCO,Solar Photovoltaic,SUN,PV,100.0,100.0,,,,
60998,Utica Aero Solar Max,61361,Utica Aero Solar Max PV,UASM,OH,PJM,Solar Photovoltaic,SUN,PV,12.0,12.0,,,,
61010,"Ord Mountain Solar, LLC",61372,Ord Mountain Solar,ORDMT,CA,CISO,Solar Photovoltaic,SUN,PV,60.0,60.0,,,,
59380,"Enel Green Power NA, Inc.",61390,"Pomerado Energy Storage, LLC",PMRDO,CA,CISO,Batteries,MWH,BA,6.0,6.0,,,,
61033,"Boswell Wind Project I, LLC",61393,Boswell Wind I,BOSW1,WY,PACE,Onshore Wind Turbine,WND,WT,80.0,80.0,,,,
61034,"Boswell Wind Project II, LLC",61394,Boswell Wind II,BOSW2,WY,PACE,Onshore Wind Turbine,WND,WT,80.0,80.0,,,,
61035,"Boswell Wind Project III, LLC",61395,Boswell Wind III,BOSW3,WY,PACE,Onshore Wind Turbine,WND,WT,80.0,80.0,,,,
61036,"Boswell Wind Project IV, LLC",61396,Boswell Wind IV,BOSW4,WY,PACE,Onshore Wind Turbine,WND,WT,80.0,80.0,,,,
61030,"Bluegrove Wind, LLC",61400,Bluegrove Wind,BLUGR,TX,ERCO,Onshore Wind Turbine,WND,WT,100.0,100.0,,,,
61031,"Byers Wind, LLC",61401,Byers Wind,BYERS,TX,ERCO,Onshore Wind Turbine,WND,WT,200.0,200.0,,,,
61118,"Ameresco, Inc - Candlewood",61517,Candlewood Solar,CANDL,CT,ISNE,Solar Photovoltaic,SUN,PV,25.0,25.0,,,,
61060,Cypress Creek Renewables,61531,Island Grove Solar,GEN1,NC,CPLE,Solar Photovoltaic,SUN,PV,2.0,2.0,,,,
61166,Green Power Energy LLC,61592,Cody Road Wind Farm,WT4,NY,NYIS,Onshore Wind Turbine,WND,WT,2.4,2.4,,,,
61166,Green Power Energy LLC,61592,Cody Road Wind Farm,WT5,NY,NYIS,Onshore Wind Turbine,WND,WT,2.4,2.4,,,,
61060,Cypress Creek Renewables,61624,West Moore Solar,GEN1,TX,ERCO,Solar Photovoltaic,SUN,PV,5.0,5.0,,,,
61340,"Hydra Community Solar, LLC",61714,Hydra Community Solar,HYDR,MN,MISO,Solar Photovoltaic,SUN,PV,1.0,1.0,,,,
60718,"Energy Resources USA, Inc.",61749,Tom Bevill Lock and Dam Hydroelectric,GEN1,AL,TVA,Conventional Hydroelectric,WAT,HY,4.0,4.0,,,,
60718,"Energy Resources USA, Inc.",61749,Tom Bevill Lock and Dam Hydroelectric,GEN2,AL,TVA,Conventional Hydroelectric,WAT,HY,4.0,4.0,,,,
60718,"Energy Resources USA, Inc.",61749,Tom Bevill Lock and Dam Hydroelectric,GEN3,AL,TVA,Conventional Hydroelectric,WAT,HY,4.0,4.0,,,,
61386,"C4GT, LLC",61760,C4GT,C4GT,VA,PJM,Natural Gas Fired Combined Cycle,NG,CC,1060.0,1060.0,,,,
5701,El Paso Electric Co,61783,New Mexico Community Solar Facility,NMCSF,NM,EPE,Solar Photovoltaic,SUN,PV,2.0,2.0,,,,
61422,"Mason Dixon Solar Center, LLC",61797,Mason Dixon Solar Center,PV,MD,PJM,Solar Photovoltaic,SUN,PV,20.0,20.0,,,,
59380,"Enel Green Power NA, Inc.",61802,"Kingston Energy Storage, LLC",10001,CA,CISO,Batteries,MWH,BA,50.0,50.0,,,,
61430,"Summit Lake Wind, LLC",61812,Summit Lake Wind Energy Project,1,MI,MISO,Onshore Wind Turbine,WND,WT,0.0,0.0,,,,
61429,"Harvest Wind Energy, LLC",61823,Harvest Wind Energy Project,1,IN,MISO,Onshore Wind Turbine,WND,WT,0.0,0.0,,,,
61459,"Minco Wind V, LLC",61837,"Minco Wind V, LLC",MV,OK,SWPP,Onshore Wind Turbine,WND,WT,220.0,220.0,,,,
60496,"Adapture Renewables, Inc.",61841,"Scituate RI Solar, LLC",SCITU,RI,ISNE,Solar Photovoltaic,SUN,PV,10.0,10.0,,,,
61466,"Bakersfield Fuel Cell 1, LLC",61845,Bolthouse Farms Fuel Cell,MM28,CA,CISO,Other Natural Gas,NG,FC,2.5,2.5,,,,
61466,"Bakersfield Fuel Cell 1, LLC",61845,Bolthouse Farms Fuel Cell,MM29,CA,CISO,Other Natural Gas,NG,FC,2.5,2.5,,,,
56545,Pattern Operators LP,61859,Crazy Mountain Wind LLC,WT,MT,NWMT,Onshore Wind Turbine,WND,WT,80.0,80.0,,,,
61637,"TUUSSO Energy, LLC",62068,Typha Solar Project,TYPHA,WA,PSEI,Solar Photovoltaic,SUN,PV,5.0,5.0,,,,
61637,"TUUSSO Energy, LLC",62070,Fumaria Solar Project,FUMAR,WA,PSEI,Solar Photovoltaic,SUN,PV,5.0,5.0,,,,
61638,Harrison Power LLC,62153,Cadiz Power Plant,GEN 1,OH,PJM,Natural Gas Fired Combined Cycle,NG,CS,660.0,550.0,,,,
61638,Harrison Power LLC,62153,Cadiz Power Plant,GEN 2,OH,PJM,Natural Gas Fired Combined Cycle,NG,CS,660.0,550.0,,,,
61712,Atlantic Solar,62180,Atlantic Solar,22,SC,CPLE,Solar Photovoltaic,SUN,PV,1.0,1.0,,,,
61714,Battle Solar,62182,Battle Solar,24,SC,CPLE,Solar Photovoltaic,SUN,PV,2.0,2.0,,,,
61715,Bell Solar,62183,Bell Solar,25,SC,CPLE,Solar Photovoltaic,SUN,PV,6.1,6.1,,,,
61719,Clark Solar,62187,Clark Solar,29,SC,CPLE,Solar Photovoltaic,SUN,PV,2.0,2.0,,,,
61720,Colleton Solar,62188,Colleton Solar,31,SC,SCEG,Batteries,MWH,BA,74.9,74.9,,,,
61721,Collins Farm Solar,62189,Collins Farm Solar,31,SC,SCEG,Solar Photovoltaic,SUN,PV,5.4,5.4,,,,
61722,Crossroads Solar,62190,Crossroads Solar,33,SC,SCEG,Batteries,MWH,BA,50.0,50.0,,,,
61732,Fairfield Solar,62212,Fairfield Solar,36,SC,CPLE,Solar Photovoltaic,SUN,PV,10.0,10.0,,,,
61733,Fishwater Solar,62213,Fishwater Solar,37,SC,CPLE,Solar Photovoltaic,SUN,PV,2.0,2.0,,,,
61734,Flip Solar,62214,Flip Solar,38,SC,DUK,Solar Photovoltaic,SUN,PV,15.8,15.8,,,,
61735,Foreman Solar,62215,Foreman Solar,39,SC,SCEG,Solar Photovoltaic,SUN,PV,6.4,6.4,,,,
61738,Gedosch Solar II,62218,Gedosch Solar II,42,SC,DUK,Solar Photovoltaic,SUN,PV,2.0,2.0,,,,
61730,Dadswell Solar,62222,Dadswell Solar,34,SC,CPLE,Solar Photovoltaic,SUN,PV,1.0,1.0,,,,
61747,Indigo Solar,62230,Indigo Solar,44,SC,DUK,Solar Photovoltaic,SUN,PV,2.0,2.0,,,,
61748,Ion Solar,62231,Ion Solar,45,SC,SCEG,Solar Photovoltaic,SUN,PV,5.0,5.0,,,,
61749,Jackson Solar,62232,Jackson Solar,46,SC,SCEG,Solar Photovoltaic,SUN,PV,14.0,14.0,,,,
61754,Madison Solar,62237,Madison Solar,51,SC,CPLE,Solar Photovoltaic,SUN,PV,10.9,10.9,,,,
61783,Alabama Ledge Wind Farm LLC,62261,Alabama Ledge Wind Farm LLC,GEN1,NY,NYIS,Onshore Wind Turbine,WND,WT,79.8,79.8,,,,
61787,Martin East Solar,62276,Martin East Solar,54,SC,CPLE,Solar Photovoltaic,SUN,PV,2.0,2.0,,,,
61788,Martin West Solar,62277,Martin West Solar,55,SC,CPLE,Solar Photovoltaic,SUN,PV,2.0,2.0,,,,
61789,McClain Solar,62278,McClain Solar,56,SC,SCEG,Solar Photovoltaic,SUN,PV,17.3,17.3,,,,
61790,McCormick Solar,62279,McCormick Solar,57,SC,CPLE,Solar Photovoltaic,SUN,PV,2.0,2.0,,,,
61792,Middleton Solar,62281,Middleton Solar,59,SC,CPLE,Solar Photovoltaic,SUN,PV,2.0,2.0,,,,
61793,Pee Dee Solar I,62282,Pee Dee Solar I,60,SC,CPLE,Solar Photovoltaic,SUN,PV,2.0,2.0,,,,
61794,Pee Dee Solar II,62283,Pee Dee Solar II,61,SC,CPLE,Solar Photovoltaic,SUN,PV,2.0,2.0,,,,
61795,Power Solar,62284,Power Solar,62,SC,SCEG,Solar Photovoltaic,SUN,PV,3.0,3.0,,,,
61796,Martin Central Solar,62285,Martin Central Solar,53,SC,CPLE,Solar Photovoltaic,SUN,PV,2.0,2.0,,,,
61804,Pruger Solar I,62292,Pruger Solar I,63,SC,CPLE,Solar Photovoltaic,SUN,PV,2.0,2.0,,,,
61806,Pruger Solar III,62294,Pruger Solar III,65,SC,CPLE,Solar Photovoltaic,SUN,PV,2.0,2.0,,,,
61810,Rutledge Solar,62297,Rutledge Solar,69,SC,CPLE,Solar Photovoltaic,SUN,PV,2.0,2.0,,,,
61814,Sandifer Solar,62298,Sandifer Solar,70,SC,CPLE,Solar Photovoltaic,SUN,PV,2.0,2.0,,,,
61807,Quest Solar,62299,Quest Solar,67,SC,SCEG,Batteries,MWH,BA,50.0,50.0,,,,
61828,Scarlet Solar,62307,Scarlet Solar,71,SC,CPLE,Solar Photovoltaic,SUN,PV,2.0,2.0,,,,
61829,Shem Solar,62308,Shem Solar,72,SC,DUK,Solar Photovoltaic,SUN,PV,2.0,2.0,,,,
61832,Snoopy Solar,62311,Snoopy Solar,75,SC,DUK,Solar Photovoltaic,SUN,PV,2.0,2.0,,,,
61833,Southard Solar,62312,Southard Solar,76,SC,SCEG,Solar Photovoltaic,SUN,PV,6.0,6.0,,,,
61835,Tarpon Solar I,62314,Tarpon Solar I,78,SC,CPLE,Solar Photovoltaic,SUN,PV,2.0,2.0,,,,
61837,Ten Governors Solar,62316,Ten Governors Solar,80,SC,DUK,Solar Photovoltaic,SUN,PV,28.0,28.0,,,,
61817,"Collard Holdings, LLC",62317,Collard Holdings Solar,PV,NC,CPLE,Solar Photovoltaic,SUN,PV,10.0,10.0,,,,
61856,Turkey Hill Solar I,62341,Turkey Hill Solar I,84,SC,DUK,Solar Photovoltaic,SUN,PV,2.0,2.0,,,,
61859,Ulmer Solar,62343,Ulmer Solar,85,SC,SCEG,Solar Photovoltaic,SUN,PV,22.0,22.0,,,,
61865,Wayfair Solar,62345,Wayfair Solar,89,SC,CPLE,Solar Photovoltaic,SUN,PV,2.0,2.0,,,,
61867,Webster Solar,62348,Webster Solar,91,SC,DUK,Solar Photovoltaic,SUN,PV,5.4,5.4,,,,
61861,Topaz Solar,62349,Topaz Solar (SC),82,SC,CPLE,Solar Photovoltaic,SUN,PV,2.0,2.0,,,,
61868,WSW Solar,62350,WSW Solar,86,SC,SCEG,Solar Photovoltaic,SUN,PV,10.8,10.8,,,,
61869,Wysong Solar,62351,Wysong Solar,92,SC,CPLE,Solar Photovoltaic,SUN,PV,2.0,2.0,,,,
61871,York Solar,62354,York Solar,94,SC,DUK,Solar Photovoltaic,SUN,PV,2.0,2.0,,,,
61906,Rye Development,62400,Montgomery L&D Hydroelectric Project,NA4,PA,PJM,Conventional Hydroelectric,WAT,HY,9.5,5.5,,,,
61906,Rye Development,62403,Beverly L&D Hydroelectric Project,NA1,OH,PJM,Conventional Hydroelectric,WAT,HY,1.5,1.2,,,,
61906,Rye Development,62403,Beverly L&D Hydroelectric Project,NA2,OH,PJM,Conventional Hydroelectric,WAT,HY,1.5,1.2,,,,
61906,Rye Development,62426,Rokeby L&D Hydroelectric Project,NA1,OH,PJM,Conventional Hydroelectric,WAT,HY,2.0,1.5,,,,
61906,Rye Development,62426,Rokeby L&D Hydroelectric Project,NA2,OH,PJM,Conventional Hydroelectric,WAT,HY,2.0,1.5,,,,
61906,Rye Development,62427,Philo L&D Hydroelectric Project,NA1,OH,PJM,Conventional Hydroelectric,WAT,HY,1.5,1.2,,,,
61906,Rye Development,62427,Philo L&D Hydroelectric Project,NA2,OH,PJM,Conventional Hydroelectric,WAT,HY,1.5,1.2,,,,
61906,Rye Development,62428,Malta L&D Hydroelectric Project,NA1,OH,PJM,Conventional Hydroelectric,WAT,HY,2.0,1.0,,,,
61906,Rye Development,62428,Malta L&D Hydroelectric Project,NA2,OH,PJM,Conventional Hydroelectric,WAT,HY,2.0,1.0,,,,
61906,Rye Development,62429,Lowell L&D Hydroelectric Project,NA1,OH,PJM,Conventional Hydroelectric,WAT,HY,2.5,2.0,,,,
61906,Rye Development,62429,Lowell L&D Hydroelectric Project,NA2,OH,PJM,Conventional Hydroelectric,WAT,HY,2.5,2.0,,,,
61906,Rye Development,62435,Devola L&D Hydroelectric Project,NA1,OH,PJM,Conventional Hydroelectric,WAT,HY,2.0,1.0,,,,
61906,Rye Development,62435,Devola L&D Hydroelectric Project,NA2,OH,PJM,Conventional Hydroelectric,WAT,HY,2.0,1.0,,,,
56545,Pattern Operators LP,62501,Old Jackson Solar LLC,1,TX,ERCO,Solar Photovoltaic,SUN,PV,128.0,127.5,,,,
61344,Electrodes,62515,Hybrid Holdings 1 Capistrano,HH4MW,CA,CISO,Batteries,MWH,BA,4.0,4.0,,,,
56545,Pattern Operators LP,62522,Solemio LLC,1,TX,ERCO,Solar Photovoltaic,SUN,PV,80.0,79.8,,,,
62036,Paeahu Solar LLC,62534,Paeahu Solar Hybrid,PHBA,HI,HECO,Batteries,MWH,BA,15.0,15.0,,,,
62036,Paeahu Solar LLC,62534,Paeahu Solar Hybrid,PHSOL,HI,HECO,Solar Photovoltaic,SUN,PV,15.0,15.0,,,,
59315,Bradley Farm LLC,62593,Bradley Farm (Dudley),PV1,NC,CPLW,Solar Photovoltaic,SUN,PV,5.0,5.0,,,,
59497,Eversource,62605,Martha's Vineyard Community Battery,MVESS,MA,ISNE,Batteries,MWH,BA,4.9,4.9,,,,
62050,Castleman Power Development LLC,62684,Palestine Power Peaking Facility,PP-1,TX,ERCO,Natural Gas Fired Combustion Turbine,NG,GT,50.0,43.0,,,,
62050,Castleman Power Development LLC,62684,Palestine Power Peaking Facility,PP-2,TX,ERCO,Natural Gas Fired Combustion Turbine,NG,GT,50.0,43.0,,,,
62050,Castleman Power Development LLC,62684,Palestine Power Peaking Facility,PP-3,TX,ERCO,Natural Gas Fired Combustion Turbine,NG,GT,50.0,43.0,,,,
62050,Castleman Power Development LLC,62684,Palestine Power Peaking Facility,PP-4,TX,ERCO,Natural Gas Fired Combustion Turbine,NG,GT,50.0,43.0,,,,
62050,Castleman Power Development LLC,62685,Sealy Power Peaking Facility,SP-1,TX,ERCO,Natural Gas Fired Combustion Turbine,NG,GT,50.0,43.0,,,,
62050,Castleman Power Development LLC,62685,Sealy Power Peaking Facility,SP-2,TX,ERCO,Natural Gas Fired Combustion Turbine,NG,GT,50.0,43.0,,,,
62050,Castleman Power Development LLC,62685,Sealy Power Peaking Facility,SP-3,TX,ERCO,Natural Gas Fired Combustion Turbine,NG,GT,50.0,43.0,,,,
62050,Castleman Power Development LLC,62685,Sealy Power Peaking Facility,SP-4,TX,ERCO,Natural Gas Fired Combustion Turbine,NG,GT,50.0,43.0,,,,
56215,"Big Sky Wind, LLC",62787,Pinckard Solar,PCKND,AL,SOCO,Solar Photovoltaic,SUN,PV,85.1,79.7,,,,
62704,Grizzly Wind LLC,62802,Grizzly Wind LLC,GW,MT,NWMT,Onshore Wind Turbine,WND,WT,80.0,80.0,,,,
62713,Buenos Aires Windpower LLC,62803,Buenos Aires Phase 1,BAW1,TX,ERCO,Onshore Wind Turbine,WND,WT,200.0,200.0,,,,
62708,Black Bear Wind LLC,62808,Black Bear Wind (MT),BBW,MT,NWMT,Onshore Wind Turbine,WND,WT,80.0,80.0,,,,
62709,Bakerstand Solar LLC,62811,Bakerstand Solar (NY),BKSTD,NY,NYIS,Solar Photovoltaic,SUN,PV,20.0,20.0,,,,
66875,Clay Solar NY LLC,62819,SunEast Clay Solar Project,Q669,NY,NYIS,Solar Photovoltaic,SUN,PV,50.0,20.0,,,,
62738,Blue Marmot VIII LLC,62863,Blue Marmot VIII,PRMLE,OR,PACW,Solar Photovoltaic,SUN,PV,10.0,9.8,,,,
62737,Blue Marmot VII LLC,62864,Blue Marmot VII,RSHEI,OR,PACW,Solar Photovoltaic,SUN,PV,10.0,9.8,,,,
62736,Blue Marmot VI LLC,62865,Blue Marmot VI,DNZW,OR,PACW,Solar Photovoltaic,SUN,PV,10.0,9.8,,,,
62735,Blue Marmot V LLC,62866,Blue Marmot V,DNZE,OR,PACW,Solar Photovoltaic,SUN,PV,10.0,9.8,,,,
62734,Blue Marmot IX LLC,62867,Blue Marmot IX,DVRO,OR,PACW,Solar Photovoltaic,SUN,PV,10.0,9.8,,,,
62746,Don Lee BESS 1 LLC,62872,Don Lee BESS 1 LLC,DONL1,CA,CISO,Batteries,MWH,BA,6.5,6.5,,,,
49893,Invenergy Services LLC,62888,Crescent Valley Solar,GEN1,NV,NEVP,Solar Photovoltaic,SUN,PV,149.0,149.0,,,,
62765,"High Bridge Wind, LLC",62894,High Bridge Wind Project,HBBSF,NY,NYIS,Batteries,MWH,BA,7.0,7.0,,,,
49893,Invenergy Services LLC,62934,Lovelock Solar,GEN1,NV,NEVP,Solar Photovoltaic,SUN,PV,190.0,190.0,,,,
49893,Invenergy Services LLC,62947,Canisteo Wind Farm,GEN1,NY,NYIS,Onshore Wind Turbine,WND,WT,290.7,290.7,,,,
62865,Novel Holmquist Solar LLC,63006,Novel Holmquist Solar CSG,HOLM,MN,MISO,Solar Photovoltaic,SUN,PV,1.0,1.0,,,,
62875,"Shakespeare Solar, LLC",63014,Shakespeare Solar,PGR12,NC,DUK,Solar Photovoltaic,SUN,PV,5.0,5.0,,,,
59495,Ameren Missouri,63065,Green City Renewable Energy Center Hybrid,GBESS,MO,MISO,Batteries,MWH,BA,2.5,2.5,,,,
59495,Ameren Missouri,63065,Green City Renewable Energy Center Hybrid,GCREC,MO,MISO,Solar Photovoltaic,SUN,PV,10.0,10.0,,,,
59495,Ameren Missouri,63066,Richwoods Renewable Energy Center Hybrid,RBESS,MO,MISO,Batteries,MWH,BA,4.0,4.0,,,,
59495,Ameren Missouri,63066,Richwoods Renewable Energy Center Hybrid,RREC,MO,MISO,Solar Photovoltaic,SUN,PV,10.0,10.0,,,,
59495,Ameren Missouri,63067,Utica Renewable Energy Center Hybrid,UBESS,MO,MISO,Batteries,MWH,BA,2.0,2.0,,,,
59495,Ameren Missouri,63067,Utica Renewable Energy Center Hybrid,UREC,MO,MISO,Solar Photovoltaic,SUN,PV,10.0,10.0,,,,
62898,"Dflex Power, LLC",63095,John Paul Jones,JPJDX,TX,ERCO,Natural Gas Internal Combustion Engine,NG,IC,18.7,18.7,,,,
62920,Cabin Point Solar Center LLC,63134,Cabin Point Solar Center,CBNPT,VA,PJM,Solar Photovoltaic,SUN,PV,75.0,75.0,,,,
58970,"Ecoplexus, Inc",63162,OAKBORO PV1,OAKPV,NC,DUK,Solar Photovoltaic,SUN,PV,40.0,40.0,,,,
62984,AC Power 2 LLC,63196,AC Power 2,ACP2,NJ,PJM,Solar Photovoltaic,SUN,PV,3.8,3.8,,,,
62985,Pettinos Solar LLC,63197,Pettinos Solar,ACP4,NJ,PJM,Solar Photovoltaic,SUN,PV,1.2,1.2,,,,
62935,TREX US Green Holly LLC,63201,TREX US Green Holly,705,TX,ERCO,Solar Photovoltaic,SUN,PV,400.0,400.0,,,,
62935,TREX US Green Holly LLC,63201,TREX US Green Holly,705-S,TX,ERCO,Batteries,MWH,BA,5.0,5.0,,,,
62995,Broad Mountain Power LLC,63210,Broad Mountain Wind Project,BROAD,PA,PJM,Onshore Wind Turbine,WND,WT,80.0,80.0,,,,
62975,USS Zanzibar Solar LLC,63217,USS Zanzibar Solar LLC CSG,ZNZBR,MN,MISO,Solar Photovoltaic,SUN,PV,1.0,1.0,,,,
63004,Abundant Solar Power Inc.,63226,Deiter-STEU,2078,NY,NYIS,Solar Photovoltaic,SUN,PV,2.2,2.2,,,,
63004,Abundant Solar Power Inc.,63227,Gibson-STEU,8675,NY,NYIS,Solar Photovoltaic,SUN,PV,11.5,11.5,,,,
63004,Abundant Solar Power Inc.,63228,Wheaton-STEU,11410,NY,NYIS,Solar Photovoltaic,SUN,PV,5.0,5.0,,,,
55983,Luminant Generation Company LLC,63234,Hallmark,UNIT1,TX,ERCO,Solar Photovoltaic,SUN,PV,42.0,42.0,,,,
63015,Novel Loren Solar LLC,63248,Novel Loren Solar LLC CSG,LOREN,MN,MISO,Solar Photovoltaic,SUN,PV,1.0,1.0,,,,
62759,Geronimo Power,63250,Elk Creek Solar,ELKCR,MN,MISO,Solar Photovoltaic,SUN,PV,80.0,80.0,,,,
15473,Public Service Co of NM,63281,Pinon Energy Center,GT1,NM,PNM,Natural Gas Fired Combustion Turbine,NG,GT,41.8,42.3,,,,
15473,Public Service Co of NM,63281,Pinon Energy Center,GT2,NM,PNM,Natural Gas Fired Combustion Turbine,NG,GT,41.8,42.3,,,,
15473,Public Service Co of NM,63281,Pinon Energy Center,GT3,NM,PNM,Natural Gas Fired Combustion Turbine,NG,GT,41.8,42.3,,,,
15473,Public Service Co of NM,63281,Pinon Energy Center,GT4,NM,PNM,Natural Gas Fired Combustion Turbine,NG,GT,41.8,42.3,,,,
15473,Public Service Co of NM,63281,Pinon Energy Center,GT5,NM,PNM,Natural Gas Fired Combustion Turbine,NG,GT,41.8,42.3,,,,
15473,Public Service Co of NM,63281,Pinon Energy Center,GT6,NM,PNM,Natural Gas Fired Combustion Turbine,NG,GT,41.8,42.3,,,,
15473,Public Service Co of NM,63281,Pinon Energy Center,GT7,NM,PNM,Natural Gas Fired Combustion Turbine,NG,GT,41.8,42.3,,,,
7140,Georgia Power Co,63282,Georgia College & State University Solar,1,GA,SOCO,Solar Photovoltaic,SUN,PV,3.5,3.5,,,,
62759,Geronimo Power,63310,"Snowdrop Solar, LLC",SNOWD,MN,MISO,Solar Photovoltaic,SUN,PV,1.0,1.0,,,,
62759,Geronimo Power,63316,"Gladiolus Solar, LLC",GLADI,MN,MISO,Solar Photovoltaic,SUN,PV,1.0,1.0,,,,
15399,Avangrid Power LLC,63508,Camino Solar Hybrid,CSBA1,CA,CISO,Batteries,MWH,BA,11.0,11.0,,,,
63238,OE_ALC,63513,AL Solar C LLC,OEALC,AL,SOCO,Solar Photovoltaic,SUN,PV,80.0,80.0,,,,
14328,Pacific Gas & Electric Co.,63529,Renz Energy Storage,LLAGS,CA,CISO,Batteries,MWH,BA,20.0,20.0,,,,
61944,MN8 Energy LLC,63545,Chevron - Lost Hills Hybrid,BESS1,CA,CISO,Batteries,MWH,BA,10.0,10.0,,,,
58970,"Ecoplexus, Inc",63568,Grifton PV2,GRFT2,NC,CPLE,Solar Photovoltaic,SUN,PV,56.0,56.0,,,,
65173,United States Solar Corporation,63619,USS Grandpa Solar,USGPA,IL,PJM,Solar Photovoltaic,SUN,PV,1.0,1.0,,,,
63342,New Jersey Transit Corporation (NJ Transit),63631,NJ TRANSITGRID,CTG-1,NJ,PJM,Natural Gas Fired Combustion Turbine,NG,GT,22.5,20.0,,,,
63342,New Jersey Transit Corporation (NJ Transit),63631,NJ TRANSITGRID,CTG-2,NJ,PJM,Natural Gas Fired Combustion Turbine,NG,GT,22.5,20.0,,,,
63342,New Jersey Transit Corporation (NJ Transit),63631,NJ TRANSITGRID,CTG-3,NJ,PJM,Natural Gas Fired Combustion Turbine,NG,GT,22.5,20.0,,,,
63342,New Jersey Transit Corporation (NJ Transit),63631,NJ TRANSITGRID,CTG-4,NJ,PJM,Natural Gas Fired Combined Cycle,NG,CT,22.5,20.0,,,,
63342,New Jersey Transit Corporation (NJ Transit),63631,NJ TRANSITGRID,CTG-5,NJ,PJM,Natural Gas Fired Combined Cycle,NG,CT,22.5,20.0,,,,
63342,New Jersey Transit Corporation (NJ Transit),63631,NJ TRANSITGRID,PV1,NJ,PJM,Solar Photovoltaic,SUN,PV,0.5,0.5,,,,
63342,New Jersey Transit Corporation (NJ Transit),63631,NJ TRANSITGRID,STG-1,NJ,PJM,Natural Gas Fired Combined Cycle,NG,CA,15.0,14.4,,,,
63342,New Jersey Transit Corporation (NJ Transit),63631,NJ TRANSITGRID,STOR1,NJ,PJM,Flywheels,MWH,FW,8.1,8.1,,,,
63426,RE Bravepost LLC,63730,RE Bravepost LLC,BVPST,TX,ERCO,Solar Photovoltaic,SUN,PV,200.0,200.0,,,,
63432,SkyHigh 2 Solar,63740,Amazon - Moreno Valley,ONT6,CA,CISO,Solar Photovoltaic,SUN,PV,2.2,2.2,,,,
63465,"Candela Renewables, LLC",63783,Rough Hat 2,RH2,NV,CISO,Solar Photovoltaic,SUN,PV,400.0,400.0,,,,
63464,"Crossroads Solar, LLC",63785,Crossroads Solar (PA),CROSS,PA,PJM,Solar Photovoltaic,SUN,PV,50.0,50.0,,,,
61222,174 Power Global Corp.,63798,Atlas,ATLB1,AZ,AZPS,Batteries,MWH,BA,300.0,300.0,,,,
61222,174 Power Global Corp.,63799,Kupehau,KUP01,HI,HECO,Solar Photovoltaic,SUN,PV,60.0,60.0,,,,
61222,174 Power Global Corp.,63799,Kupehau,KUPB1,HI,HECO,Batteries,MWH,BA,60.0,60.0,,,,
63474,Hecate Energy Gedney Hill LLC,63815,Hecate Energy Gedney Hill,GEDNY,NY,NYIS,Solar Photovoltaic,SUN,PV,20.0,20.0,,,,
63504,"Kruger Energy Mantura Solar, LLC",63822,"Kruger Energy Mantura Solar, LLC",KEMS,VA,PJM,Solar Photovoltaic,SUN,PV,60.0,60.0,,,,
66883,Limestone Solar NY LLC,63864,SunEast Limestone Solar Project,Q#806,NY,NYIS,Solar Photovoltaic,SUN,PV,20.0,20.0,,,,
66877,Fairway Solar NY LLC,63865,SunEast Fariway Solar Project,Q#848,NY,NYIS,Solar Photovoltaic,SUN,PV,20.0,20.0,,,,
66880,Highview Solar NY LLC,63866,SunEast Highview Solar Project,Q#591,NY,NYIS,Solar Photovoltaic,SUN,PV,20.0,20.0,,,,
66884,Tabletop Solar NY LLC,63867,SunEast Tabletop Solar Project,Q#869,NY,NYIS,Solar Photovoltaic,SUN,PV,80.0,80.0,,,,
66882,Hilltop Solar NY LLC,63868,SunEast Hilltop Solar Project,Q#807,NY,NYIS,Solar Photovoltaic,SUN,PV,20.0,20.0,,,,
58970,"Ecoplexus, Inc",63876,Mule Creek State Prison,MLCRK,CA,CISO,Solar Photovoltaic,SUN,PV,2.1,2.1,,,,
63553,Haymaker Energy Project LLC,63878,Haymaker Hybrid,HBESS,MT,NWMT,Batteries,MWH,BA,100.0,100.0,,,,
63289,Key Capture Energy,63879,TX18 Cottage Meadow Storage,TX18,TX,ERCO,Batteries,MWH,BA,100.0,100.0,,,,
63289,Key Capture Energy,63880,TX17 Nickel Prairie Storage,TX17,TX,ERCO,Batteries,MWH,BA,100.0,100.0,,,,
63558,Chickahominy Power LLC,63886,Chickahominy Power LLC,CP001,VA,PJM,Natural Gas Fired Combined Cycle,NG,CS,572.1,557.3,,,,
63558,Chickahominy Power LLC,63886,Chickahominy Power LLC,CP002,VA,PJM,Natural Gas Fired Combined Cycle,NG,CS,572.1,557.3,,,,
63558,Chickahominy Power LLC,63886,Chickahominy Power LLC,CP003,VA,PJM,Natural Gas Fired Combined Cycle,NG,CS,572.1,557.3,,,,
56769,Consolidated Edison Development Inc.,63898,CED Denmark Solar Hybrid,DSBS,ME,ISNE,Batteries,MWH,BA,2.3,2.3,,,,
56769,Consolidated Edison Development Inc.,63898,CED Denmark Solar Hybrid,DSPV,ME,ISNE,Solar Photovoltaic,SUN,PV,2.5,2.5,,,,
63561,TransAlta Holdings U.S. Inc.,63902,Tono Solar,TSPV1,WA,BPAT,Solar Photovoltaic,SUN,PV,80.0,80.0,,,,
63612,Perquimans Solar LLC,63955,Perquimans Solar LLC,PERQU,NC,PJM,Solar Photovoltaic,SUN,PV,5.0,5.0,,,,
63636,"Homestead Fuel Cell 1, LLC",63980,Homestead Fuel Cell,MM50,CT,ISNE,Other Natural Gas,NG,FC,2.8,2.8,,,,
63636,"Homestead Fuel Cell 1, LLC",63980,Homestead Fuel Cell,MM51,CT,ISNE,Other Natural Gas,NG,FC,2.8,2.8,,,,
63636,"Homestead Fuel Cell 1, LLC",63980,Homestead Fuel Cell,MM52,CT,ISNE,Other Natural Gas,NG,FC,2.8,2.8,,,,
63720,"Ocean Wind, LLC",64082,Ocean Wind,OCW01,NJ,PJM,Offshore Wind Turbine,WND,WS,1215.0,1215.0,,,,
63721,"Skipjack Offshore Energy, LLC",64083,Skipjack Wind Farm,SJW01,MD,PJM,Offshore Wind Turbine,WND,WS,120.0,120.0,,,,
63702,"Barbers Point Solar, LLC",64094,"Barbers Point Solar, LLC",BPBA,HI,HECO,Batteries,MWH,BA,15.0,15.0,,,,
63702,"Barbers Point Solar, LLC",64094,"Barbers Point Solar, LLC",BPSOL,HI,HECO,Solar Photovoltaic,SUN,PV,15.0,15.0,,,,
64904,AES Clean Energy,64095,"Kahana Solar, LLC",KSBA,HI,HECO,Batteries,MWH,BA,20.0,20.0,,,,
64904,AES Clean Energy,64095,"Kahana Solar, LLC",KSSOL,HI,HECO,Solar Photovoltaic,SUN,PV,20.0,20.0,,,,
57313,Tesla Inc.,64098,Tesla Reno GigaFactory,RD,NV,NEVP,Solar Photovoltaic,SUN,PV,2.4,2.4,,,,
57313,Tesla Inc.,64098,Tesla Reno GigaFactory,RDP,NV,NEVP,Solar Photovoltaic,SUN,PV,2.8,2.8,,,,
57313,Tesla Inc.,64098,Tesla Reno GigaFactory,RE,NV,NEVP,Solar Photovoltaic,SUN,PV,2.4,2.4,,,,
57313,Tesla Inc.,64098,Tesla Reno GigaFactory,REP,NV,NEVP,Solar Photovoltaic,SUN,PV,2.8,2.8,,,,
63726,Vistra Zero LLC,64131,Forest Grove - Dodd,ESS1,TX,ERCO,Batteries,MWH,BA,100.2,100.2,,,,
63726,Vistra Zero LLC,64131,Forest Grove - Dodd,FGPV1,TX,ERCO,Solar Photovoltaic,SUN,PV,201.8,201.8,,,,
63756,"Lily Pond Solar, LLC",64134,"Lily Pond Solar, LLC",ENX09,VA,PJM,Solar Photovoltaic,SUN,PV,80.0,80.0,,,,
63776,"JSD Flatwood PV-1, LLC",64156,Davis Road Solar,2002,SC,DUK,Solar Photovoltaic,SUN,PV,2.0,2.0,,,,
63791,Hunters Cove Solar LLC,64166,Hunters Cove Solar,GEN,NC,DUK,Solar Photovoltaic,SUN,PV,50.0,50.0,,,,
62856,"Forefront Power, LLC",64181,IL - SMHEC - Moraine Valley,18017,IL,PJM,Solar Photovoltaic,SUN,PV,1.3,1.3,,,,
63799,Cabin Creek Solar I LLC,64199,Cabin Creek Solar,CBCK1,MT,SWPP,Solar Photovoltaic,SUN,PV,75.0,75.0,,,,
63819,Cabin Creek Solar II LLC,64203,Cabin Creek Solar II,CBCK2,MT,SWPP,Solar Photovoltaic,SUN,PV,75.0,75.0,,,,
63776,"JSD Flatwood PV-1, LLC",64205,Fairview Solar,2003,SC,DUK,Solar Photovoltaic,SUN,PV,2.0,2.0,,,,
63776,"JSD Flatwood PV-1, LLC",64206,Highway 9 Solar,2004,SC,DUK,Solar Photovoltaic,SUN,PV,2.0,2.0,,,,
65411,Deriva Energy,64212,Pike Solar Hybrid,PSBES,CO,PSCO,Batteries,MWH,BA,25.0,25.0,,,,
63838,Hecate Grid Swiftsure LLC,64235,Swiftsure,SWFTS,NY,NYIS,Batteries,MWH,BA,121.0,121.0,,,,
63839,Hecate Grid Clermont 1 LLC,64236,Clermont,CLRMT,NY,NYIS,Batteries,MWH,BA,100.0,100.0,,,,
63828,Empire Community Solar LLC,64240,Holley Road Solar,0879,NY,NYIS,Solar Photovoltaic,SUN,PV,20.0,20.0,,,,
63869,"SE Athos II, LLC",64290,"SE Athos II, LLC",SEAT2,CA,CISO,Solar Photovoltaic,SUN,PV,200.0,200.0,,,,
63966,"Emerick Wind, LLC",64344,Emerick Wind,9999,NE,SWPP,Onshore Wind Turbine,WND,WT,322.0,322.0,,,,
63967,"Happy Hollow Solar Center,LLC",64348,Happy Hollow Solar Center,8888,GA,SOCO,Solar Photovoltaic,SUN,PV,75.0,75.0,,,,
58970,"Ecoplexus, Inc",64369,E Nash PV3,ENSH3,NC,CPLE,Solar Photovoltaic,SUN,PV,26.0,26.0,,,,
64074,Freepoint Solar LLC,64474,Claremont Solar,1,NH,ISNE,Solar Photovoltaic,SUN,PV,20.0,20.0,,,,
64074,Freepoint Solar LLC,64501,Alfred Solar,1,ME,ISNE,Solar Photovoltaic,SUN,PV,50.0,50.0,,,,
20847,Wisconsin Electric Power Co,64534,Darien Solar,2,WI,MISO,Batteries,MWH,BA,75.0,75.0,,,,
64168,Tyre Bridge Solar LLC,64537,Tyre Bridge Solar LLC,KOV4A,GA,SOCO,Solar Photovoltaic,SUN,PV,118.0,118.0,,,,
64166,Brushy Creek Solar LLC,64539,Brushy Creek Solar LLC,KOV4A,TX,ERCO,Solar Photovoltaic,SUN,PV,177.0,177.0,,,,
64165,Knickerbocker Solar LLC,64540,Knickerbocker Solar LLC,KOV4A,TX,ERCO,Solar Photovoltaic,SUN,PV,200.0,200.0,,,,
64186,"Chuckwalla Solar, LLC",64558,"Chuckwalla Solar, LLC",CHW,NV,NEVP,Solar Photovoltaic,SUN,PV,200.0,200.0,,,,
64186,"Chuckwalla Solar, LLC",64558,"Chuckwalla Solar, LLC",CHW1,NV,NEVP,Batteries,MWH,BA,180.0,180.0,,,,
64074,Freepoint Solar LLC,64576,Woodriver Solar,1,RI,ISNE,Solar Photovoltaic,SUN,PV,4.5,4.5,,,,
64217,Bald Mountain Solar LLC,64598,Bald Mountain Solar,GEN1,NY,NYIS,Solar Photovoltaic,SUN,PV,20.0,20.0,,,,
64218,Greens Corners Solar,64599,Greens Corners Solar,GEN1,NY,NYIS,Solar Photovoltaic,SUN,PV,120.0,120.0,,,,
61298,Pine Gate Renewables,64626,Olin Creek Farm Solar,OLINC,NC,DUK,Solar Photovoltaic,SUN,PV,35.0,35.0,,,,
64244,"Big Rock ESS Assets, LLC",64636,Big Rock Solar Farm,92JT8,CA,CISO,Solar Photovoltaic,SUN,PV,200.0,200.0,,,,
64264,Bolthouse Solar LLC,64668,Bolthouse Solar LLC,KOV4A,CA,CISO,Solar Photovoltaic,SUN,PV,3.0,3.0,,,,
64268,Black Rock Solar LLC,64671,Black Rock Solar LLC,KOV4A,WA,PACW,Solar Photovoltaic,SUN,PV,100.0,100.0,,,,
67880,"SREOG Partnership 1, LLC",64703,Gorham ME 1,GOR1,ME,ISNE,Solar Photovoltaic,SUN,PV,4.8,4.8,,,,
64350,"Saco River Solar, LLC",64833,"Saco River Solar, LLC",SACO,NH,ISNE,Solar Photovoltaic,SUN,PV,110.0,110.0,,,,
64351,"Roxbury Solar, LLC",64834,"Roxbury Solar, LLC",ROX,ME,ISNE,Solar Photovoltaic,SUN,PV,55.0,55.0,,,,
64354,"Wilkes Solar, LLC",64850,"Wilkes Solar, LLC",WS,NC,DUK,Solar Photovoltaic,SUN,PV,75.0,75.0,,,,
15474,Public Service Co of Oklahoma,64855,Ft. Sill Energy Center,1,OK,SWPP,Natural Gas Internal Combustion Engine,NG,IC,9.0,9.0,,,,
15474,Public Service Co of Oklahoma,64855,Ft. Sill Energy Center,2,OK,SWPP,Natural Gas Internal Combustion Engine,NG,IC,9.0,9.0,,,,
15474,Public Service Co of Oklahoma,64855,Ft. Sill Energy Center,3,OK,SWPP,Natural Gas Internal Combustion Engine,NG,IC,9.0,9.0,,,,
15474,Public Service Co of Oklahoma,64855,Ft. Sill Energy Center,4,OK,SWPP,Natural Gas Internal Combustion Engine,NG,IC,9.0,9.0,,,,
64387,Sandy Creek Solar LLC,64913,Sandy Creek Solar,GEN1,NY,NYIS,Solar Photovoltaic,SUN,PV,20.0,20.0,,,,
64315,"Walmart Stores Texas, LLC",64941,WAL4279,GEN1,TX,ERCO,Natural Gas Internal Combustion Engine,NG,IC,0.4,0.4,,,,
64315,"Walmart Stores Texas, LLC",64941,WAL4279,GEN2,TX,ERCO,Natural Gas Internal Combustion Engine,NG,IC,0.4,0.4,,,,
64315,"Walmart Stores Texas, LLC",64941,WAL4279,GEN3,TX,ERCO,Natural Gas Internal Combustion Engine,NG,IC,0.4,0.4,,,,
64445,Mazeppa CSG 1 LLC,65017,Mazeppa CSG,MZPA,MN,MISO,Solar Photovoltaic,SUN,PV,1.0,0.4,,,,
15500,Puget Sound Energy Inc,65019,Beaver Creek Wind Facility,BCW1B,MT,NWMT,Batteries,MWH,BA,100.0,100.0,,,,
64477,"Meriden Solar One, LLC",65061,Meriden Solar One,VCP08,CT,ISNE,Solar Photovoltaic,SUN,PV,1.0,1.0,,,,
64478,"Middletown Solar One, LLC",65062,Middletown Solar One,VCP09,CT,ISNE,Solar Photovoltaic,SUN,PV,2.0,2.0,,,,
64479,"Middletown Solar Two, LLC",65063,Middletown Solar Two,VCP10,CT,ISNE,Solar Photovoltaic,SUN,PV,1.9,1.9,,,,
64480,"Millstone Solar One, LLC",65064,Millstone Solar One,VCP03,NJ,PJM,Solar Photovoltaic,SUN,PV,2.8,2.8,,,,
64481,TC Solar RCE LLC,65065,TC Solar RCE,CGS,MN,MISO,Solar Photovoltaic,SUN,PV,1.0,1.0,,,,
57313,Tesla Inc.,65070,Austin TX GigaFactory,P2,TX,ERCO,Solar Photovoltaic,SUN,PV,1.0,1.0,,,,
62842,"Lightsource Renewable Energy Asset Management, LLC",65078,Cottontail Solar 3,PACT3,PA,PJM,Solar Photovoltaic,SUN,PV,20.0,20.0,,,,
64457,"VCP Realty, LLC",65108,Moodus Solar One,VCP17,CT,ISNE,Solar Photovoltaic,SUN,PV,2.0,2.0,,,,
3046,Duke Energy Progress - (NC),65126,Riverside BESS,ES1,NC,CPLW,Batteries,MWH,BA,5.0,5.0,,,,
64514,"Royalston Solar One, LLC",65136,Royalston Solar One,VCP04,MA,ISNE,Solar Photovoltaic,SUN,PV,5.0,5.0,,,,
64514,"Royalston Solar One, LLC",65136,Royalston Solar One,VCPS1,MA,ISNE,Batteries,MWH,BA,2.5,2.5,,,,
64515,"Waterbury Solar One, LLC",65137,Waterbury Solar One,VCP12,CT,ISNE,Solar Photovoltaic,SUN,PV,2.0,2.0,,,,
64457,"VCP Realty, LLC",65138,Spencer Drive Solar One,VCP18,ME,ISNE,Solar Photovoltaic,SUN,PV,2.0,2.0,,,,
64518,"Deer Wood Energy, LLC",65144,"Deer Wood Energy, LLC",ENX11,VA,PJM,Solar Photovoltaic,SUN,PV,50.0,50.0,,,,
64519,"Deer Wood Storage, LLC",65145,"Deer Wood Storage, LLC",ENX12,VA,PJM,Batteries,MWH,BA,30.0,30.0,,,,
64523,"Deptford Solar One, LLC",65147,Deptford Solar One,VCP01,NJ,PJM,Solar Photovoltaic,SUN,PV,3.0,3.0,,,,
64457,"VCP Realty, LLC",65148,Dollar Tree Solar One,VCP13,CT,ISNE,Solar Photovoltaic,SUN,PV,2.0,2.0,,,,
64525,"Ellington Solar One, LLC",65150,Ellington Solar One,VCP06,CT,ISNE,Solar Photovoltaic,SUN,PV,2.0,2.0,,,,
58970,"Ecoplexus, Inc",65179,Ironwood State Prison,IRNWD,CA,CISO,Solar Photovoltaic,SUN,PV,1.1,1.1,,,,
58970,"Ecoplexus, Inc",65180,Chuckawalla State Prison,CHKWL,CA,CISO,Solar Photovoltaic,SUN,PV,2.1,2.1,,,,
58970,"Ecoplexus, Inc",65181,CSP Solano,CSLNO,CA,CISO,Solar Photovoltaic,SUN,PV,5.1,5.1,,,,
60025,Greenbacker Renewable Energy Corporation,65226,Madison Solar 1 LLC,468,DC,PJM,Solar Photovoltaic,SUN,PV,1.2,1.2,,,,
58764,"Origis Energy USA, Inc",65290,Tide Bay,OFL10,FL,FPC,Solar Photovoltaic,SUN,PV,74.9,74.9,,,,
5109,DTE Electric Company,65327,Wheeler Center Solar Park,WCTSP,MI,MISO,Solar Photovoltaic,SUN,PV,20.0,20.0,,,,
64657,"Vacherie Solar Energy Center, LLC",65345,"Vacherie Solar Energy Center, LLC",VSEC,LA,MISO,Solar Photovoltaic,SUN,PV,150.0,150.0,,,,
64684,Mulligan Solar,65349,"Mulligan Solar, LLC",MLGA2,IL,MISO,Batteries,MWH,BA,40.0,40.0,,,,
60531,Standard Solar,65356,Klees Mill CSG,KLEES,MD,PJM,Solar Photovoltaic,SUN,PV,2.8,2.8,,,,
13407,Nevada Power Co,65377,Iron Point Solar (Hybrid),IPB,NV,NEVP,Batteries,MWH,BA,200.0,200.0,,,,
13407,Nevada Power Co,65377,Iron Point Solar (Hybrid),IPS,NV,NEVP,Solar Photovoltaic,SUN,PV,250.0,250.0,,,,
63721,"Skipjack Offshore Energy, LLC",65388,Skipjack Wind Farm Phase 2,SJW02,MD,PJM,Offshore Wind Turbine,WND,WS,846.0,846.0,,,,
64720,Orsted North America Inc.,65394,Ocean Wind II,OCWII,NJ,PJM,Offshore Wind Turbine,WND,WS,1148.0,1148.0,,,,
64741,"Homestead Energy Storage, LLC",65398,Homestead Energy Storage LLC,HMSD1,CA,CISO,Batteries,MWH,BA,14.0,14.0,,,,
64726,"Rivers Electric, LLC",65399,Mill Pond Hydro,U3,NY,NYIS,Conventional Hydroelectric,WAT,HY,0.5,0.5,,,,
13407,Nevada Power Co,65419,Hot Pot Solar,HPB,NV,NEVP,Batteries,MWH,BA,280.0,280.0,,,,
13407,Nevada Power Co,65419,Hot Pot Solar,HPS,NV,NEVP,Solar Photovoltaic,SUN,PV,350.0,350.0,,,,
64776,"Wolf Pit Branch Solar, LLC",65437,"Wolf Pit Branch Solar, LLC",PGB38,SC,SCEG,Batteries,MWH,BA,15.5,15.5,,,,
64776,"Wolf Pit Branch Solar, LLC",65437,"Wolf Pit Branch Solar, LLC",PGR38,SC,SCEG,Solar Photovoltaic,SUN,PV,62.0,62.0,,,,
50123,"Leeward Asset Management, LLC",65446,Owens Creek Solar,OCS,IL,PJM,Solar Photovoltaic,SUN,PV,500.0,500.0,,,,
50123,"Leeward Asset Management, LLC",65471,Rose Gold Solar,RGS01,IN,PJM,Solar Photovoltaic,SUN,PV,150.0,150.0,,,,
56201,Engie North America,65488,Crockett,CROKT,TX,ERCO,Batteries,MWH,BA,9.9,9.9,,,,
64934,"Chiquito Grid, LLC",65655,"Chiquito Grid, LLC",HECHQ,CA,CISO,Batteries,MWH,BA,80.0,80.0,,,,
63289,Key Capture Energy,65788,TX 14 Venus Mill Storage,TX14,TX,ERCO,Batteries,MWH,BA,100.0,100.0,,,,
63522,"Johanna Energy Center, LLC",65789,Santa Ana Storage 3,SAP3,CA,CISO,Batteries,MWH,BA,40.0,40.0,,,,
50123,"Leeward Asset Management, LLC",65822,Cradle Solar,CRAS0,TX,MISO,Solar Photovoltaic,SUN,PV,225.0,225.0,,,,
65079,Solar Proponent LLC,65843,Dogwood Creek Solar and BESS,DOGBS,TX,ERCO,Batteries,MWH,BA,443.2,443.2,,,,
65079,Solar Proponent LLC,65843,Dogwood Creek Solar and BESS,DOGPV,TX,ERCO,Solar Photovoltaic,SUN,PV,435.5,435.5,,,,
65079,Solar Proponent LLC,65844,Flag City Solar,FCSPV,TX,ERCO,Solar Photovoltaic,SUN,PV,167.3,167.3,,,,
65079,Solar Proponent LLC,65845,Goldenrod Creek Solar and BESS SLF,GOLBS,TX,ERCO,Batteries,MWH,BA,660.0,660.0,,,,
65079,Solar Proponent LLC,65845,Goldenrod Creek Solar and BESS SLF,GOLPV,TX,ERCO,Solar Photovoltaic,SUN,PV,660.0,660.0,,,,
65079,Solar Proponent LLC,65846,Hollow Branch Creek 1 Solar,HB1PV,TX,ERCO,Solar Photovoltaic,SUN,PV,460.0,460.0,,,,
65081,Oriana Solar LLC,65849,Oriana Solar LLC,ORIBS,TX,ERCO,Batteries,MWH,BA,61.0,61.0,,,,
65080,Elio Energy LLC,65850,Elio Energy LLC,ELIPV,TX,ERCO,Solar Photovoltaic,SUN,PV,160.0,160.0,,,,
67957,Parliament Energy Holdings LLC,65851,Hollow Branch Creek,HB2BS,TX,ERCO,Batteries,MWH,BA,460.0,460.0,,,,
65079,Solar Proponent LLC,65852,Lunis Creek Solar and BESS SLF,LUNBS,TX,ERCO,Batteries,MWH,BA,621.4,621.4,,,,
65079,Solar Proponent LLC,65852,Lunis Creek Solar and BESS SLF,LUNPV,TX,ERCO,Solar Photovoltaic,SUN,PV,617.1,617.1,,,,
65079,Solar Proponent LLC,65856,Tehuacana Creek 2 Solar and BESS,TE2BS,TX,ERCO,Batteries,MWH,BA,359.0,350.0,,,,
65079,Solar Proponent LLC,65856,Tehuacana Creek 2 Solar and BESS,TE2PV,TX,ERCO,Solar Photovoltaic,SUN,PV,700.0,700.0,,,,
50123,"Leeward Asset Management, LLC",65884,Sandhill Solar 2,SAHS0,GA,DUK,Solar Photovoltaic,SUN,PV,200.0,200.0,,,,
65082,Orange Grove,65891,Orange Grove,TALBS,TX,ERCO,Batteries,MWH,BA,61.0,61.0,,,,
58489,OCI Energy LLC,65893,OCI SunRoper,OCIES,TX,ERCO,Batteries,MWH,BA,260.0,260.0,,,,
63467,Naturgy Candela DevCo LLC,65895,Chill Sun Solar Project,CS1,NV,NEVP,Solar Photovoltaic,SUN,PV,2250.0,2250.0,,,,
65091,"Rosebud Solar, LLC",65899,"Rosebud Solar, LLC",ROSEB,TX,ERCO,Solar Photovoltaic,SUN,PV,132.0,132.0,,,,
62842,"Lightsource Renewable Energy Asset Management, LLC",65904,White Trillium Solar,OHWT1,OH,PJM,Solar Photovoltaic,SUN,PV,49.5,49.5,,,,
65089,"DG Penwell North, LLC",65928,Nacero Penwell Solar Energy Center,NPEC1,TX,ERCO,Solar Photovoltaic,SUN,PV,200.0,200.0,,,,
65105,"Peeler Solar, LLC",65932,"Peeler Solar, LLC",PEEL2,TX,ERCO,Batteries,MWH,BA,50.0,50.0,,,,
65105,"Peeler Solar, LLC",65932,"Peeler Solar, LLC",PEELR,TX,ERCO,Solar Photovoltaic,SUN,PV,200.0,200.0,,,,
65104,"Vermillion Rise Solar, LLC",65935,Vermillion Rise Solar,BAT,IN,MISO,Batteries,MWH,BA,40.0,40.0,,,,
65110,Winding Stair Wind,65938,Winding Stair Wind,WINDG,IA,MISO,Onshore Wind Turbine,WND,WT,212.0,212.0,,,,
65113,Grey Fox Wind,65939,Grey Fox Wind,WINDG,IL,MISO,Onshore Wind Turbine,WND,WT,400.0,400.0,,,,
65113,Grey Fox Wind,65939,Grey Fox Wind,WNDG2,IL,MISO,Batteries,MWH,BA,150.0,150.0,,,,
65116,"Discovery Wind, LLC",65944,"Discovery Wind, LLC",DISC,ND,MISO,Onshore Wind Turbine,WND,WT,400.0,400.0,,,,
65157,"Garcitas Creek Solar, LLC",65973,Garcitas Creek Solar,GCS,TX,ERCO,Solar Photovoltaic,SUN,PV,201.9,201.9,,,,
65179,"SolarGen of South Carolina, LLC",66012,Brogdon Family Solar Park,BROGD,SC,DUK,Solar Photovoltaic,SUN,PV,65.0,65.0,,,,
62842,"Lightsource Renewable Energy Asset Management, LLC",66054,Birch Solar (OH),OHBI1,OH,PJM,Solar Photovoltaic,SUN,PV,300.0,300.0,,,,
62842,"Lightsource Renewable Energy Asset Management, LLC",66060,Cottontail Solar 7,PACS7,PA,PJM,Solar Photovoltaic,SUN,PV,21.1,21.1,,,,
62842,"Lightsource Renewable Energy Asset Management, LLC",66130,Cottontail Solar 9,PACT9,PA,PJM,Solar Photovoltaic,SUN,PV,20.0,20.0,,,,
62842,"Lightsource Renewable Energy Asset Management, LLC",66131,Peony Solar 1,INPE1,IN,MISO,Solar Photovoltaic,SUN,PV,300.0,300.0,,,,
62842,"Lightsource Renewable Energy Asset Management, LLC",66131,Peony Solar 1,INPE2,IN,MISO,Batteries,MWH,BA,62.5,62.5,,,,
62842,"Lightsource Renewable Energy Asset Management, LLC",66132,Trinity River Solar 1,TXTR2,TX,ERCO,Batteries,MWH,BA,75.0,75.0,,,,
62842,"Lightsource Renewable Energy Asset Management, LLC",66139,Snowdrop Solar,PASD1,PA,PJM,Solar Photovoltaic,SUN,PV,20.0,20.0,,,,
62842,"Lightsource Renewable Energy Asset Management, LLC",66196,Sycamore Trail Solar,PAST1,PA,PJM,Solar Photovoltaic,SUN,PV,20.0,20.0,,,,
56769,Consolidated Edison Development Inc.,66293,Alamo 3 BESS 2,A3BS2,TX,ERCO,Batteries,MWH,BA,100.0,100.0,,,,
56769,Consolidated Edison Development Inc.,66294,Alamo 4 BESS,A4BS1,TX,ERCO,Batteries,MWH,BA,100.0,100.0,,,,
56769,Consolidated Edison Development Inc.,66295,Alamo 5 BESS 1,A5BS1,TX,ERCO,Batteries,MWH,BA,100.0,100.0,,,,
56769,Consolidated Edison Development Inc.,66296,Alamo 5 BESS 2,A5BS2,TX,ERCO,Batteries,MWH,BA,100.0,100.0,,,,
56769,Consolidated Edison Development Inc.,66297,Alamo 7 BESS 1,A7BS1,TX,ERCO,Batteries,MWH,BA,150.0,150.0,,,,
56769,Consolidated Edison Development Inc.,66298,Alamo 7 BESS 2,A7BS2,TX,ERCO,Batteries,MWH,BA,150.0,150.0,,,,
56769,Consolidated Edison Development Inc.,66300,Crane 2 BESS 2,CRBS2,TX,ERCO,Batteries,MWH,BA,150.0,150.0,,,,
67192,RWE Clean Energy,66301,Peregrine BESS 1,PGBS1,TX,ERCO,Batteries,MWH,BA,150.0,150.0,,,,
67192,RWE Clean Energy,66302,Peregrine BESS 2,PGBS2,TX,ERCO,Batteries,MWH,BA,150.0,150.0,,,,
56769,Consolidated Edison Development Inc.,66303,Upton BESS 2,UPBS2,TX,ERCO,Batteries,MWH,BA,150.0,150.0,,,,
56769,Consolidated Edison Development Inc.,66304,Uvalde 2 BESS 1,UVBS1,TX,ERCO,Batteries,MWH,BA,75.0,75.0,,,,
56769,Consolidated Edison Development Inc.,66305,Uvalde 2 BESS 2,UVBS2,TX,ERCO,Batteries,MWH,BA,150.0,150.0,,,,
67192,RWE Clean Energy,66306,Uvalde Solar 1,UVPV1,TX,ERCO,Solar Photovoltaic,SUN,PV,150.0,150.0,,,,
64540,TransAlta Corporation,66343,Prairie Violet Wind LLC,PVLET,IL,PJM,Onshore Wind Turbine,WND,WT,130.0,130.0,,,,
65440,"Bear Point Solar, LLC",66362,"Bear Point Solar, LLC",GEN1,NC,DUK,Solar Photovoltaic,SUN,PV,73.9,73.9,,,,
58489,OCI Energy LLC,66399,OCI Lone Sun,OCILS,TX,ERCO,Solar Photovoltaic,SUN,PV,100.0,100.0,,,,
65511,Aragon Energy Storage LLC,66431,Aragon Energy Storage,ARAG1,GA,SOCO,Batteries,MWH,BA,225.0,225.0,,,,
62842,"Lightsource Renewable Energy Asset Management, LLC",66440,Granite Hill Solar,PAGH1,PA,PJM,Solar Photovoltaic,SUN,PV,70.0,70.0,,,,
65543,Desert Vine Solar LLC,66493,Desert Vine Solar,DVS,TX,ERCO,Solar Photovoltaic,SUN,PV,121.3,121.3,,,,
61978,Convergent Energy and Power LP,66498,Staten Island Energy Storage 1 LLC,SIBA1,NY,ISNE,Batteries,MWH,BA,5.0,5.0,,,,
65515,"Catalyze Moss Landing Hilltop Rd Microgrid, LLC",66510,CA Moss Landing 3040 Hilltop Rd,19616,CA,CISO,Solar Photovoltaic,SUN,PV,1.2,1.2,,,,
65515,"Catalyze Moss Landing Hilltop Rd Microgrid, LLC",66510,CA Moss Landing 3040 Hilltop Rd,B9616,CA,CISO,Batteries,MWH,BA,1.0,1.0,,,,
65562,"TJA Off South Main St. Lanesboro, LLC",66514,MA Lanesboro S. Main St.,18233,MA,ISNE,Solar Photovoltaic,SUN,PV,4.2,4.2,,,,
65562,"TJA Off South Main St. Lanesboro, LLC",66514,MA Lanesboro S. Main St.,B8233,MA,ISNE,Batteries,MWH,BA,2.5,2.5,,,,
65565,"Catalyze Houston Express Lane Microgrid, LLC",66517,TX Houston 7080 Express Lane,B9344,TX,ERCO,Batteries,MWH,BA,1.5,1.5,,,,
65566,"Catalyze La Porte 10060 Porter Road Microgrid, LLC",66518,TX LaPort 10060 Porter Road Solar,19389,TX,ERCO,Solar Photovoltaic,SUN,PV,1.6,1.6,,,,
65587,Mammoth Central LLC,66546,Mammoth Central Solar Project,MTHC2,IN,PJM,Solar Photovoltaic,SUN,PV,300.0,300.0,,,,
65586,GEG PA Solar LLC,66547,Goonies Solar Project,GOONS,PA,PJM,Solar Photovoltaic,SUN,PV,194.0,106.7,,,,
65594,EnerSmart Storage,66551,EnerSmart Imperial Beach BESS,IB192,CA,CISO,Batteries,MWH,BA,3.0,3.0,,,,
65594,EnerSmart Storage,66551,EnerSmart Imperial Beach BESS,IB193,CA,CISO,Batteries,MWH,BA,3.0,3.0,,,,
62842,"Lightsource Renewable Energy Asset Management, LLC",66556,Mountain Holly Solar,PAMH1,PA,PJM,Solar Photovoltaic,SUN,PV,20.0,20.0,,,,
62842,"Lightsource Renewable Energy Asset Management, LLC",66557,Mountain Daisy,COMD1,CO,SWPP,Solar Photovoltaic,SUN,PV,161.7,161.7,,,,
16609,San Diego Gas & Electric Co,66599,Dark Sky Energy Center,2,CA,CISO,All Other,H2,FC,0.3,0.3,,,,
65684,549 Doles Ridge Rd Solar LLC,66665,549 Doles Ridge Rd Solar LLC,549DR,ME,ISNE,Solar Photovoltaic,SUN,PV,2.4,2.4,,,,
65688,"Cold Creek Solar, LLC",66674,Cold Creek Solar,CCBA,NY,NYIS,Batteries,MWH,BA,20.0,20.0,,,,
65688,"Cold Creek Solar, LLC",66674,Cold Creek Solar,CCSOL,NY,NYIS,Solar Photovoltaic,SUN,PV,108.0,108.0,,,,
65689,"Alfred Oaks Solar, LLC",66675,"Alfred Oaks Solar, LLC",BA,NY,NYIS,Batteries,MWH,BA,20.0,20.0,,,,
61060,Cypress Creek Renewables,66692,"Holly Branch Solar, LLC",HOLLY,TX,ERCO,Solar Photovoltaic,SUN,PV,230.0,230.0,,,,
61060,Cypress Creek Renewables,66692,"Holly Branch Solar, LLC",HOLY,TX,ERCO,Batteries,MWH,BA,100.0,100.0,,,,
65699,"Coati Solar, LLC",66693,"Coati Solar, LLC",COAT,TX,ERCO,Solar Photovoltaic,SUN,PV,285.0,285.0,,,,
65699,"Coati Solar, LLC",66693,"Coati Solar, LLC",COATI,TX,ERCO,Batteries,MWH,BA,140.0,140.0,,,,
65716,"Scioto Farms Solar Project, LLC",66702,Scioto Farms Solar,SF1,OH,PJM,Solar Photovoltaic,SUN,PV,110.0,110.0,,,,
65715,Strata Clean Energy,66704,Chiltepin Solar,11106,TX,ERCO,Solar Photovoltaic,SUN,PV,100.0,100.0,,,,
65715,Strata Clean Energy,66705,Longwing Solar,11105,TX,MISO,Solar Photovoltaic,SUN,PV,140.0,140.0,,,,
65715,Strata Clean Energy,66708,Peri Peri Solar,11104,TX,MISO,Solar Photovoltaic,SUN,PV,115.0,115.0,,,,
65728,Brenneman Solar LLC,66744,Brenneman Solar Project,BRNMN,GA,SEPA,Solar Photovoltaic,SUN,PV,150.0,150.0,,,,
65747,"AB Newark (Fund IV) Operating, LLC",66746,AB Newark Solar,PV1,NJ,PJM,Solar Photovoltaic,SUN,PV,5.6,5.6,,,,
65594,EnerSmart Storage,66754,EnerSmart El Cajon BESS,EC01,CA,CISO,Batteries,MWH,BA,3.0,3.0,,,,
65594,EnerSmart Storage,66755,EnerSmart Murray BESS,M01,CA,CISO,Batteries,MWH,BA,3.0,3.0,,,,
65594,EnerSmart Storage,66755,EnerSmart Murray BESS,M02,CA,CISO,Batteries,MWH,BA,3.0,3.0,,,,
65594,EnerSmart Storage,66755,EnerSmart Murray BESS,M03,CA,CISO,Batteries,MWH,BA,3.0,3.0,,,,
65594,EnerSmart Storage,66755,EnerSmart Murray BESS,M04,CA,CISO,Batteries,MWH,BA,3.0,3.0,,,,
65594,EnerSmart Storage,66755,EnerSmart Murray BESS,M05,CA,CISO,Batteries,MWH,BA,3.0,3.0,,,,
65594,EnerSmart Storage,66755,EnerSmart Murray BESS,M06,CA,CISO,Batteries,MWH,BA,3.0,3.0,,,,
65594,EnerSmart Storage,66755,EnerSmart Murray BESS,M07,CA,CISO,Batteries,MWH,BA,3.0,3.0,,,,
17633,Southern Indiana Gas & Elec Co,66781,CrossTrack Solar,1,IN,MISO,Solar Photovoltaic,SUN,PV,130.0,130.0,,,,
65777,Urban Grid Solar,66854,Porter Mill Solar,PORM1,MD,PJM,Solar Photovoltaic,SUN,PV,46.0,46.0,,,,
62842,"Lightsource Renewable Energy Asset Management, LLC",66865,Champion Solar I,INCS1,IN,PJM,Solar Photovoltaic,SUN,PV,51.9,51.9,,,,
18454,Tampa Electric Co,66869,South Tampa Energy Storage,BESS1,FL,TEC,Batteries,MWH,BA,20.0,20.0,,,,
65821,Hecate Grid Intrepid 1 LLC,66911,Hecate Grid Intrepid,HGIN1,NY,NYIS,Batteries,MWH,BA,250.0,250.0,,,,
65821,Hecate Grid Intrepid 1 LLC,66911,Hecate Grid Intrepid,HGIN6,NY,NYIS,Batteries,MWH,BA,50.0,50.0,,,,
65869,Prologis Logistics Services Incorporated,66953,CPA 3777 Workman,PE328,CA,CISO,Solar Photovoltaic,SUN,PV,1.9,1.9,,,,
61944,MN8 Energy LLC,67010,Dynamic - Wales Pond Road,GEN1,ME,ISNE,Solar Photovoltaic,SUN,PV,4.9,4.9,,,,
66023,"SR Scottsville, LLC",67128,"SR Scottsville, LLC",SCOTV,KY,TVA,Solar Photovoltaic,SUN,PV,3.0,3.0,,,,
49893,Invenergy Services LLC,67157,Powell Solar,BESS1,OR,PACW,Batteries,MWH,BA,20.5,20.5,,,,
66100,Boralex US Operations LLC,67220,Diamond Solar (NY),NY48,NY,NYIS,Solar Photovoltaic,SUN,PV,60.0,60.0,,,,
63004,Abundant Solar Power Inc.,67223,USNY - Markham Hollow Rd - 001,SUNYF,NY,NYIS,Solar Photovoltaic,SUN,PV,20.0,20.0,,,,
66105,Trestles Grid LLC,67229,Trestles Grid LLC,HGLPT,CA,CISO,Batteries,MWH,BA,150.0,150.0,,,,
17612,Bear Valley Electric Service,67258,Bear Valley Solar Plant,BVES1,CA,CISO,Solar Photovoltaic,SUN,PV,5.0,5.0,,,,
66059,"Hornshadow Solar, LLC",67497,"Hornshadow Solar, LLC",HSESS,UT,PACE,Batteries,MWH,BA,25.0,25.0,,,,
66070,"Hornshadow Solar II, LLC",67511,"Hornshadow Solar II, LLC",HS2ES,UT,PACE,Batteries,MWH,BA,50.0,50.0,,,,
11241,Entergy Louisiana LLC,67541,Bayou Power Station,RICE1,LA,MISO,Natural Gas Internal Combustion Engine,NG,IC,18.8,18.8,,,,
11241,Entergy Louisiana LLC,67541,Bayou Power Station,RICE2,LA,MISO,Natural Gas Internal Combustion Engine,NG,IC,18.8,18.8,,,,
11241,Entergy Louisiana LLC,67541,Bayou Power Station,RICE3,LA,MISO,Natural Gas Internal Combustion Engine,NG,IC,18.8,18.8,,,,
11241,Entergy Louisiana LLC,67541,Bayou Power Station,RICE4,LA,MISO,Natural Gas Internal Combustion Engine,NG,IC,18.8,18.8,,,,
11241,Entergy Louisiana LLC,67541,Bayou Power Station,RICE5,LA,MISO,Natural Gas Internal Combustion Engine,NG,IC,18.8,18.8,,,,
11241,Entergy Louisiana LLC,67541,Bayou Power Station,RICE6,LA,MISO,Natural Gas Internal Combustion Engine,NG,IC,18.8,18.8,,,,
66255,"RIC Development, LLC",67553,Jim Wells BESS,RIC99,TX,ERCO,Batteries,MWH,BA,100.3,100.3,,,,
66296,"EFR Solar, LLC",67607,North Kern Water Storage District 1,18993,CA,CISO,Solar Photovoltaic,SUN,PV,2.5,2.5,,,,
66297,"EFR Solar 2, LLC",67608,North Kern Water Storage District 2,18994,CA,CISO,Solar Photovoltaic,SUN,PV,2.5,2.5,,,,
61060,Cypress Creek Renewables,67651,Berkman Storage,BERK,TX,ERCO,Batteries,MWH,BA,100.0,100.0,,,,
61060,Cypress Creek Renewables,67656,Fort Watt Storage,FWATT,TX,ERCO,Batteries,MWH,BA,200.0,200.0,,,,
61060,Cypress Creek Renewables,67658,Jerboa Storage,JERBO,TX,ERCO,Batteries,MWH,BA,200.0,200.0,,,,
61060,Cypress Creek Renewables,67659,Langer,LANGE,TX,ERCO,Solar Photovoltaic,SUN,PV,245.0,245.0,,,,
61060,Cypress Creek Renewables,67660,Malala,MALAL,TX,ERCO,Batteries,MWH,BA,200.0,200.0,,,,
61060,Cypress Creek Renewables,67662,Payton,PAYTN,IL,PJM,Solar Photovoltaic,SUN,PV,70.0,70.0,,,,
61060,Cypress Creek Renewables,67668,Wallie Storage,WALLE,TX,ERCO,Batteries,MWH,BA,200.0,200.0,,,,
66316,"Northumberland Solar, LLC",67675,Northumberland Solar,ENX34,PA,PJM,Batteries,MWH,BA,20.0,20.0,,,,
60025,Greenbacker Renewable Energy Corporation,67691,Kern Front,731,CA,CISO,Solar Photovoltaic,SUN,PV,18.9,18.9,,,,
66360,Reliability Design & Development LLC,67742,Imperial Power Plant LLC,SUGAR,TX,ERCO,Natural Gas Internal Combustion Engine,NG,IC,12.0,12.0,,,,
66372,Gransolar BESS Texas Six LLC,67775,Cardinal Solar (TX),GRS6,TX,ERCO,Solar Photovoltaic,SUN,PV,74.0,74.0,,,,
66377,"Gransolar Texas Seventeen, LLC",67780,Itsee Solar,GRS17,TX,ERCO,Solar Photovoltaic,SUN,PV,53.3,53.3,,,,
62161,"Cubico USA, LLC",67787,Centaurus Solar - GA,CENTA,GA,SOCO,Solar Photovoltaic,SUN,PV,400.0,400.0,,,,
66386,Gransolar Texas Six LLC,67789,Tres Margaritas Solar,GRS6,TX,ERCO,Solar Photovoltaic,SUN,PV,61.0,61.0,,,,
66395,Temo Renewables LLC,67800,Walston I Solar,1,MD,PJM,Solar Photovoltaic,SUN,PV,9.9,9.9,,,,
63289,Key Capture Energy,67840,"KCE NY 35, LLC",NY35,NY,NYIS,Batteries,MWH,BA,200.0,200.0,,,,
63289,Key Capture Energy,67841,"KCE NY 36, LLC",NY36,NY,NYIS,Batteries,MWH,BA,20.0,20.0,,,,
66417,SBESS TX6 LLC,67844,Hidden Lakes,HIDD,TX,ERCO,Batteries,MWH,BA,9.9,9.9,,,,
66450,"Spout Spring Solar, LLC",67877,Spout Spring Solar,ENX31,VA,PJM,Solar Photovoltaic,SUN,PV,60.0,60.0,,,,
66454,Wyatt Mill Solar LLC,67881,Wyatt Mill Solar LLC,ENX30,VA,PJM,Solar Photovoltaic,SUN,PV,82.5,82.5,,,,
66464,"210MS 8me, LLC",67895,Brittlebush Solar and Battery Storage,21MSA,TX,ERCO,Solar Photovoltaic,SUN,PV,400.0,400.0,,,,
66464,"210MS 8me, LLC",67895,Brittlebush Solar and Battery Storage,21MSB,TX,ERCO,Batteries,MWH,BA,400.0,400.0,,,,
66466,"452HL 8me, LLC",67897,Pasilla Solar and Battery Storage,45HLA,NM,SWPP,Solar Photovoltaic,SUN,PV,250.0,250.0,,,,
66466,"452HL 8me, LLC",67897,Pasilla Solar and Battery Storage,45HLB,NM,SWPP,Batteries,MWH,BA,250.0,250.0,,,,
66485,"Vernon Solar and Storage, LLC",67934,Vernon Solar and Storage,VERNB,TX,ERCO,Batteries,MWH,BA,38.0,38.0,,,,
66485,"Vernon Solar and Storage, LLC",67934,Vernon Solar and Storage,VERNP,TX,ERCO,Solar Photovoltaic,SUN,PV,104.0,104.0,,,,
66508,"Moonlight Flats Solar Power, LLC",67951,Moonlight Flats Solar Power 2,MFS2,PA,PJM,Solar Photovoltaic,SUN,PV,126.5,,,,,
66508,"Moonlight Flats Solar Power, LLC",67953,Moonlight Flats Solar Power 3,MFS3,PA,PJM,Solar Photovoltaic,SUN,PV,202.4,202.4,,,,
66551,Renewco Power Holdings LLC,67981,May Renewables,MAY,SC,SCEG,Solar Photovoltaic,SUN,PV,100.0,100.0,,,,
66551,Renewco Power Holdings LLC,67981,May Renewables,MAYB,SC,SCEG,Batteries,MWH,BA,100.0,100.0,,,,
49893,Invenergy Services LLC,68005,Uinta Wind,WIND1,WY,PACE,Onshore Wind Turbine,WND,WT,119.0,119.0,,,,
64545,Vesper Energy Development LLC,68015,Emerald Hill Energy Storage,EMHES,TX,ERCO,Batteries,MWH,BA,250.0,250.0,,,,
64545,Vesper Energy Development LLC,68017,Cooper Canyon Renewable Energy,CCREB,NV,NEVP,Batteries,MWH,BA,100.0,100.0,,,,
65144,"Samsung C&T Renewables, LLC",68019,Richwood Solar and Storage,RICSS,OH,PJM,Solar Photovoltaic,SUN,PV,250.0,250.0,,,,
50123,"Leeward Asset Management, LLC",68083,Morley Solar,MLY,MO,MISO,Solar Photovoltaic,SUN,PV,100.0,100.0,,,,
50123,"Leeward Asset Management, LLC",68087,Thoroughbred Solar,TBS1,KY,PJM,Solar Photovoltaic,SUN,PV,50.0,50.0,,,,
64452,"EDF Renewables Development, Inc.",68093,Grand River Energy Center Solar,GRECS,OK,SPA,Solar Photovoltaic,SUN,PV,84.0,84.0,,,,
66587,"SR Clifton, LLC",68098,SR Clifton,CLIFT,TN,TVA,Solar Photovoltaic,SUN,PV,5.8,5.8,,,,
66597,"SR Robins I, LLC",68111,SR Robins I,ROBN1,GA,SOCO,Solar Photovoltaic,SUN,PV,250.0,250.0,,,,
65869,Prologis Logistics Services Incorporated,68125,Bensenville Ind Park 12-SLCHI412,CH412,IL,PJM,Solar Photovoltaic,SUN,PV,1.1,1.1,,,,
65869,Prologis Logistics Services Incorporated,68128,Bensenville Ind Park 6-SLCHI406,CH406,IL,PJM,Solar Photovoltaic,SUN,PV,1.1,1.1,,,,
65869,Prologis Logistics Services Incorporated,68134,Elwood 1-SLCHI901,CH901,IL,PJM,Solar Photovoltaic,SUN,PV,1.3,1.3,,,,
66607,"Belltown Power Texas 2, LLC",68164,Augite Storage,AUGBA,TX,ERCO,Batteries,MWH,BA,151.4,151.4,,,,
66607,"Belltown Power Texas 2, LLC",68167,Hooper Solar and Storage,HOOBA,TX,ERCO,Batteries,MWH,BA,30.7,30.7,,,,
66607,"Belltown Power Texas 2, LLC",68167,Hooper Solar and Storage,HOOPV,TX,ERCO,Solar Photovoltaic,SUN,PV,50.5,50.5,,,,
66607,"Belltown Power Texas 2, LLC",68169,Kobernat Solar and Storage,KOBBA,TX,ERCO,Batteries,MWH,BA,51.5,51.5,,,,
66607,"Belltown Power Texas 2, LLC",68169,Kobernat Solar and Storage,KOBPV,TX,ERCO,Solar Photovoltaic,SUN,PV,100.5,100.5,,,,
66607,"Belltown Power Texas 2, LLC",68170,Mcgee Storage,MCGBA,TX,ERCO,Batteries,MWH,BA,151.3,151.3,,,,
66607,"Belltown Power Texas 2, LLC",68174,Stegall Solar and Storage,STEBA,TX,ERCO,Batteries,MWH,BA,50.5,50.5,,,,
66607,"Belltown Power Texas 2, LLC",68174,Stegall Solar and Storage,STEPV,TX,ERCO,Solar Photovoltaic,SUN,PV,81.6,81.6,,,,
66607,"Belltown Power Texas 2, LLC",68177,Windmill Ridge Storage,WINBA,TX,ERCO,Batteries,MWH,BA,151.4,151.4,,,,
66617,"Big Elm Storage, LLC",68181,Big Elm Storage,BELMB,TX,ERCO,Batteries,MWH,BA,100.0,100.0,,,,
66632,"Two Rivers Solar, LLC",68198,Two Rivers Solar,TRS,TX,ERCO,Solar Photovoltaic,SUN,PV,214.0,214.0,,,,
66654,"SR Altheimer, LLC",68225,SR Altheimer,ALTH,AR,MISO,Solar Photovoltaic,SUN,PV,4.8,4.8,,,,
66656,"SR Delhi, LLC",68227,SR Delhi,DELHI,LA,MISO,Solar Photovoltaic,SUN,PV,4.8,4.8,,,,
57170,"EDF Renewable Asset Holdings, Inc.",68231,Walleye Solar (Sandow II),SDTWO,TX,ERCO,Solar Photovoltaic,SUN,PV,369.0,369.0,,,,
66659,"SR Dunn, LLC",68245,SR Dunn,DUNN,LA,MISO,Solar Photovoltaic,SUN,PV,3.0,3.0,,,,
66664,"SR Metter, LLC",68250,SR Metter,METTR,GA,TVA,Solar Photovoltaic,SUN,PV,79.7,79.7,,,,
66668,"SR North Bastrop, LLC",68251,SR North Bastrop,NBAST,LA,MISO,Solar Photovoltaic,SUN,PV,4.8,4.8,,,,
66674,"SR Wynne South, LLC",68258,SR Wynne South,WYNS,AR,MISO,Solar Photovoltaic,SUN,PV,4.8,4.8,,,,
66687,MS1,68261,Sun Bear,SNBR1,CO,WACM,Solar Photovoltaic,SUN,PV,756.0,756.0,,,,
66687,MS1,68261,Sun Bear,SNBR2,CO,WACM,Batteries,MWH,BA,756.0,756.0,,,,
66700,"BOCA bn, LLC",68281,Box Canyon (AZ),BOCA2,AZ,AZPS,Batteries,MWH,BA,300.0,300.0,,,,
66684,"JUGU bn, LLC",68291,Juniper Gulch Solar and Storage,JUGU1,ID,PACE,Solar Photovoltaic,SUN,PV,200.0,200.0,,,,
66684,"JUGU bn, LLC",68291,Juniper Gulch Solar and Storage,JUGU2,ID,PACE,Batteries,MWH,BA,200.0,200.0,,,,
66706,"SINC bn, LLC",68300,Sinclair BESS,SINC,WA,PSEI,Batteries,MWH,BA,200.0,200.0,,,,
66694,Sandman Solar LLC,68304,Sandman Solar,SAND,TX,ERCO,Batteries,MWH,BA,100.0,100.0,,,,
66696,Ion Solar LLC (TX),68306,Ion Solar (TX),ION,TX,ERCO,Solar Photovoltaic,SUN,PV,384.0,384.0,,,,
66697,Alpin Holding LLC,68307,Matador Solar,MATAB,OH,PJM,Batteries,MWH,BA,150.0,150.0,,,,
66697,Alpin Holding LLC,68307,Matador Solar,MATAD,OH,PJM,Solar Photovoltaic,SUN,PV,150.0,150.0,,,,
66697,Alpin Holding LLC,68308,Wolf Creek Solar,WOLF,OH,PJM,Solar Photovoltaic,SUN,PV,150.0,150.0,,,,
66697,Alpin Holding LLC,68308,Wolf Creek Solar,WOLFB,OH,PJM,Batteries,MWH,BA,150.0,150.0,,,,
66697,Alpin Holding LLC,68309,Sunday Solar,SUN,VA,PJM,Solar Photovoltaic,SUN,PV,140.0,140.0,,,,
66697,Alpin Holding LLC,68309,Sunday Solar,SUNB,VA,PJM,Batteries,MWH,BA,140.0,140.0,,,,
66697,Alpin Holding LLC,68310,Iris Solar,IRIS,VA,PJM,Solar Photovoltaic,SUN,PV,90.0,90.0,,,,
66697,Alpin Holding LLC,68310,Iris Solar,IRISB,VA,PJM,Batteries,MWH,BA,90.0,90.0,,,,
66697,Alpin Holding LLC,68311,Twins Solar,TWINB,VA,PJM,Batteries,MWH,BA,150.0,150.0,,,,
66697,Alpin Holding LLC,68311,Twins Solar,TWINS,VA,PJM,Solar Photovoltaic,SUN,PV,150.0,150.0,,,,
66697,Alpin Holding LLC,68312,Echelon Solar,ECHE,OH,PJM,Solar Photovoltaic,SUN,PV,80.0,80.0,,,,
66697,Alpin Holding LLC,68312,Echelon Solar,ECHEB,OH,PJM,Batteries,MWH,BA,80.0,80.0,,,,
66697,Alpin Holding LLC,68313,May Solar,MAY,VA,PJM,Solar Photovoltaic,SUN,PV,150.0,150.0,,,,
66697,Alpin Holding LLC,68313,May Solar,MAYB,VA,PJM,Batteries,MWH,BA,150.0,150.0,,,,
66697,Alpin Holding LLC,68314,Issa Solar,ISSA,VA,PJM,Solar Photovoltaic,SUN,PV,150.0,150.0,,,,
66697,Alpin Holding LLC,68314,Issa Solar,ISSAP,VA,PJM,Batteries,MWH,BA,150.0,150.0,,,,
66740,"OPPO bn, LLC",68345,Opportunity Solar Generation and BESS,OPPO1,MT,NWMT,Solar Photovoltaic,SUN,PV,200.0,200.0,,,,
66740,"OPPO bn, LLC",68345,Opportunity Solar Generation and BESS,OPPO2,MT,NWMT,Batteries,MWH,BA,200.0,200.0,,,,
66771,"Dos Rios Wind Farm, LLC",68381,Dos Rios Wind,DR,OK,SWPP,Onshore Wind Turbine,WND,WT,220.0,220.0,,,,
66772,Swan Creek Wind LLC,68382,Swan Creek Wind,SWCR,NE,SWPP,Onshore Wind Turbine,WND,WT,126.0,126.0,,,,
66773,"Cotton Belle Solar, LLC",68383,Cotton Belle Solar,CB1,TX,ERCO,Solar Photovoltaic,SUN,PV,80.0,80.0,,,,
66775,"Quick Draw Wind, LLC",68385,Quick Draw,QD,TX,ERCO,Onshore Wind Turbine,WND,WT,174.0,174.0,,,,
66907,Laketricity USA Inc.,68527,Kama 3 LLC,18,CA,CISO,Solar Photovoltaic,SUN,PV,86.0,86.0,,,,
67009,Kingbird Solar Energy LLC,68633,Kingbird Solar Energy LLC,KBESS,KS,WACM,Batteries,MWH,BA,300.0,300.0,,,,
67009,Kingbird Solar Energy LLC,68633,Kingbird Solar Energy LLC,KINGB,KS,WACM,Solar Photovoltaic,SUN,PV,300.0,300.0,,,,
66255,"RIC Development, LLC",68662,Luicain Solar,RIC85,LA,MISO,Solar Photovoltaic,SUN,PV,65.0,65.0,,,,
66255,"RIC Development, LLC",68663,Richland III Solar,RIC86,NY,NYIS,Solar Photovoltaic,SUN,PV,79.9,79.9,,,,
61060,Cypress Creek Renewables,68811,Ripley Solar,RIPLE,OH,PJM,Solar Photovoltaic,SUN,PV,100.0,100.0,,,,
67148,Cedar Range LLC,68901,Cedar Range Solar,CLABA,TX,ERCO,Batteries,MWH,BA,75.7,75.7,,,,
67149,Echols Grove LLC,68902,Echols Grove Solar,ECHBA,TX,ERCO,Batteries,MWH,BA,100.6,100.6,,,,
67291,"SV CSG Prophetstown 1, LLC",69162,SV CSG Prophetstown 1,PROPT,IL,PJM,Solar Photovoltaic,SUN,PV,4.0,4.0,,,,
