entity_id,entity_name,plant_id,plant_name,generator_id,state,balancing_authority,technology,energy_source,prime_mover,nameplate_mw,net_summer_mw,status,status_code,year,month
189,PowerSouth Energy Cooperative,56,Lowman Energy Center,LEC3,AL,SOCO,Natural Gas Fired Combustion Turbine,NG,GT,438.0,409.0,(L) Regulatory approvals pending. Not under construction,L,2029,11
7490,Grand River Dam Authority,165,GREC,4,OK,SWPP,Natural Gas Fired Combustion Turbine,NG,GT,594.0,416.0,"(TS) Construction complete, but not yet in commercial operation",TS,2026,9
807,Arkansas Electric Coop Corp,201,Thomas Fitzhugh,4,AR,SWPP,Natural Gas Fired Combustion Turbine,NG,GT,69.3,46.5,"(TS) Construction complete, but not yet in commercial operation",TS,2026,10
9216,Imperial Irrigation District,389,El Centro Hybrid,RICE1,CA,IID,Natural Gas Internal Combustion Engine,NG,IC,18.8,18.6,"(P) Planned for installation, but regulatory approvals not initiated",P,2029,9
9216,Imperial Irrigation District,389,El Centro Hybrid,RICE2,CA,IID,Natural Gas Internal Combustion Engine,NG,IC,18.8,18.6,"(P) Planned for installation, but regulatory approvals not initiated",P,2029,9
9216,Imperial Irrigation District,389,El Centro Hybrid,RICE3,CA,IID,Natural Gas Internal Combustion Engine,NG,IC,18.8,18.6,"(P) Planned for installation, but regulatory approvals not initiated",P,2029,9
9216,Imperial Irrigation District,389,El Centro Hybrid,RICE4,CA,IID,Natural Gas Internal Combustion Engine,NG,IC,18.8,18.6,"(P) Planned for installation, but regulatory approvals not initiated",P,2029,9
9216,Imperial Irrigation District,389,El Centro Hybrid,RICE5,CA,IID,Natural Gas Internal Combustion Engine,NG,IC,18.8,18.6,"(P) Planned for installation, but regulatory approvals not initiated",P,2029,9
9216,Imperial Irrigation District,389,El Centro Hybrid,RICE6,CA,IID,Natural Gas Internal Combustion Engine,NG,IC,18.8,18.6,"(P) Planned for installation, but regulatory approvals not initiated",P,2029,9
7140,Georgia Power Co,708,Hammond,5,GA,SOCO,Batteries,MWH,BA,57.5,57.5,"(V) Under construction, more than 50 percent complete",V,2026,9
7140,Georgia Power Co,728,Yates,10,GA,SOCO,Natural Gas Fired Combustion Turbine,NG,GT,482.8,418.4,"(P) Planned for installation, but regulatory approvals not initiated",P,2027,12
7140,Georgia Power Co,728,Yates,8,GA,SOCO,Natural Gas Fired Combustion Turbine,NG,GT,482.8,418.4,"(V) Under construction, more than 50 percent complete",V,2027,2
7140,Georgia Power Co,728,Yates,9,GA,SOCO,Natural Gas Fired Combustion Turbine,NG,GT,482.8,418.4,"(P) Planned for installation, but regulatory approvals not initiated",P,2027,12
2634,City of Bushnell - (IL),935,Bushnell,8,IL,MISO,Petroleum Liquids,DFO,IC,2.5,2.5,"(U) Under construction, less than or equal to 50 percent complete",U,2027,6
59774,Crawfordsville Energy LLC,1024,Crawfordsville Power Plant,8,IN,MISO,Natural Gas Fired Combined Cycle,NG,CS,16.3,16.3,(T) Regulatory approvals received. Not under construction,T,2027,3
13143,Board of Water Electric & Communications,1167,Muscatine Plant #1,10,IA,MISO,Natural Gas Fired Combustion Turbine,NG,GT,35.0,32.6,(T) Regulatory approvals received. Not under construction,T,2027,9
5860,Empire District Electric Co,1239,Riverton,13,KS,SWPP,Natural Gas Fired Combustion Turbine,NG,GT,13.5,13.6,"(TS) Construction complete, but not yet in commercial operation",TS,2026,9
5860,Empire District Electric Co,1239,Riverton,14,KS,SWPP,Natural Gas Fired Combustion Turbine,NG,GT,13.5,13.6,"(TS) Construction complete, but not yet in commercial operation",TS,2026,9
1512,City of Belleville - (KS),1263,Belleville,7A,KS,SWPP,Petroleum Liquids,DFO,IC,3.0,3.0,"(P) Planned for installation, but regulatory approvals not initiated",P,2028,1
1512,City of Belleville - (KS),1263,Belleville,9,KS,SWPP,Petroleum Liquids,DFO,IC,3.0,3.0,"(V) Under construction, more than 50 percent complete",V,2027,3
3355,City of Chanute (KS),1267,Chanute 1,15,KS,SWPP,Petroleum Liquids,DFO,IC,2.2,2.0,"(V) Under construction, more than 50 percent complete",V,2026,11
3355,City of Chanute (KS),1267,Chanute 1,16,KS,SWPP,Petroleum Liquids,DFO,IC,2.2,2.0,"(V) Under construction, more than 50 percent complete",V,2026,11
3355,City of Chanute (KS),1267,Chanute 1,17,KS,SWPP,Petroleum Liquids,DFO,IC,2.2,2.0,"(V) Under construction, more than 50 percent complete",V,2026,11
9418,City of Iola - (KS),1291,Iola,17,KS,SWPP,Petroleum Liquids,DFO,IC,2.0,2.0,"(U) Under construction, less than or equal to 50 percent complete",U,2026,10
9418,City of Iola - (KS),1291,Iola,18,KS,SWPP,Petroleum Liquids,DFO,IC,2.0,2.0,"(U) Under construction, less than or equal to 50 percent complete",U,2026,10
9418,City of Iola - (KS),1291,Iola,19,KS,SWPP,Petroleum Liquids,DFO,IC,2.0,2.0,"(U) Under construction, less than or equal to 50 percent complete",U,2026,10
9418,City of Iola - (KS),1291,Iola,20,KS,SWPP,Petroleum Liquids,DFO,IC,2.0,2.0,"(U) Under construction, less than or equal to 50 percent complete",U,2026,10
10171,Kentucky Utilities Co,1355,E W Brown,BESS,KY,LGEE,Batteries,MWH,BA,125.0,125.0,"(V) Under construction, more than 50 percent complete",V,2027,5
11249,Louisville Gas & Electric Co,1364,Mill Creek (KY),5,KY,LGEE,Natural Gas Fired Combined Cycle,NG,CS,740.0,645.0,"(V) Under construction, more than 50 percent complete",V,2027,6
7570,Great River Energy,2038,Cambridge CT Hybrid,BA1,MN,MISO,Batteries,MWH,BA,1.0,0.8,"(U) Under construction, less than or equal to 50 percent complete",U,2027,12
17833,City Utilities of Springfield - (MO),2161,James River Power Station,BAT1,MO,SWPP,Batteries,MWH,BA,31.0,31.0,"(U) Under construction, less than or equal to 50 percent complete",U,2027,1
13902,NorthWestern Energy (MT Hydro),2185,Hauser,HAU12,MT,NWMT,Conventional Hydroelectric,WAT,HY,3.5,3.5,"(P) Planned for installation, but regulatory approvals not initiated",P,2029,12
13902,NorthWestern Energy (MT Hydro),2185,Hauser,HAU9,MT,NWMT,Conventional Hydroelectric,WAT,HY,3.5,3.5,"(P) Planned for installation, but regulatory approvals not initiated",P,2028,6
18525,City of Tecumseh - (NE),2308,Tecumseh,6,NE,SWPP,Petroleum Liquids,DFO,IC,2.1,2.1,"(U) Under construction, less than or equal to 50 percent complete",U,2027,8
18525,City of Tecumseh - (NE),2308,Tecumseh,7,NE,SWPP,Petroleum Liquids,DFO,IC,2.1,2.1,"(U) Under construction, less than or equal to 50 percent complete",U,2027,8
20880,City of Wisner (NE),2316,Wisner,6,NE,SWPP,Petroleum Liquids,DFO,IC,1.5,1.5,"(TS) Construction complete, but not yet in commercial operation",TS,2026,12
6775,Village of Freeport - (NY),2678,Plant No 1 Freeport,ENG13,NY,NYIS,Landfill Gas,LFG,IC,3.0,3.0,"(U) Under construction, less than or equal to 50 percent complete",U,2026,12
14063,Oklahoma Gas & Electric Co,2951,Horseshoe Lake,11,OK,SWPP,Natural Gas Fired Combustion Turbine,NG,GT,224.0,224.0,"(TS) Construction complete, but not yet in commercial operation",TS,2026,10
14063,Oklahoma Gas & Electric Co,2951,Horseshoe Lake,12,OK,SWPP,Natural Gas Fired Combustion Turbine,NG,GT,224.0,224.0,"(TS) Construction complete, but not yet in commercial operation",TS,2026,10
14063,Oklahoma Gas & Electric Co,2951,Horseshoe Lake,13,OK,SWPP,Natural Gas Fired Combustion Turbine,NG,GT,224.0,224.0,(T) Regulatory approvals received. Not under construction,T,2029,2
14063,Oklahoma Gas & Electric Co,2951,Horseshoe Lake,14,OK,SWPP,Natural Gas Fired Combustion Turbine,NG,GT,224.0,224.0,(T) Regulatory approvals received. Not under construction,T,2029,2
58615,"Homer City Generation, L.P.",3122,Homer City Generating Station,CA1,PA,PJM,Natural Gas Fired Combined Cycle,NG,CA,268.0,268.0,"(P) Planned for installation, but regulatory approvals not initiated",P,2029,11
58615,"Homer City Generation, L.P.",3122,Homer City Generating Station,CA2,PA,PJM,Natural Gas Fired Combined Cycle,NG,CA,268.0,268.0,"(P) Planned for installation, but regulatory approvals not initiated",P,2028,11
58615,"Homer City Generation, L.P.",3122,Homer City Generating Station,CA3,PA,PJM,Natural Gas Fired Combined Cycle,NG,CA,268.0,268.0,"(P) Planned for installation, but regulatory approvals not initiated",P,2028,11
58615,"Homer City Generation, L.P.",3122,Homer City Generating Station,CA4,PA,PJM,Natural Gas Fired Combined Cycle,NG,CA,268.0,268.0,"(P) Planned for installation, but regulatory approvals not initiated",P,2029,7
58615,"Homer City Generation, L.P.",3122,Homer City Generating Station,CA5,PA,PJM,Natural Gas Fired Combined Cycle,NG,CA,268.0,268.0,"(P) Planned for installation, but regulatory approvals not initiated",P,2028,7
58615,"Homer City Generation, L.P.",3122,Homer City Generating Station,CA6,PA,PJM,Natural Gas Fired Combined Cycle,NG,CA,268.0,268.0,"(P) Planned for installation, but regulatory approvals not initiated",P,2028,7
58615,"Homer City Generation, L.P.",3122,Homer City Generating Station,CA7,PA,PJM,Natural Gas Fired Combined Cycle,NG,CA,268.0,268.0,"(P) Planned for installation, but regulatory approvals not initiated",P,2029,3
58615,"Homer City Generation, L.P.",3122,Homer City Generating Station,CT1,PA,PJM,Natural Gas Fired Combined Cycle,NG,CT,360.0,360.0,"(P) Planned for installation, but regulatory approvals not initiated",P,2029,11
58615,"Homer City Generation, L.P.",3122,Homer City Generating Station,CT2,PA,PJM,Natural Gas Fired Combined Cycle,NG,CT,360.0,360.0,"(P) Planned for installation, but regulatory approvals not initiated",P,2028,11
58615,"Homer City Generation, L.P.",3122,Homer City Generating Station,CT3,PA,PJM,Natural Gas Fired Combined Cycle,NG,CT,360.0,360.0,"(P) Planned for installation, but regulatory approvals not initiated",P,2028,11
58615,"Homer City Generation, L.P.",3122,Homer City Generating Station,CT4,PA,PJM,Natural Gas Fired Combined Cycle,NG,CT,360.0,360.0,"(P) Planned for installation, but regulatory approvals not initiated",P,2029,7
58615,"Homer City Generation, L.P.",3122,Homer City Generating Station,CT5,PA,PJM,Natural Gas Fired Combined Cycle,NG,CT,360.0,360.0,"(P) Planned for installation, but regulatory approvals not initiated",P,2028,7
58615,"Homer City Generation, L.P.",3122,Homer City Generating Station,CT6,PA,PJM,Natural Gas Fired Combined Cycle,NG,CT,360.0,360.0,"(P) Planned for installation, but regulatory approvals not initiated",P,2028,7
58615,"Homer City Generation, L.P.",3122,Homer City Generating Station,CT7,PA,PJM,Natural Gas Fired Combined Cycle,NG,CT,360.0,360.0,"(P) Planned for installation, but regulatory approvals not initiated",P,2029,3
13809,NorthWestern Energy - (SD),3338,Aberdeen CT,3,SD,SWPP,Natural Gas Fired Combustion Turbine,NG,GT,16.0,15.0,"(V) Under construction, more than 50 percent complete",V,2026,10
13809,NorthWestern Energy - (SD),3338,Aberdeen CT,4,SD,SWPP,Natural Gas Fired Combustion Turbine,NG,GT,16.0,15.0,"(V) Under construction, more than 50 percent complete",V,2026,10
18642,Tennessee Valley Authority,3399,Cumberland (TN),CTG1,TN,TVA,Natural Gas Fired Combined Cycle,NG,CT,454.8,372.9,"(U) Under construction, less than or equal to 50 percent complete",U,2034,12
18642,Tennessee Valley Authority,3399,Cumberland (TN),CTG2,TN,TVA,Natural Gas Fired Combined Cycle,NG,CT,454.8,372.9,"(P) Planned for installation, but regulatory approvals not initiated",P,2029,1
18642,Tennessee Valley Authority,3399,Cumberland (TN),STG1,TN,TVA,Natural Gas Fired Combined Cycle,NG,CA,323.0,296.6,"(U) Under construction, less than or equal to 50 percent complete",U,2034,12
18642,Tennessee Valley Authority,3399,Cumberland (TN),STG2,TN,TVA,Natural Gas Fired Combined Cycle,NG,CA,323.0,296.6,"(P) Planned for installation, but regulatory approvals not initiated",P,2029,1
18642,Tennessee Valley Authority,3407,Kingston,CTG1,TN,TVA,Natural Gas Fired Combined Cycle,NG,CT,454.8,372.9,"(P) Planned for installation, but regulatory approvals not initiated",P,2027,12
18642,Tennessee Valley Authority,3407,Kingston,G1,TN,TVA,Natural Gas Fired Combustion Turbine,NG,GT,65.8,45.0,"(P) Planned for installation, but regulatory approvals not initiated",P,2027,12
18642,Tennessee Valley Authority,3407,Kingston,G10,TN,TVA,Natural Gas Fired Combustion Turbine,NG,GT,65.8,45.0,"(P) Planned for installation, but regulatory approvals not initiated",P,2027,12
18642,Tennessee Valley Authority,3407,Kingston,G11,TN,TVA,Natural Gas Fired Combustion Turbine,NG,GT,65.8,45.0,"(P) Planned for installation, but regulatory approvals not initiated",P,2027,12
18642,Tennessee Valley Authority,3407,Kingston,G12,TN,TVA,Natural Gas Fired Combustion Turbine,NG,GT,65.8,45.0,"(P) Planned for installation, but regulatory approvals not initiated",P,2027,12
18642,Tennessee Valley Authority,3407,Kingston,G13,TN,TVA,Natural Gas Fired Combustion Turbine,NG,GT,65.8,45.0,"(P) Planned for installation, but regulatory approvals not initiated",P,2027,12
18642,Tennessee Valley Authority,3407,Kingston,G14,TN,TVA,Natural Gas Fired Combustion Turbine,NG,GT,65.8,45.0,"(P) Planned for installation, but regulatory approvals not initiated",P,2027,12
18642,Tennessee Valley Authority,3407,Kingston,G15,TN,TVA,Natural Gas Fired Combustion Turbine,NG,GT,65.8,45.0,"(P) Planned for installation, but regulatory approvals not initiated",P,2027,12
18642,Tennessee Valley Authority,3407,Kingston,G16,TN,TVA,Natural Gas Fired Combustion Turbine,NG,GT,65.8,45.0,"(P) Planned for installation, but regulatory approvals not initiated",P,2027,12
18642,Tennessee Valley Authority,3407,Kingston,G2,TN,TVA,Natural Gas Fired Combustion Turbine,NG,GT,65.8,45.0,"(P) Planned for installation, but regulatory approvals not initiated",P,2027,12
18642,Tennessee Valley Authority,3407,Kingston,G3,TN,TVA,Natural Gas Fired Combustion Turbine,NG,GT,65.8,45.0,"(P) Planned for installation, but regulatory approvals not initiated",P,2027,12
18642,Tennessee Valley Authority,3407,Kingston,G4,TN,TVA,Natural Gas Fired Combustion Turbine,NG,GT,65.8,45.0,"(P) Planned for installation, but regulatory approvals not initiated",P,2027,12
18642,Tennessee Valley Authority,3407,Kingston,G5,TN,TVA,Natural Gas Fired Combustion Turbine,NG,GT,65.8,45.0,"(P) Planned for installation, but regulatory approvals not initiated",P,2027,12
18642,Tennessee Valley Authority,3407,Kingston,G6,TN,TVA,Natural Gas Fired Combustion Turbine,NG,GT,65.8,45.0,"(P) Planned for installation, but regulatory approvals not initiated",P,2027,12
18642,Tennessee Valley Authority,3407,Kingston,G7,TN,TVA,Natural Gas Fired Combustion Turbine,NG,GT,65.8,45.0,"(P) Planned for installation, but regulatory approvals not initiated",P,2027,12
18642,Tennessee Valley Authority,3407,Kingston,G8,TN,TVA,Natural Gas Fired Combustion Turbine,NG,GT,65.8,45.0,"(P) Planned for installation, but regulatory approvals not initiated",P,2027,12
18642,Tennessee Valley Authority,3407,Kingston,G9,TN,TVA,Natural Gas Fired Combustion Turbine,NG,GT,65.8,45.0,"(P) Planned for installation, but regulatory approvals not initiated",P,2027,12
18642,Tennessee Valley Authority,3407,Kingston,STG1,TN,TVA,Natural Gas Fired Combined Cycle,NG,CA,323.0,296.6,"(P) Planned for installation, but regulatory approvals not initiated",P,2027,12
19876,Virginia Electric & Power Co,3797,Chesterfield,CERC1,VA,PJM,Natural Gas Fired Combustion Turbine,NG,GT,250.0,233.9,(L) Regulatory approvals pending. Not under construction,L,2029,6
19876,Virginia Electric & Power Co,3797,Chesterfield,CERC2,VA,PJM,Natural Gas Fired Combustion Turbine,NG,GT,250.0,233.9,(L) Regulatory approvals pending. Not under construction,L,2029,6
19876,Virginia Electric & Power Co,3797,Chesterfield,CERC3,VA,PJM,Natural Gas Fired Combustion Turbine,NG,GT,250.0,233.9,(L) Regulatory approvals pending. Not under construction,L,2029,6
19876,Virginia Electric & Power Co,3797,Chesterfield,CERC4,VA,PJM,Natural Gas Fired Combustion Turbine,NG,GT,250.0,233.9,(L) Regulatory approvals pending. Not under construction,L,2029,6
20847,Wisconsin Electric Power Co,4041,South Oak Creek,11,WI,MISO,Natural Gas Fired Combustion Turbine,NG,GT,236.3,227.6,(L) Regulatory approvals pending. Not under construction,L,2028,2
20847,Wisconsin Electric Power Co,4041,South Oak Creek,12,WI,MISO,Natural Gas Fired Combustion Turbine,NG,GT,236.3,227.6,(L) Regulatory approvals pending. Not under construction,L,2028,2
20847,Wisconsin Electric Power Co,4041,South Oak Creek,13,WI,MISO,Natural Gas Fired Combustion Turbine,NG,GT,236.3,227.6,(L) Regulatory approvals pending. Not under construction,L,2028,2
20847,Wisconsin Electric Power Co,4041,South Oak Creek,14,WI,MISO,Natural Gas Fired Combustion Turbine,NG,GT,236.3,227.6,(L) Regulatory approvals pending. Not under construction,L,2028,2
20847,Wisconsin Electric Power Co,4041,South Oak Creek,15,WI,MISO,Natural Gas Fired Combustion Turbine,NG,GT,236.3,227.6,(L) Regulatory approvals pending. Not under construction,L,2028,2
20856,Wisconsin Power & Light Co,4050,Edgewater,BESS1,WI,MISO,Batteries,MWH,BA,99.0,99.0,"(U) Under construction, less than or equal to 50 percent complete",U,2027,4
13756,Northern Indiana Pub Serv Co,6085,R M Schahfer,19A,IN,MISO,Natural Gas Fired Combustion Turbine,NG,GT,71.5,49.6,(T) Regulatory approvals received. Not under construction,T,2027,12
13756,Northern Indiana Pub Serv Co,6085,R M Schahfer,19B,IN,MISO,Natural Gas Fired Combustion Turbine,NG,GT,71.5,49.6,(T) Regulatory approvals received. Not under construction,T,2027,12
13756,Northern Indiana Pub Serv Co,6085,R M Schahfer,19C,IN,MISO,Natural Gas Fired Combustion Turbine,NG,GT,71.5,49.6,(T) Regulatory approvals received. Not under construction,T,2027,12
13756,Northern Indiana Pub Serv Co,6085,R M Schahfer,20,IN,MISO,Natural Gas Fired Combustion Turbine,NG,GT,233.8,234.4,(T) Regulatory approvals received. Not under construction,T,2027,12
15466,Public Service Co of Colorado,6112,Fort St Vrain,7,CO,PSCO,Natural Gas Fired Combustion Turbine,NG,GT,239.0,177.9,"(U) Under construction, less than or equal to 50 percent complete",U,2027,12
15466,Public Service Co of Colorado,6112,Fort St Vrain,8,CO,PSCO,Natural Gas Fired Combustion Turbine,NG,GT,239.0,177.9,"(U) Under construction, less than or equal to 50 percent complete",U,2027,12
54803,"Dynegy Oakland, LLC",6211,Dynegy Oakland Power Plant,GEN4,CA,CISO,Batteries,MWH,BA,43.3,43.3,"(P) Planned for installation, but regulatory approvals not initiated",P,2028,5
17543,South Carolina Public Service Authority,6249,Winyah,5,SC,SC,Petroleum Liquids,DFO,GT,57.0,44.0,"(P) Planned for installation, but regulatory approvals not initiated",P,2027,12
17543,South Carolina Public Service Authority,6249,Winyah,6,SC,SC,Petroleum Liquids,DFO,GT,57.0,44.0,"(P) Planned for installation, but regulatory approvals not initiated",P,2027,12
15143,Platte River Power Authority,6761,Rawhide,G,CO,PSCO,Natural Gas Fired Combustion Turbine,NG,GT,44.6,44.6,"(P) Planned for installation, but regulatory approvals not initiated",P,2028,3
15143,Platte River Power Authority,6761,Rawhide,H,CO,PSCO,Natural Gas Fired Combustion Turbine,NG,GT,44.6,44.6,"(P) Planned for installation, but regulatory approvals not initiated",P,2028,3
15143,Platte River Power Authority,6761,Rawhide,LM3,CO,PSCO,Natural Gas Fired Combustion Turbine,NG,GT,44.6,44.6,"(P) Planned for installation, but regulatory approvals not initiated",P,2028,3
15143,Platte River Power Authority,6761,Rawhide,LM4,CO,PSCO,Natural Gas Fired Combustion Turbine,NG,GT,44.6,44.6,"(P) Planned for installation, but regulatory approvals not initiated",P,2028,3
15143,Platte River Power Authority,6761,Rawhide,LM5,CO,PSCO,Natural Gas Fired Combustion Turbine,NG,GT,44.6,44.6,"(P) Planned for installation, but regulatory approvals not initiated",P,2028,3
11018,Lincoln Electric System,7887,Terry Bundy Generating Station,5,NE,SWPP,Natural Gas Fired Combustion Turbine,NG,GT,52.0,46.9,(L) Regulatory approvals pending. Not under construction,L,2029,6
11018,Lincoln Electric System,7887,Terry Bundy Generating Station,6,NE,SWPP,Natural Gas Fired Combustion Turbine,NG,GT,52.0,46.9,(L) Regulatory approvals pending. Not under construction,L,2029,6
17833,City Utilities of Springfield - (MO),7903,McCartney,MGS3,MO,SWPP,Natural Gas Fired Combustion Turbine,NG,GT,48.9,47.4,"(U) Under construction, less than or equal to 50 percent complete",U,2027,1
17833,City Utilities of Springfield - (MO),7903,McCartney,MGS4,MO,SWPP,Natural Gas Fired Combustion Turbine,NG,GT,48.9,47.4,"(U) Under construction, less than or equal to 50 percent complete",U,2027,1
17833,City Utilities of Springfield - (MO),7903,McCartney,MGS5,MO,SWPP,Natural Gas Fired Combustion Turbine,NG,GT,48.9,47.4,"(U) Under construction, less than or equal to 50 percent complete",U,2027,1
10325,Kings River Conservation Dist,7907,Pine Flat,4,CA,CISO,Conventional Hydroelectric,WAT,HY,3.8,3.8,(T) Regulatory approvals received. Not under construction,T,2028,3
13994,Oglethorpe Power Corporation,7916,Talbot County Energy,7,GA,SOCO,Natural Gas Fired Combustion Turbine,NG,GT,262.0,241.0,"(P) Planned for installation, but regulatory approvals not initiated",P,2029,1
15474,Public Service Co of Oklahoma,8059,Comanche (OK),2G1,OK,SWPP,Natural Gas Fired Combined Cycle,NG,CT,408.8,368.1,"(P) Planned for installation, but regulatory approvals not initiated",P,2029,9
15474,Public Service Co of Oklahoma,8059,Comanche (OK),2S1,OK,SWPP,Natural Gas Fired Combined Cycle,NG,CA,277.6,267.0,"(P) Planned for installation, but regulatory approvals not initiated",P,2029,9
15474,Public Service Co of Oklahoma,8059,Comanche (OK),3G1,OK,SWPP,Natural Gas Fired Combined Cycle,NG,CT,408.8,368.1,"(P) Planned for installation, but regulatory approvals not initiated",P,2029,9
15474,Public Service Co of Oklahoma,8059,Comanche (OK),3S1,OK,SWPP,Natural Gas Fired Combined Cycle,NG,CA,277.6,267.0,"(P) Planned for installation, but regulatory approvals not initiated",P,2029,9
12436,Michigan State University,10328,T B Simon Power Plant,GEN11,MI,MISO,Natural Gas Fired Combustion Turbine,NG,GT,15.0,15.0,"(U) Under construction, less than or equal to 50 percent complete",U,2028,1
12869,Monterey Regional Waste Mgmt,10748,Marina Landfill Gas,FUTR1,CA,CISO,Landfill Gas,LFG,IC,1.6,1.6,"(P) Planned for installation, but regulatory approvals not initiated",P,2027,12
12869,Monterey Regional Waste Mgmt,10748,Marina Landfill Gas,FUTR2,CA,CISO,Landfill Gas,LFG,IC,1.6,1.6,"(P) Planned for installation, but regulatory approvals not initiated",P,2027,12
12869,Monterey Regional Waste Mgmt,10748,Marina Landfill Gas,FUTR3,CA,CISO,Landfill Gas,LFG,IC,1.6,1.6,"(P) Planned for installation, but regulatory approvals not initiated",P,2027,12
12869,Monterey Regional Waste Mgmt,10748,Marina Landfill Gas,FUTR4,CA,CISO,Landfill Gas,LFG,IC,1.6,1.6,"(P) Planned for installation, but regulatory approvals not initiated",P,2027,12
14519,Pasco County - (FL),50666,Pasco Cnty Solid Waste Resource Recovery,GEN2,FL,FPC,Municipal Solid Waste,MSW,ST,17.0,15.0,"(U) Under construction, less than or equal to 50 percent complete",U,2027,4
63599,Pure Hedge LLC,50736,Pure Hedge LLC,FSS13,CT,ISNE,Batteries,MWH,BA,20.0,20.0,"(U) Under construction, less than or equal to 50 percent complete",U,2027,10
63599,Pure Hedge LLC,50736,Pure Hedge LLC,FSS17,CT,ISNE,Solar Photovoltaic,SUN,PV,70.0,70.0,"(U) Under construction, less than or equal to 50 percent complete",U,2027,10
34359,Curators of the University of Missouri,50969,MU Combined Heat and Power Plant,GEN10,MO,MISO,Natural Gas Steam Turbine,NG,ST,9.0,8.0,"(V) Under construction, more than 50 percent complete",V,2026,11
65792,"ITT Energy Tech Partners, LLC",52021,ITT Cogen Facility,GEN3,IL,PJM,Natural Gas Internal Combustion Engine,NG,IC,4.1,4.1,(T) Regulatory approvals received. Not under construction,T,2027,3
65792,"ITT Energy Tech Partners, LLC",52021,ITT Cogen Facility,GEN4,IL,PJM,Natural Gas Internal Combustion Engine,NG,IC,4.1,4.1,(T) Regulatory approvals received. Not under construction,T,2027,3
12303,Merck & Co Inc-West Point,52149,West Point (PA),GEN21,PA,PJM,Natural Gas Internal Combustion Engine,NG,IC,2.5,2.5,"(V) Under construction, more than 50 percent complete",V,2026,10
6738,Franklin Heating Station,54224,Franklin Heating Station,CTG1,MN,MISO,Natural Gas Fired Combined Cycle,NG,CT,7.5,7.3,"(U) Under construction, less than or equal to 50 percent complete",U,2027,5
6738,Franklin Heating Station,54224,Franklin Heating Station,DG9,MN,MISO,Petroleum Liquids,DFO,IC,3.1,3.1,(T) Regulatory approvals received. Not under construction,T,2028,1
6738,Franklin Heating Station,54224,Franklin Heating Station,EG11,MN,MISO,Petroleum Liquids,DFO,IC,3.4,3.4,"(U) Under construction, less than or equal to 50 percent complete",U,2027,5
6738,Franklin Heating Station,54224,Franklin Heating Station,EG12,MN,MISO,Petroleum Liquids,DFO,IC,3.4,3.4,"(U) Under construction, less than or equal to 50 percent complete",U,2027,5
6738,Franklin Heating Station,54224,Franklin Heating Station,EG13,MN,MISO,Petroleum Liquids,DFO,IC,3.4,3.4,"(U) Under construction, less than or equal to 50 percent complete",U,2027,5
6738,Franklin Heating Station,54224,Franklin Heating Station,EG14,MN,MISO,Petroleum Liquids,DFO,IC,3.4,3.4,"(U) Under construction, less than or equal to 50 percent complete",U,2027,5
6738,Franklin Heating Station,54224,Franklin Heating Station,EG15,MN,MISO,Petroleum Liquids,DFO,IC,3.4,3.4,"(U) Under construction, less than or equal to 50 percent complete",U,2027,5
13491,New York University,54808,New York University Central Plant,GR1,NY,NYIS,Natural Gas Internal Combustion Engine,NG,IC,2.6,2.6,"(V) Under construction, more than 50 percent complete",V,2026,9
13491,New York University,54808,New York University Central Plant,STG1,NY,NYIS,Natural Gas Fired Combined Cycle,NG,CA,2.9,1.8,"(P) Planned for installation, but regulatory approvals not initiated",P,2027,5
6667,Ergon Refining Inc,54918,Ergon Refining Vicksburg,TM02,MS,MISO,Natural Gas Fired Combustion Turbine,NG,GT,7.9,7.9,"(U) Under construction, less than or equal to 50 percent complete",U,2027,9
6667,Ergon Refining Inc,54918,Ergon Refining Vicksburg,TM03,MS,MISO,Natural Gas Fired Combustion Turbine,NG,GT,7.9,7.9,"(U) Under construction, less than or equal to 50 percent complete",U,2027,9
13157,City of Omaha - (NE),55027,Papillion Creek Wastewater,1600B,NE,SWPP,Natural Gas Internal Combustion Engine,NG,IC,2.5,2.4,"(V) Under construction, more than 50 percent complete",V,2026,11
13157,City of Omaha - (NE),55027,Papillion Creek Wastewater,1600C,NE,SWPP,Natural Gas Internal Combustion Engine,NG,IC,2.5,2.4,"(V) Under construction, more than 50 percent complete",V,2026,11
13157,City of Omaha - (NE),55027,Papillion Creek Wastewater,1600D,NE,SWPP,Natural Gas Internal Combustion Engine,NG,IC,2.5,2.4,"(V) Under construction, more than 50 percent complete",V,2026,11
61213,Hamakua Energy LP,55369,Hamakua Energy Plant,BESS1,HI,,Batteries,MWH,BA,7.5,7.5,"(P) Planned for installation, but regulatory approvals not initiated",P,2030,11
803,Arizona Public Service Co,55455,Red Hawk,CT10,AZ,SRP,Natural Gas Fired Combustion Turbine,NG,GT,49.0,45.0,"(U) Under construction, less than or equal to 50 percent complete",U,2027,10
803,Arizona Public Service Co,55455,Red Hawk,CT3,AZ,SRP,Natural Gas Fired Combustion Turbine,NG,GT,49.0,45.0,"(U) Under construction, less than or equal to 50 percent complete",U,2027,10
803,Arizona Public Service Co,55455,Red Hawk,CT4,AZ,SRP,Natural Gas Fired Combustion Turbine,NG,GT,49.0,45.0,"(U) Under construction, less than or equal to 50 percent complete",U,2027,10
803,Arizona Public Service Co,55455,Red Hawk,CT5,AZ,SRP,Natural Gas Fired Combustion Turbine,NG,GT,49.0,45.0,"(U) Under construction, less than or equal to 50 percent complete",U,2027,10
803,Arizona Public Service Co,55455,Red Hawk,CT6,AZ,SRP,Natural Gas Fired Combustion Turbine,NG,GT,49.0,45.0,"(U) Under construction, less than or equal to 50 percent complete",U,2027,10
803,Arizona Public Service Co,55455,Red Hawk,CT7,AZ,SRP,Natural Gas Fired Combustion Turbine,NG,GT,49.0,45.0,"(U) Under construction, less than or equal to 50 percent complete",U,2027,10
803,Arizona Public Service Co,55455,Red Hawk,CT8,AZ,SRP,Natural Gas Fired Combustion Turbine,NG,GT,49.0,45.0,"(U) Under construction, less than or equal to 50 percent complete",U,2027,10
803,Arizona Public Service Co,55455,Red Hawk,CT9,AZ,SRP,Natural Gas Fired Combustion Turbine,NG,GT,49.0,45.0,"(U) Under construction, less than or equal to 50 percent complete",U,2027,10
19545,"Black Hills Power, Inc.",55478,Lange Generating Station,IC01,SD,WACM,Natural Gas Internal Combustion Engine,NG,IC,16.6,16.3,"(V) Under construction, more than 50 percent complete",V,2026,12
19545,"Black Hills Power, Inc.",55478,Lange Generating Station,IC02,SD,WACM,Natural Gas Internal Combustion Engine,NG,IC,16.6,16.3,"(V) Under construction, more than 50 percent complete",V,2026,12
19545,"Black Hills Power, Inc.",55478,Lange Generating Station,IC03,SD,WACM,Natural Gas Internal Combustion Engine,NG,IC,16.6,16.3,"(V) Under construction, more than 50 percent complete",V,2026,12
19545,"Black Hills Power, Inc.",55478,Lange Generating Station,IC04,SD,WACM,Natural Gas Internal Combustion Engine,NG,IC,16.6,16.3,"(V) Under construction, more than 50 percent complete",V,2026,12
19545,"Black Hills Power, Inc.",55478,Lange Generating Station,IC05,SD,WACM,Natural Gas Internal Combustion Engine,NG,IC,16.6,16.3,"(V) Under construction, more than 50 percent complete",V,2026,12
19545,"Black Hills Power, Inc.",55478,Lange Generating Station,IC06,SD,WACM,Natural Gas Internal Combustion Engine,NG,IC,16.6,16.3,"(V) Under construction, more than 50 percent complete",V,2026,12
14127,Omaha Public Power District,55972,Cass County,CT-3,NE,SWPP,Natural Gas Fired Combustion Turbine,NG,GT,264.0,221.0,(T) Regulatory approvals received. Not under construction,T,2029,2
14127,Omaha Public Power District,55972,Cass County,CT-4,NE,SWPP,Natural Gas Fired Combustion Turbine,NG,GT,264.0,221.0,(T) Regulatory approvals received. Not under construction,T,2029,2
14127,Omaha Public Power District,55972,Cass County,CT-5,NE,SWPP,Natural Gas Fired Combustion Turbine,NG,GT,264.0,221.0,(T) Regulatory approvals received. Not under construction,T,2029,2
27075,San Diego County Water Auth,56615,Rancho Penasquitos,G200,CA,CISO,Conventional Hydroelectric,WAT,HY,4.3,4.1,"(U) Under construction, less than or equal to 50 percent complete",U,2026,10
56101,AMERESCO Ox Mountain Energy LLC,56895,Ameresco Ox Mountain,7,CA,CISO,Landfill Gas,LFG,IC,3.0,2.8,(L) Regulatory approvals pending. Not under construction,L,2027,9
16572,Salt River Project,56948,Coolidge Generation Station,COE19,AZ,SRP,Natural Gas Fired Combustion Turbine,NG,GT,49.5,42.0,"(U) Under construction, less than or equal to 50 percent complete",U,2027,7
16572,Salt River Project,56948,Coolidge Generation Station,COE20,AZ,SRP,Natural Gas Fired Combustion Turbine,NG,GT,49.5,42.0,"(U) Under construction, less than or equal to 50 percent complete",U,2027,7
16572,Salt River Project,56948,Coolidge Generation Station,COE21,AZ,SRP,Natural Gas Fired Combustion Turbine,NG,GT,49.5,42.0,"(U) Under construction, less than or equal to 50 percent complete",U,2027,7
16572,Salt River Project,56948,Coolidge Generation Station,COE22,AZ,SRP,Natural Gas Fired Combustion Turbine,NG,GT,49.5,42.0,"(U) Under construction, less than or equal to 50 percent complete",U,2027,7
16572,Salt River Project,56948,Coolidge Generation Station,COE23,AZ,SRP,Natural Gas Fired Combustion Turbine,NG,GT,49.5,42.0,"(U) Under construction, less than or equal to 50 percent complete",U,2027,7
16572,Salt River Project,56948,Coolidge Generation Station,COE24,AZ,SRP,Natural Gas Fired Combustion Turbine,NG,GT,49.5,42.0,"(U) Under construction, less than or equal to 50 percent complete",U,2027,7
56771,Black Hills Service Company LLC,56998,Pueblo Airport Generating Station,BA7,CO,PSCO,Batteries,MWH,BA,50.0,50.0,(L) Regulatory approvals pending. Not under construction,L,2027,12
56789,TBE Montgomery LLC,57472,TBE-Montgomery LLC,CTG,NY,NYIS,Other Waste Biomass,OBG,CT,12.0,11.6,"(U) Under construction, less than or equal to 50 percent complete",U,2039,12
56789,TBE Montgomery LLC,57472,TBE-Montgomery LLC,STG,NY,NYIS,Other Waste Biomass,OBG,CA,9.0,7.4,"(U) Under construction, less than or equal to 50 percent complete",U,2039,12
56771,Black Hills Service Company LLC,57703,Cheyenne Prairie Generating Station,02B,WY,WACM,Natural Gas Fired Combustion Turbine,NG,GT,40.0,40.0,"(P) Planned for installation, but regulatory approvals not initiated",P,2028,12
56771,Black Hills Service Company LLC,57703,Cheyenne Prairie Generating Station,03A,WY,WACM,Natural Gas Fired Combustion Turbine,NG,GT,40.0,40.0,"(P) Planned for installation, but regulatory approvals not initiated",P,2028,12
56771,Black Hills Service Company LLC,57703,Cheyenne Prairie Generating Station,03B,WY,WACM,Natural Gas Fired Combustion Turbine,NG,GT,40.0,40.0,"(P) Planned for installation, but regulatory approvals not initiated",P,2028,12
58113,"Texas A&M, Utilities & Energy Services",58151,Central Utility Plant - Texas A&M,STG03,TX,ERCO,Natural Gas Fired Combined Cycle,NG,CA,5.0,5.0,"(P) Planned for installation, but regulatory approvals not initiated",P,2027,12
58105,University of Redlands,58168,Energy Center,TURB4,CA,CISO,Natural Gas Fired Combustion Turbine,NG,GT,0.3,0.3,"(P) Planned for installation, but regulatory approvals not initiated",P,2030,12
58105,University of Redlands,58168,Energy Center,TURB5,CA,CISO,Natural Gas Fired Combustion Turbine,NG,GT,0.3,0.3,"(P) Planned for installation, but regulatory approvals not initiated",P,2030,12
58105,University of Redlands,58168,Energy Center,TURB6,CA,CISO,Natural Gas Fired Combustion Turbine,NG,GT,0.3,0.3,"(P) Planned for installation, but regulatory approvals not initiated",P,2030,12
63759,Triple Oak Power LLC,58175,Jawbone Wind Project,JWPI,MT,NWMT,Onshore Wind Turbine,WND,WT,80.0,80.0,"(U) Under construction, less than or equal to 50 percent complete",U,2029,12
10071,Kauai Island Utility Cooperative,58639,KRS I Anahola Solar Hybrid,BESS8,HI,,Batteries,MWH,BA,12.0,12.0,"(P) Planned for installation, but regulatory approvals not initiated",P,2027,7
10071,Kauai Island Utility Cooperative,58640,KRS II Koloa Solar,BESS7,HI,,Batteries,MWH,BA,12.0,12.0,"(P) Planned for installation, but regulatory approvals not initiated",P,2027,7
58597,"Enviromission, Inc",58652,La Paz Solar Tower,1,AZ,WALC,Solar Thermal without Energy Storage,SUN,OT,200.0,200.0,"(P) Planned for installation, but regulatory approvals not initiated",P,2030,6
7349,"Golden Spread Electric Cooperative, Inc",58835,Elk Station,ELK4,TX,SWPP,Natural Gas Fired Combustion Turbine,NG,GT,199.8,201.0,"(U) Under construction, less than or equal to 50 percent complete",U,2027,3
58783,Marseilles Land and Water Company,58903,Marseilles Lock and Dam Hydro,UNIT1,IL,MISO,Conventional Hydroelectric,WAT,HY,2.6,2.6,"(U) Under construction, less than or equal to 50 percent complete",U,2027,12
58783,Marseilles Land and Water Company,58903,Marseilles Lock and Dam Hydro,UNIT2,IL,MISO,Conventional Hydroelectric,WAT,HY,2.6,2.6,"(U) Under construction, less than or equal to 50 percent complete",U,2027,12
58783,Marseilles Land and Water Company,58903,Marseilles Lock and Dam Hydro,UNIT3,IL,MISO,Conventional Hydroelectric,WAT,HY,2.6,2.6,"(U) Under construction, less than or equal to 50 percent complete",U,2027,12
58783,Marseilles Land and Water Company,58903,Marseilles Lock and Dam Hydro,UNIT4,IL,MISO,Conventional Hydroelectric,WAT,HY,2.6,2.6,"(U) Under construction, less than or equal to 50 percent complete",U,2027,12
58842,Power Company of Wyoming LLC,58987,Chokecherry and Sierra Madre Wind,I-A,WY,CISO,Onshore Wind Turbine,WND,WT,844.2,844.2,"(U) Under construction, less than or equal to 50 percent complete",U,2031,12
58842,Power Company of Wyoming LLC,58987,Chokecherry and Sierra Madre Wind,I-B,WY,CISO,Onshore Wind Turbine,WND,WT,849.6,849.6,"(U) Under construction, less than or equal to 50 percent complete",U,2031,12
58842,Power Company of Wyoming LLC,58987,Chokecherry and Sierra Madre Wind,II-A,WY,CISO,Onshore Wind Turbine,WND,WT,1303.2,1303.2,"(U) Under construction, less than or equal to 50 percent complete",U,2032,12
58842,Power Company of Wyoming LLC,58987,Chokecherry and Sierra Madre Wind,II-B,WY,CISO,Onshore Wind Turbine,WND,WT,553.5,553.5,"(U) Under construction, less than or equal to 50 percent complete",U,2033,12
60223,Ketchikan Electric Company,59027,Mahoney Lake Hydroelectric,GEN 1,AK,,Conventional Hydroelectric,WAT,HY,9.6,9.6,"(P) Planned for installation, but regulatory approvals not initiated",P,2027,12
58880,Gallegos Wind Farm LLC,59047,"Gallegos Wind Farm, Phase 1",GEN 1,NM,PNM,Onshore Wind Turbine,WND,WT,190.0,190.0,"(P) Planned for installation, but regulatory approvals not initiated",P,2028,11
65470,"Lock+ Hydro Friends Fund XLII, LLC",59091,Braddock Lock and Dam,GEN1,PA,PJM,Conventional Hydroelectric,WAT,HY,5.3,5.3,(L) Regulatory approvals pending. Not under construction,L,2027,3
49893,Invenergy Services LLC,59243,Changing Winds,CHAN1,TX,ERCO,Onshore Wind Turbine,WND,WT,288.0,288.0,(L) Regulatory approvals pending. Not under construction,L,2028,3
59319,"Cotton Solar, LLC",59572,Cotton Solar,PV1,SC,CPLE,Solar Photovoltaic,SUN,PV,16.0,16.0,(T) Regulatory approvals received. Not under construction,T,2027,6
64994,SolRiver Capital LLC,59596,Rhubarb One SC,PV1,SC,CPLE,Solar Photovoltaic,SUN,PV,9.6,9.6,(L) Regulatory approvals pending. Not under construction,L,2027,6
59726,"Windhub Solar B, LLC",59969,"Windhub Solar B, LLC",GEN01,CA,CISO,Solar Photovoltaic,SUN,PV,26.4,20.0,"(V) Under construction, more than 50 percent complete",V,2026,10
67705,"Enbridge Wind (Easter), LLC",59971,Easter,ESTR1,TX,ERCO,Onshore Wind Turbine,WND,WT,152.0,152.0,"(V) Under construction, more than 50 percent complete",V,2027,3
64800,"Nolin Hills Wind, LLC",60070,Nolin Hills,GEN,OR,BPAT,Onshore Wind Turbine,WND,WT,300.0,300.0,"(P) Planned for installation, but regulatory approvals not initiated",P,2027,12
64800,"Nolin Hills Wind, LLC",60070,Nolin Hills,GEN2,OR,BPAT,Solar Photovoltaic,SUN,PV,300.0,300.0,"(P) Planned for installation, but regulatory approvals not initiated",P,2027,12
59966,Wolf Summit Energy LLC,60206,Wolf Summit Energy,HCCA1,WV,PJM,Natural Gas Fired Combined Cycle,NG,CA,207.4,205.4,(L) Regulatory approvals pending. Not under construction,L,2028,12
59966,Wolf Summit Energy LLC,60206,Wolf Summit Energy,HCCT1,WV,PJM,Natural Gas Fired Combined Cycle,NG,CT,371.5,319.1,(L) Regulatory approvals pending. Not under construction,L,2028,12
67704,"Cone Renewable Energy Project, LLC",60272,"Cone Renewable Energy Project, LLC",WT1,TX,ERCO,Onshore Wind Turbine,WND,WT,150.0,150.0,(L) Regulatory approvals pending. Not under construction,L,2027,11
5416,"Duke Energy Carolinas, LLC",60434,Baxter Creek Solar,PV1,NC,DUK,Solar Photovoltaic,SUN,PV,30.0,30.0,"(V) Under construction, more than 50 percent complete",V,2026,9
60349,"Juneau Hydropower, Inc",60588,Sweetheart Lake Hydroelectric Facility,JHI01,AK,,Conventional Hydroelectric,WAT,HY,6.6,6.6,(L) Regulatory approvals pending. Not under construction,L,2028,1
60349,"Juneau Hydropower, Inc",60588,Sweetheart Lake Hydroelectric Facility,JHI02,AK,,Conventional Hydroelectric,WAT,HY,6.6,6.6,(L) Regulatory approvals pending. Not under construction,L,2028,1
60349,"Juneau Hydropower, Inc",60588,Sweetheart Lake Hydroelectric Facility,JHI03,AK,,Conventional Hydroelectric,WAT,HY,6.6,6.6,(L) Regulatory approvals pending. Not under construction,L,2028,1
61818,CC Polymers LLC,60642,M&G Resins USA,1,TX,ERCO,All Other,WH,OT,14.3,11.7,"(U) Under construction, less than or equal to 50 percent complete",U,2028,12
61818,CC Polymers LLC,60642,M&G Resins USA,2,TX,ERCO,All Other,WH,OT,14.3,11.7,"(U) Under construction, less than or equal to 50 percent complete",U,2028,12
60395,"California Ethanol Power, LLC",60670,CE&P Imperial Valley 1,1,CA,IID,All Other,OTH,CC,50.0,50.0,(T) Regulatory approvals received. Not under construction,T,2029,6
58135,Ecos Energy LLC,61037,Apple Hill Solar,APPL,VT,ISNE,Solar Photovoltaic,SUN,PV,2.0,2.0,"(U) Under construction, less than or equal to 50 percent complete",U,2026,12
60799,33UI 8me LLC,61170,Gale 1 Solar,33UI8,UT,LDWP,Solar Photovoltaic,SUN,PV,300.0,300.0,"(P) Planned for installation, but regulatory approvals not initiated",P,2030,8
60799,33UI 8me LLC,61170,Gale 1 Solar,33UI9,UT,LDWP,Batteries,MWH,BA,150.0,150.0,"(P) Planned for installation, but regulatory approvals not initiated",P,2030,8
60971,NYC Energy LLC,61331,NISA Electric Generation Project,BA1,NY,NYIS,Batteries,MWH,BA,79.9,79.9,(T) Regulatory approvals received. Not under construction,T,2028,10
60971,NYC Energy LLC,61331,NISA Electric Generation Project,BA2,NY,NYIS,Batteries,MWH,BA,220.1,220.1,(T) Regulatory approvals received. Not under construction,T,2028,10
61001,"Hu Honua Bioenergy, LLC",61364,Hu Honua Bioenergy Facility,HHB,HI,HECO,Other Waste Biomass,OBS,ST,36.0,32.0,"(V) Under construction, more than 50 percent complete",V,2027,12
67192,RWE Clean Energy,61511,Burt County Wind,BCNE,NE,SWPP,Onshore Wind Turbine,WND,WT,75.0,75.0,(L) Regulatory approvals pending. Not under construction,L,2027,7
61166,Green Power Energy LLC,61592,Cody Road Wind Farm,WT1,NY,NYIS,Onshore Wind Turbine,WND,WT,2.4,2.4,"(U) Under construction, less than or equal to 50 percent complete",U,2029,7
61166,Green Power Energy LLC,61592,Cody Road Wind Farm,WT2,NY,NYIS,Onshore Wind Turbine,WND,WT,2.4,2.4,"(U) Under construction, less than or equal to 50 percent complete",U,2029,7
61166,Green Power Energy LLC,61592,Cody Road Wind Farm,WT3,NY,NYIS,Onshore Wind Turbine,WND,WT,2.4,2.4,"(U) Under construction, less than or equal to 50 percent complete",U,2029,7
62759,Geronimo Power,61687,Plum Creek,PLMCK,MN,MISO,Onshore Wind Turbine,WND,WT,200.0,200.0,(L) Regulatory approvals pending. Not under construction,L,2028,12
34691,Ormat Nevada Inc,61912,McGinness Hills 3,MHSOL,NV,NEVP,Solar Photovoltaic,SUN,PV,14.0,14.0,"(U) Under construction, less than or equal to 50 percent complete",U,2027,1
61596,Lincoln Land Energy Center LLC,62022,Lincoln Land Energy Center,GEN1,IL,MISO,Natural Gas Fired Combined Cycle,NG,CS,638.4,520.0,"(P) Planned for installation, but regulatory approvals not initiated",P,2030,6
61596,Lincoln Land Energy Center LLC,62022,Lincoln Land Energy Center,GEN2,IL,MISO,Natural Gas Fired Combined Cycle,NG,CS,638.4,520.0,"(P) Planned for installation, but regulatory approvals not initiated",P,2030,6
61713,B & K Solar,62181,B & K Solar,23,SC,CPLE,Solar Photovoltaic,SUN,PV,74.9,74.9,"(V) Under construction, more than 50 percent complete",V,2026,11
61716,Big Fork Solar,62184,Big Fork Solar,26,SC,SCEG,Solar Photovoltaic,SUN,PV,74.9,74.9,(T) Regulatory approvals received. Not under construction,T,2028,11
61716,Big Fork Solar,62184,Big Fork Solar,27,SC,SCEG,Batteries,MWH,BA,74.9,74.9,(T) Regulatory approvals received. Not under construction,T,2027,3
61720,Colleton Solar,62188,Colleton Solar,30,SC,SCEG,Solar Photovoltaic,SUN,PV,74.9,74.9,(T) Regulatory approvals received. Not under construction,T,2028,11
61722,Crossroads Solar,62190,Crossroads Solar,32,SC,SCEG,Solar Photovoltaic,SUN,PV,50.0,50.0,(T) Regulatory approvals received. Not under construction,T,2028,11
61737,GEB Solar,62217,GEB Solar,40,SC,CPLE,Solar Photovoltaic,SUN,PV,50.0,50.0,(T) Regulatory approvals received. Not under construction,T,2028,11
61729,Culpepper Solar,62221,Culpepper Solar,33,SC,CPLE,Solar Photovoltaic,SUN,PV,74.9,74.9,(T) Regulatory approvals received. Not under construction,T,2027,11
61746,Holliday Solar I,62229,Holliday Solar I,43,SC,SC,Solar Photovoltaic,SUN,PV,74.0,74.0,(T) Regulatory approvals received. Not under construction,T,2028,11
61751,Juniper Solar,62234,Juniper Solar,48,SC,CPLE,Solar Photovoltaic,SUN,PV,74.9,74.9,(T) Regulatory approvals received. Not under construction,T,2027,3
61784,Rolling Upland Wind Farm LLC,62262,Rolling Upland Wind Farm LLC,GEN1,NY,NYIS,Onshore Wind Turbine,WND,WT,71.4,71.4,"(P) Planned for installation, but regulatory approvals not initiated",P,2029,12
61785,EDP Renewables North America LLC,62263,Saddle Mountain East Wind Farm,GEN1,WA,AVA,Onshore Wind Turbine,WND,WT,126.0,126.0,"(P) Planned for installation, but regulatory approvals not initiated",P,2029,10
61791,Melsam Solar,62280,Melsam Solar,58,SC,CPLE,Solar Photovoltaic,SUN,PV,65.0,65.0,(T) Regulatory approvals received. Not under construction,T,2028,11
61808,Rollins Solar,62295,Rollins Solar,67,SC,CPLE,Solar Photovoltaic,SUN,PV,74.9,74.9,(T) Regulatory approvals received. Not under construction,T,2027,11
61809,Ross Solar,62296,Ross Solar,68,SC,CPLE,Solar Photovoltaic,SUN,PV,74.9,74.9,(T) Regulatory approvals received. Not under construction,T,2027,11
61807,Quest Solar,62299,Quest Solar,66,SC,SCEG,Solar Photovoltaic,SUN,PV,50.0,50.0,(T) Regulatory approvals received. Not under construction,T,2028,11
61830,Shining Sun Solar,62309,Shining Sun Solar,73,SC,SC,Solar Photovoltaic,SUN,PV,74.0,74.4,(T) Regulatory approvals received. Not under construction,T,2028,11
61831,Shorthorn Solar,62310,Shorthorn Solar,74,SC,CPLE,Solar Photovoltaic,SUN,PV,60.0,60.0,(T) Regulatory approvals received. Not under construction,T,2027,11
61906,Rye Development,62384,Point Marion L&D Hydroelectric Project,NA1,PA,PJM,Conventional Hydroelectric,WAT,HY,2.5,1.5,"(P) Planned for installation, but regulatory approvals not initiated",P,2028,11
61906,Rye Development,62384,Point Marion L&D Hydroelectric Project,NA2,PA,PJM,Conventional Hydroelectric,WAT,HY,2.5,1.5,"(P) Planned for installation, but regulatory approvals not initiated",P,2028,12
61906,Rye Development,62385,Maxwell L&D Hydroelectric Project,NA1,PA,PJM,Conventional Hydroelectric,WAT,HY,6.0,4.5,"(P) Planned for installation, but regulatory approvals not initiated",P,2028,11
61906,Rye Development,62385,Maxwell L&D Hydroelectric Project,NA2,PA,PJM,Conventional Hydroelectric,WAT,HY,6.0,4.5,"(P) Planned for installation, but regulatory approvals not initiated",P,2028,12
61906,Rye Development,62386,Opekiska L&D Hydroelectric Project,NA1,WV,PJM,Conventional Hydroelectric,WAT,HY,3.0,2.0,"(P) Planned for installation, but regulatory approvals not initiated",P,2028,8
61906,Rye Development,62386,Opekiska L&D Hydroelectric Project,NA2,WV,PJM,Conventional Hydroelectric,WAT,HY,3.0,2.0,"(P) Planned for installation, but regulatory approvals not initiated",P,2028,9
61906,Rye Development,62387,Morgantown L&D Hydroelectric Project,NA1,WV,PJM,Conventional Hydroelectric,WAT,HY,2.5,1.5,"(P) Planned for installation, but regulatory approvals not initiated",P,2028,8
61906,Rye Development,62387,Morgantown L&D Hydroelectric Project,NA2,WV,PJM,Conventional Hydroelectric,WAT,HY,2.5,1.5,"(P) Planned for installation, but regulatory approvals not initiated",P,2028,9
61906,Rye Development,62388,Grays Landing L&D Hydroelectric Project,NA1,PA,PJM,Conventional Hydroelectric,WAT,HY,6.0,4.5,"(P) Planned for installation, but regulatory approvals not initiated",P,2028,6
61906,Rye Development,62388,Grays Landing L&D Hydroelectric Project,NA2,PA,PJM,Conventional Hydroelectric,WAT,HY,6.0,4.5,"(P) Planned for installation, but regulatory approvals not initiated",P,2028,7
67011,"Lock 11 Hydro Partners, LLC",62390,KY No. 11 L&D Hydroelectric Project,6,KY,PJM,Conventional Hydroelectric,WAT,HY,0.6,0.6,(T) Regulatory approvals received. Not under construction,T,2027,11
67011,"Lock 11 Hydro Partners, LLC",62390,KY No. 11 L&D Hydroelectric Project,NA1,KY,PJM,Conventional Hydroelectric,WAT,HY,0.6,0.6,(T) Regulatory approvals received. Not under construction,T,2027,11
67011,"Lock 11 Hydro Partners, LLC",62390,KY No. 11 L&D Hydroelectric Project,NA2,KY,PJM,Conventional Hydroelectric,WAT,HY,0.6,0.6,(T) Regulatory approvals received. Not under construction,T,2027,11
67011,"Lock 11 Hydro Partners, LLC",62390,KY No. 11 L&D Hydroelectric Project,NA3,KY,PJM,Conventional Hydroelectric,WAT,HY,0.2,0.2,(T) Regulatory approvals received. Not under construction,T,2027,11
67011,"Lock 11 Hydro Partners, LLC",62390,KY No. 11 L&D Hydroelectric Project,NA4,KY,PJM,Conventional Hydroelectric,WAT,HY,0.2,0.2,(T) Regulatory approvals received. Not under construction,T,2027,11
67011,"Lock 11 Hydro Partners, LLC",62390,KY No. 11 L&D Hydroelectric Project,NA5,KY,PJM,Conventional Hydroelectric,WAT,HY,0.6,0.6,(T) Regulatory approvals received. Not under construction,T,2027,11
61906,Rye Development,62391,Overton Hydroelectric Project,NA1,LA,MISO,Conventional Hydroelectric,WAT,HY,8.1,5.5,"(P) Planned for installation, but regulatory approvals not initiated",P,2028,6
61906,Rye Development,62391,Overton Hydroelectric Project,NA2,LA,MISO,Conventional Hydroelectric,WAT,HY,8.1,5.5,"(P) Planned for installation, but regulatory approvals not initiated",P,2028,6
61906,Rye Development,62391,Overton Hydroelectric Project,NA3,LA,MISO,Conventional Hydroelectric,WAT,HY,8.1,5.5,"(P) Planned for installation, but regulatory approvals not initiated",P,2028,7
61906,Rye Development,62391,Overton Hydroelectric Project,NA4,LA,MISO,Conventional Hydroelectric,WAT,HY,8.1,5.5,"(P) Planned for installation, but regulatory approvals not initiated",P,2028,7
61906,Rye Development,62391,Overton Hydroelectric Project,NA5,LA,MISO,Conventional Hydroelectric,WAT,HY,8.1,5.5,"(P) Planned for installation, but regulatory approvals not initiated",P,2028,8
61906,Rye Development,62391,Overton Hydroelectric Project,NA6,LA,MISO,Conventional Hydroelectric,WAT,HY,8.1,5.5,"(P) Planned for installation, but regulatory approvals not initiated",P,2028,8
61906,Rye Development,62400,Montgomery L&D Hydroelectric Project,NA1,PA,PJM,Conventional Hydroelectric,WAT,HY,6.8,5.5,"(P) Planned for installation, but regulatory approvals not initiated",P,2028,10
61906,Rye Development,62400,Montgomery L&D Hydroelectric Project,NA2,PA,PJM,Conventional Hydroelectric,WAT,HY,6.8,5.5,"(P) Planned for installation, but regulatory approvals not initiated",P,2028,11
61906,Rye Development,62400,Montgomery L&D Hydroelectric Project,NA3,PA,PJM,Conventional Hydroelectric,WAT,HY,6.8,5.5,"(P) Planned for installation, but regulatory approvals not initiated",P,2028,12
61906,Rye Development,62401,Allegheny L&D2 Hydroelectric Project,NA1,PA,PJM,Conventional Hydroelectric,WAT,HY,4.5,2.5,"(P) Planned for installation, but regulatory approvals not initiated",P,2030,11
61906,Rye Development,62401,Allegheny L&D2 Hydroelectric Project,NA2,PA,PJM,Conventional Hydroelectric,WAT,HY,4.5,2.5,"(P) Planned for installation, but regulatory approvals not initiated",P,2030,12
61906,Rye Development,62402,Arkabutla Lake Hydroelectric Project,NA1,MS,TVA,Conventional Hydroelectric,WAT,HY,2.5,1.5,"(P) Planned for installation, but regulatory approvals not initiated",P,2028,6
61906,Rye Development,62402,Arkabutla Lake Hydroelectric Project,NA2,MS,TVA,Conventional Hydroelectric,WAT,HY,2.5,1.5,"(P) Planned for installation, but regulatory approvals not initiated",P,2028,7
61906,Rye Development,62404,Monongahela L&D4 Hydroelectric Project,NA1,PA,PJM,Conventional Hydroelectric,WAT,HY,6.0,4.5,"(P) Planned for installation, but regulatory approvals not initiated",P,2028,10
61906,Rye Development,62404,Monongahela L&D4 Hydroelectric Project,NA2,PA,PJM,Conventional Hydroelectric,WAT,HY,6.0,4.5,"(P) Planned for installation, but regulatory approvals not initiated",P,2028,11
61906,Rye Development,62425,Sardis Lake Hydroelectric Project,NA1,MS,TVA,Conventional Hydroelectric,WAT,HY,7.5,5.5,"(P) Planned for installation, but regulatory approvals not initiated",P,2028,10
61906,Rye Development,62425,Sardis Lake Hydroelectric Project,NA2,MS,TVA,Conventional Hydroelectric,WAT,HY,7.5,5.5,"(P) Planned for installation, but regulatory approvals not initiated",P,2028,11
61906,Rye Development,62430,Grenada Lake Hydroelectric Project,NA1,MS,TVA,Conventional Hydroelectric,WAT,HY,5.0,4.0,"(P) Planned for installation, but regulatory approvals not initiated",P,2028,4
61906,Rye Development,62430,Grenada Lake Hydroelectric Project,NA2,MS,TVA,Conventional Hydroelectric,WAT,HY,5.0,4.0,"(P) Planned for installation, but regulatory approvals not initiated",P,2028,5
61906,Rye Development,62432,Enid Lake Hydroelectric Project,NA1,MS,TVA,Conventional Hydroelectric,WAT,HY,2.5,1.5,"(P) Planned for installation, but regulatory approvals not initiated",P,2028,10
61906,Rye Development,62432,Enid Lake Hydroelectric Project,NA2,MS,TVA,Conventional Hydroelectric,WAT,HY,2.5,1.5,"(P) Planned for installation, but regulatory approvals not initiated",P,2028,11
61906,Rye Development,62433,Emsworth L&D Hydroelectric Project,NA1,PA,PJM,Conventional Hydroelectric,WAT,HY,6.8,5.0,"(P) Planned for installation, but regulatory approvals not initiated",P,2030,10
61906,Rye Development,62433,Emsworth L&D Hydroelectric Project,NA2,PA,PJM,Conventional Hydroelectric,WAT,HY,6.8,5.0,"(P) Planned for installation, but regulatory approvals not initiated",P,2030,11
61906,Rye Development,62433,Emsworth L&D Hydroelectric Project,NA3,PA,PJM,Conventional Hydroelectric,WAT,HY,6.8,5.0,"(P) Planned for installation, but regulatory approvals not initiated",P,2030,12
61906,Rye Development,62434,Emsworth BC Hydroelectric Project,NA1,PA,PJM,Conventional Hydroelectric,WAT,HY,6.0,3.0,"(P) Planned for installation, but regulatory approvals not initiated",P,2030,11
61906,Rye Development,62434,Emsworth BC Hydroelectric Project,NA2,PA,PJM,Conventional Hydroelectric,WAT,HY,6.0,4.0,"(P) Planned for installation, but regulatory approvals not initiated",P,2030,12
61906,Rye Development,62434,Emsworth BC Hydroelectric Project,NA3,PA,PJM,Conventional Hydroelectric,WAT,HY,6.8,5.0,"(P) Planned for installation, but regulatory approvals not initiated",P,2030,12
61951,"Dodge County Wind, LLC",62437,Dodge County Wind,WT,MN,MISO,Onshore Wind Turbine,WND,WT,228.0,228.0,(T) Regulatory approvals received. Not under construction,T,2027,12
62663,Lock 13 Hydro Partners,62748,Evelyn Hydroelectric Project,1,KY,PJM,Conventional Hydroelectric,WAT,HY,0.6,0.6,(T) Regulatory approvals received. Not under construction,T,2029,12
62663,Lock 13 Hydro Partners,62748,Evelyn Hydroelectric Project,2,KY,PJM,Conventional Hydroelectric,WAT,HY,0.6,0.6,(T) Regulatory approvals received. Not under construction,T,2029,12
62663,Lock 13 Hydro Partners,62748,Evelyn Hydroelectric Project,3,KY,PJM,Conventional Hydroelectric,WAT,HY,0.2,0.2,(T) Regulatory approvals received. Not under construction,T,2029,12
62663,Lock 13 Hydro Partners,62748,Evelyn Hydroelectric Project,4,KY,PJM,Conventional Hydroelectric,WAT,HY,0.2,0.2,(T) Regulatory approvals received. Not under construction,T,2029,12
62663,Lock 13 Hydro Partners,62748,Evelyn Hydroelectric Project,5,KY,PJM,Conventional Hydroelectric,WAT,HY,0.6,0.6,(T) Regulatory approvals received. Not under construction,T,2029,12
62663,Lock 13 Hydro Partners,62748,Evelyn Hydroelectric Project,6,KY,PJM,Conventional Hydroelectric,WAT,HY,0.6,0.6,(T) Regulatory approvals received. Not under construction,T,2029,12
62664,"Lock 14 Hydro Partners, LLC",62749,Heidelberg Hydroelectric Project,1,KY,PJM,Conventional Hydroelectric,WAT,HY,0.6,0.6,"(TS) Construction complete, but not yet in commercial operation",TS,2026,9
62664,"Lock 14 Hydro Partners, LLC",62749,Heidelberg Hydroelectric Project,2,KY,PJM,Conventional Hydroelectric,WAT,HY,0.6,0.6,"(TS) Construction complete, but not yet in commercial operation",TS,2026,9
62664,"Lock 14 Hydro Partners, LLC",62749,Heidelberg Hydroelectric Project,3,KY,PJM,Conventional Hydroelectric,WAT,HY,0.2,0.2,"(TS) Construction complete, but not yet in commercial operation",TS,2026,9
62664,"Lock 14 Hydro Partners, LLC",62749,Heidelberg Hydroelectric Project,4,KY,PJM,Conventional Hydroelectric,WAT,HY,0.2,0.2,"(TS) Construction complete, but not yet in commercial operation",TS,2026,9
62664,"Lock 14 Hydro Partners, LLC",62749,Heidelberg Hydroelectric Project,5,KY,PJM,Conventional Hydroelectric,WAT,HY,0.6,0.6,"(TS) Construction complete, but not yet in commercial operation",TS,2026,9
62664,"Lock 14 Hydro Partners, LLC",62749,Heidelberg Hydroelectric Project,6,KY,PJM,Conventional Hydroelectric,WAT,HY,0.6,0.6,"(TS) Construction complete, but not yet in commercial operation",TS,2026,9
62698,SunEast Skyline Solar LLC,62816,SunEast Skyline Solar Project,Q670,NY,NYIS,Solar Photovoltaic,SUN,PV,20.0,20.0,"(P) Planned for installation, but regulatory approvals not initiated",P,2027,6
60281,"Altus Power America Management, LLC",62823,SunEast Dog Corners Solar Project,Q584,NY,NYIS,Solar Photovoltaic,SUN,PV,20.0,20.0,"(V) Under construction, more than 50 percent complete",V,2027,1
59056,"Tri Global Energy, LLC",62846,Water Valley Wind Energy,WWE1,TX,ERCO,Onshore Wind Turbine,WND,WT,180.0,180.0,"(P) Planned for installation, but regulatory approvals not initiated",P,2027,12
62760,EDPR CA Solar Park VI LLC,62892,EDPR CA Solar Park VI LLC (CA) Hybrid,SONR2,CA,CISO,Batteries,MWH,BA,40.0,40.0,"(TS) Construction complete, but not yet in commercial operation",TS,2026,10
62760,EDPR CA Solar Park VI LLC,62892,EDPR CA Solar Park VI LLC (CA) Hybrid,SONRI,CA,CISO,Solar Photovoltaic,SUN,PV,201.0,200.0,"(TS) Construction complete, but not yet in commercial operation",TS,2026,10
62765,"High Bridge Wind, LLC",62894,High Bridge Wind Project,WT,NY,NYIS,Onshore Wind Turbine,WND,WT,103.2,103.2,"(P) Planned for installation, but regulatory approvals not initiated",P,2027,12
66881,Hills Solar NY LLC,62895,SunEast Hills Solar Project,Q581,NY,NYIS,Solar Photovoltaic,SUN,PV,20.0,20.0,(T) Regulatory approvals received. Not under construction,T,2027,10
66886,Watkins Road Solar NY LLC,62896,SunEast Watkins Road Solar Project,Q586,NY,NYIS,Solar Photovoltaic,SUN,PV,20.0,20.0,(T) Regulatory approvals received. Not under construction,T,2027,11
49893,Invenergy Services LLC,62954,Alle-Catt Wind Energy LLC,GEN1,NY,NYIS,Onshore Wind Turbine,WND,WT,340.0,340.0,"(V) Under construction, more than 50 percent complete",V,2026,12
49893,Invenergy Services LLC,63028,Tip Top Solar Energy Center LLC,GEN1,NM,SWPP,Solar Photovoltaic,SUN,PV,220.0,220.0,"(V) Under construction, more than 50 percent complete",V,2026,12
65396,Viracocha Wind LLC,63088,Rooney Ranch,ROONR,CA,CISO,Onshore Wind Turbine,WND,WT,21.0,21.0,(L) Regulatory approvals pending. Not under construction,L,2027,12
49893,Invenergy Services LLC,63096,Horseshoe Solar Energy,GEN1,NY,NYIS,Solar Photovoltaic,SUN,PV,180.0,180.0,(L) Regulatory approvals pending. Not under construction,L,2028,11
62910,300MS 8me LLC,63113,Southern Bighorn Solar Hybrid,BESS,NV,NEVP,Batteries,MWH,BA,300.0,300.0,"(P) Planned for installation, but regulatory approvals not initiated",P,2028,7
62910,300MS 8me LLC,63113,Southern Bighorn Solar Hybrid,SBS,NV,NEVP,Solar Photovoltaic,SUN,PV,300.0,300.0,"(P) Planned for installation, but regulatory approvals not initiated",P,2028,7
65396,Viracocha Wind LLC,63126,Sand Hill A,SNDHA,CA,CISO,Onshore Wind Turbine,WND,WT,13.5,13.5,(L) Regulatory approvals pending. Not under construction,L,2027,12
55983,Luminant Generation Company LLC,63193,Alira,UNIT1,TX,ERCO,Solar Photovoltaic,SUN,PV,222.8,222.8,(L) Regulatory approvals pending. Not under construction,L,2030,1
62936,TREX US Red Holly LLC,63202,TREX US Red Holly,701,TX,ERCO,Solar Photovoltaic,SUN,PV,250.0,250.0,(L) Regulatory approvals pending. Not under construction,L,2027,12
62936,TREX US Red Holly LLC,63202,TREX US Red Holly,701-S,TX,ERCO,Batteries,MWH,BA,50.0,50.0,(L) Regulatory approvals pending. Not under construction,L,2027,12
66777,"McCrae Wind Energy II, LLC",63342,McCrae Wind Energy II,BKII,TX,ERCO,Onshore Wind Turbine,WND,WT,162.1,162.1,"(TS) Construction complete, but not yet in commercial operation",TS,2026,12
63140,"Three Rivers Solar Power, LLC",63386,"Three Rivers Solar Power, LLC",3RIVS,ME,ISNE,Solar Photovoltaic,SUN,PV,100.0,100.0,"(V) Under construction, more than 50 percent complete",V,2026,12
63217,Obsidian Solar Center LLC,63488,Obsidian Solar Center,OBSLR,OR,BPAT,Solar Photovoltaic,SUN,PV,400.0,400.0,(L) Regulatory approvals pending. Not under construction,L,2028,12
63243,"Solar Carver 3, LLC",63506,Solar Carver 3 Hybrid,BCRV3,MA,ISNE,Batteries,MWH,BA,1.0,1.0,"(V) Under construction, more than 50 percent complete",V,2026,10
63243,"Solar Carver 3, LLC",63506,Solar Carver 3 Hybrid,SCRV3,MA,ISNE,Solar Photovoltaic,SUN,PV,1.0,1.0,"(V) Under construction, more than 50 percent complete",V,2026,10
63260,Cobb Electric Membership Corporation,63535,Solar BESS Hybrid,GEN02,GA,SOCO,Natural Gas Fired Combustion Turbine,NG,GT,2.0,2.0,"(V) Under construction, more than 50 percent complete",V,2027,5
63260,Cobb Electric Membership Corporation,63535,Solar BESS Hybrid,GEN03,GA,SOCO,Natural Gas Fired Combustion Turbine,NG,GT,2.0,2.0,"(V) Under construction, more than 50 percent complete",V,2027,5
63260,Cobb Electric Membership Corporation,63535,Solar BESS Hybrid,GEN04,GA,SOCO,Natural Gas Fired Combustion Turbine,NG,GT,2.0,2.0,"(V) Under construction, more than 50 percent complete",V,2027,5
63257,"Solar Carver 1, LLC",63541,Solar Carver 1 Hybrid,BCRV1,MA,ISNE,Batteries,MWH,BA,2.0,2.0,"(V) Under construction, more than 50 percent complete",V,2026,10
63257,"Solar Carver 1, LLC",63541,Solar Carver 1 Hybrid,SCRV1,MA,ISNE,Solar Photovoltaic,SUN,PV,2.0,2.0,"(V) Under construction, more than 50 percent complete",V,2026,10
58970,"Ecoplexus, Inc",63567,Westminister NC,WSMTR,NC,DUK,Solar Photovoltaic,SUN,PV,60.0,60.0,(T) Regulatory approvals received. Not under construction,T,2028,12
63289,Key Capture Energy,63584,NY2 Battery,NY2,NY,NYIS,Batteries,MWH,BA,151.5,151.5,(L) Regulatory approvals pending. Not under construction,L,2028,7
63331,"Organic Energy Solutions, Inc.",63622,OES Biogas Power,OES01,CA,CISO,Other Waste Biomass,OBG,IC,1.3,1.3,"(TS) Construction complete, but not yet in commercial operation",TS,2026,11
63331,"Organic Energy Solutions, Inc.",63622,OES Biogas Power,OES02,CA,CISO,Other Waste Biomass,OBG,IC,1.3,1.3,"(TS) Construction complete, but not yet in commercial operation",TS,2026,11
65396,Viracocha Wind LLC,63652,Sand Hill B,SNDHB,CA,CISO,Onshore Wind Turbine,WND,WT,17.0,17.0,(L) Regulatory approvals pending. Not under construction,L,2027,12
65396,Viracocha Wind LLC,63653,Sand Hill C,SNDHC,CA,CISO,Onshore Wind Turbine,WND,WT,80.0,80.0,(L) Regulatory approvals pending. Not under construction,L,2027,12
65043,Madison Energy Investments LLC,63677,Sturbridge Road Solar,STURB,MA,ISNE,Solar Photovoltaic,SUN,PV,5.0,5.0,"(TS) Construction complete, but not yet in commercial operation",TS,2026,10
63465,"Candela Renewables, LLC",63782,Rough Hat,RH1,NV,CISO,Solar Photovoltaic,SUN,PV,400.0,400.0,(L) Regulatory approvals pending. Not under construction,L,2027,12
63463,"Palomino Solar, LLC",63784,Palomino Solar,PLMNO,OH,PJM,Solar Photovoltaic,SUN,PV,200.0,200.0,"(U) Under construction, less than or equal to 50 percent complete",U,2027,7
61222,174 Power Global Corp.,63798,Atlas,ATL01,AZ,AZPS,Solar Photovoltaic,SUN,PV,300.0,300.0,"(V) Under construction, more than 50 percent complete",V,2026,8
63488,"Shady Hills Energy Center, LLC",63802,Shady Hills Combined Cycle Facility,G001,FL,FPC,Natural Gas Fired Combined Cycle,NG,CS,612.0,538.3,"(TS) Construction complete, but not yet in commercial operation",TS,2026,11
63492,"West River Solar, LLC",63806,"West River Solar, LLC",PGR28,NC,DUK,Solar Photovoltaic,SUN,PV,40.0,40.0,"(U) Under construction, less than or equal to 50 percent complete",U,2027,10
63501,"Panther Grove Wind, LLC",63818,"Panther Grove Wind, LLC",78787,IL,PJM,Onshore Wind Turbine,WND,WT,423.0,423.0,"(U) Under construction, less than or equal to 50 percent complete",U,2026,12
63520,326FW 8me LLC,63841,Arida Solar (Hybrid),ARIDA,NV,CISO,Solar Photovoltaic,SUN,PV,370.0,370.0,"(P) Planned for installation, but regulatory approvals not initiated",P,2029,6
63520,326FW 8me LLC,63841,Arida Solar (Hybrid),BESS,NV,CISO,Batteries,MWH,BA,370.0,370.0,"(P) Planned for installation, but regulatory approvals not initiated",P,2029,6
63524,Freepoint Commodities LLC,63846,Raceway Solar,RACE,DE,PJM,Solar Photovoltaic,SUN,PV,50.0,50.0,"(U) Under construction, less than or equal to 50 percent complete",U,2027,7
63527,"Westlands Cherry, LLC",63850,Cherry,BESS2,CA,CISO,Batteries,MWH,BA,110.0,110.0,(T) Regulatory approvals received. Not under construction,T,2027,7
63527,"Westlands Cherry, LLC",63850,Cherry,CHERY,CA,CISO,Solar Photovoltaic,SUN,PV,249.7,249.7,(T) Regulatory approvals received. Not under construction,T,2027,7
63528,"Westlands Grape, LLC",63851,Grape,GRAPE,CA,CISO,Solar Photovoltaic,SUN,PV,246.4,246.4,(T) Regulatory approvals received. Not under construction,T,2027,3
60281,"Altus Power America Management, LLC",63862,SunEast Valley Solar Project,Q#828,NY,NYIS,Solar Photovoltaic,SUN,PV,20.0,20.0,"(U) Under construction, less than or equal to 50 percent complete",U,2027,5
66879,Grassy Knoll Solar NY LLC,63863,SunEast Grassy Knoll Solar Project,Q#885,NY,NYIS,Solar Photovoltaic,SUN,PV,20.0,20.0,(T) Regulatory approvals received. Not under construction,T,2027,10
63553,Haymaker Energy Project LLC,63878,Haymaker Hybrid,HAY,MT,NWMT,Onshore Wind Turbine,WND,WT,630.0,630.0,"(P) Planned for installation, but regulatory approvals not initiated",P,2031,10
60281,"Altus Power America Management, LLC",63901,SunEast Flat Hill Solar Project,Q#865,NY,NYIS,Solar Photovoltaic,SUN,PV,20.0,20.0,"(V) Under construction, more than 50 percent complete",V,2027,7
63576,MEC North,63911,MEC North,MECN,MI,MISO,Natural Gas Fired Combined Cycle,NG,CS,500.0,500.0,(T) Regulatory approvals received. Not under construction,T,2034,6
63577,MEC South,63912,MEC South,MECS,MI,MISO,Natural Gas Fired Combined Cycle,NG,CS,500.0,500.0,(L) Regulatory approvals pending. Not under construction,L,2034,6
63626,Two Rivers Wind LLC,63972,Two Rivers Wind Facility,TR1,WY,PACE,Onshore Wind Turbine,WND,WT,6.1,6.1,(L) Regulatory approvals pending. Not under construction,L,2028,10
63677,"Caden Energix New Kent, LLC",64036,"Caden Energix New Kent, LLC",ENX08,VA,PJM,Solar Photovoltaic,SUN,PV,20.0,20.0,(L) Regulatory approvals pending. Not under construction,L,2028,8
63678,SunEast Manchester Solar LLC,64037,SunEast Manchester Solar Project,Q#913,NY,NYIS,Solar Photovoltaic,SUN,PV,20.0,20.0,(T) Regulatory approvals received. Not under construction,T,2027,6
63524,Freepoint Commodities LLC,64064,Shaftsbury Solar,SHAFT,VT,ISNE,Solar Photovoltaic,SUN,PV,20.0,20.0,(L) Regulatory approvals pending. Not under construction,L,2028,12
63697,BD Solar Auburn LLC,64067,Auburn PV - BD Solar Auburn LLC,AUBPV,ME,ISNE,Solar Photovoltaic,SUN,PV,5.0,5.0,(L) Regulatory approvals pending. Not under construction,L,2028,3
63701,BD Solar Lewiston Junction LLC,64071,Lewiston Jn PV - BD Solar Lewiston Jn LL,LJNPV,ME,ISNE,Solar Photovoltaic,SUN,PV,5.0,5.0,(L) Regulatory approvals pending. Not under construction,L,2028,3
15399,Avangrid Power LLC,64073,"Great Bear Solar, LLC",GBS,OH,PJM,Solar Photovoltaic,SUN,PV,46.0,46.0,"(P) Planned for installation, but regulatory approvals not initiated",P,2027,12
57313,Tesla Inc.,64098,Tesla Reno GigaFactory,3,NV,NEVP,Solar Photovoltaic,SUN,PV,1.0,1.0,"(TS) Construction complete, but not yet in commercial operation",TS,2026,12
60025,Greenbacker Renewable Energy Corporation,64163,Hecate Energy Cider Solar LLC,11111,NY,NYIS,Solar Photovoltaic,SUN,PV,557.0,557.0,"(U) Under construction, less than or equal to 50 percent complete",U,2026,10
63792,Hornet Solar LLC,64167,Hornet Solar,GEN,NC,DUK,Solar Photovoltaic,SUN,PV,73.0,73.0,"(TS) Construction complete, but not yet in commercial operation",TS,2026,12
63793,Bear Branch Solar LLC,64168,Bear Branch Solar,GEN,NC,DUK,Solar Photovoltaic,SUN,PV,34.5,34.5,"(TS) Construction complete, but not yet in commercial operation",TS,2027,1
61514,"Agilitas Energy, Inc.",64171,Tygart Hydropower,1,WV,PJM,Conventional Hydroelectric,WAT,HY,10.0,3.0,(L) Regulatory approvals pending. Not under construction,L,2027,3
61514,"Agilitas Energy, Inc.",64171,Tygart Hydropower,2,WV,PJM,Conventional Hydroelectric,WAT,HY,10.0,3.0,(L) Regulatory approvals pending. Not under construction,L,2027,3
61514,"Agilitas Energy, Inc.",64171,Tygart Hydropower,3,WV,PJM,Conventional Hydroelectric,WAT,HY,10.0,3.0,(L) Regulatory approvals pending. Not under construction,L,2027,3
63954,Shepherd's Run Solar,64188,Shepherd's Run Solar,PV,NY,NYIS,Solar Photovoltaic,SUN,PV,42.0,42.0,"(P) Planned for installation, but regulatory approvals not initiated",P,2027,11
67192,RWE Clean Energy,64202,"Big Star Solar, LLC (Hybrid)",BGSTB,TX,ERCO,Batteries,MWH,BA,80.0,80.0,"(TS) Construction complete, but not yet in commercial operation",TS,2026,10
63807,302PN 8me LLC,64208,Red Antelope Solar & Energy Storage Farm,30PNA,AZ,AZPS,Solar Photovoltaic,SUN,PV,400.0,400.0,"(P) Planned for installation, but regulatory approvals not initiated",P,2028,5
63807,302PN 8me LLC,64208,Red Antelope Solar & Energy Storage Farm,30PNB,AZ,AZPS,Batteries,MWH,BA,300.0,300.0,"(P) Planned for installation, but regulatory approvals not initiated",P,2028,5
63806,26SB 8me LLC,64209,Bellefield 2 Solar & Energy Storage Farm,26SBA,CA,CISO,Solar Photovoltaic,SUN,PV,500.0,500.0,"(V) Under construction, more than 50 percent complete",V,2026,12
63806,26SB 8me LLC,64209,Bellefield 2 Solar & Energy Storage Farm,26SBB,CA,CISO,Batteries,MWH,BA,500.0,500.0,"(V) Under construction, more than 50 percent complete",V,2026,12
63825,45MG 8me LLC,64215,Aratina Solar Center 2,45MGA,CA,CISO,Solar Photovoltaic,SUN,PV,150.0,150.0,"(V) Under construction, more than 50 percent complete",V,2026,12
63825,45MG 8me LLC,64215,Aratina Solar Center 2,45MGB,CA,CISO,Batteries,MWH,BA,113.0,113.0,"(V) Under construction, more than 50 percent complete",V,2026,12
63826,201LC 8me LLC,64216,Rockmont Solar and Storage Project,201LC,NM,PNM,Solar Photovoltaic,SUN,PV,100.0,100.0,(L) Regulatory approvals pending. Not under construction,L,2027,12
63826,201LC 8me LLC,64216,Rockmont Solar and Storage Project,309SJ,NM,PNM,Batteries,MWH,BA,30.0,30.0,(L) Regulatory approvals pending. Not under construction,L,2027,12
63832,Hecate Energy Harley Hand Solar LLC,64234,Hecate Energy Harley Hand Solar LLC,19936,TX,ERCO,Solar Photovoltaic,SUN,PV,514.0,514.0,"(P) Planned for installation, but regulatory approvals not initiated",P,2028,11
15399,Avangrid Power LLC,64253,Mohawk Solar,S1,NY,NYIS,Solar Photovoltaic,SUN,PV,90.5,90.5,(L) Regulatory approvals pending. Not under construction,L,2027,12
18642,Tennessee Valley Authority,64255,Vonore Battery Energy Storage System,VBESS,TN,TVA,Batteries,MWH,BA,20.0,20.0,"(U) Under construction, less than or equal to 50 percent complete",U,2026,12
63869,"SE Athos II, LLC",64290,"SE Athos II, LLC",ATH1N,CA,CISO,Batteries,MWH,BA,100.0,100.0,"(U) Under construction, less than or equal to 50 percent complete",U,2027,1
63869,"SE Athos II, LLC",64290,"SE Athos II, LLC",ATH1S,CA,CISO,Batteries,MWH,BA,102.3,102.3,"(U) Under construction, less than or equal to 50 percent complete",U,2027,1
63869,"SE Athos II, LLC",64290,"SE Athos II, LLC",ATHB2,CA,CISO,Batteries,MWH,BA,200.0,200.0,"(U) Under construction, less than or equal to 50 percent complete",U,2027,1
63873,Lincoln Medical and Mental Health Center,64291,Lincoln Medical and Mental Health Center,B4,NY,NYIS,Petroleum Liquids,DFO,IC,1.0,1.0,"(U) Under construction, less than or equal to 50 percent complete",U,2026,12
66347,"Placid Solar II, LLC",64345,Highland Solar North,1112,FL,FPC,Solar Photovoltaic,SUN,PV,74.9,74.9,(L) Regulatory approvals pending. Not under construction,L,2027,5
63969,"Placid Solar, LLC",64346,Highland Solar South,9999,FL,FPC,Solar Photovoltaic,SUN,PV,74.9,74.9,"(V) Under construction, more than 50 percent complete",V,2026,9
64904,AES Clean Energy,64349,Armadillo Solar Center,6666,TX,ERCO,Solar Photovoltaic,SUN,PV,175.0,175.0,"(U) Under construction, less than or equal to 50 percent complete",U,2027,4
64077,JVR Energy Park LLC,64428,JVR Energy Park LLC,JVR1A,CA,CISO,Solar Photovoltaic,SUN,PV,90.0,90.0,(L) Regulatory approvals pending. Not under construction,L,2027,3
64077,JVR Energy Park LLC,64428,JVR Energy Park LLC,JVR1B,CA,CISO,Batteries,MWH,BA,70.0,70.0,(L) Regulatory approvals pending. Not under construction,L,2027,3
56201,Engie North America,64531,Noosa Energy Storage LLC,KOV4A,CA,CISO,Batteries,MWH,BA,99.0,99.0,"(U) Under construction, less than or equal to 50 percent complete",U,2026,9
64176,FPS Potic Solar LLC,64541,Potic Solar,1,NY,NYIS,Solar Photovoltaic,SUN,PV,4.9,4.9,(L) Regulatory approvals pending. Not under construction,L,2027,7
64174,FPS Cedar Creek Solar LLC,64543,Cedar Creek Solar,1,DE,PJM,Solar Photovoltaic,SUN,PV,114.0,114.0,(L) Regulatory approvals pending. Not under construction,L,2028,7
14127,Omaha Public Power District,64547,Turtle Creek,3,NE,SWPP,Natural Gas Fired Combustion Turbine,NG,GT,264.0,221.0,(T) Regulatory approvals received. Not under construction,T,2028,8
5248,Dominion Energy Inc.,64550,Coastal Virginia Offshore Wind (CVOW) Commercial Project,CVOWC,VA,PJM,Offshore Wind Turbine,WND,WS,2640.0,2640.0,"(U) Under construction, less than or equal to 50 percent complete",U,2027,1
64230,"Sanford ESS, LLC",64615,"Sanford ESS, LLC",1,ME,ISNE,Batteries,MWH,BA,5.0,5.0,(T) Regulatory approvals received. Not under construction,T,2027,12
64233,"South Portland ESS, LLC",64616,"South Portland ESS, LLC",1,ME,ISNE,Batteries,MWH,BA,10.0,10.0,(T) Regulatory approvals received. Not under construction,T,2027,12
64246,"99MT 8me, LLC",64632,Sienna Solar Farm,99MT8,CA,CISO,Solar Photovoltaic,SUN,PV,200.0,200.0,"(P) Planned for installation, but regulatory approvals not initiated",P,2028,12
64246,"99MT 8me, LLC",64632,Sienna Solar Farm,99MTB,CA,CISO,Batteries,MWH,BA,200.0,200.0,"(P) Planned for installation, but regulatory approvals not initiated",P,2028,12
64245,"90FI 8me, LLC",64634,Kingsley Solar Farm,90FI8,CA,CISO,Solar Photovoltaic,SUN,PV,225.0,225.0,"(P) Planned for installation, but regulatory approvals not initiated",P,2028,12
64245,"90FI 8me, LLC",64634,Kingsley Solar Farm,90FIB,CA,CISO,Batteries,MWH,BA,74.0,74.0,"(P) Planned for installation, but regulatory approvals not initiated",P,2028,12
57416,"Acciona Energy USA Global, LLC",64658,"AEUG Fleming Solar, LLC",AFS,KY,PJM,Solar Photovoltaic,SUN,PV,188.5,188.5,"(U) Under construction, less than or equal to 50 percent complete",U,2027,6
57416,"Acciona Energy USA Global, LLC",64659,"AEUG Madison Solar, LLC",AMS,KY,PJM,Solar Photovoltaic,SUN,PV,100.0,100.0,"(U) Under construction, less than or equal to 50 percent complete",U,2028,9
64265,Notch Peak Solar LLC,64669,Notch Peak Solar LLC,KOV4A,UT,LDWP,Solar Photovoltaic,SUN,PV,324.0,324.0,(T) Regulatory approvals received. Not under construction,T,2028,9
64267,Big Creek Solar LLC,64670,Big Creek Solar LLC,KOV4A,AR,MISO,Solar Photovoltaic,SUN,PV,400.0,400.0,"(U) Under construction, less than or equal to 50 percent complete",U,2027,7
64266,"Blue Jay Solar I, LLC",64672,"Blue Jay Solar I, LLC",BLUJS,TX,ERCO,Solar Photovoltaic,SUN,PV,210.0,210.0,"(TS) Construction complete, but not yet in commercial operation",TS,2026,9
61222,174 Power Global Corp.,64744,Turkey Creek Solar Project,TC001,CO,WACM,Solar Photovoltaic,SUN,PV,200.0,200.0,"(P) Planned for installation, but regulatory approvals not initiated",P,2027,2
64967,Contour Global,64745,Black Hollow Sun,BHS02,CO,PSCO,Solar Photovoltaic,SUN,PV,107.0,107.0,"(V) Under construction, more than 50 percent complete",V,2026,9
61514,"Agilitas Energy, Inc.",64758,Manorville II,MAN,NY,NYIS,Solar Photovoltaic,SUN,PV,0.6,0.6,(L) Regulatory approvals pending. Not under construction,L,2027,12
61514,"Agilitas Energy, Inc.",64758,Manorville II,MANB,NY,NYIS,Batteries,MWH,BA,0.8,0.8,(L) Regulatory approvals pending. Not under construction,L,2027,12
66490,"Pigeon Run Solar, LLC",64767,Pigeon Run Solar Project,TC001,VA,PJM,Solar Photovoltaic,SUN,PV,60.0,60.0,"(P) Planned for installation, but regulatory approvals not initiated",P,2029,7
66491,"Zenith Solar, LLC",64768,Zenith Solar,TC001,VA,PJM,Solar Photovoltaic,SUN,PV,60.0,60.0,"(P) Planned for installation, but regulatory approvals not initiated",P,2030,7
64347,"Silver Queen Wind Farm, LLC",64835,Silver Queen Wind Farm,NA,IA,SWPP,Onshore Wind Turbine,WND,WT,252.0,252.0,(L) Regulatory approvals pending. Not under construction,L,2028,10
65265,Repsol Renewables NA,64847,Rail Tie Wind,CRTW1,WY,WACM,Onshore Wind Turbine,WND,WT,504.0,504.0,(L) Regulatory approvals pending. Not under construction,L,2029,6
64356,"Bedington Energy Facility, LLC",64848,"Bedington Energy Facility, LLC",BEF1,WV,PJM,Solar Photovoltaic,SUN,PV,100.0,100.0,(L) Regulatory approvals pending. Not under construction,L,2028,10
64355,"Solariant Capital, LLC",64849,Wildcat Solar Power Plant LLC,ATMWS,NM,PNM,Batteries,MWH,BA,50.0,50.0,"(P) Planned for installation, but regulatory approvals not initiated",P,2028,12
64355,"Solariant Capital, LLC",64849,Wildcat Solar Power Plant LLC,WILDC,NM,PNM,Solar Photovoltaic,SUN,PV,90.0,90.0,"(P) Planned for installation, but regulatory approvals not initiated",P,2028,12
64369,Canyonland Solar LLC,64857,Canyonland Solar,C0513,CO,WACM,Solar Photovoltaic,SUN,PV,140.0,140.0,"(P) Planned for installation, but regulatory approvals not initiated",P,2027,12
64377,"Novel Blilie Solar, LLC",64865,Novel Blilie Solar LLC,BLILE,MN,MISO,Solar Photovoltaic,SUN,PV,1.0,1.0,"(U) Under construction, less than or equal to 50 percent complete",U,2027,2
66560,Elliot Solar LLC,64904,Elliot Solar LLC,1,IN,MISO,Solar Photovoltaic,SUN,PV,200.0,200.0,"(U) Under construction, less than or equal to 50 percent complete",U,2029,12
65265,Repsol Renewables NA,64911,South Ripley Solar,CSRB1,NY,NYIS,Batteries,MWH,BA,20.0,20.0,(L) Regulatory approvals pending. Not under construction,L,2027,12
65265,Repsol Renewables NA,64911,South Ripley Solar,CSRS1,NY,NYIS,Solar Photovoltaic,SUN,PV,270.0,270.0,(L) Regulatory approvals pending. Not under construction,L,2027,12
65265,Repsol Renewables NA,64912,Mill Point Solar,CMPS1,NY,NYIS,Solar Photovoltaic,SUN,PV,250.0,250.0,"(P) Planned for installation, but regulatory approvals not initiated",P,2028,12
65265,Repsol Renewables NA,64981,Pecan Prairie South Solar,CPSS1,TX,ERCO,Solar Photovoltaic,SUN,PV,132.9,132.9,"(U) Under construction, less than or equal to 50 percent complete",U,2027,5
65265,Repsol Renewables NA,64999,Pecan Prairie North Solar,CPNS1,TX,ERCO,Solar Photovoltaic,SUN,PV,324.1,324.1,"(U) Under construction, less than or equal to 50 percent complete",U,2027,5
64438,"Enel Green Power Roseland Solar, LLC",65028,"Roseland Solar Project, LLC",ROSES,TX,ERCO,Solar Photovoltaic,SUN,PV,500.0,500.0,"(TS) Construction complete, but not yet in commercial operation",TS,2026,9
5248,Dominion Energy Inc.,65043,Dulles Solar and Storage,DUSO,VA,PJM,Solar Photovoltaic,SUN,PV,100.0,100.0,"(V) Under construction, more than 50 percent complete",V,2026,9
5248,Dominion Energy Inc.,65043,Dulles Solar and Storage,DUST,VA,PJM,Batteries,MWH,BA,50.0,50.0,"(V) Under construction, more than 50 percent complete",V,2026,9
64457,"VCP Realty, LLC",65045,Emery Shute Solar One,VCP14,ME,ISNE,Solar Photovoltaic,SUN,PV,1.0,1.0,"(V) Under construction, more than 50 percent complete",V,2026,9
65265,Repsol Renewables NA,65049,Pike Creek Wind,CPCW1,IL,MISO,Onshore Wind Turbine,WND,WT,202.5,202.5,"(P) Planned for installation, but regulatory approvals not initiated",P,2027,12
67786,Naturgy Solar Operation USA LLC,65050,Mark Center Solar Project,MRC1,OH,PJM,Solar Photovoltaic,SUN,PV,90.0,90.0,"(U) Under construction, less than or equal to 50 percent complete",U,2026,9
64452,"EDF Renewables Development, Inc.",65051,Tracy Solar Energy Center,TSEC,NY,NYIS,Solar Photovoltaic,SUN,PV,119.0,119.0,(L) Regulatory approvals pending. Not under construction,L,2027,11
64452,"EDF Renewables Development, Inc.",65052,Homer Solar Energy Center,HSEC,NY,NYIS,Solar Photovoltaic,SUN,PV,90.0,90.0,(L) Regulatory approvals pending. Not under construction,L,2027,11
64476,"Hope Solar One, LLC",65060,Hope Solar One,VCP02,RI,ISNE,Solar Photovoltaic,SUN,PV,3.5,3.5,"(P) Planned for installation, but regulatory approvals not initiated",P,2028,7
57313,Tesla Inc.,65070,Austin TX GigaFactory,A04,TX,ERCO,Solar Photovoltaic,SUN,PV,2.3,2.3,"(TS) Construction complete, but not yet in commercial operation",TS,2026,12
57313,Tesla Inc.,65072,Fremont CA AutoFactory,GA3,CA,CISO,Solar Photovoltaic,SUN,PV,1.5,1.5,"(U) Under construction, less than or equal to 50 percent complete",U,2026,12
57313,Tesla Inc.,65072,Fremont CA AutoFactory,GVSRS,CA,CISO,Solar Photovoltaic,SUN,PV,0.5,0.5,"(V) Under construction, more than 50 percent complete",V,2026,12
57313,Tesla Inc.,65072,Fremont CA AutoFactory,STAMP,CA,CISO,Solar Photovoltaic,SUN,PV,1.4,1.4,"(TS) Construction complete, but not yet in commercial operation",TS,2026,12
57313,Tesla Inc.,65072,Fremont CA AutoFactory,VSRS,CA,CISO,Solar Photovoltaic,SUN,PV,0.4,0.4,"(TS) Construction complete, but not yet in commercial operation",TS,2026,12
57313,Tesla Inc.,65130,City of Bowie,PV2,MD,PJM,Solar Photovoltaic,SUN,PV,2.0,2.0,"(U) Under construction, less than or equal to 50 percent complete",U,2026,12
61222,174 Power Global Corp.,65141,Boulder Solar III LLC,BS301,NV,NEVP,Solar Photovoltaic,SUN,PV,128.0,128.0,"(P) Planned for installation, but regulatory approvals not initiated",P,2027,6
61222,174 Power Global Corp.,65141,Boulder Solar III LLC,BS3ES,NV,NEVP,Batteries,MWH,BA,128.0,128.0,"(P) Planned for installation, but regulatory approvals not initiated",P,2027,6
64522,"CAA CT Solar One, LLC",65146,CT Airport Authority Solar One,VCP16,CT,ISNE,Solar Photovoltaic,SUN,PV,4.0,4.0,"(P) Planned for installation, but regulatory approvals not initiated",P,2027,12
64578,Caden Energix Piney River LLC,65286,Caden Energix Piney River LLC,ENX18,VA,PJM,Solar Photovoltaic,SUN,PV,50.0,50.0,(L) Regulatory approvals pending. Not under construction,L,2028,12
58764,"Origis Energy USA, Inc",65293,Covington (MS),OEMS4,MS,MISO,Solar Photovoltaic,SUN,PV,96.0,96.0,(T) Regulatory approvals received. Not under construction,T,2028,3
67725,"TerraForm Power Operating, LLC",65301,Steward Creek Solar Phase 1,SC1,IL,PJM,Solar Photovoltaic,SUN,PV,1200.0,1200.0,"(P) Planned for installation, but regulatory approvals not initiated",P,2029,12
64607,Salt City Solar LLC,65302,Salt City Solar Project - Hybrid,BESS,OH,PJM,Batteries,MWH,BA,12.5,12.5,"(P) Planned for installation, but regulatory approvals not initiated",P,2027,6
64609,ENGIE Solidago Solar LLC,65304,ENGIE Solidago Solar Project - Hybrid,BESS,DE,PJM,Batteries,MWH,BA,12.5,12.5,"(P) Planned for installation, but regulatory approvals not initiated",P,2027,6
64610,"Powells Creek Farm Solar, LLC",65305,Powells Creek Solar - Hybrid,BESS,VA,PJM,Batteries,MWH,BA,17.5,17.5,"(P) Planned for installation, but regulatory approvals not initiated",P,2027,6
64612,"Sunnybrook Farm Solar, LLC",65307,Sunnybrook Solar Project - Hybrid,SUNB,VA,PJM,Batteries,MWH,BA,12.5,12.5,"(P) Planned for installation, but regulatory approvals not initiated",P,2027,6
64587,"Renegade Renewables, LLC",65310,Renegade Solar Project (Dawn),DAWN1,TX,ERCO,Solar Photovoltaic,SUN,PV,515.0,515.0,(T) Regulatory approvals received. Not under construction,T,2027,12
64615,Antares Group Inc,65312,Shenvalee Solar,SV,VA,PJM,Solar Photovoltaic,SUN,PV,3.0,3.0,"(P) Planned for installation, but regulatory approvals not initiated",P,2029,12
64615,Antares Group Inc,65313,Elm Spring Solar 1,ES,VA,PJM,Solar Photovoltaic,SUN,PV,3.0,3.0,"(P) Planned for installation, but regulatory approvals not initiated",P,2028,12
61060,Cypress Creek Renewables,65325,High Top Solar,98936,WA,PACW,Solar Photovoltaic,SUN,PV,80.0,80.0,(T) Regulatory approvals received. Not under construction,T,2029,1
15399,Avangrid Power LLC,65326,Sunset Solar,SS1,OR,BPAT,Solar Photovoltaic,SUN,PV,103.0,103.0,(T) Regulatory approvals received. Not under construction,T,2028,12
67192,RWE Clean Energy,65338,Union Ridge Solar,UNIS1,OH,PJM,Solar Photovoltaic,SUN,PV,108.0,108.0,"(TS) Construction complete, but not yet in commercial operation",TS,2026,10
67466,"Nexus Renewable Power, LLC",65344,Noria Hondo Solar (Hybrid),66148,TX,ERCO,Solar Photovoltaic,SUN,PV,145.0,145.0,(L) Regulatory approvals pending. Not under construction,L,2027,12
67466,"Nexus Renewable Power, LLC",65344,Noria Hondo Solar (Hybrid),66149,TX,ERCO,Batteries,MWH,BA,75.0,75.0,(L) Regulatory approvals pending. Not under construction,L,2027,12
64689,"Emery Meadow Solar Station, LLC",65366,Emery Meadow Solar Station,EMSS,ME,ISNE,Solar Photovoltaic,SUN,PV,16.4,16.4,(T) Regulatory approvals received. Not under construction,T,2027,12
64690,Topsham Meadow Solar Station LLC,65369,Topsham Meadow Solar Station,TMSS,ME,ISNE,Solar Photovoltaic,SUN,PV,17.2,17.2,(L) Regulatory approvals pending. Not under construction,L,2028,10
64691,West Baldwin Solar Station LLC,65371,West Baldwin Solar Station,WBSS,ME,ISNE,Solar Photovoltaic,SUN,PV,17.1,17.1,(T) Regulatory approvals received. Not under construction,T,2028,12
64736,"Beartooth Energy Storage, LLC",65407,Beartooth Energy Storage LLC,BEAR1,MT,NWMT,Batteries,MWH,BA,50.0,50.0,(L) Regulatory approvals pending. Not under construction,L,2027,12
64545,Vesper Energy Development LLC,65425,Kingwood Solar,KWOOD,OH,PJM,Solar Photovoltaic,SUN,PV,175.0,175.0,"(P) Planned for installation, but regulatory approvals not initiated",P,2027,12
50123,"Leeward Asset Management, LLC",65445,Ridgely Energy Farm,RBESS,TN,TVA,Batteries,MWH,BA,50.0,50.0,"(P) Planned for installation, but regulatory approvals not initiated",P,2029,12
17609,Southern California Edison Co,65458,Anode (Springville) BESS,ANOD1,CA,CISO,Batteries,MWH,BA,112.5,112.5,"(TS) Construction complete, but not yet in commercial operation",TS,2026,12
17609,Southern California Edison Co,65458,Anode (Springville) BESS,ANOD2,CA,CISO,Batteries,MWH,BA,112.5,112.5,"(TS) Construction complete, but not yet in commercial operation",TS,2026,12
64545,Vesper Energy Development LLC,65462,Axton Solar,AXTON,VA,PJM,Solar Photovoltaic,SUN,PV,201.1,201.1,(L) Regulatory approvals pending. Not under construction,L,2028,9
50123,"Leeward Asset Management, LLC",65471,Rose Gold Solar,RGS23,IN,PJM,Solar Photovoltaic,SUN,PV,100.0,100.0,"(P) Planned for installation, but regulatory approvals not initiated",P,2027,12
66027,Orsted Wind Power North America LLC,65500,Revolution Wind,REVWD,RI,ISNE,Offshore Wind Turbine,WND,WS,715.0,715.0,"(V) Under construction, more than 50 percent complete",V,2026,11
56201,Engie North America,65590,Octans,OCTNS,TX,ERCO,Batteries,MWH,BA,125.0,125.0,"(U) Under construction, less than or equal to 50 percent complete",U,2028,12
64904,AES Clean Energy,65665,Hecate Energy Pulaski 1,HEPU1,VA,PJM,Solar Photovoltaic,SUN,PV,150.0,150.0,(L) Regulatory approvals pending. Not under construction,L,2028,4
64970,Hecate Grid Humidor Storage 1 LLC,65703,Humidor Storage I,HEHUM,CA,CISO,Batteries,MWH,BA,300.0,300.0,"(P) Planned for installation, but regulatory approvals not initiated",P,2029,9
64951,"Warren Meadow Solar Station, LLC",65708,Warren Meadow Solar Station,WMSS,ME,ISNE,Solar Photovoltaic,SUN,PV,74.5,74.5,(T) Regulatory approvals received. Not under construction,T,2028,3
64952,"Turner Meadow Solar Station, LLC",65709,Turner Meadow Solar Station,TRNR,ME,ISNE,Solar Photovoltaic,SUN,PV,19.8,19.8,(T) Regulatory approvals received. Not under construction,T,2027,9
64953,"Putnam Meadow Solar Station, LLC",65710,Putnam Meadow Solar Station,PTNM,CT,ISNE,Solar Photovoltaic,SUN,PV,4.0,4.0,(L) Regulatory approvals pending. Not under construction,L,2027,3
65072,"Sacramento Valley Energy Center, LLC",65808,"Sacramento Valley Energy Center, LLC",BSVEC,CA,BANC,Batteries,MWH,BA,100.0,100.0,"(U) Under construction, less than or equal to 50 percent complete",U,2029,12
65072,"Sacramento Valley Energy Center, LLC",65808,"Sacramento Valley Energy Center, LLC",SVEC,CA,BANC,Solar Photovoltaic,SUN,PV,200.0,200.0,"(U) Under construction, less than or equal to 50 percent complete",U,2029,12
65076,"HEN Infrastructure, L.L.C.",65811,Coyote Springs (TX),CYSTD,TX,ERCO,Petroleum Liquids,DFO,IC,9.9,9.9,(T) Regulatory approvals received. Not under construction,T,2027,2
50123,"Leeward Asset Management, LLC",65821,Honey Creek Solar,HNYBA,IN,PJM,Batteries,MWH,BA,20.0,20.0,"(P) Planned for installation, but regulatory approvals not initiated",P,2027,12
50123,"Leeward Asset Management, LLC",65821,Honey Creek Solar,HNYSR,IN,PJM,Solar Photovoltaic,SUN,PV,200.0,200.0,"(P) Planned for installation, but regulatory approvals not initiated",P,2027,12
50123,"Leeward Asset Management, LLC",65823,Parowan Solar,PARB,UT,PACE,Batteries,MWH,BA,58.0,58.0,"(P) Planned for installation, but regulatory approvals not initiated",P,2028,2
50123,"Leeward Asset Management, LLC",65823,Parowan Solar,PARS0,UT,PACE,Solar Photovoltaic,SUN,PV,58.0,58.0,"(P) Planned for installation, but regulatory approvals not initiated",P,2028,2
66007,"NY Pulteney I, LLC",65828,Chidsey Hill Road Solar,1666,NY,NYIS,Solar Photovoltaic,SUN,PV,3.0,3.0,"(V) Under construction, more than 50 percent complete",V,2027,4
65076,"HEN Infrastructure, L.L.C.",65834,Saddleback BESS2,SDBTD,TX,ERCO,All Other,OTH,IC,9.9,9.9,"(TS) Construction complete, but not yet in commercial operation",TS,2026,10
67189,Clear Fork,65842,Clear Fork Creek Solar and BESS SLF,CFCBS,TX,ERCO,Batteries,MWH,BA,600.0,600.0,"(U) Under construction, less than or equal to 50 percent complete",U,2027,3
67189,Clear Fork,65842,Clear Fork Creek Solar and BESS SLF,CFCPV,TX,ERCO,Solar Photovoltaic,SUN,PV,600.0,600.0,"(U) Under construction, less than or equal to 50 percent complete",U,2027,3
65084,Eldora Energy LLC,65847,Eldora Energy LLC,ELDBS,TX,ERCO,Batteries,MWH,BA,200.0,200.0,"(P) Planned for installation, but regulatory approvals not initiated",P,2028,7
65084,Eldora Energy LLC,65847,Eldora Energy LLC,ELDPV,TX,ERCO,Solar Photovoltaic,SUN,PV,200.0,200.0,"(P) Planned for installation, but regulatory approvals not initiated",P,2028,7
65080,Elio Energy LLC,65850,Elio Energy LLC,ELIBS,TX,ERCO,Batteries,MWH,BA,300.0,300.0,"(P) Planned for installation, but regulatory approvals not initiated",P,2027,12
67957,Parliament Energy Holdings LLC,65851,Hollow Branch Creek,HB2PV,TX,ERCO,Solar Photovoltaic,SUN,PV,460.0,460.0,(L) Regulatory approvals pending. Not under construction,L,2027,8
67957,Parliament Energy Holdings LLC,65853,Banita Creek- Spindlepop Solar,MIDBS,TX,ERCO,Batteries,MWH,BA,302.9,302.9,(L) Regulatory approvals pending. Not under construction,L,2027,4
67957,Parliament Energy Holdings LLC,65853,Banita Creek- Spindlepop Solar,MIDPV,TX,ERCO,Solar Photovoltaic,SUN,PV,371.0,371.0,"(U) Under construction, less than or equal to 50 percent complete",U,2028,6
67957,Parliament Energy Holdings LLC,65854,Rowdy Creek Solar and BESS,RDYBS,TX,ERCO,Batteries,MWH,BA,350.0,350.0,(L) Regulatory approvals pending. Not under construction,L,2027,5
67957,Parliament Energy Holdings LLC,65854,Rowdy Creek Solar and BESS,RDYPV,TX,ERCO,Solar Photovoltaic,SUN,PV,455.0,455.0,"(U) Under construction, less than or equal to 50 percent complete",U,2028,6
67957,Parliament Energy Holdings LLC,65855,Tehuacana Creek Solar,TE1BS,TX,ERCO,Batteries,MWH,BA,418.0,418.0,"(V) Under construction, more than 50 percent complete",V,2026,12
67957,Parliament Energy Holdings LLC,65855,Tehuacana Creek Solar,TE1PV,TX,ERCO,Solar Photovoltaic,SUN,PV,644.8,644.8,"(V) Under construction, more than 50 percent complete",V,2027,5
56201,Engie North America,65870,Castor,CASTR,TX,ERCO,Batteries,MWH,BA,200.0,200.0,"(U) Under construction, less than or equal to 50 percent complete",U,2026,9
56201,Engie North America,65880,Zeya,ZEYA,TX,ERCO,Batteries,MWH,BA,250.0,250.0,"(U) Under construction, less than or equal to 50 percent complete",U,2026,9
58489,OCI Energy LLC,65893,OCI SunRoper,OCIRO,TX,ERCO,Solar Photovoltaic,SUN,PV,260.0,260.0,(L) Regulatory approvals pending. Not under construction,L,2027,12
65093,"RPCA Storage 1, LLC",65897,Industrial Parkway Storage,INPKY,CA,CISO,Batteries,MWH,BA,9.8,9.8,"(TS) Construction complete, but not yet in commercial operation",TS,2026,9
65092,"Springwater Solar, LLC",65900,"Springwater Solar, LLC",SPRIN,OH,PJM,Solar Photovoltaic,SUN,PV,155.0,155.0,"(U) Under construction, less than or equal to 50 percent complete",U,2027,4
65096,"Hatchery Solar, LLC",65901,Hatchery Solar,6,NY,NYIS,Solar Photovoltaic,SUN,PV,20.0,20.0,(T) Regulatory approvals received. Not under construction,T,2027,11
58468,Dominion Renewable Energy,65930,Redbud Run Solar,10,VA,PJM,Solar Photovoltaic,SUN,PV,30.0,30.0,"(P) Planned for installation, but regulatory approvals not initiated",P,2028,10
65102,"Clear View Solar, LLC",65931,Clear View Solar,3,NY,NYIS,Solar Photovoltaic,SUN,PV,20.0,20.0,(L) Regulatory approvals pending. Not under construction,L,2027,12
65103,"Highbanks Solar, LLC",65934,Highbanks Solar,7,NY,NYIS,Solar Photovoltaic,SUN,PV,20.0,20.0,"(P) Planned for installation, but regulatory approvals not initiated",P,2029,9
65104,"Vermillion Rise Solar, LLC",65935,Vermillion Rise Solar,14,IN,MISO,Solar Photovoltaic,SUN,PV,185.0,185.0,"(P) Planned for installation, but regulatory approvals not initiated",P,2027,12
65124,Plum Nellie Wind Farm LLC,65948,Plum Nellie Wind Farm LLC,PNW01,KS,SWPP,Onshore Wind Turbine,WND,WT,201.6,201.6,"(P) Planned for installation, but regulatory approvals not initiated",P,2027,10
65144,"Samsung C&T Renewables, LLC",65964,"Ursa Solar, LLC",URSA,WI,MISO,Solar Photovoltaic,SUN,PV,200.0,200.0,"(P) Planned for installation, but regulatory approvals not initiated",P,2027,6
62842,"Lightsource Renewable Energy Asset Management, LLC",65975,Starr Solar Ranch,TXSD2,TX,ERCO,Batteries,MWH,BA,180.0,180.0,(L) Regulatory approvals pending. Not under construction,L,2031,12
67928,"Boulder Flats Solar, LLC",65977,Boulder Flats Solar,BF1PV,NV,NEVP,Solar Photovoltaic,SUN,PV,113.0,113.0,"(V) Under construction, more than 50 percent complete",V,2028,12
62842,"Lightsource Renewable Energy Asset Management, LLC",65981,Second Division Solar,TXSD2,TX,ERCO,Batteries,MWH,BA,30.0,30.0,(L) Regulatory approvals pending. Not under construction,L,2031,12
61012,AES Distributed Energy,66002,AES Mountain View Solar,MVSBA,HI,HECO,Batteries,MWH,BA,7.0,7.0,"(V) Under construction, more than 50 percent complete",V,2026,11
61012,AES Distributed Energy,66002,AES Mountain View Solar,MVSPV,HI,HECO,Solar Photovoltaic,SUN,PV,7.0,7.0,"(V) Under construction, more than 50 percent complete",V,2026,11
65180,Cedar Island Solar LLC,66011,Cedar Island Solar LLC,PV1,OR,BPAT,Solar Photovoltaic,SUN,PV,800.0,800.0,(L) Regulatory approvals pending. Not under construction,L,2031,12
61012,AES Distributed Energy,66066,AES Waiawa Phase 2 Solar,WAIBA,HI,HECO,Batteries,MWH,BA,30.0,30.0,"(V) Under construction, more than 50 percent complete",V,2026,9
61012,AES Distributed Energy,66066,AES Waiawa Phase 2 Solar,WAIPV,HI,HECO,Solar Photovoltaic,SUN,PV,30.0,30.0,"(V) Under construction, more than 50 percent complete",V,2026,9
62842,"Lightsource Renewable Energy Asset Management, LLC",66113,Big Elk Solar,NEBE1,NE,SWPP,Solar Photovoltaic,SUN,PV,100.0,100.0,(L) Regulatory approvals pending. Not under construction,L,2027,12
62842,"Lightsource Renewable Energy Asset Management, LLC",66114,Merrillville Solar,INRD1,IN,MISO,Solar Photovoltaic,SUN,PV,100.0,100.0,"(P) Planned for installation, but regulatory approvals not initiated",P,2028,11
67192,RWE Clean Energy,66124,"Switchgrass Solar, LLC",SSPV,VA,PJM,Solar Photovoltaic,SUN,PV,70.0,70.0,"(P) Planned for installation, but regulatory approvals not initiated",P,2028,10
62842,"Lightsource Renewable Energy Asset Management, LLC",66132,Trinity River Solar 1,TXTR1,TX,ERCO,Solar Photovoltaic,SUN,PV,150.0,150.0,(L) Regulatory approvals pending. Not under construction,L,2028,7
62842,"Lightsource Renewable Energy Asset Management, LLC",66138,Mayapple Solar 1,INMA1,IN,PJM,Solar Photovoltaic,SUN,PV,224.0,224.0,(T) Regulatory approvals received. Not under construction,T,2029,3
65308,Cattlemen Solar Park LLC,66168,Cattlemen Solar Park,GEN01,TX,ERCO,Solar Photovoltaic,SUN,PV,240.0,240.0,"(TS) Construction complete, but not yet in commercial operation",TS,2026,10
65329,"Yaupon Solar, LLC",66216,Yaupon Solar Project (Hybrid),BESS,TX,ERCO,Batteries,MWH,BA,100.0,100.0,"(P) Planned for installation, but regulatory approvals not initiated",P,2027,12
65329,"Yaupon Solar, LLC",66216,Yaupon Solar Project (Hybrid),SOL,TX,ERCO,Solar Photovoltaic,SUN,PV,200.0,200.0,"(TS) Construction complete, but not yet in commercial operation",TS,2026,9
67192,RWE Clean Energy,66238,Sculpin Solar,1SPS,IN,PJM,Solar Photovoltaic,SUN,PV,180.0,180.0,"(P) Planned for installation, but regulatory approvals not initiated",P,2028,12
67192,RWE Clean Energy,66309,Uvalde Solar 2,UVPV2,TX,ERCO,Solar Photovoltaic,SUN,PV,300.0,300.0,"(P) Planned for installation, but regulatory approvals not initiated",P,2027,12
5248,Dominion Energy Inc.,66312,Courthouse Solar,CHSL,VA,PJM,Solar Photovoltaic,SUN,PV,167.0,167.0,"(U) Under construction, less than or equal to 50 percent complete",U,2030,10
5248,Dominion Energy Inc.,66313,Moon Corner Solar,MOCO,VA,PJM,Solar Photovoltaic,SUN,PV,60.0,60.0,"(U) Under construction, less than or equal to 50 percent complete",U,2026,9
5248,Dominion Energy Inc.,66315,Clover Creek Solar,CCSO,VA,PJM,Solar Photovoltaic,SUN,PV,77.2,77.2,"(U) Under construction, less than or equal to 50 percent complete",U,2027,6
64994,SolRiver Capital LLC,66340,Canyonville Solar LLC (CSG),PV1,OR,PACW,Solar Photovoltaic,SUN,PV,2.5,2.5,(L) Regulatory approvals pending. Not under construction,L,2027,12
65815,Sunraycer Assets I LLC,66341,Eagle Springs Hybrid,EGSB,TX,ERCO,Batteries,MWH,BA,55.1,55.1,"(V) Under construction, more than 50 percent complete",V,2026,12
65815,Sunraycer Assets I LLC,66341,Eagle Springs Hybrid,EGSS,TX,ERCO,Solar Photovoltaic,SUN,PV,110.1,110.1,"(V) Under construction, more than 50 percent complete",V,2026,12
61060,Cypress Creek Renewables,66363,"Black Walnut Solar, LLC",GEN1,NC,DUK,Solar Photovoltaic,SUN,PV,80.0,80.0,(L) Regulatory approvals pending. Not under construction,L,2027,11
61060,Cypress Creek Renewables,66363,"Black Walnut Solar, LLC",GEN1B,NC,DUK,Batteries,MWH,BA,32.0,32.0,"(P) Planned for installation, but regulatory approvals not initiated",P,2028,12
61060,Cypress Creek Renewables,66382,"Healing Springs Solar, LLC",GEN1,NC,DUK,Solar Photovoltaic,SUN,PV,55.0,55.0,(L) Regulatory approvals pending. Not under construction,L,2027,12
61060,Cypress Creek Renewables,66383,Hyco Solar LLC,GEN1,NC,DUK,Solar Photovoltaic,SUN,PV,80.0,80.0,(L) Regulatory approvals pending. Not under construction,L,2027,11
61060,Cypress Creek Renewables,66385,"Panther Branch Solar, LLC",GEN1,NC,DUK,Solar Photovoltaic,SUN,PV,80.0,80.0,(L) Regulatory approvals pending. Not under construction,L,2028,8
61060,Cypress Creek Renewables,66385,"Panther Branch Solar, LLC",GEN1B,NC,DUK,Batteries,MWH,BA,32.0,32.0,"(P) Planned for installation, but regulatory approvals not initiated",P,2029,12
67466,"Nexus Renewable Power, LLC",66390,MRG Goody Solar Project Hybrid,GDYES,TX,ERCO,Batteries,MWH,BA,50.4,50.4,"(V) Under construction, more than 50 percent complete",V,2026,9
67466,"Nexus Renewable Power, LLC",66390,MRG Goody Solar Project Hybrid,GDYPV,TX,ERCO,Solar Photovoltaic,SUN,PV,170.8,170.8,"(V) Under construction, more than 50 percent complete",V,2026,9
65410,ACTX BESS Project LLC,66391,Ash Creek BESS,BESS,TX,ERCO,Batteries,MWH,BA,306.0,306.0,"(P) Planned for installation, but regulatory approvals not initiated",P,2028,3
65475,"Gransolar Texas Fifteen, LLC",66396,Naduah Solar,NDUAH,TX,ERCO,Solar Photovoltaic,SUN,PV,102.3,77.6,"(P) Planned for installation, but regulatory approvals not initiated",P,2027,10
65476,"Gransolar Texas Eight, LLC",66397,Tokio Solar,TOKIO,TX,ERCO,Solar Photovoltaic,SUN,PV,170.4,168.0,"(P) Planned for installation, but regulatory approvals not initiated",P,2027,8
65478,"Gransolar Texas Fourteen, LLC",66398,Eytcheson Solar,EYTCH,TX,ERCO,Solar Photovoltaic,SUN,PV,76.4,76.2,"(P) Planned for installation, but regulatory approvals not initiated",P,2028,1
66905,HEC Renewable Energy America LLC,66401,OCI Hillsboro,OHLBS,TX,ERCO,Batteries,MWH,BA,200.0,200.0,"(P) Planned for installation, but regulatory approvals not initiated",P,2027,12
66905,HEC Renewable Energy America LLC,66401,OCI Hillsboro,OHLPV,TX,ERCO,Solar Photovoltaic,SUN,PV,200.0,200.0,"(P) Planned for installation, but regulatory approvals not initiated",P,2027,10
65481,"Hecate Grid Gwent Storage 1, LLC",66409,Hecate Grid Gwent Storage 1,GWNT,CA,CISO,Batteries,MWH,BA,135.0,135.0,"(P) Planned for installation, but regulatory approvals not initiated",P,2028,12
65451,Grizzly Ridge Solar LLC,66410,Grizzly Ridge Solar,596,TX,ERCO,Batteries,MWH,BA,10.0,10.0,"(TS) Construction complete, but not yet in commercial operation",TS,2026,9
65485,"Hecate Grid East Valley Storage, LLC",66411,Hecate Grid East Valley Storage,RMSY,TX,ERCO,Batteries,MWH,BA,255.0,255.0,"(P) Planned for installation, but regulatory approvals not initiated",P,2027,12
65483,"Hecate Energy Ramsey Storage, LLC",66414,Hecate Energy Ramsey Storage,RMSY,TX,ERCO,Batteries,MWH,BA,500.0,500.0,"(P) Planned for installation, but regulatory approvals not initiated",P,2027,12
65482,"Gransolar Texas Thirteen, LLC",66421,Despain Solar,GRS13,TX,ERCO,Solar Photovoltaic,SUN,PV,236.2,236.0,(L) Regulatory approvals pending. Not under construction,L,2027,12
65516,"ECG Utah Solar1, LLC",66426,Utah Solar 1,1EUS,UT,LDWP,Solar Photovoltaic,SUN,PV,300.0,300.0,"(P) Planned for installation, but regulatory approvals not initiated",P,2027,12
67721,Crossvine Solar 1 LLC,66441,Crossvine Solar,INCV1,IN,MISO,Solar Photovoltaic,SUN,PV,100.0,100.0,"(U) Under construction, less than or equal to 50 percent complete",U,2027,3
65512,Catalyze Bloomington 2551 S Lilac Avenue Microgrid LLC,66475,CA Bloomington 2551 S Lilac Avenue Micro,18263,CA,CISO,Solar Photovoltaic,SUN,PV,1.5,1.5,"(V) Under construction, more than 50 percent complete",V,2026,11
65512,Catalyze Bloomington 2551 S Lilac Avenue Microgrid LLC,66475,CA Bloomington 2551 S Lilac Avenue Micro,B8263,CA,CISO,Batteries,MWH,BA,1.5,1.5,"(V) Under construction, more than 50 percent complete",V,2026,11
65493,Navajo Transitional Energy Company,66478,NTEC Gas Plant,GEN1,NM,PNM,Natural Gas Fired Combustion Turbine,NG,GT,60.5,37.6,(L) Regulatory approvals pending. Not under construction,L,2028,6
65493,Navajo Transitional Energy Company,66478,NTEC Gas Plant,GEN10,NM,PNM,Natural Gas Fired Combustion Turbine,NG,GT,60.5,37.6,(L) Regulatory approvals pending. Not under construction,L,2028,6
65493,Navajo Transitional Energy Company,66478,NTEC Gas Plant,GEN11,NM,PNM,Natural Gas Fired Combustion Turbine,NG,GT,60.5,37.6,(L) Regulatory approvals pending. Not under construction,L,2028,6
65493,Navajo Transitional Energy Company,66478,NTEC Gas Plant,GEN12,NM,PNM,Natural Gas Fired Combustion Turbine,NG,GT,60.5,37.6,(L) Regulatory approvals pending. Not under construction,L,2028,6
65493,Navajo Transitional Energy Company,66478,NTEC Gas Plant,GEN13,NM,PNM,Natural Gas Fired Combustion Turbine,NG,GT,60.5,37.6,(L) Regulatory approvals pending. Not under construction,L,2028,6
65493,Navajo Transitional Energy Company,66478,NTEC Gas Plant,GEN14,NM,PNM,Natural Gas Fired Combustion Turbine,NG,GT,60.5,37.6,(L) Regulatory approvals pending. Not under construction,L,2028,6
65493,Navajo Transitional Energy Company,66478,NTEC Gas Plant,GEN15,NM,PNM,Natural Gas Fired Combustion Turbine,NG,GT,60.5,37.6,(L) Regulatory approvals pending. Not under construction,L,2028,6
65493,Navajo Transitional Energy Company,66478,NTEC Gas Plant,GEN16,NM,PNM,Natural Gas Fired Combustion Turbine,NG,GT,60.5,37.6,(L) Regulatory approvals pending. Not under construction,L,2028,6
65493,Navajo Transitional Energy Company,66478,NTEC Gas Plant,GEN17,NM,PNM,Natural Gas Fired Combustion Turbine,NG,GT,60.5,37.6,(L) Regulatory approvals pending. Not under construction,L,2028,6
65493,Navajo Transitional Energy Company,66478,NTEC Gas Plant,GEN18,NM,PNM,Natural Gas Fired Combustion Turbine,NG,GT,60.5,37.6,(L) Regulatory approvals pending. Not under construction,L,2028,6
65493,Navajo Transitional Energy Company,66478,NTEC Gas Plant,GEN2,NM,PNM,Natural Gas Fired Combustion Turbine,NG,GT,60.5,37.6,(L) Regulatory approvals pending. Not under construction,L,2028,6
65493,Navajo Transitional Energy Company,66478,NTEC Gas Plant,GEN3,NM,PNM,Natural Gas Fired Combustion Turbine,NG,GT,60.5,37.6,(L) Regulatory approvals pending. Not under construction,L,2028,6
65493,Navajo Transitional Energy Company,66478,NTEC Gas Plant,GEN4,NM,PNM,Natural Gas Fired Combustion Turbine,NG,GT,60.5,37.6,(L) Regulatory approvals pending. Not under construction,L,2028,6
65493,Navajo Transitional Energy Company,66478,NTEC Gas Plant,GEN5,NM,PNM,Natural Gas Fired Combustion Turbine,NG,GT,60.5,37.6,(L) Regulatory approvals pending. Not under construction,L,2028,6
65493,Navajo Transitional Energy Company,66478,NTEC Gas Plant,GEN6,NM,PNM,Natural Gas Fired Combustion Turbine,NG,GT,60.5,37.6,(L) Regulatory approvals pending. Not under construction,L,2028,6
65493,Navajo Transitional Energy Company,66478,NTEC Gas Plant,GEN7,NM,PNM,Natural Gas Fired Combustion Turbine,NG,GT,60.5,37.6,(L) Regulatory approvals pending. Not under construction,L,2028,6
65493,Navajo Transitional Energy Company,66478,NTEC Gas Plant,GEN8,NM,PNM,Natural Gas Fired Combustion Turbine,NG,GT,60.5,37.6,(L) Regulatory approvals pending. Not under construction,L,2028,6
65493,Navajo Transitional Energy Company,66478,NTEC Gas Plant,GEN9,NM,PNM,Natural Gas Fired Combustion Turbine,NG,GT,60.5,37.6,(L) Regulatory approvals pending. Not under construction,L,2028,6
61012,AES Distributed Energy,66484,"Glen Canyon Solar A, LLC",GCA,UT,PACE,Solar Photovoltaic,SUN,PV,95.0,95.0,"(U) Under construction, less than or equal to 50 percent complete",U,2028,12
61978,Convergent Energy and Power LP,66497,Bensonhurst Energy Storage 1 LLC,BHBA1,NY,ISNE,Batteries,MWH,BA,5.0,5.0,"(U) Under construction, less than or equal to 50 percent complete",U,2026,9
65559,Catalyze Riverside 2356 Fleetwood Drive Microgrid LLC,66511,CA Riverside 2356 Fleetwood Dr.,18262,CA,CISO,Solar Photovoltaic,SUN,PV,2.0,2.0,"(V) Under construction, more than 50 percent complete",V,2026,11
65559,Catalyze Riverside 2356 Fleetwood Drive Microgrid LLC,66511,CA Riverside 2356 Fleetwood Dr.,B8262,CA,CISO,Batteries,MWH,BA,2.0,2.0,"(V) Under construction, more than 50 percent complete",V,2026,11
65561,"TJA 540R Main St. Acushnet, LLC",66513,MA Acushnet 540R Main St,18229,MA,ISNE,Solar Photovoltaic,SUN,PV,4.0,4.0,(L) Regulatory approvals pending. Not under construction,L,2027,3
65561,"TJA 540R Main St. Acushnet, LLC",66513,MA Acushnet 540R Main St,B8229,MA,ISNE,Batteries,MWH,BA,2.0,2.0,(L) Regulatory approvals pending. Not under construction,L,2027,3
65564,"Catalyze Dallas 7750 Dynasty Drive Microgrid, LLC",66516,TX Dallas 7750 Dynasty Drive,19500,TX,ERCO,Solar Photovoltaic,SUN,PV,2.3,2.3,"(TS) Construction complete, but not yet in commercial operation",TS,2026,9
65588,Mammoth South LLC,66545,Mammoth South Solar Project,MMTHS,IN,PJM,Solar Photovoltaic,SUN,PV,300.0,300.0,"(V) Under construction, more than 50 percent complete",V,2026,10
65587,Mammoth Central LLC,66546,Mammoth Central Solar Project,MMTHC,IN,PJM,Solar Photovoltaic,SUN,PV,300.0,300.0,"(U) Under construction, less than or equal to 50 percent complete",U,2026,11
65594,EnerSmart Storage,66552,EnerSmart Mesa Heights Sub Station,MH162,CA,CISO,Batteries,MWH,BA,3.0,3.0,"(U) Under construction, less than or equal to 50 percent complete",U,2026,12
62842,"Lightsource Renewable Energy Asset Management, LLC",66558,Mowata Solar,LAMO1,LA,MISO,Solar Photovoltaic,SUN,PV,150.0,150.0,(L) Regulatory approvals pending. Not under construction,L,2027,12
62842,"Lightsource Renewable Energy Asset Management, LLC",66559,Jones City 1 Solar,TXJC1,TX,ERCO,Solar Photovoltaic,SUN,PV,215.0,215.0,"(TS) Construction complete, but not yet in commercial operation",TS,2026,10
65644,Fish Lake Geothermal LLC,66618,Fish Lake Geothermal,FL1,NV,NEVP,Geothermal,GEO,ST,3.3,2.1,"(P) Planned for installation, but regulatory approvals not initiated",P,2027,9
65644,Fish Lake Geothermal LLC,66618,Fish Lake Geothermal,FL2,NV,NEVP,Geothermal,GEO,ST,3.3,2.9,"(P) Planned for installation, but regulatory approvals not initiated",P,2027,9
65644,Fish Lake Geothermal LLC,66618,Fish Lake Geothermal,FL3,NV,NEVP,Geothermal,GEO,ST,4.7,3.4,"(P) Planned for installation, but regulatory approvals not initiated",P,2027,9
65644,Fish Lake Geothermal LLC,66618,Fish Lake Geothermal,FL4,NV,NEVP,Geothermal,GEO,ST,6.2,4.3,"(P) Planned for installation, but regulatory approvals not initiated",P,2027,9
65644,Fish Lake Geothermal LLC,66618,Fish Lake Geothermal,FL5,NV,NEVP,Geothermal,GEO,ST,9.0,6.8,"(P) Planned for installation, but regulatory approvals not initiated",P,2027,9
55937,Entergy Texas Inc.,66621,Orange County Advanced Power Station,1A,TX,MISO,Natural Gas Fired Combined Cycle,NG,CT,453.0,396.6,"(TS) Construction complete, but not yet in commercial operation",TS,2026,9
55937,Entergy Texas Inc.,66621,Orange County Advanced Power Station,1B,TX,MISO,Natural Gas Fired Combined Cycle,NG,CT,453.0,396.6,"(TS) Construction complete, but not yet in commercial operation",TS,2026,9
55937,Entergy Texas Inc.,66621,Orange County Advanced Power Station,1C,TX,MISO,Natural Gas Fired Combined Cycle,NG,CA,400.0,365.0,"(TS) Construction complete, but not yet in commercial operation",TS,2026,9
14354,PacifiCorp,66651,Arco Wind and Solar Project,37565,ID,PACE,Onshore Wind Turbine,WND,WT,153.0,153.0,(T) Regulatory approvals received. Not under construction,T,2027,12
14354,PacifiCorp,66651,Arco Wind and Solar Project,C2-92,ID,PACE,Onshore Wind Turbine,WND,WT,206.0,206.0,(T) Regulatory approvals received. Not under construction,T,2028,12
66061,BQ Energy Development,66657,Steubenville Solar,STEUB,OH,PJM,Solar Photovoltaic,SUN,PV,43.0,43.0,"(P) Planned for installation, but regulatory approvals not initiated",P,2027,3
66061,BQ Energy Development,66658,Nottingham Solar,NOTT,OH,PJM,Solar Photovoltaic,SUN,PV,100.0,100.0,"(U) Under construction, less than or equal to 50 percent complete",U,2026,12
64904,AES Clean Energy,66663,Empire Solar (NY),EMPIR,NY,NYIS,Solar Photovoltaic,SUN,PV,125.0,125.0,"(P) Planned for installation, but regulatory approvals not initiated",P,2027,12
65144,"Samsung C&T Renewables, LLC",66671,"Conez Solar, LLC",CONEZ,GA,SOCO,Solar Photovoltaic,SUN,PV,150.0,150.0,"(P) Planned for installation, but regulatory approvals not initiated",P,2027,6
65144,"Samsung C&T Renewables, LLC",66672,"Stark Solar, LLC",AG239,OH,PJM,Solar Photovoltaic,SUN,PV,150.0,150.0,"(P) Planned for installation, but regulatory approvals not initiated",P,2027,3
65687,"Accalia Point Solar, LLC",66673,"Accalia Point Solar, LLC",66666,TX,ERCO,Solar Photovoltaic,SUN,PV,190.5,190.5,"(P) Planned for installation, but regulatory approvals not initiated",P,2028,5
65689,"Alfred Oaks Solar, LLC",66675,"Alfred Oaks Solar, LLC",ALOAK,NY,NYIS,Solar Photovoltaic,SUN,PV,115.2,115.2,"(P) Planned for installation, but regulatory approvals not initiated",P,2029,12
65682,"IP Aramis, LLC",66678,Aramis I Solar Project,IPAR1,CA,CISO,Solar Photovoltaic,SUN,PV,100.0,100.0,"(U) Under construction, less than or equal to 50 percent complete",U,2026,9
65682,"IP Aramis, LLC",66678,Aramis I Solar Project,IPARB,CA,CISO,Batteries,MWH,BA,100.0,100.0,"(U) Under construction, less than or equal to 50 percent complete",U,2026,9
63289,Key Capture Energy,66682,"KCE NY 10, LLC",NY10,NY,NYIS,Batteries,MWH,BA,20.0,20.0,"(P) Planned for installation, but regulatory approvals not initiated",P,2028,10
65690,Premium Energy Holdings,66684,Intermountain Pumped Storage Project,HL001,UT,LDWP,Hydroelectric Pumped Storage,WAT,PS,250.0,250.0,"(P) Planned for installation, but regulatory approvals not initiated",P,2028,7
65690,Premium Energy Holdings,66684,Intermountain Pumped Storage Project,HL002,UT,LDWP,Hydroelectric Pumped Storage,WAT,PS,250.0,250.0,"(P) Planned for installation, but regulatory approvals not initiated",P,2028,7
65690,Premium Energy Holdings,66684,Intermountain Pumped Storage Project,HL003,UT,LDWP,Hydroelectric Pumped Storage,WAT,PS,250.0,250.0,"(P) Planned for installation, but regulatory approvals not initiated",P,2028,7
65690,Premium Energy Holdings,66684,Intermountain Pumped Storage Project,HL004,UT,LDWP,Hydroelectric Pumped Storage,WAT,PS,250.0,250.0,"(P) Planned for installation, but regulatory approvals not initiated",P,2028,7
65690,Premium Energy Holdings,66685,Whale Rock Pumped Storage Hydro Project,WH001,CA,CISO,Hydroelectric Pumped Storage,WAT,PS,200.0,200.0,"(P) Planned for installation, but regulatory approvals not initiated",P,2027,7
65690,Premium Energy Holdings,66685,Whale Rock Pumped Storage Hydro Project,WH002,CA,CISO,Hydroelectric Pumped Storage,WAT,PS,200.0,200.0,"(P) Planned for installation, but regulatory approvals not initiated",P,2027,7
65690,Premium Energy Holdings,66685,Whale Rock Pumped Storage Hydro Project,WH003,CA,CISO,Hydroelectric Pumped Storage,WAT,PS,200.0,200.0,"(P) Planned for installation, but regulatory approvals not initiated",P,2027,7
65690,Premium Energy Holdings,66686,Haiwee Pumped Storage Project,HL001,CA,LDWP,Hydroelectric Pumped Storage,WAT,PS,250.0,250.0,"(P) Planned for installation, but regulatory approvals not initiated",P,2028,7
65690,Premium Energy Holdings,66686,Haiwee Pumped Storage Project,HL002,CA,LDWP,Hydroelectric Pumped Storage,WAT,PS,250.0,250.0,"(P) Planned for installation, but regulatory approvals not initiated",P,2028,7
65690,Premium Energy Holdings,66686,Haiwee Pumped Storage Project,HL003,CA,LDWP,Hydroelectric Pumped Storage,WAT,PS,250.0,250.0,"(P) Planned for installation, but regulatory approvals not initiated",P,2028,7
65690,Premium Energy Holdings,66686,Haiwee Pumped Storage Project,HL004,CA,LDWP,Hydroelectric Pumped Storage,WAT,PS,250.0,250.0,"(P) Planned for installation, but regulatory approvals not initiated",P,2028,7
67582,"Intersect USA, LLC",66691,"Briggs Solar, LLC",BRIGG,TX,ERCO,Solar Photovoltaic,SUN,PV,305.0,305.0,(L) Regulatory approvals pending. Not under construction,L,2027,12
67582,"Intersect USA, LLC",66691,"Briggs Solar, LLC",BRUGG,TX,ERCO,Batteries,MWH,BA,70.5,70.5,(L) Regulatory approvals pending. Not under construction,L,2027,12
65701,Horsepen Branch Solar,66695,Horsepen Branch Solar,HRSPN,VA,PJM,Solar Photovoltaic,SUN,PV,25.0,25.0,"(P) Planned for installation, but regulatory approvals not initiated",P,2028,12
65708,Buffalo Branch Wind and Solar LLC,66701,Buffalo Branch Wind and Solar LLC,BB1,MO,AECI,Onshore Wind Turbine,WND,WT,247.0,247.0,"(P) Planned for installation, but regulatory approvals not initiated",P,2029,12
65715,Strata Clean Energy,66703,Austin Creek Solar,11103,IL,MISO,Solar Photovoltaic,SUN,PV,140.0,140.0,"(P) Planned for installation, but regulatory approvals not initiated",P,2027,9
65715,Strata Clean Energy,66706,Patoka Solar,11101,IN,MISO,Solar Photovoltaic,SUN,PV,250.0,250.0,"(P) Planned for installation, but regulatory approvals not initiated",P,2027,9
65715,Strata Clean Energy,66707,Prairie Oak Solar,11102,IL,MISO,Solar Photovoltaic,SUN,PV,250.0,250.0,"(P) Planned for installation, but regulatory approvals not initiated",P,2027,9
60025,Greenbacker Renewable Energy Corporation,66768,Hogs Bay,694,ME,ISNE,Solar Photovoltaic,SUN,PV,2.0,2.0,"(V) Under construction, more than 50 percent complete",V,2026,11
65741,"Hart Solar Partners, LLC",66778,Hart Solar Project,HS1,MI,MISO,Solar Photovoltaic,SUN,PV,120.0,120.0,"(U) Under construction, less than or equal to 50 percent complete",U,2026,9
65761,"Lighthouse Arthur Kill, LLC",66785,Elevate Arthur Kill,ELVAK,NY,NYIS,Batteries,MWH,BA,15.1,15.1,"(TS) Construction complete, but not yet in commercial operation",TS,2026,9
65762,"Lighthouse Middletown, LLC",66786,Elevate Middletown,ELVMT,CT,ISNE,Batteries,MWH,BA,275.0,275.0,"(P) Planned for installation, but regulatory approvals not initiated",P,2027,12
65764,"Lighthouse Pier S, LLC",66787,Elevate Pier S,ELVPS,CA,CISO,Batteries,MWH,BA,70.0,70.0,(L) Regulatory approvals pending. Not under construction,L,2026,12
64452,"EDF Renewables Development, Inc.",66805,Lycan Solar Project,LYCAN,CA,CISO,Solar Photovoltaic,SUN,PV,400.0,400.0,(L) Regulatory approvals pending. Not under construction,L,2027,12
64452,"EDF Renewables Development, Inc.",66805,Lycan Solar Project,LYCN2,CA,CISO,Batteries,MWH,BA,400.0,400.0,"(P) Planned for installation, but regulatory approvals not initiated",P,2030,4
64872,"Distributed Solar Development, LLC",66830,Harrah's Atlantic City - POI 1 (Meeting,P5376,NJ,PJM,Solar Photovoltaic,SUN,PV,2.3,2.3,"(U) Under construction, less than or equal to 50 percent complete",U,2026,12
65777,Urban Grid Solar,66850,Beaver Creek Solar,BEAC1,PA,PJM,Solar Photovoltaic,SUN,PV,34.2,34.2,(L) Regulatory approvals pending. Not under construction,L,2027,6
65777,Urban Grid Solar,66851,Fairview Solar (AR),FAIR1,AR,MISO,Solar Photovoltaic,SUN,PV,75.0,75.0,(L) Regulatory approvals pending. Not under construction,L,2027,12
65777,Urban Grid Solar,66852,Hillsboro Solar 3,HILL3,AL,TVA,Solar Photovoltaic,SUN,PV,200.0,200.0,(L) Regulatory approvals pending. Not under construction,L,2027,5
65777,Urban Grid Solar,66858,Spring Valley Solar 2,SPRV2,AL,TVA,Solar Photovoltaic,SUN,PV,200.0,200.0,(L) Regulatory approvals pending. Not under construction,L,2028,2
63289,Key Capture Energy,66862,"KCE NY 29, LLC",NY29,NY,NYIS,Batteries,MWH,BA,79.0,79.0,"(P) Planned for installation, but regulatory approvals not initiated",P,2030,3
12796,Monongahela Power Co,66870,Davis Solar (WV),DAVS,WV,PJM,Solar Photovoltaic,SUN,PV,11.5,11.5,(L) Regulatory approvals pending. Not under construction,L,2028,12
65805,"GulfStar Power, LLC",66871,"GulfStar Power, LLC",SOLAR,TX,ERCO,Solar Photovoltaic,SUN,PV,451.6,451.6,"(TS) Construction complete, but not yet in commercial operation",TS,2026,10
63289,Key Capture Energy,66879,"KCE CT 1, LLC",CT1,CT,ISNE,Batteries,MWH,BA,45.0,45.0,"(P) Planned for installation, but regulatory approvals not initiated",P,2031,4
65814,Innovative Solar 245 LLC,66891,Indigo Solar & Storage,245BS,TX,ERCO,Batteries,MWH,BA,180.0,180.0,"(P) Planned for installation, but regulatory approvals not initiated",P,2027,5
65814,Innovative Solar 245 LLC,66891,Indigo Solar & Storage,IS245,TX,ERCO,Solar Photovoltaic,SUN,PV,150.0,150.0,"(P) Planned for installation, but regulatory approvals not initiated",P,2027,5
62842,"Lightsource Renewable Energy Asset Management, LLC",66893,Jones City 2 Solar,TXJC2,TX,ERCO,Solar Photovoltaic,SUN,PV,185.0,185.0,"(TS) Construction complete, but not yet in commercial operation",TS,2026,10
62842,"Lightsource Renewable Energy Asset Management, LLC",66893,Jones City 2 Solar,TXJS2,TX,ERCO,Batteries,MWH,BA,200.0,200.0,"(U) Under construction, less than or equal to 50 percent complete",U,2027,3
65815,Sunraycer Assets I LLC,66894,"Albatross Solar, LLC",ALBBA,TX,ERCO,Batteries,MWH,BA,50.4,50.4,"(P) Planned for installation, but regulatory approvals not initiated",P,2027,12
65815,Sunraycer Assets I LLC,66894,"Albatross Solar, LLC",ALBPV,TX,ERCO,Solar Photovoltaic,SUN,PV,101.0,101.0,"(P) Planned for installation, but regulatory approvals not initiated",P,2027,12
65815,Sunraycer Assets I LLC,66895,"Lupinus Solar 1, LLC",LP1BA,TX,ERCO,Batteries,MWH,BA,83.0,83.0,"(P) Planned for installation, but regulatory approvals not initiated",P,2027,9
65815,Sunraycer Assets I LLC,66895,"Lupinus Solar 1, LLC",LP1PV,TX,ERCO,Solar Photovoltaic,SUN,PV,165.0,165.0,"(P) Planned for installation, but regulatory approvals not initiated",P,2027,9
65815,Sunraycer Assets I LLC,66896,"Lupinus Solar 2, LLC",LP2BA,TX,ERCO,Batteries,MWH,BA,122.9,122.9,"(P) Planned for installation, but regulatory approvals not initiated",P,2027,12
65815,Sunraycer Assets I LLC,66896,"Lupinus Solar 2, LLC",LP2PV,TX,ERCO,Solar Photovoltaic,SUN,PV,244.0,244.0,"(P) Planned for installation, but regulatory approvals not initiated",P,2027,12
12796,Monongahela Power Co,66901,Wylie Ridge Solar,WRS,WV,PJM,Solar Photovoltaic,SUN,PV,8.4,8.4,(L) Regulatory approvals pending. Not under construction,L,2027,12
65812,"Lumberton PV I, LLC",66904,"Lumberton PV I, LLC",LBTN,TX,MISO,Solar Photovoltaic,SUN,PV,200.0,200.0,"(P) Planned for installation, but regulatory approvals not initiated",P,2027,12
65819,"Ables Springs Solar, LLC",66905,Ables Springs Solar & Storage,SOLAR,TX,ERCO,Solar Photovoltaic,SUN,PV,151.0,151.0,"(TS) Construction complete, but not yet in commercial operation",TS,2026,10
64452,"EDF Renewables Development, Inc.",66908,Bonanza Solar and Storage Project,BZES,NV,CISO,Batteries,MWH,BA,195.0,195.0,(L) Regulatory approvals pending. Not under construction,L,2027,12
64452,"EDF Renewables Development, Inc.",66908,Bonanza Solar and Storage Project,BZPV,NV,CISO,Solar Photovoltaic,SUN,PV,300.0,300.0,(L) Regulatory approvals pending. Not under construction,L,2027,12
65823,"Myrtle Solar, LLC",66910,"Myrtle Solar, LLC",MYR,TX,ERCO,Solar Photovoltaic,SUN,PV,313.0,313.0,"(TS) Construction complete, but not yet in commercial operation",TS,2026,10
65829,"Hill Solar 1, LLC",66912,Hill Solar 1,HS1,TX,ERCO,Solar Photovoltaic,SUN,PV,405.0,405.0,"(TS) Construction complete, but not yet in commercial operation",TS,2026,9
65831,"Danish Fields Solar, LLC",66914,"Danish Fields Solar, LLC",DAN,TX,ERCO,Solar Photovoltaic,SUN,PV,600.0,600.0,"(TS) Construction complete, but not yet in commercial operation",TS,2026,9
65832,"Cottonwood Bayou Solar, LLC",66915,Cottonwood Bayou Solar,CTW,TX,ERCO,Solar Photovoltaic,SUN,PV,350.0,350.0,"(TS) Construction complete, but not yet in commercial operation",TS,2026,9
65837,Freestone Solar LLC,66922,Timber Cove Solar,59957,TX,ERCO,Solar Photovoltaic,SUN,PV,100.0,100.0,"(P) Planned for installation, but regulatory approvals not initiated",P,2028,5
50123,"Leeward Asset Management, LLC",66958,Northern Prairie 1,NOPR1,WI,MISO,Solar Photovoltaic,SUN,PV,101.0,101.0,(T) Regulatory approvals received. Not under construction,T,2028,12
50123,"Leeward Asset Management, LLC",66960,Blackford Solar,BLKSL,IN,PJM,Solar Photovoltaic,SUN,PV,150.0,150.0,"(V) Under construction, more than 50 percent complete",V,2026,10
50123,"Leeward Asset Management, LLC",66968,Blackford Wind,BFW00,IN,PJM,Onshore Wind Turbine,WND,WT,200.0,200.0,"(V) Under construction, more than 50 percent complete",V,2026,12
65870,"Carol Wind, LLC",66976,"Carol Wind, LLC",WAPPA,TX,ERCO,Onshore Wind Turbine,WND,WT,167.8,167.8,(T) Regulatory approvals received. Not under construction,T,2027,12
65871,"MPW Solar 1, LLC",66978,MPW Solar 1,MS1,IA,MISO,Solar Photovoltaic,SUN,PV,24.0,24.0,(T) Regulatory approvals received. Not under construction,T,2028,1
65967,"Iron Belt Energy Storage Project, LLC",67059,Iron Belt,1,TX,ERCO,Batteries,MWH,BA,400.0,400.0,"(P) Planned for installation, but regulatory approvals not initiated",P,2027,6
65986,"Gransolar Texas Three, LLC",67078,Quarter Ranch Solar,GRS3,TX,ERCO,Solar Photovoltaic,SUN,PV,154.1,154.0,(L) Regulatory approvals pending. Not under construction,L,2028,10
65998,"Flint Mine Solar, LLC",67090,Flint Mine Solar,FMS,NY,NYIS,Solar Photovoltaic,SUN,PV,100.0,100.0,(T) Regulatory approvals received. Not under construction,T,2028,3
66012,"SR Marshall, LLC",67134,"SR Marshall, LLC",MARSH,MS,TVA,Solar Photovoltaic,SUN,PV,4.8,4.8,"(TS) Construction complete, but not yet in commercial operation",TS,2026,12
49893,Invenergy Services LLC,67157,Powell Solar,PV1,OR,PACW,Solar Photovoltaic,SUN,PV,55.9,55.9,(T) Regulatory approvals received. Not under construction,T,2027,12
50123,"Leeward Asset Management, LLC",67173,Hoosier Line Solar,HLW00,IN,PJM,Solar Photovoltaic,SUN,PV,180.0,180.0,"(P) Planned for installation, but regulatory approvals not initiated",P,2027,10
59365,Capital Power Corporation,67195,Maple Leaf Solar,GEN,NC,DUK,Solar Photovoltaic,SUN,PV,73.0,73.0,(T) Regulatory approvals received. Not under construction,T,2027,4
66076,"Sun Ridge Solar, LLC",67215,Sun Ridge Solar,ENX25,VA,PJM,Solar Photovoltaic,SUN,PV,50.0,50.0,"(V) Under construction, more than 50 percent complete",V,2026,11
66100,Boralex US Operations LLC,67221,Foothills Solar (NY),NY128,NY,NYIS,Solar Photovoltaic,SUN,PV,40.0,40.0,"(P) Planned for installation, but regulatory approvals not initiated",P,2030,12
66950,Lydian Energy,67222,Yellow Viking Solar,1,TX,ERCO,Solar Photovoltaic,SUN,PV,170.0,170.0,(L) Regulatory approvals pending. Not under construction,L,2027,10
64452,"EDF Renewables Development, Inc.",67226,Rock House Solar,ROCKH,GA,SOCO,Solar Photovoltaic,SUN,PV,250.0,250.0,"(P) Planned for installation, but regulatory approvals not initiated",P,2027,11
66108,"Hinds Solar, LLC",67231,"Hinds Solar, LLC",HS,MS,MISO,Solar Photovoltaic,SUN,PV,150.0,150.0,"(U) Under construction, less than or equal to 50 percent complete",U,2027,7
18642,Tennessee Valley Authority,67233,Lawrence County Solar,SOL1,AL,TVA,Solar Photovoltaic,SUN,PV,193.0,193.0,"(P) Planned for installation, but regulatory approvals not initiated",P,2027,12
66121,Rock Rose Energy Storage LLC,67249,Rock Rose Energy Storage,RRES,TX,ERCO,Batteries,MWH,BA,200.0,200.0,"(U) Under construction, less than or equal to 50 percent complete",U,2027,3
66122,Alina Energy LLC,67250,Alina Energy LLC,ALIBS,TX,ERCO,Batteries,MWH,BA,200.0,200.0,"(P) Planned for installation, but regulatory approvals not initiated",P,2028,6
66122,Alina Energy LLC,67250,Alina Energy LLC,ALIPV,TX,ERCO,Solar Photovoltaic,SUN,PV,200.0,200.0,"(P) Planned for installation, but regulatory approvals not initiated",P,2028,6
60025,Greenbacker Renewable Energy Corporation,67253,Cherry Valley,761,IL,MISO,Solar Photovoltaic,SUN,PV,12.5,12.5,"(U) Under construction, less than or equal to 50 percent complete",U,2027,12
17612,Bear Valley Electric Service,67257,Bear Valley Battery Plant,BVEB1,CA,CISO,Batteries,MWH,BA,5.0,5.0,"(P) Planned for installation, but regulatory approvals not initiated",P,2027,4
924,"Associated Electric Coop, Inc",67262,Ripley Energy Center,RP1,OK,AECI,Natural Gas Fired Combustion Turbine,NG,GT,419.0,411.4,"(V) Under construction, more than 50 percent complete",V,2027,3
924,"Associated Electric Coop, Inc",67263,Turney Energy Center,TN1,MO,AECI,Natural Gas Fired Combustion Turbine,NG,GT,419.0,411.4,"(U) Under construction, less than or equal to 50 percent complete",U,2027,7
66127,Howard University,67265,CHP Plant,CTG-1,DC,PJM,Natural Gas Fired Combustion Turbine,NG,GT,5.7,5.3,"(V) Under construction, more than 50 percent complete",V,2026,10
66145,"Highland Ave Solar 1, LLC",67279,Borrego - Highland Ave,6572,MA,ISNE,Solar Photovoltaic,SUN,PV,5.0,5.0,"(U) Under construction, less than or equal to 50 percent complete",U,2026,11
66145,"Highland Ave Solar 1, LLC",67279,Borrego - Highland Ave,6572B,MA,ISNE,Batteries,MWH,BA,5.0,5.0,"(U) Under construction, less than or equal to 50 percent complete",U,2026,11
66149,"Magic Mountain Parkway Solar Project 2023, LLC",67283,Six Flags Magic Mountain,6569,CA,CISO,Solar Photovoltaic,SUN,PV,10.0,10.0,"(V) Under construction, more than 50 percent complete",V,2026,9
66149,"Magic Mountain Parkway Solar Project 2023, LLC",67283,Six Flags Magic Mountain,6569B,CA,CISO,Batteries,MWH,BA,2.0,2.0,"(V) Under construction, more than 50 percent complete",V,2026,9
64904,AES Clean Energy,67324,Somerset Solar LLC,NYSOM,NY,NYIS,Solar Photovoltaic,SUN,PV,100.0,125.0,"(P) Planned for installation, but regulatory approvals not initiated",P,2029,10
64904,AES Clean Energy,67325,Riverside Solar LLC,NYRIV,NY,NYIS,Solar Photovoltaic,SUN,PV,100.0,100.0,"(P) Planned for installation, but regulatory approvals not initiated",P,2029,7
66171,"SGT Hoskins Solar Project, LLC",67341,SGT Hoskins Solar Project Hybrid,NOSES,TX,ERCO,Batteries,MWH,BA,102.1,102.1,"(P) Planned for installation, but regulatory approvals not initiated",P,2027,12
66171,"SGT Hoskins Solar Project, LLC",67341,SGT Hoskins Solar Project Hybrid,NOSPV,TX,ERCO,Solar Photovoltaic,SUN,PV,204.1,204.1,"(P) Planned for installation, but regulatory approvals not initiated",P,2027,12
66178,Liberty Renewables Incorporated,67346,Hoffman Falls Wind 2,Q1335,NY,NYIS,Onshore Wind Turbine,WND,WT,103.5,102.5,"(P) Planned for installation, but regulatory approvals not initiated",P,2029,3
15399,Avangrid Power LLC,67347,Osagrove Flats Wind,OF1,IL,PJM,Onshore Wind Turbine,WND,WT,150.0,150.0,"(TS) Construction complete, but not yet in commercial operation",TS,2026,12
66181,"CPV County Line Solar, LLC",67352,"CPV County Line Solar, LLC",CPVCL,VA,PJM,Solar Photovoltaic,SUN,PV,150.0,150.0,"(P) Planned for installation, but regulatory approvals not initiated",P,2030,12
66185,Erath County Solar LLC,67353,Erath County Solar,4666,TX,ERCO,Solar Photovoltaic,SUN,PV,204.0,204.0,"(P) Planned for installation, but regulatory approvals not initiated",P,2028,12
66190,"Waco Solar II, LLC",67354,Waco Solar II,5698,TX,ERCO,Solar Photovoltaic,SUN,PV,200.0,200.0,"(P) Planned for installation, but regulatory approvals not initiated",P,2027,12
66189,"Throckmorton Wind, LLC",67356,Throckmorton Wind,6794,TX,ERCO,Onshore Wind Turbine,WND,WT,225.6,225.6,"(V) Under construction, more than 50 percent complete",V,2026,12
66188,"Vaca Del Sol, LLC",67357,Tiger Solar,4666,TX,ERCO,Solar Photovoltaic,SUN,PV,250.0,250.0,"(V) Under construction, more than 50 percent complete",V,2026,12
66187,"Lake Whitney Solar, LLC",67358,Lake Whitney Solar,4670,TX,ERCO,Solar Photovoltaic,SUN,PV,150.0,150.0,"(P) Planned for installation, but regulatory approvals not initiated",P,2027,12
66186,"Funston Solar, LLC",67359,Funston Solar,4666,TX,ERCO,Solar Photovoltaic,SUN,PV,350.0,350.0,"(V) Under construction, more than 50 percent complete",V,2026,12
66191,"Mineral Basin Solar Power, LLC",67378,Mineral Basin Solar Power,MB,PA,NYIS,Solar Photovoltaic,SUN,PV,401.6,401.6,"(P) Planned for installation, but regulatory approvals not initiated",P,2028,12
49893,Invenergy Services LLC,67379,Whitetail Wind Farm,1,WI,MISO,Onshore Wind Turbine,WND,WT,67.2,67.2,(T) Regulatory approvals received. Not under construction,T,2027,12
66027,Orsted Wind Power North America LLC,67435,Sunrise Wind,SRWND,NY,NYIS,Offshore Wind Turbine,WND,WS,924.0,924.0,"(U) Under construction, less than or equal to 50 percent complete",U,2027,10
66234,Nexus Renewables U.S. Inc.,67535,Bell Creek BESS LLC,ASHU1,TX,ERCO,Batteries,MWH,BA,200.9,200.9,"(P) Planned for installation, but regulatory approvals not initiated",P,2028,11
66252,"Greenalia Wind Power Blue Hills, LLC",67542,Blue Hills Wind Project,BHWP,TX,ERCO,Onshore Wind Turbine,WND,WT,276.0,276.0,(L) Regulatory approvals pending. Not under construction,L,2029,12
67976,"HE-Cottonwood Solar, LLC",67543,Donegal Solar Project,DOGSP,TX,ERCO,Solar Photovoltaic,SUN,PV,204.2,204.2,(T) Regulatory approvals received. Not under construction,T,2028,10
66254,"Greenalia Solar Power Leitrim, LLC",67544,Leitrim Solar Park,LEGSP,TX,ERCO,Solar Photovoltaic,SUN,PV,91.2,91.2,(T) Regulatory approvals received. Not under construction,T,2030,10
66259,Vista Sands Solar LLC,67551,Vista Sands Solar,VISTA,WI,MISO,Solar Photovoltaic,SUN,PV,1182.0,1182.0,(L) Regulatory approvals pending. Not under construction,L,2028,12
65654,Birch Creek Development,67552,Elm Flats Solar,ELMBA,TX,ERCO,Batteries,MWH,BA,50.0,50.0,"(U) Under construction, less than or equal to 50 percent complete",U,2026,9
65654,Birch Creek Development,67552,Elm Flats Solar,ELMFL,TX,ERCO,Solar Photovoltaic,SUN,PV,125.0,125.0,"(U) Under construction, less than or equal to 50 percent complete",U,2026,9
66255,"RIC Development, LLC",67555,Zephyr Storage,RIC98,TX,ERCO,Batteries,MWH,BA,185.6,185.6,"(P) Planned for installation, but regulatory approvals not initiated",P,2028,3
66255,"RIC Development, LLC",67556,Serrano BESS,RIC97,TX,ERCO,Batteries,MWH,BA,185.6,185.6,"(P) Planned for installation, but regulatory approvals not initiated",P,2028,4
66255,"RIC Development, LLC",67558,Blackcat BESS,RIC96,TX,ERCO,Batteries,MWH,BA,200.6,200.6,"(P) Planned for installation, but regulatory approvals not initiated",P,2028,4
66255,"RIC Development, LLC",67559,Dunlay Solar,RIC95,TX,ERCO,Solar Photovoltaic,SUN,PV,180.4,150.5,"(P) Planned for installation, but regulatory approvals not initiated",P,2030,5
66255,"RIC Development, LLC",67560,Edens Solar,RIC94,TX,ERCO,Solar Photovoltaic,SUN,PV,70.0,70.0,"(P) Planned for installation, but regulatory approvals not initiated",P,2028,9
66255,"RIC Development, LLC",67561,Callan Solar,RIC93,TX,ERCO,Solar Photovoltaic,SUN,PV,90.0,90.0,"(P) Planned for installation, but regulatory approvals not initiated",P,2028,4
66255,"RIC Development, LLC",67562,Stonewall Solar,RIC92,TX,ERCO,Solar Photovoltaic,SUN,PV,60.2,60.2,"(P) Planned for installation, but regulatory approvals not initiated",P,2028,4
66258,"Greenalia Solar Power Ratcliff, LLC",67563,Ratcliff Solar Park,RAGSP,TX,ERCO,Solar Photovoltaic,SUN,PV,78.8,78.8,(T) Regulatory approvals received. Not under construction,T,2029,8
66260,"Greenalia Solar Power Reis, LLC",67564,Reis Solar Park,REGSP,TX,ERCO,Solar Photovoltaic,SUN,PV,105.5,105.5,(T) Regulatory approvals received. Not under construction,T,2029,5
66266,Form Energy Inc.,67565,East Road Storage Project,CEC01,CA,CISO,Batteries,MWH,BA,1.0,1.0,(T) Regulatory approvals received. Not under construction,T,2027,6
66261,"Greenalia Solar Power Roscommon, LLC",67566,Roscommon Solar Park,ROGSP,TX,ERCO,Solar Photovoltaic,SUN,PV,82.8,82.8,(T) Regulatory approvals received. Not under construction,T,2029,10
66262,"Greenalia Solar Power Wensowitch, LLC",67567,Wensowitch Solar Park,WEGSP,TX,ERCO,Solar Photovoltaic,SUN,PV,145.6,145.6,(T) Regulatory approvals received. Not under construction,T,2028,11
66263,"Greenalia Solar Power Wittig, LLC",67568,Wittig Solar Park,WIGSP,TX,ERCO,Solar Photovoltaic,SUN,PV,96.0,96.0,(T) Regulatory approvals received. Not under construction,T,2029,12
66272,"Cedar Hill ESS Assets, LLC",67570,Cedar Hill ESS,3004,TX,ERCO,Batteries,MWH,BA,10.0,10.0,(L) Regulatory approvals pending. Not under construction,L,2030,6
64545,Vesper Energy Development LLC,67575,TX Nazareth Solar,NZRTH,TX,ERCO,Solar Photovoltaic,SUN,PV,201.0,201.0,(T) Regulatory approvals received. Not under construction,T,2027,8
19436,Union Electric Co - (MO),67576,Castle Bluff Energy Center,1,MO,MISO,Natural Gas Fired Combustion Turbine,NG,GT,216.0,175.0,"(P) Planned for installation, but regulatory approvals not initiated",P,2027,10
19436,Union Electric Co - (MO),67576,Castle Bluff Energy Center,2,MO,MISO,Natural Gas Fired Combustion Turbine,NG,GT,216.0,175.0,"(P) Planned for installation, but regulatory approvals not initiated",P,2027,10
19436,Union Electric Co - (MO),67576,Castle Bluff Energy Center,3,MO,MISO,Natural Gas Fired Combustion Turbine,NG,GT,216.0,175.0,"(P) Planned for installation, but regulatory approvals not initiated",P,2027,10
65144,"Samsung C&T Renewables, LLC",67581,Cairos Solar and Storage,CIRSA,TX,ERCO,Solar Photovoltaic,SUN,PV,153.3,153.3,"(P) Planned for installation, but regulatory approvals not initiated",P,2027,6
65144,"Samsung C&T Renewables, LLC",67581,Cairos Solar and Storage,CIRSB,TX,ERCO,Batteries,MWH,BA,77.3,77.3,"(P) Planned for installation, but regulatory approvals not initiated",P,2027,6
66300,NY CDG Genesee 1 LLC,67609,NY ELBA 7195 OAK ORCHARD RD - Genesee 1,21599,NY,NYIS,Solar Photovoltaic,SUN,PV,5.0,5.0,"(U) Under construction, less than or equal to 50 percent complete",U,2026,12
67549,38DN Asset Management LLC,67637,Gillard,GILLD,IL,PJM,Solar Photovoltaic,SUN,PV,5.0,5.0,"(U) Under construction, less than or equal to 50 percent complete",U,2026,11
65677,Dimension Energy LLC,67639,Leatherleaf,LLEAF,NY,NYIS,Solar Photovoltaic,SUN,PV,5.0,5.0,(L) Regulatory approvals pending. Not under construction,L,2027,2
67549,38DN Asset Management LLC,67643,Solitude,SOLIT,IL,PJM,Solar Photovoltaic,SUN,PV,5.0,5.0,"(U) Under construction, less than or equal to 50 percent complete",U,2026,11
61060,Cypress Creek Renewables,67645,Varnsen,TWNDA,IL,MISO,Solar Photovoltaic,SUN,PV,5.0,5.0,(L) Regulatory approvals pending. Not under construction,L,2027,7
61060,Cypress Creek Renewables,67647,Kinglet,KINGL,VA,PJM,Solar Photovoltaic,SUN,PV,5.0,5.0,(L) Regulatory approvals pending. Not under construction,L,2027,12
61060,Cypress Creek Renewables,67649,Amerada,AMERA,TX,ERCO,Solar Photovoltaic,SUN,PV,300.0,300.0,(L) Regulatory approvals pending. Not under construction,L,2029,7
61060,Cypress Creek Renewables,67650,Bear Ridge,BEARR,NY,NYIS,Solar Photovoltaic,SUN,PV,93.0,93.0,(L) Regulatory approvals pending. Not under construction,L,2028,5
61060,Cypress Creek Renewables,67652,Bhalu,BHALU,TX,ERCO,Batteries,MWH,BA,200.0,200.0,(L) Regulatory approvals pending. Not under construction,L,2027,12
61060,Cypress Creek Renewables,67653,Carriger,CARRI,WA,BPAT,Solar Photovoltaic,SUN,PV,160.0,160.0,(L) Regulatory approvals pending. Not under construction,L,2028,11
61060,Cypress Creek Renewables,67655,Elk Run,ELKRN,CO,PSCO,Solar Photovoltaic,SUN,PV,200.0,200.0,(L) Regulatory approvals pending. Not under construction,L,2029,6
61060,Cypress Creek Renewables,67657,Hanson,HANSO,TX,ERCO,Solar Photovoltaic,SUN,PV,396.0,396.0,(L) Regulatory approvals pending. Not under construction,L,2027,7
61060,Cypress Creek Renewables,67661,Oxbow Hill,OXHIL,NY,NYIS,Solar Photovoltaic,SUN,PV,140.0,140.0,(L) Regulatory approvals pending. Not under construction,L,2029,5
61060,Cypress Creek Renewables,67663,Scotch Grove Solar,SGROV,NC,CPLE,Solar Photovoltaic,SUN,PV,80.0,80.0,(L) Regulatory approvals pending. Not under construction,L,2027,9
61060,Cypress Creek Renewables,67664,Soleil,SOLEI,TX,ERCO,Solar Photovoltaic,SUN,PV,450.0,450.0,(L) Regulatory approvals pending. Not under construction,L,2028,12
61060,Cypress Creek Renewables,67665,South Davidson,SDAVI,NC,DUK,Solar Photovoltaic,SUN,PV,80.0,80.0,(L) Regulatory approvals pending. Not under construction,L,2027,10
61060,Cypress Creek Renewables,67666,Sundance (CO),SUNBA,CO,PSCO,Batteries,MWH,BA,50.0,50.0,"(U) Under construction, less than or equal to 50 percent complete",U,2026,9
61060,Cypress Creek Renewables,67666,Sundance (CO),SUNDN,CO,PSCO,Solar Photovoltaic,SUN,PV,74.9,74.9,"(U) Under construction, less than or equal to 50 percent complete",U,2026,9
61060,Cypress Creek Renewables,67667,"Third Coast BESS, LLC",3COAS,TX,ERCO,Batteries,MWH,BA,100.0,100.0,(T) Regulatory approvals received. Not under construction,T,2027,11
17470,PUD No 1 of Snohomish County - (WA),67669,Arlington Battery Energy Storage System,ABESS,WA,BPAT,Batteries,MWH,BA,25.0,25.0,"(U) Under construction, less than or equal to 50 percent complete",U,2026,9
65815,Sunraycer Assets I LLC,67674,Lupinus Storage 3,LUPE3,TX,ERCO,Batteries,MWH,BA,50.9,50.9,"(U) Under construction, less than or equal to 50 percent complete",U,2027,6
66318,"Zeta Solar, LLC",67676,Zeta Solar & Storage,GEN01,CA,CISO,Solar Photovoltaic,SUN,PV,75.0,75.0,"(U) Under construction, less than or equal to 50 percent complete",U,2027,6
66318,"Zeta Solar, LLC",67676,Zeta Solar & Storage,GEN02,CA,CISO,Batteries,MWH,BA,75.0,75.0,"(U) Under construction, less than or equal to 50 percent complete",U,2027,6
66344,Kingstree West 115 LLC,67723,Kingstree West 115,SOLAR,SC,CPLE,Solar Photovoltaic,SUN,PV,74.9,74.9,"(TS) Construction complete, but not yet in commercial operation",TS,2026,10
14354,PacifiCorp,67741,OIT BESS,I,OR,PACW,Batteries,MWH,BA,2.0,2.0,"(U) Under construction, less than or equal to 50 percent complete",U,2027,12
66358,Russell Pacific LLC,67749,Pistachio Road 1726-WD,TWISS,CA,CISO,Solar Photovoltaic,SUN,PV,4.8,4.8,"(V) Under construction, more than 50 percent complete",V,2026,9
5109,DTE Electric Company,67755,Little Trout Solar,LTRSP,MI,MISO,Solar Photovoltaic,SUN,PV,150.0,150.0,"(V) Under construction, more than 50 percent complete",V,2026,12
5109,DTE Electric Company,67759,Trenton Channel Energy Center,TCHEC,MI,MISO,Batteries,MWH,BA,220.0,220.0,"(V) Under construction, more than 50 percent complete",V,2026,12
66369,Mission Clean Energy Devco LLC,67767,Bramble Energy Center,BECBA,TX,ERCO,Batteries,MWH,BA,225.1,225.1,"(P) Planned for installation, but regulatory approvals not initiated",P,2029,4
66369,Mission Clean Energy Devco LLC,67768,Cumbia Energy Center,CECBA,TX,ERCO,Batteries,MWH,BA,200.0,200.0,"(P) Planned for installation, but regulatory approvals not initiated",P,2027,9
66367,"Pittsburg RV & Boat Storage, LLC",67770,Pittsburg RV Solar,30200,CA,CISO,Solar Photovoltaic,SUN,PV,2.8,2.9,"(TS) Construction complete, but not yet in commercial operation",TS,2026,12
66370,Gransolar Texas Nine LLC,67772,Braswell Solar,GRS9,TX,ERCO,Solar Photovoltaic,SUN,PV,44.2,42.6,(L) Regulatory approvals pending. Not under construction,L,2028,3
66371,Gransolar Texas Twenty LLC,67773,Cosper Solar,GRS20,TX,ERCO,Solar Photovoltaic,SUN,PV,148.2,148.0,(L) Regulatory approvals pending. Not under construction,L,2027,11
65986,"Gransolar Texas Three, LLC",67774,Pecan BESS,GRS3,TX,ERCO,Batteries,MWH,BA,157.1,157.1,(L) Regulatory approvals pending. Not under construction,L,2028,12
66373,Gransolar Texas Two LLC,67776,Cuchillas PV and BESS,GRS2B,TX,ERCO,Batteries,MWH,BA,306.9,306.9,(L) Regulatory approvals pending. Not under construction,L,2028,12
66373,Gransolar Texas Two LLC,67776,Cuchillas PV and BESS,GRS2P,TX,ERCO,Solar Photovoltaic,SUN,PV,305.6,305.6,(L) Regulatory approvals pending. Not under construction,L,2028,12
66374,Gransolar Texas Four LLC,67777,Harryoung PV and BESS,GRS4B,TX,ERCO,Batteries,MWH,BA,190.0,190.0,(L) Regulatory approvals pending. Not under construction,L,2028,5
66374,Gransolar Texas Four LLC,67777,Harryoung PV and BESS,GRS4P,TX,ERCO,Solar Photovoltaic,SUN,PV,190.0,190.0,(L) Regulatory approvals pending. Not under construction,L,2028,5
66375,"Gransolar Texas Sixteen, LLC",67778,Findley PV and BESS,GR16B,TX,ERCO,Batteries,MWH,BA,50.3,50.3,(L) Regulatory approvals pending. Not under construction,L,2028,1
66375,"Gransolar Texas Sixteen, LLC",67778,Findley PV and BESS,GR16P,TX,ERCO,Solar Photovoltaic,SUN,PV,50.3,50.3,(L) Regulatory approvals pending. Not under construction,L,2028,1
66376,Gransolar Texas Five LLC,67779,Hayrick BESS,GRS5,TX,ERCO,Batteries,MWH,BA,113.9,113.9,(L) Regulatory approvals pending. Not under construction,L,2028,3
66378,Gransolar Texas Seven LLC,67781,Lampe Solar,GRS7,TX,ERCO,Solar Photovoltaic,SUN,PV,60.2,60.2,(L) Regulatory approvals pending. Not under construction,L,2027,12
66380,Gransolar Texas Twenty Two LLC,67782,RedSun PV and BESS,GS22B,TX,ERCO,Batteries,MWH,BA,84.0,84.0,(L) Regulatory approvals pending. Not under construction,L,2028,7
66380,Gransolar Texas Twenty Two LLC,67782,RedSun PV and BESS,GS22P,TX,ERCO,Solar Photovoltaic,SUN,PV,84.0,84.0,(L) Regulatory approvals pending. Not under construction,L,2028,7
66381,Gransolar Texas Twelve LLC,67783,Ventures BESS,GRS12,TX,ERCO,Batteries,MWH,BA,226.8,226.8,(L) Regulatory approvals pending. Not under construction,L,2028,9
66382,Gransolar Texas Eleven LLC,67784,Vial BESS,GRS11,TX,ERCO,Batteries,MWH,BA,141.4,141.4,(L) Regulatory approvals pending. Not under construction,L,2027,9
66383,Gransolar Texas Nineteen LLC,67785,Whistle Solar,GRS19,TX,ERCO,Solar Photovoltaic,SUN,PV,56.3,56.3,(L) Regulatory approvals pending. Not under construction,L,2028,5
66385,Gransolar Texas Ten LLC,67788,Payne Battlecreek Solar,GRS10,TX,ERCO,Solar Photovoltaic,SUN,PV,85.0,85.0,(L) Regulatory approvals pending. Not under construction,L,2027,8
66384,"GRS BESS Texas Seven, LLC",67798,Steelhead Energy Storage,GRS7,TX,ERCO,Batteries,MWH,BA,193.7,190.1,(L) Regulatory approvals pending. Not under construction,L,2027,9
65265,Repsol Renewables NA,67819,Robinson Solar,CRSB1,NV,NEVP,Batteries,MWH,BA,300.0,300.0,"(P) Planned for installation, but regulatory approvals not initiated",P,2029,12
65265,Repsol Renewables NA,67819,Robinson Solar,CRSS1,NV,NEVP,Solar Photovoltaic,SUN,PV,300.0,300.0,"(P) Planned for installation, but regulatory approvals not initiated",P,2029,12
66412,"Emeren US, LLC",67836,Gibson Solar Project - Hybrid,GSP1,CA,CISO,Solar Photovoltaic,SUN,PV,13.0,13.0,(T) Regulatory approvals received. Not under construction,T,2027,12
66412,"Emeren US, LLC",67836,Gibson Solar Project - Hybrid,GSP2,CA,CISO,Batteries,MWH,BA,13.0,13.0,(T) Regulatory approvals received. Not under construction,T,2027,12
66413,Ray Ranch Solar LLC,67837,Ray Ranch Solar,RAYRS,TX,ERCO,Solar Photovoltaic,SUN,PV,255.2,255.2,"(TS) Construction complete, but not yet in commercial operation",TS,2026,9
63289,Key Capture Energy,67838,"KCE NY 30, LLC",NY30,NY,NYIS,Batteries,MWH,BA,50.0,50.0,"(P) Planned for installation, but regulatory approvals not initiated",P,2030,12
63289,Key Capture Energy,67839,"KCE NY 31, LLC",NY31,NY,NYIS,Batteries,MWH,BA,50.0,50.0,"(P) Planned for installation, but regulatory approvals not initiated",P,2031,5
66427,McDowell Creek Solar LLC,67857,McDowell Creek Solar LLC,MCDOW,NC,DUK,Solar Photovoltaic,SUN,PV,2.0,2.0,"(V) Under construction, more than 50 percent complete",V,2026,10
66426,Dill Holdings LLC,67858,Dill Holdings LLC,DILL1,NC,DUK,Solar Photovoltaic,SUN,PV,10.0,10.0,"(U) Under construction, less than or equal to 50 percent complete",U,2027,6
66430,Kingstree East 230 LLC,67862,Kingstree East 230 Solar Project,SOLAR,SC,SC,Solar Photovoltaic,SUN,PV,249.0,249.0,(T) Regulatory approvals received. Not under construction,T,2029,12
66446,"Clermont Solar, LLC",67870,Clermont Solar,ENX34,PA,PJM,Solar Photovoltaic,SUN,PV,120.0,120.0,"(U) Under construction, less than or equal to 50 percent complete",U,2026,11
66447,Gladys Solar LLC,67871,Gladys Solar LLC,ENX29,VA,PJM,Solar Photovoltaic,SUN,PV,60.4,60.4,"(P) Planned for installation, but regulatory approvals not initiated",P,2027,10
66448,Parks Valley Energy LLC,67874,Parks Valley Energy LLC,ENX32,WV,PJM,Batteries,MWH,BA,150.0,150.0,"(P) Planned for installation, but regulatory approvals not initiated",P,2027,12
66451,"Stony Creek Solar, LLC",67879,Stony Creek Solar,ENX26,PA,PJM,Solar Photovoltaic,SUN,PV,15.0,15.0,(T) Regulatory approvals received. Not under construction,T,2028,10
66461,Two Oaks Solar and Storage,67884,Two Oaks Solar and Storage LLC,ENX27,VA,PJM,Solar Photovoltaic,SUN,PV,118.0,118.0,"(P) Planned for installation, but regulatory approvals not initiated",P,2029,11
66461,Two Oaks Solar and Storage,67884,Two Oaks Solar and Storage LLC,ENX28,VA,PJM,Batteries,MWH,BA,50.0,50.0,"(P) Planned for installation, but regulatory approvals not initiated",P,2027,11
66463,"51LV 8me, LLC",67894,Bellefield 3 Solar and Battery Storage,51LVA,CA,CISO,Solar Photovoltaic,SUN,PV,150.0,150.0,"(P) Planned for installation, but regulatory approvals not initiated",P,2030,5
66463,"51LV 8me, LLC",67894,Bellefield 3 Solar and Battery Storage,51LVB,CA,CISO,Batteries,MWH,BA,150.0,150.0,"(P) Planned for installation, but regulatory approvals not initiated",P,2030,5
66465,"229HD 8me, LLC",67896,Holstein 2 Battery Storage,229HD,TX,ERCO,Batteries,MWH,BA,100.0,100.0,"(P) Planned for installation, but regulatory approvals not initiated",P,2029,5
12685,Entergy Mississippi LLC,67914,Delta Blues Advanced Power Station,1A,MS,MISO,Natural Gas Fired Combined Cycle,NG,CT,477.0,422.2,(L) Regulatory approvals pending. Not under construction,L,2028,5
12685,Entergy Mississippi LLC,67914,Delta Blues Advanced Power Station,1C,MS,MISO,Natural Gas Fired Combined Cycle,NG,CA,341.7,291.5,(L) Regulatory approvals pending. Not under construction,L,2028,5
65144,"Samsung C&T Renewables, LLC",67917,"Champaign BESS, LLC",CHMPN,TX,ERCO,Batteries,MWH,BA,202.7,202.7,"(P) Planned for installation, but regulatory approvals not initiated",P,2027,6
65144,"Samsung C&T Renewables, LLC",67918,"Dios BESS, LLC",DIOS,TX,ERCO,Batteries,MWH,BA,201.6,201.6,"(P) Planned for installation, but regulatory approvals not initiated",P,2027,3
65144,"Samsung C&T Renewables, LLC",67919,"Dolce BESS, LLC",DOLCE,TX,ERCO,Batteries,MWH,BA,101.4,101.4,"(P) Planned for installation, but regulatory approvals not initiated",P,2028,4
66487,"Goshen Solar, LLC",67936,Goshen Solar,GS1,WY,WACM,Solar Photovoltaic,SUN,PV,163.0,163.0,(T) Regulatory approvals received. Not under construction,T,2030,12
66488,"Flora Solar, LLC",67937,Flora Solar,FLOSO,IL,PJM,Solar Photovoltaic,SUN,PV,125.0,125.0,"(P) Planned for installation, but regulatory approvals not initiated",P,2027,12
64545,Vesper Energy Development LLC,67945,Juniper Creek Storage,JCSIB,CA,CISO,Batteries,MWH,BA,200.0,200.0,(T) Regulatory approvals received. Not under construction,T,2028,3
66508,"Moonlight Flats Solar Power, LLC",67950,Moonlight Flats Solar Power 1,MFS1,PA,NYIS,Solar Photovoltaic,SUN,PV,250.0,250.0,"(P) Planned for installation, but regulatory approvals not initiated",P,2030,12
66511,"Boyles Run Solar I, LLC",67954,BAI-Boyles Run-Phase I,BRPV1,PA,PJM,Solar Photovoltaic,SUN,PV,15.9,15.9,"(P) Planned for installation, but regulatory approvals not initiated",P,2028,9
66512,"Boyles Run Solar II, LLC",67955,BAI-Boyles Run-Phase 2,BRPV2,PA,PJM,Solar Photovoltaic,SUN,PV,15.9,15.9,"(P) Planned for installation, but regulatory approvals not initiated",P,2028,9
66509,Red River Clean Energy,67956,Concho Pearl Solar and Storage,CONBS,TX,ERCO,Batteries,MWH,BA,162.4,162.4,(T) Regulatory approvals received. Not under construction,T,2027,10
66509,Red River Clean Energy,67956,Concho Pearl Solar and Storage,CONPV,TX,ERCO,Solar Photovoltaic,SUN,PV,171.9,171.9,(T) Regulatory approvals received. Not under construction,T,2027,10
803,Arizona Public Service Co,67964,Agave,A400M,AZ,AZPS,Batteries,MWH,BA,150.0,150.0,"(TS) Construction complete, but not yet in commercial operation",TS,2026,10
66521,Hodson Greendefine Jay Desoto LLC,67966,New Jay PV & BESS,NEWJ1,IN,PJM,Solar Photovoltaic,SUN,PV,39.0,39.0,"(P) Planned for installation, but regulatory approvals not initiated",P,2028,9
66524,Cattlemen Solar Park II LLC,67976,Cattlemen Solar II,GEN01,TX,ERCO,Solar Photovoltaic,SUN,PV,200.0,200.0,"(TS) Construction complete, but not yet in commercial operation",TS,2026,10
66525,"Quaker Creek Farm Solar, LLC",67977,Quaker Creek Farm Solar,QUACR,NC,DUK,Solar Photovoltaic,SUN,PV,34.9,34.9,"(U) Under construction, less than or equal to 50 percent complete",U,2027,1
17166,Sierra Pacific Power Co,67978,Sierra Solar Hybrid,SSPV1,NV,NEVP,Solar Photovoltaic,SUN,PV,400.0,400.0,"(TS) Construction complete, but not yet in commercial operation",TS,2026,12
64545,Vesper Energy Development LLC,67982,Athens Solar I (Hybrid),ATHS1,CA,CISO,Solar Photovoltaic,SUN,PV,250.0,250.0,"(P) Planned for installation, but regulatory approvals not initiated",P,2028,6
64545,Vesper Energy Development LLC,67982,Athens Solar I (Hybrid),ATHSB,CA,CISO,Batteries,MWH,BA,250.0,250.0,"(P) Planned for installation, but regulatory approvals not initiated",P,2028,6
64545,Vesper Energy Development LLC,67983,Aurora Renewable Energy (Hybrid),AURRB,CA,BANC,Batteries,MWH,BA,50.0,50.0,"(P) Planned for installation, but regulatory approvals not initiated",P,2028,4
64545,Vesper Energy Development LLC,67983,Aurora Renewable Energy (Hybrid),AURRE,CA,BANC,Solar Photovoltaic,SUN,PV,50.0,50.0,"(P) Planned for installation, but regulatory approvals not initiated",P,2028,4
64545,Vesper Energy Development LLC,67984,Firefly Solar PA,FFLPA,PA,PJM,Solar Photovoltaic,SUN,PV,401.6,401.6,(L) Regulatory approvals pending. Not under construction,L,2027,12
64545,Vesper Energy Development LLC,67985,Hornet Solar II (TX) (Hybrid),HRNT2,TX,ERCO,Solar Photovoltaic,SUN,PV,200.0,200.0,(L) Regulatory approvals pending. Not under construction,L,2028,3
64545,Vesper Energy Development LLC,67985,Hornet Solar II (TX) (Hybrid),HRT2B,TX,ERCO,Batteries,MWH,BA,200.0,200.0,(L) Regulatory approvals pending. Not under construction,L,2028,3
64545,Vesper Energy Development LLC,67986,Meadow Springs Renewable Energy (Hybrid),MSPRB,IL,MISO,Batteries,MWH,BA,150.0,150.0,"(P) Planned for installation, but regulatory approvals not initiated",P,2028,6
64545,Vesper Energy Development LLC,67986,Meadow Springs Renewable Energy (Hybrid),MSPRE,IL,MISO,Solar Photovoltaic,SUN,PV,150.0,150.0,"(P) Planned for installation, but regulatory approvals not initiated",P,2028,6
64545,Vesper Energy Development LLC,67987,Mystic Springs Renewable Energy (Hybrid),MYSPB,TX,ERCO,Batteries,MWH,BA,250.0,250.0,"(P) Planned for installation, but regulatory approvals not initiated",P,2028,3
64545,Vesper Energy Development LLC,67987,Mystic Springs Renewable Energy (Hybrid),MYSPS,TX,ERCO,Solar Photovoltaic,SUN,PV,250.0,250.0,"(P) Planned for installation, but regulatory approvals not initiated",P,2028,3
66530,"Sandersville Solar, LLC",67988,Sandersville Solar,PGR28,GA,SOCO,Solar Photovoltaic,SUN,PV,50.0,50.0,(L) Regulatory approvals pending. Not under construction,L,2027,10
66531,"Drawhorn Solar, LLC",67989,Drawhorn Solar,PGR28,GA,SOCO,Solar Photovoltaic,SUN,PV,80.0,80.0,(L) Regulatory approvals pending. Not under construction,L,2027,11
15399,Avangrid Power LLC,67990,Bright Mountain Solar,BM1,KY,PJM,Solar Photovoltaic,SUN,PV,80.0,80.0,"(P) Planned for installation, but regulatory approvals not initiated",P,2027,12
66542,"Piney Woods Solar, LLC",67995,Piney Woods Solar,PWS,TX,MISO,Solar Photovoltaic,SUN,PV,150.0,150.0,"(V) Under construction, more than 50 percent complete",V,2027,2
66535,Belgian Renewable Energy Group (BREG),67996,Leuven Solar LLC,SEPAS,TX,ERCO,Solar Photovoltaic,SUN,PV,217.0,217.0,"(P) Planned for installation, but regulatory approvals not initiated",P,2029,12
4254,Consumers Energy Co - (MI),67998,Karn Solar Energy Center,KSEC,MI,MISO,Solar Photovoltaic,SUN,PV,80.0,80.0,"(U) Under construction, less than or equal to 50 percent complete",U,2026,12
4254,Consumers Energy Co - (MI),67999,Spring Creek Agri-Energy Center,SCAEC,MI,MISO,Solar Photovoltaic,SUN,PV,140.0,140.0,"(U) Under construction, less than or equal to 50 percent complete",U,2026,12
66552,Blue Moon Energy LLC,68000,Blue Moon,BLUMN,KY,PJM,Solar Photovoltaic,SUN,PV,70.0,70.0,"(V) Under construction, more than 50 percent complete",V,2026,9
66544,"Foley Solar, LLC",68002,"Foley Solar, LLC",FOLEY,AL,SOCO,Solar Photovoltaic,SUN,PV,80.0,80.0,"(TS) Construction complete, but not yet in commercial operation",TS,2026,10
64545,Vesper Energy Development LLC,68014,Bradford Solar PA,BRDFS,PA,PJM,Solar Photovoltaic,SUN,PV,100.5,100.5,(L) Regulatory approvals pending. Not under construction,L,2027,12
60059,ZGlobal Inc,68018,Merced BESS,MRCDB,CA,CISO,Batteries,MWH,BA,3.0,3.0,"(TS) Construction complete, but not yet in commercial operation",TS,2026,9
65144,"Samsung C&T Renewables, LLC",68019,Richwood Solar and Storage,RICBA,OH,PJM,Batteries,MWH,BA,50.0,50.0,"(P) Planned for installation, but regulatory approvals not initiated",P,2028,12
66554,Cowboy Solar I,68022,Cowboy Solar I,CLP20,WY,WACM,Solar Photovoltaic,SUN,PV,400.0,400.0,"(P) Planned for installation, but regulatory approvals not initiated",P,2028,3
66554,Cowboy Solar I,68022,Cowboy Solar I,CLPBS,WY,WACM,Batteries,MWH,BA,400.0,400.0,"(P) Planned for installation, but regulatory approvals not initiated",P,2028,12
12685,Entergy Mississippi LLC,68028,Delta Solar Plant,DSP,LA,MISO,Solar Photovoltaic,SUN,PV,80.0,80.0,"(P) Planned for installation, but regulatory approvals not initiated",P,2027,11
12685,Entergy Mississippi LLC,68029,Penton Solar Plant,PSP,MS,MISO,Solar Photovoltaic,SUN,PV,190.0,190.0,"(P) Planned for installation, but regulatory approvals not initiated",P,2028,3
64545,Vesper Energy Development LLC,68030,Red Hollow Renewable Energy,RDHLW,TX,ERCO,Solar Photovoltaic,SUN,PV,300.0,300.0,"(P) Planned for installation, but regulatory approvals not initiated",P,2027,10
64545,Vesper Energy Development LLC,68030,Red Hollow Renewable Energy,RHLWB,TX,ERCO,Batteries,MWH,BA,300.0,300.0,"(P) Planned for installation, but regulatory approvals not initiated",P,2027,10
64545,Vesper Energy Development LLC,68031,Scopus Solar,SCPSB,MO,MISO,Batteries,MWH,BA,200.0,200.0,"(P) Planned for installation, but regulatory approvals not initiated",P,2027,12
64545,Vesper Energy Development LLC,68031,Scopus Solar,SCPSR,MO,MISO,Solar Photovoltaic,SUN,PV,200.0,200.0,"(P) Planned for installation, but regulatory approvals not initiated",P,2027,12
64545,Vesper Energy Development LLC,68032,Skylight Renewable Energy,SKLRE,CA,WALC,Solar Photovoltaic,SUN,PV,100.0,100.0,"(P) Planned for installation, but regulatory approvals not initiated",P,2028,6
64545,Vesper Energy Development LLC,68032,Skylight Renewable Energy,SKREB,CA,WALC,Batteries,MWH,BA,100.0,100.0,"(P) Planned for installation, but regulatory approvals not initiated",P,2028,6
64545,Vesper Energy Development LLC,68033,Sunrose Renewable Energy,SNRSE,TX,ERCO,Solar Photovoltaic,SUN,PV,300.0,300.0,"(P) Planned for installation, but regulatory approvals not initiated",P,2027,12
64545,Vesper Energy Development LLC,68033,Sunrose Renewable Energy,SRSEB,TX,ERCO,Batteries,MWH,BA,300.0,300.0,"(P) Planned for installation, but regulatory approvals not initiated",P,2027,12
64545,Vesper Energy Development LLC,68034,Sunscape Renewable Energy,SNSCB,TX,ERCO,Batteries,MWH,BA,500.0,500.0,"(P) Planned for installation, but regulatory approvals not initiated",P,2028,10
64545,Vesper Energy Development LLC,68034,Sunscape Renewable Energy,SNSCP,TX,ERCO,Solar Photovoltaic,SUN,PV,500.0,500.0,"(P) Planned for installation, but regulatory approvals not initiated",P,2028,10
64545,Vesper Energy Development LLC,68035,Syracuse and Tours Renewable Energy,SYTOB,CA,CISO,Batteries,MWH,BA,40.0,40.0,(T) Regulatory approvals received. Not under construction,T,2027,11
64545,Vesper Energy Development LLC,68035,Syracuse and Tours Renewable Energy,SYTOR,CA,CISO,Solar Photovoltaic,SUN,PV,40.0,40.0,(T) Regulatory approvals received. Not under construction,T,2027,11
64545,Vesper Energy Development LLC,68036,Vichy Solar,VCHSB,MO,MISO,Batteries,MWH,BA,200.0,200.0,"(P) Planned for installation, but regulatory approvals not initiated",P,2027,12
64545,Vesper Energy Development LLC,68036,Vichy Solar,VCHSR,MO,MISO,Solar Photovoltaic,SUN,PV,200.0,200.0,"(P) Planned for installation, but regulatory approvals not initiated",P,2027,12
50123,"Leeward Asset Management, LLC",68039,Elisabeth Solar,ELISA,AZ,CISO,Solar Photovoltaic,SUN,PV,350.0,350.0,(L) Regulatory approvals pending. Not under construction,L,2028,9
64904,AES Clean Energy,68040,Sycamore Cross Solar,SYCAM,VA,PJM,Solar Photovoltaic,SUN,PV,208.2,208.2,"(P) Planned for installation, but regulatory approvals not initiated",P,2029,6
64904,AES Clean Energy,68043,Robeson Solar I,ROBES,NC,CPLE,Solar Photovoltaic,SUN,PV,80.0,80.0,"(P) Planned for installation, but regulatory approvals not initiated",P,2028,12
64904,AES Clean Energy,68043,Robeson Solar I,ROBSS,NC,CPLE,Batteries,MWH,BA,28.0,28.0,"(P) Planned for installation, but regulatory approvals not initiated",P,2028,12
66564,Rodatherm Energy Corporation,68044,Rodatherm Milford 1,RODA1,UT,PACE,Geothermal,GEO,BT,1.8,1.2,"(U) Under construction, less than or equal to 50 percent complete",U,2028,1
6455,"Duke Energy Florida, LLC",68052,Bailey Mill Solar,PV1,FL,FPC,Solar Photovoltaic,SUN,PV,74.9,74.9,"(V) Under construction, more than 50 percent complete",V,2026,9
55937,Entergy Texas Inc.,68053,Legend Power Station,LEG,TX,ERCO,Natural Gas Fired Combined Cycle,NG,CC,754.0,723.0,(L) Regulatory approvals pending. Not under construction,L,2028,7
11479,Madison Gas & Electric Co,68054,Sunnyside Solar Energy Center,SNSB,WI,MISO,Batteries,MWH,BA,40.0,40.0,"(V) Under construction, more than 50 percent complete",V,2026,11
11479,Madison Gas & Electric Co,68054,Sunnyside Solar Energy Center,SNSS,WI,MISO,Solar Photovoltaic,SUN,PV,20.0,20.0,"(V) Under construction, more than 50 percent complete",V,2026,11
66568,"Alabama Creek Solar, LLC",68057,Alabama Creek Solar,BAMA1,AL,SOCO,Solar Photovoltaic,SUN,PV,80.0,80.0,(T) Regulatory approvals received. Not under construction,T,2027,10
66571,Clenera DevCo LLC,68061,Gemstone Solar LLC,GEMPV,MI,PJM,Solar Photovoltaic,SUN,PV,150.0,150.0,(T) Regulatory approvals received. Not under construction,T,2028,10
66576,Chillingham Solar LLC,68065,Chillingham Solar,CHILS,TX,ERCO,Solar Photovoltaic,SUN,PV,350.0,350.0,"(TS) Construction complete, but not yet in commercial operation",TS,2026,9
66579,Cape HoldCo LLC,68068,Cape Generating Station,CP1G1,UT,LDWP,Geothermal,GEO,BT,43.0,30.0,"(TS) Construction complete, but not yet in commercial operation",TS,2026,10
66579,Cape HoldCo LLC,68068,Cape Generating Station,CP1G2,UT,LDWP,Geothermal,GEO,BT,43.0,30.0,"(TS) Construction complete, but not yet in commercial operation",TS,2027,1
66579,Cape HoldCo LLC,68068,Cape Generating Station,CP1G3,UT,LDWP,Geothermal,GEO,BT,43.0,30.0,"(V) Under construction, more than 50 percent complete",V,2027,1
58468,Dominion Renewable Energy,68070,Alberta Solar,ALBER,VA,PJM,Solar Photovoltaic,SUN,PV,3.0,3.0,"(U) Under construction, less than or equal to 50 percent complete",U,2026,9
58468,Dominion Renewable Energy,68071,Bellflower Solar (VA),BELLF,VA,PJM,Solar Photovoltaic,SUN,PV,600.0,600.0,"(P) Planned for installation, but regulatory approvals not initiated",P,2030,1
58468,Dominion Renewable Energy,68072,Bridleton Solar,BRIDL,VA,PJM,Solar Photovoltaic,SUN,PV,20.0,20.0,(L) Regulatory approvals pending. Not under construction,L,2028,10
58468,Dominion Renewable Energy,68073,Blue Ridge Solar,BLUER,VA,PJM,Solar Photovoltaic,SUN,PV,95.0,95.0,"(U) Under construction, less than or equal to 50 percent complete",U,2027,3
58468,Dominion Renewable Energy,68074,Cerulean Solar,CERUL,VA,PJM,Solar Photovoltaic,SUN,PV,62.0,62.0,"(V) Under construction, more than 50 percent complete",V,2026,9
58468,Dominion Renewable Energy,68075,Pineside Solar,PINES,VA,PJM,Solar Photovoltaic,SUN,PV,74.9,74.9,"(P) Planned for installation, but regulatory approvals not initiated",P,2030,1
58468,Dominion Renewable Energy,68076,Rocky Run Solar,ROCKY,VA,PJM,Solar Photovoltaic,SUN,PV,300.0,300.0,"(P) Planned for installation, but regulatory approvals not initiated",P,2028,1
66509,Red River Clean Energy,68078,Chisme Solar and Storage,CHIBS,TX,ERCO,Batteries,MWH,BA,146.0,146.0,"(U) Under construction, less than or equal to 50 percent complete",U,2027,5
66509,Red River Clean Energy,68078,Chisme Solar and Storage,CHIPV,TX,ERCO,Solar Photovoltaic,SUN,PV,147.0,147.0,"(U) Under construction, less than or equal to 50 percent complete",U,2027,5
50123,"Leeward Asset Management, LLC",68079,Stagecoach LRE,STAS1,CO,PSCO,Solar Photovoltaic,SUN,PV,230.0,230.0,(T) Regulatory approvals received. Not under construction,T,2029,12
66581,GRS BESS Texas Eight LLC,68080,Marcos PV and BESS,GRS8B,TX,ERCO,Batteries,MWH,BA,115.9,115.0,(L) Regulatory approvals pending. Not under construction,L,2029,8
66581,GRS BESS Texas Eight LLC,68080,Marcos PV and BESS,GRS8P,TX,ERCO,Solar Photovoltaic,SUN,PV,115.9,115.0,(L) Regulatory approvals pending. Not under construction,L,2029,8
50123,"Leeward Asset Management, LLC",68082,Bluebonnet Prairie Wind,BBP,TX,ERCO,Onshore Wind Turbine,WND,WT,170.0,170.0,"(U) Under construction, less than or equal to 50 percent complete",U,2027,12
50123,"Leeward Asset Management, LLC",68084,Morrow Lake BESS,MLB,TX,ERCO,Batteries,MWH,BA,200.0,200.0,"(P) Planned for installation, but regulatory approvals not initiated",P,2029,12
50123,"Leeward Asset Management, LLC",68085,Red Maple LRE,RMS1,IL,PJM,Solar Photovoltaic,SUN,PV,95.0,95.0,(L) Regulatory approvals pending. Not under construction,L,2028,9
50123,"Leeward Asset Management, LLC",68086,South Branch Solar,SBS,OH,PJM,Solar Photovoltaic,SUN,PV,115.0,115.0,(L) Regulatory approvals pending. Not under construction,L,2027,6
50123,"Leeward Asset Management, LLC",68089,Twelvemile Solar 3,TS03,OK,SWPP,Solar Photovoltaic,SUN,PV,200.0,200.0,"(V) Under construction, more than 50 percent complete",V,2026,12
64904,AES Clean Energy,68090,Willow Beach Wind,WILLO,TX,ERCO,Onshore Wind Turbine,WND,WT,200.0,200.0,(L) Regulatory approvals pending. Not under construction,L,2029,2
66586,"SR Cherry Valley, LLC",68097,SR Cherry Valley,CHERR,AR,MISO,Solar Photovoltaic,SUN,PV,4.8,4.8,"(TS) Construction complete, but not yet in commercial operation",TS,2026,9
66588,"SR Copeland, LLC",68099,SR Copeland,COPE,TN,TVA,Solar Photovoltaic,SUN,PV,110.0,110.0,(T) Regulatory approvals received. Not under construction,T,2027,12
66602,"SR Hope Hull, LLC",68104,SR Hope Hull,HPHUL,AL,SOCO,Solar Photovoltaic,SUN,PV,80.0,80.0,(T) Regulatory approvals received. Not under construction,T,2027,12
66593,"SR Jasper, LLC",68105,SR Jasper,JASP,MS,SOCO,Solar Photovoltaic,SUN,PV,150.0,150.0,(T) Regulatory approvals received. Not under construction,T,2029,12
66596,"SR Milan, LLC",68110,SR Milan,MILAN,TN,TVA,Solar Photovoltaic,SUN,PV,2.8,2.8,(T) Regulatory approvals received. Not under construction,T,2028,7
65869,Prologis Logistics Services Incorporated,68118,Addison 11-SLCHI404,CH404,IL,PJM,Solar Photovoltaic,SUN,PV,1.6,1.6,"(TS) Construction complete, but not yet in commercial operation",TS,2026,9
65869,Prologis Logistics Services Incorporated,68119,Aurora 7-SLCHI307,CH307,IL,PJM,Solar Photovoltaic,SUN,PV,1.9,1.9,"(U) Under construction, less than or equal to 50 percent complete",U,2027,4
65869,Prologis Logistics Services Incorporated,68120,Bensenville 13-SLCHI513,CH513,IL,PJM,Solar Photovoltaic,SUN,PV,1.4,1.4,"(U) Under construction, less than or equal to 50 percent complete",U,2026,10
65869,Prologis Logistics Services Incorporated,68121,Bensenville 14-SLCHI414,CH414,IL,PJM,Solar Photovoltaic,SUN,PV,1.3,1.3,"(V) Under construction, more than 50 percent complete",V,2027,4
65869,Prologis Logistics Services Incorporated,68122,Bensenville 2-SLCHI526,CH526,IL,PJM,Solar Photovoltaic,SUN,PV,1.9,1.9,"(U) Under construction, less than or equal to 50 percent complete",U,2026,10
65869,Prologis Logistics Services Incorporated,68123,Bensenville Ind Park 10-SLCHI410,CH410,IL,PJM,Solar Photovoltaic,SUN,PV,1.2,1.2,"(V) Under construction, more than 50 percent complete",V,2027,1
65869,Prologis Logistics Services Incorporated,68124,Bensenville Ind Park 11,CH411,IL,PJM,Solar Photovoltaic,SUN,PV,1.2,1.2,"(U) Under construction, less than or equal to 50 percent complete",U,2026,12
65869,Prologis Logistics Services Incorporated,68126,Bensenville Ind Park 2-SLCHI402,CH402,IL,PJM,Solar Photovoltaic,SUN,PV,1.1,1.1,"(U) Under construction, less than or equal to 50 percent complete",U,2027,1
65869,Prologis Logistics Services Incorporated,68127,Bensenville Ind Park 4-SLCHI424,CH424,IL,PJM,Solar Photovoltaic,SUN,PV,1.7,1.7,"(V) Under construction, more than 50 percent complete",V,2027,1
65869,Prologis Logistics Services Incorporated,68129,Cicero 3-SLCHI603,CH603,IL,PJM,Solar Photovoltaic,SUN,PV,1.9,1.9,"(U) Under construction, less than or equal to 50 percent complete",U,2027,7
65869,Prologis Logistics Services Incorporated,68130,Des Plaines 11-SLCHI211,CH211,IL,PJM,Solar Photovoltaic,SUN,PV,1.6,1.6,"(TS) Construction complete, but not yet in commercial operation",TS,2026,10
65869,Prologis Logistics Services Incorporated,68132,Elk Grove 1-SLCHI701,CH701,IL,PJM,Solar Photovoltaic,SUN,PV,1.7,1.7,"(V) Under construction, more than 50 percent complete",V,2026,10
65869,Prologis Logistics Services Incorporated,68133,Elk Grove 51-SLCHI151,CH151,IL,PJM,Solar Photovoltaic,SUN,PV,1.4,1.4,"(U) Under construction, less than or equal to 50 percent complete",U,2027,3
65869,Prologis Logistics Services Incorporated,68135,Franklin Park 2-SLCHI802,CH802,IL,PJM,Solar Photovoltaic,SUN,PV,1.2,1.2,"(V) Under construction, more than 50 percent complete",V,2026,12
65869,Prologis Logistics Services Incorporated,68137,Glendale Heights 10-SLCHI910,CH910,IL,PJM,Solar Photovoltaic,SUN,PV,1.3,1.3,"(U) Under construction, less than or equal to 50 percent complete",U,2027,2
65869,Prologis Logistics Services Incorporated,68138,Internationale Ctr 11-SLCHI321,CH321,IL,PJM,Solar Photovoltaic,SUN,PV,1.8,1.8,"(U) Under construction, less than or equal to 50 percent complete",U,2027,4
65869,Prologis Logistics Services Incorporated,68139,McCook 2-SLCHI102,CH102,IL,PJM,Solar Photovoltaic,SUN,PV,2.0,2.0,"(TS) Construction complete, but not yet in commercial operation",TS,2026,10
65869,Prologis Logistics Services Incorporated,68140,Melrose Park 2-SLCHI547,CH547,IL,PJM,Solar Photovoltaic,SUN,PV,3.0,3.0,"(U) Under construction, less than or equal to 50 percent complete",U,2027,1
65869,Prologis Logistics Services Incorporated,68141,Northlake 2-SLCHI302,CH302,IL,PJM,Solar Photovoltaic,SUN,PV,1.6,1.6,"(U) Under construction, less than or equal to 50 percent complete",U,2026,11
65869,Prologis Logistics Services Incorporated,68142,Northlake 3-SLCHI303,CH303,IL,PJM,Solar Photovoltaic,SUN,PV,1.6,1.6,"(U) Under construction, less than or equal to 50 percent complete",U,2026,9
65869,Prologis Logistics Services Incorporated,68143,Northlake 4-SLCHI304,CH304,IL,PJM,Solar Photovoltaic,SUN,PV,1.4,1.4,"(U) Under construction, less than or equal to 50 percent complete",U,2026,12
65869,Prologis Logistics Services Incorporated,68144,Northlake 5-SLCHI305,CH305,IL,PJM,Solar Photovoltaic,SUN,PV,2.5,2.5,"(V) Under construction, more than 50 percent complete",V,2027,4
65803,"Raven Storage, LLC",68149,Raven Storage,RAVEB,TX,ERCO,Batteries,MWH,BA,100.0,100.0,"(V) Under construction, more than 50 percent complete",V,2026,11
66616,"Fremont Solar, LLC",68153,Fremont Solar,BA1,UT,PACE,Batteries,MWH,BA,198.0,198.0,"(U) Under construction, less than or equal to 50 percent complete",U,2027,12
66616,"Fremont Solar, LLC",68153,Fremont Solar,PV1,UT,PACE,Solar Photovoltaic,SUN,PV,99.0,99.0,"(U) Under construction, less than or equal to 50 percent complete",U,2027,12
66635,"Rio Lago Solar, LLC",68155,Rio Lago Solar,RIOLA,TX,ERCO,Solar Photovoltaic,SUN,PV,123.0,123.0,"(TS) Construction complete, but not yet in commercial operation",TS,2026,9
66607,"Belltown Power Texas 2, LLC",68165,Brotherton Storage,BROBA,TX,ERCO,Batteries,MWH,BA,176.1,176.1,(L) Regulatory approvals pending. Not under construction,L,2027,12
66607,"Belltown Power Texas 2, LLC",68166,Dolomite Storage,DOLBA,TX,ERCO,Batteries,MWH,BA,125.7,125.7,(L) Regulatory approvals pending. Not under construction,L,2028,7
66607,"Belltown Power Texas 2, LLC",68168,Kahla Storage,KAHBA,TX,ERCO,Batteries,MWH,BA,200.9,200.9,(L) Regulatory approvals pending. Not under construction,L,2028,12
66607,"Belltown Power Texas 2, LLC",68171,Mcmurtre Storage,MCMBA,TX,ERCO,Batteries,MWH,BA,176.1,176.1,(L) Regulatory approvals pending. Not under construction,L,2027,12
66607,"Belltown Power Texas 2, LLC",68172,Myers Solar and Storage,MYEBT,TX,ERCO,Batteries,MWH,BA,75.7,75.7,(L) Regulatory approvals pending. Not under construction,L,2028,8
66607,"Belltown Power Texas 2, LLC",68172,Myers Solar and Storage,MYEPV,TX,ERCO,Solar Photovoltaic,SUN,PV,100.9,100.9,(L) Regulatory approvals pending. Not under construction,L,2028,8
66607,"Belltown Power Texas 2, LLC",68173,Sandford Solar and Storage,SANBT,TX,ERCO,Batteries,MWH,BA,100.9,100.9,(L) Regulatory approvals pending. Not under construction,L,2028,12
66607,"Belltown Power Texas 2, LLC",68173,Sandford Solar and Storage,SANPV,TX,ERCO,Solar Photovoltaic,SUN,PV,126.2,126.2,(L) Regulatory approvals pending. Not under construction,L,2028,12
66607,"Belltown Power Texas 2, LLC",68175,Symank Solar,SYMPV,TX,ERCO,Solar Photovoltaic,SUN,PV,66.6,66.6,(L) Regulatory approvals pending. Not under construction,L,2027,12
66607,"Belltown Power Texas 2, LLC",68176,Willis Storage,WILBA,TX,ERCO,Batteries,MWH,BA,176.1,176.1,(L) Regulatory approvals pending. Not under construction,L,2027,9
66607,"Belltown Power Texas 2, LLC",68178,Yooperlite Storage,YOOBA,TX,ERCO,Batteries,MWH,BA,175.7,175.7,(L) Regulatory approvals pending. Not under construction,L,2027,12
66606,"Templeton Wind Energy Center, LLC",68179,Templeton Wind,TEMPW,IN,MISO,Onshore Wind Turbine,WND,WT,200.2,200.2,(T) Regulatory approvals received. Not under construction,T,2027,6
66620,"Coles Wind, LLC",68184,Coles Wind,COLES,IL,MISO,Onshore Wind Turbine,WND,WT,300.0,300.0,"(U) Under construction, less than or equal to 50 percent complete",U,2027,5
66622,"Firelands Wind, LLC",68186,Firelands Wind,FIRE,OH,PJM,Onshore Wind Turbine,WND,WT,297.0,297.0,"(U) Under construction, less than or equal to 50 percent complete",U,2027,5
66624,"Heritage Wind, LLC",68191,Heritage Wind,HRTG,NY,NYIS,Onshore Wind Turbine,WND,WT,126.0,126.0,"(P) Planned for installation, but regulatory approvals not initiated",P,2028,6
66630,"Riverstone Solar, LLC",68194,Riverstone Solar,RIVER,VA,PJM,Solar Photovoltaic,SUN,PV,149.5,149.5,(T) Regulatory approvals received. Not under construction,T,2027,10
66870,"Delaware Ave Solar, LLC",68195,Delaware Ave Solar,DEAVE,DE,PJM,Solar Photovoltaic,SUN,PV,4.0,4.0,"(V) Under construction, more than 50 percent complete",V,2026,10
66869,"Rifle Range Road Solar, LLC",68196,Rifle Range Road Solar,RIFPV,DE,PJM,Solar Photovoltaic,SUN,PV,4.0,4.0,"(U) Under construction, less than or equal to 50 percent complete",U,2026,12
66631,"Rocky Forge Wind, LLC",68197,Rocky Forge Wind,ROCKY,VA,PJM,Onshore Wind Turbine,WND,WT,78.0,78.0,"(V) Under construction, more than 50 percent complete",V,2026,9
67582,"Intersect USA, LLC",68201,IP Roman Solar,ROMS,TX,ERCO,Solar Photovoltaic,SUN,PV,500.0,500.0,(L) Regulatory approvals pending. Not under construction,L,2028,6
67582,"Intersect USA, LLC",68202,IP Roman Wind,ROMW,TX,ERCO,Onshore Wind Turbine,WND,WT,670.5,670.5,(L) Regulatory approvals pending. Not under construction,L,2028,9
67582,"Intersect USA, LLC",68203,IP Meitner Solar,MEITS,TX,ERCO,Solar Photovoltaic,SUN,PV,500.0,214.0,(L) Regulatory approvals pending. Not under construction,L,2028,4
67582,"Intersect USA, LLC",68204,IP Meitner Wind,MEITW,TX,ERCO,Onshore Wind Turbine,WND,WT,500.0,258.0,(L) Regulatory approvals pending. Not under construction,L,2028,2
66641,"Greenwood Solar I, LLC",68205,Greenwood Solar I,GRNWD,VA,PJM,Solar Photovoltaic,SUN,PV,100.0,100.0,(T) Regulatory approvals received. Not under construction,T,2028,6
66642,City of Little Rock - (AR),68208,City of Little Rock Solar Array,LRZBR,AR,MISO,Solar Photovoltaic,SUN,PV,4.9,4.9,"(U) Under construction, less than or equal to 50 percent complete",U,2026,11
66650,Noble Solar LLC,68209,Purple Sage Energy Center,PSGBS,NV,CISO,Batteries,MWH,BA,400.0,400.0,"(P) Planned for installation, but regulatory approvals not initiated",P,2028,11
66650,Noble Solar LLC,68209,Purple Sage Energy Center,PSGPV,NV,CISO,Solar Photovoltaic,SUN,PV,400.0,400.0,"(P) Planned for installation, but regulatory approvals not initiated",P,2028,11
67927,"Grears Corner Solar, LLC",68211,Grears Corner Solar,GRER,DE,PJM,Solar Photovoltaic,SUN,PV,4.0,4.0,(L) Regulatory approvals pending. Not under construction,L,2027,3
67926,"Maryland Line Road Solar, LLC",68212,Maryland Line Road Solar,MDLN,DE,PJM,Solar Photovoltaic,SUN,PV,2.5,2.5,(L) Regulatory approvals pending. Not under construction,L,2027,3
66649,Viridis Solar,68213,Panton,1,VT,ISNE,Solar Photovoltaic,SUN,PV,50.0,50.0,(L) Regulatory approvals pending. Not under construction,L,2028,12
11241,Entergy Louisiana LLC,68214,Franklin Farms 1&2,1A,LA,MISO,Natural Gas Fired Combined Cycle,NG,CT,469.3,435.4,(L) Regulatory approvals pending. Not under construction,L,2028,12
11241,Entergy Louisiana LLC,68214,Franklin Farms 1&2,1B,LA,MISO,Natural Gas Fired Combined Cycle,NG,CA,311.0,302.8,(L) Regulatory approvals pending. Not under construction,L,2028,12
11241,Entergy Louisiana LLC,68214,Franklin Farms 1&2,2A,LA,MISO,Natural Gas Fired Combined Cycle,NG,CT,469.3,435.4,(L) Regulatory approvals pending. Not under construction,L,2028,12
11241,Entergy Louisiana LLC,68214,Franklin Farms 1&2,2B,LA,MISO,Natural Gas Fired Combined Cycle,NG,CA,311.0,302.8,(L) Regulatory approvals pending. Not under construction,L,2028,12
61514,"Agilitas Energy, Inc.",68215,Braley Hill North Solar,BRAES,MA,ISNE,Batteries,MWH,BA,5.0,5.0,(L) Regulatory approvals pending. Not under construction,L,2027,3
61514,"Agilitas Energy, Inc.",68215,Braley Hill North Solar,BRAPV,MA,ISNE,Solar Photovoltaic,SUN,PV,5.0,5.0,(L) Regulatory approvals pending. Not under construction,L,2027,3
66646,"ReWild Renewables, LLC",68216,Cushman Road Solar,CUSES,MA,ISNE,Batteries,MWH,BA,3.0,3.0,(L) Regulatory approvals pending. Not under construction,L,2027,5
66646,"ReWild Renewables, LLC",68216,Cushman Road Solar,CUSPV,MA,ISNE,Solar Photovoltaic,SUN,PV,3.0,3.0,(L) Regulatory approvals pending. Not under construction,L,2027,5
66646,"ReWild Renewables, LLC",68217,Featherbed Lane South Solar,FEAES,MA,ISNE,Batteries,MWH,BA,1.0,1.0,(L) Regulatory approvals pending. Not under construction,L,2027,3
66646,"ReWild Renewables, LLC",68217,Featherbed Lane South Solar,FEAPV,MA,ISNE,Solar Photovoltaic,SUN,PV,1.0,1.0,(L) Regulatory approvals pending. Not under construction,L,2027,3
66646,"ReWild Renewables, LLC",68218,Randall Lane Solar,RANES,MA,ISNE,Batteries,MWH,BA,5.0,5.0,(L) Regulatory approvals pending. Not under construction,L,2027,3
66646,"ReWild Renewables, LLC",68218,Randall Lane Solar,RANPV,MA,ISNE,Solar Photovoltaic,SUN,PV,5.0,5.0,(L) Regulatory approvals pending. Not under construction,L,2027,3
61514,"Agilitas Energy, Inc.",68219,Snipatuit Road Solar,SNIES,MA,ISNE,Batteries,MWH,BA,4.0,4.0,(L) Regulatory approvals pending. Not under construction,L,2027,3
61514,"Agilitas Energy, Inc.",68219,Snipatuit Road Solar,SNIPV,MA,ISNE,Solar Photovoltaic,SUN,PV,4.0,4.0,(L) Regulatory approvals pending. Not under construction,L,2027,3
66655,"SR Bacon, LLC",68226,SR Bacon,BACON,GA,SOCO,Solar Photovoltaic,SUN,PV,85.0,85.0,"(V) Under construction, more than 50 percent complete",V,2026,12
66178,Liberty Renewables Incorporated,68228,Agricola Wind,Q1448,NY,NYIS,Onshore Wind Turbine,WND,WT,99.0,97.0,"(P) Planned for installation, but regulatory approvals not initiated",P,2029,4
66657,"SR Denmark, LLC",68229,SR Denmark,DEMRK,TN,TVA,Solar Photovoltaic,SUN,PV,42.0,42.0,"(V) Under construction, more than 50 percent complete",V,2026,12
66658,"SR Des Arc, LLC",68230,SR Des Arc,DESAR,AR,MISO,Solar Photovoltaic,SUN,PV,4.8,4.8,"(V) Under construction, more than 50 percent complete",V,2026,12
65869,Prologis Logistics Services Incorporated,68235,Romeoville 34 - SLCHI234 - BSCHI234,C34BB,IL,PJM,Batteries,MWH,BA,0.5,0.5,"(U) Under construction, less than or equal to 50 percent complete",U,2027,5
65869,Prologis Logistics Services Incorporated,68236,South Bay Dis Ctr 6-SLLAX680,LA680,CA,CISO,Solar Photovoltaic,SUN,PV,1.3,1.3,"(U) Under construction, less than or equal to 50 percent complete",U,2027,5
66669,"Solar Star 3, LLC",68240,Solar Star 3,SS3BT,CA,CISO,Batteries,MWH,BA,23.0,23.0,"(V) Under construction, more than 50 percent complete",V,2026,11
66669,"Solar Star 3, LLC",68240,Solar Star 3,SS3PV,CA,CISO,Solar Photovoltaic,SUN,PV,24.0,24.0,"(V) Under construction, more than 50 percent complete",V,2026,9
66670,"Solar Star 4, LLC",68241,Solar Star 4,SS4BT,CA,CISO,Batteries,MWH,BA,23.0,23.0,"(V) Under construction, more than 50 percent complete",V,2026,11
66670,"Solar Star 4, LLC",68241,Solar Star 4,SS4PV,CA,CISO,Solar Photovoltaic,SUN,PV,24.0,24.0,"(V) Under construction, more than 50 percent complete",V,2026,10
66660,"SR Bear Creek, LLC",68243,SR Bear Creek,BEAR,AL,SOCO,Solar Photovoltaic,SUN,PV,4.5,4.5,(T) Regulatory approvals received. Not under construction,T,2027,12
66661,SR Georgetown. LLC,68247,SR Georgetown,GRGTN,SC,DUK,Solar Photovoltaic,SUN,PV,50.0,50.0,"(V) Under construction, more than 50 percent complete",V,2026,12
66663,"SR Horus, LLC",68249,SR Horus,METTR,KY,TVA,Solar Photovoltaic,SUN,PV,79.7,79.7,"(U) Under construction, less than or equal to 50 percent complete",U,2027,9
66665,"SR Quincy Valley, LLC",68252,SR Quincy Valley,QUVAL,WA,GCPD,Solar Photovoltaic,SUN,PV,130.0,130.0,"(V) Under construction, more than 50 percent complete",V,2026,12
66666,"SR Rochelle I, LLC",68253,SR Rochelle I,ROCH1,GA,SOCO,Solar Photovoltaic,SUN,PV,90.0,90.0,"(V) Under construction, more than 50 percent complete",V,2026,12
66671,"SR Shelby, LLC",68255,SR Shelby,SHELB,TN,TVA,Solar Photovoltaic,SUN,PV,9.8,9.8,(T) Regulatory approvals received. Not under construction,T,2027,12
66672,"SR South Bastrop, LLC",68256,SR South Bastrop,SBAST,LA,MISO,Solar Photovoltaic,SUN,PV,4.8,4.8,"(U) Under construction, less than or equal to 50 percent complete",U,2026,12
66673,"SR Winnsboro, LLC",68257,SR Winnsboro,WINN,LA,MISO,Solar Photovoltaic,SUN,PV,4.8,4.8,"(U) Under construction, less than or equal to 50 percent complete",U,2026,12
66688,Rich Road Solar Energy Center,68264,Rich Road Solar Energy Center,12345,NY,NYIS,Solar Photovoltaic,SUN,PV,240.0,240.0,(L) Regulatory approvals pending. Not under construction,L,2028,5
67344,CleanChoice Energy,68271,Sweetleaf Solar LLC,SWLS1,NC,PJM,Solar Photovoltaic,SUN,PV,93.0,93.0,(T) Regulatory approvals received. Not under construction,T,2027,12
807,Arkansas Electric Coop Corp,68273,Naples Power Plant,1,TX,SWPP,Natural Gas Fired Combustion Turbine,NG,GT,450.0,450.0,"(P) Planned for installation, but regulatory approvals not initiated",P,2028,12
807,Arkansas Electric Coop Corp,68273,Naples Power Plant,2,TX,SWPP,Natural Gas Fired Combustion Turbine,NG,GT,450.0,450.0,"(P) Planned for installation, but regulatory approvals not initiated",P,2028,12
66691,Erin Solar LLC,68275,Erin,1,TX,ERCO,Solar Photovoltaic,SUN,PV,202.0,202.0,"(P) Planned for installation, but regulatory approvals not initiated",P,2029,10
20421,Western Minnesota Mun Pwr Agny,68277,Brookings Solar,1,SD,SWPP,Solar Photovoltaic,SUN,PV,4.9,4.9,"(TS) Construction complete, but not yet in commercial operation",TS,2026,10
66061,BQ Energy Development,68278,Greater Wise Solar Project,21066,VA,LGEE,Solar Photovoltaic,SUN,PV,20.0,20.0,"(P) Planned for installation, but regulatory approvals not initiated",P,2027,12
66701,"CENT bn, LLC",68282,Centralia Battery Energy Storage System,CENT,WA,PSEI,Batteries,MWH,BA,200.0,200.0,(L) Regulatory approvals pending. Not under construction,L,2028,12
66702,"DESA bn, LLC",68283,Desert Sand BESS,DESA,AZ,AZPS,Batteries,MWH,BA,300.0,300.0,(L) Regulatory approvals pending. Not under construction,L,2028,12
66702,"DESA bn, LLC",68283,Desert Sand BESS,DESA1,AZ,AZPS,Solar Photovoltaic,SUN,PV,300.0,300.0,(L) Regulatory approvals pending. Not under construction,L,2028,12
66707,Puuloa Energy LLC,68284,Puuloa Energy,PE-1,HI,HECO,Other Waste Biomass,OBL,IC,9.4,9.4,"(P) Planned for installation, but regulatory approvals not initiated",P,2029,4
66707,Puuloa Energy LLC,68284,Puuloa Energy,PE-10,HI,HECO,Other Waste Biomass,OBL,IC,9.4,9.4,"(P) Planned for installation, but regulatory approvals not initiated",P,2029,4
66707,Puuloa Energy LLC,68284,Puuloa Energy,PE-11,HI,HECO,Other Waste Biomass,OBL,IC,9.4,9.4,"(P) Planned for installation, but regulatory approvals not initiated",P,2029,4
66707,Puuloa Energy LLC,68284,Puuloa Energy,PE-2,HI,HECO,Other Waste Biomass,OBL,IC,9.4,9.4,"(P) Planned for installation, but regulatory approvals not initiated",P,2029,4
66707,Puuloa Energy LLC,68284,Puuloa Energy,PE-3,HI,HECO,Other Waste Biomass,OBL,IC,9.4,9.4,"(P) Planned for installation, but regulatory approvals not initiated",P,2029,4
66707,Puuloa Energy LLC,68284,Puuloa Energy,PE-4,HI,HECO,Other Waste Biomass,OBL,IC,9.4,9.4,"(P) Planned for installation, but regulatory approvals not initiated",P,2029,4
66707,Puuloa Energy LLC,68284,Puuloa Energy,PE-5,HI,HECO,Other Waste Biomass,OBL,IC,9.4,9.4,"(P) Planned for installation, but regulatory approvals not initiated",P,2029,4
66707,Puuloa Energy LLC,68284,Puuloa Energy,PE-6,HI,HECO,Other Waste Biomass,OBL,IC,9.4,9.4,"(P) Planned for installation, but regulatory approvals not initiated",P,2029,4
66707,Puuloa Energy LLC,68284,Puuloa Energy,PE-7,HI,HECO,Other Waste Biomass,OBL,IC,9.4,9.4,"(P) Planned for installation, but regulatory approvals not initiated",P,2029,4
66707,Puuloa Energy LLC,68284,Puuloa Energy,PE-8,HI,HECO,Other Waste Biomass,OBL,IC,9.4,9.4,"(P) Planned for installation, but regulatory approvals not initiated",P,2029,4
66707,Puuloa Energy LLC,68284,Puuloa Energy,PE-9,HI,HECO,Other Waste Biomass,OBL,IC,9.4,9.4,"(P) Planned for installation, but regulatory approvals not initiated",P,2029,4
66708,Puuloa Solar LLC,68285,Puuloa Solar,PS-1,HI,HECO,Solar Photovoltaic,SUN,PV,6.4,6.4,"(P) Planned for installation, but regulatory approvals not initiated",P,2027,11
66708,Puuloa Solar LLC,68285,Puuloa Solar,PS-2,HI,HECO,Batteries,MWH,BA,6.0,6.0,"(P) Planned for installation, but regulatory approvals not initiated",P,2027,11
66681,"EAGL bn, LLC",68287,Eagle Eye Solar and Storage,EAGL1,AZ,WALC,Solar Photovoltaic,SUN,PV,400.0,400.0,(L) Regulatory approvals pending. Not under construction,L,2028,5
66681,"EAGL bn, LLC",68287,Eagle Eye Solar and Storage,EAGL2,AZ,WALC,Batteries,MWH,BA,400.0,400.0,(L) Regulatory approvals pending. Not under construction,L,2028,5
66682,"MAHI bn, LLC",68288,Flag Run Solar,MAHI,IN,MISO,Solar Photovoltaic,SUN,PV,200.0,200.0,(L) Regulatory approvals pending. Not under construction,L,2029,12
66683,"DYSP, LLC",68290,Dyers Spring Solar,DYSP,KY,LGEE,Solar Photovoltaic,SUN,PV,200.0,200.0,(L) Regulatory approvals pending. Not under construction,L,2029,12
66685,"GGSO, LLC",68292,Gage Solar,GGSO,KY,LGEE,Solar Photovoltaic,SUN,PV,200.0,200.0,(L) Regulatory approvals pending. Not under construction,L,2029,6
66686,"FRON bn, LLC",68293,Frontier Solar,FRON,KY,LGEE,Solar Photovoltaic,SUN,PV,120.0,120.0,(T) Regulatory approvals received. Not under construction,T,2027,10
22500,"Evergy Kansas Central, Inc",68294,Viola Generating Station,VIO1,KS,SWPP,Natural Gas Fired Combined Cycle,NG,CS,765.0,693.2,(T) Regulatory approvals received. Not under construction,T,2029,1
22500,"Evergy Kansas Central, Inc",68295,McNew Generating Station,MCN1,KS,SWPP,Natural Gas Fired Combined Cycle,NG,CS,765.0,690.4,(T) Regulatory approvals received. Not under construction,T,2030,1
12698,Evergy Missouri West,68296,Mullin Creek #1 Generating Station,MC1,MO,SWPP,Natural Gas Fired Combustion Turbine,NG,GT,489.7,425.1,(T) Regulatory approvals received. Not under construction,T,2030,1
66704,"THSI bn, LLC",68298,THREE SISTERS Solar Generation and BESS,THSI1,AZ,AZPS,Batteries,MWH,BA,300.0,300.0,(L) Regulatory approvals pending. Not under construction,L,2029,4
66704,"THSI bn, LLC",68298,THREE SISTERS Solar Generation and BESS,THSI2,AZ,AZPS,Solar Photovoltaic,SUN,PV,300.0,300.0,(L) Regulatory approvals pending. Not under construction,L,2029,4
66705,"TUAL bn, LLC",68299,Tualatin Battery Energy Storage System,TUAL,OR,PGE,Batteries,MWH,BA,200.0,200.0,(L) Regulatory approvals pending. Not under construction,L,2027,12
66714,Lake Trout Solar,68302,Lake Trout Solar,LAKET,IN,PJM,Solar Photovoltaic,SUN,PV,245.0,245.0,"(P) Planned for installation, but regulatory approvals not initiated",P,2027,12
66695,Gigawatt Solar LLC,68305,Gigawatt Solar,GWT1,TX,ERCO,Solar Photovoltaic,SUN,PV,429.0,429.0,"(P) Planned for installation, but regulatory approvals not initiated",P,2028,8
66695,Gigawatt Solar LLC,68305,Gigawatt Solar,GWT2,TX,ERCO,Solar Photovoltaic,SUN,PV,344.0,344.0,"(P) Planned for installation, but regulatory approvals not initiated",P,2028,8
66711,"ARFL bn, LLC",68315,Anthelope Hills Solar Generation BESS,ARFL1,MT,NWMT,Solar Photovoltaic,SUN,PV,200.0,200.0,(L) Regulatory approvals pending. Not under construction,L,2027,12
66711,"ARFL bn, LLC",68315,Anthelope Hills Solar Generation BESS,ARFL2,MT,NWMT,Batteries,MWH,BA,200.0,200.0,(L) Regulatory approvals pending. Not under construction,L,2027,12
66712,"BIGL bn, LLC",68316,Biglow Solar Generation and BESS,BIGL1,OR,PGE,Solar Photovoltaic,SUN,PV,125.0,125.0,(L) Regulatory approvals pending. Not under construction,L,2027,12
66712,"BIGL bn, LLC",68316,Biglow Solar Generation and BESS,BIGL2,OR,PGE,Batteries,MWH,BA,125.0,125.0,(L) Regulatory approvals pending. Not under construction,L,2027,12
66713,"DUTC bn, LLC",68317,Dutchman Solar generation and BESS,DUTC1,WY,WACM,Solar Photovoltaic,SUN,PV,499.0,499.0,(L) Regulatory approvals pending. Not under construction,L,2029,6
66713,"DUTC bn, LLC",68317,Dutchman Solar generation and BESS,DUTC2,WY,WACM,Batteries,MWH,BA,499.0,499.0,(L) Regulatory approvals pending. Not under construction,L,2029,6
66726,Nimbus Wind Farm LLC,68319,Nimbus Wind Farm,NIM,AR,MISO,Onshore Wind Turbine,WND,WT,183.0,183.0,"(TS) Construction complete, but not yet in commercial operation",TS,2026,10
66716,"ATLAS BESS IV, LLC",68321,Atlas BESS IV LLC,ALT4,AZ,CISO,Batteries,MWH,BA,150.0,150.0,"(V) Under construction, more than 50 percent complete",V,2027,3
66718,Atlas VIII LLC,68323,Atlas VIII,ALT8A,AZ,CISO,Batteries,MWH,BA,210.0,210.0,"(V) Under construction, more than 50 percent complete",V,2026,12
66718,Atlas VIII LLC,68323,Atlas VIII,ALT8B,AZ,CISO,Batteries,MWH,BA,172.4,172.4,"(V) Under construction, more than 50 percent complete",V,2027,1
66728,"Show Me State Solar, LLC",68325,Show Me State Solar,SMS,MO,MISO,Solar Photovoltaic,SUN,PV,250.0,250.0,"(TS) Construction complete, but not yet in commercial operation",TS,2026,10
66715,"Yuma bn, LLC",68328,Pioneer Clean Energy Center,ORCH1,AZ,AZPS,Solar Photovoltaic,SUN,PV,300.0,300.0,"(U) Under construction, less than or equal to 50 percent complete",U,2027,4
66715,"Yuma bn, LLC",68328,Pioneer Clean Energy Center,ORCH2,AZ,AZPS,Batteries,MWH,BA,300.0,300.0,"(U) Under construction, less than or equal to 50 percent complete",U,2027,4
66734,"CVSO, LLC",68331,Caverns Solar,CVSO,FL,FPL,Solar Photovoltaic,SUN,PV,75.0,75.0,(L) Regulatory approvals pending. Not under construction,L,2029,12
66735,"DEGA bn, LLC",68332,Dega Solar and Storage,DEGA1,AL,SOCO,Solar Photovoltaic,SUN,PV,200.0,200.0,(L) Regulatory approvals pending. Not under construction,L,2029,12
66735,"DEGA bn, LLC",68332,Dega Solar and Storage,DEGA2,AL,SOCO,Batteries,MWH,BA,200.0,200.0,(L) Regulatory approvals pending. Not under construction,L,2029,12
66733,"Crossroads bn, LLC",68333,Crossroads Solar - GA,CROS,GA,SOCO,Solar Photovoltaic,SUN,PV,150.0,150.0,(L) Regulatory approvals pending. Not under construction,L,2029,7
66741,Lotus Solar LLC,68337,Lotus Solar,LOTUS,SC,CPLE,Solar Photovoltaic,SUN,PV,75.0,75.0,(T) Regulatory approvals received. Not under construction,T,2027,10
14232,Otter Tail Power Co,68339,Abercrombie Solar,1,ND,MISO,Solar Photovoltaic,SUN,PV,295.1,295.1,(L) Regulatory approvals pending. Not under construction,L,2028,8
14232,Otter Tail Power Co,68340,Solway Solar,1,MN,MISO,Solar Photovoltaic,SUN,PV,50.0,50.0,"(U) Under construction, less than or equal to 50 percent complete",U,2026,12
66736,"GREE bn, LLC",68341,Greenwater BESS,GREE,WA,PSEI,Batteries,MWH,BA,200.0,200.0,"(V) Under construction, more than 50 percent complete",V,2026,12
66737,"HOHI bn, LLC",68342,Hop Hill Solar Generation and BESS,HOHI,WA,BPAT,Onshore Wind Turbine,WND,WT,200.0,200.0,(L) Regulatory approvals pending. Not under construction,L,2031,9
66737,"HOHI bn, LLC",68342,Hop Hill Solar Generation and BESS,HOHI1,WA,BPAT,Solar Photovoltaic,SUN,PV,500.0,500.0,(L) Regulatory approvals pending. Not under construction,L,2031,9
66737,"HOHI bn, LLC",68342,Hop Hill Solar Generation and BESS,HOHI2,WA,BPAT,Batteries,MWH,BA,500.0,500.0,(L) Regulatory approvals pending. Not under construction,L,2031,9
66738,"GRVA bn, LLC",68343,Grand Valley Solar Generation and BESS,GRVA1,CO,PSCO,Solar Photovoltaic,SUN,PV,100.0,100.0,(L) Regulatory approvals pending. Not under construction,L,2029,10
66738,"GRVA bn, LLC",68343,Grand Valley Solar Generation and BESS,GRVA2,CO,PSCO,Batteries,MWH,BA,100.0,100.0,(L) Regulatory approvals pending. Not under construction,L,2029,10
66739,"LOSN, LLC",68344,Lower Snake Solar Generation BESS,LOSN1,WA,BPAT,Solar Photovoltaic,SUN,PV,300.0,300.0,(L) Regulatory approvals pending. Not under construction,L,2029,10
66739,"LOSN, LLC",68344,Lower Snake Solar Generation BESS,LOSN2,WA,BPAT,Batteries,MWH,BA,300.0,300.0,(L) Regulatory approvals pending. Not under construction,L,2029,10
66750,Abeja Solar Farm LLC,68347,Abeja Solar Farm,ABPV1,TX,ERCO,Solar Photovoltaic,SUN,PV,200.0,200.0,"(P) Planned for installation, but regulatory approvals not initiated",P,2028,7
66751,Alamo City ESS LLC,68348,Alamo City ESS,ACESS,TX,ERCO,Batteries,MWH,BA,200.0,200.0,"(P) Planned for installation, but regulatory approvals not initiated",P,2027,7
66752,Avant Prairie ESS LLC,68349,Avant Prairie ESS,AVBS1,TX,ERCO,Batteries,MWH,BA,200.0,200.0,"(P) Planned for installation, but regulatory approvals not initiated",P,2029,7
66754,Bravo ESS LLC,68350,Bravo ESS,BESS1,TX,ERCO,Batteries,MWH,BA,200.0,200.0,"(P) Planned for installation, but regulatory approvals not initiated",P,2029,7
66755,Clairemont Solar LLC,68351,Clairemont Solar,CLAPV,TX,ERCO,Solar Photovoltaic,SUN,PV,250.0,250.0,"(P) Planned for installation, but regulatory approvals not initiated",P,2029,7
66756,Girasol Solar Farm LLC,68352,Girasol Solar Farm,GIPV1,MS,MISO,Solar Photovoltaic,SUN,PV,100.0,100.0,"(P) Planned for installation, but regulatory approvals not initiated",P,2028,12
66757,La Salle ESS LLC,68353,La Salle ESS,LSBS1,TX,ERCO,Batteries,MWH,BA,500.0,500.0,"(P) Planned for installation, but regulatory approvals not initiated",P,2029,7
66758,La Salle Solar LLC,68354,La Salle Solar,LSPV1,TX,ERCO,Solar Photovoltaic,SUN,PV,500.0,500.0,"(P) Planned for installation, but regulatory approvals not initiated",P,2028,9
66759,Lazy U ESS 1 LLC,68355,Lazy U ESS 1,LUBA1,TX,ERCO,Batteries,MWH,BA,250.0,250.0,"(P) Planned for installation, but regulatory approvals not initiated",P,2030,7
66760,Lazy U ESS 2 LLC,68356,Lazy U ESS 2,LUBA2,TX,ERCO,Batteries,MWH,BA,250.0,250.0,"(P) Planned for installation, but regulatory approvals not initiated",P,2029,7
66761,Lazy U Solar 1 LLC,68357,Lazy U Solar 1,LUPV1,TX,ERCO,Solar Photovoltaic,SUN,PV,250.0,250.0,"(P) Planned for installation, but regulatory approvals not initiated",P,2029,7
66762,Lazy U Solar 2 LLC,68358,Lazy U Solar 2,LUPV2,TX,ERCO,Solar Photovoltaic,SUN,PV,250.0,250.0,"(P) Planned for installation, but regulatory approvals not initiated",P,2029,7
67700,"Pepper Solar Farm, LLC",68359,Pepper Solar Farm,OCPSF,TX,ERCO,Solar Photovoltaic,SUN,PV,120.0,120.0,"(P) Planned for installation, but regulatory approvals not initiated",P,2027,8
66764,Prost ESS LLC,68360,Prost ESS,PRESS,TX,ERCO,Batteries,MWH,BA,200.0,200.0,"(P) Planned for installation, but regulatory approvals not initiated",P,2029,7
66765,Rush ESS LLC,68361,Rush ESS,RUESS,TX,ERCO,Batteries,MWH,BA,200.0,200.0,"(P) Planned for installation, but regulatory approvals not initiated",P,2031,12
66766,Sun Angel ESS LLC,68362,Sun Angel ESS,SABS1,TX,ERCO,Batteries,MWH,BA,200.0,200.0,"(P) Planned for installation, but regulatory approvals not initiated",P,2028,7
66767,SunShiner ESS LLC,68363,SunShiner ESS,SSESS,TX,ERCO,Batteries,MWH,BA,200.0,200.0,"(P) Planned for installation, but regulatory approvals not initiated",P,2029,7
66768,Tex-Bar ESS LLC,68364,Tex-Bar ESS,TBESS,TX,ERCO,Batteries,MWH,BA,200.0,200.0,"(P) Planned for installation, but regulatory approvals not initiated",P,2029,7
66731,BrightNight Power,68366,AGATE BESS,AGAT,WA,PSEI,Batteries,MWH,BA,170.0,170.0,(L) Regulatory approvals pending. Not under construction,L,2029,2
66731,BrightNight Power,68367,Pepper Hammock Solar and Storage,PEHA,GA,SOCO,Solar Photovoltaic,SUN,PV,900.0,900.0,(L) Regulatory approvals pending. Not under construction,L,2029,9
66731,BrightNight Power,68367,Pepper Hammock Solar and Storage,PEHA1,GA,SOCO,Solar Photovoltaic,SUN,PV,1200.0,1200.0,(L) Regulatory approvals pending. Not under construction,L,2029,9
66731,BrightNight Power,68367,Pepper Hammock Solar and Storage,PEHA2,GA,SOCO,Batteries,MWH,BA,400.0,400.0,(L) Regulatory approvals pending. Not under construction,L,2029,9
66731,BrightNight Power,68368,Mayfield Solar and Storage,MYSO,KY,MISO,Solar Photovoltaic,SUN,PV,200.0,200.0,(L) Regulatory approvals pending. Not under construction,L,2029,10
66731,BrightNight Power,68369,Starfire Mountain Solar,STMO,KY,PJM,Solar Photovoltaic,SUN,PV,410.0,410.0,(L) Regulatory approvals pending. Not under construction,L,2029,9
66731,BrightNight Power,68370,Salmonfly Solar and Storage,SALM,OR,PGE,Solar Photovoltaic,SUN,PV,247.0,247.0,(L) Regulatory approvals pending. Not under construction,L,2029,2
66731,BrightNight Power,68370,Salmonfly Solar and Storage,SALM2,OR,PGE,Batteries,MWH,BA,247.0,247.0,(L) Regulatory approvals pending. Not under construction,L,2029,2
66731,BrightNight Power,68371,Red Butte Solar and Storage,REBU,UT,PACE,Solar Photovoltaic,SUN,PV,300.0,300.0,(L) Regulatory approvals pending. Not under construction,L,2029,4
66731,BrightNight Power,68371,Red Butte Solar and Storage,REBU2,UT,PACE,Batteries,MWH,BA,300.0,300.0,(L) Regulatory approvals pending. Not under construction,L,2029,4
66729,"Industrial Bravo Project, LLC",68380,Isaac Solar,ISCPV,TX,ERCO,Solar Photovoltaic,SUN,PV,51.4,50.0,"(U) Under construction, less than or equal to 50 percent complete",U,2026,12
64904,AES Clean Energy,68388,AES Rt 5 Solar CSG,RT5SS,NY,NYIS,Solar Photovoltaic,SUN,PV,5.0,4.9,"(V) Under construction, more than 50 percent complete",V,2026,9
64904,AES Clean Energy,68389,AES Glengarry Farms Solar CSG,GLENG,NY,NYIS,Solar Photovoltaic,SUN,PV,5.0,4.9,"(V) Under construction, more than 50 percent complete",V,2026,9
65043,Madison Energy Investments LLC,68392,IL2 - W109,IL2PV,IL,PJM,Solar Photovoltaic,SUN,PV,4.9,4.9,"(TS) Construction complete, but not yet in commercial operation",TS,2026,9
66778,"Sunstone Solar, LLC",68396,Sunstone Solar,PGB45,OR,BPAT,Batteries,MWH,BA,1200.0,1200.0,(L) Regulatory approvals pending. Not under construction,L,2027,12
66778,"Sunstone Solar, LLC",68396,Sunstone Solar,PGR45,OR,BPAT,Solar Photovoltaic,SUN,PV,1200.0,1200.0,(L) Regulatory approvals pending. Not under construction,L,2027,12
803,Arizona Public Service Co,68397,Ironwood Solar,I168M,AZ,AZPS,Solar Photovoltaic,SUN,PV,168.0,168.0,"(TS) Construction complete, but not yet in commercial operation",TS,2026,11
66782,"Brazoria Solar i, LLC",68410,Brazoria Solar I,BRAZ,TX,ERCO,Solar Photovoltaic,SUN,PV,125.0,125.0,"(TS) Construction complete, but not yet in commercial operation",TS,2026,9
66782,"Brazoria Solar i, LLC",68410,Brazoria Solar I,BRAZ2,TX,ERCO,Solar Photovoltaic,SUN,PV,125.0,125.0,"(TS) Construction complete, but not yet in commercial operation",TS,2026,9
66710,"Industrial Kilo Project, LLC",68411,Noor Solar,NORPV,TX,ERCO,Solar Photovoltaic,SUN,PV,188.2,185.0,(L) Regulatory approvals pending. Not under construction,L,2028,3
66774,Old Town Wind LLC,68413,Old Town Wind,OT,IL,MISO,Onshore Wind Turbine,WND,WT,178.0,178.0,"(P) Planned for installation, but regulatory approvals not initiated",P,2029,10
64457,"VCP Realty, LLC",68416,Crooked Trail Solar,CTS1,ME,ISNE,Solar Photovoltaic,SUN,PV,68.0,68.0,"(P) Planned for installation, but regulatory approvals not initiated",P,2029,10
17698,Southwestern Electric Power Co,68417,Hallsville,1,TX,SWPP,Natural Gas Fired Combustion Turbine,NG,GT,225.0,200.0,"(P) Planned for installation, but regulatory approvals not initiated",P,2027,12
17698,Southwestern Electric Power Co,68417,Hallsville,2,TX,SWPP,Natural Gas Fired Combustion Turbine,NG,GT,225.0,200.0,"(P) Planned for installation, but regulatory approvals not initiated",P,2027,12
66812,Callisto II Energy Center LLC,68422,Callisto II Energy Center,CALII,TX,ERCO,Batteries,MWH,BA,400.0,400.0,"(V) Under construction, more than 50 percent complete",V,2026,11
66815,Tidwell Prairie IIA LLC,68425,Tidwell Prairie II,TWPII,TX,ERCO,Batteries,MWH,BA,200.0,200.0,"(V) Under construction, more than 50 percent complete",V,2026,10
66816,Voyager Energy Storage LLC,68426,Voyager Energy Storage,VOYGR,MI,MISO,Batteries,MWH,BA,100.0,100.0,"(V) Under construction, more than 50 percent complete",V,2027,1
66786,Gatsby Energy Storage LLC,68428,Gatsby Energy Storage Project,GTSBY,TX,ERCO,Batteries,MWH,BA,103.4,103.4,"(U) Under construction, less than or equal to 50 percent complete",U,2027,3
65043,Madison Energy Investments LLC,68439,NorCal FPV 1,17184,CA,CISO,Solar Photovoltaic,SUN,PV,10.0,10.0,"(TS) Construction complete, but not yet in commercial operation",TS,2026,10
66796,Empire Offshore Wind LLC,68443,Empire Wind 1,EMP01,NY,NYIS,Offshore Wind Turbine,WND,WS,810.0,810.0,"(V) Under construction, more than 50 percent complete",V,2027,9
66818,301AK 8me LLC,68452,Kitt Solar,KITTB,AZ,AZPS,Batteries,MWH,BA,100.0,100.0,"(V) Under construction, more than 50 percent complete",V,2026,12
66818,301AK 8me LLC,68452,Kitt Solar,KITTS,AZ,AZPS,Solar Photovoltaic,SUN,PV,100.0,100.0,"(V) Under construction, more than 50 percent complete",V,2026,12
66819,Kentucky Municipal Energy Agency,68453,KYMEA Energy Center I,1,KY,LGEE,Natural Gas Internal Combustion Engine,NG,IC,18.8,18.8,"(U) Under construction, less than or equal to 50 percent complete",U,2027,6
66819,Kentucky Municipal Energy Agency,68453,KYMEA Energy Center I,2,KY,LGEE,Natural Gas Internal Combustion Engine,NG,IC,18.8,18.8,"(U) Under construction, less than or equal to 50 percent complete",U,2027,6
66819,Kentucky Municipal Energy Agency,68453,KYMEA Energy Center I,3,KY,LGEE,Natural Gas Internal Combustion Engine,NG,IC,18.8,18.8,"(U) Under construction, less than or equal to 50 percent complete",U,2027,6
66819,Kentucky Municipal Energy Agency,68453,KYMEA Energy Center I,4,KY,LGEE,Natural Gas Internal Combustion Engine,NG,IC,18.8,18.8,"(U) Under construction, less than or equal to 50 percent complete",U,2027,6
66822,"Bob Creek Wind, LLC",68459,"Bob Creek Wind, LLC",5961,TX,ERCO,Onshore Wind Turbine,WND,WT,175.0,175.0,"(P) Planned for installation, but regulatory approvals not initiated",P,2028,4
66831,Key Energy Storage LLC,68461,Key Energy Storage,KEYBA,CA,CISO,Batteries,MWH,BA,75.0,75.0,"(U) Under construction, less than or equal to 50 percent complete",U,2026,12
66831,Key Energy Storage LLC,68461,Key Energy Storage,KEYBB,CA,CISO,Batteries,MWH,BA,190.0,190.0,(T) Regulatory approvals received. Not under construction,T,2027,4
66831,Key Energy Storage LLC,68461,Key Energy Storage,KEYBC,CA,CISO,Batteries,MWH,BA,35.0,35.0,(T) Regulatory approvals received. Not under construction,T,2027,4
66798,"Imperator Solar, LLC",68465,Imperator Solar,22324,CA,CISO,Solar Photovoltaic,SUN,PV,2.0,2.0,"(TS) Construction complete, but not yet in commercial operation",TS,2026,10
66217,Copia Power,68466,Centennial Flats,CFB3,AZ,AZPS,Batteries,MWH,BA,89.0,89.0,"(U) Under construction, less than or equal to 50 percent complete",U,2026,9
66217,Copia Power,68466,Centennial Flats,CFPV3,AZ,AZPS,Solar Photovoltaic,SUN,PV,166.7,166.7,"(U) Under construction, less than or equal to 50 percent complete",U,2026,9
64904,AES Clean Energy,68473,Brookside Solar,BROOK,NY,NYIS,Solar Photovoltaic,SUN,PV,100.0,100.0,(L) Regulatory approvals pending. Not under construction,L,2027,9
66836,"Mustang Creek Solar I, LLC",68478,Darkwood Solar,DRK,TX,ERCO,Solar Photovoltaic,SUN,PV,150.7,150.7,(L) Regulatory approvals pending. Not under construction,L,2027,10
66827,"Wichita Solar I, LLC",68479,Short Creek Solar,SHRT,TX,ERCO,Solar Photovoltaic,SUN,PV,606.4,605.0,(L) Regulatory approvals pending. Not under construction,L,2028,3
66828,"Laurens Solar I, LLC",68480,Laurens Solar,LS1,GA,SOCO,Solar Photovoltaic,SUN,PV,150.0,150.0,(L) Regulatory approvals pending. Not under construction,L,2028,6
66829,"Hill Solar II, LLC",68481,Hill Solar II,HS2,TX,ERCO,Solar Photovoltaic,SUN,PV,200.0,200.0,"(TS) Construction complete, but not yet in commercial operation",TS,2026,10
66856,22SV 8ME LLC,68485,Rexford 2 Solar Farm,22SVA,CA,CISO,Solar Photovoltaic,SUN,PV,200.0,200.0,"(P) Planned for installation, but regulatory approvals not initiated",P,2028,12
66856,22SV 8ME LLC,68485,Rexford 2 Solar Farm,22SVB,CA,CISO,Batteries,MWH,BA,200.0,200.0,"(P) Planned for installation, but regulatory approvals not initiated",P,2028,12
66857,44ST 8ME LLC,68486,Sienna 2 Solar and Storage Project,44STA,CA,CISO,Solar Photovoltaic,SUN,PV,55.0,55.0,"(P) Planned for installation, but regulatory approvals not initiated",P,2029,3
66857,44ST 8ME LLC,68486,Sienna 2 Solar and Storage Project,44STB,CA,CISO,Batteries,MWH,BA,55.0,55.0,"(P) Planned for installation, but regulatory approvals not initiated",P,2029,3
66864,"Broadleaf Solar, LLC",68490,Broadleaf Solar,BLS,CT,ISNE,Solar Photovoltaic,SUN,PV,200.0,200.0,(L) Regulatory approvals pending. Not under construction,L,2028,4
66865,"Freedom Pine Solar, LLC",68491,Freedom Pine Solar,FPS,ME,ISNE,Solar Photovoltaic,SUN,PV,250.0,250.0,"(P) Planned for installation, but regulatory approvals not initiated",P,2029,1
66849,VESI 37 LLC,68495,Bird Dog Energy Storage,BDOG1,TX,ERCO,Batteries,MWH,BA,60.0,60.0,"(V) Under construction, more than 50 percent complete",V,2026,12
67192,RWE Clean Energy,68500,"Crowned Heron 2 - Storage, LLC",CWH2,TX,ERCO,Batteries,MWH,BA,150.0,150.0,"(TS) Construction complete, but not yet in commercial operation",TS,2026,10
20856,Wisconsin Power & Light Co,68502,Vienna Walbec Customer Hosted,PV1,WI,MISO,Solar Photovoltaic,SUN,PV,1.4,1.4,"(V) Under construction, more than 50 percent complete",V,2026,11
66841,"SL Energy Power Plant I, LLC",68504,Sandow Lakes Energy Station,SLES1,TX,ERCO,Natural Gas Fired Combined Cycle,NG,CS,645.0,590.0,"(P) Planned for installation, but regulatory approvals not initiated",P,2028,10
66841,"SL Energy Power Plant I, LLC",68504,Sandow Lakes Energy Station,SLES2,TX,ERCO,Natural Gas Fired Combined Cycle,NG,CS,645.0,590.0,"(P) Planned for installation, but regulatory approvals not initiated",P,2028,12
66874,"Excelsior Energy Center, LLC",68507,Excelsior Energy Center,EEC,NY,NYIS,Solar Photovoltaic,SUN,PV,280.0,280.0,"(U) Under construction, less than or equal to 50 percent complete",U,2026,11
65265,Repsol Renewables NA,68510,Ritter Solar,CFC1,OH,PJM,Solar Photovoltaic,SUN,PV,199.0,199.0,"(P) Planned for installation, but regulatory approvals not initiated",P,2027,12
65265,Repsol Renewables NA,68511,Henry Solar,CHC1,OH,PJM,Solar Photovoltaic,SUN,PV,206.0,206.0,"(P) Planned for installation, but regulatory approvals not initiated",P,2028,12
66781,Mammoth Central II LLC,68514,Mammoth Central II Solar Facility,MC201,IN,PJM,Solar Photovoltaic,SUN,PV,300.0,300.0,"(U) Under construction, less than or equal to 50 percent complete",U,2026,10
66901,"Greer Solar, LLC",68515,Greer Solar Plant,GREER,MS,MISO,Solar Photovoltaic,SUN,PV,200.0,200.0,"(U) Under construction, less than or equal to 50 percent complete",U,2026,12
60059,ZGlobal Inc,68518,Merced 2 BESS,MRC2B,CA,CISO,Batteries,MWH,BA,2.0,2.0,"(TS) Construction complete, but not yet in commercial operation",TS,2026,9
60059,ZGlobal Inc,68519,Madena 3,MDNA3,CA,CISO,Batteries,MWH,BA,3.9,3.9,"(V) Under construction, more than 50 percent complete",V,2027,1
60059,ZGlobal Inc,68520,Madena 4,MNDA4,CA,CISO,Batteries,MWH,BA,5.0,5.0,(L) Regulatory approvals pending. Not under construction,L,2027,4
66907,Laketricity USA Inc.,68528,Dynamo Solar LLC,77,CA,CISO,Solar Photovoltaic,SUN,PV,24.5,24.5,(L) Regulatory approvals pending. Not under construction,L,2027,12
66917,"East Avenue Q Solar Project 2022, LLC",68541,Palmdale Water District HQ,7169,CA,CISO,Solar Photovoltaic,SUN,PV,1.7,1.7,"(V) Under construction, more than 50 percent complete",V,2026,10
66919,"East Avenue South Solar Project 2022, LLC",68542,Palmdale Water District 6MG Tank,7170B,CA,CISO,Batteries,MWH,BA,0.3,0.3,"(V) Under construction, more than 50 percent complete",V,2026,11
66919,"East Avenue South Solar Project 2022, LLC",68542,Palmdale Water District 6MG Tank,7170G,CA,CISO,Solar Photovoltaic,SUN,PV,1.0,1.0,"(V) Under construction, more than 50 percent complete",V,2026,11
66918,"Mountain Street Solar Project 2019, LLC",68543,Town of Sharon Portfolio -Mt St Landfill,3850B,MA,ISNE,Batteries,MWH,BA,5.7,5.7,"(V) Under construction, more than 50 percent complete",V,2027,1
66918,"Mountain Street Solar Project 2019, LLC",68543,Town of Sharon Portfolio -Mt St Landfill,3850G,MA,ISNE,Solar Photovoltaic,SUN,PV,5.0,5.0,"(V) Under construction, more than 50 percent complete",V,2027,1
13994,Oglethorpe Power Corporation,68546,Smarr Combined Cycle Energy Facility,1,GA,SOCO,Natural Gas Fired Combined Cycle,NG,CC,459.0,407.0,"(P) Planned for installation, but regulatory approvals not initiated",P,2029,6
13994,Oglethorpe Power Corporation,68546,Smarr Combined Cycle Energy Facility,2,GA,SOCO,Natural Gas Fired Combined Cycle,NG,CC,345.0,304.0,"(P) Planned for installation, but regulatory approvals not initiated",P,2029,6
66927,"SR Bacon II, LLC",68553,SR Bacon II,BACN2,GA,SOCO,Solar Photovoltaic,SUN,PV,115.0,115.0,(T) Regulatory approvals received. Not under construction,T,2027,12
66928,"SR Bacon III, LLC",68554,SR Bacon III,BACN3,GA,SOCO,Solar Photovoltaic,SUN,PV,100.0,100.0,(T) Regulatory approvals received. Not under construction,T,2027,12
66929,"SR Cordova, LLC",68555,SR Cordova,CORDV,SC,SCEG,Solar Photovoltaic,SUN,PV,100.0,100.0,(T) Regulatory approvals received. Not under construction,T,2027,12
66930,"SR Durhamville, LLC",68556,SR Durhamville,DURHM,TN,TVA,Solar Photovoltaic,SUN,PV,66.0,66.0,(T) Regulatory approvals received. Not under construction,T,2027,12
66931,"SR Forrest City, LLC",68557,SR Forrest City,FORRC,AR,MISO,Solar Photovoltaic,SUN,PV,4.8,4.8,(T) Regulatory approvals received. Not under construction,T,2027,12
66932,"SR Lott, LLC",68558,SR Lott,LOTT,AL,SOCO,Solar Photovoltaic,SUN,PV,8.3,8.3,(T) Regulatory approvals received. Not under construction,T,2027,12
66933,"SR Magnolia, LLC",68559,SR Magnolia,MAGNA,MS,TVA,Solar Photovoltaic,SUN,PV,160.0,160.0,"(V) Under construction, more than 50 percent complete",V,2027,6
66934,"SR Marion Junction, LLC",68560,SR Marion Junction,MARJT,AL,TVA,Solar Photovoltaic,SUN,PV,15.0,15.0,(T) Regulatory approvals received. Not under construction,T,2027,12
66935,"SR Middleton, LLC",68561,SR Middleton,MIDDN,TN,TVA,Solar Photovoltaic,SUN,PV,55.0,55.0,"(V) Under construction, more than 50 percent complete",V,2027,7
66936,"SR Mount Pleasant, LLC",68562,SR Mount Pleasant,MTPLT,MS,TVA,Solar Photovoltaic,SUN,PV,50.0,50.0,(T) Regulatory approvals received. Not under construction,T,2027,12
66937,"SR Norwood, LLC",68563,SR Norwood,NORWD,GA,TVA,Solar Photovoltaic,SUN,PV,107.0,107.0,(T) Regulatory approvals received. Not under construction,T,2027,12
66938,"SR Puryear, LLC",68564,SR Puryear,PURYR,TN,TVA,Solar Photovoltaic,SUN,PV,50.0,50.0,"(U) Under construction, less than or equal to 50 percent complete",U,2027,8
66939,"SR Rochelle II, LLC",68565,SR Rochelle II,ROCH2,GA,TVA,Solar Photovoltaic,SUN,PV,50.0,50.0,(T) Regulatory approvals received. Not under construction,T,2027,12
66940,"SR Sipsey, LLC",68566,SR Sipsey,SIPSY,AL,TVA,Solar Photovoltaic,SUN,PV,10.0,10.0,(T) Regulatory approvals received. Not under construction,T,2027,12
66941,"SR Sunset, LLC",68567,SR Sunset,SUNST,LA,MISO,Solar Photovoltaic,SUN,PV,4.3,4.3,(T) Regulatory approvals received. Not under construction,T,2027,12
66942,"SR Tullahoma, LLC",68568,SR Tullahoma,TULLA,TN,TVA,Solar Photovoltaic,SUN,PV,200.0,200.0,"(V) Under construction, more than 50 percent complete",V,2027,4
66943,"SR Ulm, LLC",68569,SR Ulm,ULM,AR,MISO,Solar Photovoltaic,SUN,PV,4.8,4.8,(T) Regulatory approvals received. Not under construction,T,2027,12
66944,"SR West Helena, LLC",68570,SR West Helena,WHELN,AR,MISO,Solar Photovoltaic,SUN,PV,4.8,4.8,(T) Regulatory approvals received. Not under construction,T,2027,12
66945,"South Springfield Avenue Solar Project 2022, LLC",68571,"Lowe's - 1440 - Rockford, IL RDC (POI 1)",7481,IL,MISO,Solar Photovoltaic,SUN,PV,2.3,2.3,"(V) Under construction, more than 50 percent complete",V,2026,10
66946,"South Springfield Avenue II Solar Project 2022, LLC",68572,"Lowe's - 1440 - Rockford, IL RDC (POI 2)",7824,IL,MISO,Solar Photovoltaic,SUN,PV,2.3,2.3,"(V) Under construction, more than 50 percent complete",V,2026,10
66950,Lydian Energy,68578,AC Ranch I,AC1S,NM,SWPP,Solar Photovoltaic,SUN,PV,75.0,75.0,"(U) Under construction, less than or equal to 50 percent complete",U,2027,5
66950,Lydian Energy,68579,AC Ranch II,AC2S,NM,SWPP,Solar Photovoltaic,SUN,PV,230.0,230.0,(L) Regulatory approvals pending. Not under construction,L,2029,6
66950,Lydian Energy,68581,Mendoza Trail BESS,MTB,TX,ERCO,Batteries,MWH,BA,200.0,200.0,"(TS) Construction complete, but not yet in commercial operation",TS,2026,9
66950,Lydian Energy,68582,Pintail BESS,PPB,TX,ERCO,Batteries,MWH,BA,200.0,200.0,"(TS) Construction complete, but not yet in commercial operation",TS,2026,9
66950,Lydian Energy,68583,Rock N' Roll,RRB,TX,ERCO,Batteries,MWH,BA,250.0,250.0,(L) Regulatory approvals pending. Not under construction,L,2027,10
66950,Lydian Energy,68584,Yellow Barn Solar,YBS,NY,NYIS,Solar Photovoltaic,SUN,PV,160.0,160.0,"(P) Planned for installation, but regulatory approvals not initiated",P,2028,9
66950,Lydian Energy,68585,York Run Solar,YRS,NY,NYIS,Solar Photovoltaic,SUN,PV,90.0,90.0,(L) Regulatory approvals pending. Not under construction,L,2028,9
58764,"Origis Energy USA, Inc",68592,Rockhound A,OERHA,TX,ERCO,Solar Photovoltaic,SUN,PV,245.0,245.0,"(TS) Construction complete, but not yet in commercial operation",TS,2026,9
58764,"Origis Energy USA, Inc",68593,Rockhound C,OERHC,TX,ERCO,Solar Photovoltaic,SUN,PV,61.0,61.0,"(TS) Construction complete, but not yet in commercial operation",TS,2026,9
58764,"Origis Energy USA, Inc",68594,Rockhound D,OERHD,TX,ERCO,Solar Photovoltaic,SUN,PV,28.0,28.0,"(TS) Construction complete, but not yet in commercial operation",TS,2026,9
66977,"Las Virgenes Road Solar Project 2022, LLC",68600,Las Virgenes MWD - Composting Plant,7236B,CA,CISO,Batteries,MWH,BA,0.5,0.5,"(V) Under construction, more than 50 percent complete",V,2026,10
66977,"Las Virgenes Road Solar Project 2022, LLC",68600,Las Virgenes MWD - Composting Plant,7236G,CA,CISO,Solar Photovoltaic,SUN,PV,0.9,0.9,"(V) Under construction, more than 50 percent complete",V,2026,10
66980,Dahlia Energy LLC,68604,Dahlia Energy,DALBS,TX,ERCO,Batteries,MWH,BA,100.0,100.0,"(P) Planned for installation, but regulatory approvals not initiated",P,2028,6
66980,Dahlia Energy LLC,68604,Dahlia Energy,DALPV,TX,ERCO,Solar Photovoltaic,SUN,PV,200.0,200.0,"(P) Planned for installation, but regulatory approvals not initiated",P,2028,6
66975,Cedar Bayou 5 LLC,68606,Cedar Bayou 5,5,TX,ERCO,Natural Gas Fired Combined Cycle,NG,CS,721.0,674.0,"(U) Under construction, less than or equal to 50 percent complete",U,2028,8
66976,Pelicans Jaw Solar LLC,68607,Pelicans Jaw Hybrid Solar,PJBS1,CA,CISO,Batteries,MWH,BA,238.5,238.5,"(TS) Construction complete, but not yet in commercial operation",TS,2027,4
66976,Pelicans Jaw Solar LLC,68607,Pelicans Jaw Hybrid Solar,PLJW1,CA,CISO,Solar Photovoltaic,SUN,PV,440.0,440.0,"(TS) Construction complete, but not yet in commercial operation",TS,2027,4
67013,US SFR Owner LLC,68635,Kemmerer Unit 1,KU1,WY,PACE,Nuclear,NUC,ST,500.0,342.1,(L) Regulatory approvals pending. Not under construction,L,2030,12
66255,"RIC Development, LLC",68665,Summerhill BESS,RIC87,TX,ERCO,Batteries,MWH,BA,143.0,143.0,"(P) Planned for installation, but regulatory approvals not initiated",P,2028,12
66255,"RIC Development, LLC",68666,Stonewall BESS,RIC88,TX,ERCO,Batteries,MWH,BA,135.0,135.0,"(P) Planned for installation, but regulatory approvals not initiated",P,2029,12
66255,"RIC Development, LLC",68667,Chimney Rock BESS,RIC89,TX,ERCO,Batteries,MWH,BA,156.0,156.0,"(P) Planned for installation, but regulatory approvals not initiated",P,2028,4
66255,"RIC Development, LLC",68668,Coke BESS,RIC90,TX,ERCO,Batteries,MWH,BA,220.0,220.0,"(P) Planned for installation, but regulatory approvals not initiated",P,2028,4
66255,"RIC Development, LLC",68671,Houston County BESS,RIC91,TX,ERCO,Batteries,MWH,BA,125.0,125.0,"(P) Planned for installation, but regulatory approvals not initiated",P,2029,4
58764,"Origis Energy USA, Inc",68672,Chalan,CHA_B,CA,CISO,Batteries,MWH,BA,25.0,25.0,"(V) Under construction, more than 50 percent complete",V,2026,12
58764,"Origis Energy USA, Inc",68672,Chalan,OECHA,CA,CISO,Solar Photovoltaic,SUN,PV,64.9,64.9,"(V) Under construction, more than 50 percent complete",V,2026,12
58764,"Origis Energy USA, Inc",68673,Sand Luis West,OESLW,CA,CISO,Solar Photovoltaic,SUN,PV,125.0,125.0,(T) Regulatory approvals received. Not under construction,T,2028,11
58764,"Origis Energy USA, Inc",68673,Sand Luis West,SLW_S,CA,CISO,Batteries,MWH,BA,31.3,31.3,(T) Regulatory approvals received. Not under construction,T,2028,11
3989,City of Colorado Springs - (CO),68705,Horizon,H01,CO,WACM,Natural Gas Fired Combustion Turbine,NG,GT,48.0,37.0,"(P) Planned for installation, but regulatory approvals not initiated",P,2028,7
3989,City of Colorado Springs - (CO),68705,Horizon,H02,CO,WACM,Natural Gas Fired Combustion Turbine,NG,GT,48.0,37.0,"(P) Planned for installation, but regulatory approvals not initiated",P,2028,7
3989,City of Colorado Springs - (CO),68705,Horizon,H03,CO,WACM,Natural Gas Fired Combustion Turbine,NG,GT,48.0,37.0,"(P) Planned for installation, but regulatory approvals not initiated",P,2028,7
3989,City of Colorado Springs - (CO),68705,Horizon,H04,CO,WACM,Natural Gas Fired Combustion Turbine,NG,GT,48.0,37.0,"(P) Planned for installation, but regulatory approvals not initiated",P,2028,7
3989,City of Colorado Springs - (CO),68705,Horizon,H05,CO,WACM,Natural Gas Fired Combustion Turbine,NG,GT,48.0,37.0,"(P) Planned for installation, but regulatory approvals not initiated",P,2028,7
3989,City of Colorado Springs - (CO),68705,Horizon,H06,CO,WACM,Natural Gas Fired Combustion Turbine,NG,GT,48.0,37.0,"(P) Planned for installation, but regulatory approvals not initiated",P,2028,7
3989,City of Colorado Springs - (CO),68705,Horizon,H07,CO,WACM,Natural Gas Fired Combustion Turbine,NG,GT,48.0,37.0,"(P) Planned for installation, but regulatory approvals not initiated",P,2028,7
3989,City of Colorado Springs - (CO),68705,Horizon,H08,CO,WACM,Natural Gas Fired Combustion Turbine,NG,GT,48.0,37.0,"(P) Planned for installation, but regulatory approvals not initiated",P,2028,7
3989,City of Colorado Springs - (CO),68705,Horizon,H09,CO,WACM,Natural Gas Fired Combustion Turbine,NG,GT,48.0,37.0,"(P) Planned for installation, but regulatory approvals not initiated",P,2028,7
3989,City of Colorado Springs - (CO),68705,Horizon,H10,CO,WACM,Natural Gas Fired Combustion Turbine,NG,GT,48.0,37.0,"(P) Planned for installation, but regulatory approvals not initiated",P,2028,7
66509,Red River Clean Energy,68738,Cannibal Draw Solar and Storage,CANBS,TX,ERCO,Batteries,MWH,BA,98.6,98.6,(T) Regulatory approvals received. Not under construction,T,2028,4
66509,Red River Clean Energy,68738,Cannibal Draw Solar and Storage,CANPV,TX,ERCO,Solar Photovoltaic,SUN,PV,149.5,149.5,(T) Regulatory approvals received. Not under construction,T,2028,4
66509,Red River Clean Energy,68739,Uva Creek Solar,UVAPV,TX,ERCO,Solar Photovoltaic,SUN,PV,301.0,301.0,(T) Regulatory approvals received. Not under construction,T,2028,8
4254,Consumers Energy Co - (MI),68744,Liberty Solar Energy Center,LSEC,MI,MISO,Solar Photovoltaic,SUN,PV,220.0,220.0,"(U) Under construction, less than or equal to 50 percent complete",U,2027,12
4254,Consumers Energy Co - (MI),68745,Sunfish Solar 2,SS2,MI,MISO,Solar Photovoltaic,SUN,PV,360.0,360.0,"(U) Under construction, less than or equal to 50 percent complete",U,2026,12
67038,"IP Easley, LLC",68758,Easley Solar,IPEA1,CA,CISO,Solar Photovoltaic,SUN,PV,290.0,290.0,"(TS) Construction complete, but not yet in commercial operation",TS,2026,9
67038,"IP Easley, LLC",68758,Easley Solar,IPEA3,CA,CISO,Batteries,MWH,BA,300.0,300.0,(T) Regulatory approvals received. Not under construction,T,2028,3
67582,"Intersect USA, LLC",68759,Quantum BESS,IPQ1B,TX,ERCO,Batteries,MWH,BA,422.4,323.6,"(TS) Construction complete, but not yet in commercial operation",TS,2026,11
67582,"Intersect USA, LLC",68760,Quantum Solar,IPQ1S,TX,ERCO,Solar Photovoltaic,SUN,PV,362.8,320.6,"(TS) Construction complete, but not yet in commercial operation",TS,2026,11
67582,"Intersect USA, LLC",68761,Quantum II BESS,IPQ2B,TX,ERCO,Batteries,MWH,BA,422.4,323.6,"(TS) Construction complete, but not yet in commercial operation",TS,2026,11
67582,"Intersect USA, LLC",68762,Quantum II Solar,IPQ2S,TX,ERCO,Solar Photovoltaic,SUN,PV,362.8,320.6,"(TS) Construction complete, but not yet in commercial operation",TS,2026,11
67058,"DECH bn, LLC",68763,Deschutes Solar and BESS,DECH1,OR,BPAT,Solar Photovoltaic,SUN,PV,1000.0,1000.0,(L) Regulatory approvals pending. Not under construction,L,2029,11
67058,"DECH bn, LLC",68763,Deschutes Solar and BESS,DECH2,OR,BPAT,Batteries,MWH,BA,1000.0,1000.0,(L) Regulatory approvals pending. Not under construction,L,2029,11
67044,"Greenalia Solar Power Hutcherson, LLC",68765,Hutcherson Solar,HUGSP,TX,ERCO,Solar Photovoltaic,SUN,PV,123.3,123.3,"(P) Planned for installation, but regulatory approvals not initiated",P,2030,1
67045,"Greenalia Wind Power Pioneer Field, LLC",68766,Pioneer Field Wind Power,PFGWP,TX,ERCO,Onshore Wind Turbine,WND,WT,136.2,163.2,"(P) Planned for installation, but regulatory approvals not initiated",P,2030,11
67047,"Greenalia Solar Power Blackwelder Ranch, LLC",68767,Greenalia Solar Power Blackwelder Ranch,BRGSP,TX,ERCO,Solar Photovoltaic,SUN,PV,199.7,199.7,"(P) Planned for installation, but regulatory approvals not initiated",P,2030,6
67046,"Greenalia Wind Power Blackwelder Ranch, LLC",68768,Blackwelder Ranch Wind,BRGWP,TX,ERCO,Onshore Wind Turbine,WND,WT,110.4,110.4,"(P) Planned for installation, but regulatory approvals not initiated",P,2030,6
67048,"Greenlia Solar Power Misae III, LLC",68769,Greenalia Solar Power Misae III,M3GSP,TX,ERCO,Solar Photovoltaic,SUN,PV,169.6,169.6,(T) Regulatory approvals received. Not under construction,T,2027,9
67057,Chalk Bluff Solar Energy LLC,68772,Chalk Bluff Solar,CHALK,AR,MISO,Solar Photovoltaic,SUN,PV,450.0,450.0,"(U) Under construction, less than or equal to 50 percent complete",U,2027,6
67069,NY CDG 009 LLC,68783,NY CDG 009,NY009,NY,NYIS,Solar Photovoltaic,SUN,PV,1.0,1.0,"(TS) Construction complete, but not yet in commercial operation",TS,2026,9
67517,Dolet Hills Solar,68785,Dolet Hills Solar,DHS1,LA,MISO,Solar Photovoltaic,SUN,PV,240.0,240.0,"(V) Under construction, more than 50 percent complete",V,2026,12
66800,"NorCal FPV 1, LLC",68787,NorCal FPV 1 (Pond 2),23889,CA,CISO,Solar Photovoltaic,SUN,PV,1.8,1.8,"(V) Under construction, more than 50 percent complete",V,2026,12
65869,Prologis Logistics Services Incorporated,68789,South Bay Dis Ctr 12 - SLLAX104,LA104,CA,CISO,Solar Photovoltaic,SUN,PV,1.2,1.2,"(U) Under construction, less than or equal to 50 percent complete",U,2026,9
65869,Prologis Logistics Services Incorporated,68790,Dominguez - SLLAX512,LA512,CA,CISO,Solar Photovoltaic,SUN,PV,1.3,1.3,"(TS) Construction complete, but not yet in commercial operation",TS,2026,9
65869,Prologis Logistics Services Incorporated,68792,Fordyce - SLLAX680,LA680,CA,CISO,Solar Photovoltaic,SUN,PV,1.3,1.3,"(U) Under construction, less than or equal to 50 percent complete",U,2027,6
65869,Prologis Logistics Services Incorporated,68793,Bandini - SLLAX710,LA710,CA,CISO,Solar Photovoltaic,SUN,PV,1.3,1.3,"(TS) Construction complete, but not yet in commercial operation",TS,2026,9
61060,Cypress Creek Renewables,68810,Mora Solar,MORA,PA,PJM,Solar Photovoltaic,SUN,PV,60.0,60.0,"(P) Planned for installation, but regulatory approvals not initiated",P,2027,12
61060,Cypress Creek Renewables,68812,Stevens Mill Solar,STVML,NC,CPLE,Solar Photovoltaic,SUN,PV,80.0,80.0,(L) Regulatory approvals pending. Not under construction,L,2027,5
61060,Cypress Creek Renewables,68813,Vitex Storage,VITEX,NV,NEVP,Batteries,MWH,BA,300.0,300.0,(L) Regulatory approvals pending. Not under construction,L,2028,6
66234,Nexus Renewables U.S. Inc.,68814,Brazos River BESS LLC,ASHU2,TX,ERCO,Batteries,MWH,BA,180.0,180.0,"(P) Planned for installation, but regulatory approvals not initiated",P,2028,11
6452,Florida Power & Light Co,68824,Middle Lake,1,FL,FPL,Solar Photovoltaic,SUN,PV,74.5,74.5,"(U) Under construction, less than or equal to 50 percent complete",U,2027,4
6452,Florida Power & Light Co,68825,Pinecone,1,FL,FPL,Solar Photovoltaic,SUN,PV,74.5,74.5,"(U) Under construction, less than or equal to 50 percent complete",U,2027,10
6452,Florida Power & Light Co,68826,Saddle,1,FL,FPL,Solar Photovoltaic,SUN,PV,74.5,74.5,"(U) Under construction, less than or equal to 50 percent complete",U,2027,10
6452,Florida Power & Light Co,68827,Spanish Moss,1,FL,FPL,Solar Photovoltaic,SUN,PV,74.5,74.5,"(U) Under construction, less than or equal to 50 percent complete",U,2027,10
6452,Florida Power & Light Co,68828,Tangelo,1,FL,FPL,Solar Photovoltaic,SUN,PV,74.5,74.5,"(U) Under construction, less than or equal to 50 percent complete",U,2027,1
6452,Florida Power & Light Co,68829,Ambersweet,1,FL,FPL,Solar Photovoltaic,SUN,PV,74.5,74.5,"(U) Under construction, less than or equal to 50 percent complete",U,2027,4
6452,Florida Power & Light Co,68830,Catfish,1,FL,FPL,Solar Photovoltaic,SUN,PV,74.5,74.5,"(U) Under construction, less than or equal to 50 percent complete",U,2027,7
6452,Florida Power & Light Co,68831,Cocoplum,1,FL,FPL,Solar Photovoltaic,SUN,PV,74.5,74.5,"(U) Under construction, less than or equal to 50 percent complete",U,2027,7
6452,Florida Power & Light Co,68832,County Line,1,FL,FPL,Solar Photovoltaic,SUN,PV,74.5,74.5,"(U) Under construction, less than or equal to 50 percent complete",U,2027,4
6452,Florida Power & Light Co,68833,Hardwood Hammock,1,FL,FPL,Solar Photovoltaic,SUN,PV,74.5,74.5,"(U) Under construction, less than or equal to 50 percent complete",U,2027,7
6452,Florida Power & Light Co,68834,Hendry,1,FL,FPL,Solar Photovoltaic,SUN,PV,74.5,74.5,"(U) Under construction, less than or equal to 50 percent complete",U,2027,1
6452,Florida Power & Light Co,68835,Joshua Creek,1,FL,FPL,Solar Photovoltaic,SUN,PV,74.5,74.5,"(U) Under construction, less than or equal to 50 percent complete",U,2027,10
6452,Florida Power & Light Co,68836,Maple Trail,1,FL,FPL,Solar Photovoltaic,SUN,PV,74.5,74.5,"(U) Under construction, less than or equal to 50 percent complete",U,2027,7
67090,Tupper Lake,68843,Tupper Lake Wind,TLCP,MI,MISO,Onshore Wind Turbine,WND,WT,200.0,198.0,(L) Regulatory approvals pending. Not under construction,L,2029,12
67083,"1000 Mile Solar, LLC",68847,1000 Mile Solar,PV1,TX,SWPP,Solar Photovoltaic,SUN,PV,300.0,300.0,"(TS) Construction complete, but not yet in commercial operation",TS,2026,9
5109,DTE Electric Company,68850,Gratiot Solar Park,GRTSP,MI,MISO,Solar Photovoltaic,SUN,PV,50.0,50.0,"(TS) Construction complete, but not yet in commercial operation",TS,2026,10
67095,"Bell 1 Solar, LLC",68851,Hermes Solar PV,HSPV1,TX,ERCO,Solar Photovoltaic,SUN,PV,100.4,100.0,"(V) Under construction, more than 50 percent complete",V,2026,9
67096,"Bell 1 Storage, LLC",68852,Hermes Storage BESS,HSBE1,TX,ERCO,Batteries,MWH,BA,100.4,100.0,"(V) Under construction, more than 50 percent complete",V,2026,10
67097,Limewood Bell Renewables LLC,68853,Limewood Bell Renewables Solar,LMWOD,TX,ERCO,Solar Photovoltaic,SUN,PV,204.0,204.0,"(TS) Construction complete, but not yet in commercial operation",TS,2026,10
67110,"Tracy Renewable Energy, LLC",68855,Tracy Renewable Power Plant,TRP01,CA,CISO,Other Waste Biomass,AB,ST,5.0,3.0,"(U) Under construction, less than or equal to 50 percent complete",U,2027,2
67107,"Cavern Solar, LLC",68858,Cavern,PV1,NY,NYIS,Solar Photovoltaic,SUN,PV,2.0,2.0,"(P) Planned for installation, but regulatory approvals not initiated",P,2027,12
67106,"Endicott NY Solar Farm, LLC",68859,Endicott,PV1,NY,NYIS,Solar Photovoltaic,SUN,PV,5.0,5.0,"(P) Planned for installation, but regulatory approvals not initiated",P,2027,12
67105,CP Tully Five LLC,68860,Tully 5,PV1,NY,NYIS,Solar Photovoltaic,SUN,PV,2.0,2.0,"(P) Planned for installation, but regulatory approvals not initiated",P,2027,12
67104,CP Tully Four LLC,68861,Tully 4,PV1,NY,NYIS,Solar Photovoltaic,SUN,PV,5.0,5.0,"(P) Planned for installation, but regulatory approvals not initiated",P,2027,12
67103,"Emerson Solar, LLC",68862,Emerson NY,PV1,NY,NYIS,Solar Photovoltaic,SUN,PV,5.0,5.0,"(P) Planned for installation, but regulatory approvals not initiated",P,2027,12
67102,"Bloomfield Solar, LLC",68863,Bloomfield Solar,PV1,NY,NYIS,Solar Photovoltaic,SUN,PV,5.0,5.0,"(P) Planned for installation, but regulatory approvals not initiated",P,2027,5
67101,"Bridgewater Solar 2, LLC",68864,Bridgewater 2,PV1,NY,NYIS,Solar Photovoltaic,SUN,PV,5.0,5.0,"(P) Planned for installation, but regulatory approvals not initiated",P,2030,12
67100,"Bridgewater Solar, LLC",68865,Bridgewater 1,PV1,NY,NYIS,Solar Photovoltaic,SUN,PV,5.0,5.0,"(P) Planned for installation, but regulatory approvals not initiated",P,2030,12
67114,Santa Teresa Solar,68866,Santa Teresa Solar,SAN,NM,EPE,Batteries,MWH,BA,150.0,150.0,"(V) Under construction, more than 50 percent complete",V,2026,9
67123,"NY Union I, LLC",68869,Watson 1,PV1,NY,NYIS,Solar Photovoltaic,SUN,PV,4.8,4.8,"(U) Under construction, less than or equal to 50 percent complete",U,2027,4
67124,"NY Union II, LLC",68870,Watson 2,PV1,NY,NYIS,Solar Photovoltaic,SUN,PV,4.9,4.9,"(U) Under construction, less than or equal to 50 percent complete",U,2027,3
61060,Cypress Creek Renewables,68871,Timber Mill Solar,TIMIB,NC,CPLE,Batteries,MWH,BA,32.0,32.0,"(P) Planned for installation, but regulatory approvals not initiated",P,2028,12
61060,Cypress Creek Renewables,68871,Timber Mill Solar,TIMIL,NC,CPLE,Solar Photovoltaic,SUN,PV,80.0,80.0,"(P) Planned for installation, but regulatory approvals not initiated",P,2028,12
67127,"Big Sampson Wind Project, LLC",68873,Big Sampson Wind,BIGS,TX,ERCO,Onshore Wind Turbine,WND,WT,265.0,265.0,"(TS) Construction complete, but not yet in commercial operation",TS,2026,9
67133,"Okolona Solar, LLC",68876,Okolona Solar,6339,MS,MISO,Solar Photovoltaic,SUN,PV,145.0,145.0,(L) Regulatory approvals pending. Not under construction,L,2027,12
67133,"Okolona Solar, LLC",68876,Okolona Solar,6340,MS,MISO,Batteries,MWH,BA,145.0,145.0,(T) Regulatory approvals received. Not under construction,T,2028,8
67134,"Wildcat Ranch Energy Storage, LLC",68877,Wildcat Ranch Energy Storage,WLDC1,TX,PNM,Batteries,MWH,BA,120.0,107.5,"(P) Planned for installation, but regulatory approvals not initiated",P,2027,11
64452,"EDF Renewables Development, Inc.",68883,Sawtooth Solar,STBA,AZ,AZPS,Batteries,MWH,BA,250.0,250.0,(L) Regulatory approvals pending. Not under construction,L,2028,6
64452,"EDF Renewables Development, Inc.",68883,Sawtooth Solar,STPV,AZ,AZPS,Solar Photovoltaic,SUN,PV,250.0,250.0,(L) Regulatory approvals pending. Not under construction,L,2028,6
67126,"NY Tioga IV, LLC",68884,Glen Mary,PV1,NY,NYIS,Solar Photovoltaic,SUN,PV,3.4,3.4,"(P) Planned for installation, but regulatory approvals not initiated",P,2027,12
67141,Clover Creek Solar Project LLC d/b/a New Frontiers Solar Park,68897,New Frontiers Solar,PVSI,KY,MISO,Solar Photovoltaic,SUN,PV,100.0,100.0,(L) Regulatory approvals pending. Not under construction,L,2027,6
67140,Eagle Creek Solar Park LLC,68898,Eagle Creek Solar Park LLC,ECS1,MI,MISO,Solar Photovoltaic,SUN,PV,120.0,120.0,(L) Regulatory approvals pending. Not under construction,L,2027,3
67146,Badger State Solar LLC,68900,Badger State Solar LLC,BSS,WI,MISO,Solar Photovoltaic,SUN,PV,149.0,149.0,"(V) Under construction, more than 50 percent complete",V,2027,10
67148,Cedar Range LLC,68901,Cedar Range Solar,PVCLA,TX,ERCO,Solar Photovoltaic,SUN,PV,150.0,150.0,(L) Regulatory approvals pending. Not under construction,L,2027,9
67149,Echols Grove LLC,68902,Echols Grove Solar,ECHPV,TX,ERCO,Solar Photovoltaic,SUN,PV,201.0,201.0,(L) Regulatory approvals pending. Not under construction,L,2027,12
67150,"Solex Ridge, LLC",68903,Solex Ridge Solar,MUSPV,TX,ERCO,Solar Photovoltaic,SUN,PV,100.0,100.0,(L) Regulatory approvals pending. Not under construction,L,2027,12
67151,"Pine Forest Solar I, LLC",68906,Pine Forest Solar I,PFBA2,TX,DOPD,Batteries,MWH,BA,200.0,200.0,"(U) Under construction, less than or equal to 50 percent complete",U,2027,8
67152,CDH Vidal LLC,68907,Vidal Energy Center,1,CA,CISO,Batteries,MWH,BA,160.0,160.0,"(V) Under construction, more than 50 percent complete",V,2026,12
67152,CDH Vidal LLC,68907,Vidal Energy Center,2,CA,CISO,Solar Photovoltaic,SUN,PV,160.0,160.0,"(V) Under construction, more than 50 percent complete",V,2026,12
67154,Imperial Sun Solar LLC,68909,Imperial Sun Solar,ISSBA,CA,IID,Batteries,MWH,BA,100.0,100.0,(L) Regulatory approvals pending. Not under construction,L,2027,7
67154,Imperial Sun Solar LLC,68909,Imperial Sun Solar,ISSPV,CA,IID,Solar Photovoltaic,SUN,PV,100.0,100.0,(L) Regulatory approvals pending. Not under construction,L,2027,7
67157,Flint,68911,Flint,27288,OH,PJM,Batteries,MWH,BA,200.0,200.0,"(U) Under construction, less than or equal to 50 percent complete",U,2027,7
67160,Padua 3,68914,Padua 3,12343,TX,ERCO,Batteries,MWH,BA,200.0,200.0,"(TS) Construction complete, but not yet in commercial operation",TS,2026,10
67165,"Beavertail Solar, LLC",68917,Beavertail Solar,BS,MO,SPA,Solar Photovoltaic,SUN,PV,400.0,400.0,"(U) Under construction, less than or equal to 50 percent complete",U,2027,4
67167,Enterprise BESS LLC,68923,Enterprise BESS,ENTB,CA,CISO,Batteries,MWH,BA,54.1,52.0,(T) Regulatory approvals received. Not under construction,T,2027,12
67168,Panoche BESS LLC,68924,Iron BESS,IROB,CA,CISO,Batteries,MWH,BA,59.5,57.0,"(U) Under construction, less than or equal to 50 percent complete",U,2027,4
67169,Midway BESS LLC,68925,Midway BESS,MIDB,CA,CISO,Batteries,MWH,BA,124.6,119.9,"(U) Under construction, less than or equal to 50 percent complete",U,2027,6
65654,Birch Creek Development,68926,"Blue Jay Road Solar, LLC",BLUEJ,MO,MISO,Solar Photovoltaic,SUN,PV,66.0,66.0,"(U) Under construction, less than or equal to 50 percent complete",U,2026,11
65654,Birch Creek Development,68929,"Ruby Solar, LLC",RUBY,IL,MISO,Solar Photovoltaic,SUN,PV,50.0,50.0,"(V) Under construction, more than 50 percent complete",V,2026,9
67166,"MC Solar, LLC",68930,MC Solar,ENX36,PA,PJM,Solar Photovoltaic,SUN,PV,50.0,50.0,"(U) Under construction, less than or equal to 50 percent complete",U,2027,1
67171,Overnight Solar LLC,68932,Overnight Solar,OSBA,CA,CISO,Batteries,MWH,BA,150.0,150.0,"(V) Under construction, more than 50 percent complete",V,2027,1
67171,Overnight Solar LLC,68932,Overnight Solar,OSPV,CA,CISO,Solar Photovoltaic,SUN,PV,150.0,150.0,"(U) Under construction, less than or equal to 50 percent complete",U,2027,1
67172,"SV CSG Corbell, LLC",68933,SV CSG Corbell,CORB,IL,MISO,Solar Photovoltaic,SUN,PV,2.0,2.0,"(TS) Construction complete, but not yet in commercial operation",TS,2026,11
67173,SV CSG East St Louis LLC,68934,SV CSG East St Louis,EAST1,IL,MISO,Solar Photovoltaic,SUN,PV,5.0,5.0,"(U) Under construction, less than or equal to 50 percent complete",U,2026,12
67174,SV CSG Roxana 1 LLC,68935,SV CSG Roxana 1,ROX1,IL,MISO,Solar Photovoltaic,SUN,PV,2.5,2.5,"(V) Under construction, more than 50 percent complete",V,2026,11
67175,"SV CSG Naplate, LLC",68936,SV CSG Naplate,NAP1,IL,MISO,Solar Photovoltaic,SUN,PV,3.9,3.9,"(V) Under construction, more than 50 percent complete",V,2026,11
62842,"Lightsource Renewable Energy Asset Management, LLC",68938,"Juliet Energy Project, LLC",OHJE1,OH,PJM,Solar Photovoltaic,SUN,PV,50.0,50.0,"(TS) Construction complete, but not yet in commercial operation",TS,2026,10
66571,Clenera DevCo LLC,68939,Coggon Solar LLC,COGPV,IA,MISO,Solar Photovoltaic,SUN,PV,100.0,100.0,"(U) Under construction, less than or equal to 50 percent complete",U,2027,12
66571,Clenera DevCo LLC,68940,Country Acres Clean Power LLC,CABS,CA,BANC,Batteries,MWH,BA,172.0,172.0,"(V) Under construction, more than 50 percent complete",V,2026,12
66571,Clenera DevCo LLC,68940,Country Acres Clean Power LLC,CAPV,CA,BANC,Solar Photovoltaic,SUN,PV,344.0,344.0,"(U) Under construction, less than or equal to 50 percent complete",U,2026,12
67176,"Kifer Energy Storage, LLC",68953,Kifer BESS 1,KB1,CA,CISO,Batteries,MWH,BA,50.0,50.0,"(U) Under construction, less than or equal to 50 percent complete",U,2026,11
67179,"Border Basin, LLC",68968,Border Basin Solar,ENX37,OH,PJM,Solar Photovoltaic,SUN,PV,120.0,120.0,"(V) Under construction, more than 50 percent complete",V,2026,10
67180,"Strinestown Solar, LLC",68969,Strinestown Solar,ENX39,PA,PJM,Solar Photovoltaic,SUN,PV,79.6,79.6,(T) Regulatory approvals received. Not under construction,T,2027,12
67182,Ho-Fel Solar LLC,68970,Ho-Fel Solar,HOFEL,VA,PJM,Solar Photovoltaic,SUN,PV,50.2,50.2,"(TS) Construction complete, but not yet in commercial operation",TS,2026,11
67184,Gilman Solar LLC PV,68972,Gilman Solar LLC,11253,IL,MISO,Solar Photovoltaic,SUN,PV,4.5,4.5,"(U) Under construction, less than or equal to 50 percent complete",U,2027,9
67187,Washington Street Solar 1 LLC,68975,Washington Street Solar 1 LLC,17340,IL,MISO,Solar Photovoltaic,SUN,PV,5.0,5.0,"(U) Under construction, less than or equal to 50 percent complete",U,2026,10
67196,"Gonzaga Ridge Battery Facility, LLC",68980,Gonzaga Ridge Battery Facility,GRBF,CA,CISO,Batteries,MWH,BA,51.8,51.8,"(V) Under construction, more than 50 percent complete",V,2026,9
67197,"Gonzaga Ridge Wind Farm, LLC",68981,Gonzaga Ridge Wind Farm,GRWF1,CA,CISO,Onshore Wind Turbine,WND,WT,40.3,40.3,"(V) Under construction, more than 50 percent complete",V,2026,9
67197,"Gonzaga Ridge Wind Farm, LLC",68981,Gonzaga Ridge Wind Farm,GRWF2,CA,CISO,Onshore Wind Turbine,WND,WT,34.6,34.6,"(V) Under construction, more than 50 percent complete",V,2026,9
67197,"Gonzaga Ridge Wind Farm, LLC",68981,Gonzaga Ridge Wind Farm,GRWF3,CA,CISO,Onshore Wind Turbine,WND,WT,57.9,57.9,"(V) Under construction, more than 50 percent complete",V,2026,9
15466,Public Service Co of Colorado,68982,Singing Grass Wind,SGG01,CO,PSCO,Onshore Wind Turbine,WND,WT,603.0,600.0,"(U) Under construction, less than or equal to 50 percent complete",U,2027,9
13781,Northern States Power Co - Minnesota,68988,Sherco LDES,SHB01,MN,MISO,Batteries,MWH,BA,10.0,10.0,(T) Regulatory approvals received. Not under construction,T,2028,5
67181,"MPG Solar, LLC",68993,MPG Solar,ENX40,PA,PJM,Solar Photovoltaic,SUN,PV,162.0,162.0,(T) Regulatory approvals received. Not under construction,T,2028,7
67205,"Dover Solar, LLC (PA)",68995,Dover Solar (PA),ENX38,PA,PJM,Solar Photovoltaic,SUN,PV,75.0,75.0,(T) Regulatory approvals received. Not under construction,T,2027,11
57416,"Acciona Energy USA Global, LLC",69004,Adelite Storage Project LLC,ADELI,TX,ERCO,Batteries,MWH,BA,230.0,230.0,(T) Regulatory approvals received. Not under construction,T,2028,3
66571,Clenera DevCo LLC,69021,Rustic Hills Solar I,RH1PV,IN,MISO,Solar Photovoltaic,SUN,PV,100.0,100.0,(T) Regulatory approvals received. Not under construction,T,2028,10
66571,Clenera DevCo LLC,69022,Rustic Hills Solar II LLC,RH2PV,IN,MISO,Solar Photovoltaic,SUN,PV,100.0,100.0,(T) Regulatory approvals received. Not under construction,T,2028,10
67223,Glenarm BESS LLC,69024,Glenarm BESS Plant,GLNB1,CA,CISO,Batteries,MWH,BA,25.0,25.0,(L) Regulatory approvals pending. Not under construction,L,2027,6
67221,Joppa BESS LLC,69025,Pulaski Solar,PLSKI,IL,GLHB,Solar Photovoltaic,SUN,PV,417.4,405.0,"(TS) Construction complete, but not yet in commercial operation",TS,2026,12
67192,RWE Clean Energy,69027,"Stoneridge Solar, LLC",SSBA,TX,ERCO,Batteries,MWH,BA,100.0,100.0,"(TS) Construction complete, but not yet in commercial operation",TS,2026,12
65539,Pivot Energy,69034,Pivot Energy Minnesota Solar 2,PMI2,MN,MISO,Solar Photovoltaic,SUN,PV,1.0,1.0,"(V) Under construction, more than 50 percent complete",V,2027,4
65539,Pivot Energy,69035,Pivot Solar 36,PI36,CO,WACM,Solar Photovoltaic,SUN,PV,5.0,5.0,"(V) Under construction, more than 50 percent complete",V,2027,1
15466,Public Service Co of Colorado,69040,Arroyo Solar,ARY1,CO,PSCO,Solar Photovoltaic,SUN,PV,335.0,335.0,"(U) Under construction, less than or equal to 50 percent complete",U,2026,10
65539,Pivot Energy,69052,MDD109-NCBP BLDG 11-Manekin,MD11,MD,PJM,Solar Photovoltaic,SUN,PV,2.4,2.4,"(V) Under construction, more than 50 percent complete",V,2026,9
65539,Pivot Energy,69053,ILL060-Sangamon-Atchison,IL60,IL,MISO,Solar Photovoltaic,SUN,PV,2.0,2.0,"(V) Under construction, more than 50 percent complete",V,2026,9
67217,"ATLAS Solar II, LLC",69054,ATLAS II,ALT2,AZ,CISO,Solar Photovoltaic,SUN,PV,100.0,100.0,"(V) Under construction, more than 50 percent complete",V,2026,11
67218,"ATLAS SOLAR IV, LLC",69055,ATLAS SOLAR IV,ALTS4,AZ,CISO,Solar Photovoltaic,SUN,PV,300.0,300.0,"(V) Under construction, more than 50 percent complete",V,2027,3
66571,Clenera DevCo LLC,69056,CO Bar Solar and BESS,CBBA,AZ,AZPS,Batteries,MWH,BA,400.0,400.0,"(P) Planned for installation, but regulatory approvals not initiated",P,2027,12
66571,Clenera DevCo LLC,69056,CO Bar Solar and BESS,CBPV,AZ,AZPS,Solar Photovoltaic,SUN,PV,400.0,400.0,"(P) Planned for installation, but regulatory approvals not initiated",P,2027,12
66571,Clenera DevCo LLC,69057,CO Bar D Solar and BESS,CBDBA,AZ,AZPS,Batteries,MWH,BA,394.0,394.0,"(P) Planned for installation, but regulatory approvals not initiated",P,2028,5
66571,Clenera DevCo LLC,69057,CO Bar D Solar and BESS,CBDPV,AZ,AZPS,Solar Photovoltaic,SUN,PV,394.0,394.0,"(P) Planned for installation, but regulatory approvals not initiated",P,2028,5
66571,Clenera DevCo LLC,69058,CO Bar C Solar and BESS,CBCBA,AZ,AZPS,Batteries,MWH,BA,206.0,206.0,"(P) Planned for installation, but regulatory approvals not initiated",P,2027,8
66571,Clenera DevCo LLC,69058,CO Bar C Solar and BESS,CBCPV,AZ,AZPS,Solar Photovoltaic,SUN,PV,206.0,206.0,"(P) Planned for installation, but regulatory approvals not initiated",P,2027,8
66571,Clenera DevCo LLC,69059,Crimson Orchard Solar and BESS,COBA,ID,IPCO,Batteries,MWH,BA,100.0,100.0,(L) Regulatory approvals pending. Not under construction,L,2027,4
66571,Clenera DevCo LLC,69059,Crimson Orchard Solar and BESS,COPV,ID,IPCO,Solar Photovoltaic,SUN,PV,100.0,100.0,(L) Regulatory approvals pending. Not under construction,L,2027,4
66571,Clenera DevCo LLC,69060,Snowflake A Solar and BESS,SNFA,AZ,AZPS,Solar Photovoltaic,SUN,PV,475.0,475.0,(L) Regulatory approvals pending. Not under construction,L,2027,8
66571,Clenera DevCo LLC,69060,Snowflake A Solar and BESS,SNFBA,AZ,AZPS,Batteries,MWH,BA,475.0,475.0,(L) Regulatory approvals pending. Not under construction,L,2027,8
65539,Pivot Energy,69064,"NCBP TWELVE, LLC",NC12,MD,PJM,Solar Photovoltaic,SUN,PV,1.2,1.2,"(V) Under construction, more than 50 percent complete",V,2026,9
1307,Basin Electric Power Coop,69071,Bison Generation Station,CA1,ND,SWPP,Natural Gas Fired Combined Cycle,NG,CA,263.0,320.0,(L) Regulatory approvals pending. Not under construction,L,2029,2
1307,Basin Electric Power Coop,69071,Bison Generation Station,CA2,ND,SWPP,Natural Gas Fired Combined Cycle,NG,CA,263.0,320.0,(L) Regulatory approvals pending. Not under construction,L,2030,3
1307,Basin Electric Power Coop,69071,Bison Generation Station,CT1,ND,SWPP,Natural Gas Fired Combined Cycle,NG,CT,496.0,409.0,(L) Regulatory approvals pending. Not under construction,L,2029,2
1307,Basin Electric Power Coop,69071,Bison Generation Station,CT2,ND,SWPP,Natural Gas Fired Combined Cycle,NG,CT,496.0,409.0,(L) Regulatory approvals pending. Not under construction,L,2030,3
55937,Entergy Texas Inc.,69077,Lone Star Power Station,1A,TX,MISO,Natural Gas Fired Combustion Turbine,NG,GT,467.3,432.0,(L) Regulatory approvals pending. Not under construction,L,2028,7
67250,"Helion Energy, Inc.",69099,Orion - Helion,HEWA1,WA,CHPD,All Other,H2,OT,50.0,50.0,(L) Regulatory approvals pending. Not under construction,L,2028,12
17650,Southern Power Co,69101,Millers Branch Solar,MLB03,TX,ERCO,Solar Photovoltaic,SUN,PV,132.0,132.0,"(U) Under construction, less than or equal to 50 percent complete",U,2026,12
20421,Western Minnesota Mun Pwr Agny,69102,Toronto Power Plant,U1,SD,MISO,Natural Gas Fired Combustion Turbine,NG,GT,36.3,35.6,(L) Regulatory approvals pending. Not under construction,L,2029,12
20421,Western Minnesota Mun Pwr Agny,69102,Toronto Power Plant,U2,SD,MISO,Natural Gas Fired Combustion Turbine,NG,GT,36.3,35.6,(L) Regulatory approvals pending. Not under construction,L,2029,12
20421,Western Minnesota Mun Pwr Agny,69102,Toronto Power Plant,U3,SD,MISO,Natural Gas Fired Combustion Turbine,NG,GT,36.3,35.6,(L) Regulatory approvals pending. Not under construction,L,2029,12
20421,Western Minnesota Mun Pwr Agny,69102,Toronto Power Plant,U4,SD,MISO,Natural Gas Fired Combustion Turbine,NG,GT,36.3,35.6,(L) Regulatory approvals pending. Not under construction,L,2029,12
58509,"Affordable Solar Silver City, LLC",69105,SLO-2,SLO-2,NM,PNM,Solar Photovoltaic,SUN,PV,5.0,5.0,"(V) Under construction, more than 50 percent complete",V,2026,9
64452,"EDF Renewables Development, Inc.",69108,Eastern Cottontail Solar,COT01,OH,PJM,Solar Photovoltaic,SUN,PV,220.0,254.5,(L) Regulatory approvals pending. Not under construction,L,2028,12
57416,"Acciona Energy USA Global, LLC",69110,Coneflower Storage Project LLC,CONEF,TX,ERCO,Batteries,MWH,BA,170.9,170.9,(L) Regulatory approvals pending. Not under construction,L,2027,9
3046,Duke Energy Progress - (NC),69119,New Hill 1 Battery,NHBA1,NC,CPLE,Batteries,MWH,BA,56.0,56.0,"(U) Under construction, less than or equal to 50 percent complete",U,2027,9
66509,Red River Clean Energy,69120,Resaca Oasis Storage,RESBS,TX,ERCO,Batteries,MWH,BA,200.7,200.7,(T) Regulatory approvals received. Not under construction,T,2027,9
67272,"RPCA Solar 8, LLC",69137,Althea Avenue Solar,ALP2,CA,CISO,Solar Photovoltaic,SUN,PV,3.9,3.9,"(TS) Construction complete, but not yet in commercial operation",TS,2026,12
5416,"Duke Energy Carolinas, LLC",69144,Baxter Creek Solar,PV1,NC,CPLE,Solar Photovoltaic,SUN,PV,30.0,30.0,"(V) Under construction, more than 50 percent complete",V,2026,9
18642,Tennessee Valley Authority,69147,New Caledonia,G1,MS,TVA,Natural Gas Fired Combustion Turbine,NG,GT,84.0,81.0,"(P) Planned for installation, but regulatory approvals not initiated",P,2028,12
18642,Tennessee Valley Authority,69147,New Caledonia,G2,MS,TVA,Natural Gas Fired Combustion Turbine,NG,GT,84.0,81.0,"(P) Planned for installation, but regulatory approvals not initiated",P,2028,12
18642,Tennessee Valley Authority,69147,New Caledonia,G3,MS,TVA,Natural Gas Fired Combustion Turbine,NG,GT,84.0,81.0,"(P) Planned for installation, but regulatory approvals not initiated",P,2028,12
18642,Tennessee Valley Authority,69147,New Caledonia,G4,MS,TVA,Natural Gas Fired Combustion Turbine,NG,GT,84.0,81.0,"(P) Planned for installation, but regulatory approvals not initiated",P,2028,12
18642,Tennessee Valley Authority,69147,New Caledonia,G5,MS,TVA,Natural Gas Fired Combustion Turbine,NG,GT,84.0,81.0,"(P) Planned for installation, but regulatory approvals not initiated",P,2028,12
18642,Tennessee Valley Authority,69147,New Caledonia,G6,MS,TVA,Natural Gas Fired Combustion Turbine,NG,GT,84.0,81.0,"(P) Planned for installation, but regulatory approvals not initiated",P,2028,12
5416,"Duke Energy Carolinas, LLC",69148,Allen 2 BESS,BESS1,NC,DUK,Batteries,MWH,BA,167.0,167.0,"(P) Planned for installation, but regulatory approvals not initiated",P,2027,7
67298,"Anson Solar Center 2, LLC",69149,Anson 2 Solar,ANSN2,TX,ERCO,Solar Photovoltaic,SUN,PV,218.5,200.0,"(V) Under construction, more than 50 percent complete",V,2026,9
67299,Sypert Branch Solar LLC,69150,Sypert Branch Solar,SYPRT,TX,ERCO,Solar Photovoltaic,SUN,PV,293.9,260.0,"(U) Under construction, less than or equal to 50 percent complete",U,2026,9
67304,"BT Cantwell Solar, LLC",69151,Arroyo Storage,ARY_B,TX,ERCO,Batteries,MWH,BA,180.0,180.0,"(TS) Construction complete, but not yet in commercial operation",TS,2026,11
67302,Apache Hill Energy Center,69155,Apache Hill Energy Center,AHBA1,TX,ERCO,Batteries,MWH,BA,200.0,200.0,"(V) Under construction, more than 50 percent complete",V,2026,11
67271,Duff Solar Park LLC,69156,Duff Solar Park,GEN01,IN,MISO,Solar Photovoltaic,SUN,PV,100.0,100.0,"(V) Under construction, more than 50 percent complete",V,2026,10
67287,"SV CSG Reeder Solar, LLC",69158,SV CSG Reeder Solar,REEDR,IL,MISO,Solar Photovoltaic,SUN,PV,5.0,5.0,"(U) Under construction, less than or equal to 50 percent complete",U,2027,6
67288,"SV CSG Diel 1, LLC",69159,SV CSG Diel 1,DIEL,IL,MISO,Solar Photovoltaic,SUN,PV,5.0,5.0,"(V) Under construction, more than 50 percent complete",V,2026,12
67289,SV CSG Ottawa 1 LLC,69160,SV CSG Ottawa 1,OTTA1,IL,MISO,Solar Photovoltaic,SUN,PV,3.0,3.0,(L) Regulatory approvals pending. Not under construction,L,2027,9
67305,Backbone BESS LLC,69167,Backbone Creek BESS,BCKBN,TX,ERCO,Batteries,MWH,BA,121.0,121.0,"(V) Under construction, more than 50 percent complete",V,2026,12
67307,Freshwater Solar LLC,69169,"Freshwater Solar, LLC",FWS,MI,MISO,Solar Photovoltaic,SUN,PV,200.0,200.0,"(U) Under construction, less than or equal to 50 percent complete",U,2027,6
67308,"Freshwater Solar II, LLC",69170,"Freshwater Solar II, LLC",FW2,MI,MISO,Solar Photovoltaic,SUN,PV,100.0,100.0,"(U) Under construction, less than or equal to 50 percent complete",U,2027,12
61194,Generate Capital,69174,Arlington 1,11238,IL,MISO,Solar Photovoltaic,SUN,PV,4.5,4.5,"(V) Under construction, more than 50 percent complete",V,2026,10
61194,Generate Capital,69175,Arlington 2,11239,IL,MISO,Solar Photovoltaic,SUN,PV,4.5,4.5,"(V) Under construction, more than 50 percent complete",V,2026,10
61194,Generate Capital,69176,Bonacci 1,11218,IL,MISO,Solar Photovoltaic,SUN,PV,2.5,2.5,"(V) Under construction, more than 50 percent complete",V,2027,2
61194,Generate Capital,69177,Bonacci 2,11218,IL,MISO,Solar Photovoltaic,SUN,PV,2.5,2.5,"(V) Under construction, more than 50 percent complete",V,2027,2
61194,Generate Capital,69178,Cherry Solar 1,11237,IL,MISO,Solar Photovoltaic,SUN,PV,5.0,5.0,"(TS) Construction complete, but not yet in commercial operation",TS,2026,10
61194,Generate Capital,69180,Cold Springs,11254,NY,NYIS,Solar Photovoltaic,SUN,PV,5.0,5.0,"(TS) Construction complete, but not yet in commercial operation",TS,2026,10
61194,Generate Capital,69181,Hillview,11150,NY,NYIS,Solar Photovoltaic,SUN,PV,5.0,5.0,"(V) Under construction, more than 50 percent complete",V,2026,12
61194,Generate Capital,69182,KA 340,11225,IL,PJM,Solar Photovoltaic,SUN,PV,5.0,5.0,"(V) Under construction, more than 50 percent complete",V,2026,11
11241,Entergy Louisiana LLC,69184,Waterford 5,WF5CT,LA,MISO,Natural Gas Fired Combined Cycle,NG,CT,478.0,420.0,(T) Regulatory approvals received. Not under construction,T,2029,6
11241,Entergy Louisiana LLC,69184,Waterford 5,WF5ST,LA,MISO,Natural Gas Fired Combined Cycle,NG,CA,342.0,310.0,(T) Regulatory approvals received. Not under construction,T,2029,6
814,Entergy Arkansas LLC,69185,Jefferson Power Station,JPS1,AR,MISO,Natural Gas Fired Combined Cycle,NG,CA,342.0,310.0,(L) Regulatory approvals pending. Not under construction,L,2029,11
814,Entergy Arkansas LLC,69185,Jefferson Power Station,JPSCT,AR,MISO,Natural Gas Fired Combined Cycle,NG,CT,478.0,420.0,(L) Regulatory approvals pending. Not under construction,L,2029,11
67329,"TGE Wyoming 225, LLC",69189,Cowboy Solar II,C2BS,WY,WACM,Batteries,MWH,BA,200.0,200.0,"(P) Planned for installation, but regulatory approvals not initiated",P,2027,12
67329,"TGE Wyoming 225, LLC",69189,Cowboy Solar II,C2PV,WY,WACM,Solar Photovoltaic,SUN,PV,365.0,365.0,(T) Regulatory approvals received. Not under construction,T,2027,12
5416,"Duke Energy Carolinas, LLC",69194,Maiden Creek Battery,MCBA,NC,DUK,Batteries,MWH,BA,50.0,50.0,"(U) Under construction, less than or equal to 50 percent complete",U,2027,7
5416,"Duke Energy Carolinas, LLC",69195,Longtown Energy Storage,LONTB,SC,DUK,Batteries,MWH,BA,4.5,4.5,"(V) Under construction, more than 50 percent complete",V,2026,9
5416,"Duke Energy Carolinas, LLC",69196,Nebo Energy Storage,NEBOB,NC,DUK,Batteries,MWH,BA,2.7,2.7,"(U) Under construction, less than or equal to 50 percent complete",U,2026,10
64904,AES Clean Energy,69197,Halifax County Solar,HALIF,NC,PJM,Solar Photovoltaic,SUN,PV,80.0,80.0,"(U) Under construction, less than or equal to 50 percent complete",U,2026,9
67335,"ATLAS Solar Manager, LLC",69198,"ATLAS Solar X, LLC",ATL10,AZ,CISO,Solar Photovoltaic,SUN,PV,225.0,225.0,"(P) Planned for installation, but regulatory approvals not initiated",P,2027,12
67335,"ATLAS Solar Manager, LLC",69199,"ATLAS Solar XI, LLC",ATL11,AZ,CISO,Solar Photovoltaic,SUN,PV,200.0,200.0,"(P) Planned for installation, but regulatory approvals not initiated",P,2027,12
61194,Generate Capital,69204,Little Creek,11241,IL,MISO,Solar Photovoltaic,SUN,PV,4.0,4.0,"(V) Under construction, more than 50 percent complete",V,2026,10
61194,Generate Capital,69205,Lodi I,11249,NY,NYIS,Solar Photovoltaic,SUN,PV,5.0,5.0,"(V) Under construction, more than 50 percent complete",V,2026,11
61194,Generate Capital,69206,Lodi II,11250,NY,NYIS,Solar Photovoltaic,SUN,PV,5.0,5.0,"(V) Under construction, more than 50 percent complete",V,2026,11
61194,Generate Capital,69207,Osman Trust,11215,IL,PJM,Solar Photovoltaic,SUN,PV,4.5,4.5,"(V) Under construction, more than 50 percent complete",V,2026,10
67311,"SPPM Operating, LLC",69211,San Pedro Public Market (SPPM),PV1,CA,LDWP,Solar Photovoltaic,SUN,PV,1.2,1.2,"(U) Under construction, less than or equal to 50 percent complete",U,2027,6
61194,Generate Capital,69215,Sommer,11216,IL,MISO,Solar Photovoltaic,SUN,PV,2.0,2.0,"(U) Under construction, less than or equal to 50 percent complete",U,2027,2
61194,Generate Capital,69218,Vienna,11247,NY,NYIS,Solar Photovoltaic,SUN,PV,5.0,5.0,"(U) Under construction, less than or equal to 50 percent complete",U,2026,11
61194,Generate Capital,69220,West Genesee,11253,NY,NYIS,Solar Photovoltaic,SUN,PV,2.9,2.9,"(V) Under construction, more than 50 percent complete",V,2026,9
67309,Napa Junction RV Storage LLC,69222,American Canyon RV Boat Storage,5381,CA,CISO,Solar Photovoltaic,SUN,PV,1.9,1.9,"(V) Under construction, more than 50 percent complete",V,2026,11
12685,Entergy Mississippi LLC,69223,Vicksburg Advanced Power Station,GT1,MS,MISO,Natural Gas Fired Combined Cycle,NG,CT,477.7,422.8,"(U) Under construction, less than or equal to 50 percent complete",U,2028,8
12685,Entergy Mississippi LLC,69223,Vicksburg Advanced Power Station,ST1,MS,MISO,Natural Gas Fired Combined Cycle,NG,CA,341.7,291.9,"(U) Under construction, less than or equal to 50 percent complete",U,2028,8
67333,GoldenMax Energy Inc,69226,Knapp BESS,KNBA1,TX,ERCO,Batteries,MWH,BA,10.0,10.0,"(V) Under construction, more than 50 percent complete",V,2026,10
67969,"ATLAS Solar VI, LLC",69238,"ATLAS Solar VI, LLC",ATL6,AZ,CISO,Solar Photovoltaic,SUN,PV,100.0,100.0,"(V) Under construction, more than 50 percent complete",V,2026,9
67326,High Spring Solar Energy,69239,High Spring Solar Energy,HSS,OK,SWPP,Solar Photovoltaic,SUN,PV,400.0,250.4,"(P) Planned for installation, but regulatory approvals not initiated",P,2027,12
67310,"Roscoe Boulevard Operating, LLC",69242,AB Van Nuys,PV1,CA,LDWP,Solar Photovoltaic,SUN,PV,1.6,1.6,"(P) Planned for installation, but regulatory approvals not initiated",P,2027,12
61677,Sol Systems,69245,Nightfall Solar,NTFL,TX,ERCO,Solar Photovoltaic,SUN,PV,180.0,180.0,"(U) Under construction, less than or equal to 50 percent complete",U,2026,12
67035,Prologis Logistics Services Incorporated BESS,69246,BESS TX Camarine - BSHOU001,BSOU1,TX,ERCO,Batteries,MWH,BA,9.9,9.9,"(U) Under construction, less than or equal to 50 percent complete",U,2026,11
67347,Harlingen ESS Assets LLC,69252,Harlingen #1 BESS 1,HABA1,TX,ERCO,Batteries,MWH,BA,10.0,10.0,"(V) Under construction, more than 50 percent complete",V,2026,11
67348,Edinburg ESS Assets LLC,69253,North Edinburg BESS 1,NEBA1,TX,ERCO,Batteries,MWH,BA,10.0,10.0,"(V) Under construction, more than 50 percent complete",V,2026,11
67357,"Vertus Energy Storage, LLC",69255,Vertus Energy Storage Plant,VESP1,TX,ERCO,Batteries,MWH,BA,200.0,200.0,"(U) Under construction, less than or equal to 50 percent complete",U,2026,9
67313,Ellomay USA Inc,69262,Hillsboro Solar Project,HILL1,TX,ERCO,Solar Photovoltaic,SUN,PV,5.0,5.0,"(V) Under construction, more than 50 percent complete",V,2026,9
67313,Ellomay USA Inc,69262,Hillsboro Solar Project,HILL2,TX,ERCO,Solar Photovoltaic,SUN,PV,5.0,5.0,"(V) Under construction, more than 50 percent complete",V,2026,9
67356,"RPC Merchant, LLC",69268,Coyanosa Gas,COYA1,TX,ERCO,Natural Gas Internal Combustion Engine,NG,IC,2.5,2.5,"(U) Under construction, less than or equal to 50 percent complete",U,2026,12
67356,"RPC Merchant, LLC",69268,Coyanosa Gas,COYA2,TX,ERCO,Natural Gas Internal Combustion Engine,NG,IC,2.5,2.5,"(U) Under construction, less than or equal to 50 percent complete",U,2026,12
67356,"RPC Merchant, LLC",69268,Coyanosa Gas,COYA3,TX,ERCO,Natural Gas Internal Combustion Engine,NG,IC,2.5,2.5,"(U) Under construction, less than or equal to 50 percent complete",U,2026,12
67356,"RPC Merchant, LLC",69268,Coyanosa Gas,COYA4,TX,ERCO,Natural Gas Internal Combustion Engine,NG,IC,2.5,2.5,"(U) Under construction, less than or equal to 50 percent complete",U,2026,12
67356,"RPC Merchant, LLC",69271,Staghorn Gas,STAG1,TX,ERCO,Natural Gas Internal Combustion Engine,NG,IC,3.3,3.3,"(TS) Construction complete, but not yet in commercial operation",TS,2026,10
67356,"RPC Merchant, LLC",69271,Staghorn Gas,STAG2,TX,ERCO,Natural Gas Internal Combustion Engine,NG,IC,3.3,3.3,"(TS) Construction complete, but not yet in commercial operation",TS,2026,10
67356,"RPC Merchant, LLC",69271,Staghorn Gas,STAG3,TX,ERCO,Natural Gas Internal Combustion Engine,NG,IC,3.3,3.3,"(TS) Construction complete, but not yet in commercial operation",TS,2026,10
67361,"Enbridge Solar (Sequoia II), LLC",69272,Enbridge Solar (Sequoia II),SEQII,TX,ERCO,Solar Photovoltaic,SUN,PV,415.0,415.0,"(V) Under construction, more than 50 percent complete",V,2026,12
67373,"SL Ashville, LLC",69275,SL Ashville,23210,NY,NYIS,Solar Photovoltaic,SUN,PV,3.8,3.8,"(V) Under construction, more than 50 percent complete",V,2026,11
67374,"SL Ashville 2, LLC",69276,SL Ashville 2,23219,NY,NYIS,Solar Photovoltaic,SUN,PV,4.3,4.3,"(V) Under construction, more than 50 percent complete",V,2026,11
67370,Gunnar Reliability Project LLC,69277,Gunnar Reliability Project,GR001,TX,ERCO,Batteries,MWH,BA,150.0,150.0,"(U) Under construction, less than or equal to 50 percent complete",U,2026,12
67371,Fortress Solar 1 LLC,69278,Fortress 1,1,CO,PSCO,Solar Photovoltaic,SUN,PV,199.0,199.0,(L) Regulatory approvals pending. Not under construction,L,2028,3
67371,Fortress Solar 1 LLC,69278,Fortress 1,2,CO,PSCO,Batteries,MWH,BA,150.0,150.0,(L) Regulatory approvals pending. Not under construction,L,2028,3
67371,Fortress Solar 1 LLC,69278,Fortress 1,3,CO,PSCO,Batteries,MWH,BA,49.9,49.9,(L) Regulatory approvals pending. Not under construction,L,2028,3
67381,Three W Solar LLC,69283,Three W Solar,TWPV1,TX,ERCO,Solar Photovoltaic,SUN,PV,110.9,110.9,"(TS) Construction complete, but not yet in commercial operation",TS,2026,10
67365,RE Desert Bloom LLC,69290,Desert Bloom,DSBLM,AZ,DOPD,Batteries,MWH,BA,150.0,150.0,"(TS) Construction complete, but not yet in commercial operation",TS,2026,9
15466,Public Service Co of Colorado,69293,Waterton Solar I,WTS1,CO,PSCO,Solar Photovoltaic,SUN,PV,4.0,4.0,"(U) Under construction, less than or equal to 50 percent complete",U,2026,9
15399,Avangrid Power LLC,69294,Oregon Trail Solar,OTS,OR,BPAT,Solar Photovoltaic,SUN,PV,41.0,41.0,"(U) Under construction, less than or equal to 50 percent complete",U,2027,4
67389,Duffy Energy Storage LLC,69295,Duffy BESS,DFBSS,TX,ERCO,Batteries,MWH,BA,235.9,235.9,"(V) Under construction, more than 50 percent complete",V,2026,12
67383,"Singer Solar, LLC",69299,Singer Solar,4519,LA,MISO,Solar Photovoltaic,SUN,PV,300.0,300.0,"(P) Planned for installation, but regulatory approvals not initiated",P,2027,3
60531,Standard Solar,69305,Enterprise MN - Fitzthum,FITZH,MN,MISO,Solar Photovoltaic,SUN,PV,1.0,1.0,"(V) Under construction, more than 50 percent complete",V,2026,10
67391,"SL Pembroke, LLC",69309,SL Pembroke,23215,NY,NYIS,Solar Photovoltaic,SUN,PV,4.0,4.0,"(V) Under construction, more than 50 percent complete",V,2026,11
67392,"SL Pembroke 2, LLC",69310,SL Pembroke 2,23220,NY,NYIS,Solar Photovoltaic,SUN,PV,5.0,5.0,"(V) Under construction, more than 50 percent complete",V,2026,11
67411,"Apple Infra, LLC",69318,Apple BESS,APPLE,TX,ERCO,Batteries,MWH,BA,9.9,9.9,"(TS) Construction complete, but not yet in commercial operation",TS,2026,9
67405,Regis Leakey LLC,69338,Regis Leakey,LEAKY,TX,ERCO,Batteries,MWH,BA,9.9,9.9,"(TS) Construction complete, but not yet in commercial operation",TS,2026,12
67407,Regis Medina LLC,69340,Regis Medina,MEDIN,TX,ERCO,Batteries,MWH,BA,9.9,9.9,"(V) Under construction, more than 50 percent complete",V,2026,12
67448,"Honeycomb Solar Holdco, LLC",69351,Honeycomb Solar and Storage,HNYBS,TX,ERCO,Batteries,MWH,BA,76.5,76.5,"(V) Under construction, more than 50 percent complete",V,2026,11
67448,"Honeycomb Solar Holdco, LLC",69351,Honeycomb Solar and Storage,HNYPV,TX,ERCO,Solar Photovoltaic,SUN,PV,74.8,74.8,"(V) Under construction, more than 50 percent complete",V,2026,11
6455,"Duke Energy Florida, LLC",69356,Powerline Energy Storage,PWLNB,FL,FPC,Batteries,MWH,BA,100.0,100.0,"(U) Under construction, less than or equal to 50 percent complete",U,2027,3
3046,Duke Energy Progress - (NC),69357,Asheville Solar,PV1,NC,CPLW,Solar Photovoltaic,SUN,PV,9.5,9.5,"(V) Under construction, more than 50 percent complete",V,2026,12
67453,"Red Egret, LLC",69364,Red Egret,REDEG,TX,ERCO,Batteries,MWH,BA,300.0,300.0,"(U) Under construction, less than or equal to 50 percent complete",U,2027,10
67417,Bartell South PV I LLC,69369,Bartell South PV I,BARTE,NY,NYIS,Solar Photovoltaic,SUN,PV,3.0,3.0,"(V) Under construction, more than 50 percent complete",V,2026,10
67419,Middle Road Solar Partners LLC,69371,Middle Road Solar Partners,HALIF,PA,PJM,Solar Photovoltaic,SUN,PV,2.5,2.5,"(V) Under construction, more than 50 percent complete",V,2026,9
67420,Knox II PV LLC,69372,Knox II PV,KNOXS,NY,NYIS,Solar Photovoltaic,SUN,PV,5.0,5.0,"(V) Under construction, more than 50 percent complete",V,2026,11
67421,Little Falls PV LLC,69373,Little Falls PV,LITTL,NY,NYIS,Solar Photovoltaic,SUN,PV,2.5,2.5,"(V) Under construction, more than 50 percent complete",V,2026,10
67423,Lysander III PV LLC,69375,Lysander III PV,LYSAN,NY,NYIS,Solar Photovoltaic,SUN,PV,2.4,2.4,"(V) Under construction, more than 50 percent complete",V,2026,10
67425,New Freedom Solar Partners LLC,69377,New Freedom Solar Partners,NEWFR,PA,PJM,Solar Photovoltaic,SUN,PV,2.5,2.5,"(V) Under construction, more than 50 percent complete",V,2026,10
67433,Mallory South PV I LLC,69383,Mallory South PV I,MALL1,NY,NYIS,Solar Photovoltaic,SUN,PV,5.0,5.0,"(V) Under construction, more than 50 percent complete",V,2026,10
67434,Mallory South PV II LLC,69384,Mallory South PV II,MALL2,NY,NYIS,Solar Photovoltaic,SUN,PV,5.0,5.0,"(V) Under construction, more than 50 percent complete",V,2026,10
67428,NAPS - Hastings LLC,69385,Hastings Generating Facility,GEN1,MI,MISO,Landfill Gas,LFG,IC,1.6,1.6,(T) Regulatory approvals received. Not under construction,T,2027,4
67463,Barton Branch IA LLC,69392,Barton Branch IA,BBIA,TX,ERCO,Batteries,MWH,BA,200.0,200.0,"(U) Under construction, less than or equal to 50 percent complete",U,2026,11
67464,Pamela Heights I Energy Center LLC,69393,Pamela Heights I Energy Center,PHIEC,TX,ERCO,Batteries,MWH,BA,100.0,100.0,"(U) Under construction, less than or equal to 50 percent complete",U,2027,1
67462,"FGE Goodnight II, LLC",69403,Goodnight Wind II,GOOD2,TX,ERCO,Onshore Wind Turbine,WND,WT,265.5,265.5,"(U) Under construction, less than or equal to 50 percent complete",U,2027,5
5416,"Duke Energy Carolinas, LLC",69404,Craggy Energy Storage,CRAGB,NC,CPLW,Batteries,MWH,BA,30.5,30.5,"(V) Under construction, more than 50 percent complete",V,2026,9
67488,Bocanova Power II LLC,69423,Bocanova Energy Storage II,BCNV2,TX,ERCO,Batteries,MWH,BA,150.0,150.0,"(V) Under construction, more than 50 percent complete",V,2026,9
66950,Lydian Energy,69424,Faraday Energy Storage,FBS1,UT,PACE,Batteries,MWH,BA,150.0,150.0,"(U) Under construction, less than or equal to 50 percent complete",U,2026,9
11241,Entergy Louisiana LLC,69426,Westlake Power Station,CA1,LA,MISO,Natural Gas Fired Combined Cycle,NG,CA,341.7,341.7,"(P) Planned for installation, but regulatory approvals not initiated",P,2030,10
11241,Entergy Louisiana LLC,69426,Westlake Power Station,CT1,LA,MISO,Natural Gas Fired Combined Cycle,NG,CT,477.7,390.0,"(P) Planned for installation, but regulatory approvals not initiated",P,2030,10
67315,Waxwing Solar,69427,Waxwing Solar CSG,WAXWI,CO,PSCO,Solar Photovoltaic,SUN,PV,3.0,3.0,"(U) Under construction, less than or equal to 50 percent complete",U,2027,1
3046,Duke Energy Progress - (NC),69429,Asheville BESS,AVLB1,NC,CPLW,Batteries,MWH,BA,17.3,17.3,"(U) Under construction, less than or equal to 50 percent complete",U,2026,9
3046,Duke Energy Progress - (NC),69444,Elm City BESS,ECB1,NC,CPLE,Batteries,MWH,BA,20.0,20.0,"(V) Under construction, more than 50 percent complete",V,2026,9
11241,Entergy Louisiana LLC,69445,Waterford 6,CT1,LA,MISO,Natural Gas Fired Combined Cycle,NG,CT,478.0,420.0,"(P) Planned for installation, but regulatory approvals not initiated",P,2030,6
11241,Entergy Louisiana LLC,69445,Waterford 6,ST1,LA,MISO,Natural Gas Fired Combined Cycle,NG,CA,342.0,310.0,"(P) Planned for installation, but regulatory approvals not initiated",P,2030,6
11241,Entergy Louisiana LLC,69449,Richland Parish Power Station 1&2,1A,LA,MISO,Natural Gas Fired Combined Cycle,NG,CT,469.3,435.4,"(P) Planned for installation, but regulatory approvals not initiated",P,2030,3
11241,Entergy Louisiana LLC,69449,Richland Parish Power Station 1&2,1B,LA,MISO,Natural Gas Fired Combined Cycle,NG,CA,311.0,302.8,"(P) Planned for installation, but regulatory approvals not initiated",P,2030,3
11241,Entergy Louisiana LLC,69449,Richland Parish Power Station 1&2,2A,LA,MISO,Natural Gas Fired Combined Cycle,NG,CT,469.3,435.4,"(P) Planned for installation, but regulatory approvals not initiated",P,2030,3
11241,Entergy Louisiana LLC,69449,Richland Parish Power Station 1&2,2B,LA,MISO,Natural Gas Fired Combined Cycle,NG,CA,311.0,302.8,"(P) Planned for installation, but regulatory approvals not initiated",P,2030,3
67482,Emerald Bluffs Solar Park LLC,69450,Emerald Bluffs Solar Park,GEN01,WI,MISO,Solar Photovoltaic,SUN,PV,225.0,225.0,(L) Regulatory approvals pending. Not under construction,L,2028,12
67494,On Energy Storage,69457,Mesquite Clean Energy Center (BESS),MEBA1,TX,ERCO,Batteries,MWH,BA,10.1,10.1,"(TS) Construction complete, but not yet in commercial operation",TS,2026,9
18454,Tampa Electric Co,69461,Keene Branch Solar,1,FL,TEC,Solar Photovoltaic,SUN,PV,74.5,74.5,"(V) Under construction, more than 50 percent complete",V,2026,12
5109,DTE Electric Company,69462,Au Gres Solar Park,AUGSP,MI,MISO,Solar Photovoltaic,SUN,PV,175.0,175.0,"(U) Under construction, less than or equal to 50 percent complete",U,2028,8
5109,DTE Electric Company,69463,Beecher Solar Park,BCRSP,MI,MISO,Solar Photovoltaic,SUN,PV,80.0,80.0,"(V) Under construction, more than 50 percent complete",V,2027,6
5109,DTE Electric Company,69464,Cedar Field Solar Park,CDFSP,MI,MISO,Solar Photovoltaic,SUN,PV,145.0,145.0,"(V) Under construction, more than 50 percent complete",V,2027,7
5109,DTE Electric Company,69465,City of Detroit Castle Solar,CSTSP,MI,MISO,Solar Photovoltaic,SUN,PV,10.0,10.0,"(V) Under construction, more than 50 percent complete",V,2026,10
5109,DTE Electric Company,69466,City of Detroit Greenfield,GRESP,MI,MISO,Solar Photovoltaic,SUN,PV,7.0,7.0,"(U) Under construction, less than or equal to 50 percent complete",U,2027,9
5109,DTE Electric Company,69467,Peatville Solar Park,PETSP,MI,MISO,Solar Photovoltaic,SUN,PV,185.0,185.0,"(U) Under construction, less than or equal to 50 percent complete",U,2028,7
5109,DTE Electric Company,69468,Poseyville Solar Park,PSVSP,MI,MISO,Solar Photovoltaic,SUN,PV,206.4,117.0,"(U) Under construction, less than or equal to 50 percent complete",U,2028,4
5109,DTE Electric Company,69470,Silver Creek Solar Park,SVCSP,MI,MISO,Solar Photovoltaic,SUN,PV,200.0,200.0,"(U) Under construction, less than or equal to 50 percent complete",U,2028,8
5109,DTE Electric Company,69471,Cold Creek Solar Park,CLCSP,MI,MISO,Solar Photovoltaic,SUN,PV,100.0,100.0,"(TS) Construction complete, but not yet in commercial operation",TS,2026,9
67491,"NYSolar06, LLC",69472,NYSolar06,18198,NY,NYIS,Solar Photovoltaic,SUN,PV,3.5,3.5,"(V) Under construction, more than 50 percent complete",V,2026,10
67490,"SL Brockport, LLC",69473,SL Brockport,23211,NY,NYIS,Solar Photovoltaic,SUN,PV,4.3,4.3,"(V) Under construction, more than 50 percent complete",V,2026,11
58468,Dominion Renewable Energy,69474,Sweet Sue Solar,SWTSU,VA,PJM,Solar Photovoltaic,SUN,PV,74.8,74.8,"(V) Under construction, more than 50 percent complete",V,2027,9
49893,Invenergy Services LLC,69477,Pleasant Prairie Solar Energy LLC,PLSNT,OH,PJM,Solar Photovoltaic,SUN,PV,200.0,200.0,"(V) Under construction, more than 50 percent complete",V,2026,12
49893,Invenergy Services LLC,69479,Koshkonong Solar Energy Center LLC,KSHKS,WI,MISO,Solar Photovoltaic,SUN,PV,300.0,300.0,"(V) Under construction, more than 50 percent complete",V,2026,12
49893,Invenergy Services LLC,69480,High Noon Solar Energy LLC,HGHNN,WI,MISO,Solar Photovoltaic,SUN,PV,300.0,300.0,"(U) Under construction, less than or equal to 50 percent complete",U,2027,9
12698,Evergy Missouri West,69481,Foxtrot Solar Energy LLC,FXTRT,MO,SWPP,Solar Photovoltaic,SUN,PV,108.9,108.9,"(U) Under construction, less than or equal to 50 percent complete",U,2027,1
15399,Avangrid Power LLC,69482,Bluebird Solar,BBS1,WA,BPAT,Solar Photovoltaic,SUN,PV,140.0,140.0,(T) Regulatory approvals received. Not under construction,T,2027,12
67487,"Piedra Solar, LLC",69496,Piedra Solar,PDRA,TX,ERCO,Solar Photovoltaic,SUN,PV,280.0,280.0,"(TS) Construction complete, but not yet in commercial operation",TS,2026,12
67486,Star Light Energy Center,69497,Star Light Energy Center,SLB,NM,PNM,Batteries,MWH,BA,100.0,100.0,"(U) Under construction, less than or equal to 50 percent complete",U,2026,12
67486,Star Light Energy Center,69497,Star Light Energy Center,SLS,NM,PNM,Solar Photovoltaic,SUN,PV,100.0,100.0,"(U) Under construction, less than or equal to 50 percent complete",U,2026,12
66509,Red River Clean Energy,69506,Gail Mountain Solar,GAIPV,TX,ERCO,Solar Photovoltaic,SUN,PV,244.4,244.4,(T) Regulatory approvals received. Not under construction,T,2028,8
67495,New Hickory Solar LLC,69507,New Hickory Solar,NHKRY,TX,ERCO,Solar Photovoltaic,SUN,PV,206.0,206.0,"(TS) Construction complete, but not yet in commercial operation",TS,2026,11
67498,Marici Project LLC,69508,Marici,1,CA,CISO,Batteries,MWH,BA,400.0,400.0,"(U) Under construction, less than or equal to 50 percent complete",U,2027,6
67499,San Gabriel Project LLC,69509,Gabriel,1,CA,CISO,Batteries,MWH,BA,400.0,400.0,"(U) Under construction, less than or equal to 50 percent complete",U,2027,4
56990,NJR Clean Energy Ventures Corporation,69516,Hamms Landfill,HAMM,NJ,PJM,Solar Photovoltaic,SUN,PV,6.0,6.0,"(V) Under construction, more than 50 percent complete",V,2026,9
67485,"Buena Vista Energy Center III, LLC",69517,Buena Vista Energy Center III,BV3BA,NM,EPE,Batteries,MWH,BA,100.0,100.0,"(U) Under construction, less than or equal to 50 percent complete",U,2026,12
67485,"Buena Vista Energy Center III, LLC",69517,Buena Vista Energy Center III,BV3SO,NM,EPE,Solar Photovoltaic,SUN,PV,100.0,100.0,"(U) Under construction, less than or equal to 50 percent complete",U,2026,12
67500,BT Amador Storage LLC,69520,Amador BESS,AMDRB,TX,ERCO,Batteries,MWH,BA,220.0,220.0,"(V) Under construction, more than 50 percent complete",V,2027,4
18454,Tampa Electric Co,69522,Brewster Solar,1,FL,TEC,Solar Photovoltaic,SUN,PV,40.0,40.0,"(U) Under construction, less than or equal to 50 percent complete",U,2026,12
18454,Tampa Electric Co,69523,Mattaniah Solar,1,FL,TEC,Solar Photovoltaic,SUN,PV,52.0,52.0,"(U) Under construction, less than or equal to 50 percent complete",U,2026,12
67507,"Windy Lane Energy Center, LLC",69524,Windy Lane Energy Center,WLB,NM,PNM,Batteries,MWH,BA,68.0,68.0,"(U) Under construction, less than or equal to 50 percent complete",U,2026,12
67507,"Windy Lane Energy Center, LLC",69524,Windy Lane Energy Center,WLS,NM,PNM,Solar Photovoltaic,SUN,PV,90.0,90.0,"(U) Under construction, less than or equal to 50 percent complete",U,2026,12
67510,"Catalyze National City Terminal Avenue Microgrid, LLC",69533,CA National City Terminal Ave,21938,CA,CISO,Solar Photovoltaic,SUN,PV,1.1,1.1,"(V) Under construction, more than 50 percent complete",V,2026,11
67511,"Torrecillas Energy Storage, LLC",69534,Torrecillas Energy Storage,TOR_B,TX,ERCO,Batteries,MWH,BA,9.9,9.9,"(V) Under construction, more than 50 percent complete",V,2026,12
67489,Walden Renewables Development LLC,69535,Nutes Solar,NS1,NH,ISNE,Solar Photovoltaic,SUN,PV,20.0,20.0,"(U) Under construction, less than or equal to 50 percent complete",U,2026,10
13781,Northern States Power Co - Minnesota,69537,Lyon County Generating Station,1,MN,MISO,Natural Gas Fired Combustion Turbine,NG,GT,210.0,193.3,(L) Regulatory approvals pending. Not under construction,L,2028,12
13781,Northern States Power Co - Minnesota,69537,Lyon County Generating Station,2,MN,MISO,Natural Gas Fired Combustion Turbine,NG,GT,210.0,193.3,(L) Regulatory approvals pending. Not under construction,L,2028,12
67514,Middle River Power,69539,Tracy BESS,TRAB,CA,CISO,Batteries,MWH,BA,40.0,40.0,"(U) Under construction, less than or equal to 50 percent complete",U,2027,5
67515,Rock Creek Solar LLC,69540,Rock Creek Solar,RCS01,IA,MISO,Solar Photovoltaic,SUN,PV,150.0,150.0,"(TS) Construction complete, but not yet in commercial operation",TS,2026,10
67516,Vaca Dixon BESS LLC,69541,Vaca BESS,VACB,CA,CISO,Batteries,MWH,BA,59.5,57.0,(L) Regulatory approvals pending. Not under construction,L,2027,7
67519,FRP Forest Trail Solar LLC,69548,FRP Forest Trail Solar,SFE,FL,JEA,Solar Photovoltaic,SUN,PV,50.0,50.0,"(U) Under construction, less than or equal to 50 percent complete",U,2026,12
67520,Dry Lake East Energy Center,69549,Dry Lake East Energy Center,DLE1,NV,NEVP,Solar Photovoltaic,SUN,PV,200.0,200.0,"(V) Under construction, more than 50 percent complete",V,2026,12
67522,Holyoke MA BESS 1 LLC,69551,Holyoke MA BESS 1,90915,MA,ISNE,Batteries,MWH,BA,5.0,5.0,"(U) Under construction, less than or equal to 50 percent complete",U,2026,9
67523,Danville VA BESS 2 LLC,69552,Danville VA BESS 2,90916,VA,PJM,Batteries,MWH,BA,11.0,11.0,"(U) Under construction, less than or equal to 50 percent complete",U,2026,10
67526,"Blacks Creek Energy Center, LLC",69553,Blacks Creek Solar,BCS,ID,IPCO,Solar Photovoltaic,SUN,PV,400.0,400.0,"(U) Under construction, less than or equal to 50 percent complete",U,2027,6
60531,Standard Solar,69554,BPL NJ - Belmont,BELMO,NJ,PJM,Solar Photovoltaic,SUN,PV,1.8,1.8,"(TS) Construction complete, but not yet in commercial operation",TS,2026,9
60531,Standard Solar,69558,Pluma - SLT Grant,GRANT,NM,PNM,Solar Photovoltaic,SUN,PV,4.8,4.8,"(TS) Construction complete, but not yet in commercial operation",TS,2026,10
60531,Standard Solar,69560,Sunrise Magnolia DE,MAGNO,DE,PJM,Solar Photovoltaic,SUN,PV,3.0,3.0,"(V) Under construction, more than 50 percent complete",V,2027,3
67524,Minneola Solar,69562,Minneola Solar,MINNE,CA,CISO,Solar Photovoltaic,SUN,PV,3.0,3.0,"(U) Under construction, less than or equal to 50 percent complete",U,2026,11
67527,CPV Basin Ranch,69566,CPV Basin Ranch Energy Center,GEN1,TX,ERCO,Natural Gas Fired Combined Cycle,NG,CS,722.5,672.4,"(U) Under construction, less than or equal to 50 percent complete",U,2029,2
67527,CPV Basin Ranch,69566,CPV Basin Ranch Energy Center,GEN2,TX,ERCO,Natural Gas Fired Combined Cycle,NG,CS,722.5,672.4,"(U) Under construction, less than or equal to 50 percent complete",U,2029,2
49893,Invenergy Services LLC,69577,"Superior Solar Project, LLC",SPROR,MI,MISO,Solar Photovoltaic,SUN,PV,150.0,100.0,"(P) Planned for installation, but regulatory approvals not initiated",P,2028,12
67192,RWE Clean Energy,69578,"Casey Fork Solar, LLC",CFSPV,IL,MISO,Solar Photovoltaic,SUN,PV,150.0,150.0,"(TS) Construction complete, but not yet in commercial operation",TS,2026,10
67192,RWE Clean Energy,69579,"Honey Mesquite Wind, LLC",HMWT,TX,ERCO,Onshore Wind Turbine,WND,WT,180.5,180.5,"(TS) Construction complete, but not yet in commercial operation",TS,2026,12
67532,"Chester Solar Technology Park, LLC",69582,"Chester Solar Technology Park, LLC",CSTP,VA,PJM,Solar Photovoltaic,SUN,PV,160.0,160.0,(L) Regulatory approvals pending. Not under construction,L,2027,10
67534,"Rising Star Solar, LLC",69584,Rising Star Solar,3572,TX,ERCO,Solar Photovoltaic,SUN,PV,500.0,500.0,(T) Regulatory approvals received. Not under construction,T,2028,12
67535,"Kaufman Solar, LLC",69585,Kaufman Solar,5568,TX,ERCO,Solar Photovoltaic,SUN,PV,200.0,200.0,"(TS) Construction complete, but not yet in commercial operation",TS,2026,9
67536,"Great Plains Solar, LLC",69586,"Great Plains Solar, LLC",GPS,IL,MISO,Solar Photovoltaic,SUN,PV,100.0,100.0,"(V) Under construction, more than 50 percent complete",V,2026,12
67192,RWE Clean Energy,69588,"Yellow Cat Wind, LLC",YCWT,TX,ERCO,Onshore Wind Turbine,WND,WT,270.0,270.0,"(V) Under construction, more than 50 percent complete",V,2026,12
67538,"Beekman PV I, LLC",69589,Beekman Solar,BEEK1,LA,MISO,Solar Photovoltaic,SUN,PV,206.8,185.0,"(V) Under construction, more than 50 percent complete",V,2027,2
67539,"Hollis Creek PV I, LLC",69590,Hollis Creek Solar,HC1,LA,MISO,Solar Photovoltaic,SUN,PV,220.0,200.0,"(V) Under construction, more than 50 percent complete",V,2027,5
67540,"Amiscope Nordhoff, LP",69591,20525 Nordhoff PV (North),20525,CA,LDWP,Solar Photovoltaic,SUN,PV,1.9,1.9,"(TS) Construction complete, but not yet in commercial operation",TS,2026,12
60531,Standard Solar,69592,NL NY- Pulaski,PSKBS,NY,NYIS,Batteries,MWH,BA,2.5,2.5,"(TS) Construction complete, but not yet in commercial operation",TS,2026,9
60531,Standard Solar,69592,NL NY- Pulaski,PSKPV,NY,NYIS,Solar Photovoltaic,SUN,PV,2.5,2.5,"(TS) Construction complete, but not yet in commercial operation",TS,2026,9
59122,The Medical Center Company,69593,MCCo BESS Generating Facility,1,OH,PJM,Batteries,MWH,BA,3.9,3.9,"(V) Under construction, more than 50 percent complete",V,2026,10
59122,The Medical Center Company,69593,MCCo BESS Generating Facility,2,OH,PJM,Batteries,MWH,BA,3.9,3.9,"(V) Under construction, more than 50 percent complete",V,2026,10
59122,The Medical Center Company,69593,MCCo BESS Generating Facility,3,OH,PJM,Batteries,MWH,BA,3.9,3.9,"(V) Under construction, more than 50 percent complete",V,2026,10
59122,The Medical Center Company,69593,MCCo BESS Generating Facility,4,OH,PJM,Batteries,MWH,BA,3.9,3.9,"(V) Under construction, more than 50 percent complete",V,2026,10
67537,"Switchgrass Plains Solar, LLC",69594,"Switchgrass Plains Solar, LLC",SPS,IL,MISO,Solar Photovoltaic,SUN,PV,100.0,100.0,"(V) Under construction, more than 50 percent complete",V,2026,12
66217,Copia Power,69595,Saddleback Generation Station,GTGEN,AZ,AZPS,Natural Gas Fired Combined Cycle,NG,CT,375.0,345.0,"(P) Planned for installation, but regulatory approvals not initiated",P,2030,12
66217,Copia Power,69595,Saddleback Generation Station,GTGN2,AZ,AZPS,Natural Gas Fired Combined Cycle,NG,CT,375.0,345.0,"(P) Planned for installation, but regulatory approvals not initiated",P,2030,12
66217,Copia Power,69595,Saddleback Generation Station,STGEN,AZ,AZPS,Natural Gas Fired Combined Cycle,NG,CA,250.0,230.0,"(P) Planned for installation, but regulatory approvals not initiated",P,2030,12
66217,Copia Power,69595,Saddleback Generation Station,STGN2,AZ,AZPS,Natural Gas Fired Combined Cycle,NG,CA,250.0,230.0,"(P) Planned for installation, but regulatory approvals not initiated",P,2030,12
67543,Essex VT BESS 1 LLC,69602,Essex VT BESS 1,90918,VT,ISNE,Batteries,MWH,BA,16.0,16.0,"(U) Under construction, less than or equal to 50 percent complete",U,2026,12
67542,Ipswich MA BESS 1 LLC,69603,Ipswich MA BESS 1,90917,MA,ISNE,Batteries,MWH,BA,5.0,5.0,"(U) Under construction, less than or equal to 50 percent complete",U,2026,10
67546,BNB Tennyson Solar LLC,69605,Tennyson Solar,TENN,TX,ERCO,Solar Photovoltaic,SUN,PV,150.0,150.0,"(U) Under construction, less than or equal to 50 percent complete",U,2026,12
67547,"Monarch Creek Wind, LLC",69606,"Monarch Creek Wind, LLC",7496,TX,ERCO,Onshore Wind Turbine,WND,WT,287.6,287.6,"(V) Under construction, more than 50 percent complete",V,2027,2
49893,Invenergy Services LLC,69608,Sinnissippi Solar Energy LLC,SNSPI,WI,MISO,Solar Photovoltaic,SUN,PV,100.0,100.0,"(P) Planned for installation, but regulatory approvals not initiated",P,2028,12
65869,Prologis Logistics Services Incorporated,69609,San Leandro 10 - sleba702,EB702,CA,CISO,Solar Photovoltaic,SUN,PV,1.0,1.0,"(U) Under construction, less than or equal to 50 percent complete",U,2027,5
65173,United States Solar Corporation,69616,USS Lyndon Solar LLC,USLYN,IL,PJM,Solar Photovoltaic,SUN,PV,1.0,1.0,"(V) Under construction, more than 50 percent complete",V,2026,9
15466,Public Service Co of Colorado,69620,Waterton Solar II,WTS2,CO,PSCO,Solar Photovoltaic,SUN,PV,4.0,4.0,"(U) Under construction, less than or equal to 50 percent complete",U,2026,9
67557,FRP Miller Solar LLC,69626,FRP Miller Solar,BMF,FL,JEA,Batteries,MWH,BA,50.0,50.0,"(U) Under construction, less than or equal to 50 percent complete",U,2026,12
67557,FRP Miller Solar LLC,69626,FRP Miller Solar,SMF,FL,JEA,Solar Photovoltaic,SUN,PV,74.5,74.5,"(U) Under construction, less than or equal to 50 percent complete",U,2026,12
67558,"Greater Bryant G Solar, LLC",69628,GBG SOLAR,GBPV1,TX,ERCO,Solar Photovoltaic,SUN,PV,22.2,17.7,"(TS) Construction complete, but not yet in commercial operation",TS,2026,10
67560,"Big Muddy Solar Project, LLC",69629,Big Muddy Solar,BIGM1,IL,MISO,Solar Photovoltaic,SUN,PV,95.0,95.0,"(V) Under construction, more than 50 percent complete",V,2026,10
12698,Evergy Missouri West,69631,Sunflower Sky Energy Center,SFS01,KS,SWPP,Solar Photovoltaic,SUN,PV,65.0,65.0,"(V) Under construction, more than 50 percent complete",V,2027,5
67554,Lion Solar LLC,69633,Lion Solar,99757,AR,MISO,Solar Photovoltaic,SUN,PV,200.0,200.0,"(P) Planned for installation, but regulatory approvals not initiated",P,2029,12
67563,Peach WoodSolar LLC,69635,Peach Wood Solar,74964,GA,SOCO,Solar Photovoltaic,SUN,PV,261.0,261.0,"(P) Planned for installation, but regulatory approvals not initiated",P,2030,12
67564,Main Horn Solar LLC,69636,Main Horn Solar,69363,TX,ERCO,Solar Photovoltaic,SUN,PV,100.0,100.0,"(P) Planned for installation, but regulatory approvals not initiated",P,2029,12
67565,Oakley BESS LLC,69637,Oakley BESS,28152,TX,ERCO,Batteries,MWH,BA,200.0,200.0,"(P) Planned for installation, but regulatory approvals not initiated",P,2030,12
67566,Landshark Energy Generation Facility LLC,69638,Landshark Energy Generation Facility,11767,MS,MISO,Solar Photovoltaic,SUN,PV,160.0,160.0,"(P) Planned for installation, but regulatory approvals not initiated",P,2030,12
67567,Triune Solar LLC,69639,Triune Solar,16777,TX,MISO,Solar Photovoltaic,SUN,PV,100.0,100.0,"(P) Planned for installation, but regulatory approvals not initiated",P,2030,12
67568,Cazadores Solar LLC,69640,Cazadores Solar,73509,TX,ERCO,Solar Photovoltaic,SUN,PV,300.0,300.0,"(P) Planned for installation, but regulatory approvals not initiated",P,2029,12
67569,Metro BESS LLC,69641,Metro BESS,49453,TX,ERCO,Batteries,MWH,BA,200.0,200.0,"(P) Planned for installation, but regulatory approvals not initiated",P,2030,12
67570,Arkana Solar LLC,69642,Arkana Solar,96513,AR,MISO,Solar Photovoltaic,SUN,PV,100.0,100.0,"(P) Planned for installation, but regulatory approvals not initiated",P,2029,12
67571,Deep Space Solar LLC,69643,Deep Space Solar,60215,CO,PSCO,Solar Photovoltaic,SUN,PV,300.0,300.0,"(P) Planned for installation, but regulatory approvals not initiated",P,2030,12
67572,Pease River Solar LLC,69644,Pease River Solar,58441,TX,ERCO,Solar Photovoltaic,SUN,PV,300.0,300.0,"(P) Planned for installation, but regulatory approvals not initiated",P,2030,12
62759,Geronimo Power,69647,"Jackson County Solar, LLC",JCKSN,MI,MISO,Solar Photovoltaic,SUN,PV,125.0,125.0,"(TS) Construction complete, but not yet in commercial operation",TS,2026,9
67587,"Golden Fields Solar VI, LLC",69648,Rosamond South II,BSBA2,CA,CISO,Batteries,MWH,BA,48.0,48.0,"(V) Under construction, more than 50 percent complete",V,2026,11
67587,"Golden Fields Solar VI, LLC",69648,Rosamond South II,RSBA,CA,CISO,Batteries,MWH,BA,92.0,92.0,"(V) Under construction, more than 50 percent complete",V,2026,11
11241,Entergy Louisiana LLC,69649,Richland Parish Power Station 3,3A,LA,MISO,Natural Gas Fired Combined Cycle,NG,CT,469.3,435.4,"(P) Planned for installation, but regulatory approvals not initiated",P,2030,10
11241,Entergy Louisiana LLC,69649,Richland Parish Power Station 3,3B,LA,MISO,Natural Gas Fired Combined Cycle,NG,CA,311.0,302.8,"(P) Planned for installation, but regulatory approvals not initiated",P,2030,10
11241,Entergy Louisiana LLC,69650,Richland Parish Power Station 4,4A,LA,MISO,Natural Gas Fired Combined Cycle,NG,CT,469.3,435.4,"(P) Planned for installation, but regulatory approvals not initiated",P,2030,10
11241,Entergy Louisiana LLC,69650,Richland Parish Power Station 4,4B,LA,MISO,Natural Gas Fired Combined Cycle,NG,CA,311.0,302.8,"(P) Planned for installation, but regulatory approvals not initiated",P,2030,10
67580,Zeus BESS LLC,69654,Zeus BESS,ZEUB,CA,CISO,Batteries,MWH,BA,213.6,200.0,"(P) Planned for installation, but regulatory approvals not initiated",P,2031,9
67576,New Salem Wind I,69657,New Salem Wind I,NS1,ND,MISO,Onshore Wind Turbine,WND,WT,200.0,83.1,"(P) Planned for installation, but regulatory approvals not initiated",P,2028,12
67577,New Salem Wind II,69658,New Salem Wind II,NS2,ND,MISO,Onshore Wind Turbine,WND,WT,226.0,95.3,"(P) Planned for installation, but regulatory approvals not initiated",P,2028,12
67578,Red Butte Wind,69659,Red Butte Wind,RBW,ND,MISO,Onshore Wind Turbine,WND,WT,202.0,84.0,"(P) Planned for installation, but regulatory approvals not initiated",P,2027,12
67579,Heritage Solar LLC,69660,El Patrimonio,HS,TX,ERCO,Solar Photovoltaic,SUN,PV,150.0,150.0,(L) Regulatory approvals pending. Not under construction,L,2027,9
67582,"Intersect USA, LLC",69661,Darden I Solar,IPD1B,CA,CISO,Batteries,MWH,BA,303.7,287.5,(T) Regulatory approvals received. Not under construction,T,2028,3
67582,"Intersect USA, LLC",69661,Darden I Solar,IPD1S,CA,CISO,Solar Photovoltaic,SUN,PV,342.7,287.5,(T) Regulatory approvals received. Not under construction,T,2028,3
67582,"Intersect USA, LLC",69662,Darden II Solar,IPD2B,CA,CISO,Batteries,MWH,BA,303.7,287.5,(T) Regulatory approvals received. Not under construction,T,2028,3
67582,"Intersect USA, LLC",69662,Darden II Solar,IPD2S,CA,CISO,Solar Photovoltaic,SUN,PV,342.7,287.5,(T) Regulatory approvals received. Not under construction,T,2028,3
67582,"Intersect USA, LLC",69663,Darden III Solar,IPD3B,CA,CISO,Batteries,MWH,BA,303.7,287.5,(T) Regulatory approvals received. Not under construction,T,2028,3
67582,"Intersect USA, LLC",69663,Darden III Solar,IPD3S,CA,CISO,Solar Photovoltaic,SUN,PV,342.7,287.5,(T) Regulatory approvals received. Not under construction,T,2028,3
67582,"Intersect USA, LLC",69664,Darden IV Solar,IPD4B,CA,CISO,Batteries,MWH,BA,303.7,287.5,(T) Regulatory approvals received. Not under construction,T,2028,3
67582,"Intersect USA, LLC",69664,Darden IV Solar,IPD4S,CA,CISO,Solar Photovoltaic,SUN,PV,342.7,287.5,(T) Regulatory approvals received. Not under construction,T,2028,3
67581,"IEP Tejas Verde, LLC",69665,Orchard BESS,ORCH,TX,ERCO,Batteries,MWH,BA,10.0,10.0,"(TS) Construction complete, but not yet in commercial operation",TS,2026,11
63524,Freepoint Commodities LLC,69667,Fair Haven Solar,FHS1,VT,ISNE,Solar Photovoltaic,SUN,PV,20.0,20.0,(T) Regulatory approvals received. Not under construction,T,2028,3
2220,Brigham City Corporation,69668,Brigham City Gas,BCIC1,UT,PACE,Natural Gas Internal Combustion Engine,NG,IC,2.5,2.5,"(U) Under construction, less than or equal to 50 percent complete",U,2028,8
2220,Brigham City Corporation,69668,Brigham City Gas,BCIC2,UT,PACE,Natural Gas Internal Combustion Engine,NG,IC,2.5,2.5,"(U) Under construction, less than or equal to 50 percent complete",U,2028,8
2220,Brigham City Corporation,69668,Brigham City Gas,BCIC3,UT,PACE,Natural Gas Internal Combustion Engine,NG,IC,2.5,2.5,"(U) Under construction, less than or equal to 50 percent complete",U,2028,8
67597,"Mallard Energy Storage, LLC",69681,Mallard Energy Storage,DRAKE,TX,ERCO,Batteries,MWH,BA,250.0,250.0,"(U) Under construction, less than or equal to 50 percent complete",U,2026,10
67585,Maricopa Solar,69684,Maricopa Solar,70125,AZ,AZPS,Batteries,MWH,BA,550.0,550.0,"(U) Under construction, less than or equal to 50 percent complete",U,2026,9
67592,Lucky 7 Solar Farm LLC,69687,Lucky 7 Solar Farm LLC,L7SF,TX,ERCO,Solar Photovoltaic,SUN,PV,100.0,100.0,"(U) Under construction, less than or equal to 50 percent complete",U,2027,10
67602,Permian Power I LLC,69689,Vast Sands Power,CT11,TX,ERCO,Natural Gas Fired Combustion Turbine,NG,GT,440.0,440.0,"(U) Under construction, less than or equal to 50 percent complete",U,2027,5
67602,Permian Power I LLC,69689,Vast Sands Power,CT12,TX,ERCO,Natural Gas Fired Combustion Turbine,NG,GT,440.0,440.0,"(U) Under construction, less than or equal to 50 percent complete",U,2027,5
67598,Panther Grove 2 LLC,69690,Panther Grove 2,PG2,IL,PJM,Onshore Wind Turbine,WND,WT,472.5,472.5,"(U) Under construction, less than or equal to 50 percent complete",U,2027,12
67603,NRG Greens Bayou 6 LLC,69691,Greens Bayou 6,06,TX,ERCO,Natural Gas Fired Combustion Turbine,NG,GT,447.0,411.0,"(U) Under construction, less than or equal to 50 percent complete",U,2028,5
67606,"Allegheny Hydro Group Lock and Dam 4, Inc",69694,Allegheny Lock and Dam 4,AL4-1,PA,PJM,Conventional Hydroelectric,WAT,HY,0.8,0.8,(L) Regulatory approvals pending. Not under construction,L,2031,2
67606,"Allegheny Hydro Group Lock and Dam 4, Inc",69694,Allegheny Lock and Dam 4,AL4-2,PA,PJM,Conventional Hydroelectric,WAT,HY,0.8,0.8,(L) Regulatory approvals pending. Not under construction,L,2031,2
67606,"Allegheny Hydro Group Lock and Dam 4, Inc",69694,Allegheny Lock and Dam 4,AL4-3,PA,PJM,Conventional Hydroelectric,WAT,HY,0.8,0.8,(L) Regulatory approvals pending. Not under construction,L,2031,2
67606,"Allegheny Hydro Group Lock and Dam 4, Inc",69694,Allegheny Lock and Dam 4,AL4-4,PA,PJM,Conventional Hydroelectric,WAT,HY,0.8,0.8,(L) Regulatory approvals pending. Not under construction,L,2031,2
67606,"Allegheny Hydro Group Lock and Dam 4, Inc",69694,Allegheny Lock and Dam 4,AL4-5,PA,PJM,Conventional Hydroelectric,WAT,HY,0.8,0.8,(L) Regulatory approvals pending. Not under construction,L,2031,2
67606,"Allegheny Hydro Group Lock and Dam 4, Inc",69694,Allegheny Lock and Dam 4,AL4-6,PA,PJM,Conventional Hydroelectric,WAT,HY,0.8,0.8,(L) Regulatory approvals pending. Not under construction,L,2031,2
67606,"Allegheny Hydro Group Lock and Dam 4, Inc",69694,Allegheny Lock and Dam 4,AL4-7,PA,PJM,Conventional Hydroelectric,WAT,HY,0.8,0.8,(L) Regulatory approvals pending. Not under construction,L,2031,2
67606,"Allegheny Hydro Group Lock and Dam 4, Inc",69694,Allegheny Lock and Dam 4,AL4-8,PA,PJM,Conventional Hydroelectric,WAT,HY,0.8,0.8,(L) Regulatory approvals pending. Not under construction,L,2031,2
67607,Maynard Hydroelectric LLC,69695,Colonel Charles D. Maynard Project,CCM-1,AR,MISO,Conventional Hydroelectric,WAT,HY,8.6,8.6,(L) Regulatory approvals pending. Not under construction,L,2031,11
67607,Maynard Hydroelectric LLC,69695,Colonel Charles D. Maynard Project,CCM-2,AR,MISO,Conventional Hydroelectric,WAT,HY,8.6,8.6,(L) Regulatory approvals pending. Not under construction,L,2031,11
67607,Maynard Hydroelectric LLC,69695,Colonel Charles D. Maynard Project,CCM-3,AR,MISO,Conventional Hydroelectric,WAT,HY,8.6,8.6,(L) Regulatory approvals pending. Not under construction,L,2031,11
67608,"C.W. Bill Young Hydropower Group, Inc",69697,CW Bill Young Hydropower Project,CW-1,PA,PJM,Conventional Hydroelectric,WAT,HY,1.2,1.2,(L) Regulatory approvals pending. Not under construction,L,2031,10
67608,"C.W. Bill Young Hydropower Group, Inc",69697,CW Bill Young Hydropower Project,CW-2,PA,PJM,Conventional Hydroelectric,WAT,HY,1.2,1.2,(L) Regulatory approvals pending. Not under construction,L,2031,10
67608,"C.W. Bill Young Hydropower Group, Inc",69697,CW Bill Young Hydropower Project,CW-3,PA,PJM,Conventional Hydroelectric,WAT,HY,1.2,1.2,(L) Regulatory approvals pending. Not under construction,L,2031,10
67608,"C.W. Bill Young Hydropower Group, Inc",69697,CW Bill Young Hydropower Project,CW-4,PA,PJM,Conventional Hydroelectric,WAT,HY,1.2,1.2,(L) Regulatory approvals pending. Not under construction,L,2031,10
67608,"C.W. Bill Young Hydropower Group, Inc",69697,CW Bill Young Hydropower Project,CW-5,PA,PJM,Conventional Hydroelectric,WAT,HY,1.2,1.2,(L) Regulatory approvals pending. Not under construction,L,2031,10
67608,"C.W. Bill Young Hydropower Group, Inc",69697,CW Bill Young Hydropower Project,CW-6,PA,PJM,Conventional Hydroelectric,WAT,HY,1.2,1.2,(L) Regulatory approvals pending. Not under construction,L,2031,10
67608,"C.W. Bill Young Hydropower Group, Inc",69697,CW Bill Young Hydropower Project,CW-7,PA,PJM,Conventional Hydroelectric,WAT,HY,1.2,1.2,(L) Regulatory approvals pending. Not under construction,L,2031,10
67609,Dashields Hydropower Corporations,69698,Dashields Hydroelectric Project,DAS-1,PA,PJM,Conventional Hydroelectric,WAT,HY,1.1,1.1,(L) Regulatory approvals pending. Not under construction,L,2030,8
67609,Dashields Hydropower Corporations,69698,Dashields Hydroelectric Project,DAS-2,PA,PJM,Conventional Hydroelectric,WAT,HY,1.1,1.1,(L) Regulatory approvals pending. Not under construction,L,2030,8
67609,Dashields Hydropower Corporations,69698,Dashields Hydroelectric Project,DAS-3,PA,PJM,Conventional Hydroelectric,WAT,HY,1.1,1.1,(L) Regulatory approvals pending. Not under construction,L,2030,8
67609,Dashields Hydropower Corporations,69698,Dashields Hydroelectric Project,DAS-4,PA,PJM,Conventional Hydroelectric,WAT,HY,1.1,1.1,(L) Regulatory approvals pending. Not under construction,L,2030,8
67609,Dashields Hydropower Corporations,69698,Dashields Hydroelectric Project,DAS-5,PA,PJM,Conventional Hydroelectric,WAT,HY,1.1,1.1,(L) Regulatory approvals pending. Not under construction,L,2030,8
67609,Dashields Hydropower Corporations,69698,Dashields Hydroelectric Project,DAS-6,PA,PJM,Conventional Hydroelectric,WAT,HY,1.1,1.1,(L) Regulatory approvals pending. Not under construction,L,2030,8
67609,Dashields Hydropower Corporations,69698,Dashields Hydroelectric Project,DAS-7,PA,PJM,Conventional Hydroelectric,WAT,HY,1.1,1.1,(L) Regulatory approvals pending. Not under construction,L,2030,8
67609,Dashields Hydropower Corporations,69698,Dashields Hydroelectric Project,DAS-8,PA,PJM,Conventional Hydroelectric,WAT,HY,1.1,1.1,(L) Regulatory approvals pending. Not under construction,L,2030,8
67610,"Northern Illinois Hydropower, LLC",69699,Dresden Island Hydroelectric Project,DI-1,IL,PJM,Conventional Hydroelectric,WAT,HY,1.0,1.0,(L) Regulatory approvals pending. Not under construction,L,2030,12
67610,"Northern Illinois Hydropower, LLC",69699,Dresden Island Hydroelectric Project,DI-10,IL,PJM,Conventional Hydroelectric,WAT,HY,1.0,1.0,(L) Regulatory approvals pending. Not under construction,L,2030,12
67610,"Northern Illinois Hydropower, LLC",69699,Dresden Island Hydroelectric Project,DI-2,IL,PJM,Conventional Hydroelectric,WAT,HY,1.0,1.0,(L) Regulatory approvals pending. Not under construction,L,2030,12
67610,"Northern Illinois Hydropower, LLC",69699,Dresden Island Hydroelectric Project,DI-3,IL,PJM,Conventional Hydroelectric,WAT,HY,1.0,1.0,(L) Regulatory approvals pending. Not under construction,L,2030,12
67610,"Northern Illinois Hydropower, LLC",69699,Dresden Island Hydroelectric Project,DI-4,IL,PJM,Conventional Hydroelectric,WAT,HY,1.0,1.0,(L) Regulatory approvals pending. Not under construction,L,2030,12
67610,"Northern Illinois Hydropower, LLC",69699,Dresden Island Hydroelectric Project,DI-5,IL,PJM,Conventional Hydroelectric,WAT,HY,1.0,1.0,(L) Regulatory approvals pending. Not under construction,L,2030,12
67610,"Northern Illinois Hydropower, LLC",69699,Dresden Island Hydroelectric Project,DI-6,IL,PJM,Conventional Hydroelectric,WAT,HY,1.0,1.0,(L) Regulatory approvals pending. Not under construction,L,2030,12
67610,"Northern Illinois Hydropower, LLC",69699,Dresden Island Hydroelectric Project,DI-7,IL,PJM,Conventional Hydroelectric,WAT,HY,1.0,1.0,(L) Regulatory approvals pending. Not under construction,L,2030,12
67610,"Northern Illinois Hydropower, LLC",69699,Dresden Island Hydroelectric Project,DI-8,IL,PJM,Conventional Hydroelectric,WAT,HY,1.0,1.0,(L) Regulatory approvals pending. Not under construction,L,2030,12
67610,"Northern Illinois Hydropower, LLC",69699,Dresden Island Hydroelectric Project,DI-9,IL,PJM,Conventional Hydroelectric,WAT,HY,1.0,1.0,(L) Regulatory approvals pending. Not under construction,L,2030,12
67611,"Current Hydro Project 19, LLC",69701,New Cumberland Hydroelectric Project,NC-1,WV,PJM,Conventional Hydroelectric,WAT,HY,10.0,10.0,(L) Regulatory approvals pending. Not under construction,L,2029,4
67611,"Current Hydro Project 19, LLC",69701,New Cumberland Hydroelectric Project,NC-2,WV,PJM,Conventional Hydroelectric,WAT,HY,10.0,10.0,(L) Regulatory approvals pending. Not under construction,L,2029,4
67612,Pike Island Hydropower Corporation,69702,Pike Island Hydroelectric Project,PI-1,OH,PJM,Conventional Hydroelectric,WAT,HY,10.0,10.0,(L) Regulatory approvals pending. Not under construction,L,2029,1
67612,Pike Island Hydropower Corporation,69702,Pike Island Hydroelectric Project,PI-2,OH,PJM,Conventional Hydroelectric,WAT,HY,10.0,10.0,(L) Regulatory approvals pending. Not under construction,L,2029,1
67613,Ohio Power and Light LLC,69704,R.C. Byrd L&D Hydroelectric Project,RC-1,WV,PJM,Conventional Hydroelectric,WAT,HY,4.8,4.8,(L) Regulatory approvals pending. Not under construction,L,2029,2
67613,Ohio Power and Light LLC,69704,R.C. Byrd L&D Hydroelectric Project,RC-2,WV,PJM,Conventional Hydroelectric,WAT,HY,4.8,4.8,(L) Regulatory approvals pending. Not under construction,L,2029,2
67613,Ohio Power and Light LLC,69704,R.C. Byrd L&D Hydroelectric Project,RC-3,WV,PJM,Conventional Hydroelectric,WAT,HY,4.8,4.8,(L) Regulatory approvals pending. Not under construction,L,2029,2
67613,Ohio Power and Light LLC,69704,R.C. Byrd L&D Hydroelectric Project,RC-4,WV,PJM,Conventional Hydroelectric,WAT,HY,4.8,4.8,(L) Regulatory approvals pending. Not under construction,L,2029,2
67613,Ohio Power and Light LLC,69704,R.C. Byrd L&D Hydroelectric Project,RC-5,WV,PJM,Conventional Hydroelectric,WAT,HY,4.8,4.8,(L) Regulatory approvals pending. Not under construction,L,2029,2
67613,Ohio Power and Light LLC,69704,R.C. Byrd L&D Hydroelectric Project,RC-6,WV,PJM,Conventional Hydroelectric,WAT,HY,4.8,4.8,(L) Regulatory approvals pending. Not under construction,L,2029,2
67616,"Camino Ramon BR 3-GG Solar Project 2020, LLC",69706,Bishop Ranch - BR 3-GG,4149B,CA,CISO,Batteries,MWH,BA,0.6,0.6,"(V) Under construction, more than 50 percent complete",V,2027,7
67616,"Camino Ramon BR 3-GG Solar Project 2020, LLC",69706,Bishop Ranch - BR 3-GG,4149C,CA,CISO,Solar Photovoltaic,SUN,PV,1.1,1.1,"(V) Under construction, more than 50 percent complete",V,2027,7
67616,"Camino Ramon BR 3-GG Solar Project 2020, LLC",69706,Bishop Ranch - BR 3-GG,4149R,CA,CISO,Solar Photovoltaic,SUN,PV,0.2,0.2,"(V) Under construction, more than 50 percent complete",V,2027,7
67617,"Camino Ramon BR 3-HH Solar Project 2020, LLC",69708,Bishop Ranch - BR 3-HH,4150B,CA,CISO,Batteries,MWH,BA,0.6,0.6,"(V) Under construction, more than 50 percent complete",V,2027,7
67617,"Camino Ramon BR 3-HH Solar Project 2020, LLC",69708,Bishop Ranch - BR 3-HH,4150C,CA,CISO,Solar Photovoltaic,SUN,PV,0.6,0.6,"(V) Under construction, more than 50 percent complete",V,2027,7
67617,"Camino Ramon BR 3-HH Solar Project 2020, LLC",69708,Bishop Ranch - BR 3-HH,4150R,CA,CISO,Solar Photovoltaic,SUN,PV,0.2,0.2,"(V) Under construction, more than 50 percent complete",V,2027,7
67618,"Camino Ramon BR 3-FF Solar Project 2020, LLC",69710,Bishop Ranch - BR 3-FF,4148B,CA,CISO,Batteries,MWH,BA,0.6,0.6,"(V) Under construction, more than 50 percent complete",V,2027,7
67618,"Camino Ramon BR 3-FF Solar Project 2020, LLC",69710,Bishop Ranch - BR 3-FF,4148C,CA,CISO,Solar Photovoltaic,SUN,PV,0.6,0.6,"(V) Under construction, more than 50 percent complete",V,2027,7
67618,"Camino Ramon BR 3-FF Solar Project 2020, LLC",69710,Bishop Ranch - BR 3-FF,4148R,CA,CISO,Solar Photovoltaic,SUN,PV,0.2,0.2,"(V) Under construction, more than 50 percent complete",V,2027,7
67619,"Balboa Avenue I Solar Project 2023, LLC",69711,L3 Harris San Diego,6672,CA,CISO,Solar Photovoltaic,SUN,PV,1.6,1.6,"(V) Under construction, more than 50 percent complete",V,2026,10
67621,"South Fowler Avenue Solar Project 2023, LLC",69713,Sanger USD - Sanger West HS,9985B,CA,CISO,Batteries,MWH,BA,0.5,0.5,"(V) Under construction, more than 50 percent complete",V,2026,10
67621,"South Fowler Avenue Solar Project 2023, LLC",69713,Sanger USD - Sanger West HS,9985C,CA,CISO,Solar Photovoltaic,SUN,PV,0.9,0.9,"(V) Under construction, more than 50 percent complete",V,2026,10
67630,Energizar Storage LLC,69721,Energizar BESS,BESS1,MA,ISNE,Batteries,MWH,BA,250.0,250.0,(L) Regulatory approvals pending. Not under construction,L,2027,9
67631,"Somerset Energy Storage, LLC",69722,Salt Cod BESS,BESS1,MA,ISNE,Batteries,MWH,BA,168.0,168.0,(L) Regulatory approvals pending. Not under construction,L,2028,12
67632,FE Taft LLC,69723,Taft BESS,BESS1,MA,ISNE,Batteries,MWH,BA,200.0,200.0,"(V) Under construction, more than 50 percent complete",V,2027,2
9209,Illinois Rural Electric Coop,69724,Pike County Solar,PIKE,IL,MISO,Solar Photovoltaic,SUN,PV,1.0,1.0,(T) Regulatory approvals received. Not under construction,T,2027,3
5580,"East Kentucky Power Coop, Inc",69726,Liberty Station,L1,KY,PJM,Natural Gas Internal Combustion Engine,NG,IC,18.1,17.8,"(P) Planned for installation, but regulatory approvals not initiated",P,2028,12
5580,"East Kentucky Power Coop, Inc",69726,Liberty Station,L10,KY,PJM,Natural Gas Internal Combustion Engine,NG,IC,18.1,17.8,"(P) Planned for installation, but regulatory approvals not initiated",P,2028,12
5580,"East Kentucky Power Coop, Inc",69726,Liberty Station,L11,KY,PJM,Natural Gas Internal Combustion Engine,NG,IC,18.1,17.8,"(P) Planned for installation, but regulatory approvals not initiated",P,2028,12
5580,"East Kentucky Power Coop, Inc",69726,Liberty Station,L12,KY,PJM,Natural Gas Internal Combustion Engine,NG,IC,18.1,17.8,"(P) Planned for installation, but regulatory approvals not initiated",P,2028,12
5580,"East Kentucky Power Coop, Inc",69726,Liberty Station,L2,KY,PJM,Natural Gas Internal Combustion Engine,NG,IC,18.1,17.8,"(P) Planned for installation, but regulatory approvals not initiated",P,2028,12
5580,"East Kentucky Power Coop, Inc",69726,Liberty Station,L3,KY,PJM,Natural Gas Internal Combustion Engine,NG,IC,18.1,17.8,"(P) Planned for installation, but regulatory approvals not initiated",P,2028,12
5580,"East Kentucky Power Coop, Inc",69726,Liberty Station,L4,KY,PJM,Natural Gas Internal Combustion Engine,NG,IC,18.1,17.8,"(P) Planned for installation, but regulatory approvals not initiated",P,2028,12
5580,"East Kentucky Power Coop, Inc",69726,Liberty Station,L5,KY,PJM,Natural Gas Internal Combustion Engine,NG,IC,18.1,17.8,"(P) Planned for installation, but regulatory approvals not initiated",P,2028,12
5580,"East Kentucky Power Coop, Inc",69726,Liberty Station,L6,KY,PJM,Natural Gas Internal Combustion Engine,NG,IC,18.1,17.8,"(P) Planned for installation, but regulatory approvals not initiated",P,2028,12
5580,"East Kentucky Power Coop, Inc",69726,Liberty Station,L7,KY,PJM,Natural Gas Internal Combustion Engine,NG,IC,18.1,17.8,"(P) Planned for installation, but regulatory approvals not initiated",P,2028,12
5580,"East Kentucky Power Coop, Inc",69726,Liberty Station,L8,KY,PJM,Natural Gas Internal Combustion Engine,NG,IC,18.1,17.8,"(P) Planned for installation, but regulatory approvals not initiated",P,2028,12
5580,"East Kentucky Power Coop, Inc",69726,Liberty Station,L9,KY,PJM,Natural Gas Internal Combustion Engine,NG,IC,18.1,17.8,"(P) Planned for installation, but regulatory approvals not initiated",P,2028,12
5580,"East Kentucky Power Coop, Inc",69741,Cooperative Solar Two-Fayette,PV2,KY,PJM,Solar Photovoltaic,SUN,PV,40.0,40.0,"(U) Under construction, less than or equal to 50 percent complete",U,2027,11
5580,"East Kentucky Power Coop, Inc",69742,Cooperative Solar Three-Marion,PV3,KY,PJM,Solar Photovoltaic,SUN,PV,96.0,96.0,(T) Regulatory approvals received. Not under construction,T,2027,8
64904,AES Clean Energy,69743,Kuihelani Phase 2,KUIHE,HI,HECO,Solar Photovoltaic,SUN,PV,40.0,40.0,(L) Regulatory approvals pending. Not under construction,L,2028,11
7294,City of Glendale - (CA),69749,Scholl Canyon,U1,CA,LDWP,Landfill Gas,LFG,IC,3.0,2.8,"(V) Under construction, more than 50 percent complete",V,2027,2
7294,City of Glendale - (CA),69749,Scholl Canyon,U2,CA,LDWP,Landfill Gas,LFG,IC,3.0,2.8,"(V) Under construction, more than 50 percent complete",V,2027,2
7294,City of Glendale - (CA),69749,Scholl Canyon,U3,CA,LDWP,Landfill Gas,LFG,IC,3.0,2.8,"(V) Under construction, more than 50 percent complete",V,2027,2
7294,City of Glendale - (CA),69749,Scholl Canyon,U4,CA,LDWP,Landfill Gas,LFG,IC,3.0,2.8,"(V) Under construction, more than 50 percent complete",V,2027,2
814,Entergy Arkansas LLC,69750,Ironwood Power Station,1A,AR,MISO,Natural Gas Fired Combustion Turbine,NG,GT,467.3,432.0,(L) Regulatory approvals pending. Not under construction,L,2028,7
67646,"Meister Avenue Branchburg Solar Project 2024, LLC",69753,50 Meister Ave,13790,NJ,PJM,Solar Photovoltaic,SUN,PV,1.5,1.5,"(V) Under construction, more than 50 percent complete",V,2026,10
67628,"King Mountain Solar, LLC",69755,King Mountain Solar,5568,TX,ERCO,Solar Photovoltaic,SUN,PV,175.0,175.0,"(TS) Construction complete, but not yet in commercial operation",TS,2026,9
67629,"SL Dunkirk, LLC",69756,SL Dunkirk,23212,NY,NYIS,Solar Photovoltaic,SUN,PV,5.0,5.0,"(V) Under construction, more than 50 percent complete",V,2026,11
67625,Kerrville Public Utility Board Public Facility Corp,69760,Rock Island Generation Project,RIG1,TX,ERCO,Natural Gas Internal Combustion Engine,NG,IC,20.3,19.9,(L) Regulatory approvals pending. Not under construction,L,2027,9
67625,Kerrville Public Utility Board Public Facility Corp,69760,Rock Island Generation Project,RIG2,TX,ERCO,Natural Gas Internal Combustion Engine,NG,IC,20.3,19.9,(L) Regulatory approvals pending. Not under construction,L,2027,9
67625,Kerrville Public Utility Board Public Facility Corp,69760,Rock Island Generation Project,RIG3,TX,ERCO,Natural Gas Internal Combustion Engine,NG,IC,20.3,19.9,(L) Regulatory approvals pending. Not under construction,L,2027,9
67625,Kerrville Public Utility Board Public Facility Corp,69760,Rock Island Generation Project,RIG4,TX,ERCO,Natural Gas Internal Combustion Engine,NG,IC,20.3,19.9,(L) Regulatory approvals pending. Not under construction,L,2027,9
67625,Kerrville Public Utility Board Public Facility Corp,69760,Rock Island Generation Project,RIG5,TX,ERCO,Natural Gas Internal Combustion Engine,NG,IC,20.3,19.9,(L) Regulatory approvals pending. Not under construction,L,2027,9
67625,Kerrville Public Utility Board Public Facility Corp,69760,Rock Island Generation Project,RIG6,TX,ERCO,Natural Gas Internal Combustion Engine,NG,IC,20.3,19.9,(L) Regulatory approvals pending. Not under construction,L,2027,9
67689,"Dawn Break Solar, LLC",69761,Dawn Break Solar,DBBES,WI,MISO,Batteries,MWH,BA,180.0,180.0,(L) Regulatory approvals pending. Not under construction,L,2029,9
67689,"Dawn Break Solar, LLC",69761,Dawn Break Solar,DBSOL,WI,MISO,Solar Photovoltaic,SUN,PV,180.0,180.0,(L) Regulatory approvals pending. Not under construction,L,2029,9
67694,425LM 8ME LLC,69762,Southern Bighorn Solar 2,425LM,NV,NEVP,Solar Photovoltaic,SUN,PV,100.0,100.0,(L) Regulatory approvals pending. Not under construction,L,2028,7
67694,425LM 8ME LLC,69762,Southern Bighorn Solar 2,BESS2,NV,NEVP,Batteries,MWH,BA,100.0,100.0,(L) Regulatory approvals pending. Not under construction,L,2028,7
56545,Pattern Operators LP,69763,Heritage Prairie Solar LLC,HPS,IL,PJM,Solar Photovoltaic,SUN,PV,300.0,300.0,(T) Regulatory approvals received. Not under construction,T,2028,9
56545,Pattern Operators LP,69764,Illinois Generation LLC,HPW,IL,PJM,Onshore Wind Turbine,WND,WT,616.5,616.5,(T) Regulatory approvals received. Not under construction,T,2028,4
65539,Pivot Energy,69766,Kalaeloa Home Lands Solar,KHLS,HI,HECO,Solar Photovoltaic,SUN,PV,1.7,1.7,"(V) Under construction, more than 50 percent complete",V,2026,11
65539,Pivot Energy,69767,NCBP Seven,NCBP7,MD,PJM,Solar Photovoltaic,SUN,PV,2.4,2.4,"(V) Under construction, more than 50 percent complete",V,2026,11
67702,Ryan Storage LLC,69770,Ryan Storage,BRS,TX,ERCO,Batteries,MWH,BA,50.0,50.0,"(U) Under construction, less than or equal to 50 percent complete",U,2027,2
5416,"Duke Energy Carolinas, LLC",69771,Clark Creek Solar Plant,CCBS1,NC,CPLW,Batteries,MWH,BA,14.0,14.0,(L) Regulatory approvals pending. Not under construction,L,2028,2
5416,"Duke Energy Carolinas, LLC",69771,Clark Creek Solar Plant,CCSP1,NC,CPLW,Solar Photovoltaic,SUN,PV,40.0,40.0,(L) Regulatory approvals pending. Not under construction,L,2028,2
5416,"Duke Energy Carolinas, LLC",69772,Bush River Solar Plant,BRSP1,SC,CPLW,Solar Photovoltaic,SUN,PV,45.0,45.0,(L) Regulatory approvals pending. Not under construction,L,2028,1
796,Arizona Electric Pwr Coop Inc,69773,Mohave Energy Park,GT1,AZ,WALC,Natural Gas Fired Combustion Turbine,NG,GT,60.5,43.0,(L) Regulatory approvals pending. Not under construction,L,2027,12
796,Arizona Electric Pwr Coop Inc,69773,Mohave Energy Park,GT2,AZ,WALC,Natural Gas Fired Combustion Turbine,NG,GT,60.5,43.0,(L) Regulatory approvals pending. Not under construction,L,2027,12
796,Arizona Electric Pwr Coop Inc,69773,Mohave Energy Park,GT3,AZ,WALC,Natural Gas Fired Combustion Turbine,NG,GT,60.5,43.0,(L) Regulatory approvals pending. Not under construction,L,2027,12
796,Arizona Electric Pwr Coop Inc,69773,Mohave Energy Park,GT4,AZ,WALC,Natural Gas Fired Combustion Turbine,NG,GT,60.5,43.0,(L) Regulatory approvals pending. Not under construction,L,2027,12
5109,DTE Electric Company,69775,Strasburg Solar Park,STBSP,MI,MISO,Solar Photovoltaic,SUN,PV,100.0,100.0,"(U) Under construction, less than or equal to 50 percent complete",U,2028,12
5109,DTE Electric Company,69776,Deckerville Solar Park,DKVSP,MI,MISO,Solar Photovoltaic,SUN,PV,200.0,200.0,"(U) Under construction, less than or equal to 50 percent complete",U,2028,11
49893,Invenergy Services LLC,69778,Hashknife Energy Center LLC,HK1SO,AZ,AZPS,Solar Photovoltaic,SUN,PV,275.0,275.0,"(V) Under construction, more than 50 percent complete",V,2026,9
49893,Invenergy Services LLC,69778,Hashknife Energy Center LLC,HK1ST,AZ,AZPS,Batteries,MWH,BA,275.0,275.0,"(V) Under construction, more than 50 percent complete",V,2026,9
49893,Invenergy Services LLC,69779,Hashknife Energy Center II LLC,HK2SO,AZ,AZPS,Solar Photovoltaic,SUN,PV,200.0,200.0,"(V) Under construction, more than 50 percent complete",V,2027,3
49893,Invenergy Services LLC,69779,Hashknife Energy Center II LLC,HK2ST,AZ,AZPS,Batteries,MWH,BA,200.0,200.0,"(V) Under construction, more than 50 percent complete",V,2027,3
67724,"Cardinal Investment Company, Inc.",69780,Oystercatcher Solar,OCPV1,TX,ERCO,Solar Photovoltaic,SUN,PV,197.0,197.0,"(V) Under construction, more than 50 percent complete",V,2027,3
67729,Cartwright Solar II LLC,69782,Cartwright Solar II,CW216,OR,BPAT,Solar Photovoltaic,SUN,PV,17.6,17.6,"(TS) Construction complete, but not yet in commercial operation",TS,2026,11
65869,Prologis Logistics Services Incorporated,69785,Stockton 1 - slcva801,CV801,CA,CISO,Solar Photovoltaic,SUN,PV,1.0,1.0,"(U) Under construction, less than or equal to 50 percent complete",U,2027,7
65869,Prologis Logistics Services Incorporated,69786,Stockton 9 - slcva209,CV209,CA,CISO,Solar Photovoltaic,SUN,PV,1.0,1.0,"(U) Under construction, less than or equal to 50 percent complete",U,2027,1
60531,Standard Solar,69790,Elizabeth Metropolitan Logistics Center,EZMLC,NJ,PJM,Solar Photovoltaic,SUN,PV,1.2,1.2,"(TS) Construction complete, but not yet in commercial operation",TS,2026,9
60531,Standard Solar,69791,BPL NJ - Union Distribution Center,NJUDC,NJ,PJM,Solar Photovoltaic,SUN,PV,1.5,1.0,"(TS) Construction complete, but not yet in commercial operation",TS,2026,9
67720,Stellar Renewable Power,69793,Henderson County Solar,HEPV1,KY,MISO,Solar Photovoltaic,SUN,PV,51.1,50.0,"(U) Under construction, less than or equal to 50 percent complete",U,2027,9
64904,AES Clean Energy,69795,Keamuku,KEABE,HI,HECO,Batteries,MWH,BA,86.0,86.0,(L) Regulatory approvals pending. Not under construction,L,2030,5
64904,AES Clean Energy,69795,Keamuku,KEAMU,HI,HECO,Solar Photovoltaic,SUN,PV,86.0,86.0,(L) Regulatory approvals pending. Not under construction,L,2030,5
50123,"Leeward Asset Management, LLC",69796,Harvey Solar,HARVS,OH,PJM,Solar Photovoltaic,SUN,PV,350.0,350.0,(T) Regulatory approvals received. Not under construction,T,2028,8
67737,Fermi Nuclear,69798,Project Matador Nuclear,PMN1,TX,ERCO,Nuclear,NUC,ST,1117.0,1117.0,"(P) Planned for installation, but regulatory approvals not initiated",P,2031,12
67737,Fermi Nuclear,69798,Project Matador Nuclear,PMN2,TX,ERCO,Nuclear,NUC,ST,1117.0,1117.0,"(P) Planned for installation, but regulatory approvals not initiated",P,2032,12
67737,Fermi Nuclear,69798,Project Matador Nuclear,PMN3,TX,ERCO,Nuclear,NUC,ST,1117.0,1117.0,"(P) Planned for installation, but regulatory approvals not initiated",P,2031,12
67737,Fermi Nuclear,69798,Project Matador Nuclear,PMN4,TX,ERCO,Nuclear,NUC,ST,1117.0,1117.0,"(P) Planned for installation, but regulatory approvals not initiated",P,2032,12
67738,Fermi America,69799,Project Matador Gas Plant (PMG),EG001,TX,ERCO,Natural Gas Fired Combined Cycle,NG,CT,57.0,57.0,"(P) Planned for installation, but regulatory approvals not initiated",P,2030,12
67738,Fermi America,69799,Project Matador Gas Plant (PMG),EG002,TX,ERCO,Natural Gas Fired Combined Cycle,NG,CT,57.0,57.0,"(P) Planned for installation, but regulatory approvals not initiated",P,2030,12
67738,Fermi America,69799,Project Matador Gas Plant (PMG),EG003,TX,ERCO,Natural Gas Fired Combined Cycle,NG,CT,57.0,57.0,"(P) Planned for installation, but regulatory approvals not initiated",P,2030,12
67738,Fermi America,69799,Project Matador Gas Plant (PMG),EG004,TX,ERCO,Natural Gas Fired Combined Cycle,NG,CT,57.0,57.0,"(P) Planned for installation, but regulatory approvals not initiated",P,2030,12
67738,Fermi America,69799,Project Matador Gas Plant (PMG),EG005,TX,ERCO,Natural Gas Fired Combined Cycle,NG,CT,57.0,57.0,"(P) Planned for installation, but regulatory approvals not initiated",P,2030,12
67738,Fermi America,69799,Project Matador Gas Plant (PMG),EG006,TX,ERCO,Natural Gas Fired Combined Cycle,NG,CT,57.0,57.0,"(P) Planned for installation, but regulatory approvals not initiated",P,2030,12
67738,Fermi America,69799,Project Matador Gas Plant (PMG),EG007,TX,ERCO,Natural Gas Fired Combined Cycle,NG,CT,57.0,57.0,"(P) Planned for installation, but regulatory approvals not initiated",P,2030,12
67738,Fermi America,69799,Project Matador Gas Plant (PMG),EG008,TX,ERCO,Natural Gas Fired Combined Cycle,NG,CT,57.0,57.0,"(P) Planned for installation, but regulatory approvals not initiated",P,2030,12
67738,Fermi America,69799,Project Matador Gas Plant (PMG),EG009,TX,ERCO,Natural Gas Fired Combined Cycle,NG,CT,57.0,57.0,"(P) Planned for installation, but regulatory approvals not initiated",P,2030,12
67738,Fermi America,69799,Project Matador Gas Plant (PMG),EG010,TX,ERCO,Natural Gas Fired Combined Cycle,NG,CT,57.0,57.0,"(P) Planned for installation, but regulatory approvals not initiated",P,2030,12
67738,Fermi America,69799,Project Matador Gas Plant (PMG),EG011,TX,ERCO,Natural Gas Fired Combined Cycle,NG,CT,57.0,57.0,"(P) Planned for installation, but regulatory approvals not initiated",P,2030,12
67738,Fermi America,69799,Project Matador Gas Plant (PMG),EG012,TX,ERCO,Natural Gas Fired Combined Cycle,NG,CT,57.0,57.0,"(P) Planned for installation, but regulatory approvals not initiated",P,2030,12
67738,Fermi America,69799,Project Matador Gas Plant (PMG),EG013,TX,ERCO,Natural Gas Fired Combined Cycle,NG,CT,57.0,57.0,"(P) Planned for installation, but regulatory approvals not initiated",P,2030,12
67738,Fermi America,69799,Project Matador Gas Plant (PMG),EG014,TX,ERCO,Natural Gas Fired Combined Cycle,NG,CT,57.0,57.0,"(P) Planned for installation, but regulatory approvals not initiated",P,2030,12
67738,Fermi America,69799,Project Matador Gas Plant (PMG),EG015,TX,ERCO,Natural Gas Fired Combined Cycle,NG,CT,57.0,57.0,"(P) Planned for installation, but regulatory approvals not initiated",P,2030,12
67738,Fermi America,69799,Project Matador Gas Plant (PMG),EG016,TX,ERCO,Natural Gas Fired Combined Cycle,NG,CT,57.0,57.0,"(P) Planned for installation, but regulatory approvals not initiated",P,2030,12
67738,Fermi America,69799,Project Matador Gas Plant (PMG),EG017,TX,ERCO,Natural Gas Fired Combined Cycle,NG,CT,57.0,57.0,"(P) Planned for installation, but regulatory approvals not initiated",P,2030,12
67738,Fermi America,69799,Project Matador Gas Plant (PMG),EG018,TX,ERCO,Natural Gas Fired Combined Cycle,NG,CT,57.0,57.0,"(P) Planned for installation, but regulatory approvals not initiated",P,2030,12
67738,Fermi America,69799,Project Matador Gas Plant (PMG),EG019,TX,ERCO,Natural Gas Fired Combined Cycle,NG,CT,57.0,57.0,"(P) Planned for installation, but regulatory approvals not initiated",P,2030,12
67738,Fermi America,69799,Project Matador Gas Plant (PMG),EG020,TX,ERCO,Natural Gas Fired Combined Cycle,NG,CT,57.0,57.0,"(P) Planned for installation, but regulatory approvals not initiated",P,2030,12
67738,Fermi America,69799,Project Matador Gas Plant (PMG),EG021,TX,ERCO,Natural Gas Fired Combined Cycle,NG,CT,57.0,57.0,"(P) Planned for installation, but regulatory approvals not initiated",P,2030,12
67738,Fermi America,69799,Project Matador Gas Plant (PMG),EG022,TX,ERCO,Natural Gas Fired Combined Cycle,NG,CT,57.0,57.0,"(P) Planned for installation, but regulatory approvals not initiated",P,2030,12
67738,Fermi America,69799,Project Matador Gas Plant (PMG),EG023,TX,ERCO,Natural Gas Fired Combined Cycle,NG,CT,57.0,57.0,"(P) Planned for installation, but regulatory approvals not initiated",P,2030,12
67738,Fermi America,69799,Project Matador Gas Plant (PMG),EG024,TX,ERCO,Natural Gas Fired Combined Cycle,NG,CT,57.0,57.0,"(P) Planned for installation, but regulatory approvals not initiated",P,2030,12
67738,Fermi America,69799,Project Matador Gas Plant (PMG),EG025,TX,ERCO,Natural Gas Fired Combined Cycle,NG,CT,57.0,57.0,"(P) Planned for installation, but regulatory approvals not initiated",P,2030,12
67738,Fermi America,69799,Project Matador Gas Plant (PMG),EG026,TX,ERCO,Natural Gas Fired Combined Cycle,NG,CT,57.0,57.0,"(P) Planned for installation, but regulatory approvals not initiated",P,2030,12
67738,Fermi America,69799,Project Matador Gas Plant (PMG),EG027,TX,ERCO,Natural Gas Fired Combined Cycle,NG,CT,57.0,57.0,"(P) Planned for installation, but regulatory approvals not initiated",P,2030,12
67738,Fermi America,69799,Project Matador Gas Plant (PMG),EG028,TX,ERCO,Natural Gas Fired Combined Cycle,NG,CT,57.0,57.0,"(P) Planned for installation, but regulatory approvals not initiated",P,2030,12
67738,Fermi America,69799,Project Matador Gas Plant (PMG),EG029,TX,ERCO,Natural Gas Fired Combined Cycle,NG,CT,57.0,57.0,"(P) Planned for installation, but regulatory approvals not initiated",P,2030,12
67738,Fermi America,69799,Project Matador Gas Plant (PMG),EG030,TX,ERCO,Natural Gas Fired Combined Cycle,NG,CT,57.0,57.0,"(P) Planned for installation, but regulatory approvals not initiated",P,2030,12
67738,Fermi America,69799,Project Matador Gas Plant (PMG),EG031,TX,ERCO,Natural Gas Fired Combined Cycle,NG,CT,57.0,57.0,"(P) Planned for installation, but regulatory approvals not initiated",P,2030,12
67738,Fermi America,69799,Project Matador Gas Plant (PMG),EG032,TX,ERCO,Natural Gas Fired Combined Cycle,NG,CT,57.0,57.0,"(P) Planned for installation, but regulatory approvals not initiated",P,2030,12
67738,Fermi America,69799,Project Matador Gas Plant (PMG),EG033,TX,ERCO,Natural Gas Fired Combined Cycle,NG,CT,57.0,57.0,"(P) Planned for installation, but regulatory approvals not initiated",P,2030,12
67738,Fermi America,69799,Project Matador Gas Plant (PMG),EG034,TX,ERCO,Natural Gas Fired Combined Cycle,NG,CT,57.0,57.0,"(P) Planned for installation, but regulatory approvals not initiated",P,2030,12
67738,Fermi America,69799,Project Matador Gas Plant (PMG),EG035,TX,ERCO,Natural Gas Fired Combined Cycle,NG,CT,57.0,57.0,"(P) Planned for installation, but regulatory approvals not initiated",P,2030,12
67738,Fermi America,69799,Project Matador Gas Plant (PMG),EG036,TX,ERCO,Natural Gas Fired Combined Cycle,NG,CT,57.0,57.0,"(P) Planned for installation, but regulatory approvals not initiated",P,2030,12
67738,Fermi America,69799,Project Matador Gas Plant (PMG),EG037,TX,ERCO,Natural Gas Fired Combined Cycle,NG,CT,57.0,57.0,"(P) Planned for installation, but regulatory approvals not initiated",P,2030,12
67738,Fermi America,69799,Project Matador Gas Plant (PMG),EG038,TX,ERCO,Natural Gas Fired Combined Cycle,NG,CT,57.0,57.0,"(P) Planned for installation, but regulatory approvals not initiated",P,2030,12
67738,Fermi America,69799,Project Matador Gas Plant (PMG),EG039,TX,ERCO,Natural Gas Fired Combined Cycle,NG,CT,57.0,57.0,"(P) Planned for installation, but regulatory approvals not initiated",P,2030,12
67738,Fermi America,69799,Project Matador Gas Plant (PMG),EG040,TX,ERCO,Natural Gas Fired Combined Cycle,NG,CT,57.0,57.0,"(P) Planned for installation, but regulatory approvals not initiated",P,2030,12
67738,Fermi America,69799,Project Matador Gas Plant (PMG),EG041,TX,ERCO,Natural Gas Fired Combined Cycle,NG,CT,57.0,57.0,"(P) Planned for installation, but regulatory approvals not initiated",P,2030,12
67738,Fermi America,69799,Project Matador Gas Plant (PMG),EG042,TX,ERCO,Natural Gas Fired Combined Cycle,NG,CT,57.0,57.0,"(P) Planned for installation, but regulatory approvals not initiated",P,2030,12
67738,Fermi America,69799,Project Matador Gas Plant (PMG),EG043,TX,ERCO,Natural Gas Fired Combined Cycle,NG,CT,57.0,57.0,"(P) Planned for installation, but regulatory approvals not initiated",P,2030,12
67738,Fermi America,69799,Project Matador Gas Plant (PMG),EG044,TX,ERCO,Natural Gas Fired Combined Cycle,NG,CT,57.0,57.0,"(P) Planned for installation, but regulatory approvals not initiated",P,2030,12
67738,Fermi America,69799,Project Matador Gas Plant (PMG),EG045,TX,ERCO,Natural Gas Fired Combined Cycle,NG,CT,57.0,57.0,"(P) Planned for installation, but regulatory approvals not initiated",P,2030,12
67738,Fermi America,69799,Project Matador Gas Plant (PMG),EG046,TX,ERCO,Natural Gas Fired Combined Cycle,NG,CT,57.0,57.0,"(P) Planned for installation, but regulatory approvals not initiated",P,2030,12
67738,Fermi America,69799,Project Matador Gas Plant (PMG),EG047,TX,ERCO,Natural Gas Fired Combined Cycle,NG,CT,57.0,57.0,"(P) Planned for installation, but regulatory approvals not initiated",P,2030,12
67738,Fermi America,69799,Project Matador Gas Plant (PMG),EG048,TX,ERCO,Natural Gas Fired Combined Cycle,NG,CT,57.0,57.0,"(P) Planned for installation, but regulatory approvals not initiated",P,2030,12
67738,Fermi America,69799,Project Matador Gas Plant (PMG),ES001,TX,ERCO,Natural Gas Fired Combined Cycle,NG,CA,105.0,105.0,"(P) Planned for installation, but regulatory approvals not initiated",P,2030,12
67738,Fermi America,69799,Project Matador Gas Plant (PMG),ES002,TX,ERCO,Natural Gas Fired Combined Cycle,NG,CA,105.0,105.0,"(P) Planned for installation, but regulatory approvals not initiated",P,2030,12
67738,Fermi America,69799,Project Matador Gas Plant (PMG),ES003,TX,ERCO,Natural Gas Fired Combined Cycle,NG,CA,105.0,105.0,"(P) Planned for installation, but regulatory approvals not initiated",P,2030,12
67738,Fermi America,69799,Project Matador Gas Plant (PMG),ES004,TX,ERCO,Natural Gas Fired Combined Cycle,NG,CA,105.0,105.0,"(P) Planned for installation, but regulatory approvals not initiated",P,2030,12
67738,Fermi America,69799,Project Matador Gas Plant (PMG),ES005,TX,ERCO,Natural Gas Fired Combined Cycle,NG,CA,105.0,105.0,"(P) Planned for installation, but regulatory approvals not initiated",P,2030,12
67738,Fermi America,69799,Project Matador Gas Plant (PMG),ES006,TX,ERCO,Natural Gas Fired Combined Cycle,NG,CA,105.0,105.0,"(P) Planned for installation, but regulatory approvals not initiated",P,2030,12
67738,Fermi America,69799,Project Matador Gas Plant (PMG),ES007,TX,ERCO,Natural Gas Fired Combined Cycle,NG,CA,105.0,105.0,"(P) Planned for installation, but regulatory approvals not initiated",P,2030,12
67738,Fermi America,69799,Project Matador Gas Plant (PMG),ES008,TX,ERCO,Natural Gas Fired Combined Cycle,NG,CA,105.0,105.0,"(P) Planned for installation, but regulatory approvals not initiated",P,2030,12
67738,Fermi America,69799,Project Matador Gas Plant (PMG),ES009,TX,ERCO,Natural Gas Fired Combined Cycle,NG,CA,105.0,105.0,"(P) Planned for installation, but regulatory approvals not initiated",P,2030,12
67738,Fermi America,69799,Project Matador Gas Plant (PMG),ES010,TX,ERCO,Natural Gas Fired Combined Cycle,NG,CA,105.0,105.0,"(P) Planned for installation, but regulatory approvals not initiated",P,2030,12
67738,Fermi America,69799,Project Matador Gas Plant (PMG),ES011,TX,ERCO,Natural Gas Fired Combined Cycle,NG,CA,105.0,105.0,"(P) Planned for installation, but regulatory approvals not initiated",P,2030,12
67738,Fermi America,69799,Project Matador Gas Plant (PMG),ES012,TX,ERCO,Natural Gas Fired Combined Cycle,NG,CA,105.0,105.0,"(P) Planned for installation, but regulatory approvals not initiated",P,2030,12
67738,Fermi America,69799,Project Matador Gas Plant (PMG),ES013,TX,ERCO,Natural Gas Fired Combined Cycle,NG,CA,105.0,105.0,"(P) Planned for installation, but regulatory approvals not initiated",P,2030,12
67738,Fermi America,69799,Project Matador Gas Plant (PMG),ES014,TX,ERCO,Natural Gas Fired Combined Cycle,NG,CA,105.0,105.0,"(P) Planned for installation, but regulatory approvals not initiated",P,2030,12
67738,Fermi America,69799,Project Matador Gas Plant (PMG),ES015,TX,ERCO,Natural Gas Fired Combined Cycle,NG,CA,105.0,105.0,"(P) Planned for installation, but regulatory approvals not initiated",P,2030,12
67738,Fermi America,69799,Project Matador Gas Plant (PMG),ES016,TX,ERCO,Natural Gas Fired Combined Cycle,NG,CA,105.0,105.0,"(P) Planned for installation, but regulatory approvals not initiated",P,2030,12
67738,Fermi America,69799,Project Matador Gas Plant (PMG),F1G01,TX,ERCO,Natural Gas Fired Combined Cycle,NG,CT,260.0,242.7,"(P) Planned for installation, but regulatory approvals not initiated",P,2027,9
67738,Fermi America,69799,Project Matador Gas Plant (PMG),F1G02,TX,ERCO,Natural Gas Fired Combined Cycle,NG,CT,260.0,242.7,"(P) Planned for installation, but regulatory approvals not initiated",P,2027,9
67738,Fermi America,69799,Project Matador Gas Plant (PMG),F1G03,TX,ERCO,Natural Gas Fired Combined Cycle,NG,CT,260.0,242.7,"(P) Planned for installation, but regulatory approvals not initiated",P,2027,9
67738,Fermi America,69799,Project Matador Gas Plant (PMG),F1S01,TX,ERCO,Natural Gas Fired Combined Cycle,NG,CA,105.0,104.6,"(P) Planned for installation, but regulatory approvals not initiated",P,2027,12
67738,Fermi America,69799,Project Matador Gas Plant (PMG),F1S02,TX,ERCO,Natural Gas Fired Combined Cycle,NG,CA,105.0,104.6,"(P) Planned for installation, but regulatory approvals not initiated",P,2027,12
67738,Fermi America,69799,Project Matador Gas Plant (PMG),F1S03,TX,ERCO,Natural Gas Fired Combined Cycle,NG,CA,105.0,104.6,"(P) Planned for installation, but regulatory approvals not initiated",P,2027,12
67738,Fermi America,69799,Project Matador Gas Plant (PMG),F2G01,TX,ERCO,Natural Gas Fired Combined Cycle,NG,CT,260.0,242.7,"(P) Planned for installation, but regulatory approvals not initiated",P,2027,9
67738,Fermi America,69799,Project Matador Gas Plant (PMG),F2G02,TX,ERCO,Natural Gas Fired Combined Cycle,NG,CT,260.0,242.7,"(P) Planned for installation, but regulatory approvals not initiated",P,2027,9
67738,Fermi America,69799,Project Matador Gas Plant (PMG),F2G03,TX,ERCO,Natural Gas Fired Combined Cycle,NG,CT,260.0,242.7,"(P) Planned for installation, but regulatory approvals not initiated",P,2027,9
67738,Fermi America,69799,Project Matador Gas Plant (PMG),F2S01,TX,ERCO,Natural Gas Fired Combined Cycle,NG,CA,105.0,104.6,"(P) Planned for installation, but regulatory approvals not initiated",P,2027,12
67738,Fermi America,69799,Project Matador Gas Plant (PMG),F2S02,TX,ERCO,Natural Gas Fired Combined Cycle,NG,CA,105.0,104.6,"(P) Planned for installation, but regulatory approvals not initiated",P,2027,12
67738,Fermi America,69799,Project Matador Gas Plant (PMG),F2S03,TX,ERCO,Natural Gas Fired Combined Cycle,NG,CA,105.0,104.6,"(P) Planned for installation, but regulatory approvals not initiated",P,2027,12
67738,Fermi America,69799,Project Matador Gas Plant (PMG),FBG01,TX,ERCO,Natural Gas Fired Combined Cycle,NG,CT,50.0,49.4,"(U) Under construction, less than or equal to 50 percent complete",U,2027,12
67738,Fermi America,69799,Project Matador Gas Plant (PMG),FBG02,TX,ERCO,Natural Gas Fired Combined Cycle,NG,CT,50.0,49.4,"(U) Under construction, less than or equal to 50 percent complete",U,2027,12
67738,Fermi America,69799,Project Matador Gas Plant (PMG),FBG03,TX,ERCO,Natural Gas Fired Combined Cycle,NG,CT,50.0,49.4,"(U) Under construction, less than or equal to 50 percent complete",U,2027,12
67738,Fermi America,69799,Project Matador Gas Plant (PMG),FBG04,TX,ERCO,Natural Gas Fired Combined Cycle,NG,CT,50.0,49.4,"(U) Under construction, less than or equal to 50 percent complete",U,2027,12
67738,Fermi America,69799,Project Matador Gas Plant (PMG),FBG05,TX,ERCO,Natural Gas Fired Combined Cycle,NG,CT,50.0,49.4,"(U) Under construction, less than or equal to 50 percent complete",U,2027,12
67738,Fermi America,69799,Project Matador Gas Plant (PMG),FBG06,TX,ERCO,Natural Gas Fired Combined Cycle,NG,CT,50.0,49.4,"(U) Under construction, less than or equal to 50 percent complete",U,2027,12
67738,Fermi America,69799,Project Matador Gas Plant (PMG),FBS01,TX,ERCO,Natural Gas Fired Combined Cycle,NG,CA,105.0,101.8,"(P) Planned for installation, but regulatory approvals not initiated",P,2027,12
67738,Fermi America,69799,Project Matador Gas Plant (PMG),G6B01,TX,ERCO,Natural Gas Fired Combustion Turbine,NG,GT,40.0,38.7,(T) Regulatory approvals received. Not under construction,T,2027,6
67738,Fermi America,69799,Project Matador Gas Plant (PMG),G6B02,TX,ERCO,Natural Gas Fired Combustion Turbine,NG,GT,40.0,38.7,(T) Regulatory approvals received. Not under construction,T,2027,6
67738,Fermi America,69799,Project Matador Gas Plant (PMG),G6B03,TX,ERCO,Natural Gas Fired Combustion Turbine,NG,GT,40.0,38.7,(T) Regulatory approvals received. Not under construction,T,2027,6
67738,Fermi America,69799,Project Matador Gas Plant (PMG),MG001,TX,ERCO,Natural Gas Fired Combined Cycle,NG,CT,57.0,57.0,"(P) Planned for installation, but regulatory approvals not initiated",P,2030,12
67738,Fermi America,69799,Project Matador Gas Plant (PMG),MG002,TX,ERCO,Natural Gas Fired Combined Cycle,NG,CT,57.0,57.0,"(P) Planned for installation, but regulatory approvals not initiated",P,2030,12
67738,Fermi America,69799,Project Matador Gas Plant (PMG),MG003,TX,ERCO,Natural Gas Fired Combined Cycle,NG,CT,57.0,57.0,"(P) Planned for installation, but regulatory approvals not initiated",P,2030,12
67738,Fermi America,69799,Project Matador Gas Plant (PMG),MG004,TX,ERCO,Natural Gas Fired Combined Cycle,NG,CT,57.0,57.0,"(P) Planned for installation, but regulatory approvals not initiated",P,2030,12
67738,Fermi America,69799,Project Matador Gas Plant (PMG),MG005,TX,ERCO,Natural Gas Fired Combined Cycle,NG,CT,57.0,57.0,"(P) Planned for installation, but regulatory approvals not initiated",P,2030,12
67738,Fermi America,69799,Project Matador Gas Plant (PMG),MG006,TX,ERCO,Natural Gas Fired Combined Cycle,NG,CT,57.0,57.0,"(P) Planned for installation, but regulatory approvals not initiated",P,2030,12
67738,Fermi America,69799,Project Matador Gas Plant (PMG),MG007,TX,ERCO,Natural Gas Fired Combined Cycle,NG,CT,57.0,57.0,"(P) Planned for installation, but regulatory approvals not initiated",P,2030,12
67738,Fermi America,69799,Project Matador Gas Plant (PMG),MG008,TX,ERCO,Natural Gas Fired Combined Cycle,NG,CT,57.0,57.0,"(P) Planned for installation, but regulatory approvals not initiated",P,2030,12
67738,Fermi America,69799,Project Matador Gas Plant (PMG),MG009,TX,ERCO,Natural Gas Fired Combined Cycle,NG,CT,57.0,57.0,"(P) Planned for installation, but regulatory approvals not initiated",P,2030,12
67738,Fermi America,69799,Project Matador Gas Plant (PMG),MG010,TX,ERCO,Natural Gas Fired Combined Cycle,NG,CT,57.0,57.0,"(P) Planned for installation, but regulatory approvals not initiated",P,2030,12
67738,Fermi America,69799,Project Matador Gas Plant (PMG),MG011,TX,ERCO,Natural Gas Fired Combined Cycle,NG,CT,57.0,57.0,"(P) Planned for installation, but regulatory approvals not initiated",P,2030,12
67738,Fermi America,69799,Project Matador Gas Plant (PMG),MG012,TX,ERCO,Natural Gas Fired Combined Cycle,NG,CT,57.0,57.0,"(P) Planned for installation, but regulatory approvals not initiated",P,2030,12
67738,Fermi America,69799,Project Matador Gas Plant (PMG),MG013,TX,ERCO,Natural Gas Fired Combined Cycle,NG,CT,57.0,57.0,"(P) Planned for installation, but regulatory approvals not initiated",P,2030,12
67738,Fermi America,69799,Project Matador Gas Plant (PMG),MG014,TX,ERCO,Natural Gas Fired Combined Cycle,NG,CT,57.0,57.0,"(P) Planned for installation, but regulatory approvals not initiated",P,2030,12
67738,Fermi America,69799,Project Matador Gas Plant (PMG),MG015,TX,ERCO,Natural Gas Fired Combined Cycle,NG,CT,57.0,57.0,"(P) Planned for installation, but regulatory approvals not initiated",P,2030,12
67738,Fermi America,69799,Project Matador Gas Plant (PMG),MG016,TX,ERCO,Natural Gas Fired Combined Cycle,NG,CT,57.0,57.0,"(P) Planned for installation, but regulatory approvals not initiated",P,2030,12
67738,Fermi America,69799,Project Matador Gas Plant (PMG),MG017,TX,ERCO,Natural Gas Fired Combined Cycle,NG,CT,57.0,57.0,"(P) Planned for installation, but regulatory approvals not initiated",P,2030,12
67738,Fermi America,69799,Project Matador Gas Plant (PMG),MG018,TX,ERCO,Natural Gas Fired Combined Cycle,NG,CT,57.0,57.0,"(P) Planned for installation, but regulatory approvals not initiated",P,2030,12
67738,Fermi America,69799,Project Matador Gas Plant (PMG),MG019,TX,ERCO,Natural Gas Fired Combined Cycle,NG,CT,57.0,57.0,"(P) Planned for installation, but regulatory approvals not initiated",P,2030,12
67738,Fermi America,69799,Project Matador Gas Plant (PMG),MG020,TX,ERCO,Natural Gas Fired Combined Cycle,NG,CT,57.0,57.0,"(P) Planned for installation, but regulatory approvals not initiated",P,2030,12
67738,Fermi America,69799,Project Matador Gas Plant (PMG),MG021,TX,ERCO,Natural Gas Fired Combined Cycle,NG,CT,57.0,57.0,"(P) Planned for installation, but regulatory approvals not initiated",P,2030,12
67738,Fermi America,69799,Project Matador Gas Plant (PMG),MG022,TX,ERCO,Natural Gas Fired Combined Cycle,NG,CT,57.0,57.0,"(P) Planned for installation, but regulatory approvals not initiated",P,2030,12
67738,Fermi America,69799,Project Matador Gas Plant (PMG),MG023,TX,ERCO,Natural Gas Fired Combined Cycle,NG,CT,57.0,57.0,"(P) Planned for installation, but regulatory approvals not initiated",P,2030,12
67738,Fermi America,69799,Project Matador Gas Plant (PMG),MG024,TX,ERCO,Natural Gas Fired Combined Cycle,NG,CT,57.0,57.0,"(P) Planned for installation, but regulatory approvals not initiated",P,2030,12
67738,Fermi America,69799,Project Matador Gas Plant (PMG),MG025,TX,ERCO,Natural Gas Fired Combined Cycle,NG,CT,57.0,57.0,"(P) Planned for installation, but regulatory approvals not initiated",P,2030,12
67738,Fermi America,69799,Project Matador Gas Plant (PMG),MG026,TX,ERCO,Natural Gas Fired Combined Cycle,NG,CT,57.0,57.0,"(P) Planned for installation, but regulatory approvals not initiated",P,2030,12
67738,Fermi America,69799,Project Matador Gas Plant (PMG),MG027,TX,ERCO,Natural Gas Fired Combined Cycle,NG,CT,57.0,57.0,"(P) Planned for installation, but regulatory approvals not initiated",P,2030,12
67738,Fermi America,69799,Project Matador Gas Plant (PMG),MG028,TX,ERCO,Natural Gas Fired Combined Cycle,NG,CT,57.0,57.0,"(P) Planned for installation, but regulatory approvals not initiated",P,2030,12
67738,Fermi America,69799,Project Matador Gas Plant (PMG),MG029,TX,ERCO,Natural Gas Fired Combined Cycle,NG,CT,57.0,57.0,"(P) Planned for installation, but regulatory approvals not initiated",P,2030,12
67738,Fermi America,69799,Project Matador Gas Plant (PMG),MG030,TX,ERCO,Natural Gas Fired Combined Cycle,NG,CT,57.0,57.0,"(P) Planned for installation, but regulatory approvals not initiated",P,2030,12
67738,Fermi America,69799,Project Matador Gas Plant (PMG),MG031,TX,ERCO,Natural Gas Fired Combined Cycle,NG,CT,57.0,57.0,"(P) Planned for installation, but regulatory approvals not initiated",P,2030,12
67738,Fermi America,69799,Project Matador Gas Plant (PMG),MG032,TX,ERCO,Natural Gas Fired Combined Cycle,NG,CT,57.0,57.0,"(P) Planned for installation, but regulatory approvals not initiated",P,2030,12
67738,Fermi America,69799,Project Matador Gas Plant (PMG),MG033,TX,ERCO,Natural Gas Fired Combined Cycle,NG,CT,57.0,57.0,"(P) Planned for installation, but regulatory approvals not initiated",P,2030,12
67738,Fermi America,69799,Project Matador Gas Plant (PMG),MG034,TX,ERCO,Natural Gas Fired Combined Cycle,NG,CT,57.0,57.0,"(P) Planned for installation, but regulatory approvals not initiated",P,2030,12
67738,Fermi America,69799,Project Matador Gas Plant (PMG),MG035,TX,ERCO,Natural Gas Fired Combined Cycle,NG,CT,57.0,57.0,"(P) Planned for installation, but regulatory approvals not initiated",P,2030,12
67738,Fermi America,69799,Project Matador Gas Plant (PMG),MG036,TX,ERCO,Natural Gas Fired Combined Cycle,NG,CT,57.0,57.0,"(P) Planned for installation, but regulatory approvals not initiated",P,2030,12
67738,Fermi America,69799,Project Matador Gas Plant (PMG),MG037,TX,ERCO,Natural Gas Fired Combined Cycle,NG,CT,57.0,57.0,"(P) Planned for installation, but regulatory approvals not initiated",P,2030,12
67738,Fermi America,69799,Project Matador Gas Plant (PMG),MG038,TX,ERCO,Natural Gas Fired Combined Cycle,NG,CT,57.0,57.0,"(P) Planned for installation, but regulatory approvals not initiated",P,2030,12
67738,Fermi America,69799,Project Matador Gas Plant (PMG),MG039,TX,ERCO,Natural Gas Fired Combined Cycle,NG,CT,57.0,57.0,"(P) Planned for installation, but regulatory approvals not initiated",P,2030,12
67738,Fermi America,69799,Project Matador Gas Plant (PMG),MG040,TX,ERCO,Natural Gas Fired Combined Cycle,NG,CT,57.0,57.0,"(P) Planned for installation, but regulatory approvals not initiated",P,2030,12
67738,Fermi America,69799,Project Matador Gas Plant (PMG),MG041,TX,ERCO,Natural Gas Fired Combined Cycle,NG,CT,57.0,57.0,"(P) Planned for installation, but regulatory approvals not initiated",P,2030,12
67738,Fermi America,69799,Project Matador Gas Plant (PMG),MG042,TX,ERCO,Natural Gas Fired Combined Cycle,NG,CT,57.0,57.0,"(P) Planned for installation, but regulatory approvals not initiated",P,2030,12
67738,Fermi America,69799,Project Matador Gas Plant (PMG),MG043,TX,ERCO,Natural Gas Fired Combined Cycle,NG,CT,57.0,57.0,"(P) Planned for installation, but regulatory approvals not initiated",P,2030,12
67738,Fermi America,69799,Project Matador Gas Plant (PMG),MG044,TX,ERCO,Natural Gas Fired Combined Cycle,NG,CT,57.0,57.0,"(P) Planned for installation, but regulatory approvals not initiated",P,2030,12
67738,Fermi America,69799,Project Matador Gas Plant (PMG),MG045,TX,ERCO,Natural Gas Fired Combined Cycle,NG,CT,57.0,57.0,"(P) Planned for installation, but regulatory approvals not initiated",P,2030,12
67738,Fermi America,69799,Project Matador Gas Plant (PMG),MG046,TX,ERCO,Natural Gas Fired Combined Cycle,NG,CT,57.0,57.0,"(P) Planned for installation, but regulatory approvals not initiated",P,2030,12
67738,Fermi America,69799,Project Matador Gas Plant (PMG),MG047,TX,ERCO,Natural Gas Fired Combined Cycle,NG,CT,57.0,57.0,"(P) Planned for installation, but regulatory approvals not initiated",P,2030,12
67738,Fermi America,69799,Project Matador Gas Plant (PMG),MG048,TX,ERCO,Natural Gas Fired Combined Cycle,NG,CT,57.0,57.0,"(P) Planned for installation, but regulatory approvals not initiated",P,2030,12
67738,Fermi America,69799,Project Matador Gas Plant (PMG),MS001,TX,ERCO,Natural Gas Fired Combined Cycle,NG,CA,105.0,105.0,"(P) Planned for installation, but regulatory approvals not initiated",P,2030,12
67738,Fermi America,69799,Project Matador Gas Plant (PMG),MS002,TX,ERCO,Natural Gas Fired Combined Cycle,NG,CA,105.0,105.0,"(P) Planned for installation, but regulatory approvals not initiated",P,2030,12
67738,Fermi America,69799,Project Matador Gas Plant (PMG),MS003,TX,ERCO,Natural Gas Fired Combined Cycle,NG,CA,105.0,105.0,"(P) Planned for installation, but regulatory approvals not initiated",P,2030,12
67738,Fermi America,69799,Project Matador Gas Plant (PMG),MS004,TX,ERCO,Natural Gas Fired Combined Cycle,NG,CA,105.0,105.0,"(P) Planned for installation, but regulatory approvals not initiated",P,2030,12
67738,Fermi America,69799,Project Matador Gas Plant (PMG),MS005,TX,ERCO,Natural Gas Fired Combined Cycle,NG,CA,105.0,105.0,"(P) Planned for installation, but regulatory approvals not initiated",P,2030,12
67738,Fermi America,69799,Project Matador Gas Plant (PMG),MS006,TX,ERCO,Natural Gas Fired Combined Cycle,NG,CA,105.0,105.0,"(P) Planned for installation, but regulatory approvals not initiated",P,2030,12
67738,Fermi America,69799,Project Matador Gas Plant (PMG),MS007,TX,ERCO,Natural Gas Fired Combined Cycle,NG,CA,105.0,105.0,"(P) Planned for installation, but regulatory approvals not initiated",P,2030,12
67738,Fermi America,69799,Project Matador Gas Plant (PMG),MS008,TX,ERCO,Natural Gas Fired Combined Cycle,NG,CA,105.0,105.0,"(P) Planned for installation, but regulatory approvals not initiated",P,2030,12
67738,Fermi America,69799,Project Matador Gas Plant (PMG),MS009,TX,ERCO,Natural Gas Fired Combined Cycle,NG,CA,105.0,105.0,"(P) Planned for installation, but regulatory approvals not initiated",P,2030,12
67738,Fermi America,69799,Project Matador Gas Plant (PMG),MS010,TX,ERCO,Natural Gas Fired Combined Cycle,NG,CA,105.0,105.0,"(P) Planned for installation, but regulatory approvals not initiated",P,2030,12
67738,Fermi America,69799,Project Matador Gas Plant (PMG),MS011,TX,ERCO,Natural Gas Fired Combined Cycle,NG,CA,105.0,105.0,"(P) Planned for installation, but regulatory approvals not initiated",P,2030,12
67738,Fermi America,69799,Project Matador Gas Plant (PMG),MS012,TX,ERCO,Natural Gas Fired Combined Cycle,NG,CA,105.0,105.0,"(P) Planned for installation, but regulatory approvals not initiated",P,2030,12
67738,Fermi America,69799,Project Matador Gas Plant (PMG),MS013,TX,ERCO,Natural Gas Fired Combined Cycle,NG,CA,105.0,105.0,"(P) Planned for installation, but regulatory approvals not initiated",P,2030,12
67738,Fermi America,69799,Project Matador Gas Plant (PMG),MS014,TX,ERCO,Natural Gas Fired Combined Cycle,NG,CA,105.0,105.0,"(P) Planned for installation, but regulatory approvals not initiated",P,2030,12
67738,Fermi America,69799,Project Matador Gas Plant (PMG),MS015,TX,ERCO,Natural Gas Fired Combined Cycle,NG,CA,105.0,105.0,"(P) Planned for installation, but regulatory approvals not initiated",P,2030,12
67738,Fermi America,69799,Project Matador Gas Plant (PMG),MS016,TX,ERCO,Natural Gas Fired Combined Cycle,NG,CA,105.0,105.0,"(P) Planned for installation, but regulatory approvals not initiated",P,2030,12
67738,Fermi America,69799,Project Matador Gas Plant (PMG),TM001,TX,ERCO,Natural Gas Fired Combustion Turbine,NG,GT,18.9,18.0,"(P) Planned for installation, but regulatory approvals not initiated",P,2027,9
67738,Fermi America,69799,Project Matador Gas Plant (PMG),TM002,TX,ERCO,Natural Gas Fired Combustion Turbine,NG,GT,18.9,18.0,"(P) Planned for installation, but regulatory approvals not initiated",P,2027,9
67738,Fermi America,69799,Project Matador Gas Plant (PMG),TM003,TX,ERCO,Natural Gas Fired Combustion Turbine,NG,GT,18.9,18.0,"(P) Planned for installation, but regulatory approvals not initiated",P,2027,9
67738,Fermi America,69799,Project Matador Gas Plant (PMG),TM004,TX,ERCO,Natural Gas Fired Combustion Turbine,NG,GT,18.9,18.0,"(P) Planned for installation, but regulatory approvals not initiated",P,2027,9
67738,Fermi America,69799,Project Matador Gas Plant (PMG),TM005,TX,ERCO,Natural Gas Fired Combustion Turbine,NG,GT,18.9,18.0,"(P) Planned for installation, but regulatory approvals not initiated",P,2027,9
67738,Fermi America,69799,Project Matador Gas Plant (PMG),TM006,TX,ERCO,Natural Gas Fired Combustion Turbine,NG,GT,18.9,18.0,"(P) Planned for installation, but regulatory approvals not initiated",P,2027,9
67738,Fermi America,69799,Project Matador Gas Plant (PMG),TM007,TX,ERCO,Natural Gas Fired Combustion Turbine,NG,GT,18.9,18.0,"(P) Planned for installation, but regulatory approvals not initiated",P,2027,9
67734,ENGIE Distributed Renewables Development LLC,69804,Menard 1,MEPV1,IL,MISO,Solar Photovoltaic,SUN,PV,2.8,2.8,"(U) Under construction, less than or equal to 50 percent complete",U,2027,9
67734,ENGIE Distributed Renewables Development LLC,69805,Rockford Plant 7,RFRD7,IL,PJM,Solar Photovoltaic,SUN,PV,1.5,1.5,"(U) Under construction, less than or equal to 50 percent complete",U,2027,3
67735,Matrix Renewables,69806,"Gaskell West Storage 1, LLC",GWBS1,CA,CISO,Batteries,MWH,BA,21.6,21.6,"(TS) Construction complete, but not yet in commercial operation",TS,2026,9
67734,ENGIE Distributed Renewables Development LLC,69807,Windsor Locks,WNSRL,CT,ISNE,Solar Photovoltaic,SUN,PV,1.8,1.8,"(U) Under construction, less than or equal to 50 percent complete",U,2026,11
13337,Nebraska Public Power District,69808,Princeton Road Station,CT1,NE,SWPP,Natural Gas Fired Combustion Turbine,NG,GT,265.4,239.6,"(P) Planned for installation, but regulatory approvals not initiated",P,2029,12
13337,Nebraska Public Power District,69808,Princeton Road Station,CT2,NE,SWPP,Natural Gas Fired Combustion Turbine,NG,GT,265.4,239.6,"(P) Planned for installation, but regulatory approvals not initiated",P,2029,12
13337,Nebraska Public Power District,69808,Princeton Road Station,R01,NE,SWPP,Natural Gas Internal Combustion Engine,NG,IC,18.1,18.1,"(P) Planned for installation, but regulatory approvals not initiated",P,2029,6
13337,Nebraska Public Power District,69808,Princeton Road Station,R02,NE,SWPP,Natural Gas Internal Combustion Engine,NG,IC,18.1,18.1,"(P) Planned for installation, but regulatory approvals not initiated",P,2029,6
13337,Nebraska Public Power District,69808,Princeton Road Station,R03,NE,SWPP,Natural Gas Internal Combustion Engine,NG,IC,18.1,18.1,"(P) Planned for installation, but regulatory approvals not initiated",P,2029,6
13337,Nebraska Public Power District,69808,Princeton Road Station,R04,NE,SWPP,Natural Gas Internal Combustion Engine,NG,IC,18.1,18.1,"(P) Planned for installation, but regulatory approvals not initiated",P,2029,6
13337,Nebraska Public Power District,69808,Princeton Road Station,R05,NE,SWPP,Natural Gas Internal Combustion Engine,NG,IC,18.1,18.1,"(P) Planned for installation, but regulatory approvals not initiated",P,2029,6
13337,Nebraska Public Power District,69808,Princeton Road Station,R06,NE,SWPP,Natural Gas Internal Combustion Engine,NG,IC,18.1,18.1,"(P) Planned for installation, but regulatory approvals not initiated",P,2029,6
13337,Nebraska Public Power District,69808,Princeton Road Station,R07,NE,SWPP,Natural Gas Internal Combustion Engine,NG,IC,18.1,18.1,"(P) Planned for installation, but regulatory approvals not initiated",P,2029,6
13337,Nebraska Public Power District,69808,Princeton Road Station,R08,NE,SWPP,Natural Gas Internal Combustion Engine,NG,IC,18.1,18.1,"(P) Planned for installation, but regulatory approvals not initiated",P,2029,6
13337,Nebraska Public Power District,69808,Princeton Road Station,R09,NE,SWPP,Natural Gas Internal Combustion Engine,NG,IC,18.1,18.1,"(P) Planned for installation, but regulatory approvals not initiated",P,2029,6
13337,Nebraska Public Power District,69808,Princeton Road Station,R10,NE,SWPP,Natural Gas Internal Combustion Engine,NG,IC,18.1,18.1,"(P) Planned for installation, but regulatory approvals not initiated",P,2029,6
13337,Nebraska Public Power District,69808,Princeton Road Station,R11,NE,SWPP,Natural Gas Internal Combustion Engine,NG,IC,18.1,18.1,"(P) Planned for installation, but regulatory approvals not initiated",P,2029,6
13337,Nebraska Public Power District,69808,Princeton Road Station,R12,NE,SWPP,Natural Gas Internal Combustion Engine,NG,IC,18.1,18.1,"(P) Planned for installation, but regulatory approvals not initiated",P,2029,6
67717,"Northern Divide Energy Storage, LLC",69809,Northern Divide Energy Storage,5756,ND,SWPP,Batteries,MWH,BA,100.0,100.0,"(V) Under construction, more than 50 percent complete",V,2026,12
67741,"SV CSG Mahomet, LLC",69810,SV CSG Mahomet,MAHOM,IL,MISO,Solar Photovoltaic,SUN,PV,3.5,3.5,(L) Regulatory approvals pending. Not under construction,L,2027,9
67742,"SV CSG Angelly 1, LLC",69811,SV CSG Angelly 1,ANGEL,IL,MISO,Solar Photovoltaic,SUN,PV,3.6,3.6,"(V) Under construction, more than 50 percent complete",V,2026,11
67743,"SV CSG Brownstown 1, LLC",69812,SV CSG Brownstown 1,BROWN,IL,MISO,Solar Photovoltaic,SUN,PV,1.0,1.0,"(U) Under construction, less than or equal to 50 percent complete",U,2027,2
67744,"Argenta Solar, LLC",69813,Argenta Solar,ARGEN,IL,MISO,Solar Photovoltaic,SUN,PV,1.5,1.5,"(U) Under construction, less than or equal to 50 percent complete",U,2026,11
67745,"SV CSG Sun Trust Solar, LLC",69814,SV CSG Sun Trust Solar,SUNSO,IL,PJM,Solar Photovoltaic,SUN,PV,5.0,5.0,"(U) Under construction, less than or equal to 50 percent complete",U,2027,2
67746,"SV CSG Kingston Solar 1, LLC",69815,SV CSG Kingston Solar 1,KINGS,IL,PJM,Solar Photovoltaic,SUN,PV,5.0,5.0,"(U) Under construction, less than or equal to 50 percent complete",U,2026,12
67747,"SV CSG Wilson School Solar, LLC",69816,SV CSG Wilson School Solar,WILSN,IL,PJM,Solar Photovoltaic,SUN,PV,5.0,5.0,(T) Regulatory approvals received. Not under construction,T,2027,4
67748,"SV CSG St Anne 1, LLC",69817,SV CSG St Anne 1,SANNE,IL,PJM,Solar Photovoltaic,SUN,PV,5.0,5.0,(T) Regulatory approvals received. Not under construction,T,2027,7
67749,"SV CSG North Creek 1, LLC",69818,SV CSG North Creek 1,NCREK,IL,PJM,Solar Photovoltaic,SUN,PV,2.1,2.1,(T) Regulatory approvals received. Not under construction,T,2027,6
67734,ENGIE Distributed Renewables Development LLC,69819,Trenton Solar - (OH),TRNTN,OH,PJM,Solar Photovoltaic,SUN,PV,9.5,9.5,"(U) Under construction, less than or equal to 50 percent complete",U,2027,5
67750,"Grace Orchard Interconnection, LLC",69820,Grace Energy Center,GRA1,CA,CISO,Solar Photovoltaic,SUN,PV,500.0,500.0,(L) Regulatory approvals pending. Not under construction,L,2027,8
67750,"Grace Orchard Interconnection, LLC",69820,Grace Energy Center,GRA2,CA,CISO,Batteries,MWH,BA,500.0,500.0,(L) Regulatory approvals pending. Not under construction,L,2027,10
67740,"SV CSG South Roxana, LLC",69821,SV CSG South Roxana,SROX,IL,MISO,Solar Photovoltaic,SUN,PV,5.0,5.0,(L) Regulatory approvals pending. Not under construction,L,2027,9
67739,"Cabokenze Energy Storage, LLC",69823,Cabokenze Energy Storage,CABOK,GA,SOCO,Batteries,MWH,BA,76.0,76.0,"(P) Planned for installation, but regulatory approvals not initiated",P,2027,11
67756,"Madden Creek Solar, LLC",69825,Madden Creek Solar,MADCR,IL,MISO,Solar Photovoltaic,SUN,PV,5.0,5.0,(T) Regulatory approvals received. Not under construction,T,2027,4
65677,Dimension Energy LLC,69828,"Mexico PV, LLC",MEXIC,NY,NYIS,Solar Photovoltaic,SUN,PV,4.5,4.5,"(V) Under construction, more than 50 percent complete",V,2026,9
65677,Dimension Energy LLC,69834,Avon CSG 2 LLC,AVON2,NY,NYIS,Solar Photovoltaic,SUN,PV,4.1,4.1,"(TS) Construction complete, but not yet in commercial operation",TS,2026,8
65677,Dimension Energy LLC,69837,"Falconhead Solar, LLC",FALCH,IL,PJM,Solar Photovoltaic,SUN,PV,5.0,5.0,"(U) Under construction, less than or equal to 50 percent complete",U,2026,10
65677,Dimension Energy LLC,69841,"Bluestar Solar Project, LLC",BLUST,IL,MISO,Solar Photovoltaic,SUN,PV,5.0,5.0,"(U) Under construction, less than or equal to 50 percent complete",U,2026,8
65677,Dimension Energy LLC,69842,Carneys Point Solar 1 LLC,CARN1,NJ,PJM,Solar Photovoltaic,SUN,PV,3.0,3.0,"(U) Under construction, less than or equal to 50 percent complete",U,2026,9
65677,Dimension Energy LLC,69844,"Horseshoe Solar Project, LLC",HORSE,IL,MISO,Solar Photovoltaic,SUN,PV,5.0,5.0,"(V) Under construction, more than 50 percent complete",V,2026,8
65677,Dimension Energy LLC,69847,Spillertown CSG 2 LLC,SPIL2,IL,MISO,Solar Photovoltaic,SUN,PV,5.0,5.0,"(V) Under construction, more than 50 percent complete",V,2026,9
65677,Dimension Energy LLC,69848,Spillertown CSG 1 LLC,SPIL1,IL,MISO,Solar Photovoltaic,SUN,PV,5.0,5.0,"(V) Under construction, more than 50 percent complete",V,2026,8
65677,Dimension Energy LLC,69852,"McCray Solar 1, LLC",MCCR1,IL,MISO,Solar Photovoltaic,SUN,PV,5.0,5.0,"(U) Under construction, less than or equal to 50 percent complete",U,2026,9
65677,Dimension Energy LLC,69854,"TJA-NY-1806 Perth Rd Galway, LLC",GLWAY,NY,NYIS,Solar Photovoltaic,SUN,PV,3.3,3.3,"(TS) Construction complete, but not yet in commercial operation",TS,2026,9
65677,Dimension Energy LLC,69855,"Pomfret PV, LLC",POMFR,NY,NYIS,Solar Photovoltaic,SUN,PV,3.0,3.0,"(TS) Construction complete, but not yet in commercial operation",TS,2026,10
67760,Libra Solar LLC,69857,Libra Solar,LBRBS,NV,NEVP,Batteries,MWH,BA,700.0,700.0,"(U) Under construction, less than or equal to 50 percent complete",U,2027,12
67760,Libra Solar LLC,69857,Libra Solar,LBRPV,NV,NEVP,Solar Photovoltaic,SUN,PV,700.0,700.0,"(U) Under construction, less than or equal to 50 percent complete",U,2027,12
62836,Navisun LLC,69859,Murphysboro 1,MURP1,IL,PJM,Solar Photovoltaic,SUN,PV,5.0,5.0,(T) Regulatory approvals received. Not under construction,T,2027,10
62836,Navisun LLC,69860,Murphysboro 2,MURP2,IL,PJM,Solar Photovoltaic,SUN,PV,1.3,1.3,(T) Regulatory approvals received. Not under construction,T,2027,10
62836,Navisun LLC,69861,Norris City 2,NORR2,IL,PJM,Solar Photovoltaic,SUN,PV,3.2,3.2,(T) Regulatory approvals received. Not under construction,T,2027,10
62836,Navisun LLC,69862,Galva School,GALF,IL,PJM,Solar Photovoltaic,SUN,PV,1.5,1.5,"(P) Planned for installation, but regulatory approvals not initiated",P,2027,10
67494,On Energy Storage,69864,Colorado Clean Energy Center (BESS),COBA1,TX,ERCO,Batteries,MWH,BA,10.1,10.1,"(V) Under construction, more than 50 percent complete",V,2026,12
67494,On Energy Storage,69865,Columbus Clean Energy Center (BESS),CLBA1,TX,ERCO,Batteries,MWH,BA,10.1,10.1,"(V) Under construction, more than 50 percent complete",V,2026,11
67494,On Energy Storage,69866,Matagorda Clean Energy Center (BESS),MGBA1,TX,ERCO,Batteries,MWH,BA,10.1,10.1,"(V) Under construction, more than 50 percent complete",V,2026,12
67722,"SR Shelby II, LLC",69867,"SR Shelby II, LLC",SHEII,TN,TVA,Solar Photovoltaic,SUN,PV,6.0,6.0,(T) Regulatory approvals received. Not under construction,T,2028,2
12670,Missouri Jnt Muni.Pwr Elec. Ut. Comm.,69868,Fulton Energy Center,UNIT1,MO,MISO,Natural Gas Fired Combustion Turbine,NG,GT,16.5,15.1,"(P) Planned for installation, but regulatory approvals not initiated",P,2027,12
12670,Missouri Jnt Muni.Pwr Elec. Ut. Comm.,69869,Hannibal Energy Center,UNIT1,MO,MISO,Natural Gas Fired Combustion Turbine,NG,GT,38.0,32.2,"(P) Planned for installation, but regulatory approvals not initiated",P,2029,6
12670,Missouri Jnt Muni.Pwr Elec. Ut. Comm.,69869,Hannibal Energy Center,UNIT2,MO,MISO,Natural Gas Fired Combustion Turbine,NG,GT,38.0,32.2,"(P) Planned for installation, but regulatory approvals not initiated",P,2029,6
13683,North Carolina El Member Corp,69870,Parkwood BESS,BAT1,NC,DUK,Batteries,MWH,BA,11.6,11.6,"(V) Under construction, more than 50 percent complete",V,2026,12
13683,North Carolina El Member Corp,69871,Tanglewood BESS,BAT1,NC,PJM,Batteries,MWH,BA,3.9,3.9,"(V) Under construction, more than 50 percent complete",V,2026,12
13683,North Carolina El Member Corp,69872,Windsor BESS,BAT1,NC,PJM,Batteries,MWH,BA,3.9,3.9,"(V) Under construction, more than 50 percent complete",V,2026,12
15466,Public Service Co of Colorado,69873,Cheyenne Ridge II,CRW02,CO,PSCO,Onshore Wind Turbine,WND,WT,438.0,438.0,"(U) Under construction, less than or equal to 50 percent complete",U,2027,6
62759,Geronimo Power,69874,"Bee Hollow Solar, LLC",BHSF,IL,MISO,Solar Photovoltaic,SUN,PV,150.0,150.0,"(V) Under construction, more than 50 percent complete",V,2026,11
67764,AP Solar 4 LLC,69877,Charger Solar,CHPV1,TX,ERCO,Solar Photovoltaic,SUN,PV,394.4,394.4,"(TS) Construction complete, but not yet in commercial operation",TS,2026,9
67718,"Emmons-Logan Energy Storage, LLC",69878,Emmons-Logan Energy Storage,5869,ND,MISO,Batteries,MWH,BA,140.0,140.0,"(V) Under construction, more than 50 percent complete",V,2026,12
64260,Nextera Energy Resources,69879,Ninnescah Flats Solar,N3884,KS,SWPP,Solar Photovoltaic,SUN,PV,201.6,201.6,"(TS) Construction complete, but not yet in commercial operation",TS,2026,12
67767,USS Hermanas Solar LLC,69881,USS Hermanas Solar,USHER,NM,PNM,Solar Photovoltaic,SUN,PV,3.3,3.3,"(U) Under construction, less than or equal to 50 percent complete",U,2026,12
67768,USS Middle Solar LLC,69882,USS Middle Solar,USMID,IL,PJM,Solar Photovoltaic,SUN,PV,5.0,5.0,"(U) Under construction, less than or equal to 50 percent complete",U,2026,12
67769,USS Jornada Solar LLC,69883,USS Jornada Solar,USJOR,NM,PNM,Solar Photovoltaic,SUN,PV,5.0,5.0,"(U) Under construction, less than or equal to 50 percent complete",U,2026,12
67770,USS Meadow Lake Solar LLC,69884,USS Meadow Lake Solar,USMED,NM,PNM,Solar Photovoltaic,SUN,PV,3.0,3.0,"(U) Under construction, less than or equal to 50 percent complete",U,2026,12
67765,USS Mourning Lane,69885,USS Mourning,USMOU,IL,PJM,Solar Photovoltaic,SUN,PV,2.0,2.0,"(U) Under construction, less than or equal to 50 percent complete",U,2026,12
67766,USS Swank Solar LLC,69886,USS Swank Solar,USSWA,IL,PJM,Solar Photovoltaic,SUN,PV,1.0,1.0,"(V) Under construction, more than 50 percent complete",V,2026,10
62759,Geronimo Power,69887,"Portage Solar, LLC",PRTGS,WI,MISO,Solar Photovoltaic,SUN,PV,250.0,250.0,"(U) Under construction, less than or equal to 50 percent complete",U,2027,7
67771,USS Fletcher Solar LLC,69888,USS Fletcher Solar,USFLE,NM,PNM,Solar Photovoltaic,SUN,PV,1.7,1.7,"(U) Under construction, less than or equal to 50 percent complete",U,2026,10
67772,USS Gold Solar LLC,69889,USS Gold Solar,USGOL,NM,PNM,Solar Photovoltaic,SUN,PV,4.3,4.3,"(U) Under construction, less than or equal to 50 percent complete",U,2026,12
12670,Missouri Jnt Muni.Pwr Elec. Ut. Comm.,69890,Marshall Energy Center,UNIT1,MO,SWPP,Natural Gas Fired Combustion Turbine,NG,GT,23.1,19.9,"(V) Under construction, more than 50 percent complete",V,2026,12
12670,Missouri Jnt Muni.Pwr Elec. Ut. Comm.,69890,Marshall Energy Center,UNIT2,MO,SWPP,Natural Gas Fired Combustion Turbine,NG,GT,23.1,19.9,"(V) Under construction, more than 50 percent complete",V,2026,12
12670,Missouri Jnt Muni.Pwr Elec. Ut. Comm.,69890,Marshall Energy Center,UNIT3,MO,SWPP,Natural Gas Fired Combustion Turbine,NG,GT,38.0,33.7,(T) Regulatory approvals received. Not under construction,T,2028,12
12670,Missouri Jnt Muni.Pwr Elec. Ut. Comm.,69890,Marshall Energy Center,UNIT4,MO,SWPP,Natural Gas Fired Combustion Turbine,NG,GT,38.0,33.7,(T) Regulatory approvals received. Not under construction,T,2028,12
65869,Prologis Logistics Services Incorporated,69891,Torrance Dis Ctr 2 - SLLAX100,LA100,CA,CISO,Solar Photovoltaic,SUN,PV,1.4,1.4,"(TS) Construction complete, but not yet in commercial operation",TS,2026,9
67776,Oak Valley Solar LLC,69892,Oak Valley Solar,OAK,TX,ERCO,Solar Photovoltaic,SUN,PV,251.3,251.3,"(P) Planned for installation, but regulatory approvals not initiated",P,2029,9
67777,"HQCA Energy Solutions, LLC",69894,E 1300 Street Solar LLC,13PV1,IL,MISO,Solar Photovoltaic,SUN,PV,5.0,5.0,(L) Regulatory approvals pending. Not under construction,L,2027,9
67754,"Coast Energy Holdings, LLC",69895,Gateway#1&2 (Newark CA),Gy1a2,CA,CISO,Solar Photovoltaic,SUN,PV,1.1,1.1,"(P) Planned for installation, but regulatory approvals not initiated",P,2027,4
67754,"Coast Energy Holdings, LLC",69896,7999 Gateway Solar,7999G,CA,CISO,Solar Photovoltaic,SUN,PV,4.6,4.6,"(U) Under construction, less than or equal to 50 percent complete",U,2026,9
67781,Hockley LLC,69902,Hockley,HOCKL,TX,ERCO,Batteries,MWH,BA,9.9,9.9,"(V) Under construction, more than 50 percent complete",V,2027,2
67782,East Bernard LLC,69903,East Bernard,EBERN,TX,ERCO,Batteries,MWH,BA,9.5,9.5,"(V) Under construction, more than 50 percent complete",V,2026,11
67783,Pledger LLC,69904,Pledger,PLEDG,TX,ERCO,Batteries,MWH,BA,9.5,9.5,"(V) Under construction, more than 50 percent complete",V,2026,11
67720,Stellar Renewable Power,69925,Stellar Wright BESS,SWBA1,CA,CISO,Batteries,MWH,BA,84.8,80.0,"(V) Under construction, more than 50 percent complete",V,2026,10
67780,Weirs Creek Solar LLC,69929,Weirs Creek,WC001,KY,MISO,Solar Photovoltaic,SUN,PV,150.0,150.0,"(U) Under construction, less than or equal to 50 percent complete",U,2027,5
67778,"Milford Solar Phase II, LLC",69930,Milford Solar Phase II,MS2,UT,LDWP,Solar Photovoltaic,SUN,PV,310.0,310.0,"(U) Under construction, less than or equal to 50 percent complete",U,2027,9
66783,"OneEnergy, Inc.",69931,Bjorn,BJORN,WI,MISO,Solar Photovoltaic,SUN,PV,5.0,5.0,"(V) Under construction, more than 50 percent complete",V,2026,11
66783,"OneEnergy, Inc.",69932,Castle Rock Lake Solar,CSTLO,WI,MISO,Solar Photovoltaic,SUN,PV,4.5,4.5,"(V) Under construction, more than 50 percent complete",V,2026,10
66783,"OneEnergy, Inc.",69933,Clark Solar-Longwood,CLARK,WI,MISO,Solar Photovoltaic,SUN,PV,2.5,2.5,"(V) Under construction, more than 50 percent complete",V,2026,10
66783,"OneEnergy, Inc.",69934,Falun,FALUN,WI,MISO,Solar Photovoltaic,SUN,PV,2.5,2.5,"(U) Under construction, less than or equal to 50 percent complete",U,2026,12
66783,"OneEnergy, Inc.",69935,Gilman,GILMN,WI,MISO,Solar Photovoltaic,SUN,PV,3.8,3.8,"(V) Under construction, more than 50 percent complete",V,2026,11
66783,"OneEnergy, Inc.",69936,Kalmar,KALMR,MN,MISO,Solar Photovoltaic,SUN,PV,2.5,2.5,"(V) Under construction, more than 50 percent complete",V,2026,11
66783,"OneEnergy, Inc.",69937,Mondovi,MNDVI,WI,MISO,Solar Photovoltaic,SUN,PV,3.0,3.0,"(V) Under construction, more than 50 percent complete",V,2026,10
66783,"OneEnergy, Inc.",69938,Ringe,RINGE,MN,MISO,Solar Photovoltaic,SUN,PV,2.5,2.5,"(V) Under construction, more than 50 percent complete",V,2026,10
66783,"OneEnergy, Inc.",69939,Spooner,SPOON,WI,MISO,Solar Photovoltaic,SUN,PV,2.3,2.3,"(V) Under construction, more than 50 percent complete",V,2026,10
66783,"OneEnergy, Inc.",69940,Teeple Creek,TEEPL,IA,MISO,Solar Photovoltaic,SUN,PV,2.5,2.5,"(U) Under construction, less than or equal to 50 percent complete",U,2026,12
11241,Entergy Louisiana LLC,69944,Pointe Coupee Power Station,PC1A,LA,MISO,Natural Gas Fired Combined Cycle,NG,CT,469.3,435.4,"(P) Planned for installation, but regulatory approvals not initiated",P,2031,10
11241,Entergy Louisiana LLC,69944,Pointe Coupee Power Station,PC1B,LA,MISO,Natural Gas Fired Combined Cycle,NG,CA,311.0,302.8,"(P) Planned for installation, but regulatory approvals not initiated",P,2031,10
11241,Entergy Louisiana LLC,69944,Pointe Coupee Power Station,PC2A,LA,MISO,Natural Gas Fired Combined Cycle,NG,CT,469.3,435.4,"(P) Planned for installation, but regulatory approvals not initiated",P,2031,11
11241,Entergy Louisiana LLC,69944,Pointe Coupee Power Station,PC2B,LA,MISO,Natural Gas Fired Combined Cycle,NG,CA,311.0,302.8,"(P) Planned for installation, but regulatory approvals not initiated",P,2031,11
11241,Entergy Louisiana LLC,69944,Pointe Coupee Power Station,PC3A,LA,MISO,Natural Gas Fired Combined Cycle,NG,CT,469.3,435.4,"(P) Planned for installation, but regulatory approvals not initiated",P,2031,12
11241,Entergy Louisiana LLC,69944,Pointe Coupee Power Station,PC3B,LA,MISO,Natural Gas Fired Combined Cycle,NG,CA,311.0,302.8,"(P) Planned for installation, but regulatory approvals not initiated",P,2031,12
67802,"Watertown Solar, LLC",69945,Watertown Solar,WTRTN,MI,MISO,Solar Photovoltaic,SUN,PV,154.0,154.0,"(U) Under construction, less than or equal to 50 percent complete",U,2027,4
67799,Spindle Battery LLC,69946,Spindle BESS,SBA,CO,PSCO,Batteries,MWH,BA,199.0,199.0,"(V) Under construction, more than 50 percent complete",V,2026,12
67790,EDPR Scarlet III LLC,69947,EDPR Scarlet III,GEN05,CA,CISO,Batteries,MWH,BA,70.0,70.0,"(TS) Construction complete, but not yet in commercial operation",TS,2026,12
67797,"SV CSG Manteno, LLC",69948,SV CSG Manteno,MANTB,IL,PJM,Batteries,MWH,BA,5.0,5.0,(T) Regulatory approvals received. Not under construction,T,2027,8
67797,"SV CSG Manteno, LLC",69948,SV CSG Manteno,MANTO,IL,PJM,Solar Photovoltaic,SUN,PV,5.0,5.0,(T) Regulatory approvals received. Not under construction,T,2027,8
67798,"SV CSG Bloomington, LLC",69949,SV CSG Bloomington,BLOMB,IL,MISO,Batteries,MWH,BA,5.0,5.0,(T) Regulatory approvals received. Not under construction,T,2027,8
67798,"SV CSG Bloomington, LLC",69949,SV CSG Bloomington,BLOOM,IL,MISO,Solar Photovoltaic,SUN,PV,5.0,5.0,(T) Regulatory approvals received. Not under construction,T,2027,8
11241,Entergy Louisiana LLC,69952,Cypress Harvest Solar Station,CH1,LA,MISO,Solar Photovoltaic,SUN,PV,200.0,200.0,"(P) Planned for installation, but regulatory approvals not initiated",P,2028,8
11241,Entergy Louisiana LLC,69952,Cypress Harvest Solar Station,CH2,LA,MISO,Batteries,MWH,BA,200.0,200.0,"(P) Planned for installation, but regulatory approvals not initiated",P,2029,9
64366,Terra-Gen Operating Co-Hybrid,69956,Sanborn Hybrid 3,S10BS,CA,CISO,Batteries,MWH,BA,210.0,210.0,"(U) Under construction, less than or equal to 50 percent complete",U,2026,12
64366,Terra-Gen Operating Co-Hybrid,69956,Sanborn Hybrid 3,S10PV,CA,CISO,Solar Photovoltaic,SUN,PV,210.0,210.0,"(U) Under construction, less than or equal to 50 percent complete",U,2026,12
64366,Terra-Gen Operating Co-Hybrid,69956,Sanborn Hybrid 3,S8,CA,CISO,Solar Photovoltaic,SUN,PV,55.0,55.0,"(V) Under construction, more than 50 percent complete",V,2026,10
64366,Terra-Gen Operating Co-Hybrid,69956,Sanborn Hybrid 3,S9,CA,CISO,Solar Photovoltaic,SUN,PV,103.0,103.0,"(U) Under construction, less than or equal to 50 percent complete",U,2026,12
49893,Invenergy Services LLC,69963,Yellow Wood Solar Energy LLC,YLWWD,OH,PJM,Solar Photovoltaic,SUN,PV,300.0,300.0,"(U) Under construction, less than or equal to 50 percent complete",U,2027,12
64904,AES Clean Energy,69964,Baldy Mesa Storage,BALBE,CA,CISO,Batteries,MWH,BA,50.0,50.0,"(V) Under construction, more than 50 percent complete",V,2026,9
67775,Roccasecca BESS LLC,69965,Roccasecca BESS LLC,RS,NV,CISO,Batteries,MWH,BA,126.5,126.5,"(V) Under construction, more than 50 percent complete",V,2027,2
67808,"Four Mile Mesa Solar, LLC",69966,"Four Mile Mesa Solar, LLC",FMM,NM,PNM,Solar Photovoltaic,SUN,PV,100.0,100.0,"(U) Under construction, less than or equal to 50 percent complete",U,2027,7
67808,"Four Mile Mesa Solar, LLC",69966,"Four Mile Mesa Solar, LLC",FMMS,NM,PNM,Batteries,MWH,BA,100.0,100.0,"(U) Under construction, less than or equal to 50 percent complete",U,2027,7
67809,"Foxtail Flats Solar, LLC",69967,"Foxtail Flats Solar, LLC",FTB,NM,PNM,Batteries,MWH,BA,80.0,80.0,"(U) Under construction, less than or equal to 50 percent complete",U,2027,5
67809,"Foxtail Flats Solar, LLC",69967,"Foxtail Flats Solar, LLC",FTS,NM,PNM,Solar Photovoltaic,SUN,PV,170.0,170.0,"(U) Under construction, less than or equal to 50 percent complete",U,2027,6
67811,"Rumble Solar, LLC",69968,Rumble Solar,RUS,OK,SWPP,Solar Photovoltaic,SUN,PV,250.0,250.0,"(U) Under construction, less than or equal to 50 percent complete",U,2026,10
67812,"Panhandle Solar, LLC",69969,Panhandle Solar,PAS,OK,SWPP,Solar Photovoltaic,SUN,PV,102.0,102.0,"(U) Under construction, less than or equal to 50 percent complete",U,2026,12
67734,ENGIE Distributed Renewables Development LLC,69970,Maple Ridge A,MPLRA,PA,PJM,Solar Photovoltaic,SUN,PV,3.0,3.0,"(U) Under construction, less than or equal to 50 percent complete",U,2028,4
67734,ENGIE Distributed Renewables Development LLC,69971,Maple Ridge B,MPLRB,PA,PJM,Solar Photovoltaic,SUN,PV,3.0,3.0,"(U) Under construction, less than or equal to 50 percent complete",U,2028,4
67816,South Platte Solar,69972,South Platte Solar,SP150,CO,PSCO,Solar Photovoltaic,SUN,PV,150.0,150.0,"(U) Under construction, less than or equal to 50 percent complete",U,2027,12
67813,"Oso Negro, LLC",69973,Oso Negro,OSON1,NM,PNM,Batteries,MWH,BA,100.0,100.0,(T) Regulatory approvals received. Not under construction,T,2028,5
67814,"Corazon Energy Storage, LLC",69974,Corazon Energy Storage,CRZN1,NM,PNM,Batteries,MWH,BA,150.0,150.0,(T) Regulatory approvals received. Not under construction,T,2027,9
65654,Birch Creek Development,69977,Blue Branch Solar,BBPV,IL,MISO,Solar Photovoltaic,SUN,PV,35.9,35.9,"(U) Under construction, less than or equal to 50 percent complete",U,2027,1
65654,Birch Creek Development,69978,Station Solar,STPV,IL,MISO,Solar Photovoltaic,SUN,PV,40.0,40.0,"(U) Under construction, less than or equal to 50 percent complete",U,2027,8
62759,Geronimo Power,69981,"Grant Solar, LLC",GRNTS,SD,MISO,Solar Photovoltaic,SUN,PV,99.0,99.0,(L) Regulatory approvals pending. Not under construction,L,2027,10
67821,"Diamondback Solar, LLC",69982,Diamondback Solar,3569,TX,ERCO,Solar Photovoltaic,SUN,PV,200.0,200.0,(T) Regulatory approvals received. Not under construction,T,2027,12
67820,Novel Gertken Solar LLC,69983,Novel Gertken Solar LLC,GRTKN,MN,MISO,Solar Photovoltaic,SUN,PV,1.0,1.0,"(V) Under construction, more than 50 percent complete",V,2026,9
67822,"Hackberry Creek Solar, LLC",69984,Hackberry Creek Solar,6059,TX,ERCO,Solar Photovoltaic,SUN,PV,175.0,175.0,(T) Regulatory approvals received. Not under construction,T,2028,3
3046,Duke Energy Progress - (NC),69988,Warsaw 2 Energy Storage,WBA2,NC,CPLE,Batteries,MWH,BA,11.0,10.1,"(V) Under construction, more than 50 percent complete",V,2026,9
814,Entergy Arkansas LLC,69989,Arkansas Cypress Solar Station,PB1,AR,MISO,Solar Photovoltaic,SUN,PV,600.0,600.0,"(P) Planned for installation, but regulatory approvals not initiated",P,2029,1
814,Entergy Arkansas LLC,69989,Arkansas Cypress Solar Station,PB2,AR,MISO,Batteries,MWH,BA,350.0,350.0,"(P) Planned for installation, but regulatory approvals not initiated",P,2029,1
11241,Entergy Louisiana LLC,69990,Bogalusa West Solar Station,BW1,LA,MISO,Solar Photovoltaic,SUN,PV,200.0,200.0,"(P) Planned for installation, but regulatory approvals not initiated",P,2028,12
11241,Entergy Louisiana LLC,69991,Segno Solar Station,SN1,TX,MISO,Solar Photovoltaic,SUN,PV,170.0,170.0,"(P) Planned for installation, but regulatory approvals not initiated",P,2029,3
13478,"Entergy New Orleans, LLC",69992,Sherwood Forest BESS,BA1,LA,MISO,Batteries,MWH,BA,7.7,7.7,"(P) Planned for installation, but regulatory approvals not initiated",P,2027,7
11241,Entergy Louisiana LLC,69993,Votaw Solar Station,VT1,TX,MISO,Solar Photovoltaic,SUN,PV,141.0,141.0,"(P) Planned for installation, but regulatory approvals not initiated",P,2029,5
65677,Dimension Energy LLC,69994,Montour Tower Drive Solar LLC,MONTR,PA,PJM,Solar Photovoltaic,SUN,PV,3.0,3.0,(T) Regulatory approvals received. Not under construction,T,2027,9
65677,Dimension Energy LLC,69995,Muncy Creek Lime Bluff Road Solar,MUNCL,PA,PJM,Solar Photovoltaic,SUN,PV,3.0,3.0,(T) Regulatory approvals received. Not under construction,T,2027,11
65677,Dimension Energy LLC,69996,Penn Hemlock Solar LLC,HEMLK,PA,PJM,Solar Photovoltaic,SUN,PV,3.0,3.0,"(U) Under construction, less than or equal to 50 percent complete",U,2026,12
65677,Dimension Energy LLC,69997,Fast Ave Solar LLC,FASTA,IL,MISO,Solar Photovoltaic,SUN,PV,5.0,5.0,"(U) Under construction, less than or equal to 50 percent complete",U,2026,12
65677,Dimension Energy LLC,69998,Franklin White Church Road Solar LLC,WHTCH,PA,PJM,Solar Photovoltaic,SUN,PV,3.0,3.0,"(U) Under construction, less than or equal to 50 percent complete",U,2027,3
65677,Dimension Energy LLC,69999,Greenwood Bottom Road Solar LLC,GREEB,PA,PJM,Solar Photovoltaic,SUN,PV,3.0,3.0,"(U) Under construction, less than or equal to 50 percent complete",U,2027,3
65677,Dimension Energy LLC,70000,Greenwood Route 254 Solar LLC,GREER,PA,PJM,Solar Photovoltaic,SUN,PV,3.0,3.0,"(U) Under construction, less than or equal to 50 percent complete",U,2027,3
65677,Dimension Energy LLC,70001,"Harper Creek Solar, LLC",HARPC,IL,MISO,Solar Photovoltaic,SUN,PV,5.0,5.0,"(U) Under construction, less than or equal to 50 percent complete",U,2026,12
65677,Dimension Energy LLC,70002,Macedon CSG LLC,MACED,NY,NYIS,Solar Photovoltaic,SUN,PV,5.0,5.0,"(U) Under construction, less than or equal to 50 percent complete",U,2026,9
65677,Dimension Energy LLC,70003,Madison Taylor Road Solar LLC,TAYLR,PA,PJM,Solar Photovoltaic,SUN,PV,3.0,3.0,"(U) Under construction, less than or equal to 50 percent complete",U,2027,3
65677,Dimension Energy LLC,70004,Monroe Route 35 Solar LLC,MONRO,PA,PJM,Solar Photovoltaic,SUN,PV,3.0,3.0,"(U) Under construction, less than or equal to 50 percent complete",U,2026,12
65677,Dimension Energy LLC,70005,Penn Shoofly Solar LLC,SHOOF,PA,PJM,Solar Photovoltaic,SUN,PV,3.0,3.0,(T) Regulatory approvals received. Not under construction,T,2027,5
65677,Dimension Energy LLC,70006,Perry Route 104 Solar LLC,PERRR,PA,PJM,Solar Photovoltaic,SUN,PV,3.0,3.0,"(U) Under construction, less than or equal to 50 percent complete",U,2026,12
65677,Dimension Energy LLC,70007,Richmond Road Solar LLC,RICHR,VA,PJM,Solar Photovoltaic,SUN,PV,5.0,5.0,(T) Regulatory approvals received. Not under construction,T,2027,6
65677,Dimension Energy LLC,70008,West Perry Planing Mill Road Solar LLC,WPERR,PA,PJM,Solar Photovoltaic,SUN,PV,3.0,3.0,"(U) Under construction, less than or equal to 50 percent complete",U,2027,2
65677,Dimension Energy LLC,70009,"Willis Solar 1, LLC - (IL)",WILL1,IL,MISO,Solar Photovoltaic,SUN,PV,5.0,5.0,"(U) Under construction, less than or equal to 50 percent complete",U,2027,1
67827,Pescara 1 Solar LLC,70010,Pescara 1,167,NY,NYIS,Solar Photovoltaic,SUN,PV,4.9,4.9,"(U) Under construction, less than or equal to 50 percent complete",U,2026,9
67828,Pescara 2 Solar LLC,70011,Pescara 2,168,NY,NYIS,Solar Photovoltaic,SUN,PV,4.9,4.9,"(U) Under construction, less than or equal to 50 percent complete",U,2026,9
65869,Prologis Logistics Services Incorporated,70012,Redlands DC 9 - sline609,BA609,CA,CISO,Batteries,MWH,BA,2.4,2.4,"(U) Under construction, less than or equal to 50 percent complete",U,2026,11
65869,Prologis Logistics Services Incorporated,70012,Redlands DC 9 - sline609,IN609,CA,CISO,Solar Photovoltaic,SUN,PV,2.6,2.6,"(U) Under construction, less than or equal to 50 percent complete",U,2026,11
67836,"SL Portland Community, LLC",70018,"SL Portland Community, LLC",23216,NY,NYIS,Solar Photovoltaic,SUN,PV,3.5,3.5,"(U) Under construction, less than or equal to 50 percent complete",U,2027,2
67837,"SL Portland Community 2, LLC",70019,"SL Portland Community 2, LLC",23221,NY,NYIS,Solar Photovoltaic,SUN,PV,3.8,3.8,"(U) Under construction, less than or equal to 50 percent complete",U,2027,2
67838,Pinopolis BESS LLC,70020,Pinopolis BESS,1,SC,SC,Batteries,MWH,BA,300.0,300.0,"(P) Planned for installation, but regulatory approvals not initiated",P,2027,9
65815,Sunraycer Assets I LLC,70021,Staccato BESS,STACB,TX,ERCO,Batteries,MWH,BA,200.5,200.5,"(U) Under construction, less than or equal to 50 percent complete",U,2027,4
49893,Invenergy Services LLC,70022,Decoy Solar Energy LLC,DCYSO,AR,MISO,Solar Photovoltaic,SUN,PV,155.0,155.0,"(U) Under construction, less than or equal to 50 percent complete",U,2027,12
49893,Invenergy Services LLC,70023,Edgecombe Solar LLC,EDGCM,NC,PJM,Solar Photovoltaic,SUN,PV,75.0,75.0,"(U) Under construction, less than or equal to 50 percent complete",U,2027,9
65677,Dimension Energy LLC,70024,Beaver Gross Road Solar LLC,BEAVE,PA,PJM,Solar Photovoltaic,SUN,PV,3.0,3.0,(T) Regulatory approvals received. Not under construction,T,2028,3
65677,Dimension Energy LLC,70025,Cincinnati CSG 1 LLC,CINC1,IL,MISO,Solar Photovoltaic,SUN,PV,5.0,5.0,"(U) Under construction, less than or equal to 50 percent complete",U,2026,10
65677,Dimension Energy LLC,70026,Cincinnati CSG 2 LLC,CINC2,IL,MISO,Solar Photovoltaic,SUN,PV,5.0,5.0,"(U) Under construction, less than or equal to 50 percent complete",U,2026,10
65677,Dimension Energy LLC,70027,Cortland CSG 2 LLC,CORT2,NY,NYIS,Solar Photovoltaic,SUN,PV,5.0,5.0,"(U) Under construction, less than or equal to 50 percent complete",U,2026,10
65677,Dimension Energy LLC,70028,Delaware Conrath Road Solar LLC,CONRR,PA,PJM,Solar Photovoltaic,SUN,PV,3.0,3.0,(T) Regulatory approvals received. Not under construction,T,2028,3
65677,Dimension Energy LLC,70029,East Windsor Solar 1 LLC,EWIN1,NJ,PJM,Solar Photovoltaic,SUN,PV,1.4,1.4,(T) Regulatory approvals received. Not under construction,T,2027,3
65677,Dimension Energy LLC,70030,Fabius CSG LLC,FABIU,NY,NYIS,Solar Photovoltaic,SUN,PV,5.0,5.0,"(U) Under construction, less than or equal to 50 percent complete",U,2026,11
65677,Dimension Energy LLC,70031,"Zebrawood Solar, LLC",ZEBRA,IL,MISO,Solar Photovoltaic,SUN,PV,2.5,2.5,"(U) Under construction, less than or equal to 50 percent complete",U,2026,10
65677,Dimension Energy LLC,70032,Liberty Keefer Mill Road Solar LLC,KEEFE,PA,PJM,Solar Photovoltaic,SUN,PV,3.0,3.0,(T) Regulatory approvals received. Not under construction,T,2028,6
67835,White Tank Energy Storage LLC,70033,White Tank Energy Storage,WT001,AZ,AZPS,Batteries,MWH,BA,100.0,100.0,"(U) Under construction, less than or equal to 50 percent complete",U,2027,3
67834,"Evlou Solar, LLC",70034,"Evlou Solar, LLC",ES,TX,EPE,Solar Photovoltaic,SUN,PV,250.0,250.0,"(U) Under construction, less than or equal to 50 percent complete",U,2028,1
67834,"Evlou Solar, LLC",70034,"Evlou Solar, LLC",ESS,TX,EPE,Batteries,MWH,BA,250.0,250.0,"(U) Under construction, less than or equal to 50 percent complete",U,2028,1
67833,"North Star Energy Storage, LLC",70035,"North Star Energy Storage, LLC",NSES,MN,MISO,Batteries,MWH,BA,80.0,80.0,"(U) Under construction, less than or equal to 50 percent complete",U,2027,4
60531,Standard Solar,70046,OER IL - Groundhog,GNDHG,IL,PJM,Solar Photovoltaic,SUN,PV,2.0,2.0,"(TS) Construction complete, but not yet in commercial operation",TS,2026,9
67843,NextEra Energy Resources - ERCOT,70047,Selenite Springs Solar,SSPV,TX,ERCO,Solar Photovoltaic,SUN,PV,250.0,250.0,(L) Regulatory approvals pending. Not under construction,L,2027,12
67844,WEC: City of Milwaukee - Airport Expansion,70048,City of Milwaukee- Airport Expansion,AIREX,WI,MISO,Solar Photovoltaic,SUN,PV,4.6,4.6,"(V) Under construction, more than 50 percent complete",V,2026,9
67845,Sierra Solar LLC,70049,Sierra Solar,NUCPV,AZ,WALC,Solar Photovoltaic,SUN,PV,25.0,25.0,(T) Regulatory approvals received. Not under construction,T,2027,6
67846,Drennan Energy Storage LLC,70050,Drennan Energy Storage,DRENN,CO,SWPP,Batteries,MWH,BA,100.0,100.0,(L) Regulatory approvals pending. Not under construction,L,2028,3
67847,Kearsarge Grissom LLC,70051,Kearsarge Grissom,GRISS,NH,ISNE,Solar Photovoltaic,SUN,PV,4.0,4.0,"(TS) Construction complete, but not yet in commercial operation",TS,2026,9
67848,"South Platte Storage, LLC",70053,South Platte Storage,SP250,CO,PSCO,Batteries,MWH,BA,250.0,250.0,"(U) Under construction, less than or equal to 50 percent complete",U,2027,6
15399,Avangrid Power LLC,70055,Allen Acres Solar,AA1,IL,PJM,Solar Photovoltaic,SUN,PV,150.0,150.0,"(P) Planned for installation, but regulatory approvals not initiated",P,2029,5
67855,CVE US PA Bigler 409 LLC,70075,Bigler - PA 0409 (Flango 1),409,PA,PJM,Solar Photovoltaic,SUN,PV,3.0,3.0,"(U) Under construction, less than or equal to 50 percent complete",U,2027,11
67856,CVE US PA Bigler 436 LLC,70076,Bigler - PA 0436 (Flango 2),436,PA,PJM,Solar Photovoltaic,SUN,PV,3.0,3.0,"(U) Under construction, less than or equal to 50 percent complete",U,2028,2
67857,CVE US PA Bigler 437 LLC,70077,Bigler - PA 0437 (Flango 3),437,PA,PJM,Solar Photovoltaic,SUN,PV,3.0,3.0,"(U) Under construction, less than or equal to 50 percent complete",U,2027,12
67858,CVE US PA Bigler 438 LLC,70078,Bigler - PA 0438 (Flango 4),438,PA,PJM,Solar Photovoltaic,SUN,PV,2.0,2.0,"(U) Under construction, less than or equal to 50 percent complete",U,2027,12
67859,CVE US PA BUCKINGHAM 151 LLC,70079,Buckingham - PA 0151 (Crea),151,PA,PJM,Solar Photovoltaic,SUN,PV,3.0,3.0,"(U) Under construction, less than or equal to 50 percent complete",U,2027,11
67860,CVE US PA Burrell 396 LLC,70080,Burrell - PA 0396 (Copeland),396,PA,PJM,Solar Photovoltaic,SUN,PV,3.0,3.0,"(U) Under construction, less than or equal to 50 percent complete",U,2027,11
67861,CVE US PA Dayton 379 LLC,70081,CVE US PA Dayton 379,379,PA,PJM,Solar Photovoltaic,SUN,PV,3.0,3.0,"(U) Under construction, less than or equal to 50 percent complete",U,2027,11
67862,CVE US PA Dayton 404 LLC,70082,Dayton - PA 0404 (Good East),404,PA,PJM,Solar Photovoltaic,SUN,PV,2.5,2.5,"(U) Under construction, less than or equal to 50 percent complete",U,2027,12
67863,CVE US PA Jones 399 LLC,70083,Jones - PA 0399 (Rhodes),399,PA,PJM,Solar Photovoltaic,SUN,PV,3.0,3.0,"(U) Under construction, less than or equal to 50 percent complete",U,2027,11
67864,"Alligator Creek Solar, LLC",70084,Alligator Creek Solar,AC,GA,SOCO,Solar Photovoltaic,SUN,PV,80.0,80.0,"(V) Under construction, more than 50 percent complete",V,2026,9
67865,"Murch Solar, LLC",70089,"Murch Solar, LLC",MURCH,MI,PJM,Solar Photovoltaic,SUN,PV,85.0,85.0,"(V) Under construction, more than 50 percent complete",V,2027,1
67867,"Snapdragon Solar, LLC",70090,"Snapdragon Solar, LLC",SNPDR,IL,MISO,Solar Photovoltaic,SUN,PV,28.0,28.0,"(TS) Construction complete, but not yet in commercial operation",TS,2026,12
67868,"Two Blues Solar, LLC",70092,"Two Blues Solar, LLC",2BLUE,IL,MISO,Solar Photovoltaic,SUN,PV,40.0,40.0,"(V) Under construction, more than 50 percent complete",V,2027,1
67869,"Delaware Ranch Solar, LLC",70093,Wallace Solar - (TX),WSPV1,TX,ERCO,Solar Photovoltaic,SUN,PV,36.0,36.0,"(TS) Construction complete, but not yet in commercial operation",TS,2026,11
65869,Prologis Logistics Services Incorporated,70095,Perris DC 5 - sline015,IN015,CA,CISO,Solar Photovoltaic,SUN,PV,1.6,1.6,"(TS) Construction complete, but not yet in commercial operation",TS,2026,9
13781,Northern States Power Co - Minnesota,70097,Sherco BESS,SSB,MN,MISO,Batteries,MWH,BA,300.0,300.0,"(U) Under construction, less than or equal to 50 percent complete",U,2027,12
13781,Northern States Power Co - Minnesota,70097,Sherco BESS,SWB,MN,MISO,Batteries,MWH,BA,300.0,300.0,"(U) Under construction, less than or equal to 50 percent complete",U,2027,11
13781,Northern States Power Co - Minnesota,70098,Blue Lake BESS,BEB,MN,MISO,Batteries,MWH,BA,135.5,135.5,"(U) Under construction, less than or equal to 50 percent complete",U,2027,5
65539,Pivot Energy,70099,Pivot Energy IL 7 LLC,IL007,IL,MISO,Solar Photovoltaic,SUN,PV,1.4,1.4,"(V) Under construction, more than 50 percent complete",V,2026,9
65539,Pivot Energy,70100,Pivot Energy IL 70 LLC,IL070,IL,PJM,Solar Photovoltaic,SUN,PV,5.0,5.0,"(V) Under construction, more than 50 percent complete",V,2027,2
65539,Pivot Energy,70101,Pivot Energy PPA 29 LLC,PA29B,CA,CISO,Batteries,MWH,BA,0.1,0.1,"(V) Under construction, more than 50 percent complete",V,2026,11
65539,Pivot Energy,70101,Pivot Energy PPA 29 LLC,PPA29,CA,CISO,Solar Photovoltaic,SUN,PV,2.2,2.2,"(V) Under construction, more than 50 percent complete",V,2026,11
65539,Pivot Energy,70102,Pivot Solar 33 LLC,PS33,CO,PSCO,Solar Photovoltaic,SUN,PV,5.0,5.0,"(V) Under construction, more than 50 percent complete",V,2027,1
65539,Pivot Energy,70103,Pivot Solar 43 LLC,PS43,CO,PSCO,Solar Photovoltaic,SUN,PV,3.5,3.5,"(V) Under construction, more than 50 percent complete",V,2026,9
65539,Pivot Energy,70104,Pivot Solar 53 LLC,PS53,CO,PSCO,Solar Photovoltaic,SUN,PV,4.0,4.0,"(V) Under construction, more than 50 percent complete",V,2026,11
60059,ZGlobal Inc,70105,Gardenia 1,GDNAB,CA,CISO,Batteries,MWH,BA,3.0,3.0,"(P) Planned for installation, but regulatory approvals not initiated",P,2027,6
60059,ZGlobal Inc,70105,Gardenia 1,GDNAS,CA,CISO,Solar Photovoltaic,SUN,PV,3.0,3.0,"(P) Planned for installation, but regulatory approvals not initiated",P,2027,6
60059,ZGlobal Inc,70106,Jade Solar 3,JADEB,CA,CISO,Batteries,MWH,BA,1.5,1.5,"(P) Planned for installation, but regulatory approvals not initiated",P,2027,6
60059,ZGlobal Inc,70106,Jade Solar 3,JADES,CA,CISO,Solar Photovoltaic,SUN,PV,1.5,1.5,"(P) Planned for installation, but regulatory approvals not initiated",P,2027,6
12341,MidAmerican Energy Co,70107,Mills Solar Project,MSP,IA,MISO,Solar Photovoltaic,SUN,PV,50.0,50.0,"(U) Under construction, less than or equal to 50 percent complete",U,2026,12
67866,"Pike Solar, LLC",70108,PIKE Solar,PIKE,IL,MISO,Solar Photovoltaic,SUN,PV,18.0,18.0,"(V) Under construction, more than 50 percent complete",V,2026,11
64904,AES Clean Energy,70109,Jasmine,JASBE,CA,CISO,Batteries,MWH,BA,64.4,64.4,"(V) Under construction, more than 50 percent complete",V,2027,12
64904,AES Clean Energy,70109,Jasmine,JASMI,CA,CISO,Solar Photovoltaic,SUN,PV,70.0,70.0,"(V) Under construction, more than 50 percent complete",V,2027,12
67884,CVE US PA New Alexandria 363 LLC,70114,New Alexandria  - PA 0363 (Weimer North),363,PA,PJM,Solar Photovoltaic,SUN,PV,1.5,1.5,"(U) Under construction, less than or equal to 50 percent complete",U,2027,12
67897,"Clay Creek Energy, LLC",70115,Fort Lyon Solar,GEN1,CO,WACM,Solar Photovoltaic,SUN,PV,1.8,1.8,(L) Regulatory approvals pending. Not under construction,L,2027,3
67897,"Clay Creek Energy, LLC",70116,La Junta Solar,GEN1,CO,WACM,Solar Photovoltaic,SUN,PV,4.8,4.8,(L) Regulatory approvals pending. Not under construction,L,2027,3
67897,"Clay Creek Energy, LLC",70117,Lamar Solar,GEN1,CO,WACM,Solar Photovoltaic,SUN,PV,4.8,4.8,(L) Regulatory approvals pending. Not under construction,L,2027,3
67897,"Clay Creek Energy, LLC",70118,Trinidad Solar,GEN1,CO,WACM,Solar Photovoltaic,SUN,PV,1.8,1.8,(L) Regulatory approvals pending. Not under construction,L,2027,3
67898,"Raceway Solar, LLC",70119,Raceway Solar - (CO),GEN1,CO,SWPP,Solar Photovoltaic,SUN,PV,7.0,7.0,(L) Regulatory approvals pending. Not under construction,L,2027,4
67885,CVE US PA New Alexandria 185 LLC,70120,New Alexandria - PA 0185 (Weimer),185,PA,PJM,Solar Photovoltaic,SUN,PV,3.0,3.0,"(U) Under construction, less than or equal to 50 percent complete",U,2027,12
67886,CVE US VA Petersburg 224 LLC,70123,Petersburg - VA 0224 (Murphy),224,VA,PJM,Solar Photovoltaic,SUN,PV,2.6,2.6,"(U) Under construction, less than or equal to 50 percent complete",U,2027,12
67887,CVE US PA Roulette 467 LLC,70126,Roulette - PA 0467,467,PA,PJM,Solar Photovoltaic,SUN,PV,2.6,2.6,"(U) Under construction, less than or equal to 50 percent complete",U,2027,12
67888,CVE US PA Roulette 479 LLC,70128,Roulette - PA 0479,479,PA,PJM,Solar Photovoltaic,SUN,PV,1.1,1.1,"(U) Under construction, less than or equal to 50 percent complete",U,2027,12
67889,CVE US VA Suffolk 141 LLC,70130,Suffolk - VA 0141 (Johnson South),141,VA,TVA,Solar Photovoltaic,SUN,PV,5.0,5.0,"(U) Under construction, less than or equal to 50 percent complete",U,2027,11
67890,CVE US VA Patterson 426 LLC,70132,Waynesboro - VA 0426 (Patterson B),426,VA,PJM,Solar Photovoltaic,SUN,PV,5.0,5.0,"(U) Under construction, less than or equal to 50 percent complete",U,2027,11
67891,CVE US NY Westhampton 243 LLC,70134,Westhampton - NY 0243 (Giaquinto 1),243,NY,NYIS,Solar Photovoltaic,SUN,PV,5.0,5.0,"(U) Under construction, less than or equal to 50 percent complete",U,2027,9
67901,Swenson Solar LLC,70135,Swenson Solar,SWNSN,TX,ERCO,Solar Photovoltaic,SUN,PV,600.0,600.0,"(U) Under construction, less than or equal to 50 percent complete",U,2026,11
67900,Morel Energy Storage LLC,70136,Morel Energy Storage,MORL1,CO,SWPP,Batteries,MWH,BA,200.0,200.0,(T) Regulatory approvals received. Not under construction,T,2030,12
67912,"Dry Land Prairie Energy Storage, LLC",70137,Dry Land Prairie Energy Storage,DL250,CO,PSCO,Batteries,MWH,BA,250.0,250.0,"(U) Under construction, less than or equal to 50 percent complete",U,2026,12
67914,Crawfish Creek Energy Storage LLC,70138,Crawfish Creek Energy Storage,CRAW1,AL,TVA,Batteries,MWH,BA,200.0,200.0,(T) Regulatory approvals received. Not under construction,T,2029,6
67896,CVE US PA Kittanning 406 LLC,70164,Kittanning - PA 0406 (Hoeter B),406,PA,PJM,Solar Photovoltaic,SUN,PV,3.0,3.0,"(U) Under construction, less than or equal to 50 percent complete",U,2028,12
67903,CVE US PA Kittanning 407 LLC,70165,Kittanning - PA 0407 (Hoeter C),407,PA,PJM,Solar Photovoltaic,SUN,PV,3.0,3.0,"(U) Under construction, less than or equal to 50 percent complete",U,2028,12
67904,CVE US PA Latrobe 385 LLC,70166,Unity - PA 0385 (Soccerhound),385,PA,PJM,Solar Photovoltaic,SUN,PV,3.0,3.0,"(U) Under construction, less than or equal to 50 percent complete",U,2027,11
67905,CVE US PA Latrobe 408 LLC,70167,Latrobe - PA 0408 (Soccerhound B),408,PA,PJM,Solar Photovoltaic,SUN,PV,1.0,1.0,"(U) Under construction, less than or equal to 50 percent complete",U,2027,12
67906,CVE US PA Monroe 485 LLC,70168,Monroe - PA 0485 (Lawrence),485,PA,PJM,Solar Photovoltaic,SUN,PV,2.4,2.4,"(U) Under construction, less than or equal to 50 percent complete",U,2027,12
67907,CVE US PA Monroe 486 LLC,70169,Monroe - PA 0486 (Acey),486,PA,PJM,Solar Photovoltaic,SUN,PV,3.0,3.0,"(U) Under construction, less than or equal to 50 percent complete",U,2027,12
67908,CVE US PA Jones 429 LLC,70170,Jones - PA 0429 (Rhodes South),429,PA,PJM,Solar Photovoltaic,SUN,PV,3.0,3.0,"(U) Under construction, less than or equal to 50 percent complete",U,2027,10
67909,CVE US PA Kane 187 LLC,70171,Wetmore - PA 0187 (Chittester),187,PA,PJM,Solar Photovoltaic,SUN,PV,3.0,3.0,"(U) Under construction, less than or equal to 50 percent complete",U,2027,11
67910,CVE US PA Kittanning 383 LLC,70172,Kittanning - PA 0383 (Hoeter),383,PA,PJM,Solar Photovoltaic,SUN,PV,3.0,3.0,"(U) Under construction, less than or equal to 50 percent complete",U,2027,11
67843,NextEra Energy Resources - ERCOT,70175,ZSS Solar,ZSPV,TX,ERCO,Solar Photovoltaic,SUN,PV,450.0,450.0,(T) Regulatory approvals received. Not under construction,T,2027,12
64904,AES Clean Energy,70176,Kieser,KIESE,IL,MISO,Solar Photovoltaic,SUN,PV,5.0,5.0,"(V) Under construction, more than 50 percent complete",V,2026,10
64904,AES Clean Energy,70177,Allen CSG,ALLEN,IL,MISO,Solar Photovoltaic,SUN,PV,5.0,5.0,"(V) Under construction, more than 50 percent complete",V,2027,1
67917,RE Cobalt LLC,70178,Cobalt,CBLT,CA,CISO,Solar Photovoltaic,SUN,PV,250.0,250.0,"(U) Under construction, less than or equal to 50 percent complete",U,2027,8
65869,Prologis Logistics Services Incorporated,70181,Prologis - SLCNJ001 - Community Solar,CN001,NJ,PJM,Solar Photovoltaic,SUN,PV,3.2,3.2,"(TS) Construction complete, but not yet in commercial operation",TS,2026,9
67915,Steger Road Solar 1 LLC,70182,Steger,PV1,IL,PJM,Solar Photovoltaic,SUN,PV,2.0,2.0,"(V) Under construction, more than 50 percent complete",V,2026,9
67918,"Flatland Solar Energy, LLC",70183,Flatland Solar,FSPV,TX,ERCO,Solar Photovoltaic,SUN,PV,180.0,180.0,(L) Regulatory approvals pending. Not under construction,L,2027,11
67913,"11601 Copenhagen Ct, LLC",70185,Copenhagen Ct,PV1,IL,PJM,Solar Photovoltaic,SUN,PV,3.5,3.5,"(V) Under construction, more than 50 percent complete",V,2026,9
66571,Clenera DevCo LLC,70186,Solstice Solar LLC,SOLBS,OK,SWPP,Batteries,MWH,BA,200.0,200.0,"(P) Planned for installation, but regulatory approvals not initiated",P,2029,12
66571,Clenera DevCo LLC,70186,Solstice Solar LLC,SOLPV,OK,SWPP,Solar Photovoltaic,SUN,PV,200.0,200.0,"(P) Planned for installation, but regulatory approvals not initiated",P,2029,12
12685,Entergy Mississippi LLC,70187,Traceview Advanced Power Station,CT1,MS,MISO,Natural Gas Fired Combined Cycle,NG,CT,477.7,422.8,"(U) Under construction, less than or equal to 50 percent complete",U,2028,8
12685,Entergy Mississippi LLC,70187,Traceview Advanced Power Station,ST1,MS,MISO,Natural Gas Fired Combined Cycle,NG,CA,341.7,291.9,"(U) Under construction, less than or equal to 50 percent complete",U,2028,8
67929,"Weld Energy Storage, LLC",70188,Weld Energy Storage,WES01,CO,SWPP,Batteries,MWH,BA,100.0,100.0,"(V) Under construction, more than 50 percent complete",V,2026,12
67919,"Romero Energy Center, LLC",70193,Romero Energy Center,REC01,AZ,AZPS,Batteries,MWH,BA,225.0,225.0,"(U) Under construction, less than or equal to 50 percent complete",U,2027,6
67920,"Romero Energy Center II, LLC",70194,"Romero Energy Center II, LLC",REC02,AZ,AZPS,Batteries,MWH,BA,225.0,225.0,"(U) Under construction, less than or equal to 50 percent complete",U,2028,6
67923,"Mammoth Plains Energy Storage, LLC",70195,Mammoth Plains Energy Storage,MAMM1,OK,SPA,Batteries,MWH,BA,150.0,150.0,"(P) Planned for installation, but regulatory approvals not initiated",P,2027,11
65539,Pivot Energy,70196,"DEL022-30423B Thorogoods Rd, LLC",DEL22,DE,PJM,Solar Photovoltaic,SUN,PV,2.0,2.0,"(V) Under construction, more than 50 percent complete",V,2027,1
67924,"Lorenzo Energy Storage, LLC",70197,Lorenzo Energy Storage,LORE1,TX,SWPP,Batteries,MWH,BA,50.0,50.0,"(P) Planned for installation, but regulatory approvals not initiated",P,2027,11
65539,Pivot Energy,70198,"CF IL Solar Marigold Lane, Flora2 LLC",FLOR2,IL,MISO,Solar Photovoltaic,SUN,PV,2.0,2.0,"(V) Under construction, more than 50 percent complete",V,2026,11
67925,"Palo Duro Energy Storage, LLC",70199,Palo Duro Energy Storage,PALO1,TX,SWPP,Batteries,MWH,BA,150.0,150.0,"(P) Planned for installation, but regulatory approvals not initiated",P,2027,11
67895,Concho County Solar 1 LLC,70200,Lucy Solar,64205,TX,ERCO,Solar Photovoltaic,SUN,PV,351.3,351.3,"(V) Under construction, more than 50 percent complete",V,2027,7
65539,Pivot Energy,70201,Pivot Solar 50 LLC,PS50,CO,PSCO,Solar Photovoltaic,SUN,PV,4.0,4.0,"(V) Under construction, more than 50 percent complete",V,2026,9
65539,Pivot Energy,70202,Pivot Solar 56 LLC,PS56,CO,PSCO,Solar Photovoltaic,SUN,PV,3.6,3.6,"(V) Under construction, more than 50 percent complete",V,2027,2
67725,"TerraForm Power Operating, LLC",70203,Bealeton Solar,GEN1,VA,PJM,Solar Photovoltaic,SUN,PV,14.2,14.0,(L) Regulatory approvals pending. Not under construction,L,2027,3
67930,Cantaloupe Solar - ERCOT,70204,Cantaloupe Solar,CANPV,TX,ERCO,Solar Photovoltaic,SUN,PV,300.0,300.0,"(U) Under construction, less than or equal to 50 percent complete",U,2027,12
65539,Pivot Energy,70205,Bureau Solar 2 LLC,BURS2,IL,MISO,Solar Photovoltaic,SUN,PV,2.5,2.5,"(V) Under construction, more than 50 percent complete",V,2026,9
65539,Pivot Energy,70206,Pivot Solar 57 LLC,PS57,CO,PSCO,Solar Photovoltaic,SUN,PV,2.0,2.0,"(V) Under construction, more than 50 percent complete",V,2026,9
65539,Pivot Energy,70207,Pivot Solar 60 LLC,PS60,CO,PSCO,Solar Photovoltaic,SUN,PV,1.1,1.1,"(V) Under construction, more than 50 percent complete",V,2026,10
67931,"NY Fallsburg II, LLC",70210,Cypert - Fallsburg I,PV1,NY,NYIS,Solar Photovoltaic,SUN,PV,5.0,5.0,"(U) Under construction, less than or equal to 50 percent complete",U,2027,6
67875,"Selma Energy Center, LLC",70218,Selma Energy Center,SEL1B,AZ,DOPD,Batteries,MWH,BA,150.0,150.0,"(U) Under construction, less than or equal to 50 percent complete",U,2027,12
67875,"Selma Energy Center, LLC",70218,Selma Energy Center,SEL1S,AZ,DOPD,Solar Photovoltaic,SUN,PV,125.0,125.0,"(U) Under construction, less than or equal to 50 percent complete",U,2027,12
67876,"Valley Farms Energy Center, LLC",70219,Valley Farms Energy Center,VALLE,AZ,SRP,Batteries,MWH,BA,400.0,400.0,"(U) Under construction, less than or equal to 50 percent complete",U,2027,12
5416,"Duke Energy Carolinas, LLC",70220,Robinson Solar Plant,RSP1,SC,CPLE,Solar Photovoltaic,SUN,PV,76.0,76.0,(L) Regulatory approvals pending. Not under construction,L,2027,12
5416,"Duke Energy Carolinas, LLC",70221,Hudson Place Solar Plant,HPSP1,SC,DUK,Solar Photovoltaic,SUN,PV,70.7,70.7,(L) Regulatory approvals pending. Not under construction,L,2028,1
6455,"Duke Energy Florida, LLC",70222,Lonesome Camp Solar Plant,LCSP1,FL,FPC,Solar Photovoltaic,SUN,PV,74.9,74.9,"(V) Under construction, more than 50 percent complete",V,2027,4
6455,"Duke Energy Florida, LLC",70223,Turnpike Solar Plant,TPSP1,FL,FPC,Solar Photovoltaic,SUN,PV,74.9,74.9,"(V) Under construction, more than 50 percent complete",V,2027,2
15399,Avangrid Power LLC,70225,Shutler Energy Storage,SES,OR,AVRN,Batteries,MWH,BA,41.0,41.0,"(U) Under construction, less than or equal to 50 percent complete",U,2028,3
60531,Standard Solar,70227,AC IL - Lockport East,LOCKE,IL,PJM,Solar Photovoltaic,SUN,PV,3.1,3.1,"(TS) Construction complete, but not yet in commercial operation",TS,2026,10
60531,Standard Solar,70228,AC IL - Lockport West,LOCKW,IL,PJM,Solar Photovoltaic,SUN,PV,3.4,3.4,"(TS) Construction complete, but not yet in commercial operation",TS,2026,10
67449,"East Point Energy, LLC",70231,"Bethlehem Energy Center, LLC - (VA)",BETHL,VA,PJM,Batteries,MWH,BA,20.0,20.0,"(U) Under construction, less than or equal to 50 percent complete",U,2026,10
67449,"East Point Energy, LLC",70232,"Evergreen Energy Center, LLC",EVERG,VA,PJM,Batteries,MWH,BA,20.0,20.0,"(V) Under construction, more than 50 percent complete",V,2026,9
67449,"East Point Energy, LLC",70233,"Railroad Energy Center, LLC",RAILR,VA,PJM,Batteries,MWH,BA,20.0,20.0,"(U) Under construction, less than or equal to 50 percent complete",U,2026,10
67449,"East Point Energy, LLC",70234,"Reid Energy Center, LLC",REID,VA,PJM,Batteries,MWH,BA,20.0,20.0,"(U) Under construction, less than or equal to 50 percent complete",U,2026,12
67960,Mulqueeney Wind Energy LLC,70235,Mulqueeney Wind Energy,68372,CA,CISO,Onshore Wind Turbine,WND,WT,80.0,80.0,"(V) Under construction, more than 50 percent complete",V,2026,10
67945,Sierra Luna Energy Storage LLC,70236,Sierra Luna Energy Storage,SLRN1,AZ,SRP,Batteries,MWH,BA,150.0,150.0,"(P) Planned for installation, but regulatory approvals not initiated",P,2030,12
67946,Mule Shoe Energy Storage LLC,70237,Mule Shoe Energy Storage,MULE1,TX,SWPP,Batteries,MWH,BA,207.0,207.0,(T) Regulatory approvals received. Not under construction,T,2028,8
67947,Roadhouse Energy Storage,70238,Roadhouse Energy Center,RDHS,CA,CISO,Batteries,MWH,BA,300.0,300.0,(L) Regulatory approvals pending. Not under construction,L,2027,12
67937,PF Onsite Generation LLC,70240,PF Onsite BESS,PFNON,PA,PJM,Batteries,MWH,BA,21.0,21.0,(L) Regulatory approvals pending. Not under construction,L,2027,6
67934,CVE US NY Riverhead 215 LLC,70242,Riverhead - CVE,215,NY,NYIS,Solar Photovoltaic,SUN,PV,4.9,4.9,"(U) Under construction, less than or equal to 50 percent complete",U,2026,9
67934,CVE US NY Riverhead 215 LLC,70242,Riverhead - CVE,216,NY,NYIS,Batteries,MWH,BA,4.0,4.0,"(U) Under construction, less than or equal to 50 percent complete",U,2026,9
67944,"Dry Creek Energy Storage, LLC",70256,"Dry Creek Energy Storage, LLC",DCES,CA,BANC,Batteries,MWH,BA,160.0,160.0,(T) Regulatory approvals received. Not under construction,T,2027,11
67961,"Hawkeye Solar, LLC",70257,"Hawkeye Solar, LLC",H1SLR,IA,MISO,Solar Photovoltaic,SUN,PV,200.0,200.0,(L) Regulatory approvals pending. Not under construction,L,2028,3
67962,"Hawkeye Solar II, LLC",70258,"Hawkeye Solar II, LLC",H2SLR,IA,MISO,Solar Photovoltaic,SUN,PV,250.0,250.0,(L) Regulatory approvals pending. Not under construction,L,2028,3
17718,Southwestern Public Service Co,70259,Cunningham Solar II,CHCS2,NM,SWPP,Solar Photovoltaic,SUN,PV,196.0,196.0,(T) Regulatory approvals received. Not under construction,T,2027,4
60281,"Altus Power America Management, LLC",70260,Scipio Solar,SCIPI,NY,NYIS,Solar Photovoltaic,SUN,PV,18.0,18.0,"(V) Under construction, more than 50 percent complete",V,2027,1
67953,"Saddle Butte Energy Farmington, LLC",70261,Westside - (NM),WS01,NM,SWPP,Natural Gas Internal Combustion Engine,NG,IC,16.0,16.0,"(U) Under construction, less than or equal to 50 percent complete",U,2027,3
67953,"Saddle Butte Energy Farmington, LLC",70261,Westside - (NM),WS02,NM,SWPP,Natural Gas Internal Combustion Engine,NG,IC,24.0,24.0,"(U) Under construction, less than or equal to 50 percent complete",U,2028,1
67953,"Saddle Butte Energy Farmington, LLC",70261,Westside - (NM),WS03,NM,SWPP,Natural Gas Internal Combustion Engine,NG,IC,20.0,20.0,"(U) Under construction, less than or equal to 50 percent complete",U,2028,5
62842,"Lightsource Renewable Energy Asset Management, LLC",70271,"Fiddle Leaf Solar, LLC",OKFL1,OK,SWPP,Solar Photovoltaic,SUN,PV,80.0,76.0,(T) Regulatory approvals received. Not under construction,T,2027,10
60531,Standard Solar,70294,NL IL 2700 East,EAST,IL,PJM,Solar Photovoltaic,SUN,PV,5.0,5.0,"(TS) Construction complete, but not yet in commercial operation",TS,2026,11
60531,Standard Solar,70295,NL IL Lake,LAKE,IL,PJM,Solar Photovoltaic,SUN,PV,5.0,5.0,"(TS) Construction complete, but not yet in commercial operation",TS,2026,12
67975,"Milltown Onsite Generation, LLC",70296,Milltown Onsite BESS,MTBAT,NJ,PJM,Batteries,MWH,BA,13.2,13.2,"(V) Under construction, more than 50 percent complete",V,2026,10
67973,"Blackwater Solar Center, LLC",70297,Blackwater Solar Center - NM,BWTS,NM,SWPP,Solar Photovoltaic,SUN,PV,200.0,200.0,(T) Regulatory approvals received. Not under construction,T,2027,12
67974,"NextEra Energy Resources, LLC",70299,"Pioneer Creek Wind, LLC",814,KS,SWPP,Onshore Wind Turbine,WND,WT,252.0,252.0,"(V) Under construction, more than 50 percent complete",V,2027,3
67971,"Adams Creek Solar Project, LLC",70300,Adams Creek Solar Project,USADC,TX,ERCO,Solar Photovoltaic,SUN,PV,250.0,250.0,(T) Regulatory approvals received. Not under construction,T,2027,6
67966,MN CSG 2019-57 LLC,70301,MN CSG 2019-57,BOHRE,MN,MISO,Solar Photovoltaic,SUN,PV,1.0,1.0,(T) Regulatory approvals received. Not under construction,T,2027,3
67082,"Headwater Energy, LLC",70302,"Gum Swamp Solar, LLC",22,NC,CPLE,Solar Photovoltaic,SUN,PV,80.0,80.0,"(U) Under construction, less than or equal to 50 percent complete",U,2027,5
67082,"Headwater Energy, LLC",70303,"Midfield Solar, LLC",20,NC,CPLE,Solar Photovoltaic,SUN,PV,25.0,25.0,"(U) Under construction, less than or equal to 50 percent complete",U,2026,12
67082,"Headwater Energy, LLC",70304,"Sleepy Creek Solar, LLC",24,NC,CPLE,Solar Photovoltaic,SUN,PV,80.0,80.0,"(U) Under construction, less than or equal to 50 percent complete",U,2027,10
67082,"Headwater Energy, LLC",70305,"Tanglewood Solar, LLC",23,NC,CPLE,Solar Photovoltaic,SUN,PV,8.4,8.4,"(U) Under construction, less than or equal to 50 percent complete",U,2026,12
67082,"Headwater Energy, LLC",70306,"Westfield Solar, LLC",21,NC,CPLE,Solar Photovoltaic,SUN,PV,40.0,40.0,"(U) Under construction, less than or equal to 50 percent complete",U,2026,12
66445,"NineDot Holdings, LLC",70308,Blue Aster Clean Energy LLC,ND030,NY,NYIS,Batteries,MWH,BA,4.9,4.9,"(U) Under construction, less than or equal to 50 percent complete",U,2027,8
66445,"NineDot Holdings, LLC",70309,Blue Aster B Clean Energy LLC,ND031,NY,NYIS,Batteries,MWH,BA,4.9,4.9,"(U) Under construction, less than or equal to 50 percent complete",U,2027,8
66445,"NineDot Holdings, LLC",70310,Blue Aster C Clean Energy LLC,ND028,NY,NYIS,Batteries,MWH,BA,4.9,4.9,"(U) Under construction, less than or equal to 50 percent complete",U,2027,8
66445,"NineDot Holdings, LLC",70311,Eastern BlueBird Clean Energy LLC,ND020,NY,NYIS,Batteries,MWH,BA,4.4,4.4,"(U) Under construction, less than or equal to 50 percent complete",U,2027,6
66445,"NineDot Holdings, LLC",70312,Lobelia Clean Energy LLC,ND022,NY,NYIS,Batteries,MWH,BA,4.9,4.9,"(U) Under construction, less than or equal to 50 percent complete",U,2027,7
66445,"NineDot Holdings, LLC",70313,Lobelia 4452 Clean Energy LLC,ND024,NY,NYIS,Batteries,MWH,BA,4.9,4.9,"(U) Under construction, less than or equal to 50 percent complete",U,2027,7
66445,"NineDot Holdings, LLC",70315,"Northern Cardinal Clean Energy, LLC",ND021,NY,NYIS,Batteries,MWH,BA,4.4,4.4,"(U) Under construction, less than or equal to 50 percent complete",U,2027,6
66445,"NineDot Holdings, LLC",70316,"Piping Plover Clean Energy, LLC",ND017,NY,NYIS,Batteries,MWH,BA,2.3,2.3,"(U) Under construction, less than or equal to 50 percent complete",U,2027,4
66445,"NineDot Holdings, LLC",70317,Roseate Tern Clean Energy LLC,ND029,NY,NYIS,Batteries,MWH,BA,3.3,3.3,"(U) Under construction, less than or equal to 50 percent complete",U,2027,8
66445,"NineDot Holdings, LLC",70319,Warbler Clean Energy LLC,ND016,NY,NYIS,Batteries,MWH,BA,2.3,2.3,"(U) Under construction, less than or equal to 50 percent complete",U,2027,4
66445,"NineDot Holdings, LLC",70320,Water Willow A Clean Energy LLC,ND018,NY,NYIS,Batteries,MWH,BA,3.9,3.9,"(U) Under construction, less than or equal to 50 percent complete",U,2027,4
66445,"NineDot Holdings, LLC",70321,Water Willow B Clean Energy LLC,ND019,NY,NYIS,Batteries,MWH,BA,3.9,3.9,"(U) Under construction, less than or equal to 50 percent complete",U,2027,4
66445,"NineDot Holdings, LLC",70322,"Wintergreen Clean Energy, LLC",ND025,NY,NYIS,Batteries,MWH,BA,4.9,4.9,"(U) Under construction, less than or equal to 50 percent complete",U,2027,7
66445,"NineDot Holdings, LLC",70323,Wintergreen B Clean Energy LLC,ND027,NY,NYIS,Batteries,MWH,BA,4.9,4.9,"(U) Under construction, less than or equal to 50 percent complete",U,2027,7
66445,"NineDot Holdings, LLC",70324,Wintergreen C Clean Energy LLC,ND023,NY,NYIS,Batteries,MWH,BA,4.9,4.9,"(U) Under construction, less than or equal to 50 percent complete",U,2027,7
66445,"NineDot Holdings, LLC",70325,Wintergreen D Clean Energy LLC,ND026,NY,NYIS,Batteries,MWH,BA,4.9,4.9,"(U) Under construction, less than or equal to 50 percent complete",U,2027,7
66445,"NineDot Holdings, LLC",70326,Coral Honeysuckle Clean Energy LLC,ND014,NY,NYIS,Batteries,MWH,BA,3.7,3.7,"(V) Under construction, more than 50 percent complete",V,2027,3
66445,"NineDot Holdings, LLC",70327,"Heron Clean Energy, LLC",ND012,NY,NYIS,Batteries,MWH,BA,4.9,4.9,"(U) Under construction, less than or equal to 50 percent complete",U,2026,12
66445,"NineDot Holdings, LLC",70328,"Jamaica Community Energy, LLC",ND013,NY,NYIS,Batteries,MWH,BA,4.9,4.9,"(U) Under construction, less than or equal to 50 percent complete",U,2027,1
66445,"NineDot Holdings, LLC",70329,"Linden Clean Energy, LLC",ND015,NY,NYIS,Batteries,MWH,BA,3.7,3.7,"(V) Under construction, more than 50 percent complete",V,2027,3
67843,NextEra Energy Resources - ERCOT,70330,Bighorn Ridge Solar,BRSPV,TX,ERCO,Solar Photovoltaic,SUN,PV,300.0,300.0,(T) Regulatory approvals received. Not under construction,T,2027,12
67993,"Mirasol Energy Center, LLC",70331,"Mirasol Energy Center, LLC.",MRASL,CO,PSCO,Solar Photovoltaic,SUN,PV,400.0,400.0,(T) Regulatory approvals received. Not under construction,T,2028,12
67734,ENGIE Distributed Renewables Development LLC,70333,Keenesburg,KBPV1,CO,PSCO,Solar Photovoltaic,SUN,PV,7.2,7.2,"(U) Under construction, less than or equal to 50 percent complete",U,2026,11
65539,Pivot Energy,70334,Pivot Energy IL 55b LLC,IL55B,IL,PJM,Solar Photovoltaic,SUN,PV,2.8,2.8,"(V) Under construction, more than 50 percent complete",V,2026,12
65539,Pivot Energy,70335,Pivot Solar 42 LLC,PS42,CO,PSCO,Solar Photovoltaic,SUN,PV,1.9,1.9,"(V) Under construction, more than 50 percent complete",V,2026,10
65539,Pivot Energy,70336,"NCBP ONE, LLC",NCBP1,MD,PJM,Solar Photovoltaic,SUN,PV,2.5,2.5,"(V) Under construction, more than 50 percent complete",V,2026,10
65539,Pivot Energy,70337,Pivot Solar 71 LLC,PS71,CO,PSCO,Solar Photovoltaic,SUN,PV,1.8,1.8,"(V) Under construction, more than 50 percent complete",V,2026,10
65539,Pivot Energy,70338,"NCBP TEN, LLC",NCB10,MD,PJM,Solar Photovoltaic,SUN,PV,1.4,1.4,"(V) Under construction, more than 50 percent complete",V,2026,10
65539,Pivot Energy,70339,Pivot Energy IL 55 LLC,IL55B,IL,PJM,Solar Photovoltaic,SUN,PV,3.1,3.1,"(V) Under construction, more than 50 percent complete",V,2026,10
67995,"Carousel Energy Storage, LLC",70340,"Carousel Energy Storage, LLC",CAR15,CO,SWPP,Batteries,MWH,BA,149.6,149.6,(T) Regulatory approvals received. Not under construction,T,2027,12
67994,"Thunder Wolf II, LLC",70341,"Thunder Wolf II, LLC",TW200,CO,WACM,Solar Photovoltaic,SUN,PV,200.0,200.0,(T) Regulatory approvals received. Not under construction,T,2027,12
67977,Graphic Packaging International - WACO,70343,GPI WACO Power,WAGT1,TX,ERCO,Natural Gas Fired Combustion Turbine,NG,GT,43.4,43.4,"(U) Under construction, less than or equal to 50 percent complete",U,2027,1
67978,"Rush Springs Solar, LLC",70344,Rush Springs Solar,RSPV,OK,SWPP,Solar Photovoltaic,SUN,PV,200.0,200.0,"(V) Under construction, more than 50 percent complete",V,2026,10
67979,"Steele Flats Energy Storage, LLC",70345,Steele Flats Energy Storage,SFES,NE,SWPP,Batteries,MWH,BA,50.0,50.0,"(V) Under construction, more than 50 percent complete",V,2026,12
67985,"IL Solar Route 40 Project2, LLC",70350,IL - Forefront Ameren- Route 40,RT40,IL,MISO,Solar Photovoltaic,SUN,PV,2.0,2.0,"(V) Under construction, more than 50 percent complete",V,2026,12
67988,"IL Solar Truitt Project1, LLC",70353,IL-Forefront Ameren-Truitt 1,TRU1,IL,MISO,Solar Photovoltaic,SUN,PV,2.0,2.0,"(V) Under construction, more than 50 percent complete",V,2026,12
67989,"IL Solar Truitt Project2, LLC",70354,IL-Forefront Ameren-Truitt 2,TRU2,IL,MISO,Solar Photovoltaic,SUN,PV,2.0,2.0,"(V) Under construction, more than 50 percent complete",V,2026,12
65539,Pivot Energy,70357,Pivot Solar 58 LLC,PS58,CO,PSCO,Solar Photovoltaic,SUN,PV,4.5,4.5,"(V) Under construction, more than 50 percent complete",V,2026,11
49893,Invenergy Services LLC,70359,"Sycamore Riverside Energy, LLC",SYRVS,IN,PJM,Natural Gas Fired Combustion Turbine,NG,GT,964.0,964.0,"(P) Planned for installation, but regulatory approvals not initiated",P,2029,3
49893,Invenergy Services LLC,70360,Foundry Ridge Energy Center LLC,FNDRD,WI,MISO,Natural Gas Fired Combustion Turbine,NG,GT,108.0,108.0,"(P) Planned for installation, but regulatory approvals not initiated",P,2028,8
49893,Invenergy Services LLC,70360,Foundry Ridge Energy Center LLC,FNRD2,WI,MISO,Natural Gas Fired Combustion Turbine,NG,GT,108.0,108.0,"(P) Planned for installation, but regulatory approvals not initiated",P,2028,8
49893,Invenergy Services LLC,70360,Foundry Ridge Energy Center LLC,FNRD3,WI,MISO,Natural Gas Fired Combustion Turbine,NG,GT,108.0,108.0,"(P) Planned for installation, but regulatory approvals not initiated",P,2028,8
61944,MN8 Energy LLC,70364,Walker Solar,GEN1,PA,PJM,Solar Photovoltaic,SUN,PV,80.0,80.0,"(U) Under construction, less than or equal to 50 percent complete",U,2026,12
67997,Bodkin BESS LLC,70365,Bodkin BESS,BODES,TX,ERCO,Batteries,MWH,BA,75.0,75.0,(T) Regulatory approvals received. Not under construction,T,2028,12
67998,Boot Hill Energy Storage LLC,70366,Boot Hill Energy Storage,BHBES,KS,SWPP,Batteries,MWH,BA,75.0,75.0,(T) Regulatory approvals received. Not under construction,T,2028,12
67999,"O'Bannion Energy Storage, LLC",70367,O'Bannion Energy Storage,OBAES,TX,ERCO,Batteries,MWH,BA,300.0,300.0,(T) Regulatory approvals received. Not under construction,T,2028,12
63689,"Wonderful Renewable Energy, LLC.",70368,Ranch 4220,R4220,CA,CISO,Solar Photovoltaic,SUN,PV,1.1,1.1,"(V) Under construction, more than 50 percent complete",V,2026,9
63689,"Wonderful Renewable Energy, LLC.",70370,Ranch 4701,R4701,CA,CISO,Solar Photovoltaic,SUN,PV,2.3,2.3,"(V) Under construction, more than 50 percent complete",V,2026,10
63689,"Wonderful Renewable Energy, LLC.",70372,Lerdo Middle,LERMI,CA,CISO,Solar Photovoltaic,SUN,PV,2.4,2.4,"(V) Under construction, more than 50 percent complete",V,2026,8
65539,Pivot Energy,70373,100a Swiss Dale Farm,SDF1A,MD,PJM,Solar Photovoltaic,SUN,PV,2.0,2.0,"(V) Under construction, more than 50 percent complete",V,2026,11
65539,Pivot Energy,70374,Chaberton Solar Crestone,CSC52,DE,PJM,Solar Photovoltaic,SUN,PV,4.0,4.0,"(V) Under construction, more than 50 percent complete",V,2026,12
65539,Pivot Energy,70375,Clinton Solar 5,CLIN5,IL,MISO,Solar Photovoltaic,SUN,PV,2.6,2.6,"(V) Under construction, more than 50 percent complete",V,2026,11
65539,Pivot Energy,70376,Pivot Energy IL 52,IL52,IL,PJM,Solar Photovoltaic,SUN,PV,5.0,5.0,"(V) Under construction, more than 50 percent complete",V,2026,10
68013,"Boxcar Energy Storage, LLC",70377,Boxcar Energy Storage,BES,TX,ERCO,Batteries,MWH,BA,150.0,150.0,"(V) Under construction, more than 50 percent complete",V,2027,5
66926,Bullrock-NxtGenREA,70378,Crane Creek Garden,GEN5,MN,MISO,Solar Photovoltaic,SUN,PV,5.0,5.0,"(U) Under construction, less than or equal to 50 percent complete",U,2026,11
66926,Bullrock-NxtGenREA,70379,Fuller Garden,GEN2,MN,MISO,Solar Photovoltaic,SUN,PV,1.0,1.0,"(U) Under construction, less than or equal to 50 percent complete",U,2026,11
66626,Baxter Healthcare of Puerto Rico/Jayuya,70380,Kraemer Garden,GEN4,MN,MISO,Solar Photovoltaic,SUN,PV,4.0,4.0,"(U) Under construction, less than or equal to 50 percent complete",U,2026,10
66926,Bullrock-NxtGenREA,70381,Carver Garden,GEN1,MN,MISO,Solar Photovoltaic,SUN,PV,1.0,1.0,"(U) Under construction, less than or equal to 50 percent complete",U,2026,10
66926,Bullrock-NxtGenREA,70382,Mazaska Garden,GEN3,MN,MISO,Solar Photovoltaic,SUN,PV,5.0,5.0,"(U) Under construction, less than or equal to 50 percent complete",U,2026,11
68001,Uriel Renovables S.A,70386,Chicopee BESS,BESS1,MA,ISNE,Batteries,MWH,BA,5.0,5.0,"(U) Under construction, less than or equal to 50 percent complete",U,2026,10
68001,Uriel Renovables S.A,70387,Framingham BESS,BESS1,MA,ISNE,Batteries,MWH,BA,5.0,5.0,"(U) Under construction, less than or equal to 50 percent complete",U,2026,10
68004,"SolAmerica Energy / Stephenson County IL S1, LLC",70393,Stephenson County IL S1,S1,IL,PJM,Solar Photovoltaic,SUN,PV,2.0,2.0,"(V) Under construction, more than 50 percent complete",V,2026,9
18454,Tampa Electric Co,70395,Pace Road Battery Storage,BESS1,FL,TEC,Batteries,MWH,BA,20.0,20.0,(T) Regulatory approvals received. Not under construction,T,2027,10
61060,Cypress Creek Renewables,70397,Steel River Solar Phase 1,SRSB1,AR,MISO,Batteries,MWH,BA,250.0,250.0,"(U) Under construction, less than or equal to 50 percent complete",U,2028,8
61060,Cypress Creek Renewables,70397,Steel River Solar Phase 1,SRSP1,AR,MISO,Solar Photovoltaic,SUN,PV,500.0,500.0,"(U) Under construction, less than or equal to 50 percent complete",U,2028,8
61060,Cypress Creek Renewables,70398,Steel River Solar Phase 2,SRSB2,AR,MISO,Batteries,MWH,BA,250.0,250.0,"(U) Under construction, less than or equal to 50 percent complete",U,2029,7
61060,Cypress Creek Renewables,70398,Steel River Solar Phase 2,SRSP2,AR,MISO,Solar Photovoltaic,SUN,PV,500.0,500.0,"(U) Under construction, less than or equal to 50 percent complete",U,2029,7
61060,Cypress Creek Renewables,70399,Steel River Solar Phase 3,SRSB3,AR,MISO,Batteries,MWH,BA,250.0,250.0,"(U) Under construction, less than or equal to 50 percent complete",U,2030,7
61060,Cypress Creek Renewables,70399,Steel River Solar Phase 3,SRSP3,AR,MISO,Solar Photovoltaic,SUN,PV,500.0,500.0,"(U) Under construction, less than or equal to 50 percent complete",U,2030,7
68019,"Bee Branch IA, LLC",70400,Bee Branch IA,BEE1A,TX,ERCO,Batteries,MWH,BA,200.0,200.0,"(U) Under construction, less than or equal to 50 percent complete",U,2027,6
66646,"ReWild Renewables, LLC",70401,Clems Way Solar,CLEM,MA,ISNE,Solar Photovoltaic,SUN,PV,5.0,5.0,(T) Regulatory approvals received. Not under construction,T,2027,7
66646,"ReWild Renewables, LLC",70402,Logging Swamp North,LOGN,MA,ISNE,Solar Photovoltaic,SUN,PV,5.0,5.0,(T) Regulatory approvals received. Not under construction,T,2027,8
68020,"Grand Basin Energy Storage, LLC",70403,Grand Basin Energy Storage,GRBS1,MI,MISO,Batteries,MWH,BA,100.0,100.0,"(P) Planned for installation, but regulatory approvals not initiated",P,2027,3
66646,"ReWild Renewables, LLC",70404,Logging Swamp South,LOGS,MA,ISNE,Solar Photovoltaic,SUN,PV,5.0,5.0,(T) Regulatory approvals received. Not under construction,T,2027,8
68029,"Torch Operating Company, LLC",70405,"Winchester Solar I, LLC",BA-1,AZ,TEPC,Batteries,MWH,BA,87.8,87.8,"(V) Under construction, more than 50 percent complete",V,2027,3
68029,"Torch Operating Company, LLC",70405,"Winchester Solar I, LLC",PV-1,AZ,TEPC,Solar Photovoltaic,SUN,PV,87.8,87.8,"(V) Under construction, more than 50 percent complete",V,2027,3
68029,"Torch Operating Company, LLC",70406,"Winchester Solar II, LLC",BA-2,AZ,WALC,Batteries,MWH,BA,87.8,87.8,"(V) Under construction, more than 50 percent complete",V,2027,5
68029,"Torch Operating Company, LLC",70406,"Winchester Solar II, LLC",PV-2,AZ,WALC,Solar Photovoltaic,SUN,PV,87.8,87.8,"(V) Under construction, more than 50 percent complete",V,2027,5
68030,"Roy Solar, LLC",70407,Roy Solar,RSS,OK,SPA,Solar Photovoltaic,SUN,PV,258.0,258.0,"(U) Under construction, less than or equal to 50 percent complete",U,2027,12
68031,"Willow Creek Energy Storage, LLC",70408,Willow Creek Energy Storage,WCB,OK,SPA,Batteries,MWH,BA,200.0,200.0,"(U) Under construction, less than or equal to 50 percent complete",U,2026,12
68032,"Hera Solar, LLC",70409,Hera Solar,ENX41,VA,PJM,Solar Photovoltaic,SUN,PV,13.3,13.3,(L) Regulatory approvals pending. Not under construction,L,2028,6
68033,"Willow Solar, LLC",70410,Willow Solar,ENX42,VA,PJM,Solar Photovoltaic,SUN,PV,12.0,12.0,(L) Regulatory approvals pending. Not under construction,L,2027,6
68021,Royal Slope Solar LLC,70419,Royal Slope,RSBA,WA,BPAT,Batteries,MWH,BA,260.0,260.0,(T) Regulatory approvals received. Not under construction,T,2027,10
68021,Royal Slope Solar LLC,70419,Royal Slope,RSPV,WA,BPAT,Solar Photovoltaic,SUN,PV,260.0,260.0,(T) Regulatory approvals received. Not under construction,T,2027,10
68027,"Wheatridge Optimization I, LLC",70420,Wheatridge Optimization I,BA1,OR,BPAT,Batteries,MWH,BA,65.0,65.0,"(U) Under construction, less than or equal to 50 percent complete",U,2027,12
68027,"Wheatridge Optimization I, LLC",70420,Wheatridge Optimization I,PV1,OR,BPAT,Solar Photovoltaic,SUN,PV,110.0,110.0,"(U) Under construction, less than or equal to 50 percent complete",U,2027,12
68038,Pacifico Bakersfield Driver LLC,70428,Bakersfield Driver,DRIVB,CA,CISO,Batteries,MWH,BA,0.3,0.3,"(V) Under construction, more than 50 percent complete",V,2026,9
68038,Pacifico Bakersfield Driver LLC,70428,Bakersfield Driver,DRIVS,CA,CISO,Solar Photovoltaic,SUN,PV,1.7,1.7,"(V) Under construction, more than 50 percent complete",V,2026,9
56990,NJR Clean Energy Ventures Corporation,70437,Groton Flanders Road Landfill,GROTN,CT,ISNE,Solar Photovoltaic,SUN,PV,5.0,5.0,"(U) Under construction, less than or equal to 50 percent complete",U,2027,7
68039,"NY Avoca I, LLC",70439,SR 415 - NY Avoca I,PV1,NY,NYIS,Solar Photovoltaic,SUN,PV,3.3,3.3,"(U) Under construction, less than or equal to 50 percent complete",U,2027,6
60531,Standard Solar,70440,NL IL Braceville,BRACE,IL,PJM,Solar Photovoltaic,SUN,PV,5.0,5.0,"(TS) Construction complete, but not yet in commercial operation",TS,2026,10
68035,"Palo Duro Energy Center, LLC",70441,Palo Duro Energy Storage II,PALO2,TX,SWPP,Batteries,MWH,BA,165.7,165.7,"(P) Planned for installation, but regulatory approvals not initiated",P,2029,5
61194,Generate Capital,70442,KN216,11224,IL,MISO,Solar Photovoltaic,SUN,PV,4.9,4.9,"(V) Under construction, more than 50 percent complete",V,2026,11
68036,"Mammoth Plains Energy Center, LLC",70443,Mammoth Plains Energy Storage II,MAMM2,OK,SWPP,Batteries,MWH,BA,101.2,101.2,"(P) Planned for installation, but regulatory approvals not initiated",P,2029,5
61194,Generate Capital,70444,Cottonwood - IL,11131,IL,MISO,Solar Photovoltaic,SUN,PV,4.9,4.9,"(V) Under construction, more than 50 percent complete",V,2026,8
68043,"555 W 167th St Solar, LLC",70445,W 167th St,PV1,IL,PJM,Solar Photovoltaic,SUN,PV,1.5,1.5,"(V) Under construction, more than 50 percent complete",V,2026,9
68040,Dragon's Breath Solar LLC PV,70446,Dragon's Breath Solar LLC PV,33699,IL,MISO,Solar Photovoltaic,SUN,PV,5.0,5.0,"(U) Under construction, less than or equal to 50 percent complete",U,2026,9
68041,Ember Sun LLC PV,70447,Ember Sun LLC PV,45629,IL,MISO,Solar Photovoltaic,SUN,PV,3.0,3.0,"(U) Under construction, less than or equal to 50 percent complete",U,2026,9
68042,"Keithsburg North Solar, LLC PV",70448,Keithsburg North Solar LLC PV,22258,IL,MISO,Solar Photovoltaic,SUN,PV,2.0,2.0,"(U) Under construction, less than or equal to 50 percent complete",U,2026,9
68028,"Wheatridge Optimization II, LLC",70450,Wheatridge Optimization II,BA1,OR,BPAT,Batteries,MWH,BA,60.0,60.0,"(U) Under construction, less than or equal to 50 percent complete",U,2027,12
68028,"Wheatridge Optimization II, LLC",70450,Wheatridge Optimization II,PV1,OR,BPAT,Solar Photovoltaic,SUN,PV,130.0,130.0,"(U) Under construction, less than or equal to 50 percent complete",U,2027,12
68044,"Tutuilla Solar, LLC",70451,Tutuilla Solar,OCS24,OR,PACW,Solar Photovoltaic,SUN,PV,1.6,1.6,"(V) Under construction, more than 50 percent complete",V,2026,11
68045,"Buckaroo Solar 1, LLC",70452,Buckaroo Solar 1,OCS62,OR,PACW,Solar Photovoltaic,SUN,PV,2.4,2.4,"(V) Under construction, more than 50 percent complete",V,2027,5
