entity_id,entity_name,plant_id,plant_name,generator_id,state,balancing_authority,technology,energy_source,prime_mover,nameplate_mw,net_summer_mw,status,status_code,year,month
63560,"Sand Point Generating, LLC",1,Sand Point,5,AK,,Petroleum Liquids,DFO,IC,0.7,0.4,,,2023,2
195,Alabama Power Co,3,Barry,3,AL,SOCO,Conventional Steam Coal,BIT,ST,272.0,249.0,,,2015,8
195,Alabama Power Co,7,Gadsden,1,AL,SOCO,Natural Gas Steam Turbine,NG,ST,69.0,64.0,,,2023,1
195,Alabama Power Co,7,Gadsden,2,AL,SOCO,Natural Gas Steam Turbine,NG,ST,69.0,66.0,,,2023,1
195,Alabama Power Co,8,Gorgas,10,AL,SOCO,Conventional Steam Coal,BIT,ST,788.8,727.7,,,2019,4
195,Alabama Power Co,8,Gorgas,6,AL,SOCO,Conventional Steam Coal,BIT,ST,125.0,103.0,,,2015,8
195,Alabama Power Co,8,Gorgas,7,AL,SOCO,Conventional Steam Coal,BIT,ST,125.0,104.0,,,2015,8
195,Alabama Power Co,8,Gorgas,8,AL,SOCO,Conventional Steam Coal,BIT,ST,187.5,163.0,,,2019,4
195,Alabama Power Co,8,Gorgas,9,AL,SOCO,Conventional Steam Coal,BIT,ST,190.4,172.0,,,2019,4
18642,Tennessee Valley Authority,47,Colbert,1,AL,TVA,Conventional Steam Coal,BIT,ST,200.0,178.0,,,2016,4
18642,Tennessee Valley Authority,47,Colbert,2,AL,TVA,Conventional Steam Coal,BIT,ST,200.0,178.0,,,2016,4
18642,Tennessee Valley Authority,47,Colbert,3,AL,TVA,Conventional Steam Coal,BIT,ST,200.0,178.0,,,2016,4
18642,Tennessee Valley Authority,47,Colbert,4,AL,TVA,Conventional Steam Coal,BIT,ST,200.0,178.0,,,2016,4
18642,Tennessee Valley Authority,47,Colbert,5,AL,TVA,Conventional Steam Coal,BIT,ST,550.0,472.0,,,2016,4
18642,Tennessee Valley Authority,50,Widows Creek,1,AL,TVA,Conventional Steam Coal,BIT,ST,140.6,111.0,,,2014,7
18642,Tennessee Valley Authority,50,Widows Creek,2,AL,TVA,Conventional Steam Coal,BIT,ST,140.6,111.0,,,2014,7
18642,Tennessee Valley Authority,50,Widows Creek,3,AL,TVA,Conventional Steam Coal,BIT,ST,140.6,111.0,,,2013,7
18642,Tennessee Valley Authority,50,Widows Creek,4,AL,TVA,Conventional Steam Coal,BIT,ST,140.6,111.0,,,2014,7
18642,Tennessee Valley Authority,50,Widows Creek,5,AL,TVA,Conventional Steam Coal,BIT,ST,140.6,111.0,,,2013,7
18642,Tennessee Valley Authority,50,Widows Creek,6,AL,TVA,Conventional Steam Coal,BIT,ST,140.6,111.0,,,2014,7
18642,Tennessee Valley Authority,50,Widows Creek,7,AL,TVA,Conventional Steam Coal,BIT,ST,575.0,473.0,,,2015,9
18642,Tennessee Valley Authority,50,Widows Creek,8,AL,TVA,Conventional Steam Coal,BIT,ST,550.0,465.0,,,2015,9
3265,Cleco Power LLC,51,Dolet Hills,1,LA,MISO,Conventional Steam Coal,LIG,ST,720.7,634.8,,,2021,12
189,PowerSouth Energy Cooperative,56,Lowman Energy Center,1,AL,SOCO,Conventional Steam Coal,BIT,ST,66.0,78.0,,,2020,10
189,PowerSouth Energy Cooperative,56,Lowman Energy Center,2,AL,SOCO,Conventional Steam Coal,BIT,ST,236.0,238.0,,,2020,10
189,PowerSouth Energy Cooperative,56,Lowman Energy Center,3,AL,SOCO,Conventional Steam Coal,BIT,ST,236.0,238.0,,,2020,10
219,Alaska Power and Telephone Co,66,Skagway,8A,AK,,Petroleum Liquids,DFO,IC,0.5,0.5,,,2022,6
219,Alaska Power and Telephone Co,66,Skagway,9,AK,,Petroleum Liquids,DFO,IC,1.0,1.0,,,2023,3
219,Alaska Power and Telephone Co,69,Haines,10,AK,,Petroleum Liquids,DFO,IC,1.2,1.2,,,2021,3
219,Alaska Power and Telephone Co,69,Haines,9,AK,,Petroleum Liquids,DFO,IC,1.1,1.1,,,2004,6
3522,Chugach Electric Assn Inc,75,Hank Nikkels Plant 1,1,AK,,Natural Gas Fired Combustion Turbine,NG,GT,12.5,14.0,,,2016,12
3522,Chugach Electric Assn Inc,75,Hank Nikkels Plant 1,2,AK,,Natural Gas Fired Combustion Turbine,NG,GT,12.5,14.0,,,2016,12
3522,Chugach Electric Assn Inc,75,Hank Nikkels Plant 1,3,AK,,Natural Gas Fired Combustion Turbine,NG,GT,16.3,17.7,,,2004,8
3522,Chugach Electric Assn Inc,75,Hank Nikkels Plant 1,D1,AK,,Petroleum Liquids,DFO,IC,1.1,1.2,,,2010,1
3522,Chugach Electric Assn Inc,75,Hank Nikkels Plant 1,D2,AK,,Petroleum Liquids,DFO,IC,1.1,1.4,,,2010,1
986,Aurora Energy LLC,79,Chena Power Plant,3,AK,,Conventional Steam Coal,SUB,ST,1.5,1.5,,,2009,8
30151,"Tri-State G & T Assn, Inc",87,Escalante,1,NM,WACM,Conventional Steam Coal,SUB,ST,257.0,253.0,,,2020,11
13642,Nome Joint Utility Systems,90,Snake River,11,AK,,Petroleum Liquids,DFO,IC,1.5,1.5,,,2011,3
13642,Nome Joint Utility Systems,90,Snake River,6,AK,,Petroleum Liquids,DFO,IC,1.0,1.0,,,2008,1
13642,Nome Joint Utility Systems,90,Snake River,9,AK,,Petroleum Liquids,DFO,IC,2.8,2.9,,,2011,3
13642,Nome Joint Utility Systems,90,Snake River,ENT,AK,,Onshore Wind Turbine,WND,WT,0.8,0.8,,,2021,6
14856,Petersburg Borough - (AK),91,Petersburg,3,AK,,Conventional Hydroelectric,WAT,HY,1.6,1.6,,,2023,6
14856,Petersburg Borough - (AK),91,Petersburg,IC2,AK,,Petroleum Liquids,DFO,IC,0.3,0.2,,,2017,8
16955,City of Seward - (AK),92,Seward (AK),1,AK,,Petroleum Liquids,DFO,IC,1.5,1.0,,,2015,7
16955,City of Seward - (AK),92,Seward (AK),2,AK,,Petroleum Liquids,DFO,IC,1.5,1.0,,,2015,7
17271,City & Borough of Sitka - (AK),93,Blue Lake Hydro,1,AK,,Conventional Hydroelectric,WAT,HY,3.5,3.5,,,2014,8
17271,City & Borough of Sitka - (AK),93,Blue Lake Hydro,2,AK,,Conventional Hydroelectric,WAT,HY,3.5,3.5,,,2014,8
21015,City of Wrangell - (AK),95,Wrangell,5,AK,,Petroleum Liquids,DFO,IC,0.5,0.5,,,2009,1
21015,City of Wrangell - (AK),95,Wrangell,7,AK,,Petroleum Liquids,DFO,IC,0.5,0.5,,,2009,1
3522,Chugach Electric Assn Inc,96,Beluga,8,AK,,Natural Gas Fired Combined Cycle,NG,CA,62.0,44.0,,,2015,4
13870,"Nushagak Electric Coop, Inc",109,Dillingham,16,AK,,Petroleum Liquids,DFO,IC,0.5,0.5,,,2024,8
13870,"Nushagak Electric Coop, Inc",109,Dillingham,3,AK,,Petroleum Liquids,DFO,IC,0.3,0.3,,,2009,2
13870,"Nushagak Electric Coop, Inc",109,Dillingham,5,AK,,Petroleum Liquids,DFO,IC,0.7,0.7,,,2007,3
13870,"Nushagak Electric Coop, Inc",109,Dillingham,6,AK,,Petroleum Liquids,DFO,IC,1.0,1.0,,,2007,10
13870,"Nushagak Electric Coop, Inc",109,Dillingham,8,AK,,Petroleum Liquids,DFO,IC,0.8,0.8,,,2006,4
13870,"Nushagak Electric Coop, Inc",109,Dillingham,IC9,AK,,Petroleum Liquids,DFO,IC,0.8,0.8,,,2006,3
803,Arizona Public Service Co,112,Childs,1,AZ,,Conventional Hydroelectric,WAT,HY,1.8,1.4,,,2005,6
803,Arizona Public Service Co,112,Childs,2,AZ,,Conventional Hydroelectric,WAT,HY,1.8,1.4,,,2005,6
803,Arizona Public Service Co,112,Childs,3,AZ,,Conventional Hydroelectric,WAT,HY,1.8,1.4,,,2005,6
803,Arizona Public Service Co,113,Cholla,1,AZ,AZPS,Conventional Steam Coal,SUB,ST,113.6,112.0,,,2025,3
803,Arizona Public Service Co,113,Cholla,2,AZ,AZPS,Conventional Steam Coal,SUB,ST,288.9,260.0,,,2015,11
803,Arizona Public Service Co,113,Cholla,3,AZ,AZPS,Conventional Steam Coal,SUB,ST,312.3,271.0,,,2025,3
803,Arizona Public Service Co,113,Cholla,4,AZ,AZPS,Conventional Steam Coal,SUB,ST,414.0,380.0,,,2020,12
803,Arizona Public Service Co,115,Irving,1,AZ,,Conventional Hydroelectric,WAT,HY,1.6,1.4,,,2005,6
803,Arizona Public Service Co,116,Ocotillo,1,AZ,AZPS,Natural Gas Steam Turbine,NG,ST,113.6,110.0,,,2019,1
803,Arizona Public Service Co,116,Ocotillo,2,AZ,AZPS,Natural Gas Steam Turbine,NG,ST,113.6,110.0,,,2019,1
803,Arizona Public Service Co,116,Ocotillo,PV1,AZ,AZPS,Solar Photovoltaic,SUN,PV,0.1,0.1,,,2015,7
803,Arizona Public Service Co,116,Ocotillo,PV2,AZ,AZPS,Solar Photovoltaic,SUN,PV,0.1,0.1,,,2015,7
803,Arizona Public Service Co,116,Ocotillo,PVM,AZ,AZPS,Solar Photovoltaic,SUN,PV,0.4,0.4,,,2015,7
803,Arizona Public Service Co,117,West Phoenix,4,AZ,AZPS,Natural Gas Steam Turbine,NG,ST,34.5,33.3,,,2002,12
803,Arizona Public Service Co,117,West Phoenix,5,AZ,AZPS,Natural Gas Steam Turbine,NG,ST,16.0,12.0,,,2002,12
803,Arizona Public Service Co,117,West Phoenix,6,AZ,AZPS,Natural Gas Steam Turbine,NG,ST,69.0,63.0,,,2002,12
803,Arizona Public Service Co,118,Saguaro,1,AZ,AZPS,Natural Gas Steam Turbine,NG,ST,125.0,110.0,,,2013,7
803,Arizona Public Service Co,118,Saguaro,2,AZ,AZPS,Natural Gas Steam Turbine,NG,ST,125.0,100.0,,,2013,7
803,Arizona Public Service Co,118,Saguaro,PV1,AZ,AZPS,Solar Thermal without Energy Storage,SUN,OT,1.0,1.0,,,2013,4
24211,Tucson Electric Power Co,126,H Wilson Sundt Generating Station,ST1,AZ,TEPC,Natural Gas Steam Turbine,NG,ST,108.8,81.0,,,2019,11
24211,Tucson Electric Power Co,126,H Wilson Sundt Generating Station,ST2,AZ,TEPC,Natural Gas Steam Turbine,NG,ST,108.8,81.0,,,2019,11
63884,Oklaunion Power Station,127,Oklaunion,1,TX,SWPP,Conventional Steam Coal,SUB,ST,720.0,650.0,,,2020,9
21554,Seminole Electric Cooperative Inc,136,Seminole (FL),1,FL,SEC,Conventional Steam Coal,BIT,ST,714.6,626.0,,,2024,1
50079,Utility Board of Key West City (FL),164,Big Pine,1,FL,,Petroleum Liquids,DFO,IC,2.7,2.5,,,2006,9
7490,Grand River Dam Authority,165,GREC,1,OK,SWPP,Conventional Steam Coal,SUB,ST,540.0,540.0,,,2020,12
814,Entergy Arkansas LLC,167,Cecil Lynch,2,AR,MISO,Natural Gas Steam Turbine,NG,ST,69.0,60.0,,,2013,6
814,Entergy Arkansas LLC,167,Cecil Lynch,3,AR,MISO,Natural Gas Steam Turbine,NG,ST,156.2,110.0,,,2013,12
814,Entergy Arkansas LLC,167,Cecil Lynch,4,AR,MISO,Petroleum Liquids,DFO,IC,5.8,5.0,,,2013,5
814,Entergy Arkansas LLC,168,Hamilton Moses,1,AR,MISO,Natural Gas Steam Turbine,NG,ST,69.0,67.0,,,2013,2
814,Entergy Arkansas LLC,168,Hamilton Moses,2,AR,MISO,Natural Gas Steam Turbine,NG,ST,69.0,67.0,,,2013,2
814,Entergy Arkansas LLC,169,Harvey Couch,1,AR,MISO,Natural Gas Steam Turbine,NG,ST,26.5,12.0,,,2011,3
814,Entergy Arkansas LLC,169,Harvey Couch,2,AR,MISO,Natural Gas Steam Turbine,NG,ST,156.2,123.0,,,2013,12
814,Entergy Arkansas LLC,170,Lake Catherine,1,AR,MISO,Natural Gas Steam Turbine,NG,ST,40.0,47.0,,,2013,12
814,Entergy Arkansas LLC,170,Lake Catherine,2,AR,MISO,Natural Gas Steam Turbine,NG,ST,40.0,45.0,,,2013,12
814,Entergy Arkansas LLC,170,Lake Catherine,3,AR,MISO,Natural Gas Steam Turbine,NG,ST,119.5,96.0,,,2013,12
814,Entergy Arkansas LLC,171,Mabelvale,1,AR,MISO,Natural Gas Fired Combustion Turbine,NG,GT,19.5,14.1,,,2016,6
814,Entergy Arkansas LLC,171,Mabelvale,2,AR,MISO,Natural Gas Fired Combustion Turbine,NG,GT,19.5,14.0,,,2013,12
814,Entergy Arkansas LLC,171,Mabelvale,3,AR,MISO,Natural Gas Fired Combustion Turbine,NG,GT,19.5,14.1,,,2016,6
814,Entergy Arkansas LLC,171,Mabelvale,4,AR,MISO,Natural Gas Fired Combustion Turbine,NG,GT,19.5,14.0,,,2013,12
14216,City of Osceola - (AR),172,Osceola (AR),10,AR,MISO,Petroleum Liquids,DFO,IC,1.6,1.6,,,2012,7
14216,City of Osceola - (AR),172,Osceola (AR),11,AR,MISO,Petroleum Liquids,DFO,IC,1.6,1.6,,,2012,7
14216,City of Osceola - (AR),172,Osceola (AR),12,AR,MISO,Petroleum Liquids,DFO,IC,1.6,1.6,,,2012,7
14216,City of Osceola - (AR),172,Osceola (AR),13,AR,MISO,Petroleum Liquids,DFO,IC,1.6,1.6,,,2015,3
14216,City of Osceola - (AR),172,Osceola (AR),14,AR,MISO,Petroleum Liquids,DFO,IC,1.6,1.6,,,2015,3
814,Entergy Arkansas LLC,173,Robert E Ritchie,1,AR,MISO,Natural Gas Steam Turbine,NG,ST,359.0,300.0,,,2013,2
814,Entergy Arkansas LLC,173,Robert E Ritchie,2,AR,MISO,Natural Gas Steam Turbine,NG,ST,544.6,544.0,,,2013,11
814,Entergy Arkansas LLC,173,Robert E Ritchie,GT1,AR,MISO,Natural Gas Fired Combustion Turbine,NG,GT,19.5,16.0,,,2013,6
1000,City of Augusta - (AR),181,Fairbanks,1,AR,,Petroleum Liquids,DFO,IC,1.2,1.2,,,2005,1
1000,City of Augusta - (AR),181,Fairbanks,2,AR,,Petroleum Liquids,DFO,IC,0.7,0.7,,,2005,1
1000,City of Augusta - (AR),181,Fairbanks,3,AR,,Petroleum Liquids,DFO,IC,0.3,0.3,,,2005,1
1000,City of Augusta - (AR),181,Fairbanks,4,AR,,Petroleum Liquids,DFO,IC,0.3,0.3,,,2005,1
1000,City of Augusta - (AR),181,Fairbanks,5,AR,,Petroleum Liquids,DFO,IC,0.1,0.1,,,2005,1
14446,Paragould Municipal Utilities (AR),192,Paragould,1,AR,SPA,Petroleum Liquids,DFO,IC,0.4,0.4,,,2002,1
14446,Paragould Municipal Utilities (AR),192,Paragould,2,AR,SPA,Petroleum Liquids,DFO,IC,1.1,1.1,,,2002,1
14446,Paragould Municipal Utilities (AR),192,Paragould,4,AR,SPA,Petroleum Liquids,DFO,IC,0.8,0.8,,,2002,1
14446,Paragould Municipal Utilities (AR),192,Paragould,5,AR,SPA,Petroleum Liquids,DFO,IC,0.8,0.8,,,2002,9
14446,Paragould Municipal Utilities (AR),192,Paragould,6,AR,SPA,Petroleum Liquids,DFO,IC,1.0,1.0,,,2002,1
807,Arkansas Electric Coop Corp,202,Carl Bailey,1,AR,MISO,Natural Gas Steam Turbine,NG,ST,120.0,122.0,,,2024,10
9617,JEA,207,St Johns River Power Park,1,FL,JEA,Conventional Steam Coal,BIT,ST,679.0,626.0,,,2018,1
9617,JEA,207,St Johns River Power Park,2,FL,JEA,Conventional Steam Coal,BIT,ST,679.0,626.0,,,2018,1
14328,Pacific Gas & Electric Co.,214,Alta Powerhouse,2,CA,CISO,Conventional Hydroelectric,WAT,HY,1.0,1.0,,,2013,7
14328,Pacific Gas & Electric Co.,226,Coal Canyon,1,CA,CISO,Conventional Hydroelectric,WAT,HY,1.0,0.9,,,2013,1
12631,NRG Delta LLC,228,Contra Costa,6,CA,CISO,Natural Gas Steam Turbine,NG,ST,359.0,335.0,,,2013,5
12631,NRG Delta LLC,228,Contra Costa,7,CA,CISO,Natural Gas Steam Turbine,NG,ST,359.0,337.0,,,2013,5
14328,Pacific Gas & Electric Co.,229,Cow Creek,1,CA,CISO,Conventional Hydroelectric,WAT,HY,0.7,0.9,,,2024,10
14328,Pacific Gas & Electric Co.,229,Cow Creek,2,CA,CISO,Conventional Hydroelectric,WAT,HY,0.7,0.9,,,2024,10
14328,Pacific Gas & Electric Co,246,Humboldt Bay,3,CA,,Nuclear,NUC,ST,65.0,63.0,,,1985,12
14328,Pacific Gas & Electric Co.,246,Humboldt Bay,ST1,CA,CISO,Natural Gas Steam Turbine,NG,ST,51.2,52.0,,,2010,9
14328,Pacific Gas & Electric Co.,246,Humboldt Bay,ST2,CA,CISO,Natural Gas Steam Turbine,NG,ST,51.2,53.0,,,2010,9
14328,Pacific Gas & Electric Co.,247,Hunters Point,2,CA,,Natural Gas Steam Turbine,NG,ST,107.5,107.0,,,2006,5
14328,Pacific Gas & Electric Co.,247,Hunters Point,3,CA,,Natural Gas Steam Turbine,NG,ST,107.5,107.0,,,2006,5
14328,Pacific Gas & Electric Co.,247,Hunters Point,4,CA,,Natural Gas Steam Turbine,NG,ST,156.2,163.0,,,2006,5
14328,Pacific Gas & Electric Co.,247,Hunters Point,GT1,CA,,Petroleum Liquids,DFO,GT,56.2,52.0,,,2006,5
14328,Pacific Gas & Electric Co.,250,Kerckhoff,H2,CA,CISO,Conventional Hydroelectric,WAT,HY,11.3,12.6,,,2013,4
14328,Pacific Gas & Electric Co.,253,Kilarc,1,CA,CISO,Conventional Hydroelectric,WAT,HY,1.5,1.6,,,2024,10
14328,Pacific Gas & Electric Co.,253,Kilarc,2,CA,CISO,Conventional Hydroelectric,WAT,HY,1.5,1.6,,,2018,1
14328,Pacific Gas & Electric Co.,255,Lime Saddle,1,CA,CISO,Conventional Hydroelectric,WAT,HY,1.0,1.0,,,2023,12
14328,Pacific Gas & Electric Co.,255,Lime Saddle,2,CA,CISO,Conventional Hydroelectric,WAT,HY,1.0,1.0,,,2023,12
55843,Dynegy Morro Bay LLC,259,Dynegy Morro Bay LLC,1,CA,CISO,Natural Gas Steam Turbine,NG,ST,169.1,163.0,,,2014,2
55843,Dynegy Morro Bay LLC,259,Dynegy Morro Bay LLC,2,CA,CISO,Natural Gas Steam Turbine,NG,ST,169.1,163.0,,,2014,2
55843,Dynegy Morro Bay LLC,259,Dynegy Morro Bay LLC,3,CA,CISO,Natural Gas Steam Turbine,NG,ST,359.0,337.0,,,2014,2
55843,Dynegy Morro Bay LLC,259,Dynegy Morro Bay LLC,4,CA,CISO,Natural Gas Steam Turbine,NG,ST,359.0,336.0,,,2014,2
54802,Dynegy -Moss Landing LLC,260,Dynegy Moss Landing Power Plant Hybrid,6,CA,CISO,Natural Gas Steam Turbine,NG,ST,702.0,754.0,,,2016,12
54802,Dynegy -Moss Landing LLC,260,Dynegy Moss Landing Power Plant Hybrid,7,CA,CISO,Natural Gas Steam Turbine,NG,ST,702.0,755.0,,,2016,12
54802,Dynegy -Moss Landing LLC,260,Dynegy Moss Landing Power Plant Hybrid,BAT1,CA,CISO,Batteries,MWH,BA,300.0,300.0,,,2025,1
12631,NRG Delta LLC,271,Pittsburg Power,1,CA,CISO,Natural Gas Steam Turbine,NG,ST,213.4,150.0,,,2003,10
12631,NRG Delta LLC,271,Pittsburg Power,2,CA,CISO,Natural Gas Steam Turbine,NG,ST,213.4,150.0,,,2003,10
12631,NRG Delta LLC,271,Pittsburg Power,3,CA,CISO,Natural Gas Steam Turbine,NG,ST,213.4,150.0,,,2003,10
12631,NRG Delta LLC,271,Pittsburg Power,4,CA,CISO,Natural Gas Steam Turbine,NG,ST,213.4,145.0,,,2003,10
12631,NRG Delta LLC,271,Pittsburg Power,5,CA,CISO,Natural Gas Steam Turbine,NG,ST,326.4,312.0,,,2017,1
12631,NRG Delta LLC,271,Pittsburg Power,6,CA,CISO,Natural Gas Steam Turbine,NG,ST,326.4,317.0,,,2017,1
12631,NRG Delta LLC,271,Pittsburg Power,7,CA,CISO,Natural Gas Steam Turbine,NG,ST,751.1,682.0,,,2017,1
12622,NRG Potrero LLC,273,Potrero Power,3,CA,,Natural Gas Steam Turbine,NG,ST,226.0,206.0,,,2011,2
12622,NRG Potrero LLC,273,Potrero Power,4,CA,,Petroleum Liquids,DFO,GT,52.0,52.0,,,2011,2
12622,NRG Potrero LLC,273,Potrero Power,5,CA,,Petroleum Liquids,DFO,GT,52.0,52.0,,,2011,2
12622,NRG Potrero LLC,273,Potrero Power,6,CA,,Petroleum Liquids,DFO,GT,52.0,52.0,,,2011,2
7160,Geysers Power Co LLC,286,Geysers Unit 5-20,U10,CA,CISO,Geothermal,GEO,ST,55.0,0.0,,,2006,5
7160,Geysers Power Co LLC,286,Geysers Unit 5-20,U9,CA,CISO,Geothermal,GEO,ST,55.0,0.0,,,2006,5
14354,PacifiCorp,294,Copco 1,1,CA,PACW,Conventional Hydroelectric,WAT,HY,10.0,14.0,,,2024,1
14354,PacifiCorp,294,Copco 1,2,CA,PACW,Conventional Hydroelectric,WAT,HY,10.0,14.0,,,2024,1
14354,PacifiCorp,295,Copco 2,1,CA,PACW,Conventional Hydroelectric,WAT,HY,13.5,17.0,,,2023,5
14354,PacifiCorp,295,Copco 2,2,CA,PACW,Conventional Hydroelectric,WAT,HY,13.5,17.0,,,2023,5
14354,PacifiCorp,297,Iron Gate,1,CA,PACW,Conventional Hydroelectric,WAT,HY,18.0,18.8,,,2024,1
13960,NRG Cabrillo Power Ops Inc,300,Division,DIGT,CA,,Petroleum Liquids,DFO,GT,16.0,13.0,,,2003,12
13960,NRG Cabrillo Power Ops Inc,301,El Cajon,ENCI,CA,CISO,Natural Gas Fired Combustion Turbine,NG,GT,18.0,16.0,,,2016,12
13960,NRG Cabrillo Power Ops Inc,302,Encina,2,CA,CISO,Natural Gas Steam Turbine,NG,ST,110.0,104.0,,,2018,12
13960,NRG Cabrillo Power Ops Inc,302,Encina,3,CA,CISO,Natural Gas Steam Turbine,NG,ST,110.0,110.0,,,2018,12
13960,NRG Cabrillo Power Ops Inc,302,Encina,4,CA,CISO,Natural Gas Steam Turbine,NG,ST,306.0,300.0,,,2018,12
13960,NRG Cabrillo Power Ops Inc,302,Encina,5,CA,CISO,Natural Gas Steam Turbine,NG,ST,345.6,330.0,,,2018,12
13960,NRG Cabrillo Power Ops Inc,302,Encina,GT1,CA,CISO,Natural Gas Fired Combustion Turbine,NG,GT,18.0,14.0,,,2018,12
13960,NRG Cabrillo Power Ops Inc,302,Encina,ST1,CA,CISO,Natural Gas Steam Turbine,NG,ST,110.0,106.0,,,2017,4
13960,NRG Cabrillo Power Ops Inc,303,Kearny,KEA1,CA,CISO,Natural Gas Fired Combustion Turbine,NG,GT,17.5,16.0,,,2014,12
13960,NRG Cabrillo Power Ops Inc,303,Kearny,KEA2,CA,CISO,Natural Gas Fired Combustion Turbine,NG,GT,72.0,59.0,,,2015,12
13960,NRG Cabrillo Power Ops Inc,303,Kearny,KEA3,CA,CISO,Natural Gas Fired Combustion Turbine,NG,GT,72.0,61.0,,,2017,12
13960,NRG Cabrillo Power Ops Inc,305,Miramar,MRGT,CA,CISO,Natural Gas Fired Combustion Turbine,NG,GT,49.0,36.0,,,2016,12
13960,NRG Cabrillo Power Ops Inc,306,Naval Station,NSGT,CA,,Natural Gas Fired Combustion Turbine,NG,GT,26.0,20.0,,,2002,11
13960,NRG Cabrillo Power Ops Inc,307,North Island,NIG1,CA,,Petroleum Liquids,DFO,GT,19.0,17.0,,,2002,11
13960,NRG Cabrillo Power Ops Inc,307,North Island,NIG2,CA,,Natural Gas Fired Combustion Turbine,NG,GT,18.0,17.0,,,2002,11
56151,Dynegy South Bay LLC,310,Dynegy South Bay Power Plant,2,CA,,Natural Gas Steam Turbine,NG,ST,136.0,150.0,,,2011,1
56151,Dynegy South Bay LLC,310,Dynegy South Bay Power Plant,3,CA,,Natural Gas Steam Turbine,NG,ST,201.6,175.0,,,2009,12
56151,Dynegy South Bay LLC,310,Dynegy South Bay Power Plant,4,CA,,Natural Gas Steam Turbine,NG,ST,240.3,222.0,,,2009,12
56151,Dynegy South Bay LLC,310,Dynegy South Bay Power Plant,5,CA,,Petroleum Liquids,JF,GT,15.0,14.0,,,2011,1
56151,Dynegy South Bay LLC,310,Dynegy South Bay Power Plant,ST1,CA,,Natural Gas Steam Turbine,NG,ST,136.0,146.0,,,2011,1
22148,AES Alamitos LLC,315,AES Alamitos LLC,1,CA,CISO,Natural Gas Steam Turbine,NG,ST,156.0,175.0,,,2019,12
22148,AES Alamitos LLC,315,AES Alamitos LLC,2,CA,CISO,Natural Gas Steam Turbine,NG,ST,156.0,175.0,,,2019,12
22148,AES Alamitos LLC,315,AES Alamitos LLC,6,CA,CISO,Natural Gas Steam Turbine,NG,ST,495.0,495.0,,,2019,12
22148,AES Alamitos LLC,315,AES Alamitos LLC,7,CA,CISO,Natural Gas Fired Combustion Turbine,NG,GT,133.0,133.0,,,2003,12
17609,Southern California Edison Co,328,Borel,1,CA,CISO,Conventional Hydroelectric,WAT,HY,3.0,2.1,,,2017,9
17609,Southern California Edison Co,328,Borel,2,CA,CISO,Conventional Hydroelectric,WAT,HY,3.0,2.5,,,2017,9
17609,Southern California Edison Co,328,Borel,3,CA,CISO,Conventional Hydroelectric,WAT,HY,6.0,6.0,,,2017,9
15908,"GenOn California South, LP",329,Coolwater,1,CA,CISO,Natural Gas Steam Turbine,NG,ST,65.3,65.0,,,2014,12
15908,"GenOn California South, LP",329,Coolwater,2,CA,CISO,Natural Gas Steam Turbine,NG,ST,82.0,82.0,,,2014,12
15908,"GenOn California South, LP",329,Coolwater,30,CA,CISO,Natural Gas Fired Combined Cycle,NG,CA,120.0,99.0,,,2014,12
15908,"GenOn California South, LP",329,Coolwater,31,CA,CISO,Natural Gas Fired Combined Cycle,NG,CT,85.0,73.0,,,2014,12
15908,"GenOn California South, LP",329,Coolwater,32,CA,CISO,Natural Gas Fired Combined Cycle,NG,CT,85.0,73.0,,,2014,12
15908,"GenOn California South, LP",329,Coolwater,40,CA,CISO,Natural Gas Fired Combined Cycle,NG,CA,120.0,99.0,,,2014,12
15908,"GenOn California South, LP",329,Coolwater,41,CA,CISO,Natural Gas Fired Combined Cycle,NG,CT,85.0,73.5,,,2014,12
15908,"GenOn California South, LP",329,Coolwater,42,CA,CISO,Natural Gas Fired Combined Cycle,NG,CT,85.0,73.5,,,2014,12
13584,NRG El Segundo Operations Inc,330,El Segundo Power,1,CA,CISO,Natural Gas Steam Turbine,NG,ST,156.2,145.3,,,2002,12
13584,NRG El Segundo Operations Inc,330,El Segundo Power,2,CA,CISO,Natural Gas Steam Turbine,NG,ST,156.2,145.3,,,2002,12
13584,NRG El Segundo Operations Inc,330,El Segundo Power,3,CA,CISO,Natural Gas Steam Turbine,NG,ST,342.0,335.0,,,2013,7
13584,NRG El Segundo Operations Inc,330,El Segundo Power,4,CA,CISO,Natural Gas Steam Turbine,NG,ST,342.0,335.0,,,2015,12
15908,"GenOn California South, LP",331,Etiwanda Generating Station,1,CA,CISO,Natural Gas Steam Turbine,NG,ST,123.0,132.0,,,2003,10
15908,"GenOn California South, LP",331,Etiwanda Generating Station,2,CA,CISO,Natural Gas Steam Turbine,NG,ST,123.0,132.0,,,2003,10
15908,"GenOn California South, LP",331,Etiwanda Generating Station,3,CA,CISO,Natural Gas Steam Turbine,NG,ST,333.0,320.0,,,2018,5
15908,"GenOn California South, LP",331,Etiwanda Generating Station,4,CA,CISO,Natural Gas Steam Turbine,NG,ST,333.0,320.0,,,2018,5
15908,"GenOn California South, LP",331,Etiwanda Generating Station,5,CA,CISO,Natural Gas Fired Combustion Turbine,NG,GT,138.1,115.0,,,2003,12
16031,Riverside Canal Power Co Inc,334,Riverside Canal Power,1,CA,,Natural Gas Steam Turbine,NG,ST,30.0,30.0,,,2003,4
16031,Riverside Canal Power Co Inc,334,Riverside Canal Power,2,CA,,Natural Gas Steam Turbine,NG,ST,30.0,27.0,,,2003,4
16031,Riverside Canal Power Co Inc,334,Riverside Canal Power,3,CA,,Natural Gas Steam Turbine,NG,ST,40.0,40.0,,,2003,4
16031,Riverside Canal Power Co Inc,334,Riverside Canal Power,4,CA,,Natural Gas Steam Turbine,NG,ST,40.0,30.0,,,2003,4
23693,AES Huntington Beach LLC,335,AES Huntington Beach LLC,1,CA,CISO,Natural Gas Steam Turbine,NG,ST,218.0,225.8,,,2019,12
23693,AES Huntington Beach LLC,335,AES Huntington Beach LLC,3,CA,CISO,Natural Gas Steam Turbine,NG,ST,225.0,225.0,,,2012,11
23693,AES Huntington Beach LLC,335,AES Huntington Beach LLC,4,CA,CISO,Natural Gas Steam Turbine,NG,ST,227.0,227.0,,,2012,11
23693,AES Huntington Beach LLC,335,AES Huntington Beach LLC,5,CA,CISO,Natural Gas Fired Combustion Turbine,NG,GT,133.0,133.0,,,2002,10
11181,Long Beach Generation LLC,341,Long Beach Generation,CT5,CA,CISO,Natural Gas Fired Combined Cycle,NG,CT,63.0,63.0,,,2004,12
11181,Long Beach Generation LLC,341,Long Beach Generation,CT6,CA,CISO,Natural Gas Fired Combined Cycle,NG,CT,63.0,63.0,,,2004,12
11181,Long Beach Generation LLC,341,Long Beach Generation,CT7,CA,CISO,Natural Gas Fired Combined Cycle,NG,CT,63.0,63.0,,,2004,12
11181,Long Beach Generation LLC,341,Long Beach Generation,ST8,CA,CISO,Natural Gas Fired Combined Cycle,NG,CA,80.0,80.0,,,2004,12
11181,Long Beach Generation LLC,341,Long Beach Generation,ST9,CA,CISO,Natural Gas Fired Combined Cycle,NG,CA,66.4,63.0,,,2004,12
15908,"GenOn California South, LP",345,Mandalay,03,CA,CISO,Natural Gas Fired Combustion Turbine,NG,GT,138.0,130.0,,,2018,2
15908,"GenOn California South, LP",345,Mandalay,1,CA,CISO,Natural Gas Steam Turbine,NG,ST,218.0,215.0,,,2018,2
15908,"GenOn California South, LP",345,Mandalay,2,CA,CISO,Natural Gas Steam Turbine,NG,ST,218.0,215.0,,,2018,2
22484,AES Redondo Beach LLC,356,AES Redondo Beach LLC,5,CA,CISO,Natural Gas Steam Turbine,NG,ST,163.2,175.0,,,2023,12
22484,AES Redondo Beach LLC,356,AES Redondo Beach LLC,6,CA,CISO,Natural Gas Steam Turbine,NG,ST,163.2,175.0,,,2023,12
22484,AES Redondo Beach LLC,356,AES Redondo Beach LLC,7,CA,CISO,Natural Gas Steam Turbine,NG,ST,495.0,480.0,,,2019,10
22484,AES Redondo Beach LLC,356,AES Redondo Beach LLC,8,CA,CISO,Natural Gas Steam Turbine,NG,ST,495.0,480.0,,,2023,12
17609,Southern California Edison Co,358,Mountainview Generating Station,1,CA,CISO,Natural Gas Steam Turbine,NG,ST,65.3,60.0,,,2002,12
17609,Southern California Edison Co,358,Mountainview Generating Station,2,CA,CISO,Natural Gas Steam Turbine,NG,ST,65.3,60.0,,,2002,12
17609,Southern California Edison Co,360,San Onofre Nuclear Generating Station,1,CA,CISO,Nuclear,NUC,ST,456.0,436.0,,,1992,11
17609,Southern California Edison Co,360,San Onofre Nuclear Generating Station,2,CA,CISO,Nuclear,NUC,ST,1127.0,1070.0,,,2013,6
17609,Southern California Edison Co,360,San Onofre Nuclear Generating Station,3,CA,CISO,Nuclear,NUC,ST,1127.0,1080.0,,,2013,6
2507,City of Burbank Water and Power - (CA),375,Magnolia,M2,CA,,Natural Gas Fired Combined Cycle,NG,CA,10.0,10.0,,,2002,9
2507,City of Burbank Water and Power - (CA),375,Magnolia,M3,CA,,Natural Gas Steam Turbine,NG,ST,20.0,20.0,,,2002,2
2507,City of Burbank Water and Power - (CA),375,Magnolia,M4,CA,,Natural Gas Steam Turbine,NG,ST,34.5,30.0,,,2002,2
2507,City of Burbank Water and Power - (CA),375,Magnolia,M5,CA,,Natural Gas Fired Combustion Turbine,NG,GT,23.1,21.7,,,2003,12
7294,City of Glendale - (CA),377,Grayson,1,CA,LDWP,Natural Gas Fired Combined Cycle,NG,CA,20.0,19.0,,,2023,5
7294,City of Glendale - (CA),377,Grayson,2,CA,LDWP,Natural Gas Fired Combined Cycle,NG,CA,20.0,19.0,,,2023,5
7294,City of Glendale - (CA),377,Grayson,3,CA,LDWP,Natural Gas Steam Turbine,NG,ST,23.0,18.0,,,2023,3
7294,City of Glendale - (CA),377,Grayson,4,CA,LDWP,Natural Gas Steam Turbine,NG,ST,50.0,40.0,,,2023,5
7294,City of Glendale - (CA),377,Grayson,5,CA,LDWP,Natural Gas Steam Turbine,NG,ST,50.0,40.0,,,2023,4
7294,City of Glendale - (CA),377,Grayson,6,CA,LDWP,Natural Gas Fired Combustion Turbine,NG,GT,22.0,15.0,,,2004,3
7294,City of Glendale - (CA),377,Grayson,7,CA,LDWP,Natural Gas Fired Combustion Turbine,NG,GT,31.0,20.0,,,2002,11
7294,City of Glendale - (CA),377,Grayson,8A,CA,LDWP,Natural Gas Fired Combined Cycle,NG,CT,25.4,26.0,,,2023,4
7294,City of Glendale - (CA),377,Grayson,8BC,CA,LDWP,Natural Gas Fired Combined Cycle,NG,CT,55.1,46.0,,,2023,5
9216,Imperial Irrigation District,383,Brawley,GT1,CA,IID,Petroleum Liquids,DFO,GT,11.5,9.0,,,2009,12
9216,Imperial Irrigation District,383,Brawley,GT2,CA,IID,Petroleum Liquids,DFO,GT,11.5,9.0,,,2009,12
12384,Midwest Generations EME LLC,384,Joliet 29,7,IL,PJM,Natural Gas Steam Turbine,NG,ST,660.0,518.0,,,2023,9
12384,Midwest Generations EME LLC,384,Joliet 29,8,IL,PJM,Natural Gas Steam Turbine,NG,ST,660.0,518.0,,,2023,9
9216,Imperial Irrigation District,389,El Centro Hybrid,3,CA,IID,Natural Gas Steam Turbine,NG,ST,50.0,42.0,,,2010,9
11208,Los Angeles Department of Water & Power,399,Harbor,GT6,CA,LDWP,Natural Gas Fired Combustion Turbine,NG,GT,23.5,19.0,,,2002,10
11208,Los Angeles Department of Water & Power,399,Harbor,GT7,CA,LDWP,Natural Gas Fired Combustion Turbine,NG,GT,23.5,19.0,,,2002,10
11208,Los Angeles Department of Water & Power,400,Haynes,3,CA,LDWP,Natural Gas Steam Turbine,NG,ST,230.0,222.0,,,2004,9
11208,Los Angeles Department of Water & Power,400,Haynes,4,CA,LDWP,Natural Gas Steam Turbine,NG,ST,230.0,222.0,,,2003,12
11208,Los Angeles Department of Water & Power,400,Haynes,5,CA,LDWP,Natural Gas Steam Turbine,NG,ST,343.0,292.0,,,2013,6
11208,Los Angeles Department of Water & Power,400,Haynes,6,CA,LDWP,Natural Gas Steam Turbine,NG,ST,343.0,238.0,,,2013,6
11208,Los Angeles Department of Water & Power,404,Scattergood,3,CA,LDWP,Natural Gas Steam Turbine,NG,ST,496.8,445.0,,,2015,12
219,Alaska Power and Telephone Co,406,Tok,8,AK,,Petroleum Liquids,DFO,IC,0.4,0.6,,,2017,1
219,Alaska Power and Telephone Co,406,Tok,9,AK,,Petroleum Liquids,DFO,IC,0.9,1.1,,,2008,9
11208,Los Angeles Department of Water & Power,408,Valley (CA),3,CA,LDWP,Natural Gas Steam Turbine,NG,ST,172.8,163.0,,,2003,12
11208,Los Angeles Department of Water & Power,408,Valley (CA),4,CA,LDWP,Natural Gas Steam Turbine,NG,ST,172.8,160.0,,,2003,12
14534,City of Pasadena - (CA),420,Broadway (CA),B1,CA,CISO,Natural Gas Steam Turbine,NG,ST,46.0,45.0,,,2002,12
14534,City of Pasadena - (CA),420,Broadway (CA),B2,CA,CISO,Natural Gas Steam Turbine,NG,ST,46.0,45.0,,,2002,12
14534,City of Pasadena - (CA),420,Broadway (CA),B3,CA,CISO,Natural Gas Steam Turbine,NG,ST,75.0,71.0,,,2016,12
219,Alaska Power and Telephone Co,421,Craig (AK),3A,AK,,Petroleum Liquids,DFO,IC,1.6,1.6,,,2015,7
219,Alaska Power and Telephone Co,421,Craig (AK),3B,AK,,Petroleum Liquids,DFO,IC,1.8,1.8,,,2023,12
16534,Sacramento Municipal Util Dist,435,White Rock/Slab Creek,H4,CA,BANC,Conventional Hydroelectric,WAT,HY,0.5,0.5,,,2025,10
56146,"Black Hills Colorado Electric, LLC",460,Pueblo,5,CO,PSCO,Natural Gas Steam Turbine,NG,ST,7.5,7.0,,,2013,12
56146,"Black Hills Colorado Electric, LLC",460,Pueblo,6,CO,PSCO,Natural Gas Steam Turbine,NG,ST,15.0,15.0,,,2013,12
56146,"Black Hills Colorado Electric, LLC",460,Pueblo,IC1,CO,PSCO,Petroleum Liquids,DFO,IC,2.0,2.0,,,2025,12
56146,"Black Hills Colorado Electric, LLC",460,Pueblo,IC3,CO,PSCO,Petroleum Liquids,DFO,IC,2.0,2.0,,,2025,12
56146,"Black Hills Colorado Electric, LLC",460,Pueblo,IC4,CO,PSCO,Petroleum Liquids,DFO,IC,2.0,2.0,,,2025,12
56146,"Black Hills Colorado Electric, LLC",460,Pueblo,IC5,CO,PSCO,Petroleum Liquids,DFO,IC,2.0,2.0,,,2025,12
56146,"Black Hills Colorado Electric, LLC",462,W N Clark,1,CO,PSCO,Conventional Steam Coal,BIT,ST,18.7,16.0,,,2013,12
56146,"Black Hills Colorado Electric, LLC",462,W N Clark,2,CO,PSCO,Conventional Steam Coal,BIT,ST,25.0,24.9,,,2013,12
15466,Public Service Co of Colorado,465,Arapahoe,1,CO,PSCO,Conventional Steam Coal,SUB,ST,44.0,45.0,,,2002,12
15466,Public Service Co of Colorado,465,Arapahoe,2,CO,PSCO,Conventional Steam Coal,SUB,ST,44.0,45.0,,,2002,12
15466,Public Service Co of Colorado,465,Arapahoe,3,CO,PSCO,Conventional Steam Coal,SUB,ST,40.0,35.0,,,2013,12
15466,Public Service Co of Colorado,465,Arapahoe,4,CO,PSCO,Conventional Steam Coal,SUB,ST,112.5,109.0,,,2013,12
1994,"Boulder, City of - (CO)",466,Boulder Canyon Hydro,1,CO,PSCO,Conventional Hydroelectric,WAT,HY,10.0,5.0,,,2012,9
15466,Public Service Co of Colorado,468,Cameo,1,CO,PSCO,Conventional Steam Coal,BIT,ST,25.0,23.7,,,2010,12
15466,Public Service Co of Colorado,468,Cameo,2,CO,PSCO,Conventional Steam Coal,BIT,ST,50.0,49.0,,,2010,12
15466,Public Service Co of Colorado,469,Cherokee,1,CO,PSCO,Conventional Steam Coal,BIT,ST,125.0,107.0,,,2012,4
15466,Public Service Co of Colorado,469,Cherokee,2,CO,PSCO,Conventional Steam Coal,BIT,ST,125.0,106.0,,,2011,10
15466,Public Service Co of Colorado,469,Cherokee,3,CO,PSCO,Conventional Steam Coal,BIT,ST,170.5,152.0,,,2015,8
15466,Public Service Co of Colorado,470,Comanche (CO),1,CO,WACM,Conventional Steam Coal,SUB,ST,382.5,325.0,,,2022,12
57301,Orchard Mesa Irrigation District,473,Grand Valley Project Power Plant,1,CO,PSCO,Conventional Hydroelectric,WAT,HY,1.5,1.5,,,2021,10
57301,Orchard Mesa Irrigation District,473,Grand Valley Project Power Plant,2,CO,PSCO,Conventional Hydroelectric,WAT,HY,1.5,1.6,,,2017,4
15466,Public Service Co of Colorado,474,Salida,1,CO,PSCO,Conventional Hydroelectric,WAT,HY,0.8,0.8,,,2018,7
15466,Public Service Co of Colorado,477,Valmont,5,CO,PSCO,Conventional Steam Coal,BIT,ST,191.7,184.0,,,2017,9
15466,Public Service Co of Colorado,478,Zuni,1,CO,PSCO,Natural Gas Steam Turbine,NG,ST,40.2,26.0,,,2010,1
15466,Public Service Co of Colorado,478,Zuni,2,CO,PSCO,Natural Gas Steam Turbine,NG,ST,75.0,60.0,,,2015,12
2550,City of Burlington - (CO),490,Burlington City of,1,CO,WACM,Petroleum Liquids,DFO,IC,1.2,1.0,,,2006,1
2550,City of Burlington - (CO),490,Burlington City of,2,CO,WACM,Petroleum Liquids,DFO,IC,2.8,2.5,,,2006,1
2550,City of Burlington - (CO),490,Burlington City of,3,CO,WACM,Petroleum Liquids,DFO,IC,2.5,2.2,,,2006,1
2550,City of Burlington - (CO),490,Burlington City of,4,CO,WACM,Petroleum Liquids,DFO,IC,1.0,0.8,,,2006,1
3227,City of Center - (CO),491,Center,3,CO,PSCO,Petroleum Liquids,DFO,IC,0.5,0.5,,,2021,1
3227,City of Center - (CO),491,Center,5,CO,PSCO,Petroleum Liquids,DFO,IC,1.0,1.0,,,2021,1
3989,City of Colorado Springs - (CO),492,South Plant (CO),5,CO,WACM,Conventional Steam Coal,SUB,ST,50.0,46.0,,,2016,12
3989,City of Colorado Springs - (CO),492,South Plant (CO),6,CO,WACM,Conventional Steam Coal,SUB,ST,75.0,77.0,,,2022,8
3989,City of Colorado Springs - (CO),492,South Plant (CO),7,CO,WACM,Natural Gas Steam Turbine,NG,ST,132.3,131.0,,,2022,8
3989,City of Colorado Springs - (CO),493,George Birdsall,1,CO,WACM,Natural Gas Steam Turbine,NG,ST,17.3,16.0,,,2025,12
3989,City of Colorado Springs - (CO),493,George Birdsall,2,CO,WACM,Natural Gas Steam Turbine,NG,ST,18.8,16.0,,,2025,12
3989,City of Colorado Springs - (CO),493,George Birdsall,3,CO,WACM,Natural Gas Steam Turbine,NG,ST,25.0,22.0,,,2025,12
5036,City of Delta - (CO),496,Delta (CO),1,CO,WACM,Natural Gas Internal Combustion Engine,NG,IC,0.8,0.8,,,2014,5
5036,City of Delta - (CO),496,Delta (CO),2,CO,WACM,Natural Gas Internal Combustion Engine,NG,IC,0.4,0.4,,,2014,5
5036,City of Delta - (CO),496,Delta (CO),3,CO,WACM,Petroleum Liquids,DFO,IC,0.1,0.1,,,2014,5
5036,City of Delta - (CO),496,Delta (CO),4,CO,WACM,Petroleum Liquids,DFO,IC,0.1,0.1,,,2014,5
5036,City of Delta - (CO),496,Delta (CO),5,CO,WACM,Petroleum Liquids,DFO,IC,0.1,0.1,,,2014,5
5036,City of Delta - (CO),496,Delta (CO),6,CO,WACM,Natural Gas Internal Combustion Engine,NG,IC,1.2,1.2,,,2014,5
5036,City of Delta - (CO),496,Delta (CO),7,CO,WACM,Natural Gas Internal Combustion Engine,NG,IC,2.1,1.8,,,2014,5
8751,Town of Holly - (CO),502,Holly,1,CO,WACM,Natural Gas Internal Combustion Engine,NG,IC,0.2,0.2,,,2002,12
8751,Town of Holly - (CO),502,Holly,2,CO,WACM,Natural Gas Internal Combustion Engine,NG,IC,0.2,0.2,,,2002,12
8751,Town of Holly - (CO),502,Holly,ARPA,CO,WACM,Petroleum Liquids,DFO,IC,2.2,2.0,,,2006,10
9928,City of Julesburg - (CO),504,Julesburg,2,CO,WACM,Petroleum Liquids,DFO,IC,0.9,0.7,,,2002,2
10536,City of La Junta - (CO),506,La Junta,1,CO,PSCO,Petroleum Liquids,DFO,IC,0.6,0.5,,,2003,1
10536,City of La Junta - (CO),506,La Junta,2,CO,PSCO,Petroleum Liquids,DFO,IC,0.7,0.5,,,2020,9
10536,City of La Junta - (CO),506,La Junta,3,CO,PSCO,Petroleum Liquids,DFO,IC,0.4,0.4,,,2020,9
10536,City of La Junta - (CO),506,La Junta,4,CO,PSCO,Petroleum Liquids,DFO,IC,1.0,1.0,,,2020,9
10536,City of La Junta - (CO),506,La Junta,5,CO,PSCO,Petroleum Liquids,DFO,IC,1.2,1.1,,,2003,1
10536,City of La Junta - (CO),506,La Junta,6,CO,PSCO,Petroleum Liquids,DFO,IC,3.0,2.5,,,2020,9
10536,City of La Junta - (CO),506,La Junta,7,CO,PSCO,Petroleum Liquids,DFO,IC,3.5,3.0,,,2020,9
10536,City of La Junta - (CO),506,La Junta,8,CO,PSCO,Petroleum Liquids,DFO,IC,3.5,3.0,,,2020,9
10536,City of La Junta - (CO),506,La Junta,9,CO,PSCO,Petroleum Liquids,DFO,IC,5.1,4.0,,,2020,9
10633,City of Lamar - (CO),508,Lamar Plant,4,CO,PSCO,Conventional Steam Coal,SUB,ST,25.0,25.0,,,2011,11
10633,City of Lamar - (CO),508,Lamar Plant,5,CO,PSCO,Natural Gas Fired Combustion Turbine,NG,GT,4.2,4.2,,,2014,9
10633,City of Lamar - (CO),508,Lamar Plant,6,CO,PSCO,Conventional Steam Coal,SUB,ST,18.5,15.0,,,2014,9
19204,City of Trinidad - (CO),511,Trinidad (CO),1,CO,WACM,Conventional Steam Coal,BIT,ST,3.7,3.8,,,2017,1
21143,City of Yuma - (CO),524,Yuma,1,CO,WACM,Petroleum Liquids,DFO,IC,0.1,0.1,,,2013,5
21143,City of Yuma - (CO),524,Yuma,2,CO,WACM,Petroleum Liquids,DFO,IC,0.1,0.1,,,2013,5
21143,City of Yuma - (CO),524,Yuma,3,CO,WACM,Petroleum Liquids,DFO,IC,0.3,0.2,,,2013,5
21143,City of Yuma - (CO),524,Yuma,4,CO,WACM,Petroleum Liquids,DFO,IC,0.5,0.5,,,2013,5
30151,"Tri-State G & T Assn, Inc",527,Nucla,1,CO,WACM,Conventional Steam Coal,BIT,ST,11.5,12.0,,,2019,9
30151,"Tri-State G & T Assn, Inc",527,Nucla,2,CO,WACM,Conventional Steam Coal,BIT,ST,11.5,12.0,,,2019,9
30151,"Tri-State G & T Assn, Inc",527,Nucla,3,CO,WACM,Conventional Steam Coal,BIT,ST,11.5,12.0,,,2019,9
30151,"Tri-State G & T Assn, Inc",527,Nucla,ST4,CO,WACM,Conventional Steam Coal,BIT,ST,79.3,64.0,,,2019,9
16534,Sacramento Municipal Util Dist,529,Rancho Seco Solar,1,CA,BANC,Solar Photovoltaic,SUN,PV,1.0,1.0,,,2013,4
16534,Sacramento Municipal Util Dist,529,Rancho Seco Solar,2,CA,BANC,Solar Photovoltaic,SUN,PV,1.0,1.0,,,2013,4
22350,Devon Power LLC,544,Devon Station,7,CT,ISNE,Petroleum Liquids,RFO,ST,103.5,107.0,,,2007,11
22350,Devon Power LLC,544,Devon Station,8,CT,ISNE,Petroleum Liquids,RFO,ST,103.5,107.0,,,2007,11
13922,Norwalk Power LLC,548,NRG Norwalk Harbor,1,CT,ISNE,Petroleum Liquids,RFO,ST,163.2,162.0,,,2013,6
13922,Norwalk Power LLC,548,NRG Norwalk Harbor,10,CT,ISNE,Petroleum Liquids,DFO,GT,16.3,11.9,,,2013,6
13922,Norwalk Power LLC,548,NRG Norwalk Harbor,2,CT,ISNE,Petroleum Liquids,RFO,ST,163.2,168.0,,,2013,6
4187,Connecticut Yankee Atom Pwr Co,558,Haddam Neck,1,CT,,Nuclear,NUC,ST,600.3,560.1,,,1996,12
4426,NAES Corp,563,South Meadow,11,CT,ISNE,Petroleum Liquids,KER,GT,41.8,35.7,,,2023,6
4426,NAES Corp,563,South Meadow,12,CT,ISNE,Petroleum Liquids,KER,GT,41.8,37.7,,,2023,6
4426,NAES Corp,563,South Meadow,13,CT,ISNE,Petroleum Liquids,KER,GT,41.8,38.3,,,2023,6
4426,NAES Corp,563,South Meadow,14,CT,ISNE,Petroleum Liquids,KER,GT,41.8,36.7,,,2023,6
21687,Northeast Nuclear Energy Co,566,Millstone,1,CT,,Nuclear,NUC,ST,661.5,641.0,,,1998,7
65448,"Generation Bridge II Connecticut, LLC",568,Bridgeport Station,2,CT,ISNE,Petroleum Liquids,RFO,ST,163.0,130.5,,,2014,1
65448,"Generation Bridge II Connecticut, LLC",568,Bridgeport Station,3,CT,ISNE,Conventional Steam Coal,SUB,ST,400.0,257.6,,,2021,6
65448,"Generation Bridge II Connecticut, LLC",568,Bridgeport Station,4,CT,ISNE,Petroleum Liquids,KER,GT,18.6,16.6,,,2021,10
13831,City of Norwich - (CT),581,North Main Street,5,CT,ISNE,Petroleum Liquids,DFO,GT,19.0,15.3,,,2023,5
9332,Indian River Operations Inc,594,Indian River Generating Station,1,DE,PJM,Conventional Steam Coal,BIT,ST,81.6,89.0,,,2013,7
9332,Indian River Operations Inc,594,Indian River Generating Station,2,DE,PJM,Conventional Steam Coal,BIT,ST,81.6,89.0,,,2013,7
9332,Indian River Operations Inc,594,Indian River Generating Station,3,DE,PJM,Conventional Steam Coal,BIT,ST,176.8,165.0,,,2014,1
9332,Indian River Operations Inc,594,Indian River Generating Station,4,DE,PJM,Conventional Steam Coal,BIT,ST,445.5,410.0,,,2025,2
4252,Conectiv Delmarva Gen Inc,596,R Madison,MAD,DE,,Petroleum Liquids,DFO,GT,12.0,11.0,,,2004,12
54899,NAES Corporation - (DE),599,McKee Run,1,DE,PJM,Natural Gas Steam Turbine,NG,ST,18.8,17.1,,,2017,5
54899,NAES Corporation - (DE),599,McKee Run,2,DE,PJM,Natural Gas Steam Turbine,NG,ST,18.8,17.4,,,2017,5
54899,NAES Corporation - (DE),599,McKee Run,3,DE,PJM,Natural Gas Steam Turbine,NG,ST,113.6,103.1,,,2021,5
10935,City of Lewes - (DE),600,Lewes,7,DE,,Petroleum Liquids,DFO,IC,1.0,0.9,,,2006,6
10935,City of Lewes - (DE),600,Lewes,8,DE,,Petroleum Liquids,DFO,IC,1.0,0.9,,,2006,6
16852,City of Seaford- (DE),601,Seaford,1,DE,,Petroleum Liquids,DFO,IC,1.4,1.3,,,2011,11
16852,City of Seaford- (DE),601,Seaford,2,DE,,Petroleum Liquids,DFO,IC,1.4,1.3,,,2011,11
16852,City of Seaford- (DE),601,Seaford,3,DE,,Petroleum Liquids,DFO,IC,1.1,1.1,,,2011,11
16852,City of Seaford- (DE),601,Seaford,6,DE,,Petroleum Liquids,DFO,IC,2.0,2.0,,,2011,11
16852,City of Seaford- (DE),601,Seaford,7,DE,,Petroleum Liquids,DFO,IC,1.1,1.1,,,2011,11
15274,Potomac Power Resources,603,Benning,15,DC,,Petroleum Liquids,DFO,ST,290.0,275.0,,,2012,5
15274,Potomac Power Resources,603,Benning,16,DC,,Petroleum Liquids,DFO,ST,290.0,275.0,,,2012,5
15274,Potomac Power Resources,604,Buzzard Point,E1,DC,,Petroleum Liquids,DFO,GT,18.0,16.0,,,2012,5
15274,Potomac Power Resources,604,Buzzard Point,E2,DC,,Petroleum Liquids,DFO,GT,18.0,16.0,,,2012,5
15274,Potomac Power Resources,604,Buzzard Point,E3,DC,,Petroleum Liquids,DFO,GT,18.0,16.0,,,2008,5
15274,Potomac Power Resources,604,Buzzard Point,E4,DC,,Petroleum Liquids,DFO,GT,18.0,16.0,,,2012,5
15274,Potomac Power Resources,604,Buzzard Point,E5,DC,,Petroleum Liquids,DFO,GT,18.0,16.0,,,2012,5
15274,Potomac Power Resources,604,Buzzard Point,E6,DC,,Petroleum Liquids,DFO,GT,18.0,16.0,,,2012,5
15274,Potomac Power Resources,604,Buzzard Point,E7,DC,,Petroleum Liquids,DFO,GT,18.0,16.0,,,2012,5
15274,Potomac Power Resources,604,Buzzard Point,E8,DC,,Petroleum Liquids,DFO,GT,18.0,16.0,,,2012,5
15274,Potomac Power Resources,604,Buzzard Point,W10,DC,,Petroleum Liquids,DFO,GT,18.0,16.0,,,2012,5
15274,Potomac Power Resources,604,Buzzard Point,W11,DC,,Petroleum Liquids,DFO,GT,18.0,16.0,,,2012,5
15274,Potomac Power Resources,604,Buzzard Point,W12,DC,,Petroleum Liquids,DFO,GT,18.0,16.0,,,2012,5
15274,Potomac Power Resources,604,Buzzard Point,W13,DC,,Petroleum Liquids,DFO,GT,18.0,16.0,,,2012,5
15274,Potomac Power Resources,604,Buzzard Point,W14,DC,,Petroleum Liquids,DFO,GT,18.0,16.0,,,2012,5
15274,Potomac Power Resources,604,Buzzard Point,W15,DC,,Petroleum Liquids,DFO,GT,18.0,16.0,,,2012,5
15274,Potomac Power Resources,604,Buzzard Point,W16,DC,,Petroleum Liquids,DFO,GT,18.0,16.0,,,2012,5
15274,Potomac Power Resources,604,Buzzard Point,W9,DC,,Petroleum Liquids,DFO,GT,18.0,16.0,,,2012,5
6452,Florida Power & Light Co,609,Cape Canaveral,1,FL,FPL,Petroleum Liquids,RFO,ST,402.0,396.0,,,2010,6
6452,Florida Power & Light Co,609,Cape Canaveral,2,FL,FPL,Petroleum Liquids,RFO,ST,402.0,396.0,,,2010,6
6452,Florida Power & Light Co,610,Cutler,5,FL,FPL,Natural Gas Steam Turbine,NG,ST,74.5,68.0,,,2012,11
6452,Florida Power & Light Co,610,Cutler,6,FL,FPL,Natural Gas Steam Turbine,NG,ST,162.0,137.0,,,2012,11
6452,Florida Power & Light Co,612,Fort Myers,11,FL,FPL,Petroleum Liquids,DFO,GT,62.0,54.0,,,2016,12
6452,Florida Power & Light Co,612,Fort Myers,12,FL,FPL,Petroleum Liquids,DFO,GT,62.0,54.0,,,2016,12
6452,Florida Power & Light Co,612,Fort Myers,3,FL,FPL,Petroleum Liquids,DFO,GT,62.0,54.0,,,2016,12
6452,Florida Power & Light Co,612,Fort Myers,4,FL,FPL,Petroleum Liquids,DFO,GT,62.0,54.0,,,2016,12
6452,Florida Power & Light Co,612,Fort Myers,5,FL,FPL,Petroleum Liquids,DFO,GT,62.0,54.0,,,2016,12
6452,Florida Power & Light Co,612,Fort Myers,6,FL,FPL,Petroleum Liquids,DFO,GT,62.0,54.0,,,2016,12
6452,Florida Power & Light Co,612,Fort Myers,7,FL,FPL,Petroleum Liquids,DFO,GT,62.0,54.0,,,2016,12
6452,Florida Power & Light Co,612,Fort Myers,8,FL,FPL,Petroleum Liquids,DFO,GT,62.0,54.0,,,2016,12
6452,Florida Power & Light Co,612,Fort Myers,G10,FL,FPL,Petroleum Liquids,DFO,GT,62.0,54.0,,,2016,12
6452,Florida Power & Light Co,612,Fort Myers,GT2,FL,FPL,Petroleum Liquids,DFO,GT,62.0,54.0,,,2016,12
6452,Florida Power & Light Co,613,Lauderdale,1,FL,FPL,Natural Gas Fired Combustion Turbine,NG,GT,34.2,35.0,,,2016,12
6452,Florida Power & Light Co,613,Lauderdale,10,FL,FPL,Natural Gas Fired Combustion Turbine,NG,GT,34.2,35.0,,,2016,12
6452,Florida Power & Light Co,613,Lauderdale,11,FL,FPL,Natural Gas Fired Combustion Turbine,NG,GT,34.2,35.0,,,2016,12
6452,Florida Power & Light Co,613,Lauderdale,12,FL,FPL,Natural Gas Fired Combustion Turbine,NG,GT,34.2,35.0,,,2016,12
6452,Florida Power & Light Co,613,Lauderdale,13,FL,FPL,Natural Gas Fired Combustion Turbine,NG,GT,34.2,35.0,,,2016,12
6452,Florida Power & Light Co,613,Lauderdale,14,FL,FPL,Natural Gas Fired Combustion Turbine,NG,GT,34.2,35.0,,,2016,12
6452,Florida Power & Light Co,613,Lauderdale,15,FL,FPL,Natural Gas Fired Combustion Turbine,NG,GT,34.2,35.0,,,2016,12
6452,Florida Power & Light Co,613,Lauderdale,16,FL,FPL,Natural Gas Fired Combustion Turbine,NG,GT,34.2,35.0,,,2016,12
6452,Florida Power & Light Co,613,Lauderdale,17,FL,FPL,Natural Gas Fired Combustion Turbine,NG,GT,34.2,35.0,,,2016,12
6452,Florida Power & Light Co,613,Lauderdale,18,FL,FPL,Natural Gas Fired Combustion Turbine,NG,GT,34.2,35.0,,,2016,12
6452,Florida Power & Light Co,613,Lauderdale,19,FL,FPL,Natural Gas Fired Combustion Turbine,NG,GT,34.2,35.0,,,2016,12
6452,Florida Power & Light Co,613,Lauderdale,2,FL,FPL,Natural Gas Fired Combustion Turbine,NG,GT,34.2,35.0,,,2016,12
6452,Florida Power & Light Co,613,Lauderdale,20,FL,FPL,Natural Gas Fired Combustion Turbine,NG,GT,34.2,35.0,,,2016,12
6452,Florida Power & Light Co,613,Lauderdale,21,FL,FPL,Natural Gas Fired Combustion Turbine,NG,GT,34.2,35.0,,,2016,12
6452,Florida Power & Light Co,613,Lauderdale,22,FL,FPL,Natural Gas Fired Combustion Turbine,NG,GT,34.2,35.0,,,2016,12
6452,Florida Power & Light Co,613,Lauderdale,23,FL,FPL,Natural Gas Fired Combustion Turbine,NG,GT,34.2,35.0,,,2016,12
6452,Florida Power & Light Co,613,Lauderdale,24,FL,FPL,Natural Gas Fired Combustion Turbine,NG,GT,34.2,35.0,,,2016,12
6452,Florida Power & Light Co,613,Lauderdale,4,FL,FPL,Natural Gas Fired Combustion Turbine,NG,GT,34.2,35.0,,,2016,12
6452,Florida Power & Light Co,613,Lauderdale,4GT1,FL,FPL,Natural Gas Fired Combined Cycle,NG,CT,185.0,,,,2018,12
6452,Florida Power & Light Co,613,Lauderdale,4GT2,FL,FPL,Natural Gas Fired Combined Cycle,NG,CT,185.0,,,,2018,12
6452,Florida Power & Light Co,613,Lauderdale,5GT1,FL,FPL,Natural Gas Fired Combined Cycle,NG,CT,185.0,,,,2018,12
6452,Florida Power & Light Co,613,Lauderdale,5GT2,FL,FPL,Natural Gas Fired Combined Cycle,NG,CT,185.0,,,,2018,12
6452,Florida Power & Light Co,613,Lauderdale,6,FL,FPL,Natural Gas Fired Combustion Turbine,NG,GT,34.2,35.0,,,2016,12
6452,Florida Power & Light Co,613,Lauderdale,7,FL,FPL,Natural Gas Fired Combustion Turbine,NG,GT,34.2,35.0,,,2016,12
6452,Florida Power & Light Co,613,Lauderdale,8,FL,FPL,Natural Gas Fired Combustion Turbine,NG,GT,34.2,35.0,,,2016,12
6452,Florida Power & Light Co,613,Lauderdale,9,FL,FPL,Natural Gas Fired Combustion Turbine,NG,GT,34.2,35.0,,,2016,12
6452,Florida Power & Light Co,613,Lauderdale,ST4,FL,FPL,Natural Gas Fired Combined Cycle,NG,CA,151.2,442.0,,,2018,12
6452,Florida Power & Light Co,613,Lauderdale,ST5,FL,FPL,Natural Gas Fired Combined Cycle,NG,CA,151.2,442.0,,,2018,12
6452,Florida Power & Light Co,617,Port Everglades,10,FL,FPL,Natural Gas Fired Combustion Turbine,NG,GT,34.2,35.0,,,2016,12
6452,Florida Power & Light Co,617,Port Everglades,11,FL,FPL,Natural Gas Fired Combustion Turbine,NG,GT,34.2,35.0,,,2016,12
6452,Florida Power & Light Co,617,Port Everglades,12,FL,FPL,Natural Gas Fired Combustion Turbine,NG,GT,34.2,35.0,,,2016,12
6452,Florida Power & Light Co,617,Port Everglades,6,FL,FPL,Natural Gas Fired Combustion Turbine,NG,GT,34.2,35.0,,,2016,12
6452,Florida Power & Light Co,617,Port Everglades,7,FL,FPL,Natural Gas Fired Combustion Turbine,NG,GT,34.2,35.0,,,2016,12
6452,Florida Power & Light Co,617,Port Everglades,8,FL,FPL,Natural Gas Fired Combustion Turbine,NG,GT,34.2,35.0,,,2016,12
6452,Florida Power & Light Co,617,Port Everglades,9,FL,FPL,Natural Gas Fired Combustion Turbine,NG,GT,34.2,35.0,,,2016,12
6452,Florida Power & Light Co,617,Port Everglades,GT1,FL,FPL,Natural Gas Fired Combustion Turbine,NG,GT,34.2,35.0,,,2016,12
6452,Florida Power & Light Co,617,Port Everglades,GT2,FL,FPL,Natural Gas Fired Combustion Turbine,NG,GT,34.2,35.0,,,2016,12
6452,Florida Power & Light Co,617,Port Everglades,GT3,FL,FPL,Natural Gas Fired Combustion Turbine,NG,GT,34.2,35.0,,,2016,12
6452,Florida Power & Light Co,617,Port Everglades,GT4,FL,FPL,Natural Gas Fired Combustion Turbine,NG,GT,34.2,35.0,,,2016,12
6452,Florida Power & Light Co,617,Port Everglades,GT5,FL,FPL,Natural Gas Fired Combustion Turbine,NG,GT,34.2,35.0,,,2016,12
6452,Florida Power & Light Co,617,Port Everglades,ST1,FL,FPL,Petroleum Liquids,RFO,ST,248.0,213.0,,,2012,11
6452,Florida Power & Light Co,617,Port Everglades,ST2,FL,FPL,Petroleum Liquids,RFO,ST,248.0,213.0,,,2012,11
6452,Florida Power & Light Co,617,Port Everglades,ST3,FL,FPL,Petroleum Liquids,RFO,ST,402.0,387.0,,,2013,1
6452,Florida Power & Light Co,617,Port Everglades,ST4,FL,FPL,Petroleum Liquids,RFO,ST,402.0,392.0,,,2013,1
6452,Florida Power & Light Co,619,Riviera,3,FL,FPL,Petroleum Liquids,RFO,ST,310.4,277.0,,,2011,2
6452,Florida Power & Light Co,619,Riviera,4,FL,FPL,Petroleum Liquids,RFO,ST,310.4,288.0,,,2011,2
6452,Florida Power & Light Co,620,Sanford,3,FL,FPL,Petroleum Liquids,RFO,ST,156.2,138.0,,,2012,11
6452,Florida Power & Light Co,621,Turkey Point,IC1,FL,FPL,Petroleum Liquids,DFO,IC,2.7,2.4,,,2009,12
6452,Florida Power & Light Co,621,Turkey Point,IC2,FL,FPL,Petroleum Liquids,DFO,IC,2.7,2.4,,,2009,12
6452,Florida Power & Light Co,621,Turkey Point,IC3,FL,FPL,Petroleum Liquids,DFO,IC,2.7,2.4,,,2009,12
6452,Florida Power & Light Co,621,Turkey Point,IC4,FL,FPL,Petroleum Liquids,DFO,IC,2.7,2.4,,,2009,12
6452,Florida Power & Light Co,621,Turkey Point,IC5,FL,FPL,Petroleum Liquids,DFO,IC,2.7,2.4,,,2009,12
6452,Florida Power & Light Co,621,Turkey Point,ST1,FL,FPL,Natural Gas Steam Turbine,NG,ST,402.0,396.0,,,2016,10
6452,Florida Power & Light Co,621,Turkey Point,ST2,FL,FPL,Petroleum Liquids,RFO,ST,402.0,392.0,,,2013,12
6455,"Duke Energy Florida, LLC",624,Avon Park,P1,FL,FPC,Natural Gas Fired Combustion Turbine,NG,GT,33.7,24.0,,,2020,10
6455,"Duke Energy Florida, LLC",624,Avon Park,P2,FL,FPC,Petroleum Liquids,DFO,GT,33.7,24.0,,,2020,10
6455,"Duke Energy Florida, LLC",627,Bayboro,P3,FL,FPC,Petroleum Liquids,DFO,GT,56.7,40.0,,,2025,6
6455,"Duke Energy Florida, LLC",628,Crystal River,1,FL,FPC,Conventional Steam Coal,BIT,ST,440.5,324.0,,,2018,12
6455,"Duke Energy Florida, LLC",628,Crystal River,2,FL,FPC,Conventional Steam Coal,BIT,ST,523.8,442.0,,,2018,12
6455,"Duke Energy Florida, LLC",628,Crystal River,3,FL,FPC,Nuclear,NUC,ST,890.4,860.0,,,2013,2
6455,"Duke Energy Florida, LLC",629,G E Turner,P1,FL,FPC,Petroleum Liquids,DFO,GT,19.2,10.0,,,2016,3
6455,"Duke Energy Florida, LLC",629,G E Turner,P2,FL,FPC,Petroleum Liquids,DFO,GT,19.2,10.0,,,2016,3
6455,"Duke Energy Florida, LLC",629,G E Turner,P3,FL,FPC,Petroleum Liquids,DFO,GT,71.2,53.0,,,2015,7
6455,"Duke Energy Florida, LLC",629,G E Turner,P4,FL,FPC,Petroleum Liquids,DFO,GT,71.2,59.0,,,2016,3
6455,"Duke Energy Florida, LLC",630,Higgins,P1,FL,FPC,Natural Gas Fired Combustion Turbine,NG,GT,33.7,20.0,,,2019,3
6455,"Duke Energy Florida, LLC",630,Higgins,P2,FL,FPC,Natural Gas Fired Combustion Turbine,NG,GT,33.7,25.0,,,2019,12
6455,"Duke Energy Florida, LLC",630,Higgins,P3,FL,FPC,Natural Gas Fired Combustion Turbine,NG,GT,42.9,31.0,,,2019,12
6455,"Duke Energy Florida, LLC",630,Higgins,P4,FL,FPC,Natural Gas Fired Combustion Turbine,NG,GT,42.9,31.0,,,2019,12
6455,"Duke Energy Florida, LLC",634,P L Bartow,ST1,FL,FPC,Petroleum Liquids,RFO,ST,127.5,122.0,,,2009,6
6455,"Duke Energy Florida, LLC",634,P L Bartow,ST2,FL,FPC,Petroleum Liquids,RFO,ST,127.5,103.0,,,2009,6
6455,"Duke Energy Florida, LLC",634,P L Bartow,ST3,FL,FPC,Petroleum Liquids,RFO,ST,239.3,201.0,,,2009,6
6455,"Duke Energy Florida, LLC",637,Rio Pinar,P1,FL,FPC,Petroleum Liquids,DFO,GT,19.2,12.0,,,2016,3
6455,"Duke Energy Florida, LLC",638,Suwannee River,1,FL,FPC,Natural Gas Steam Turbine,NG,ST,34.5,28.0,,,2016,12
6455,"Duke Energy Florida, LLC",638,Suwannee River,2,FL,FPC,Natural Gas Steam Turbine,NG,ST,37.5,29.0,,,2016,12
6455,"Duke Energy Florida, LLC",638,Suwannee River,3,FL,FPC,Natural Gas Steam Turbine,NG,ST,75.0,71.0,,,2016,12
6452,Florida Power & Light Co,641,Gulf Clean Energy Center,1,FL,FPL,Natural Gas Steam Turbine,NG,ST,28.1,24.0,,,2003,3
6452,Florida Power & Light Co,641,Gulf Clean Energy Center,2,FL,FPL,Natural Gas Steam Turbine,NG,ST,28.1,24.0,,,2006,5
6452,Florida Power & Light Co,641,Gulf Clean Energy Center,3,FL,FPL,Natural Gas Steam Turbine,NG,ST,37.5,35.0,,,2006,5
6452,Florida Power & Light Co,642,Scholz,1,FL,SOCO,Conventional Steam Coal,BIT,ST,49.0,46.0,,,2015,4
6452,Florida Power & Light Co,642,Scholz,2,FL,SOCO,Conventional Steam Coal,BIT,ST,49.0,46.0,,,2015,4
6452,Florida Power & Light Co,643,Lansing Smith,1,FL,FPL,Conventional Steam Coal,BIT,ST,149.6,162.0,,,2016,3
6452,Florida Power & Light Co,643,Lansing Smith,2,FL,FPL,Conventional Steam Coal,BIT,ST,190.4,195.0,,,2016,3
18454,Tampa Electric Co,645,Big Bend,GT1,FL,TEC,Petroleum Liquids,DFO,GT,18.0,10.0,,,2008,12
18454,Tampa Electric Co,645,Big Bend,GT2,FL,TEC,Petroleum Liquids,DFO,GT,78.7,49.0,,,2008,12
18454,Tampa Electric Co,645,Big Bend,GT3,FL,TEC,Petroleum Liquids,DFO,GT,78.7,39.0,,,2008,12
18454,Tampa Electric Co,645,Big Bend,ST2,FL,TEC,Conventional Steam Coal,BIT,ST,445.5,385.0,,,2021,12
18454,Tampa Electric Co,645,Big Bend,ST3,FL,TEC,Natural Gas Steam Turbine,NG,ST,445.5,395.0,,,2023,4
18454,Tampa Electric Co,646,F J Gannon,1,FL,,Conventional Steam Coal,BIT,ST,125.0,94.0,,,2004,1
18454,Tampa Electric Co,646,F J Gannon,2,FL,,Conventional Steam Coal,BIT,ST,125.0,100.0,,,2004,1
18454,Tampa Electric Co,646,F J Gannon,3,FL,,Conventional Steam Coal,BIT,ST,179.5,150.0,,,2003,12
18454,Tampa Electric Co,646,F J Gannon,4,FL,,Conventional Steam Coal,BIT,ST,187.5,164.0,,,2003,12
18454,Tampa Electric Co,647,Hookers Point,1,FL,,Petroleum Liquids,RFO,ST,33.0,20.0,,,2003,1
18454,Tampa Electric Co,647,Hookers Point,2,FL,,Petroleum Liquids,RFO,ST,34.5,20.0,,,2003,1
18454,Tampa Electric Co,647,Hookers Point,3,FL,,Petroleum Liquids,RFO,ST,34.5,20.0,,,2003,1
18454,Tampa Electric Co,647,Hookers Point,4,FL,,Petroleum Liquids,RFO,ST,49.0,30.0,,,2003,1
18454,Tampa Electric Co,647,Hookers Point,5,FL,,Petroleum Liquids,RFO,ST,81.6,67.0,,,2003,1
15296,New York Power Authority,650,Kensico,1,NY,NYIS,Conventional Hydroelectric,WAT,HY,1.0,1.0,,,2012,9
15296,New York Power Authority,650,Kensico,2,NY,NYIS,Conventional Hydroelectric,WAT,HY,1.0,1.0,,,2012,9
15296,New York Power Authority,650,Kensico,3,NY,NYIS,Conventional Hydroelectric,WAT,HY,1.0,1.0,,,2012,9
6616,Fort Pierce Utilities Authority,658,Henry D King,5,FL,FMPP,Natural Gas Fired Combined Cycle,NG,CA,8.3,8.0,,,2008,5
6616,Fort Pierce Utilities Authority,658,Henry D King,6,FL,FMPP,Natural Gas Steam Turbine,NG,ST,16.5,17.0,,,2008,5
6616,Fort Pierce Utilities Authority,658,Henry D King,7,FL,FMPP,Natural Gas Steam Turbine,NG,ST,33.0,32.0,,,2008,5
6616,Fort Pierce Utilities Authority,658,Henry D King,8,FL,FMPP,Natural Gas Steam Turbine,NG,ST,56.1,50.0,,,2008,5
6616,Fort Pierce Utilities Authority,658,Henry D King,9,FL,FMPP,Natural Gas Fired Combined Cycle,NG,CT,22.5,22.4,,,2008,5
6616,Fort Pierce Utilities Authority,658,Henry D King,D1,FL,FMPP,Petroleum Liquids,DFO,IC,2.7,3.0,,,2008,5
6616,Fort Pierce Utilities Authority,658,Henry D King,D2,FL,FMPP,Petroleum Liquids,DFO,IC,2.7,3.0,,,2008,5
6909,Gainesville Regional Utilities,664,John R Kelly,7,FL,GVL,Natural Gas Steam Turbine,NG,ST,25.0,23.2,,,2013,10
6909,Gainesville Regional Utilities,664,John R Kelly,8,FL,GVL,Natural Gas Fired Combined Cycle,NG,CA,50.0,36.0,,,2021,6
6909,Gainesville Regional Utilities,664,John R Kelly,GT1,FL,GVL,Natural Gas Fired Combustion Turbine,NG,GT,16.3,14.0,,,2013,10
6909,Gainesville Regional Utilities,664,John R Kelly,GT2,FL,GVL,Natural Gas Fired Combustion Turbine,NG,GT,16.3,14.0,,,2013,10
6909,Gainesville Regional Utilities,664,John R Kelly,GT3,FL,GVL,Natural Gas Fired Combustion Turbine,NG,GT,16.3,14.0,,,2013,10
8795,City of Homestead - (FL),665,G W Ivey,10,FL,HST,Natural Gas Internal Combustion Engine,NG,IC,2.5,2.0,,,2013,5
8795,City of Homestead - (FL),665,G W Ivey,11,FL,HST,Natural Gas Internal Combustion Engine,NG,IC,3.2,3.0,,,2013,5
8795,City of Homestead - (FL),665,G W Ivey,12,FL,HST,Natural Gas Internal Combustion Engine,NG,IC,3.2,3.0,,,2013,5
8795,City of Homestead - (FL),665,G W Ivey,18,FL,HST,Natural Gas Internal Combustion Engine,NG,IC,8.8,8.0,,,2013,5
8795,City of Homestead - (FL),665,G W Ivey,8,FL,HST,Natural Gas Internal Combustion Engine,NG,IC,2.5,2.0,,,2013,5
8795,City of Homestead - (FL),665,G W Ivey,9,FL,HST,Natural Gas Internal Combustion Engine,NG,IC,2.5,2.0,,,2013,5
9617,JEA,666,J D Kennedy,GT3,FL,JEA,Petroleum Liquids,DFO,GT,56.2,54.0,,,2009,4
9617,JEA,666,J D Kennedy,GT4,FL,JEA,Petroleum Liquids,DFO,GT,56.2,54.0,,,2008,4
9617,JEA,666,J D Kennedy,GT5,FL,JEA,Petroleum Liquids,DFO,GT,56.2,54.0,,,2008,4
10376,Kissimmee Utility Authority,672,Hansel,14,FL,FMPP,Natural Gas Internal Combustion Engine,NG,IC,2.0,2.0,,,2005,10
10376,Kissimmee Utility Authority,672,Hansel,15,FL,FMPP,Natural Gas Internal Combustion Engine,NG,IC,2.0,2.0,,,2005,10
10376,Kissimmee Utility Authority,672,Hansel,16,FL,FMPP,Natural Gas Internal Combustion Engine,NG,IC,2.0,2.0,,,2005,10
10376,Kissimmee Utility Authority,672,Hansel,17,FL,FMPP,Natural Gas Internal Combustion Engine,NG,IC,2.0,2.0,,,2005,10
10376,Kissimmee Utility Authority,672,Hansel,18,FL,FMPP,Natural Gas Internal Combustion Engine,NG,IC,2.0,2.0,,,2005,10
10376,Kissimmee Utility Authority,672,Hansel,19,FL,FMPP,Petroleum Liquids,DFO,IC,2.5,2.0,,,2005,10
10376,Kissimmee Utility Authority,672,Hansel,20,FL,FMPP,Petroleum Liquids,DFO,IC,2.5,2.0,,,2005,10
10376,Kissimmee Utility Authority,672,Hansel,21,FL,FMPP,Natural Gas Fired Combined Cycle,NG,CT,35.0,30.0,,,2012,10
10376,Kissimmee Utility Authority,672,Hansel,22,FL,FMPP,Natural Gas Fired Combined Cycle,NG,CA,10.0,8.0,,,2012,10
10376,Kissimmee Utility Authority,672,Hansel,23,FL,FMPP,Natural Gas Fired Combined Cycle,NG,CA,10.0,8.0,,,2012,10
10376,Kissimmee Utility Authority,672,Hansel,8,FL,FMPP,Natural Gas Internal Combustion Engine,NG,IC,3.0,2.0,,,2005,10
10623,City of Lakeland - (FL),675,Larsen Memorial,6,FL,FMPP,Natural Gas Steam Turbine,NG,ST,25.0,24.0,,,2003,1
10623,City of Lakeland - (FL),676,C D McIntosh Jr,3,FL,FMPP,Conventional Steam Coal,BIT,ST,363.8,342.0,,,2021,4
10623,City of Lakeland - (FL),676,C D McIntosh Jr,ST1,FL,FMPP,Natural Gas Steam Turbine,NG,ST,103.5,85.0,,,2015,12
10623,City of Lakeland - (FL),676,C D McIntosh Jr,ST2,FL,FMPP,Natural Gas Steam Turbine,NG,ST,126.0,106.0,,,2020,6
56152,New Smyrna Beach Utilities Commission,679,Smith Street,10,FL,NSB,Petroleum Liquids,DFO,IC,2.0,2.0,,,2013,12
56152,New Smyrna Beach Utilities Commission,679,Smith Street,11,FL,NSB,Petroleum Liquids,DFO,IC,2.0,2.0,,,2013,12
56152,New Smyrna Beach Utilities Commission,679,Smith Street,3,FL,NSB,Petroleum Liquids,DFO,IC,0.8,0.8,,,2013,12
56152,New Smyrna Beach Utilities Commission,679,Smith Street,4,FL,NSB,Petroleum Liquids,DFO,IC,1.0,1.0,,,2013,12
56152,New Smyrna Beach Utilities Commission,679,Smith Street,6,FL,NSB,Petroleum Liquids,DFO,IC,1.8,1.8,,,2013,12
56152,New Smyrna Beach Utilities Commission,679,Smith Street,7,FL,NSB,Petroleum Liquids,DFO,IC,1.8,1.8,,,2013,12
56152,New Smyrna Beach Utilities Commission,679,Smith Street,8,FL,NSB,Petroleum Liquids,DFO,IC,1.1,1.1,,,2013,12
56152,New Smyrna Beach Utilities Commission,679,Smith Street,9,FL,NSB,Petroleum Liquids,DFO,IC,2.0,2.0,,,2013,12
56152,New Smyrna Beach Utilities Commission,681,W E Swoope,2,FL,NSB,Petroleum Liquids,DFO,IC,0.9,0.9,,,2013,12
56152,New Smyrna Beach Utilities Commission,681,W E Swoope,3,FL,NSB,Petroleum Liquids,DFO,IC,2.0,2.0,,,2013,12
56152,New Smyrna Beach Utilities Commission,681,W E Swoope,4,FL,NSB,Petroleum Liquids,DFO,IC,2.2,2.2,,,2013,12
14610,Orlando Utilities Comm,685,St Cloud,1,FL,FMPP,Natural Gas Internal Combustion Engine,NG,IC,2.0,2.0,,,2008,3
14610,Orlando Utilities Comm,685,St Cloud,2,FL,FMPP,Natural Gas Internal Combustion Engine,NG,IC,5.8,5.0,,,2008,3
14610,Orlando Utilities Comm,685,St Cloud,3,FL,FMPP,Natural Gas Internal Combustion Engine,NG,IC,2.0,2.0,,,2008,3
14610,Orlando Utilities Comm,685,St Cloud,4,FL,FMPP,Natural Gas Internal Combustion Engine,NG,IC,3.7,3.0,,,2008,3
14610,Orlando Utilities Comm,685,St Cloud,6,FL,FMPP,Natural Gas Internal Combustion Engine,NG,IC,3.7,3.0,,,2008,3
14610,Orlando Utilities Comm,685,St Cloud,7,FL,FMPP,Natural Gas Internal Combustion Engine,NG,IC,6.3,6.0,,,2008,3
14610,Orlando Utilities Comm,685,St Cloud,8,FL,FMPP,Natural Gas Internal Combustion Engine,NG,IC,6.4,6.0,,,2008,3
18445,City of Tallahassee - (FL),688,Arvah B Hopkins,1,FL,TAL,Natural Gas Steam Turbine,NG,ST,75.0,76.0,,,2018,11
18445,City of Tallahassee - (FL),688,Arvah B Hopkins,GT1,FL,TAL,Natural Gas Fired Combustion Turbine,NG,GT,16.3,12.0,,,2017,5
18445,City of Tallahassee - (FL),688,Arvah B Hopkins,GT2,FL,TAL,Natural Gas Fired Combustion Turbine,NG,GT,27.0,24.0,,,2017,5
18445,City of Tallahassee - (FL),689,S O Purdom,7,FL,TAL,Natural Gas Steam Turbine,NG,ST,50.0,48.0,,,2013,12
18445,City of Tallahassee - (FL),689,S O Purdom,GT1,FL,TAL,Natural Gas Fired Combustion Turbine,NG,GT,15.0,10.0,,,2017,10
18445,City of Tallahassee - (FL),689,S O Purdom,GT2,FL,TAL,Natural Gas Fired Combustion Turbine,NG,GT,15.0,10.0,,,2018,10
27813,USCE-Mobile District,690,J Woodruff,1,FL,FPL,Conventional Hydroelectric,WAT,HY,10.0,10.0,,,2003,2
27813,USCE-Mobile District,690,J Woodruff,2,FL,FPL,Conventional Hydroelectric,WAT,HY,10.0,10.0,,,2002,2
62042,SRIV Partnership LLC,692,Medicine Bow,10,WY,WAUW,Onshore Wind Turbine,WND,WT,4.9,4.9,,,2024,10
62042,SRIV Partnership LLC,692,Medicine Bow,11,WY,WAUW,Onshore Wind Turbine,WND,WT,1.3,1.3,,,2024,10
62042,SRIV Partnership LLC,692,Medicine Bow,3,WY,WAUW,Onshore Wind Turbine,WND,WT,0.1,0.1,,,2005,4
62042,SRIV Partnership LLC,692,Medicine Bow,CLIP,WY,WAUW,Onshore Wind Turbine,WND,WT,2.5,2.5,,,2011,12
19804,City of Vero Beach - (FL),693,Vero Beach Municipal Power Plant,1,FL,FMPP,Natural Gas Steam Turbine,NG,ST,12.5,13.0,,,2015,11
19804,City of Vero Beach - (FL),693,Vero Beach Municipal Power Plant,2,FL,FMPP,Natural Gas Fired Combined Cycle,NG,CA,16.5,13.0,,,2015,11
19804,City of Vero Beach - (FL),693,Vero Beach Municipal Power Plant,3,FL,FMPP,Natural Gas Steam Turbine,NG,ST,33.0,33.0,,,2014,10
19804,City of Vero Beach - (FL),693,Vero Beach Municipal Power Plant,4,FL,FMPP,Natural Gas Steam Turbine,NG,ST,55.0,56.0,,,2015,5
19804,City of Vero Beach - (FL),693,Vero Beach Municipal Power Plant,5,FL,FMPP,Natural Gas Fired Combined Cycle,NG,CT,41.4,35.0,,,2015,11
6443,"Florida Keys El Coop Assn, Inc",696,Marathon Generating Plant,10,FL,FPL,Petroleum Liquids,DFO,IC,3.5,3.5,,,2025,5
6443,"Florida Keys El Coop Assn, Inc",696,Marathon Generating Plant,11,FL,FPL,Petroleum Liquids,DFO,IC,3.5,3.5,,,2025,5
6443,"Florida Keys El Coop Assn, Inc",696,Marathon Generating Plant,3,FL,FPL,Petroleum Liquids,DFO,IC,3.0,3.0,,,2018,11
6443,"Florida Keys El Coop Assn, Inc",696,Marathon Generating Plant,4,FL,FPL,Petroleum Liquids,DFO,IC,3.0,3.0,,,2018,11
6443,"Florida Keys El Coop Assn, Inc",696,Marathon Generating Plant,5,FL,FPL,Petroleum Liquids,DFO,IC,3.0,3.0,,,2007,1
6443,"Florida Keys El Coop Assn, Inc",696,Marathon Generating Plant,6,FL,FPL,Petroleum Liquids,DFO,IC,2.5,2.5,,,2018,11
6443,"Florida Keys El Coop Assn, Inc",696,Marathon Generating Plant,7,FL,FPL,Petroleum Liquids,DFO,IC,2.5,2.5,,,2018,11
6443,"Florida Keys El Coop Assn, Inc",696,Marathon Generating Plant,8,FL,FPL,Petroleum Liquids,DFO,IC,2.0,2.0,,,2025,5
6443,"Florida Keys El Coop Assn, Inc",696,Marathon Generating Plant,9,FL,FPL,Petroleum Liquids,DFO,IC,2.0,2.0,,,2025,5
7140,Georgia Power Co,699,Arkwright,3,GA,,Conventional Steam Coal,BIT,ST,40.2,42.0,,,2002,12
7140,Georgia Power Co,699,Arkwright,4,GA,,Conventional Steam Coal,BIT,ST,49.0,44.0,,,2002,7
7140,Georgia Power Co,699,Arkwright,5A,GA,,Petroleum Liquids,DFO,GT,16.3,13.0,,,2002,12
7140,Georgia Power Co,699,Arkwright,5B,GA,,Petroleum Liquids,DFO,GT,16.3,13.0,,,2002,12
7140,Georgia Power Co,699,Arkwright,ST1,GA,,Natural Gas Steam Turbine,NG,ST,46.0,41.0,,,2002,12
7140,Georgia Power Co,699,Arkwright,ST2,GA,,Natural Gas Steam Turbine,NG,ST,46.0,41.0,,,2002,12
7140,Georgia Power Co,700,Atkinson,3,GA,,Natural Gas Steam Turbine,NG,ST,63.0,65.0,,,2002,7
7140,Georgia Power Co,700,Atkinson,4,GA,,Natural Gas Steam Turbine,NG,ST,75.0,62.0,,,2002,7
7140,Georgia Power Co,700,Atkinson,5A,GA,,Petroleum Liquids,DFO,GT,41.8,32.0,,,2003,12
7140,Georgia Power Co,700,Atkinson,5B,GA,,Petroleum Liquids,DFO,GT,41.8,32.0,,,2003,12
7140,Georgia Power Co,700,Atkinson,ST2,GA,,Natural Gas Steam Turbine,NG,ST,60.0,55.0,,,2002,7
7140,Georgia Power Co,701,Barnett Shoals,1,GA,SOCO,Conventional Hydroelectric,WAT,HY,0.7,0.2,,,2010,5
7140,Georgia Power Co,701,Barnett Shoals,2,GA,SOCO,Conventional Hydroelectric,WAT,HY,0.7,0.2,,,2010,5
7140,Georgia Power Co,701,Barnett Shoals,3,GA,SOCO,Conventional Hydroelectric,WAT,HY,0.7,0.2,,,2010,5
7140,Georgia Power Co,701,Barnett Shoals,4,GA,SOCO,Conventional Hydroelectric,WAT,HY,0.7,0.2,,,2010,5
7140,Georgia Power Co,703,Bowen,6,GA,SOCO,Petroleum Liquids,DFO,GT,41.8,32.0,,,2013,4
7140,Georgia Power Co,708,Hammond,1,GA,SOCO,Conventional Steam Coal,BIT,ST,125.0,110.0,,,2019,7
7140,Georgia Power Co,708,Hammond,2,GA,SOCO,Conventional Steam Coal,BIT,ST,125.0,110.0,,,2019,7
7140,Georgia Power Co,708,Hammond,3,GA,SOCO,Conventional Steam Coal,BIT,ST,125.0,110.0,,,2019,7
7140,Georgia Power Co,708,Hammond,4,GA,SOCO,Conventional Steam Coal,BIT,ST,578.0,510.0,,,2019,7
7140,Georgia Power Co,709,Harllee Branch,1,GA,SOCO,Conventional Steam Coal,BIT,ST,299.2,266.0,,,2015,4
7140,Georgia Power Co,709,Harllee Branch,2,GA,SOCO,Conventional Steam Coal,BIT,ST,359.0,325.0,,,2013,9
7140,Georgia Power Co,709,Harllee Branch,3,GA,SOCO,Conventional Steam Coal,BIT,ST,544.0,488.0,,,2015,4
7140,Georgia Power Co,709,Harllee Branch,4,GA,SOCO,Conventional Steam Coal,BIT,ST,544.0,507.0,,,2015,4
7140,Georgia Power Co,710,Jack McDonough,1,GA,SOCO,Conventional Steam Coal,BIT,ST,299.2,251.0,,,2012,2
7140,Georgia Power Co,710,Jack McDonough,2,GA,SOCO,Conventional Steam Coal,BIT,ST,299.2,251.0,,,2011,9
7140,Georgia Power Co,711,Langdale,5,AL,SOCO,Conventional Hydroelectric,WAT,HY,0.5,0.1,,,2019,7
7140,Georgia Power Co,711,Langdale,6,AL,SOCO,Conventional Hydroelectric,WAT,HY,0.5,0.1,,,2019,7
7140,Georgia Power Co,715,McManus,1,GA,SOCO,Petroleum Liquids,RFO,ST,50.0,43.0,,,2015,4
7140,Georgia Power Co,715,McManus,2,GA,SOCO,Petroleum Liquids,RFO,ST,93.7,79.0,,,2015,4
7140,Georgia Power Co,727,Mitchell (GA),1,GA,SOCO,Conventional Steam Coal,BIT,ST,27.5,20.0,,,2002,7
7140,Georgia Power Co,727,Mitchell (GA),2,GA,SOCO,Conventional Steam Coal,BIT,ST,27.5,20.0,,,2002,12
7140,Georgia Power Co,727,Mitchell (GA),3,GA,SOCO,Conventional Steam Coal,BIT,ST,163.2,155.0,,,2016,8
7140,Georgia Power Co,727,Mitchell (GA),4A,GA,SOCO,Petroleum Liquids,DFO,GT,41.8,31.0,,,2016,8
7140,Georgia Power Co,727,Mitchell (GA),4B,GA,SOCO,Petroleum Liquids,DFO,GT,41.8,31.0,,,2016,8
7140,Georgia Power Co,727,Mitchell (GA),4C,GA,SOCO,Petroleum Liquids,DFO,GT,41.8,31.0,,,2012,3
7140,Georgia Power Co,728,Yates,1,GA,SOCO,Conventional Steam Coal,BIT,ST,122.5,97.0,,,2015,4
7140,Georgia Power Co,728,Yates,2,GA,SOCO,Conventional Steam Coal,BIT,ST,122.5,103.0,,,2015,4
7140,Georgia Power Co,728,Yates,3,GA,SOCO,Conventional Steam Coal,BIT,ST,122.5,111.0,,,2015,4
7140,Georgia Power Co,728,Yates,4,GA,SOCO,Conventional Steam Coal,BIT,ST,156.2,133.0,,,2015,4
7140,Georgia Power Co,728,Yates,5,GA,SOCO,Conventional Steam Coal,BIT,ST,156.2,135.0,,,2015,4
7140,Georgia Power Co,732,Boulevard,1,GA,SOCO,Petroleum Liquids,DFO,GT,15.6,14.0,,,2022,9
7140,Georgia Power Co,732,Boulevard,2,GA,SOCO,Natural Gas Fired Combustion Turbine,NG,GT,15.6,14.0,,,2013,7
7140,Georgia Power Co,732,Boulevard,3,GA,SOCO,Natural Gas Fired Combustion Turbine,NG,GT,15.6,14.0,,,2013,7
7140,Georgia Power Co,733,Kraft,2,GA,SOCO,Conventional Steam Coal,BIT,ST,54.4,52.0,,,2015,10
7140,Georgia Power Co,733,Kraft,3,GA,SOCO,Conventional Steam Coal,BIT,ST,103.5,101.0,,,2015,10
7140,Georgia Power Co,733,Kraft,4,GA,SOCO,Natural Gas Steam Turbine,NG,ST,126.0,115.0,,,2015,10
7140,Georgia Power Co,733,Kraft,PWA,GA,SOCO,Natural Gas Fired Combustion Turbine,NG,GT,18.5,17.0,,,2016,8
7140,Georgia Power Co,733,Kraft,ST1,GA,SOCO,Conventional Steam Coal,BIT,ST,50.0,48.0,,,2015,10
7140,Georgia Power Co,734,Riverside (GA),4,GA,,Natural Gas Steam Turbine,NG,ST,15.0,20.0,,,2004,9
7140,Georgia Power Co,734,Riverside (GA),5,GA,,Natural Gas Steam Turbine,NG,ST,7.5,9.0,,,2004,9
7140,Georgia Power Co,734,Riverside (GA),6,GA,,Natural Gas Steam Turbine,NG,ST,24.7,19.0,,,2005,5
7140,Georgia Power Co,734,Riverside (GA),7,GA,,Natural Gas Steam Turbine,NG,ST,21.2,20.0,,,2005,5
7140,Georgia Power Co,734,Riverside (GA),8,GA,,Natural Gas Steam Turbine,NG,ST,37.5,39.0,,,2005,2
18454,Tampa Electric Co,747,Dinner Lake,1,FL,,Natural Gas Steam Turbine,NG,ST,12.6,11.0,,,2003,1
18454,Tampa Electric Co,748,Phillips,1,FL,TEC,Petroleum Liquids,DFO,IC,19.2,18.0,,,2015,11
18454,Tampa Electric Co,748,Phillips,2,FL,TEC,Petroleum Liquids,DFO,IC,19.2,18.0,,,2015,11
18454,Tampa Electric Co,748,Phillips,3,FL,TEC,Petroleum Liquids,RFO,CA,3.6,3.0,,,2006,3
27813,USCE-Mobile District,759,Buford,1,GA,SOCO,Conventional Hydroelectric,WAT,HY,40.0,40.0,,,2003,12
27813,USCE-Mobile District,759,Buford,2,GA,SOCO,Conventional Hydroelectric,WAT,HY,40.0,40.0,,,2004,12
27813,USCE-Mobile District,759,Buford,3,GA,SOCO,Conventional Hydroelectric,WAT,HY,6.0,6.0,,,2005,2
14077,Oklahoma Municipal Power Authority,762,Ponca,2,OK,SWPP,Natural Gas Steam Turbine,NG,ST,48.0,34.0,,,2022,12
19547,Hawaiian Electric Co Inc,764,Honolulu,H8,HI,,Petroleum Liquids,RFO,ST,50.0,48.6,,,2014,1
19547,Hawaiian Electric Co Inc,764,Honolulu,H9,HI,,Petroleum Liquids,RFO,ST,54.4,51.7,,,2014,1
19547,Hawaiian Electric Co Inc,766,Waiau,W3,HI,,Petroleum Liquids,RFO,ST,50.0,47.2,,,2024,12
19547,Hawaiian Electric Co Inc,766,Waiau,W4,HI,,Petroleum Liquids,RFO,ST,50.0,47.7,,,2024,12
8287,Hawaii Electric Light Co Inc,771,Puueo,2,HI,,Conventional Hydroelectric,WAT,HY,1.5,1.7,,,2002,12
40215,"Cordova Electric Coop, Inc",789,Orca,4,AK,,Petroleum Liquids,DFO,IC,2.4,2.4,,,2024,6
40215,"Cordova Electric Coop, Inc",789,Orca,6,AK,,Petroleum Liquids,DFO,IC,1.1,1.1,,,2023,6
5063,City of Denton - (TX),796,Ray Roberts,1,TX,,Conventional Hydroelectric,WAT,HY,1.2,1.2,,,2007,1
9191,Idaho Power Co,818,Shoshone Falls,1,ID,IPCO,Conventional Hydroelectric,WAT,HY,0.6,0.0,,,2017,12
9191,Idaho Power Co,818,Shoshone Falls,2,ID,IPCO,Conventional Hydroelectric,WAT,HY,0.4,0.0,,,2017,12
9191,Idaho Power Co,820,Thousand Springs,1,ID,IPCO,Conventional Hydroelectric,WAT,HY,1.0,0.0,,,2017,12
9191,Idaho Power Co,820,Thousand Springs,2,ID,IPCO,Conventional Hydroelectric,WAT,HY,1.0,0.0,,,2017,12
14354,PacifiCorp,826,Cove,1,ID,PACE,Conventional Hydroelectric,WAT,HY,7.5,7.0,,,2006,12
49756,Illinois Power Resources Generating LLC,856,E D Edwards,1,IL,MISO,Conventional Steam Coal,SUB,ST,136.0,95.0,,,2015,12
49756,Illinois Power Resources Generating LLC,856,E D Edwards,2,IL,MISO,Conventional Steam Coal,SUB,ST,280.5,245.0,,,2022,12
49756,Illinois Power Resources Generating LLC,856,E D Edwards,3,IL,MISO,Conventional Steam Coal,SUB,ST,363.8,315.0,,,2022,12
49756,Illinois Power Resources Generating LLC,860,Sterling Avenue,1,IL,MISO,Natural Gas Fired Combustion Turbine,NG,GT,18.0,15.0,,,2009,4
49756,Illinois Power Resources Generating LLC,860,Sterling Avenue,2,IL,MISO,Natural Gas Fired Combustion Turbine,NG,GT,18.0,15.0,,,2009,4
520,Illinois Power Generating Co,861,Coffeen,1,IL,MISO,Conventional Steam Coal,RC,ST,388.9,330.0,,,2019,11
520,Illinois Power Generating Co,861,Coffeen,2,IL,MISO,Conventional Steam Coal,RC,ST,616.5,565.0,,,2019,11
59371,Mainline Generation LLC,862,Grand Tower Energy Center LLC,1,IL,MISO,Natural Gas Fired Combined Cycle,NG,CT,223.2,161.0,,,2024,4
59371,Mainline Generation LLC,862,Grand Tower Energy Center LLC,2,IL,MISO,Natural Gas Fired Combined Cycle,NG,CT,223.2,159.0,,,2024,4
59371,Mainline Generation LLC,862,Grand Tower Energy Center LLC,3,IL,MISO,Natural Gas Fired Combined Cycle,NG,CA,80.9,86.0,,,2024,4
59371,Mainline Generation LLC,862,Grand Tower Energy Center LLC,4,IL,MISO,Natural Gas Fired Combined Cycle,NG,CA,113.6,105.0,,,2024,4
58676,Ameren Energy Medina Valley,863,Hutsonville,3,IL,MISO,Conventional Steam Coal,SUB,ST,75.0,75.0,,,2011,12
58676,Ameren Energy Medina Valley,863,Hutsonville,4,IL,MISO,Conventional Steam Coal,SUB,ST,75.0,76.0,,,2011,12
58676,Ameren Energy Medina Valley,863,Hutsonville,D1,IL,MISO,Petroleum Liquids,DFO,IC,3.0,3.0,,,2011,12
58676,Ameren Energy Medina Valley,864,Meredosia,1,IL,MISO,Conventional Steam Coal,BIT,ST,57.5,52.0,,,2011,12
58676,Ameren Energy Medina Valley,864,Meredosia,2,IL,MISO,Conventional Steam Coal,BIT,ST,57.5,53.0,,,2011,12
58676,Ameren Energy Medina Valley,864,Meredosia,3,IL,MISO,Conventional Steam Coal,SUB,ST,239.3,203.0,,,2011,12
58676,Ameren Energy Medina Valley,864,Meredosia,4,IL,MISO,Petroleum Liquids,RFO,ST,209.7,166.0,,,2011,12
12384,Midwest Generations EME LLC,865,Bloom,331,IL,,Petroleum Liquids,DFO,GT,19.0,11.2,,,2003,1
12384,Midwest Generations EME LLC,865,Bloom,332,IL,,Petroleum Liquids,DFO,GT,19.0,13.5,,,2003,1
12384,Midwest Generations EME LLC,865,Bloom,333,IL,,Petroleum Liquids,DFO,GT,19.0,12.7,,,2003,1
12384,Midwest Generations EME LLC,865,Bloom,334,IL,,Petroleum Liquids,DFO,GT,19.0,11.4,,,2003,1
12384,Midwest Generations EME LLC,865,Bloom,341,IL,,Petroleum Liquids,DFO,GT,19.0,13.7,,,2003,1
12384,Midwest Generations EME LLC,865,Bloom,342,IL,,Petroleum Liquids,DFO,GT,19.0,13.7,,,2003,1
12384,Midwest Generations EME LLC,865,Bloom,343,IL,,Petroleum Liquids,DFO,GT,19.0,11.9,,,2003,1
12384,Midwest Generations EME LLC,865,Bloom,344,IL,,Petroleum Liquids,DFO,GT,19.0,12.3,,,2003,1
12384,Midwest Generations EME LLC,866,Calumet,311,IL,,Natural Gas Fired Combustion Turbine,NG,GT,18.4,14.7,,,2004,12
12384,Midwest Generations EME LLC,866,Calumet,312,IL,,Natural Gas Fired Combustion Turbine,NG,GT,18.4,14.1,,,2004,12
12384,Midwest Generations EME LLC,866,Calumet,313,IL,,Natural Gas Fired Combustion Turbine,NG,GT,18.4,12.3,,,2004,12
12384,Midwest Generations EME LLC,866,Calumet,314,IL,,Natural Gas Fired Combustion Turbine,NG,GT,18.4,14.8,,,2004,12
12384,Midwest Generations EME LLC,866,Calumet,321,IL,,Natural Gas Fired Combustion Turbine,NG,GT,18.4,14.1,,,2004,12
12384,Midwest Generations EME LLC,866,Calumet,322,IL,,Natural Gas Fired Combustion Turbine,NG,GT,18.4,14.2,,,2004,12
12384,Midwest Generations EME LLC,866,Calumet,323,IL,,Natural Gas Fired Combustion Turbine,NG,GT,18.4,14.2,,,2004,12
12384,Midwest Generations EME LLC,866,Calumet,324,IL,,Natural Gas Fired Combustion Turbine,NG,GT,18.4,14.2,,,2004,12
12384,Midwest Generations EME LLC,866,Calumet,331,IL,,Natural Gas Fired Combustion Turbine,NG,GT,18.4,15.1,,,2004,12
12384,Midwest Generations EME LLC,866,Calumet,332,IL,,Natural Gas Fired Combustion Turbine,NG,GT,18.4,13.0,,,2004,12
12384,Midwest Generations EME LLC,866,Calumet,333,IL,,Natural Gas Fired Combustion Turbine,NG,GT,18.4,13.6,,,2004,12
12384,Midwest Generations EME LLC,866,Calumet,341,IL,,Natural Gas Fired Combustion Turbine,NG,GT,19.0,13.7,,,2004,12
12384,Midwest Generations EME LLC,866,Calumet,342,IL,,Natural Gas Fired Combustion Turbine,NG,GT,19.0,14.0,,,2004,12
12384,Midwest Generations EME LLC,866,Calumet,343,IL,,Natural Gas Fired Combustion Turbine,NG,GT,19.0,13.6,,,2004,12
12384,Midwest Generations EME LLC,866,Calumet,344,IL,,Natural Gas Fired Combustion Turbine,NG,GT,19.0,8.3,,,2004,12
12384,Midwest Generations EME LLC,867,Crawford,311,IL,PJM,Natural Gas Fired Combustion Turbine,NG,GT,17.3,17.3,,,2005,3
12384,Midwest Generations EME LLC,867,Crawford,312,IL,PJM,Natural Gas Fired Combustion Turbine,NG,GT,17.3,13.7,,,2005,3
12384,Midwest Generations EME LLC,867,Crawford,313,IL,PJM,Natural Gas Fired Combustion Turbine,NG,GT,17.3,14.4,,,2005,3
12384,Midwest Generations EME LLC,867,Crawford,314,IL,PJM,Natural Gas Fired Combustion Turbine,NG,GT,17.3,13.9,,,2005,3
12384,Midwest Generations EME LLC,867,Crawford,321,IL,PJM,Natural Gas Fired Combustion Turbine,NG,GT,17.3,14.7,,,2005,3
12384,Midwest Generations EME LLC,867,Crawford,322,IL,PJM,Natural Gas Fired Combustion Turbine,NG,GT,17.3,14.7,,,2005,3
12384,Midwest Generations EME LLC,867,Crawford,323,IL,PJM,Natural Gas Fired Combustion Turbine,NG,GT,17.3,13.9,,,2005,3
12384,Midwest Generations EME LLC,867,Crawford,324,IL,PJM,Natural Gas Fired Combustion Turbine,NG,GT,17.3,14.2,,,2005,3
12384,Midwest Generations EME LLC,867,Crawford,331,IL,PJM,Natural Gas Fired Combustion Turbine,NG,GT,17.3,14.2,,,2005,3
12384,Midwest Generations EME LLC,867,Crawford,332,IL,PJM,Natural Gas Fired Combustion Turbine,NG,GT,17.3,13.8,,,2005,3
12384,Midwest Generations EME LLC,867,Crawford,333,IL,PJM,Natural Gas Fired Combustion Turbine,NG,GT,17.3,14.3,,,2005,3
12384,Midwest Generations EME LLC,867,Crawford,334,IL,PJM,Natural Gas Fired Combustion Turbine,NG,GT,17.3,13.7,,,2005,3
12384,Midwest Generations EME LLC,867,Crawford,7,IL,PJM,Conventional Steam Coal,SUB,ST,239.3,213.0,,,2012,8
12384,Midwest Generations EME LLC,867,Crawford,8,IL,PJM,Conventional Steam Coal,SUB,ST,358.1,319.0,,,2012,8
4110,Commonwealth Edison Co,869,Dresden,1,IL,,Nuclear,NUC,ST,207.0,197.0,,,1985,10
12384,Midwest Generations EME LLC,870,Electric Junction,311,IL,,Natural Gas Fired Combustion Turbine,NG,GT,19.0,14.6,,,2004,12
12384,Midwest Generations EME LLC,870,Electric Junction,312,IL,,Natural Gas Fired Combustion Turbine,NG,GT,19.0,15.0,,,2004,12
12384,Midwest Generations EME LLC,870,Electric Junction,313,IL,,Natural Gas Fired Combustion Turbine,NG,GT,19.0,15.1,,,2004,12
12384,Midwest Generations EME LLC,870,Electric Junction,314,IL,,Natural Gas Fired Combustion Turbine,NG,GT,19.0,14.7,,,2004,12
12384,Midwest Generations EME LLC,870,Electric Junction,321,IL,,Natural Gas Fired Combustion Turbine,NG,GT,19.0,14.9,,,2004,12
12384,Midwest Generations EME LLC,870,Electric Junction,322,IL,,Natural Gas Fired Combustion Turbine,NG,GT,19.0,14.6,,,2004,12
12384,Midwest Generations EME LLC,870,Electric Junction,323,IL,,Natural Gas Fired Combustion Turbine,NG,GT,19.0,14.4,,,2004,12
12384,Midwest Generations EME LLC,870,Electric Junction,324,IL,,Natural Gas Fired Combustion Turbine,NG,GT,19.0,15.3,,,2004,12
12384,Midwest Generations EME LLC,870,Electric Junction,331,IL,,Natural Gas Fired Combustion Turbine,NG,GT,19.0,14.7,,,2004,12
12384,Midwest Generations EME LLC,870,Electric Junction,332,IL,,Natural Gas Fired Combustion Turbine,NG,GT,19.0,15.1,,,2004,12
12384,Midwest Generations EME LLC,870,Electric Junction,333,IL,,Natural Gas Fired Combustion Turbine,NG,GT,19.0,14.7,,,2004,12
12384,Midwest Generations EME LLC,870,Electric Junction,334,IL,,Natural Gas Fired Combustion Turbine,NG,GT,19.0,14.7,,,2004,12
12384,Midwest Generations EME LLC,870,Electric Junction,341,IL,,Natural Gas Fired Combustion Turbine,NG,GT,19.0,9.5,,,2004,12
12384,Midwest Generations EME LLC,870,Electric Junction,342,IL,,Natural Gas Fired Combustion Turbine,NG,GT,19.0,9.8,,,2004,12
12384,Midwest Generations EME LLC,870,Electric Junction,343,IL,,Natural Gas Fired Combustion Turbine,NG,GT,19.0,10.4,,,2004,12
12384,Midwest Generations EME LLC,870,Electric Junction,344,IL,,Natural Gas Fired Combustion Turbine,NG,GT,19.0,9.9,,,2004,12
12384,Midwest Generations EME LLC,874,Joliet 9,311,IL,PJM,Natural Gas Fired Combustion Turbine,NG,GT,18.4,15.8,,,2004,12
12384,Midwest Generations EME LLC,874,Joliet 9,312,IL,PJM,Natural Gas Fired Combustion Turbine,NG,GT,18.4,14.5,,,2004,12
12384,Midwest Generations EME LLC,874,Joliet 9,313,IL,PJM,Natural Gas Fired Combustion Turbine,NG,GT,18.4,14.6,,,2004,12
12384,Midwest Generations EME LLC,874,Joliet 9,314,IL,PJM,Natural Gas Fired Combustion Turbine,NG,GT,18.4,14.0,,,2004,12
12384,Midwest Generations EME LLC,874,Joliet 9,321,IL,PJM,Natural Gas Fired Combustion Turbine,NG,GT,18.4,14.1,,,2004,12
12384,Midwest Generations EME LLC,874,Joliet 9,322,IL,PJM,Natural Gas Fired Combustion Turbine,NG,GT,18.4,14.1,,,2004,12
12384,Midwest Generations EME LLC,874,Joliet 9,323,IL,PJM,Natural Gas Fired Combustion Turbine,NG,GT,18.4,14.1,,,2004,12
12384,Midwest Generations EME LLC,874,Joliet 9,324,IL,PJM,Natural Gas Fired Combustion Turbine,NG,GT,18.4,13.9,,,2004,12
12384,Midwest Generations EME LLC,874,Joliet 9,6,IL,PJM,Natural Gas Steam Turbine,NG,ST,360.4,314.0,,,2023,6
12384,Midwest Generations EME LLC,877,Lombard,311,IL,,Petroleum Liquids,KER,GT,22.1,16.2,,,2004,12
12384,Midwest Generations EME LLC,877,Lombard,312,IL,,Natural Gas Fired Combustion Turbine,NG,GT,22.1,18.4,,,2004,12
12384,Midwest Generations EME LLC,877,Lombard,321,IL,,Petroleum Liquids,KER,GT,22.1,15.5,,,2004,12
12384,Midwest Generations EME LLC,877,Lombard,322,IL,,Petroleum Liquids,KER,GT,22.1,18.8,,,2004,12
12384,Midwest Generations EME LLC,877,Lombard,331,IL,,Petroleum Liquids,KER,GT,22.1,16.2,,,2004,12
12384,Midwest Generations EME LLC,877,Lombard,332,IL,,Natural Gas Fired Combustion Turbine,NG,GT,22.1,18.3,,,2004,12
12384,Midwest Generations EME LLC,882,Sabrooke,311,IL,,Petroleum Liquids,DFO,GT,18.4,12.8,,,2004,12
12384,Midwest Generations EME LLC,882,Sabrooke,312,IL,,Petroleum Liquids,DFO,GT,18.4,12.4,,,2004,12
12384,Midwest Generations EME LLC,882,Sabrooke,321,IL,,Petroleum Liquids,DFO,GT,18.4,11.4,,,2004,12
12384,Midwest Generations EME LLC,882,Sabrooke,322,IL,,Petroleum Liquids,DFO,GT,18.4,13.5,,,2004,12
12384,Midwest Generations EME LLC,882,Sabrooke,331,IL,,Petroleum Liquids,DFO,GT,19.0,11.0,,,2004,12
12384,Midwest Generations EME LLC,882,Sabrooke,332,IL,,Petroleum Liquids,DFO,GT,19.0,12.8,,,2004,12
12384,Midwest Generations EME LLC,882,Sabrooke,341,IL,,Petroleum Liquids,DFO,GT,19.0,12.5,,,2004,12
12384,Midwest Generations EME LLC,882,Sabrooke,342,IL,,Petroleum Liquids,DFO,GT,19.0,13.1,,,2004,12
12384,Midwest Generations EME LLC,883,Waukegan,6,IL,PJM,Conventional Steam Coal,SUB,ST,121.0,100.0,,,2007,12
12384,Midwest Generations EME LLC,883,Waukegan,7,IL,PJM,Conventional Steam Coal,SUB,ST,326.4,328.0,,,2022,6
12384,Midwest Generations EME LLC,883,Waukegan,8,IL,PJM,Conventional Steam Coal,SUB,ST,355.3,361.0,,,2022,6
12384,Midwest Generations EME LLC,884,Will County,1,IL,PJM,Conventional Steam Coal,SUB,ST,187.5,151.0,,,2010,12
12384,Midwest Generations EME LLC,884,Will County,2,IL,PJM,Conventional Steam Coal,SUB,ST,183.7,148.0,,,2010,12
12384,Midwest Generations EME LLC,884,Will County,3,IL,PJM,Conventional Steam Coal,SUB,ST,299.2,251.0,,,2015,4
12384,Midwest Generations EME LLC,884,Will County,4,IL,PJM,Conventional Steam Coal,SUB,ST,598.4,510.0,,,2022,6
4110,Commonwealth Edison Co,885,Zion,1,IL,,Nuclear,NUC,ST,1098.0,1040.0,,,1998,1
4110,Commonwealth Edison Co,885,Zion,2,IL,,Nuclear,NUC,ST,1098.0,1040.0,,,1998,1
12384,Midwest Generations EME LLC,886,Fisk Street,19,IL,PJM,Conventional Steam Coal,SUB,ST,374.0,326.0,,,2012,8
5748,Electric Energy Inc,887,Joppa Steam,1,IL,GLHB,Conventional Steam Coal,RC,ST,183.3,158.0,,,2022,8
5748,Electric Energy Inc,887,Joppa Steam,2,IL,GLHB,Conventional Steam Coal,RC,ST,183.3,158.0,,,2022,8
5748,Electric Energy Inc,887,Joppa Steam,3,IL,GLHB,Conventional Steam Coal,RC,ST,183.3,158.0,,,2022,8
5748,Electric Energy Inc,887,Joppa Steam,4,IL,GLHB,Conventional Steam Coal,RC,ST,183.3,158.0,,,2022,8
5748,Electric Energy Inc,887,Joppa Steam,5,IL,GLHB,Conventional Steam Coal,RC,ST,183.3,158.0,,,2022,8
5748,Electric Energy Inc,887,Joppa Steam,6,IL,GLHB,Conventional Steam Coal,RC,ST,183.3,158.0,,,2022,8
5517,Dynegy Midwest Generation Inc,889,Baldwin Energy Complex,3,IL,MISO,Conventional Steam Coal,RC,ST,634.5,621.0,,,2020,8
5517,Dynegy Midwest Generation Inc,891,Havana,1,IL,MISO,Petroleum Liquids,RFO,ST,46.0,45.6,,,2012,1
5517,Dynegy Midwest Generation Inc,891,Havana,2,IL,MISO,Petroleum Liquids,RFO,ST,46.0,45.6,,,2012,1
5517,Dynegy Midwest Generation Inc,891,Havana,3,IL,MISO,Petroleum Liquids,RFO,ST,46.0,45.6,,,2012,1
5517,Dynegy Midwest Generation Inc,891,Havana,4,IL,MISO,Petroleum Liquids,RFO,ST,46.0,45.6,,,2012,1
5517,Dynegy Midwest Generation Inc,891,Havana,5,IL,MISO,Petroleum Liquids,RFO,ST,46.0,45.6,,,2012,1
5517,Dynegy Midwest Generation Inc,891,Havana,6,IL,MISO,Conventional Steam Coal,RC,ST,488.0,411.0,,,2019,11
5517,Dynegy Midwest Generation Inc,892,Hennepin Power Station,1,IL,MISO,Conventional Steam Coal,RC,ST,75.0,68.0,,,2019,11
5517,Dynegy Midwest Generation Inc,892,Hennepin Power Station,2,IL,MISO,Conventional Steam Coal,RC,ST,231.3,218.0,,,2019,11
5517,Dynegy Midwest Generation Inc,894,Oglesby,1,IL,MISO,Natural Gas Fired Combustion Turbine,NG,GT,17.5,13.5,,,2013,1
5517,Dynegy Midwest Generation Inc,894,Oglesby,2,IL,MISO,Natural Gas Fired Combustion Turbine,NG,GT,17.5,13.5,,,2013,1
5517,Dynegy Midwest Generation Inc,894,Oglesby,3,IL,MISO,Natural Gas Fired Combustion Turbine,NG,GT,17.5,13.5,,,2013,1
5517,Dynegy Midwest Generation Inc,894,Oglesby,4,IL,MISO,Natural Gas Fired Combustion Turbine,NG,GT,17.5,13.5,,,2013,1
5517,Dynegy Midwest Generation Inc,895,Stallings,1,IL,MISO,Natural Gas Fired Combustion Turbine,NG,GT,23.8,20.5,,,2013,1
5517,Dynegy Midwest Generation Inc,895,Stallings,2,IL,MISO,Natural Gas Fired Combustion Turbine,NG,GT,23.8,20.5,,,2013,1
5517,Dynegy Midwest Generation Inc,895,Stallings,3,IL,MISO,Natural Gas Fired Combustion Turbine,NG,GT,23.8,20.5,,,2013,1
5517,Dynegy Midwest Generation Inc,895,Stallings,4,IL,MISO,Natural Gas Fired Combustion Turbine,NG,GT,23.8,20.5,,,2013,1
5517,Dynegy Midwest Generation Inc,897,Vermilion,2,IL,MISO,Conventional Steam Coal,SUB,ST,108.8,99.0,,,2011,11
5517,Dynegy Midwest Generation Inc,897,Vermilion,3,IL,MISO,Petroleum Liquids,DFO,GT,15.0,10.0,,,2011,11
5517,Dynegy Midwest Generation Inc,897,Vermilion,ST1,IL,MISO,Conventional Steam Coal,SUB,ST,73.5,62.0,,,2011,11
5517,Dynegy Midwest Generation Inc,898,Wood River,1,IL,MISO,Natural Gas Steam Turbine,NG,ST,50.0,38.7,,,2011,10
5517,Dynegy Midwest Generation Inc,898,Wood River,2,IL,MISO,Natural Gas Steam Turbine,NG,ST,50.0,38.7,,,2011,10
5517,Dynegy Midwest Generation Inc,898,Wood River,3,IL,MISO,Natural Gas Steam Turbine,NG,ST,50.0,38.7,,,2011,10
5517,Dynegy Midwest Generation Inc,898,Wood River,4,IL,MISO,Conventional Steam Coal,RC,ST,112.5,89.0,,,2016,5
5517,Dynegy Midwest Generation Inc,898,Wood River,5,IL,MISO,Conventional Steam Coal,RC,ST,387.6,371.0,,,2016,5
19436,Union Electric Co - (MO),913,Venice,3,IL,MISO,Petroleum Liquids,DFO,ST,98.0,82.0,,,2002,12
19436,Union Electric Co - (MO),913,Venice,4,IL,MISO,Petroleum Liquids,DFO,ST,98.0,82.0,,,2002,12
19436,Union Electric Co - (MO),913,Venice,5,IL,MISO,Petroleum Liquids,DFO,ST,98.0,86.0,,,2002,12
19436,Union Electric Co - (MO),913,Venice,6,IL,MISO,Petroleum Liquids,DFO,ST,100.0,86.0,,,2002,12
19436,Union Electric Co - (MO),913,Venice,GT1,IL,MISO,Petroleum Liquids,DFO,GT,37.5,26.0,,,2011,9
55939,Columbia Basin Hydropower,917,Quincy Chute,1,WA,GCPD,Conventional Hydroelectric,WAT,HY,9.4,9.4,,,2025,12
2188,City of Breese - (IL),934,Breese,ST2,IL,MISO,Petroleum Liquids,DFO,ST,2.0,2.0,,,2003,1
3037,City of Carlyle - (IL),936,Carlyle,1,IL,MISO,Petroleum Liquids,DFO,IC,3.0,3.0,,,2017,8
3040,City of Carmi - (IL),937,Carmi,11,IL,MISO,Petroleum Liquids,DFO,IC,2.7,2.7,,,2019,12
3040,City of Carmi - (IL),937,Carmi,5,IL,MISO,Natural Gas Internal Combustion Engine,NG,IC,0.6,0.5,,,2013,7
3040,City of Carmi - (IL),937,Carmi,6,IL,MISO,Petroleum Liquids,DFO,IC,0.7,0.5,,,2014,5
6141,City of Fairfield- (IL),940,Fairfield,IC5,IL,MISO,Petroleum Liquids,DFO,IC,2.4,2.4,,,2020,6
6141,City of Fairfield- (IL),940,Fairfield,IC6,IL,MISO,Petroleum Liquids,DFO,IC,2.4,2.4,,,2020,6
6141,City of Fairfield- (IL),940,Fairfield,IC7,IL,MISO,Petroleum Liquids,DFO,IC,2.7,2.7,,,2020,6
8573,City of Highland - (IL),946,Highland,IC5,IL,MISO,Petroleum Liquids,DFO,IC,2.0,2.0,,,2023,3
8573,City of Highland - (IL),946,Highland,IC6,IL,MISO,Petroleum Liquids,DFO,IC,2.0,2.0,,,2023,3
12167,City of McLeansboro - (IL),948,McLeansboro,8,IL,MISO,Petroleum Liquids,DFO,IC,1.1,1.0,,,2020,1
12167,City of McLeansboro - (IL),948,McLeansboro,9,IL,MISO,Petroleum Liquids,DFO,IC,2.0,2.0,,,2020,1
11736,City of Marshall - (IL),949,Marshall (IL),1,IL,MISO,Petroleum Liquids,DFO,IC,0.9,0.8,,,2006,2
11736,City of Marshall - (IL),949,Marshall (IL),2,IL,MISO,Petroleum Liquids,DFO,IC,0.9,0.8,,,2006,2
11736,City of Marshall - (IL),949,Marshall (IL),3,IL,MISO,Petroleum Liquids,DFO,IC,1.2,1.1,,,2006,2
11790,City of Mascoutah - (IL),950,Mascoutah,IC1,IL,,Petroleum Liquids,DFO,IC,0.6,0.5,,,2011,7
11790,City of Mascoutah - (IL),950,Mascoutah,IC2,IL,,Petroleum Liquids,DFO,IC,0.6,0.5,,,2011,7
11790,City of Mascoutah - (IL),950,Mascoutah,IC3,IL,,Petroleum Liquids,DFO,IC,1.1,1.0,,,2011,7
11790,City of Mascoutah - (IL),950,Mascoutah,IC4,IL,,Petroleum Liquids,DFO,IC,2.1,2.0,,,2011,7
11790,City of Mascoutah - (IL),950,Mascoutah,IC5,IL,,Petroleum Liquids,DFO,IC,2.3,2.3,,,2011,7
14840,City of Peru - (IL),955,City of Peru Plank Road Generating Station,10,IL,MISO,Petroleum Liquids,DFO,IC,2.0,2.0,,,2011,4
14840,City of Peru - (IL),955,City of Peru Plank Road Generating Station,7,IL,MISO,Petroleum Liquids,DFO,IC,1.8,1.8,,,2010,11
14840,City of Peru - (IL),955,City of Peru Plank Road Generating Station,8,IL,MISO,Petroleum Liquids,DFO,IC,2.0,2.0,,,2010,11
14840,City of Peru - (IL),955,City of Peru Plank Road Generating Station,9,IL,MISO,Petroleum Liquids,DFO,IC,2.0,2.0,,,2010,11
18445,City of Tallahassee - (FL),956,C H Corn Hydroelectric Facility,1,FL,FPC,Conventional Hydroelectric,WAT,HY,4.4,4.0,,,2019,2
18445,City of Tallahassee - (FL),956,C H Corn Hydroelectric Facility,2,FL,FPC,Conventional Hydroelectric,WAT,HY,4.4,4.0,,,2019,2
18445,City of Tallahassee - (FL),956,C H Corn Hydroelectric Facility,3,FL,FPC,Conventional Hydroelectric,WAT,HY,3.4,3.0,,,2019,2
15686,Village of Rantoul - (IL),958,Rantoul,1,IL,MISO,Petroleum Liquids,DFO,IC,1.2,0.7,,,2013,12
15686,Village of Rantoul - (IL),958,Rantoul,2,IL,MISO,Petroleum Liquids,DFO,IC,1.2,0.7,,,2014,12
15686,Village of Rantoul - (IL),958,Rantoul,3,IL,MISO,Petroleum Liquids,DFO,IC,1.2,0.7,,,2013,1
15686,Village of Rantoul - (IL),958,Rantoul,4,IL,MISO,Petroleum Liquids,DFO,IC,1.2,0.7,,,2014,12
15686,Village of Rantoul - (IL),958,Rantoul,5,IL,MISO,Petroleum Liquids,DFO,IC,1.5,0.7,,,2012,10
15686,Village of Rantoul - (IL),958,Rantoul,7,IL,MISO,Petroleum Liquids,DFO,IC,5.2,4.7,,,2017,3
15686,Village of Rantoul - (IL),958,Rantoul,8,IL,MISO,Petroleum Liquids,DFO,IC,4.0,3.0,,,2017,3
16179,Rochelle Municipal Utilities - (IL),960,North Ninth Street,5,IL,PJM,Natural Gas Internal Combustion Engine,NG,IC,1.0,0.8,,,2002,10
16179,Rochelle Municipal Utilities - (IL),961,South Main Street,S1,IL,PJM,Natural Gas Steam Turbine,NG,ST,11.5,11.5,,,2003,8
17828,City of Springfield - (IL),963,Dallman,1,IL,MISO,Conventional Steam Coal,BIT,ST,90.2,64.0,,,2020,12
17828,City of Springfield - (IL),963,Dallman,2,IL,MISO,Conventional Steam Coal,BIT,ST,90.2,60.0,,,2020,12
17828,City of Springfield - (IL),963,Dallman,3,IL,MISO,Conventional Steam Coal,BIT,ST,207.3,159.0,,,2024,3
17828,City of Springfield - (IL),964,Lakeside,6,IL,MISO,Conventional Steam Coal,BIT,ST,37.5,38.0,,,2009,10
17828,City of Springfield - (IL),964,Lakeside,7,IL,MISO,Conventional Steam Coal,BIT,ST,37.5,38.0,,,2009,10
18277,City of Sullivan - (IL),969,Sullivan (IL),4,IL,MISO,Petroleum Liquids,DFO,IC,1.1,1.1,,,2023,9
18277,City of Sullivan - (IL),969,Sullivan (IL),6,IL,MISO,Petroleum Liquids,DFO,IC,0.6,0.6,,,2023,9
17632,Southern Illinois Power Coop,976,Marion,4,IL,MISO,Conventional Steam Coal,BIT,ST,173.0,170.0,,,2020,11
18041,State Line Energy LLC,981,State Line Energy,3,IN,,Conventional Steam Coal,SUB,ST,124.9,124.9,,,2012,3
18041,State Line Energy LLC,981,State Line Energy,3A,IN,,Conventional Steam Coal,SUB,ST,100.0,,,,2012,3
18041,State Line Energy LLC,981,State Line Energy,4,IN,,Conventional Steam Coal,SUB,ST,209.4,209.4,,,2012,3
18041,State Line Energy LLC,981,State Line Energy,4A,IN,,Conventional Steam Coal,SUB,ST,179.5,,,,2012,3
9324,Indiana Michigan Power Co,988,Tanners Creek,1,IN,PJM,Conventional Steam Coal,BIT,ST,152.5,145.0,,,2015,6
9324,Indiana Michigan Power Co,988,Tanners Creek,2,IN,PJM,Conventional Steam Coal,BIT,ST,152.5,145.0,,,2015,6
9324,Indiana Michigan Power Co,988,Tanners Creek,3,IN,PJM,Conventional Steam Coal,BIT,ST,215.4,200.0,,,2015,6
9324,Indiana Michigan Power Co,988,Tanners Creek,4,IN,PJM,Conventional Steam Coal,BIT,ST,579.7,500.0,,,2015,6
9273,AES Indiana,990,Harding Street,3,IN,MISO,Petroleum Liquids,DFO,ST,43.8,35.0,,,2013,6
9273,AES Indiana,990,Harding Street,4,IN,MISO,Petroleum Liquids,DFO,ST,43.8,35.0,,,2013,6
9273,AES Indiana,990,Harding Street,GT3,IN,MISO,Petroleum Liquids,DFO,GT,26.0,10.0,,,2013,6
9273,AES Indiana,991,Eagle Valley (IN),2,IN,MISO,Petroleum Liquids,DFO,ST,46.0,39.0,,,2013,6
9273,AES Indiana,991,Eagle Valley (IN),3,IN,MISO,Conventional Steam Coal,BIT,ST,50.0,40.0,,,2016,4
9273,AES Indiana,991,Eagle Valley (IN),4,IN,MISO,Conventional Steam Coal,BIT,ST,69.0,56.0,,,2016,4
9273,AES Indiana,991,Eagle Valley (IN),5,IN,MISO,Conventional Steam Coal,BIT,ST,69.0,62.0,,,2016,4
9273,AES Indiana,991,Eagle Valley (IN),6,IN,MISO,Conventional Steam Coal,BIT,ST,113.6,99.0,,,2016,4
9273,AES Indiana,991,Eagle Valley (IN),IC1,IN,MISO,Petroleum Liquids,DFO,IC,2.7,3.0,,,2016,4
9273,AES Indiana,991,Eagle Valley (IN),ST1,IN,MISO,Petroleum Liquids,DFO,ST,46.0,39.0,,,2013,6
3599,Citizens Thermal Energy,992,CC Perry K,4,IN,MISO,Natural Gas Steam Turbine,NG,ST,15.0,10.0,,,2014,5
3599,Citizens Thermal Energy,992,CC Perry K,7,IN,MISO,Natural Gas Steam Turbine,NG,ST,1.7,1.7,,,2024,11
3599,Citizens Thermal Energy,992,CC Perry K,8,IN,MISO,Natural Gas Steam Turbine,NG,ST,1.7,1.7,,,2024,11
9273,AES Indiana,994,AES Petersburg,ST1,IN,MISO,Conventional Steam Coal,BIT,ST,281.6,222.5,,,2021,5
9273,AES Indiana,994,AES Petersburg,ST2,IN,MISO,Conventional Steam Coal,BIT,ST,523.3,421.8,,,2023,6
13756,Northern Indiana Pub Serv Co,995,Bailly,10,IN,MISO,Natural Gas Fired Combustion Turbine,NG,GT,37.5,31.0,,,2020,7
13756,Northern Indiana Pub Serv Co,995,Bailly,7,IN,MISO,Conventional Steam Coal,BIT,ST,190.4,160.0,,,2018,6
13756,Northern Indiana Pub Serv Co,995,Bailly,8,IN,MISO,Conventional Steam Coal,BIT,ST,413.1,320.0,,,2018,6
13756,Northern Indiana Pub Serv Co,996,Dean H Mitchell,11,IN,MISO,Conventional Steam Coal,SUB,ST,127.5,110.0,,,2010,9
13756,Northern Indiana Pub Serv Co,996,Dean H Mitchell,4,IN,MISO,Natural Gas Steam Turbine,NG,ST,138.1,125.0,,,2010,9
13756,Northern Indiana Pub Serv Co,996,Dean H Mitchell,5,IN,MISO,Conventional Steam Coal,SUB,ST,128.0,125.0,,,2010,9
13756,Northern Indiana Pub Serv Co,996,Dean H Mitchell,6,IN,MISO,Conventional Steam Coal,SUB,ST,128.0,125.0,,,2010,9
13756,Northern Indiana Pub Serv Co,996,Dean H Mitchell,9A,IN,MISO,Natural Gas Fired Combustion Turbine,NG,GT,16.0,17.0,,,2013,10
13756,Northern Indiana Pub Serv Co,997,Michigan City,2,IN,MISO,Natural Gas Steam Turbine,NG,ST,70.0,60.0,,,2010,9
13756,Northern Indiana Pub Serv Co,997,Michigan City,3,IN,MISO,Natural Gas Steam Turbine,NG,ST,70.0,60.0,,,2010,9
15470,"Duke Energy Indiana, LLC",1002,Connersville,1,IN,MISO,Petroleum Liquids,DFO,GT,41.8,37.0,,,2018,6
15470,"Duke Energy Indiana, LLC",1002,Connersville,2,IN,MISO,Petroleum Liquids,DFO,GT,41.8,37.0,,,2018,6
15470,"Duke Energy Indiana, LLC",1004,Edwardsport,6,IN,MISO,Petroleum Liquids,DFO,ST,35.0,40.0,,,2011,3
15470,"Duke Energy Indiana, LLC",1004,Edwardsport,7,IN,MISO,Conventional Steam Coal,BIT,ST,40.2,45.0,,,2011,3
15470,"Duke Energy Indiana, LLC",1004,Edwardsport,8,IN,MISO,Conventional Steam Coal,BIT,ST,69.0,75.0,,,2011,3
15470,"Duke Energy Indiana, LLC",1006,Miami Wabash,1,IN,MISO,Petroleum Liquids,DFO,GT,18.0,14.0,,,2018,6
15470,"Duke Energy Indiana, LLC",1006,Miami Wabash,2,IN,MISO,Petroleum Liquids,DFO,GT,18.0,12.0,,,2018,6
15470,"Duke Energy Indiana, LLC",1006,Miami Wabash,3,IN,MISO,Petroleum Liquids,DFO,GT,18.0,12.0,,,2018,6
15470,"Duke Energy Indiana, LLC",1006,Miami Wabash,4,IN,MISO,Petroleum Liquids,DFO,GT,18.0,16.0,,,2011,6
15470,"Duke Energy Indiana, LLC",1006,Miami Wabash,5,IN,MISO,Petroleum Liquids,DFO,GT,16.3,14.0,,,2018,6
15470,"Duke Energy Indiana, LLC",1006,Miami Wabash,6,IN,MISO,Petroleum Liquids,DFO,GT,16.3,12.0,,,2018,6
15470,"Duke Energy Indiana, LLC",1008,R Gallagher,1,IN,MISO,Conventional Steam Coal,BIT,ST,150.0,140.0,,,2012,2
15470,"Duke Energy Indiana, LLC",1008,R Gallagher,2,IN,MISO,Conventional Steam Coal,BIT,ST,150.0,140.0,,,2021,6
15470,"Duke Energy Indiana, LLC",1008,R Gallagher,3,IN,MISO,Conventional Steam Coal,BIT,ST,150.0,140.0,,,2012,2
15470,"Duke Energy Indiana, LLC",1008,R Gallagher,4,IN,MISO,Conventional Steam Coal,BIT,ST,150.0,140.0,,,2021,6
15470,"Duke Energy Indiana, LLC",1010,Wabash River,2,IN,MISO,Conventional Steam Coal,BIT,ST,112.5,85.0,,,2016,4
15470,"Duke Energy Indiana, LLC",1010,Wabash River,3,IN,MISO,Conventional Steam Coal,BIT,ST,123.2,85.0,,,2016,4
15470,"Duke Energy Indiana, LLC",1010,Wabash River,4,IN,MISO,Conventional Steam Coal,BIT,ST,112.5,85.0,,,2016,4
15470,"Duke Energy Indiana, LLC",1010,Wabash River,5,IN,MISO,Conventional Steam Coal,BIT,ST,125.0,95.0,,,2016,4
15470,"Duke Energy Indiana, LLC",1010,Wabash River,6,IN,MISO,Conventional Steam Coal,BIT,ST,387.0,318.0,,,2016,12
15470,"Duke Energy Indiana, LLC",1010,Wabash River,71,IN,MISO,Petroleum Liquids,DFO,IC,2.7,3.0,,,2016,12
15470,"Duke Energy Indiana, LLC",1010,Wabash River,72,IN,MISO,Petroleum Liquids,DFO,IC,2.7,3.0,,,2016,12
15470,"Duke Energy Indiana, LLC",1010,Wabash River,73,IN,MISO,Petroleum Liquids,DFO,IC,2.7,2.0,,,2016,12
17633,Southern Indiana Gas & Elec Co,1011,Broadway (IN),1,IN,MISO,Natural Gas Fired Combustion Turbine,NG,GT,53.1,50.0,,,2018,2
17633,Southern Indiana Gas & Elec Co,1011,Broadway (IN),2,IN,MISO,Natural Gas Fired Combustion Turbine,NG,GT,88.8,65.0,,,2019,12
17633,Southern Indiana Gas & Elec Co,1012,F B Culley,1,IN,MISO,Conventional Steam Coal,BIT,ST,46.0,42.0,,,2006,12
17633,Southern Indiana Gas & Elec Co,1013,Northeast (IN),1,IN,MISO,Natural Gas Fired Combustion Turbine,NG,GT,10.7,10.0,,,2019,5
17633,Southern Indiana Gas & Elec Co,1013,Northeast (IN),2,IN,MISO,Natural Gas Fired Combustion Turbine,NG,GT,11.5,10.0,,,2019,5
1896,City of Bluffton - (IN),1023,Bluffton,1,IN,,Petroleum Liquids,DFO,IC,1.0,0.8,,,2009,1
1896,City of Bluffton - (IN),1023,Bluffton,2,IN,,Petroleum Liquids,DFO,IC,1.0,0.8,,,2009,1
1896,City of Bluffton - (IN),1023,Bluffton,3,IN,,Natural Gas Internal Combustion Engine,NG,IC,2.5,2.0,,,2009,1
1896,City of Bluffton - (IN),1023,Bluffton,4,IN,,Natural Gas Internal Combustion Engine,NG,IC,2.5,2.0,,,2009,1
59774,Crawfordsville Energy LLC,1024,Crawfordsville Power Plant,4,IN,MISO,Conventional Steam Coal,BIT,ST,11.5,10.6,,,2023,2
59774,Crawfordsville Energy LLC,1024,Crawfordsville Power Plant,5,IN,MISO,Conventional Steam Coal,BIT,ST,12.6,12.6,,,2021,11
59774,Crawfordsville Energy LLC,1024,Crawfordsville Power Plant,D1,IN,MISO,Petroleum Liquids,DFO,IC,0.8,0.9,,,2024,4
11142,City of Logansport - (IN),1032,Logansport,4,IN,MISO,Conventional Steam Coal,BIT,ST,18.0,16.5,,,2016,1
11142,City of Logansport - (IN),1032,Logansport,5,IN,MISO,Conventional Steam Coal,BIT,ST,25.0,22.0,,,2016,1
11142,City of Logansport - (IN),1032,Logansport,6,IN,MISO,Natural Gas Fired Combustion Turbine,NG,GT,18.0,15.0,,,2016,1
14839,City of Peru - (IN),1037,Peru (IN),2,IN,MISO,Conventional Steam Coal,BIT,ST,22.0,20.0,,,2015,12
14839,City of Peru - (IN),1037,Peru (IN),3,IN,MISO,Conventional Steam Coal,BIT,ST,12.5,12.0,,,2015,12
15860,City of Rensselaer - (IN),1038,Rensselaer City Light Plant,10,IN,MISO,Petroleum Liquids,DFO,IC,2.0,1.9,,,2021,5
15860,City of Rensselaer - (IN),1038,Rensselaer City Light Plant,11,IN,MISO,Petroleum Liquids,DFO,IC,2.0,1.9,,,2021,5
15860,City of Rensselaer - (IN),1038,Rensselaer City Light Plant,14,IN,MISO,Natural Gas Internal Combustion Engine,NG,IC,5.0,4.8,,,2021,5
15860,City of Rensselaer - (IN),1038,Rensselaer City Light Plant,15,IN,MISO,Natural Gas Internal Combustion Engine,NG,IC,8.4,8.3,,,2021,5
15860,City of Rensselaer - (IN),1038,Rensselaer City Light Plant,5,IN,MISO,Petroleum Liquids,DFO,IC,1.9,1.8,,,2021,5
15860,City of Rensselaer - (IN),1038,Rensselaer City Light Plant,6,IN,MISO,Petroleum Liquids,DFO,IC,2.5,2.4,,,2021,5
15860,City of Rensselaer - (IN),1038,Rensselaer City Light Plant,7,IN,MISO,Petroleum Liquids,DFO,IC,3.0,2.5,,,2003,9
9267,"Hoosier Energy R E C, Inc",1043,Frank E Ratts,1,IN,MISO,Conventional Steam Coal,BIT,ST,116.6,110.0,,,2015,3
9267,"Hoosier Energy R E C, Inc",1043,Frank E Ratts,2,IN,MISO,Conventional Steam Coal,BIT,ST,116.6,100.0,,,2015,3
9417,Interstate Power and Light Co,1046,Dubuque,3,IA,MISO,Natural Gas Steam Turbine,NG,ST,28.7,31.8,,,2017,6
9417,Interstate Power and Light Co,1046,Dubuque,4,IA,MISO,Natural Gas Steam Turbine,NG,ST,37.5,38.0,,,2017,6
9417,Interstate Power and Light Co,1046,Dubuque,IC1,IA,MISO,Petroleum Liquids,DFO,IC,2.0,2.0,,,2017,6
9417,Interstate Power and Light Co,1046,Dubuque,IC2,IA,MISO,Petroleum Liquids,DFO,IC,2.0,1.4,,,2017,6
9417,Interstate Power and Light Co,1046,Dubuque,ST2,IA,MISO,Conventional Steam Coal,SUB,ST,15.0,11.8,,,2010,11
9417,Interstate Power and Light Co,1047,Lansing,1,IA,MISO,Conventional Steam Coal,SUB,ST,15.0,14.1,,,2006,2
9417,Interstate Power and Light Co,1047,Lansing,2,IA,MISO,Conventional Steam Coal,SUB,ST,11.5,11.0,,,2010,11
9417,Interstate Power and Light Co,1047,Lansing,3,IA,MISO,Conventional Steam Coal,SUB,ST,37.5,29.4,,,2013,6
9417,Interstate Power and Light Co,1047,Lansing,4,IA,MISO,Conventional Steam Coal,SUB,ST,274.5,241.4,,,2023,6
9417,Interstate Power and Light Co,1047,Lansing,IC1,IA,MISO,Petroleum Liquids,DFO,IC,1.0,1.2,,,2014,3
9417,Interstate Power and Light Co,1047,Lansing,IC2,IA,MISO,Petroleum Liquids,DFO,IC,1.0,1.1,,,2014,3
9417,Interstate Power and Light Co,1048,Milton L Kapp,1,IA,MISO,Natural Gas Steam Turbine,NG,ST,18.8,8.8,,,2010,11
9417,Interstate Power and Light Co,1048,Milton L Kapp,2,IA,MISO,Natural Gas Steam Turbine,NG,ST,218.5,112.3,,,2018,6
9417,Interstate Power and Light Co,1052,Ames Diesel Generating Station,1,IA,MISO,Petroleum Liquids,DFO,IC,1.0,1.0,,,2008,7
9417,Interstate Power and Light Co,1052,Ames Diesel Generating Station,2,IA,MISO,Petroleum Liquids,DFO,IC,1.0,1.0,,,2008,7
9417,Interstate Power and Light Co,1058,Sixth Street,1,IA,MISO,Conventional Steam Coal,BIT,ST,10.0,9.4,,,2010,11
9417,Interstate Power and Light Co,1058,Sixth Street,2,IA,MISO,Conventional Steam Coal,SUB,ST,6.0,2.8,,,2010,11
9417,Interstate Power and Light Co,1058,Sixth Street,4,IA,MISO,Conventional Steam Coal,SUB,ST,15.0,12.6,,,2010,11
9417,Interstate Power and Light Co,1058,Sixth Street,6,IA,MISO,Conventional Steam Coal,BIT,ST,10.0,8.0,,,2010,11
9417,Interstate Power and Light Co,1058,Sixth Street,7,IA,MISO,Conventional Steam Coal,SUB,ST,15.0,14.7,,,2010,11
9417,Interstate Power and Light Co,1058,Sixth Street,8,IA,MISO,Conventional Steam Coal,SUB,ST,28.7,29.2,,,2010,11
55269,NextEra Energy Duane Arnold LLC,1060,Duane Arnold Energy Center,1,IA,MISO,Nuclear,NUC,ST,679.5,601.4,,,2020,11
9417,Interstate Power and Light Co,1073,Prairie Creek,1,IA,MISO,Conventional Steam Coal,SUB,ST,14.6,,,,2025,12
9417,Interstate Power and Light Co,1073,Prairie Creek,2,IA,MISO,Conventional Steam Coal,SUB,ST,23.0,0.0,,,2010,11
9417,Interstate Power and Light Co,1077,Sutherland,1,IA,MISO,Natural Gas Steam Turbine,NG,ST,37.5,22.0,,,2017,6
9417,Interstate Power and Light Co,1077,Sutherland,2,IA,MISO,Conventional Steam Coal,SUB,ST,37.5,29.5,,,2010,11
9417,Interstate Power and Light Co,1077,Sutherland,3,IA,MISO,Natural Gas Steam Turbine,NG,ST,81.6,80.8,,,2017,6
12341,MidAmerican Energy Co,1081,Riverside,3HS,IA,MISO,Conventional Steam Coal,SUB,ST,5.0,4.0,,,2013,8
12341,MidAmerican Energy Co,1081,Riverside,5,IA,MISO,Natural Gas Steam Turbine,NG,ST,136.0,116.5,,,2021,1
12341,MidAmerican Energy Co,1082,Walter Scott Jr Energy Center,1,IA,MISO,Conventional Steam Coal,SUB,ST,49.0,37.4,,,2015,3
12341,MidAmerican Energy Co,1082,Walter Scott Jr Energy Center,2,IA,MISO,Conventional Steam Coal,SUB,ST,81.6,80.8,,,2015,3
12341,MidAmerican Energy Co,1091,George Neal North,1,IA,MISO,Conventional Steam Coal,SUB,ST,147.0,134.3,,,2016,4
12341,MidAmerican Energy Co,1091,George Neal North,2,IA,MISO,Conventional Steam Coal,SUB,ST,349.2,283.7,,,2016,4
9417,Interstate Power and Light Co,1105,Centerville,1,IA,MISO,Petroleum Liquids,DFO,IC,2.0,2.0,,,2017,11
9417,Interstate Power and Light Co,1105,Centerville,2,IA,MISO,Petroleum Liquids,DFO,IC,2.0,1.7,,,2017,11
9417,Interstate Power and Light Co,1105,Centerville,3,IA,MISO,Petroleum Liquids,DFO,IC,2.0,1.9,,,2017,11
9417,Interstate Power and Light Co,1105,Centerville,GT1,IA,MISO,Petroleum Liquids,DFO,GT,27.0,20.3,,,2017,11
9417,Interstate Power and Light Co,1105,Centerville,GT2,IA,MISO,Petroleum Liquids,DFO,GT,27.0,26.3,,,2017,11
309,City of Algona - (IA),1120,Algona,3,IA,SWPP,Petroleum Liquids,DFO,IC,0.7,0.6,,,2003,9
309,City of Algona - (IA),1120,Algona,4,IA,SWPP,Petroleum Liquids,DFO,IC,1.0,0.8,,,2002,4
309,City of Algona - (IA),1120,Algona,5,IA,SWPP,Petroleum Liquids,DFO,IC,1.5,1.1,,,2002,6
405,City of Alta - (IA),1121,Alta Municipal Utilities,1,IA,SWPP,Petroleum Liquids,DFO,IC,1.0,0.9,,,2021,4
405,City of Alta - (IA),1121,Alta Municipal Utilities,3,IA,SWPP,Petroleum Liquids,DFO,IC,1.1,1.0,,,2014,11
682,City of Anita - (IA),1123,Anita,1,IA,MISO,Petroleum Liquids,DFO,IC,0.1,0.1,,,2003,1
965,Atlantic Municipal Utilities (IA),1124,Atlantic,1,IA,MISO,Petroleum Liquids,DFO,IC,5.3,4.0,,,2016,12
1172,Bancroft Municipal Utilities - (IA),1125,Bancroft,4,IA,MISO,Petroleum Liquids,DFO,IC,0.3,0.3,,,2014,2
1515,City of Bellevue - (IA),1126,Bellevue,1,IA,MISO,Petroleum Liquids,DFO,IC,0.6,0.5,,,2018,5
2287,City of Brooklyn - (IA),1128,Brooklyn,1,IA,MISO,Petroleum Liquids,DFO,IC,0.2,0.2,,,2011,9
2287,City of Brooklyn - (IA),1128,Brooklyn,2,IA,MISO,Petroleum Liquids,DFO,IC,0.2,0.2,,,2011,9
2287,City of Brooklyn - (IA),1128,Brooklyn,3,IA,MISO,Petroleum Liquids,DFO,IC,0.3,0.2,,,2011,9
2287,City of Brooklyn - (IA),1128,Brooklyn,4,IA,MISO,Natural Gas Internal Combustion Engine,NG,IC,0.5,0.5,,,2010,5
2287,City of Brooklyn - (IA),1128,Brooklyn,5,IA,MISO,Natural Gas Internal Combustion Engine,NG,IC,1.1,1.0,,,2011,9
2287,City of Brooklyn - (IA),1128,Brooklyn,6,IA,MISO,Petroleum Liquids,DFO,IC,2.0,1.8,,,2011,9
65337,Coggon Municipal Light Plant - (IA),1132,Coggon,3,IA,MISO,Petroleum Liquids,DFO,IC,0.2,0.2,,,2003,1
65337,Coggon Municipal Light Plant - (IA),1132,Coggon,4,IA,MISO,Petroleum Liquids,DFO,IC,0.6,0.6,,,2014,1
65337,Coggon Municipal Light Plant - (IA),1132,Coggon,IC1,IA,MISO,Petroleum Liquids,DFO,IC,0.6,0.6,,,2016,2
4375,City of Corning - (IA),1134,Corning,1,IA,MISO,Petroleum Liquids,DFO,IC,0.6,0.6,,,2006,3
4375,City of Corning - (IA),1134,Corning,2,IA,MISO,Petroleum Liquids,DFO,IC,0.9,0.9,,,2006,3
4375,City of Corning - (IA),1134,Corning,3,IA,MISO,Petroleum Liquids,DFO,IC,1.3,1.3,,,2006,3
4375,City of Corning - (IA),1134,Corning,4,IA,MISO,Petroleum Liquids,DFO,IC,0.4,0.4,,,2006,3
4919,City of Dayton - (IA),1135,Dayton (IA),4,IA,MISO,Petroleum Liquids,DFO,IC,0.1,0.1,,,2002,6
5998,City of Estherville - (IA),1137,Estherville,6,IA,SWPP,Petroleum Liquids,DFO,IC,2.0,0.0,,,2013,6
7424,Gowrie Municipal Utilities - (IA),1141,Gowrie,1,IA,MISO,Petroleum Liquids,DFO,IC,1.2,1.1,,,2013,5
7424,Gowrie Municipal Utilities - (IA),1141,Gowrie,2,IA,MISO,Petroleum Liquids,DFO,IC,1.2,1.1,,,2013,5
7443,City of Graettinger - (IA),1142,Graettinger,4,IA,MISO,Petroleum Liquids,DFO,IC,0.5,0.5,,,2024,5
7626,City of Greenfield - (IA),1144,Greenfield Light Plant,3,IA,MISO,Petroleum Liquids,DFO,IC,1.3,1.0,,,2018,12
7626,City of Greenfield - (IA),1144,Greenfield Light Plant,4,IA,MISO,Petroleum Liquids,DFO,IC,1.8,1.8,,,2018,12
7626,City of Greenfield - (IA),1144,Greenfield Light Plant,5,IA,MISO,Petroleum Liquids,DFO,IC,3.0,2.7,,,2018,12
9230,City of Independence - (IA),1149,Independence (IA),1,IA,MISO,Petroleum Liquids,DFO,IC,1.0,0.8,,,2013,7
9230,City of Independence - (IA),1149,Independence (IA),1A,IA,MISO,Petroleum Liquids,DFO,IC,1.8,1.8,,,2013,11
9230,City of Independence - (IA),1149,Independence (IA),2,IA,MISO,Petroleum Liquids,DFO,IC,1.0,0.8,,,2007,4
9230,City of Independence - (IA),1149,Independence (IA),3A,IA,MISO,Petroleum Liquids,DFO,IC,1.8,1.8,,,2013,8
9230,City of Independence - (IA),1149,Independence (IA),3B,IA,MISO,Petroleum Liquids,DFO,IC,1.8,1.8,,,2013,8
9230,City of Independence - (IA),1149,Independence (IA),4A,IA,MISO,Petroleum Liquids,DFO,IC,1.8,1.8,,,2013,8
9230,City of Independence - (IA),1149,Independence (IA),4B,IA,MISO,Petroleum Liquids,DFO,IC,1.8,1.8,,,2013,8
9230,City of Independence - (IA),1149,Independence (IA),5,IA,MISO,Petroleum Liquids,DFO,IC,2.5,2.3,,,2013,7
9230,City of Independence - (IA),1149,Independence (IA),6,IA,MISO,Petroleum Liquids,DFO,IC,3.2,2.8,,,2013,7
9230,City of Independence - (IA),1149,Independence (IA),7,IA,MISO,Petroleum Liquids,DFO,IC,6.2,5.8,,,2013,7
9275,Indianola Municipal Utilities - (IA),1150,Indianola,1,IA,MISO,Petroleum Liquids,DFO,IC,0.8,0.6,,,2012,6
9275,Indianola Municipal Utilities - (IA),1150,Indianola,2,IA,MISO,Petroleum Liquids,DFO,IC,1.4,1.3,,,2012,6
9275,Indianola Municipal Utilities - (IA),1150,Indianola,3,IA,MISO,Petroleum Liquids,DFO,IC,1.1,1.0,,,2006,2
9275,Indianola Municipal Utilities - (IA),1150,Indianola,4,IA,MISO,Petroleum Liquids,DFO,IC,1.5,1.3,,,2012,6
9275,Indianola Municipal Utilities - (IA),1150,Indianola,5,IA,MISO,Petroleum Liquids,DFO,IC,4.0,4.0,,,2021,1
9275,Indianola Municipal Utilities - (IA),1150,Indianola,6,IA,MISO,Petroleum Liquids,DFO,IC,5.1,5.0,,,2021,1
10608,City of Lake Park - (IA),1153,Lake Park,1,IA,MISO,Petroleum Liquids,DFO,IC,0.7,0.5,,,2002,3
10608,City of Lake Park - (IA),1153,Lake Park,2,IA,MISO,Petroleum Liquids,DFO,IC,1.0,0.8,,,2002,3
10606,City of Lake Mills - (IA),1154,Lake Mills,1A,IA,MISO,Petroleum Liquids,DFO,IC,3.0,3.0,,,2020,10
10606,City of Lake Mills - (IA),1154,Lake Mills,5,IA,MISO,Petroleum Liquids,DFO,IC,0.9,0.9,,,2020,10
10542,La Porte City Utilities,1156,La Porte,2,IA,MISO,Petroleum Liquids,DFO,IC,1.1,1.1,,,2013,12
10542,La Porte City Utilities,1156,La Porte,5,IA,MISO,Petroleum Liquids,DFO,IC,0.8,0.8,,,2013,12
10769,City of Laurens - (IA),1157,Laurens,3,IA,SWPP,Petroleum Liquids,DFO,IC,0.8,0.7,,,2025,10
10769,City of Laurens - (IA),1157,Laurens,4,IA,SWPP,Petroleum Liquids,DFO,IC,0.8,0.7,,,2025,10
11568,Town of Manilla - (IA),1159,Manilla,IC1,IA,,Petroleum Liquids,DFO,IC,0.5,0.4,,,2005,4
11568,Town of Manilla - (IA),1159,Manilla,IC2,IA,,Petroleum Liquids,DFO,IC,0.6,0.5,,,2005,4
11611,City of Maquoketa - (IA),1162,Maquoketa 1,1,IA,MISO,Natural Gas Internal Combustion Engine,NG,IC,1.4,1.0,,,2002,8
11611,City of Maquoketa - (IA),1162,Maquoketa 1,2,IA,MISO,Petroleum Liquids,DFO,IC,0.8,0.6,,,2002,5
12114,City of McGregor- (IA),1163,McGregor,3,IA,MISO,Petroleum Liquids,DFO,IC,0.5,0.5,,,2019,9
12541,City of Milford - (IA),1164,Milford,3,IA,SWPP,Petroleum Liquids,DFO,IC,0.3,0.3,,,2003,12
13038,City of Mt Pleasant - (IA),1166,Mt Pleasant,D,IA,AECI,Petroleum Liquids,DFO,IC,1.0,1.0,,,2002,1
13143,Board of Water Electric & Communications,1167,Muscatine Plant #1,8A,IA,MISO,Conventional Steam Coal,SUB,ST,18.0,14.5,,,2024,3
14132,City of Onawa - (IA),1170,Onawa Mun Lt & Power,1,IA,,Petroleum Liquids,DFO,IC,0.4,0.3,,,2011,11
14132,City of Onawa - (IA),1170,Onawa Mun Lt & Power,2,IA,,Petroleum Liquids,DFO,IC,0.4,0.3,,,2011,11
14132,City of Onawa - (IA),1170,Onawa Mun Lt & Power,3,IA,,Petroleum Liquids,DFO,IC,0.4,0.3,,,2011,11
14132,City of Onawa - (IA),1170,Onawa Mun Lt & Power,4,IA,,Petroleum Liquids,DFO,IC,0.9,0.4,,,2011,11
14132,City of Onawa - (IA),1170,Onawa Mun Lt & Power,5,IA,,Petroleum Liquids,DFO,IC,1.0,0.8,,,2011,11
14577,City of Paullina - (IA),1174,Paullina,1,IA,,Petroleum Liquids,DFO,IC,0.6,0.6,,,2004,7
14577,City of Paullina - (IA),1174,Paullina,2,IA,,Petroleum Liquids,DFO,IC,1.0,0.9,,,2006,10
14645,City of Pella - (IA),1175,Pella,5,IA,MISO,Conventional Steam Coal,SUB,ST,11.5,,,,2012,6
14645,City of Pella - (IA),1175,Pella,6,IA,MISO,Conventional Steam Coal,SUB,ST,26.5,,,,2012,6
15349,City of Preston - (IA),1176,Preston (IA),1,IA,MISO,Petroleum Liquids,DFO,IC,0.7,0.7,,,2014,1
15349,City of Preston - (IA),1176,Preston (IA),2,IA,MISO,Petroleum Liquids,DFO,IC,0.7,0.7,,,2014,1
15377,City of Primghar - (IA),1177,Primghar,2,IA,MISO,Petroleum Liquids,DFO,IC,0.1,0.1,,,2004,7
15377,City of Primghar - (IA),1177,Primghar,4,IA,MISO,Petroleum Liquids,DFO,IC,0.6,0.6,,,2022,12
15377,City of Primghar - (IA),1177,Primghar,5,IA,MISO,Petroleum Liquids,DFO,IC,1.1,0.9,,,2022,12
16628,City of Sanborn - (IA),1182,Sanborn,1,IA,,Petroleum Liquids,DFO,IC,0.2,0.2,,,2003,1
16628,City of Sanborn - (IA),1182,Sanborn,2,IA,,Petroleum Liquids,DFO,IC,0.2,0.2,,,2003,1
16628,City of Sanborn - (IA),1182,Sanborn,3,IA,,Petroleum Liquids,DFO,IC,0.5,0.5,,,2003,1
16628,City of Sanborn - (IA),1182,Sanborn,4,IA,,Petroleum Liquids,DFO,IC,0.6,0.6,,,2003,1
18301,City of Sumner - (IA),1191,Sumner,1,IA,MISO,Petroleum Liquids,DFO,IC,2.6,2.6,,,2021,2
18301,City of Sumner - (IA),1191,Sumner,2,IA,MISO,Petroleum Liquids,DFO,IC,1.2,1.1,,,2021,2
18301,City of Sumner - (IA),1191,Sumner,6,IA,MISO,Petroleum Liquids,DFO,IC,1.8,1.8,,,2021,2
19062,City of Traer - (IA),1192,Traer Main,5,IA,MISO,Petroleum Liquids,DFO,IC,0.6,0.5,,,2019,12
19843,City of Villisca - (IA),1193,Villisca Municipal Power Plant,1,IA,MISO,Petroleum Liquids,DFO,IC,0.8,0.8,,,2002,1
19843,City of Villisca - (IA),1193,Villisca Municipal Power Plant,2,IA,MISO,Petroleum Liquids,DFO,IC,0.3,0.3,,,2002,1
19843,City of Villisca - (IA),1193,Villisca Municipal Power Plant,3,IA,MISO,Natural Gas Internal Combustion Engine,NG,IC,0.3,0.3,,,2002,1
19843,City of Villisca - (IA),1193,Villisca Municipal Power Plant,4,IA,MISO,Petroleum Liquids,DFO,IC,0.6,0.6,,,2002,1
20380,City of West Liberty - (IA),1200,West Liberty,1,IA,MISO,Petroleum Liquids,DFO,IC,0.8,0.7,,,2011,1
20380,City of West Liberty - (IA),1200,West Liberty,2,IA,MISO,Petroleum Liquids,DFO,IC,2.5,2.1,,,2020,1
20604,City of Whittemore - (IA),1201,Whittemore,2,IA,MISO,Petroleum Liquids,DFO,IC,0.5,0.5,,,2008,6
20604,City of Whittemore - (IA),1201,Whittemore,4,IA,MISO,Petroleum Liquids,DFO,IC,1.1,1.1,,,2018,7
3258,Central Iowa Power Cooperative,1206,Summit Lake,1,IA,MISO,Natural Gas Fired Combined Cycle,NG,CA,7.5,6.5,,,2021,1
3258,Central Iowa Power Cooperative,1206,Summit Lake,2,IA,MISO,Natural Gas Fired Combined Cycle,NG,CA,7.5,6.5,,,2021,1
3258,Central Iowa Power Cooperative,1206,Summit Lake,3,IA,MISO,Natural Gas Fired Combined Cycle,NG,CA,7.5,7.0,,,2021,1
3258,Central Iowa Power Cooperative,1206,Summit Lake,IC1,IA,MISO,Petroleum Liquids,DFO,IC,1.0,1.1,,,2007,1
3258,Central Iowa Power Cooperative,1206,Summit Lake,IC2,IA,MISO,Petroleum Liquids,DFO,IC,1.0,1.1,,,2007,1
3258,Central Iowa Power Cooperative,1206,Summit Lake,IC4,IA,MISO,Petroleum Liquids,DFO,IC,1.0,1.0,,,2007,1
3258,Central Iowa Power Cooperative,1206,Summit Lake,IC5,IA,MISO,Petroleum Liquids,DFO,IC,1.0,1.0,,,2007,1
3258,Central Iowa Power Cooperative,1218,Fair Station,1,IA,MISO,Conventional Steam Coal,BIT,ST,25.0,23.0,,,2013,11
3258,Central Iowa Power Cooperative,1218,Fair Station,2,IA,MISO,Conventional Steam Coal,BIT,ST,37.5,41.0,,,2013,11
5860,Empire District Electric Co,1239,Riverton,10,KS,SWPP,Natural Gas Fired Combustion Turbine,NG,GT,16.3,13.0,,,2026,8
5860,Empire District Electric Co,1239,Riverton,11,KS,SWPP,Natural Gas Fired Combustion Turbine,NG,GT,16.3,14.0,,,2026,8
5860,Empire District Electric Co,1239,Riverton,7,KS,SWPP,Natural Gas Steam Turbine,NG,ST,37.5,38.0,,,2014,9
5860,Empire District Electric Co,1239,Riverton,8,KS,SWPP,Natural Gas Steam Turbine,NG,ST,50.0,54.0,,,2015,6
5860,Empire District Electric Co,1239,Riverton,9,KS,SWPP,Natural Gas Fired Combustion Turbine,NG,GT,12.5,12.0,,,2015,6
10005,"Evergy Kansas South, Inc",1240,Gordon Evans Energy Center,1,KS,SWPP,Natural Gas Steam Turbine,NG,ST,136.0,154.0,,,2018,10
10005,"Evergy Kansas South, Inc",1240,Gordon Evans Energy Center,2,KS,SWPP,Natural Gas Steam Turbine,NG,ST,390.0,376.0,,,2018,10
10005,"Evergy Kansas South, Inc",1242,Murray Gill,1,KS,SWPP,Natural Gas Steam Turbine,NG,ST,46.0,37.0,,,2014,12
10005,"Evergy Kansas South, Inc",1242,Murray Gill,2,KS,SWPP,Natural Gas Steam Turbine,NG,ST,75.0,48.0,,,2014,12
10005,"Evergy Kansas South, Inc",1242,Murray Gill,3,KS,SWPP,Natural Gas Steam Turbine,NG,ST,114.0,104.0,,,2018,11
10005,"Evergy Kansas South, Inc",1242,Murray Gill,4,KS,SWPP,Natural Gas Steam Turbine,NG,ST,114.0,86.0,,,2018,11
10005,"Evergy Kansas South, Inc",1243,Neosho,3,KS,SWPP,Natural Gas Steam Turbine,NG,ST,69.0,62.0,,,2012,6
22500,"Evergy Kansas Central, Inc",1248,Hutchinson Energy Center,ST1,KS,SWPP,Natural Gas Steam Turbine,NG,ST,23.0,17.0,,,2007,3
22500,"Evergy Kansas Central, Inc",1248,Hutchinson Energy Center,ST2,KS,SWPP,Natural Gas Steam Turbine,NG,ST,23.0,16.0,,,2007,3
22500,"Evergy Kansas Central, Inc",1248,Hutchinson Energy Center,ST3,KS,SWPP,Natural Gas Steam Turbine,NG,ST,35.0,28.0,,,2007,3
22500,"Evergy Kansas Central, Inc",1248,Hutchinson Energy Center,ST4,KS,SWPP,Natural Gas Steam Turbine,NG,ST,172.0,176.0,,,2015,11
22500,"Evergy Kansas Central, Inc",1250,Lawrence Energy Center,3,KS,SWPP,Conventional Steam Coal,SUB,ST,49.0,48.0,,,2015,11
22500,"Evergy Kansas Central, Inc",1251,Abilene Energy Center Combustion Turbine,GT1,KS,SWPP,Natural Gas Fired Combustion Turbine,NG,GT,77.0,68.0,,,2012,12
22500,"Evergy Kansas Central, Inc",1252,Tecumseh Energy Center,1,KS,SWPP,Petroleum Liquids,DFO,GT,29.0,18.0,,,2012,1
22500,"Evergy Kansas Central, Inc",1252,Tecumseh Energy Center,2,KS,SWPP,Petroleum Liquids,DFO,GT,29.0,19.0,,,2012,1
22500,"Evergy Kansas Central, Inc",1252,Tecumseh Energy Center,7,KS,SWPP,Conventional Steam Coal,SUB,ST,82.0,66.0,,,2018,10
22500,"Evergy Kansas Central, Inc",1252,Tecumseh Energy Center,8,KS,SWPP,Conventional Steam Coal,SUB,ST,150.0,130.0,,,2015,11
911,City of Ashland - (KS),1259,Ashland,4,KS,SWPP,Petroleum Liquids,DFO,IC,1.2,1.1,,,2014,1
989,City of Attica - (KS),1260,Attica,1,KS,SECI,Petroleum Liquids,DFO,IC,0.5,0.5,,,2013,5
989,City of Attica - (KS),1260,Attica,2,KS,SECI,Natural Gas Internal Combustion Engine,NG,IC,0.9,0.9,,,2013,5
989,City of Attica - (KS),1260,Attica,4A,KS,SECI,Natural Gas Internal Combustion Engine,NG,IC,0.7,0.7,,,2013,5
989,City of Attica - (KS),1260,Attica,IC3,KS,SECI,Natural Gas Internal Combustion Engine,NG,IC,1.1,1.0,,,2013,5
1148,City of Baldwin City- (KS),1262,Baldwin City Plant No 1,3,KS,SWPP,Petroleum Liquids,DFO,IC,1.1,0.7,,,2017,12
1512,City of Belleville - (KS),1263,Belleville,7,KS,SWPP,Natural Gas Internal Combustion Engine,NG,IC,5.1,5.1,,,2025,1
2547,City of Burlingame - (KS),1265,Burlingame,2,KS,SWPP,Petroleum Liquids,DFO,IC,0.5,0.4,,,2002,3
2551,City of Burlington - (KS),1266,Burlington (KS),1,KS,SWPP,Petroleum Liquids,DFO,IC,0.3,0.2,,,2002,11
2551,City of Burlington - (KS),1266,Burlington (KS),3,KS,SWPP,Natural Gas Internal Combustion Engine,NG,IC,0.8,0.8,,,2003,3
2551,City of Burlington - (KS),1266,Burlington (KS),4,KS,SWPP,Petroleum Liquids,DFO,IC,0.3,0.2,,,2003,3
2551,City of Burlington - (KS),1266,Burlington (KS),5,KS,SWPP,Natural Gas Internal Combustion Engine,NG,IC,1.0,1.0,,,2022,1
3355,City of Chanute (KS),1267,Chanute 1,4,KS,SWPP,Natural Gas Steam Turbine,NG,ST,4.0,4.0,,,2004,12
3355,City of Chanute (KS),1267,Chanute 1,5,KS,SWPP,Natural Gas Internal Combustion Engine,NG,IC,1.7,1.5,,,2004,12
3355,City of Chanute (KS),1267,Chanute 1,6,KS,SWPP,Natural Gas Steam Turbine,NG,ST,10.0,9.8,,,2004,12
3710,City of Clay Center - (KS),1270,Clay Center,4,KS,SWPP,Natural Gas Steam Turbine,NG,ST,1.5,1.5,,,2005,1
3892,City of Coffeyville - (KS),1271,Coffeyville,6,KS,SWPP,Natural Gas Steam Turbine,NG,ST,18.7,16.0,,,2019,7
3913,City of Colby - (KS),1272,Colby City of,3,KS,SWPP,Petroleum Liquids,DFO,IC,2.5,1.8,,,2018,4
12524,Midwest Energy Inc - (KS),1275,Ellis,1,KS,SWPP,Natural Gas Internal Combustion Engine,NG,IC,1.0,1.0,,,2007,12
12524,Midwest Energy Inc - (KS),1275,Ellis,2,KS,SWPP,Natural Gas Internal Combustion Engine,NG,IC,2.0,2.0,,,2007,12
12524,Midwest Energy Inc - (KS),1275,Ellis,3,KS,SWPP,Natural Gas Internal Combustion Engine,NG,IC,0.5,0.5,,,2007,12
12524,Midwest Energy Inc - (KS),1275,Ellis,4,KS,SWPP,Natural Gas Internal Combustion Engine,NG,IC,0.5,0.5,,,2007,12
12524,Midwest Energy Inc - (KS),1275,Ellis,5,KS,SWPP,Natural Gas Internal Combustion Engine,NG,IC,1.5,1.0,,,2007,12
5957,City of Erie - (KS),1276,Erie,4,KS,SWPP,Petroleum Liquids,DFO,IC,1.0,0.9,,,2004,10
5957,City of Erie - (KS),1276,Erie,5,KS,SWPP,Petroleum Liquids,DFO,IC,1.5,1.4,,,2006,4
6762,City of Fredonia - (KS),1277,Fredonia,1,KS,,Petroleum Liquids,DFO,IC,0.9,0.7,,,2007,6
6762,City of Fredonia - (KS),1277,Fredonia,IC5,KS,,Petroleum Liquids,DFO,IC,0.9,0.9,,,2007,6
6762,City of Fredonia - (KS),1277,Fredonia,IC6,KS,,Petroleum Liquids,DFO,IC,0.9,0.9,,,2007,6
6762,City of Fredonia - (KS),1277,Fredonia,IC7,KS,,Petroleum Liquids,DFO,IC,0.6,0.6,,,2007,6
6762,City of Fredonia - (KS),1277,Fredonia,IC8,KS,,Petroleum Liquids,DFO,IC,0.9,0.8,,,2007,6
6762,City of Fredonia - (KS),1277,Fredonia,IC9,KS,,Petroleum Liquids,DFO,IC,0.9,0.8,,,2007,6
7631,City of Greensburg - (KS),1281,Greensburg,1,KS,,Natural Gas Internal Combustion Engine,NG,IC,2.1,2.0,,,2007,5
7631,City of Greensburg - (KS),1281,Greensburg,3,KS,,Natural Gas Internal Combustion Engine,NG,IC,1.1,1.1,,,2007,5
7631,City of Greensburg - (KS),1281,Greensburg,4,KS,,Natural Gas Internal Combustion Engine,NG,IC,1.1,1.1,,,2007,5
7631,City of Greensburg - (KS),1281,Greensburg,5,KS,,Natural Gas Internal Combustion Engine,NG,IC,2.1,1.9,,,2007,5
7631,City of Greensburg - (KS),1281,Greensburg,6,KS,,Natural Gas Internal Combustion Engine,NG,IC,1.4,1.2,,,2007,5
8490,City of Herington - (KS),1283,Herington,1,KS,SWPP,Petroleum Liquids,DFO,IC,2.1,1.6,,,2013,12
8490,City of Herington - (KS),1283,Herington,2,KS,SWPP,Petroleum Liquids,DFO,IC,1.4,1.0,,,2013,12
8490,City of Herington - (KS),1283,Herington,3,KS,SWPP,Petroleum Liquids,DFO,IC,4.3,3.1,,,2013,12
8490,City of Herington - (KS),1283,Herington,5,KS,SWPP,Petroleum Liquids,DFO,IC,1.1,0.9,,,2013,12
8703,City of Hoisington - (KS),1286,Hoisington,1,KS,SWPP,Petroleum Liquids,DFO,IC,0.2,0.2,,,2004,2
8703,City of Hoisington - (KS),1286,Hoisington,8,KS,SWPP,Natural Gas Internal Combustion Engine,NG,IC,7.0,7.0,,,2021,6
9011,City of Hugoton - (KS),1289,Hugoton 1,1,KS,SWPP,Petroleum Liquids,DFO,IC,0.8,0.6,,,2004,9
9011,City of Hugoton - (KS),1289,Hugoton 1,6,KS,SWPP,Petroleum Liquids,DFO,IC,1.4,1.2,,,2011,1
9418,City of Iola - (KS),1291,Iola,11,KS,SWPP,Petroleum Liquids,DFO,IC,2.1,2.0,,,2013,3
9418,City of Iola - (KS),1291,Iola,12,KS,SWPP,Petroleum Liquids,DFO,IC,2.1,2.0,,,2013,3
9418,City of Iola - (KS),1291,Iola,13,KS,SWPP,Petroleum Liquids,DFO,IC,2.1,2.0,,,2013,3
9418,City of Iola - (KS),1291,Iola,4,KS,SWPP,Natural Gas Steam Turbine,NG,ST,3.5,4.3,,,2010,10
9418,City of Iola - (KS),1291,Iola,5,KS,SWPP,Natural Gas Steam Turbine,NG,ST,5.0,5.3,,,2010,10
9732,City of Jetmore -(KS),1292,Jetmore,1,KS,SWPP,Petroleum Liquids,DFO,IC,1.0,1.0,,,2014,12
9732,City of Jetmore -(KS),1292,Jetmore,2,KS,SWPP,Petroleum Liquids,DFO,IC,0.4,0.4,,,2014,12
9732,City of Jetmore -(KS),1292,Jetmore,3,KS,SWPP,Petroleum Liquids,DFO,IC,0.2,0.2,,,2010,1
9732,City of Jetmore -(KS),1292,Jetmore,4,KS,SWPP,Petroleum Liquids,DFO,IC,0.8,0.8,,,2010,1
9732,City of Jetmore -(KS),1292,Jetmore,5,KS,SWPP,Petroleum Liquids,DFO,IC,1.5,1.5,,,2014,12
9732,City of Jetmore -(KS),1292,Jetmore,6,KS,SWPP,Petroleum Liquids,DFO,IC,1.2,1.2,,,2014,12
9732,City of Jetmore -(KS),1292,Jetmore,7,KS,SWPP,Petroleum Liquids,DFO,IC,0.9,0.9,,,2014,12
9996,City of Kansas City - (KS),1294,Kaw,1,KS,SWPP,Natural Gas Steam Turbine,NG,ST,50.1,41.9,,,2024,12
9996,City of Kansas City - (KS),1294,Kaw,2,KS,SWPP,Natural Gas Steam Turbine,NG,ST,50.1,41.9,,,2024,12
9996,City of Kansas City - (KS),1294,Kaw,3,KS,SWPP,Natural Gas Steam Turbine,NG,ST,65.5,56.5,,,2024,12
9996,City of Kansas City - (KS),1295,Quindaro,GT1,KS,SWPP,Natural Gas Fired Combustion Turbine,NG,GT,17.9,13.0,,,2016,2
9996,City of Kansas City - (KS),1295,Quindaro,ST1,KS,SWPP,Natural Gas Steam Turbine,NG,ST,81.6,72.0,,,2024,12
9996,City of Kansas City - (KS),1295,Quindaro,ST2,KS,SWPP,Natural Gas Steam Turbine,NG,ST,157.5,85.0,,,2024,12
10321,City of Kingman - (KS),1296,Kingman Municipal Power and Light Plant,1,KS,SWPP,Natural Gas Internal Combustion Engine,NG,IC,1.4,1.2,,,2008,6
10321,City of Kingman - (KS),1296,Kingman Municipal Power and Light Plant,5,KS,SWPP,Natural Gas Internal Combustion Engine,NG,IC,1.0,0.8,,,2008,6
10713,City of Larned - (KS),1298,Gas Turbine (KS),GT1,KS,SWPP,Natural Gas Fired Combustion Turbine,NG,GT,1.3,1.0,,,2010,12
10713,City of Larned - (KS),1299,Larned,1,KS,SWPP,Natural Gas Steam Turbine,NG,ST,1.5,1.5,,,2010,12
10713,City of Larned - (KS),1299,Larned,2,KS,SWPP,Natural Gas Steam Turbine,NG,ST,3.0,3.0,,,2010,12
10713,City of Larned - (KS),1299,Larned,3,KS,SWPP,Natural Gas Steam Turbine,NG,ST,8.3,9.0,,,2010,12
11017,City of Lincoln Center - (KS),1300,Lincoln,5,KS,SWPP,Petroleum Liquids,DFO,IC,1.3,1.1,,,2021,7
11017,City of Lincoln Center - (KS),1300,Lincoln,6,KS,SWPP,Natural Gas Internal Combustion Engine,NG,IC,2.5,2.2,,,2017,5
12208,City of McPherson - (KS),1305,McPherson 2,1,KS,SWPP,Natural Gas Steam Turbine,NG,ST,32.0,26.6,,,2006,12
21533,City of Minneapolis - (KS),1307,Minneapolis City of,1,KS,SWPP,Petroleum Liquids,DFO,IC,0.4,0.4,,,2009,1
21533,City of Minneapolis - (KS),1307,Minneapolis City of,2,KS,SWPP,Natural Gas Internal Combustion Engine,NG,IC,0.7,0.5,,,2009,1
13095,City of Mulvane - (KS),1308,Mulvane Power Plant,1,KS,SWPP,Petroleum Liquids,DFO,IC,0.3,0.2,,,2016,1
13095,City of Mulvane - (KS),1308,Mulvane Power Plant,2,KS,SWPP,Petroleum Liquids,DFO,IC,0.3,0.2,,,2016,1
13095,City of Mulvane - (KS),1308,Mulvane Power Plant,3,KS,SWPP,Natural Gas Internal Combustion Engine,NG,IC,1.3,1.2,,,2016,1
13095,City of Mulvane - (KS),1308,Mulvane Power Plant,4,KS,SWPP,Natural Gas Internal Combustion Engine,NG,IC,1.3,1.2,,,2016,1
13095,City of Mulvane - (KS),1308,Mulvane Power Plant,5,KS,SWPP,Petroleum Liquids,DFO,IC,0.8,0.6,,,2016,1
13095,City of Mulvane - (KS),1308,Mulvane Power Plant,6,KS,SWPP,Natural Gas Internal Combustion Engine,NG,IC,2.0,1.9,,,2016,1
13095,City of Mulvane - (KS),1308,Mulvane Power Plant,7,KS,SWPP,Petroleum Liquids,DFO,IC,0.6,0.6,,,2016,1
13095,City of Mulvane - (KS),1308,Mulvane Power Plant,8,KS,SWPP,Petroleum Liquids,DFO,IC,0.6,0.5,,,2016,1
13380,City of Neodesha - (KS),1309,Neodesha,5,KS,,Petroleum Liquids,DFO,IC,1.2,1.0,,,2006,6
13380,City of Neodesha - (KS),1309,Neodesha,6,KS,,Petroleum Liquids,DFO,IC,2.2,2.2,,,2006,6
13380,City of Neodesha - (KS),1309,Neodesha,7,KS,,Petroleum Liquids,DFO,IC,2.0,1.9,,,2006,6
13380,City of Neodesha - (KS),1309,Neodesha,8,KS,,Petroleum Liquids,DFO,IC,2.6,2.5,,,2006,6
13819,City of Norton,1310,Norton,1,KS,,Natural Gas Internal Combustion Engine,NG,IC,1.0,0.9,,,2011,8
13819,City of Norton,1310,Norton,2,KS,,Natural Gas Internal Combustion Engine,NG,IC,1.5,1.3,,,2011,8
13819,City of Norton,1310,Norton,3,KS,,Natural Gas Internal Combustion Engine,NG,IC,2.7,2.4,,,2011,8
13819,City of Norton,1310,Norton,4,KS,,Natural Gas Internal Combustion Engine,NG,IC,3.5,3.1,,,2011,8
13819,City of Norton,1310,Norton,5,KS,,Petroleum Liquids,DFO,IC,2.5,2.2,,,2011,8
13941,City of Oakley,1311,Oakely,1,KS,,Natural Gas Internal Combustion Engine,NG,IC,1.4,1.2,,,2011,4
13941,City of Oakley,1311,Oakely,2,KS,,Petroleum Liquids,DFO,IC,0.4,0.3,,,2011,4
13941,City of Oakley,1311,Oakely,3,KS,,Natural Gas Internal Combustion Engine,NG,IC,0.5,0.5,,,2009,1
13941,City of Oakley,1311,Oakely,4,KS,,Natural Gas Internal Combustion Engine,NG,IC,0.9,0.8,,,2011,4
13941,City of Oakley,1311,Oakely,5,KS,,Natural Gas Internal Combustion Engine,NG,IC,1.5,1.3,,,2009,1
13941,City of Oakley,1311,Oakely,6,KS,,Natural Gas Internal Combustion Engine,NG,IC,3.3,3.2,,,2011,4
13948,City of Oberlin - (KS),1312,Oberlin (KS),1,KS,SWPP,Petroleum Liquids,DFO,IC,1.1,0.9,,,2024,5
13948,City of Oberlin - (KS),1312,Oberlin (KS),2,KS,SWPP,Petroleum Liquids,DFO,IC,0.8,0.6,,,2024,5
13948,City of Oberlin - (KS),1312,Oberlin (KS),4,KS,SWPP,Petroleum Liquids,DFO,IC,1.5,1.2,,,2024,5
13948,City of Oberlin - (KS),1312,Oberlin (KS),5,KS,SWPP,Petroleum Liquids,DFO,IC,2.0,1.3,,,2024,5
13948,City of Oberlin - (KS),1312,Oberlin (KS),6,KS,SWPP,Petroleum Liquids,DFO,IC,1.5,1.2,,,2024,5
14199,City of Osage City - (KS),1313,Osage City,10,KS,SWPP,Petroleum Liquids,DFO,IC,0.8,0.7,,,2021,5
14199,City of Osage City - (KS),1313,Osage City,8,KS,SWPP,Petroleum Liquids,DFO,IC,0.8,0.7,,,2021,5
14199,City of Osage City - (KS),1313,Osage City,9,KS,SWPP,Petroleum Liquids,DFO,IC,0.8,0.7,,,2009,1
14203,City of Osawatomie - (KS),1314,Osawatomie City of,2,KS,SWPP,Petroleum Liquids,DFO,IC,2.3,1.8,,,2024,8
14203,City of Osawatomie - (KS),1314,Osawatomie City of,4,KS,SWPP,Petroleum Liquids,DFO,IC,1.2,1.0,,,2024,8
14203,City of Osawatomie - (KS),1314,Osawatomie City of,5,KS,SWPP,Petroleum Liquids,DFO,IC,3.1,2.8,,,2024,8
14229,City of Ottawa - (KS),1316,Ottawa,GT1,KS,SWPP,Natural Gas Fired Combustion Turbine,NG,GT,11.5,8.0,,,2020,8
15321,City of Pratt- (KS),1317,Pratt,1,KS,SWPP,Natural Gas Steam Turbine,NG,ST,3.0,3.0,,,2004,5
15321,City of Pratt- (KS),1317,Pratt,3,KS,SWPP,Natural Gas Steam Turbine,NG,ST,5.0,5.8,,,2012,12
17872,City of St Francis - (KS),1321,St Francis,3,KS,SWPP,Petroleum Liquids,DFO,IC,0.8,0.8,,,2016,2
17879,City of St. John - (KS),1322,St John,3,KS,SWPP,Petroleum Liquids,DFO,IC,0.9,0.9,,,2005,12
17924,City of Stafford - (KS),1325,Stafford,1,KS,SWPP,Petroleum Liquids,DFO,IC,0.9,0.9,,,2011,9
17924,City of Stafford - (KS),1325,Stafford,2,KS,SWPP,Petroleum Liquids,DFO,IC,0.9,0.9,,,2011,9
17924,City of Stafford - (KS),1325,Stafford,3,KS,SWPP,Petroleum Liquids,DFO,IC,0.8,0.8,,,2011,9
18137,City of Stockton - (KS),1327,Stockton,4,KS,SWPP,Natural Gas Internal Combustion Engine,NG,IC,0.5,0.5,,,2020,12
20141,City of Washington - (KS),1329,Washington,5,KS,SWPP,Petroleum Liquids,DFO,IC,0.6,0.4,,,2022,1
20141,City of Washington - (KS),1329,Washington,7,KS,SWPP,Petroleum Liquids,DFO,IC,1.1,0.9,,,2022,1
20315,City of Wellington - (KS),1330,Wellington 1,5,KS,SWPP,Petroleum Liquids,DFO,IC,1.0,1.0,,,2005,2
12524,Midwest Energy Inc - (KS),1334,Great Bend - Midwest Energy,1,KS,SWPP,Natural Gas Internal Combustion Engine,NG,IC,1.0,1.0,,,2013,12
12524,Midwest Energy Inc - (KS),1334,Great Bend - Midwest Energy,2,KS,SWPP,Natural Gas Internal Combustion Engine,NG,IC,1.0,1.0,,,2013,12
12524,Midwest Energy Inc - (KS),1334,Great Bend - Midwest Energy,3,KS,SWPP,Natural Gas Internal Combustion Engine,NG,IC,1.0,1.0,,,2013,12
12524,Midwest Energy Inc - (KS),1334,Great Bend - Midwest Energy,4,KS,SWPP,Natural Gas Internal Combustion Engine,NG,IC,1.0,1.0,,,2013,12
12524,Midwest Energy Inc - (KS),1334,Great Bend - Midwest Energy,5,KS,SWPP,Natural Gas Internal Combustion Engine,NG,IC,3.0,3.0,,,2013,12
12524,Midwest Energy Inc - (KS),1334,Great Bend - Midwest Energy,6,KS,SWPP,Natural Gas Internal Combustion Engine,NG,IC,3.0,3.0,,,2012,12
18315,Sunflower Electric Power Corp,1336,Garden City,GC3,KS,SWPP,Natural Gas Steam Turbine,NG,ST,11.5,8.7,,,2013,12
22053,Kentucky Power Co,1353,Big Sandy,2,KY,PJM,Conventional Steam Coal,BIT,ST,816.3,800.0,,,2015,5
10171,Kentucky Utilities Co,1355,E W Brown,1,KY,LGEE,Conventional Steam Coal,BIT,ST,113.6,106.0,,,2019,2
10171,Kentucky Utilities Co,1355,E W Brown,2,KY,LGEE,Conventional Steam Coal,BIT,ST,179.5,166.0,,,2019,2
10171,Kentucky Utilities Co,1357,Green River,1,KY,LGEE,Conventional Steam Coal,BIT,ST,37.5,22.0,,,2003,12
10171,Kentucky Utilities Co,1357,Green River,2,KY,LGEE,Conventional Steam Coal,BIT,ST,37.5,22.0,,,2003,12
10171,Kentucky Utilities Co,1357,Green River,3,KY,LGEE,Conventional Steam Coal,BIT,ST,75.0,68.0,,,2015,10
10171,Kentucky Utilities Co,1357,Green River,4,KY,LGEE,Conventional Steam Coal,BIT,ST,113.6,93.0,,,2015,10
10171,Kentucky Utilities Co,1358,Haefling,3,KY,LGEE,Natural Gas Fired Combustion Turbine,NG,GT,20.7,12.0,,,2013,12
10171,Kentucky Utilities Co,1360,Pineville,3,KY,,Conventional Steam Coal,BIT,ST,37.5,32.0,,,2002,1
10171,Kentucky Utilities Co,1361,Tyrone,1,KY,LGEE,Petroleum Liquids,DFO,ST,31.2,27.0,,,2007,2
10171,Kentucky Utilities Co,1361,Tyrone,2,KY,LGEE,Petroleum Liquids,DFO,ST,31.2,31.0,,,2007,2
10171,Kentucky Utilities Co,1361,Tyrone,3,KY,LGEE,Conventional Steam Coal,BIT,ST,75.0,71.0,,,2013,2
11249,Louisville Gas & Electric Co,1363,Cane Run,11,KY,LGEE,Natural Gas Fired Combustion Turbine,NG,GT,16.3,14.0,,,2019,12
11249,Louisville Gas & Electric Co,1363,Cane Run,4,KY,LGEE,Conventional Steam Coal,BIT,ST,163.2,155.0,,,2015,6
11249,Louisville Gas & Electric Co,1363,Cane Run,5,KY,LGEE,Conventional Steam Coal,BIT,ST,209.4,168.0,,,2015,6
11249,Louisville Gas & Electric Co,1363,Cane Run,6,KY,LGEE,Conventional Steam Coal,BIT,ST,272.0,240.0,,,2015,4
11249,Louisville Gas & Electric Co,1364,Mill Creek (KY),1,KY,LGEE,Conventional Steam Coal,BIT,ST,355.5,300.0,,,2024,12
11249,Louisville Gas & Electric Co,1366,Paddys Run,11,KY,LGEE,Natural Gas Fired Combustion Turbine,NG,GT,16.0,12.0,,,2021,4
11249,Louisville Gas & Electric Co,1367,Waterside GT,7,KY,,Natural Gas Fired Combustion Turbine,NG,GT,20.0,11.0,,,2006,8
11249,Louisville Gas & Electric Co,1367,Waterside GT,8,KY,,Natural Gas Fired Combustion Turbine,NG,GT,25.0,11.0,,,2006,8
11249,Louisville Gas & Electric Co,1368,Zorn,1,KY,LGEE,Natural Gas Fired Combustion Turbine,NG,GT,18.0,14.0,,,2021,12
8449,Henderson City Utility Comm,1372,Henderson I,1,KY,,Petroleum Liquids,DFO,IC,1.2,1.0,,,2006,12
8449,Henderson City Utility Comm,1372,Henderson I,2,KY,,Petroleum Liquids,DFO,IC,1.2,1.0,,,2006,12
8449,Henderson City Utility Comm,1372,Henderson I,5,KY,,Conventional Steam Coal,BIT,ST,11.5,10.0,,,2008,9
8449,Henderson City Utility Comm,1372,Henderson I,6,KY,,Conventional Steam Coal,BIT,ST,32.3,26.0,,,2008,9
14268,City of Owensboro - (KY),1374,Elmer Smith,1,KY,LGEE,Conventional Steam Coal,BIT,ST,163.2,137.0,,,2020,6
14268,City of Owensboro - (KY),1374,Elmer Smith,2,KY,LGEE,Conventional Steam Coal,BIT,ST,282.1,262.8,,,2020,6
14459,City of Paris - (KY),1376,Paris (KY),4,KY,LGEE,Petroleum Liquids,DFO,IC,0.9,1.1,,,2023,9
18642,Tennessee Valley Authority,1378,Paradise,1,KY,TVA,Conventional Steam Coal,BIT,ST,704.0,628.0,,,2017,4
18642,Tennessee Valley Authority,1378,Paradise,2,KY,TVA,Conventional Steam Coal,BIT,ST,704.0,602.0,,,2017,4
18642,Tennessee Valley Authority,1378,Paradise,3,KY,TVA,Conventional Steam Coal,BIT,ST,1150.2,971.0,,,2020,1
18642,Tennessee Valley Authority,1379,Shawnee,10,KY,TVA,Conventional Steam Coal,BIT,ST,175.0,124.0,,,2014,6
1692,Big Rivers Electric Corp,1381,Kenneth C Coleman,1,KY,MISO,Conventional Steam Coal,BIT,ST,205.0,150.0,,,2020,9
1692,Big Rivers Electric Corp,1381,Kenneth C Coleman,2,KY,MISO,Conventional Steam Coal,BIT,ST,205.0,138.0,,,2020,9
1692,Big Rivers Electric Corp,1381,Kenneth C Coleman,3,KY,MISO,Conventional Steam Coal,BIT,ST,192.0,155.0,,,2020,9
1692,Big Rivers Electric Corp,1382,HMP&L Station Two Henderson,1,KY,MISO,Conventional Steam Coal,BIT,ST,200.0,153.0,,,2019,2
1692,Big Rivers Electric Corp,1382,HMP&L Station Two Henderson,2,KY,MISO,Conventional Steam Coal,BIT,ST,205.0,159.0,,,2019,2
1692,Big Rivers Electric Corp,1383,Robert A Reid,1,KY,MISO,Conventional Steam Coal,BIT,ST,96.0,65.0,,,2020,9
5580,"East Kentucky Power Coop, Inc",1385,Dale,1,KY,PJM,Conventional Steam Coal,BIT,ST,27.0,23.0,,,2015,4
5580,"East Kentucky Power Coop, Inc",1385,Dale,2,KY,PJM,Conventional Steam Coal,BIT,ST,27.0,23.0,,,2015,4
5580,"East Kentucky Power Coop, Inc",1385,Dale,3,KY,PJM,Conventional Steam Coal,BIT,ST,81.0,74.0,,,2016,4
5580,"East Kentucky Power Coop, Inc",1385,Dale,4,KY,PJM,Conventional Steam Coal,BIT,ST,81.0,75.0,,,2016,4
11241,Entergy Louisiana LLC,1393,R S Nelson,3,LA,MISO,Natural Gas Steam Turbine,NG,ST,163.2,146.0,,,2017,1
11241,Entergy Louisiana LLC,1394,Willow Glen,1,LA,MISO,Natural Gas Steam Turbine,NG,ST,163.2,152.0,,,2016,10
11241,Entergy Louisiana LLC,1394,Willow Glen,2,LA,MISO,Natural Gas Steam Turbine,NG,ST,239.4,180.0,,,2018,3
11241,Entergy Louisiana LLC,1394,Willow Glen,3,LA,MISO,Natural Gas Steam Turbine,NG,ST,591.8,450.0,,,2016,10
11241,Entergy Louisiana LLC,1394,Willow Glen,4,LA,MISO,Natural Gas Steam Turbine,NG,ST,591.8,482.0,,,2018,3
11241,Entergy Louisiana LLC,1394,Willow Glen,5,LA,MISO,Natural Gas Steam Turbine,NG,ST,591.8,485.0,,,2016,10
3265,Cleco Power LLC,1400,Teche,1,LA,MISO,Natural Gas Steam Turbine,NG,ST,23.0,15.0,,,2016,9
3265,Cleco Power LLC,1400,Teche,2,LA,MISO,Natural Gas Steam Turbine,NG,ST,54.4,33.0,,,2011,12
3265,Cleco Power LLC,1400,Teche,3,LA,MISO,Natural Gas Steam Turbine,NG,ST,348.5,250.0,,,2024,6
11241,Entergy Louisiana LLC,1401,Buras,8,LA,MISO,Natural Gas Fired Combustion Turbine,NG,GT,20.7,11.0,,,2018,10
11241,Entergy Louisiana LLC,1402,Little Gypsy,1,LA,MISO,Natural Gas Steam Turbine,NG,ST,247.7,227.9,,,2015,6
11241,Entergy Louisiana LLC,1403,Nine Mile Point,1,LA,MISO,Natural Gas Steam Turbine,NG,ST,69.0,50.0,,,2011,9
11241,Entergy Louisiana LLC,1403,Nine Mile Point,2,LA,MISO,Natural Gas Steam Turbine,NG,ST,112.5,107.0,,,2011,9
11241,Entergy Louisiana LLC,1403,Nine Mile Point,3,LA,MISO,Natural Gas Steam Turbine,NG,ST,169.8,100.4,,,2016,11
11241,Entergy Louisiana LLC,1404,Sterlington,6,LA,MISO,Natural Gas Steam Turbine,NG,ST,247.7,212.0,,,2012,8
11241,Entergy Louisiana LLC,1404,Sterlington,7B,LA,MISO,Natural Gas Fired Combined Cycle,NG,CT,66.0,44.0,,,2019,1
11241,Entergy Louisiana LLC,1404,Sterlington,7C,LA,MISO,Natural Gas Fired Combined Cycle,NG,CA,101.0,47.6,,,2017,6
13478,"Entergy New Orleans, LLC",1407,A B Paterson,3,LA,MISO,Natural Gas Steam Turbine,NG,ST,51.7,40.0,,,2010,9
13478,"Entergy New Orleans, LLC",1407,A B Paterson,4,LA,MISO,Natural Gas Steam Turbine,NG,ST,81.2,72.0,,,2010,9
13478,"Entergy New Orleans, LLC",1407,A B Paterson,5,LA,MISO,Petroleum Liquids,DFO,GT,16.0,11.0,,,2010,9
13478,"Entergy New Orleans, LLC",1409,Michoud,1,LA,MISO,Natural Gas Steam Turbine,NG,ST,115.2,65.0,,,2011,9
13478,"Entergy New Orleans, LLC",1409,Michoud,2,LA,MISO,Natural Gas Steam Turbine,NG,ST,261.8,241.6,,,2016,6
13478,"Entergy New Orleans, LLC",1409,Michoud,3,LA,MISO,Natural Gas Steam Turbine,NG,ST,582.2,543.8,,,2016,6
17698,Southwestern Electric Power Co,1417,Lieberman,1,LA,SWPP,Natural Gas Steam Turbine,NG,ST,25.0,25.0,,,2014,12
17698,Southwestern Electric Power Co,1417,Lieberman,2,LA,SWPP,Natural Gas Steam Turbine,NG,ST,25.0,26.0,,,2020,5
3265,Cleco Power LLC,1435,Franklin (LA),GT1,LA,MISO,Natural Gas Fired Combustion Turbine,NG,GT,10.0,8.0,,,2015,10
8884,Terrebonne Parish Consol Gov't,1439,Houma,10,LA,MISO,Natural Gas Internal Combustion Engine,NG,IC,4.5,3.7,,,2010,12
8884,Terrebonne Parish Consol Gov't,1439,Houma,11,LA,MISO,Natural Gas Internal Combustion Engine,NG,IC,4.5,3.7,,,2010,12
8884,Terrebonne Parish Consol Gov't,1439,Houma,12,LA,MISO,Natural Gas Internal Combustion Engine,NG,IC,4.5,3.3,,,2010,12
8884,Terrebonne Parish Consol Gov't,1439,Houma,6,LA,MISO,Natural Gas Internal Combustion Engine,NG,IC,1.4,1.0,,,2010,12
8884,Terrebonne Parish Consol Gov't,1439,Houma,7,LA,MISO,Natural Gas Internal Combustion Engine,NG,IC,1.4,1.0,,,2010,12
8884,Terrebonne Parish Consol Gov't,1439,Houma,8,LA,MISO,Natural Gas Internal Combustion Engine,NG,IC,1.4,1.0,,,2010,12
8884,Terrebonne Parish Consol Gov't,1439,Houma,9,LA,MISO,Natural Gas Internal Combustion Engine,NG,IC,2.7,2.5,,,2010,12
50111,Lafayette Utilities System,1443,Louis Doc Bonin,1,LA,MISO,Natural Gas Steam Turbine,NG,ST,53.9,40.0,,,2017,4
50111,Lafayette Utilities System,1443,Louis Doc Bonin,2,LA,MISO,Natural Gas Steam Turbine,NG,ST,100.0,70.0,,,2017,4
50111,Lafayette Utilities System,1443,Louis Doc Bonin,3,LA,MISO,Natural Gas Steam Turbine,NG,ST,187.0,146.0,,,2017,4
12625,City of Minden - (LA),1447,Minden,1,LA,MISO,Natural Gas Steam Turbine,NG,ST,12.5,12.5,,,2017,8
12625,City of Minden - (LA),1447,Minden,2,LA,MISO,Natural Gas Steam Turbine,NG,ST,12.5,12.5,,,2017,8
12625,City of Minden - (LA),1447,Minden,3,LA,MISO,Petroleum Liquids,DFO,IC,2.5,2.0,,,2015,1
12625,City of Minden - (LA),1447,Minden,4,LA,MISO,Petroleum Liquids,DFO,IC,2.5,2.0,,,2015,1
12625,City of Minden - (LA),1447,Minden,5,LA,MISO,Petroleum Liquids,DFO,IC,1.4,1.3,,,2015,1
12625,City of Minden - (LA),1447,Minden,6,LA,MISO,Petroleum Liquids,DFO,IC,2.0,1.8,,,2017,8
12625,City of Minden - (LA),1447,Minden,7,LA,MISO,Petroleum Liquids,DFO,IC,2.0,1.8,,,2015,1
11241,Entergy Louisiana LLC,1448,Monroe (LA),10,LA,MISO,Natural Gas Steam Turbine,NG,ST,25.0,22.0,,,2011,10
11241,Entergy Louisiana LLC,1448,Monroe (LA),11,LA,MISO,Natural Gas Steam Turbine,NG,ST,37.5,33.0,,,2011,10
11241,Entergy Louisiana LLC,1448,Monroe (LA),12,LA,MISO,Natural Gas Steam Turbine,NG,ST,75.0,71.0,,,2011,10
26253,Louisiana Energy & Power Authority,1449,Morgan City,1,LA,MISO,Natural Gas Steam Turbine,NG,ST,6.0,5.8,,,2012,12
26253,Louisiana Energy & Power Authority,1449,Morgan City,2,LA,MISO,Natural Gas Steam Turbine,NG,ST,6.0,5.8,,,2012,12
26253,Louisiana Energy & Power Authority,1449,Morgan City,3,LA,MISO,Natural Gas Steam Turbine,NG,ST,20.8,18.0,,,2015,6
26253,Louisiana Energy & Power Authority,1449,Morgan City,4,LA,MISO,Natural Gas Steam Turbine,NG,ST,37.5,33.0,,,2015,6
13228,City of Natchitoches,1450,Natchitoches,10,LA,,Natural Gas Steam Turbine,NG,ST,26.0,26.0,,,2009,1
13228,City of Natchitoches,1450,Natchitoches,2,LA,,Natural Gas Internal Combustion Engine,NG,IC,1.5,1.5,,,2009,1
13228,City of Natchitoches,1450,Natchitoches,3,LA,,Natural Gas Internal Combustion Engine,NG,IC,1.5,1.5,,,2009,1
13228,City of Natchitoches,1450,Natchitoches,6,LA,,Natural Gas Internal Combustion Engine,NG,IC,2.7,2.8,,,2009,1
13228,City of Natchitoches,1450,Natchitoches,7,LA,,Natural Gas Internal Combustion Engine,NG,IC,2.7,2.8,,,2009,1
13228,City of Natchitoches,1450,Natchitoches,8,LA,,Natural Gas Steam Turbine,NG,ST,6.0,6.0,,,2009,1
13228,City of Natchitoches,1450,Natchitoches,9,LA,,Natural Gas Steam Turbine,NG,ST,12.6,12.6,,,2009,1
26253,Louisiana Energy & Power Authority,1455,Plaquemine,1,LA,MISO,Natural Gas Steam Turbine,NG,ST,20.0,17.5,,,2015,6
26253,Louisiana Energy & Power Authority,1455,Plaquemine,2,LA,MISO,Natural Gas Steam Turbine,NG,ST,24.0,20.4,,,2015,6
16463,City of Ruston - (LA),1458,Ruston,1,LA,,Natural Gas Steam Turbine,NG,ST,12.6,12.0,,,2007,10
16463,City of Ruston - (LA),1458,Ruston,2,LA,,Natural Gas Steam Turbine,NG,ST,26.8,25.0,,,2007,10
16463,City of Ruston - (LA),1458,Ruston,3,LA,,Natural Gas Steam Turbine,NG,ST,41.5,40.0,,,2007,10
1179,Versant Power,1466,Bar Harbor,1,ME,ISNE,Petroleum Liquids,DFO,IC,2.0,2.0,,,2012,1
1179,Versant Power,1466,Bar Harbor,2,ME,ISNE,Petroleum Liquids,DFO,IC,2.0,2.0,,,2014,5
1179,Versant Power,1466,Bar Harbor,3,ME,ISNE,Petroleum Liquids,DFO,IC,2.0,2.0,,,2012,1
1179,Versant Power,1466,Bar Harbor,4,ME,ISNE,Petroleum Liquids,DFO,IC,2.0,2.0,,,2014,5
1179,Versant Power,1468,Eastport,1,ME,ISNE,Petroleum Liquids,DFO,IC,1.0,0.7,,,2012,1
1179,Versant Power,1468,Eastport,2,ME,ISNE,Petroleum Liquids,DFO,IC,1.0,0.7,,,2012,1
1179,Versant Power,1468,Eastport,3,ME,ISNE,Petroleum Liquids,DFO,IC,2.0,2.0,,,2019,12
56797,Penobscot River Restoration Trust,1472,Howland Hydro Station,HL01,ME,ISNE,Conventional Hydroelectric,WAT,HY,0.6,0.6,,,2015,1
56797,Penobscot River Restoration Trust,1472,Howland Hydro Station,HL02,ME,ISNE,Conventional Hydroelectric,WAT,HY,0.6,0.6,,,2015,1
56797,Penobscot River Restoration Trust,1472,Howland Hydro Station,HL03,ME,ISNE,Conventional Hydroelectric,WAT,HY,0.6,0.6,,,2015,1
1179,Versant Power,1474,Medway,IC1,ME,ISNE,Petroleum Liquids,DFO,IC,2.0,2.0,,,2015,3
1179,Versant Power,1474,Medway,IC2,ME,ISNE,Petroleum Liquids,DFO,IC,2.0,2.0,,,2015,3
1179,Versant Power,1474,Medway,IC3,ME,ISNE,Petroleum Liquids,DFO,IC,2.0,2.0,,,2015,3
1179,Versant Power,1474,Medway,IC4,ME,ISNE,Petroleum Liquids,DFO,IC,2.0,2.0,,,2015,3
56543,Black Bear Hydro Partners LLC,1479,Veazie Hydro Station,VZ01,ME,ISNE,Conventional Hydroelectric,WAT,HY,0.7,0.7,,,2013,7
56543,Black Bear Hydro Partners LLC,1479,Veazie Hydro Station,VZ02,ME,ISNE,Conventional Hydroelectric,WAT,HY,0.3,0.3,,,2013,7
56543,Black Bear Hydro Partners LLC,1479,Veazie Hydro Station,VZ03,ME,ISNE,Conventional Hydroelectric,WAT,HY,0.3,0.3,,,2013,7
56543,Black Bear Hydro Partners LLC,1479,Veazie Hydro Station,VZ04,ME,ISNE,Conventional Hydroelectric,WAT,HY,0.3,0.3,,,2013,7
56543,Black Bear Hydro Partners LLC,1479,Veazie Hydro Station,VZ05,ME,ISNE,Conventional Hydroelectric,WAT,HY,0.3,0.3,,,2013,7
56543,Black Bear Hydro Partners LLC,1479,Veazie Hydro Station,VZ06,ME,ISNE,Conventional Hydroelectric,WAT,HY,0.3,0.3,,,2013,7
56543,Black Bear Hydro Partners LLC,1479,Veazie Hydro Station,VZ07,ME,ISNE,Conventional Hydroelectric,WAT,HY,0.3,0.3,,,2013,7
56543,Black Bear Hydro Partners LLC,1479,Veazie Hydro Station,VZ08,ME,ISNE,Conventional Hydroelectric,WAT,HY,0.3,0.3,,,2013,7
56543,Black Bear Hydro Partners LLC,1479,Veazie Hydro Station,VZ09,ME,ISNE,Conventional Hydroelectric,WAT,HY,0.3,0.3,,,2013,7
56543,Black Bear Hydro Partners LLC,1479,Veazie Hydro Station,VZ10,ME,ISNE,Conventional Hydroelectric,WAT,HY,0.3,0.3,,,2013,7
56543,Black Bear Hydro Partners LLC,1479,Veazie Hydro Station,VZ11,ME,ISNE,Conventional Hydroelectric,WAT,HY,0.3,0.3,,,2013,7
56543,Black Bear Hydro Partners LLC,1479,Veazie Hydro Station,VZ12,ME,ISNE,Conventional Hydroelectric,WAT,HY,0.3,0.3,,,2013,7
56543,Black Bear Hydro Partners LLC,1479,Veazie Hydro Station,VZ13,ME,ISNE,Conventional Hydroelectric,WAT,HY,0.3,0.3,,,2013,7
56543,Black Bear Hydro Partners LLC,1479,Veazie Hydro Station,VZ14,ME,ISNE,Conventional Hydroelectric,WAT,HY,0.3,0.3,,,2013,5
56543,Black Bear Hydro Partners LLC,1479,Veazie Hydro Station,VZ15,ME,ISNE,Conventional Hydroelectric,WAT,HY,0.5,0.5,,,2013,7
56543,Black Bear Hydro Partners LLC,1479,Veazie Hydro Station,VZ16,ME,ISNE,Conventional Hydroelectric,WAT,HY,1.5,1.4,,,2013,4
56543,Black Bear Hydro Partners LLC,1479,Veazie Hydro Station,VZ17,ME,ISNE,Conventional Hydroelectric,WAT,HY,1.5,1.4,,,2013,4
39006,Brookfield White Pine Hydro LLC,1480,Androscoggin 3,328,ME,ISNE,Conventional Hydroelectric,WAT,HY,4.9,4.9,,,2020,8
39006,Brookfield White Pine Hydro LLC,1481,Bar Mills,1,ME,ISNE,Conventional Hydroelectric,WAT,HY,2.0,2.0,,,2021,1
39006,Brookfield White Pine Hydro LLC,1481,Bar Mills,2,ME,ISNE,Conventional Hydroelectric,WAT,HY,2.0,2.0,,,2021,1
10963,"Lewiston, City of - (ME)",1487,Continental Mills,CM1,ME,ISNE,Conventional Hydroelectric,WAT,HY,0.4,0.4,,,2006,9
10963,"Lewiston, City of - (ME)",1487,Continental Mills,CM2,ME,ISNE,Conventional Hydroelectric,WAT,HY,0.4,0.4,,,2006,9
10963,"Lewiston, City of - (ME)",1487,Continental Mills,CM3,ME,ISNE,Conventional Hydroelectric,WAT,HY,0.4,0.4,,,2006,9
10963,"Lewiston, City of - (ME)",1487,Continental Mills,CM5,ME,ISNE,Conventional Hydroelectric,WAT,HY,0.1,0.1,,,2006,9
10963,"Lewiston, City of - (ME)",1487,Continental Mills,CM6,ME,ISNE,Conventional Hydroelectric,WAT,HY,0.1,0.1,,,2006,9
39006,Brookfield White Pine Hydro LLC,1490,Fort Halifax,FH1,ME,,Conventional Hydroelectric,WAT,HY,0.7,0.9,,,2002,12
39006,Brookfield White Pine Hydro LLC,1490,Fort Halifax,FH2,ME,,Conventional Hydroelectric,WAT,HY,0.7,0.9,,,2002,12
34363,FPL Energy Mason LLC,1496,Mason Steam,3,ME,,Petroleum Liquids,RFO,ST,34.5,32.1,,,2004,10
34363,FPL Energy Mason LLC,1496,Mason Steam,4,ME,,Petroleum Liquids,RFO,ST,34.5,32.8,,,2004,10
34363,FPL Energy Mason LLC,1496,Mason Steam,5,ME,,Petroleum Liquids,RFO,ST,37.5,33.0,,,2004,10
60160,Merlin One LLC,1513,Caribou Generation Station,1,ME,NBSO,Petroleum Liquids,RFO,ST,7.5,9.0,,,2019,8
60160,Merlin One LLC,1513,Caribou Generation Station,CD2,ME,NBSO,Petroleum Liquids,DFO,IC,2.7,2.5,,,2019,8
60160,Merlin One LLC,1513,Caribou Generation Station,CD3,ME,NBSO,Petroleum Liquids,DFO,IC,2.7,2.5,,,2019,8
60160,Merlin One LLC,1513,Caribou Generation Station,CD4,ME,NBSO,Petroleum Liquids,DFO,IC,1.0,1.0,,,2019,8
60160,Merlin One LLC,1513,Caribou Generation Station,CD5,ME,NBSO,Petroleum Liquids,DFO,IC,1.2,1.0,,,2019,8
60160,Merlin One LLC,1513,Caribou Generation Station,CH1,ME,NBSO,Conventional Hydroelectric,WAT,HY,0.4,0.4,,,2019,8
60160,Merlin One LLC,1513,Caribou Generation Station,CH2,ME,NBSO,Conventional Hydroelectric,WAT,HY,0.4,0.4,,,2019,2
60160,Merlin One LLC,1513,Caribou Generation Station,ST2,ME,NBSO,Petroleum Liquids,RFO,ST,11.5,14.0,,,2019,8
60160,Merlin One LLC,1514,Flos Inn Diesel,FID1,ME,NBSO,Petroleum Liquids,DFO,IC,2.0,1.4,,,2019,12
60160,Merlin One LLC,1514,Flos Inn Diesel,FID2,ME,NBSO,Petroleum Liquids,DFO,IC,2.0,1.4,,,2019,12
60160,Merlin One LLC,1514,Flos Inn Diesel,FID3,ME,NBSO,Petroleum Liquids,DFO,IC,2.0,1.4,,,2019,12
11525,Maine Yankee Atomic Power Co,1517,Maine Yankee,1,ME,,Nuclear,NUC,ST,920.0,870.0,,,1997,8
60415,"CP Crane Power, LLC",1552,"CP Crane Power, LLC",1,MD,PJM,Conventional Steam Coal,SUB,ST,190.4,190.0,,,2018,6
60415,"CP Crane Power, LLC",1552,"CP Crane Power, LLC",2,MD,PJM,Conventional Steam Coal,SUB,ST,209.4,195.0,,,2018,6
60415,"CP Crane Power, LLC",1552,"CP Crane Power, LLC",GT1,MD,PJM,Petroleum Liquids,DFO,GT,16.0,14.0,,,2018,6
4161,"Constellation Power Source Generation, LLC",1553,Gould Street,3,MD,PJM,Natural Gas Steam Turbine,NG,ST,103.5,97.0,,,2019,6
60422,H.A. Wagner LLC,1554,Herbert A Wagner,1,MD,PJM,Petroleum Liquids,DFO,ST,132.8,126.0,,,2025,6
60422,H.A. Wagner LLC,1554,Herbert A Wagner,2,MD,PJM,Conventional Steam Coal,RC,ST,136.0,118.0,,,2020,6
60422,H.A. Wagner LLC,1554,Herbert A Wagner,GT1,MD,PJM,Petroleum Liquids,DFO,GT,16.0,12.9,,,2025,6
4161,"Constellation Power Source Generation, LLC",1555,Notch Cliff,GT1,MD,PJM,Natural Gas Fired Combustion Turbine,NG,GT,18.0,14.0,,,2020,6
4161,"Constellation Power Source Generation, LLC",1555,Notch Cliff,GT2,MD,PJM,Natural Gas Fired Combustion Turbine,NG,GT,18.0,14.0,,,2020,6
4161,"Constellation Power Source Generation, LLC",1555,Notch Cliff,GT3,MD,PJM,Natural Gas Fired Combustion Turbine,NG,GT,18.0,14.0,,,2020,6
4161,"Constellation Power Source Generation, LLC",1555,Notch Cliff,GT4,MD,PJM,Natural Gas Fired Combustion Turbine,NG,GT,18.0,14.0,,,2020,6
4161,"Constellation Power Source Generation, LLC",1555,Notch Cliff,GT5,MD,PJM,Natural Gas Fired Combustion Turbine,NG,GT,18.0,14.6,,,2020,3
4161,"Constellation Power Source Generation, LLC",1555,Notch Cliff,GT6,MD,PJM,Natural Gas Fired Combustion Turbine,NG,GT,18.0,15.6,,,2020,3
4161,"Constellation Power Source Generation, LLC",1555,Notch Cliff,GT7,MD,PJM,Natural Gas Fired Combustion Turbine,NG,GT,18.0,14.5,,,2020,3
4161,"Constellation Power Source Generation, LLC",1555,Notch Cliff,GT8,MD,PJM,Natural Gas Fired Combustion Turbine,NG,GT,18.0,16.0,,,2020,3
4161,"Constellation Power Source Generation, LLC",1556,Perryman,GT2,MD,PJM,Petroleum Liquids,DFO,GT,53.1,51.0,,,2016,2
4161,"Constellation Power Source Generation, LLC",1559,Riverside (MD),4,MD,PJM,Natural Gas Steam Turbine,NG,ST,72.2,74.0,,,2016,5
4161,"Constellation Power Source Generation, LLC",1559,Riverside (MD),GT6,MD,PJM,Natural Gas Fired Combustion Turbine,NG,GT,135.0,115.0,,,2014,6
4161,"Constellation Power Source Generation, LLC",1559,Riverside (MD),GT7,MD,PJM,Petroleum Liquids,DFO,GT,25.0,19.0,,,2019,3
4161,"Constellation Power Source Generation, LLC",1559,Riverside (MD),GT8,MD,PJM,Petroleum Liquids,DFO,GT,25.0,20.0,,,2019,12
4161,"Constellation Power Source Generation, LLC",1560,Westport,GT5,MD,PJM,Natural Gas Fired Combustion Turbine,NG,GT,121.5,115.8,,,2020,6
23279,Allegheny Energy Supply Co LLC,1570,FirstEnergy R Paul Smith Power Station,11,MD,PJM,Conventional Steam Coal,BIT,ST,75.0,87.0,,,2012,9
23279,Allegheny Energy Supply Co LLC,1570,FirstEnergy R Paul Smith Power Station,9,MD,PJM,Conventional Steam Coal,BIT,ST,34.5,28.0,,,2012,9
64575,"Dickerson Power, LLC",1572,Dickerson Power,GT1,MD,PJM,Petroleum Liquids,DFO,GT,19.0,18.0,,,2022,10
12653,"Lanyard Power Holdings, LLC",1573,Morgantown Generating Plant,GT1,MD,PJM,Petroleum Liquids,DFO,GT,18.0,13.0,,,2022,9
12653,"Lanyard Power Holdings, LLC",1573,Morgantown Generating Plant,GT2,MD,PJM,Petroleum Liquids,DFO,GT,18.0,13.0,,,2022,9
12653,"Lanyard Power Holdings, LLC",1573,Morgantown Generating Plant,ST1,MD,PJM,Conventional Steam Coal,BIT,ST,626.0,596.0,,,2022,6
12653,"Lanyard Power Holdings, LLC",1573,Morgantown Generating Plant,ST2,MD,PJM,Conventional Steam Coal,BIT,ST,626.0,609.0,,,2022,6
5625,Easton Utilities Comm,1580,Easton,8,MD,PJM,Petroleum Liquids,DFO,IC,2.5,2.0,,,2023,10
6035,"Constellation Power, Inc",1587,Exelon L Street,GT1,MA,ISNE,Petroleum Liquids,DFO,GT,18.6,16.0,,,2016,10
49965,Constellation Mystic Power LLC,1588,Mystic Generating Station,4,MA,ISNE,Petroleum Liquids,RFO,ST,156.2,95.4,,,2003,12
49965,Constellation Mystic Power LLC,1588,Mystic Generating Station,5,MA,ISNE,Petroleum Liquids,RFO,ST,156.2,91.6,,,2003,12
49965,Constellation Mystic Power LLC,1588,Mystic Generating Station,6,MA,ISNE,Petroleum Liquids,RFO,ST,156.2,28.0,,,2003,12
49965,Constellation Mystic Power LLC,1588,Mystic Generating Station,7,MA,ISNE,Petroleum Liquids,RFO,ST,617.0,512.4,,,2021,6
49965,Constellation Mystic Power LLC,1588,Mystic Generating Station,GT1,MA,ISNE,Petroleum Liquids,DFO,GT,14.2,9.1,,,2021,6
49965,Constellation Mystic Power LLC,1588,Mystic Generating Station,GT81,MA,ISNE,Natural Gas Fired Combined Cycle,NG,CT,278.6,224.7,,,2024,6
49965,Constellation Mystic Power LLC,1588,Mystic Generating Station,GT82,MA,ISNE,Natural Gas Fired Combined Cycle,NG,CT,278.6,224.7,,,2024,6
49965,Constellation Mystic Power LLC,1588,Mystic Generating Station,GT93,MA,ISNE,Natural Gas Fired Combined Cycle,NG,CT,278.6,227.4,,,2024,6
49965,Constellation Mystic Power LLC,1588,Mystic Generating Station,GT94,MA,ISNE,Natural Gas Fired Combined Cycle,NG,CT,278.6,227.4,,,2024,6
49965,Constellation Mystic Power LLC,1588,Mystic Generating Station,ST85,MA,ISNE,Natural Gas Fired Combined Cycle,NG,CA,315.0,254.0,,,2024,6
49965,Constellation Mystic Power LLC,1588,Mystic Generating Station,ST96,MA,ISNE,Natural Gas Fired Combined Cycle,NG,CA,315.0,257.1,,,2024,6
6035,"Constellation Power, Inc",1589,New Boston Generating Station,1,MA,,Natural Gas Steam Turbine,NG,ST,359.0,350.0,,,2007,9
6035,"Constellation Power, Inc",1589,New Boston Generating Station,2,MA,,Natural Gas Steam Turbine,NG,ST,358.7,352.0,,,2002,11
29926,Entergy Nuclear Generation Co,1590,Pilgrim Nuclear Power Station,1,MA,ISNE,Nuclear,NUC,ST,670.0,673.6,,,2019,5
49894,Harvard University,1594,Blackstone Street,1,MA,,Petroleum Liquids,RFO,ST,12.5,12.6,,,2003,4
59528,"Kendall Green Energy, LLC",1595,Kendall Square Station,1,MA,ISNE,Natural Gas Fired Combined Cycle,NG,CA,17.2,14.8,,,2018,12
59528,"Kendall Green Energy, LLC",1595,Kendall Square Station,2,MA,ISNE,Natural Gas Fired Combined Cycle,NG,CA,23.0,19.7,,,2018,12
59528,"Kendall Green Energy, LLC",1595,Kendall Square Station,JET2,MA,ISNE,Petroleum Liquids,JF,GT,20.0,20.0,,,2004,9
64488,Vineyard Reliability LLC,1597,Oak Bluffs Diesel Generating Facility,UN1,MA,ISNE,Petroleum Liquids,DFO,IC,2.7,2.8,,,2025,9
64488,Vineyard Reliability LLC,1597,Oak Bluffs Diesel Generating Facility,UN2,MA,ISNE,Petroleum Liquids,DFO,IC,2.7,2.8,,,2025,9
64488,Vineyard Reliability LLC,1597,Oak Bluffs Diesel Generating Facility,UN3,MA,ISNE,Petroleum Liquids,DFO,IC,2.7,2.8,,,2025,9
15085,Pinetree Power- Tamworth LLC.,1606,Mount Tom,1,MA,ISNE,Conventional Steam Coal,BIT,ST,136.0,143.6,,,2014,6
29878,Somerset Power LLC,1613,Somerset Station,6,MA,,Conventional Steam Coal,BIT,ST,100.0,109.1,,,2011,1
29878,Somerset Power LLC,1613,Somerset Station,JET2,MA,,Petroleum Liquids,DFO,GT,25.0,18.3,,,2011,6
13206,Nantucket Electric Co,1615,Nantucket Hybrid,10,MA,ISNE,Petroleum Liquids,DFO,IC,1.2,1.0,,,2006,6
13206,Nantucket Electric Co,1615,Nantucket Hybrid,11,MA,ISNE,Petroleum Liquids,DFO,IC,1.2,1.0,,,2006,6
13206,Nantucket Electric Co,1615,Nantucket Hybrid,12,MA,ISNE,Petroleum Liquids,DFO,GT,3.7,2.8,,,2019,8
13206,Nantucket Electric Co,1615,Nantucket Hybrid,13,MA,ISNE,Petroleum Liquids,DFO,GT,3.7,2.9,,,2019,8
13206,Nantucket Electric Co,1615,Nantucket Hybrid,14,MA,ISNE,Petroleum Liquids,DFO,IC,2.5,2.5,,,2007,8
13206,Nantucket Electric Co,1615,Nantucket Hybrid,15,MA,ISNE,Petroleum Liquids,DFO,IC,2.5,2.5,,,2007,8
13206,Nantucket Electric Co,1615,Nantucket Hybrid,16,MA,ISNE,Petroleum Liquids,DFO,IC,2.5,2.5,,,2007,8
13206,Nantucket Electric Co,1615,Nantucket Hybrid,17,MA,ISNE,Petroleum Liquids,DFO,IC,2.5,2.5,,,2007,8
58534,Brayton Point Energy LLC,1619,Brayton Point,1,MA,ISNE,Conventional Steam Coal,BIT,ST,241.0,225.2,,,2017,6
58534,Brayton Point Energy LLC,1619,Brayton Point,2,MA,ISNE,Conventional Steam Coal,BIT,ST,241.0,237.8,,,2017,6
58534,Brayton Point Energy LLC,1619,Brayton Point,3,MA,ISNE,Conventional Steam Coal,BIT,ST,642.6,575.0,,,2017,6
58534,Brayton Point Energy LLC,1619,Brayton Point,4,MA,ISNE,Petroleum Liquids,RFO,ST,475.5,435.0,,,2017,6
58534,Brayton Point Energy LLC,1619,Brayton Point,IC1,MA,ISNE,Petroleum Liquids,DFO,IC,2.7,2.5,,,2013,6
58534,Brayton Point Energy LLC,1619,Brayton Point,IC2,MA,ISNE,Petroleum Liquids,DFO,IC,2.7,2.5,,,2013,6
58534,Brayton Point Energy LLC,1619,Brayton Point,IC3,MA,ISNE,Petroleum Liquids,DFO,IC,2.7,2.5,,,2013,6
58534,Brayton Point Energy LLC,1619,Brayton Point,IC4,MA,ISNE,Petroleum Liquids,DFO,IC,2.7,2.5,,,2013,6
59928,Salem Harbor Power Development LP,1626,Salem Harbor,1,MA,ISNE,Conventional Steam Coal,BIT,ST,81.9,79.7,,,2014,6
59928,Salem Harbor Power Development LP,1626,Salem Harbor,2,MA,ISNE,Conventional Steam Coal,BIT,ST,82.0,78.0,,,2014,6
59928,Salem Harbor Power Development LP,1626,Salem Harbor,3,MA,ISNE,Conventional Steam Coal,BIT,ST,165.7,149.8,,,2014,6
59928,Salem Harbor Power Development LP,1626,Salem Harbor,4,MA,ISNE,Petroleum Liquids,RFO,ST,475.5,436.8,,,2014,6
56401,NAEA Energy Massachusetts LLC,1631,Doreen,DORE,MA,ISNE,Petroleum Liquids,KER,GT,21.1,16.1,,,2022,6
56401,NAEA Energy Massachusetts LLC,1642,Essential Power Massachusetts LLC,3,MA,ISNE,Natural Gas Steam Turbine,NG,ST,113.6,91.8,,,2021,7
56401,NAEA Energy Massachusetts LLC,1642,Essential Power Massachusetts LLC,GT-1,MA,ISNE,Natural Gas Fired Combustion Turbine,NG,GT,60.0,33.3,,,2022,6
56401,NAEA Energy Massachusetts LLC,1642,Essential Power Massachusetts LLC,GT-2,MA,ISNE,Natural Gas Fired Combustion Turbine,NG,GT,60.0,33.4,,,2022,6
56401,NAEA Energy Massachusetts LLC,1642,Essential Power Massachusetts LLC,WS1,MA,ISNE,Petroleum Liquids,RFO,ST,51.0,47.4,,,2002,4
56401,NAEA Energy Massachusetts LLC,1642,Essential Power Massachusetts LLC,WS10,MA,ISNE,Petroleum Liquids,KER,GT,17.0,17.1,,,2022,6
56401,NAEA Energy Massachusetts LLC,1642,Essential Power Massachusetts LLC,WS2,MA,ISNE,Petroleum Liquids,RFO,ST,51.0,47.4,,,2002,4
56401,NAEA Energy Massachusetts LLC,1643,Woodland Road,WOOD,MA,ISNE,Petroleum Liquids,KER,GT,20.4,16.5,,,2022,6
21083,Yankee Atomic Electric Co,1645,Yankee Rowe,1,MA,,Nuclear,NUC,ST,185.0,167.0,,,1992,2
2144,Town of Braintree - (MA),1660,Potter Station 2,CC2,MA,ISNE,Natural Gas Fired Combined Cycle,NG,CT,76.0,62.6,,,2024,1
2144,Town of Braintree - (MA),1660,Potter Station 2,CC3,MA,ISNE,Natural Gas Fired Combined Cycle,NG,CA,25.0,15.5,,,2024,1
2144,Town of Braintree - (MA),1660,Potter Station 2,IC1,MA,ISNE,Petroleum Liquids,DFO,IC,2.7,2.3,,,2014,5
2144,Town of Braintree - (MA),1660,Potter Station 2,IC2,MA,ISNE,Petroleum Liquids,DFO,IC,2.7,2.3,,,2007,1
9442,Town of Ipswich - (MA),1670,High Street Station,3,MA,ISNE,Petroleum Liquids,DFO,IC,0.7,0.7,,,2006,4
9442,Town of Ipswich - (MA),1670,High Street Station,4,MA,ISNE,Petroleum Liquids,DFO,IC,0.6,0.6,,,2006,4
14605,City of Peabody - (MA),1678,Waters River,1,MA,ISNE,Natural Gas Fired Combustion Turbine,NG,GT,21.3,16.0,,,2026,6
18488,City of Taunton - (MA),1682,Cleary Flood Hybrid,8,MA,ISNE,Petroleum Liquids,RFO,ST,28.3,26.0,,,2020,12
4254,Consumers Energy Co - (MI),1695,B C Cobb,1,MI,MISO,Natural Gas Steam Turbine,NG,ST,69.0,54.0,,,2015,5
4254,Consumers Energy Co - (MI),1695,B C Cobb,2,MI,MISO,Natural Gas Steam Turbine,NG,ST,69.0,65.0,,,2015,5
4254,Consumers Energy Co - (MI),1695,B C Cobb,3,MI,MISO,Natural Gas Steam Turbine,NG,ST,69.0,68.0,,,2015,5
4254,Consumers Energy Co - (MI),1695,B C Cobb,4,MI,MISO,Conventional Steam Coal,SUB,ST,156.3,156.0,,,2016,4
4254,Consumers Energy Co - (MI),1695,B C Cobb,5,MI,MISO,Conventional Steam Coal,SUB,ST,156.3,156.0,,,2016,4
4254,Consumers Energy Co - (MI),1696,B E Morrow,A,MI,MISO,Natural Gas Fired Combustion Turbine,NG,GT,18.0,13.0,,,2014,3
4254,Consumers Energy Co - (MI),1696,B E Morrow,B,MI,MISO,Natural Gas Fired Combustion Turbine,NG,GT,18.0,11.0,,,2014,3
4254,Consumers Energy Co,1697,Big Rock Point,1,MI,,Nuclear,NUC,ST,75.0,67.0,,,1997,8
4254,Consumers Energy Co - (MI),1702,Dan E Karn,1A,MI,MISO,Conventional Steam Coal,SUB,ST,136.0,127.5,,,2023,5
4254,Consumers Energy Co - (MI),1702,Dan E Karn,1B,MI,MISO,Conventional Steam Coal,SUB,ST,136.0,127.5,,,2023,5
4254,Consumers Energy Co - (MI),1702,Dan E Karn,2A,MI,MISO,Conventional Steam Coal,SUB,ST,136.0,115.5,,,2023,5
4254,Consumers Energy Co - (MI),1702,Dan E Karn,2B,MI,MISO,Conventional Steam Coal,SUB,ST,136.0,115.5,,,2023,5
4254,Consumers Energy Co - (MI),1706,Gaylord - Consumers,1,MI,MISO,Natural Gas Fired Combustion Turbine,NG,GT,16.0,12.0,,,2018,11
4254,Consumers Energy Co - (MI),1706,Gaylord - Consumers,2,MI,MISO,Natural Gas Fired Combustion Turbine,NG,GT,16.0,11.0,,,2018,11
4254,Consumers Energy Co - (MI),1706,Gaylord - Consumers,3,MI,MISO,Natural Gas Fired Combustion Turbine,NG,GT,16.0,10.0,,,2018,11
4254,Consumers Energy Co - (MI),1706,Gaylord - Consumers,4,MI,MISO,Natural Gas Fired Combustion Turbine,NG,GT,16.0,12.0,,,2013,11
4254,Consumers Energy Co - (MI),1706,Gaylord - Consumers,5,MI,MISO,Natural Gas Fired Combustion Turbine,NG,GT,16.0,14.0,,,2010,10
4254,Consumers Energy Co - (MI),1710,J H Campbell,A,MI,MISO,Petroleum Liquids,DFO,GT,18.6,12.0,,,2018,11
4254,Consumers Energy Co - (MI),1718,Straits,1,MI,MISO,Natural Gas Fired Combustion Turbine,NG,GT,20.0,5.0,,,2018,11
4254,Consumers Energy Co - (MI),1719,Thetford,1,MI,MISO,Natural Gas Fired Combustion Turbine,NG,GT,33.6,22.0,,,2015,5
4254,Consumers Energy Co - (MI),1719,Thetford,2,MI,MISO,Natural Gas Fired Combustion Turbine,NG,GT,33.6,29.0,,,2018,11
4254,Consumers Energy Co - (MI),1719,Thetford,3,MI,MISO,Natural Gas Fired Combustion Turbine,NG,GT,33.6,22.0,,,2018,11
4254,Consumers Energy Co - (MI),1719,Thetford,4,MI,MISO,Natural Gas Fired Combustion Turbine,NG,GT,33.6,28.0,,,2018,11
4254,Consumers Energy Co - (MI),1719,Thetford,5,MI,MISO,Natural Gas Fired Combustion Turbine,NG,GT,17.6,15.0,,,2013,9
4254,Consumers Energy Co - (MI),1719,Thetford,6,MI,MISO,Natural Gas Fired Combustion Turbine,NG,GT,17.6,15.0,,,2013,9
4254,Consumers Energy Co - (MI),1719,Thetford,7,MI,MISO,Natural Gas Fired Combustion Turbine,NG,GT,17.6,14.0,,,2013,9
4254,Consumers Energy Co - (MI),1719,Thetford,8,MI,MISO,Natural Gas Fired Combustion Turbine,NG,GT,17.6,11.0,,,2013,9
4254,Consumers Energy Co - (MI),1719,Thetford,9,MI,MISO,Natural Gas Fired Combustion Turbine,NG,GT,17.6,12.0,,,2013,9
4254,Consumers Energy Co - (MI),1720,J C Weadock,7,MI,MISO,Conventional Steam Coal,SUB,ST,156.3,152.0,,,2016,4
4254,Consumers Energy Co - (MI),1720,J C Weadock,8,MI,MISO,Conventional Steam Coal,SUB,ST,156.3,151.0,,,2016,4
4254,Consumers Energy Co - (MI),1720,J C Weadock,A,MI,MISO,Natural Gas Fired Combustion Turbine,NG,GT,18.6,13.0,,,2015,5
4254,Consumers Energy Co - (MI),1723,J R Whiting,1,MI,MISO,Conventional Steam Coal,SUB,ST,106.3,102.0,,,2016,4
4254,Consumers Energy Co - (MI),1723,J R Whiting,2,MI,MISO,Conventional Steam Coal,SUB,ST,106.3,95.0,,,2016,4
4254,Consumers Energy Co - (MI),1723,J R Whiting,3,MI,MISO,Conventional Steam Coal,SUB,ST,132.8,122.0,,,2016,4
4254,Consumers Energy Co - (MI),1723,J R Whiting,A,MI,MISO,Petroleum Liquids,DFO,GT,18.6,13.0,,,2015,5
49904,"Detroit Thermal, LLC",1724,Beacon Heating,25,MI,,Natural Gas Steam Turbine,NG,ST,20.0,18.0,,,2004,1
5109,DTE Electric Company,1726,Conners Creek,1,MI,MISO,Petroleum Liquids,DFO,IC,2.7,2.3,,,2013,3
5109,DTE Electric Company,1726,Conners Creek,15,MI,MISO,Natural Gas Steam Turbine,NG,ST,135.0,100.0,,,2013,3
5109,DTE Electric Company,1726,Conners Creek,16,MI,MISO,Natural Gas Steam Turbine,NG,ST,135.0,130.0,,,2013,3
5109,DTE Electric Company,1726,Conners Creek,2,MI,MISO,Petroleum Liquids,DFO,IC,2.7,2.3,,,2013,3
5109,DTE Electric Company,1727,Dayton (MI),1,MI,MISO,Petroleum Liquids,DFO,IC,2.0,2.0,,,2013,11
5109,DTE Electric Company,1727,Dayton (MI),2,MI,MISO,Petroleum Liquids,DFO,IC,2.0,2.0,,,2013,11
5109,DTE Electric Company,1727,Dayton (MI),3,MI,MISO,Petroleum Liquids,DFO,IC,2.0,2.0,,,2013,11
5109,DTE Electric Company,1727,Dayton (MI),4,MI,MISO,Petroleum Liquids,DFO,IC,2.0,2.0,,,2013,11
5109,DTE Electric Company,1727,Dayton (MI),5,MI,MISO,Petroleum Liquids,DFO,IC,2.0,2.0,,,2013,11
5109,DTE Electric Company,1729,Fermi,1,MI,,Nuclear,NUC,ST,65.0,61.0,,,1972,11
5109,DTE Electric Company,1730,Hancock,2,MI,MISO,Natural Gas Fired Combustion Turbine,NG,GT,19.0,18.0,,,2019,12
5109,DTE Electric Company,1730,Hancock,4,MI,MISO,Natural Gas Fired Combustion Turbine,NG,GT,19.6,17.0,,,2019,12
5109,DTE Electric Company,1731,Harbor Beach,1,MI,MISO,Conventional Steam Coal,BIT,ST,121.0,95.0,,,2013,11
5109,DTE Electric Company,1731,Harbor Beach,IC1,MI,MISO,Petroleum Liquids,DFO,IC,2.0,2.0,,,2013,11
5109,DTE Electric Company,1731,Harbor Beach,IC2,MI,MISO,Petroleum Liquids,DFO,IC,2.0,2.0,,,2013,11
5109,DTE Electric Company,1732,Marysville,7,MI,MISO,Conventional Steam Coal,BIT,ST,75.0,83.0,,,2011,12
5109,DTE Electric Company,1732,Marysville,8,MI,MISO,Conventional Steam Coal,BIT,ST,75.0,83.0,,,2011,12
5109,DTE Electric Company,1734,Northeast (MI),1,MI,MISO,Natural Gas Fired Combustion Turbine,NG,GT,16.0,15.0,,,2023,5
5109,DTE Electric Company,1740,River Rouge,1,MI,MISO,Natural Gas Steam Turbine,NG,ST,282.6,206.0,,,2016,12
5109,DTE Electric Company,1740,River Rouge,2,MI,MISO,Conventional Steam Coal,SUB,ST,292.5,251.0,,,2016,6
5109,DTE Electric Company,1740,River Rouge,3,MI,MISO,Conventional Steam Coal,SUB,ST,358.1,272.0,,,2021,5
5109,DTE Electric Company,1740,River Rouge,IC1,MI,MISO,Petroleum Liquids,DFO,IC,2.7,2.0,,,2024,1
5109,DTE Electric Company,1740,River Rouge,IC2,MI,MISO,Petroleum Liquids,DFO,IC,2.7,3.0,,,2024,1
5109,DTE Electric Company,1740,River Rouge,IC3,MI,MISO,Petroleum Liquids,DFO,IC,2.7,3.0,,,2024,1
5109,DTE Electric Company,1740,River Rouge,IC4,MI,MISO,Petroleum Liquids,DFO,IC,2.7,3.0,,,2024,1
5109,DTE Electric Company,1741,Slocum,1,MI,MISO,Petroleum Liquids,DFO,IC,2.7,2.0,,,2023,11
5109,DTE Electric Company,1741,Slocum,2,MI,MISO,Petroleum Liquids,DFO,IC,2.7,3.0,,,2023,11
5109,DTE Electric Company,1741,Slocum,3,MI,MISO,Petroleum Liquids,DFO,IC,2.7,3.0,,,2023,11
5109,DTE Electric Company,1741,Slocum,4,MI,MISO,Petroleum Liquids,DFO,IC,2.7,3.0,,,2023,11
5109,DTE Electric Company,1741,Slocum,5,MI,MISO,Petroleum Liquids,DFO,IC,2.7,3.0,,,2023,11
5109,DTE Electric Company,1743,St Clair,1,MI,MISO,Conventional Steam Coal,RC,ST,168.7,151.0,,,2019,3
5109,DTE Electric Company,1743,St Clair,12A,MI,MISO,Petroleum Liquids,DFO,IC,2.7,2.0,,,2024,6
5109,DTE Electric Company,1743,St Clair,12B,MI,MISO,Petroleum Liquids,DFO,IC,2.7,3.0,,,2024,6
5109,DTE Electric Company,1743,St Clair,2,MI,MISO,Conventional Steam Coal,RC,ST,156.2,154.0,,,2022,12
5109,DTE Electric Company,1743,St Clair,3,MI,MISO,Conventional Steam Coal,RC,ST,156.2,160.0,,,2022,12
5109,DTE Electric Company,1743,St Clair,4,MI,MISO,Conventional Steam Coal,RC,ST,168.7,151.0,,,2017,11
5109,DTE Electric Company,1743,St Clair,6,MI,MISO,Conventional Steam Coal,RC,ST,352.7,311.0,,,2022,12
5109,DTE Electric Company,1743,St Clair,7,MI,MISO,Conventional Steam Coal,RC,ST,544.5,440.0,,,2022,12
5109,DTE Electric Company,1745,Trenton Channel,7,MI,MISO,Conventional Steam Coal,SUB,ST,120.0,110.0,,,2016,4
5109,DTE Electric Company,1745,Trenton Channel,8,MI,MISO,Conventional Steam Coal,SUB,ST,120.0,100.0,,,2015,4
5109,DTE Electric Company,1745,Trenton Channel,9,MI,MISO,Conventional Steam Coal,SUB,ST,535.5,495.0,,,2022,12
20847,Wisconsin Electric Power Co,1769,Presque Isle,1,MI,MISO,Conventional Steam Coal,BIT,ST,25.0,25.0,,,2006,12
20847,Wisconsin Electric Power Co,1769,Presque Isle,2,MI,MISO,Conventional Steam Coal,BIT,ST,37.5,37.0,,,2006,12
20847,Wisconsin Electric Power Co,1769,Presque Isle,3,MI,MISO,Conventional Steam Coal,BIT,ST,54.4,58.0,,,2009,10
20847,Wisconsin Electric Power Co,1769,Presque Isle,4,MI,MISO,Conventional Steam Coal,BIT,ST,57.8,58.0,,,2009,10
20847,Wisconsin Electric Power Co,1769,Presque Isle,5,MI,MISO,Conventional Steam Coal,SUB,ST,90.0,55.0,,,2019,3
20847,Wisconsin Electric Power Co,1769,Presque Isle,6,MI,MISO,Conventional Steam Coal,SUB,ST,90.0,55.0,,,2019,3
20847,Wisconsin Electric Power Co,1769,Presque Isle,7,MI,MISO,Conventional Steam Coal,SUB,ST,90.0,83.0,,,2019,3
20847,Wisconsin Electric Power Co,1769,Presque Isle,8,MI,MISO,Conventional Steam Coal,SUB,ST,90.0,83.0,,,2019,3
20847,Wisconsin Electric Power Co,1769,Presque Isle,9,MI,MISO,Conventional Steam Coal,SUB,ST,90.0,83.0,,,2019,3
58246,Escanaba Operating Services LLC,1771,Escanaba,1,MI,MISO,Conventional Steam Coal,BIT,ST,11.5,13.0,,,2016,1
58246,Escanaba Operating Services LLC,1771,Escanaba,2,MI,MISO,Conventional Steam Coal,BIT,ST,11.5,13.0,,,2016,1
58246,Escanaba Operating Services LLC,1771,Escanaba,3,MI,MISO,Petroleum Liquids,DFO,GT,17.9,12.5,,,2016,1
20847,Wisconsin Electric Power Co,1784,Twin Falls (MI),1,MI,MISO,Conventional Hydroelectric,WAT,HY,1.3,1.3,,,2016,7
20847,Wisconsin Electric Power Co,1784,Twin Falls (MI),2,MI,MISO,Conventional Hydroelectric,WAT,HY,1.3,1.3,,,2016,7
20847,Wisconsin Electric Power Co,1784,Twin Falls (MI),3,MI,MISO,Conventional Hydroelectric,WAT,HY,1.3,1.3,,,2016,7
20847,Wisconsin Electric Power Co,1784,Twin Falls (MI),4,MI,MISO,Conventional Hydroelectric,WAT,HY,1.2,1.2,,,2016,7
20847,Wisconsin Electric Power Co,1784,Twin Falls (MI),5,MI,MISO,Conventional Hydroelectric,WAT,HY,1.2,1.2,,,2016,7
3813,Village of Clinton - (MI),1818,Clinton,1,MI,MISO,Petroleum Liquids,DFO,IC,0.5,0.5,,,2019,12
3813,Village of Clinton - (MI),1818,Clinton,2,MI,MISO,Petroleum Liquids,DFO,IC,0.5,0.5,,,2019,12
3813,Village of Clinton - (MI),1818,Clinton,3,MI,MISO,Petroleum Liquids,DFO,IC,0.4,,,,2008,8
3813,Village of Clinton - (MI),1818,Clinton,4,MI,MISO,Petroleum Liquids,DFO,IC,0.4,0.4,,,2008,8
3813,Village of Clinton - (MI),1818,Clinton,5,MI,MISO,Petroleum Liquids,DFO,IC,0.4,0.4,,,2008,8
3813,Village of Clinton - (MI),1818,Clinton,6,MI,MISO,Petroleum Liquids,DFO,IC,2.0,2.0,,,2019,12
3915,Coldwater Board of Public Util,1819,Coldwater,1,MI,MISO,Petroleum Liquids,DFO,IC,0.7,0.7,,,2002,12
3915,Coldwater Board of Public Util,1819,Coldwater,3,MI,MISO,Natural Gas Internal Combustion Engine,NG,IC,3.5,3.5,,,2012,9
3915,Coldwater Board of Public Util,1819,Coldwater,IC4,MI,MISO,Petroleum Liquids,DFO,IC,2.5,2.5,,,2014,9
3915,Coldwater Board of Public Util,1819,Coldwater,IC5,MI,MISO,Natural Gas Internal Combustion Engine,NG,IC,6.0,6.0,,,2013,11
5107,City of Detroit - (MI),1822,Mistersky,5,MI,MISO,Natural Gas Steam Turbine,NG,ST,44.0,44.0,,,2010,4
5107,City of Detroit - (MI),1822,Mistersky,6,MI,MISO,Natural Gas Steam Turbine,NG,ST,50.0,50.0,,,2014,4
5107,City of Detroit - (MI),1822,Mistersky,7,MI,MISO,Natural Gas Steam Turbine,NG,ST,60.0,60.0,,,2014,4
5107,City of Detroit - (MI),1822,Mistersky,GT1,MI,MISO,Petroleum Liquids,DFO,GT,35.0,25.0,,,2014,4
5343,City of Dowagiac,1823,Dowagiac,1,MI,,Petroleum Liquids,DFO,IC,1.1,1.0,,,2008,10
5343,City of Dowagiac,1823,Dowagiac,2,MI,,Petroleum Liquids,DFO,IC,0.6,0.3,,,2008,10
5343,City of Dowagiac,1823,Dowagiac,4,MI,,Petroleum Liquids,DFO,IC,1.1,0.9,,,2008,10
5343,City of Dowagiac,1823,Dowagiac,5,MI,,Petroleum Liquids,DFO,IC,1.1,1.0,,,2008,10
7483,City of Grand Haven - (MI),1825,J B Sims,3,MI,MISO,Conventional Steam Coal,BIT,ST,80.0,69.1,,,2020,6
7483,City of Grand Haven - (MI),1826,Grand Haven Diesel Plant,1,MI,MISO,Natural Gas Internal Combustion Engine,NG,IC,7.0,8.4,,,2020,6
7483,City of Grand Haven - (MI),1826,Grand Haven Diesel Plant,2,MI,MISO,Petroleum Liquids,RFO,IC,2.7,2.3,,,2016,10
7483,City of Grand Haven - (MI),1826,Grand Haven Diesel Plant,5,MI,MISO,Petroleum Liquids,DFO,IC,3.0,3.2,,,2016,10
7483,City of Grand Haven - (MI),1826,Grand Haven Diesel Plant,6,MI,MISO,Natural Gas Internal Combustion Engine,NG,IC,2.7,2.8,,,2016,10
7483,City of Grand Haven - (MI),1826,Grand Haven Diesel Plant,7,MI,MISO,Petroleum Liquids,RFO,IC,5.5,5.1,,,2016,10
8631,Hillsdale Board of Public Wks,1829,Hillsdale,10,MI,MISO,Petroleum Liquids,DFO,IC,1.8,1.8,,,2013,7
8631,Hillsdale Board of Public Wks,1829,Hillsdale,2,MI,MISO,Petroleum Liquids,DFO,IC,2.7,1.9,,,2018,6
8631,Hillsdale Board of Public Wks,1829,Hillsdale,3,MI,MISO,Natural Gas Internal Combustion Engine,NG,IC,3.5,2.4,,,2018,6
8631,Hillsdale Board of Public Wks,1829,Hillsdale,4,MI,MISO,Natural Gas Internal Combustion Engine,NG,IC,4.1,3.7,,,2018,6
8631,Hillsdale Board of Public Wks,1829,Hillsdale,7,MI,MISO,Petroleum Liquids,DFO,IC,1.6,1.5,,,2013,7
8631,Hillsdale Board of Public Wks,1829,Hillsdale,8,MI,MISO,Petroleum Liquids,DFO,IC,1.6,1.5,,,2013,7
8631,Hillsdale Board of Public Wks,1829,Hillsdale,9,MI,MISO,Petroleum Liquids,DFO,IC,1.8,1.8,,,2013,7
8723,City of Holland - (MI),1830,James De Young,3,MI,MISO,Conventional Steam Coal,BIT,ST,11.5,10.5,,,2016,6
8723,City of Holland - (MI),1830,James De Young,4,MI,MISO,Conventional Steam Coal,BIT,ST,22.0,20.5,,,2017,6
8723,City of Holland - (MI),1830,James De Young,5,MI,MISO,Conventional Steam Coal,BIT,ST,29.3,27.0,,,2017,6
56155,Lansing Board of Water and Light,1831,Eckert Station,1,MI,MISO,Conventional Steam Coal,SUB,ST,44.0,32.9,,,2015,9
56155,Lansing Board of Water and Light,1831,Eckert Station,2,MI,MISO,Conventional Steam Coal,SUB,ST,44.0,31.6,,,2014,3
56155,Lansing Board of Water and Light,1831,Eckert Station,3,MI,MISO,Conventional Steam Coal,SUB,ST,47.0,30.6,,,2015,12
56155,Lansing Board of Water and Light,1831,Eckert Station,4,MI,MISO,Conventional Steam Coal,SUB,ST,80.0,64.0,,,2021,5
56155,Lansing Board of Water and Light,1831,Eckert Station,5,MI,MISO,Conventional Steam Coal,SUB,ST,80.0,63.1,,,2020,12
56155,Lansing Board of Water and Light,1831,Eckert Station,6,MI,MISO,Conventional Steam Coal,SUB,ST,80.0,62.8,,,2020,12
56155,Lansing Board of Water and Light,1832,Erickson Station,1,MI,MISO,Conventional Steam Coal,SUB,ST,154.7,154.5,,,2022,11
11268,City of Lowell - (MI),1837,Lowell,5,MI,MISO,Natural Gas Internal Combustion Engine,NG,IC,1.1,1.1,,,2012,11
11268,City of Lowell - (MI),1837,Lowell,6,MI,MISO,Natural Gas Internal Combustion Engine,NG,IC,1.1,1.1,,,2012,11
11268,City of Lowell - (MI),1837,Lowell,7,MI,MISO,Natural Gas Internal Combustion Engine,NG,IC,1.4,1.4,,,2012,11
11701,City of Marquette - (MI),1843,Shiras,1,MI,MISO,Conventional Steam Coal,BIT,ST,12.5,11.6,,,2019,4
11701,City of Marquette - (MI),1843,Shiras,2,MI,MISO,Conventional Steam Coal,BIT,ST,21.0,19.5,,,2019,4
11701,City of Marquette - (MI),1843,Shiras,3,MI,MISO,Conventional Steam Coal,SUB,ST,44.0,41.0,,,2019,4
11713,City of Marshall - (MI),1844,Marshall (MI),IC2,MI,MISO,Natural Gas Internal Combustion Engine,NG,IC,1.1,0.9,,,2015,5
11713,City of Marshall - (MI),1844,Marshall (MI),IC4,MI,MISO,Petroleum Liquids,DFO,IC,1.0,0.7,,,2015,5
13525,Newberry Water & Light Board,1846,Newberry,1,MI,MISO,Petroleum Liquids,DFO,IC,3.0,2.5,,,2023,3
13525,Newberry Water & Light Board,1846,Newberry,2,MI,MISO,Petroleum Liquids,DFO,IC,0.7,0.5,,,2023,3
13525,Newberry Water & Light Board,1846,Newberry,4,MI,MISO,Petroleum Liquids,DFO,IC,1.8,1.5,,,2023,3
15246,City of Portland - (MI),1851,Frank Jenkins,3,MI,MISO,Petroleum Liquids,DFO,IC,0.3,0.3,,,2002,8
17886,City of St Louis - (MI),1852,St Louis,2,MI,MISO,Petroleum Liquids,DFO,IC,0.6,0.6,,,2021,1
17886,City of St Louis - (MI),1852,St Louis,3,MI,MISO,Petroleum Liquids,DFO,IC,0.9,0.9,,,2021,1
18252,City of Sturgis - (MI),1855,Sturgis City Diesel Plant,1,MI,PJM,Petroleum Liquids,DFO,IC,1.0,0.8,,,2008,3
18252,City of Sturgis - (MI),1855,Sturgis City Diesel Plant,2,MI,PJM,Petroleum Liquids,DFO,IC,1.0,0.8,,,2008,3
18252,City of Sturgis - (MI),1855,Sturgis City Diesel Plant,4,MI,PJM,Petroleum Liquids,DFO,IC,1.0,0.6,,,2007,3
18252,City of Sturgis - (MI),1855,Sturgis City Diesel Plant,5,MI,PJM,Petroleum Liquids,DFO,IC,1.0,0.6,,,2007,3
19125,City of Traverse City - (MI),1859,Bayside,1,MI,,Conventional Steam Coal,BIT,ST,2.5,3.1,,,2002,12
19125,City of Traverse City - (MI),1859,Bayside,3,MI,,Conventional Steam Coal,BIT,ST,7.5,9.5,,,2002,12
19125,City of Traverse City - (MI),1859,Bayside,4,MI,,Conventional Steam Coal,BIT,ST,14.0,13.7,,,2002,12
21048,Wyandotte Municipal Serv Comm - (MI),1866,Wyandotte,4,MI,MISO,Natural Gas Steam Turbine,NG,ST,11.5,10.5,,,2026,6
21048,Wyandotte Municipal Serv Comm - (MI),1866,Wyandotte,5,MI,MISO,Natural Gas Steam Turbine,NG,ST,22.0,22.0,,,2016,5
21048,Wyandotte Municipal Serv Comm - (MI),1866,Wyandotte,6,MI,MISO,Natural Gas Steam Turbine,NG,ST,7.5,7.5,,,2016,5
21048,Wyandotte Municipal Serv Comm - (MI),1866,Wyandotte,7,MI,MISO,Natural Gas Steam Turbine,NG,ST,32.0,32.0,,,2026,6
3828,Cloverland Electric Co-op,1868,Dafter,1,MI,MISO,Petroleum Liquids,DFO,IC,1.0,0.9,,,2021,12
3828,Cloverland Electric Co-op,1868,Dafter,3,MI,MISO,Petroleum Liquids,DFO,IC,1.0,0.9,,,2021,12
3828,Cloverland Electric Co-op,1868,Dafter,5,MI,MISO,Petroleum Liquids,DFO,IC,3.0,2.5,,,2021,12
20910,Wolverine Power Supply Coop,1873,Tower,2,MI,MISO,Petroleum Liquids,DFO,IC,1.3,1.3,,,2010,10
20910,Wolverine Power Supply Coop,1873,Tower,3,MI,MISO,Petroleum Liquids,DFO,IC,1.3,1.3,,,2010,10
20910,Wolverine Power Supply Coop,1873,Tower,IC1,MI,MISO,Petroleum Liquids,DFO,IC,1.3,1.3,,,2010,10
20910,Wolverine Power Supply Coop,1877,George Johnson,1,MI,MISO,Natural Gas Internal Combustion Engine,NG,IC,0.7,0.7,,,2002,1
20910,Wolverine Power Supply Coop,1877,George Johnson,2,MI,MISO,Natural Gas Internal Combustion Engine,NG,IC,0.7,0.7,,,2002,1
20910,Wolverine Power Supply Coop,1877,George Johnson,3,MI,MISO,Natural Gas Internal Combustion Engine,NG,IC,1.1,1.2,,,2002,1
20910,Wolverine Power Supply Coop,1877,George Johnson,4,MI,MISO,Natural Gas Internal Combustion Engine,NG,IC,2.5,2.5,,,2002,1
20910,Wolverine Power Supply Coop,1877,George Johnson,5,MI,MISO,Natural Gas Internal Combustion Engine,NG,IC,2.5,2.5,,,2002,1
20910,Wolverine Power Supply Coop,1877,George Johnson,6,MI,MISO,Natural Gas Internal Combustion Engine,NG,IC,2.5,2.5,,,2002,1
20910,Wolverine Power Supply Coop,1877,George Johnson,7,MI,MISO,Natural Gas Fired Combustion Turbine,NG,GT,11.0,10.5,,,2005,10
20910,Wolverine Power Supply Coop,1877,George Johnson,8,MI,MISO,Natural Gas Fired Combustion Turbine,NG,GT,11.0,10.5,,,2005,10
20910,Wolverine Power Supply Coop,1879,Scottville,4,MI,,Petroleum Liquids,DFO,IC,1.1,1.1,,,2002,1
20910,Wolverine Power Supply Coop,1879,Scottville,5,MI,,Petroleum Liquids,DFO,IC,1.1,1.1,,,2002,1
20910,Wolverine Power Supply Coop,1879,Scottville,6,MI,,Petroleum Liquids,DFO,IC,1.9,1.7,,,2002,1
20910,Wolverine Power Supply Coop,1880,Claude Vandyke,5,MI,MISO,Natural Gas Internal Combustion Engine,NG,IC,3.5,3.0,,,2003,3
20910,Wolverine Power Supply Coop,1880,Claude Vandyke,6,MI,MISO,Natural Gas Fired Combined Cycle,NG,CS,23.0,19.3,,,2019,6
20910,Wolverine Power Supply Coop,1881,Vestaburg,2,MI,MISO,Petroleum Liquids,DFO,IC,0.3,0.3,,,2007,2
20910,Wolverine Power Supply Coop,1881,Vestaburg,4,MI,MISO,Petroleum Liquids,DFO,IC,0.7,0.7,,,2007,2
20910,Wolverine Power Supply Coop,1881,Vestaburg,5,MI,MISO,Petroleum Liquids,DFO,IC,0.7,0.7,,,2007,2
20910,Wolverine Power Supply Coop,1881,Vestaburg,6,MI,MISO,Petroleum Liquids,DFO,IC,3.0,3.0,,,2017,6
20910,Wolverine Power Supply Coop,1881,Vestaburg,7,MI,MISO,Petroleum Liquids,DFO,IC,3.0,3.0,,,2017,6
9417,Interstate Power and Light Co,1888,Fox Lake,1,MN,MISO,Natural Gas Steam Turbine,NG,ST,11.5,12.5,,,2017,11
9417,Interstate Power and Light Co,1888,Fox Lake,2,MN,MISO,Natural Gas Steam Turbine,NG,ST,11.5,11.6,,,2010,11
9417,Interstate Power and Light Co,1888,Fox Lake,3,MN,MISO,Natural Gas Steam Turbine,NG,ST,81.6,79.6,,,2017,11
9417,Interstate Power and Light Co,1888,Fox Lake,4,MN,MISO,Petroleum Liquids,DFO,GT,28.8,18.8,,,2010,11
9417,Interstate Power and Light Co,1889,Hills,1,MN,MISO,Petroleum Liquids,DFO,IC,2.0,2.0,,,2015,7
9417,Interstate Power and Light Co,1889,Hills,2,MN,MISO,Petroleum Liquids,DFO,IC,2.0,2.0,,,2015,7
12647,"ALLETE, Inc.",1893,Clay Boswell,1,MN,MISO,Conventional Steam Coal,SUB,ST,75.0,67.3,,,2018,12
12647,"ALLETE, Inc.",1893,Clay Boswell,2,MN,MISO,Conventional Steam Coal,SUB,ST,75.0,67.4,,,2018,12
12647,"ALLETE, Inc.",1897,M L Hibbard,1,MN,MISO,Petroleum Liquids,RFO,ST,25.0,25.0,,,2003,12
12647,"ALLETE, Inc.",1897,M L Hibbard,2,MN,MISO,Petroleum Liquids,RFO,ST,25.0,25.0,,,2003,12
13781,Northern States Power Co - Minnesota,1904,Black Dog,1,MN,MISO,Conventional Steam Coal,SUB,ST,81.0,71.7,,,2002,6
13781,Northern States Power Co - Minnesota,1904,Black Dog,3,MN,MISO,Conventional Steam Coal,SUB,ST,113.6,79.0,,,2015,4
13781,Northern States Power Co - Minnesota,1904,Black Dog,4,MN,MISO,Conventional Steam Coal,SUB,ST,163.2,153.0,,,2015,4
13781,Northern States Power Co - Minnesota,1910,Granite City,1,MN,MISO,Natural Gas Fired Combustion Turbine,NG,GT,18.0,13.0,,,2019,6
13781,Northern States Power Co - Minnesota,1910,Granite City,2,MN,MISO,Natural Gas Fired Combustion Turbine,NG,GT,18.0,13.0,,,2019,6
13781,Northern States Power Co - Minnesota,1910,Granite City,3,MN,MISO,Natural Gas Fired Combustion Turbine,NG,GT,18.0,13.0,,,2019,6
13781,Northern States Power Co - Minnesota,1910,Granite City,4,MN,MISO,Natural Gas Fired Combustion Turbine,NG,GT,18.0,13.0,,,2019,6
13781,Northern States Power Co - Minnesota,1912,High Bridge,5,MN,MISO,Conventional Steam Coal,SUB,ST,113.6,99.0,,,2007,12
13781,Northern States Power Co - Minnesota,1912,High Bridge,6,MN,MISO,Conventional Steam Coal,SUB,ST,163.2,172.1,,,2007,12
13781,Northern States Power Co - Minnesota,1914,Key City,1,MN,MISO,Natural Gas Fired Combustion Turbine,NG,GT,18.0,8.0,,,2015,4
13781,Northern States Power Co - Minnesota,1914,Key City,2,MN,MISO,Natural Gas Fired Combustion Turbine,NG,GT,18.0,8.0,,,2015,4
13781,Northern States Power Co - Minnesota,1914,Key City,3,MN,MISO,Natural Gas Fired Combustion Turbine,NG,GT,18.0,13.0,,,2015,4
13781,Northern States Power Co - Minnesota,1914,Key City,4,MN,MISO,Natural Gas Fired Combustion Turbine,NG,GT,18.0,13.0,,,2015,4
13781,Northern States Power Co - Minnesota,1918,Minnesota Valley,3,MN,,Natural Gas Steam Turbine,NG,ST,46.0,46.9,,,2006,12
13781,Northern States Power Co - Minnesota,1927,Riverside (MN),8,MN,MISO,Conventional Steam Coal,SUB,ST,238.8,227.0,,,2009,4
13781,Northern States Power Co - Minnesota,1932,West Fairbault,2,MN,,Natural Gas Fired Combustion Turbine,NG,GT,16.2,15.9,,,2006,12
13781,Northern States Power Co - Minnesota,1932,West Fairbault,3,MN,,Natural Gas Fired Combustion Turbine,NG,GT,16.2,13.5,,,2006,12
14232,Otter Tail Power Co,1943,Hoot Lake,1,MN,MISO,Conventional Steam Coal,SUB,ST,7.5,7.7,,,2005,12
14232,Otter Tail Power Co,1943,Hoot Lake,2,MN,MISO,Conventional Steam Coal,SUB,ST,54.4,58.0,,,2021,6
14232,Otter Tail Power Co,1943,Hoot Lake,3,MN,MISO,Conventional Steam Coal,SUB,ST,75.0,80.0,,,2021,6
14232,Otter Tail Power Co,1943,Hoot Lake,D1,MN,MISO,Petroleum Liquids,DFO,IC,0.2,0.2,,,2021,6
14232,Otter Tail Power Co,1943,Hoot Lake,D2,MN,MISO,Petroleum Liquids,DFO,IC,0.1,0.1,,,2021,6
174,Aitkin Public Utilities Comm,1957,Aitkin,1,MN,,Petroleum Liquids,DFO,IC,0.1,0.9,,,2002,6
174,Aitkin Public Utilities Comm,1957,Aitkin,5,MN,,Petroleum Liquids,DFO,IC,0.8,0.7,,,2002,6
174,Aitkin Public Utilities Comm,1957,Aitkin,6,MN,,Petroleum Liquids,DFO,IC,1.2,1.0,,,2002,6
1009,City of Austin - (MN),1960,Austin Downtown,1,MN,MISO,Natural Gas Steam Turbine,NG,ST,5.0,5.3,,,2012,12
1009,City of Austin - (MN),1960,Austin Downtown,2,MN,MISO,Natural Gas Steam Turbine,NG,ST,3.5,3.5,,,2012,12
1009,City of Austin - (MN),1960,Austin Downtown,3,MN,MISO,Natural Gas Steam Turbine,NG,ST,7.5,8.8,,,2012,12
1009,City of Austin - (MN),1960,Austin Downtown,4,MN,MISO,Natural Gas Steam Turbine,NG,ST,11.5,12.2,,,2012,12
1009,City of Austin - (MN),1960,Austin Downtown,5,MN,MISO,Natural Gas Fired Combustion Turbine,NG,GT,6.0,5.4,,,2013,12
1009,City of Austin - (MN),1961,Austin Northeast,1,MN,MISO,Natural Gas Steam Turbine,NG,ST,31.9,28.0,,,2016,6
1573,City of Benson - (MN),1964,Benson City of,5,MN,MISO,Petroleum Liquids,DFO,IC,0.9,0.9,,,2013,5
1573,City of Benson - (MN),1964,Benson City of,6,MN,MISO,Petroleum Liquids,DFO,IC,1.3,1.2,,,2013,5
1871,City of Blooming Prairie - (MN),1966,Blooming Prairie,1,MN,MISO,Petroleum Liquids,DFO,IC,0.3,0.3,,,2017,5
1871,City of Blooming Prairie - (MN),1966,Blooming Prairie,2,MN,MISO,Petroleum Liquids,DFO,IC,0.7,0.7,,,2017,5
1871,City of Blooming Prairie - (MN),1966,Blooming Prairie,3,MN,MISO,Petroleum Liquids,DFO,IC,1.4,1.4,,,2005,7
5015,Delano Municipal Utilities (MN),1969,Delano,1,MN,MISO,Natural Gas Internal Combustion Engine,NG,IC,1.1,1.1,,,2020,3
5773,City of Elk River,1971,Elk River City of,1,MN,MISO,Petroleum Liquids,DFO,IC,0.5,0.5,,,2024,9
5773,City of Elk River,1971,Elk River City of,2,MN,MISO,Petroleum Liquids,DFO,IC,0.5,0.5,,,2024,9
5773,City of Elk River,1971,Elk River City of,3,MN,MISO,Petroleum Liquids,DFO,IC,3.0,3.0,,,2024,9
5773,City of Elk River,1971,Elk River City of,4,MN,MISO,Petroleum Liquids,DFO,IC,5.0,5.0,,,2024,9
5773,City of Elk River,1971,Elk River City of,5,MN,MISO,Landfill Gas,LFG,IC,0.8,0.8,,,2022,10
5773,City of Elk River,1971,Elk River City of,6,MN,MISO,Landfill Gas,LFG,IC,0.8,0.8,,,2022,10
5773,City of Elk River,1971,Elk River City of,7,MN,MISO,Landfill Gas,LFG,IC,0.8,0.8,,,2022,10
5773,City of Elk River,1971,Elk River City of,8,MN,MISO,Landfill Gas,LFG,IC,0.8,0.8,,,2022,10
6138,City of Fairfax - (MN),1972,Fairfax,1,MN,MISO,Petroleum Liquids,DFO,IC,0.9,0.9,,,2004,1
6138,City of Fairfax - (MN),1972,Fairfax,4,MN,MISO,Petroleum Liquids,DFO,IC,0.6,0.6,,,2004,1
40580,Southern Minnesota Mun P Agny,1973,Fairmont (MN),3,MN,MISO,Natural Gas Steam Turbine,NG,ST,5.0,4.9,,,2009,12
40580,Southern Minnesota Mun P Agny,1973,Fairmont (MN),4,MN,MISO,Natural Gas Steam Turbine,NG,ST,5.0,5.0,,,2009,12
40580,Southern Minnesota Mun P Agny,1973,Fairmont (MN),5,MN,MISO,Natural Gas Steam Turbine,NG,ST,12.5,7.8,,,2009,12
7292,Glencoe Light & Power Comm,1975,Glencoe,6,MN,MISO,Petroleum Liquids,DFO,IC,1.3,1.0,,,2013,5
7487,City of Grand Marais - (MN),1976,Grand Marais,2,MN,MISO,Petroleum Liquids,DFO,IC,0.6,0.6,,,2003,12
7487,City of Grand Marais - (MN),1976,Grand Marais,4,MN,MISO,Petroleum Liquids,DFO,IC,0.1,0.1,,,2003,12
7487,City of Grand Marais - (MN),1976,Grand Marais,5,MN,MISO,Petroleum Liquids,DFO,IC,1.1,1.1,,,2003,12
7487,City of Grand Marais - (MN),1976,Grand Marais,6,MN,MISO,Petroleum Liquids,DFO,IC,1.2,1.2,,,2003,12
8307,Hawley Public Utilities Comm,1978,Hawley,1,MN,,Petroleum Liquids,DFO,IC,0.1,0.1,,,2009,8
8307,Hawley Public Utilities Comm,1978,Hawley,2,MN,,Petroleum Liquids,DFO,IC,0.6,0.6,,,2009,8
8307,Hawley Public Utilities Comm,1978,Hawley,3,MN,,Petroleum Liquids,DFO,IC,0.1,0.1,,,2009,8
8307,Hawley Public Utilities Comm,1978,Hawley,4,MN,,Petroleum Liquids,DFO,IC,0.3,0.3,,,2009,8
8307,Hawley Public Utilities Comm,1978,Hawley,5,MN,,Petroleum Liquids,DFO,IC,0.3,0.3,,,2009,8
9130,Hutchinson Utilities Comm,1980,Hutchinson Plant #1,2,MN,MISO,Natural Gas Internal Combustion Engine,NG,IC,2.0,2.0,,,2017,12
9130,Hutchinson Utilities Comm,1980,Hutchinson Plant #1,3,MN,MISO,Natural Gas Internal Combustion Engine,NG,IC,4.5,3.9,,,2022,9
9130,Hutchinson Utilities Comm,1980,Hutchinson Plant #1,4,MN,MISO,Natural Gas Internal Combustion Engine,NG,IC,4.0,3.9,,,2020,9
9130,Hutchinson Utilities Comm,1980,Hutchinson Plant #1,5,MN,MISO,Petroleum Liquids,DFO,IC,2.1,1.7,,,2011,2
9130,Hutchinson Utilities Comm,1980,Hutchinson Plant #1,6,MN,MISO,Petroleum Liquids,DFO,IC,2.1,1.7,,,2011,2
9130,Hutchinson Utilities Comm,1980,Hutchinson Plant #1,7,MN,MISO,Natural Gas Internal Combustion Engine,NG,IC,5.0,4.5,,,2011,2
9130,Hutchinson Utilities Comm,1980,Hutchinson Plant #1,8,MN,MISO,Natural Gas Fired Combined Cycle,NG,CS,16.0,13.0,,,2019,9
10685,Lanesboro Public Utility Comm,1987,Lanesboro,3,MN,MISO,Petroleum Liquids,DFO,IC,1.0,0.8,,,2016,4
11332,City of Luverne - (MN),1990,Luverne,3,MN,SWPP,Natural Gas Steam Turbine,NG,ST,3.0,3.0,,,2002,1
11332,City of Luverne - (MN),1990,Luverne,4A,MN,SWPP,Petroleum Liquids,DFO,IC,0.3,0.3,,,2002,1
11332,City of Luverne - (MN),1990,Luverne,4B,MN,SWPP,Petroleum Liquids,DFO,IC,0.6,0.6,,,2004,9
12894,City of Moorhead - (MN),1995,Moorhead,6,MN,SWPP,Petroleum Liquids,DFO,GT,10.0,5.9,,,2011,7
12897,Moose Lake Water & Light Comm,1996,Moose Lake,2,MN,MISO,Petroleum Liquids,DFO,IC,1.1,1.1,,,2015,11
12897,Moose Lake Water & Light Comm,1996,Moose Lake,4,MN,MISO,Natural Gas Internal Combustion Engine,NG,IC,2.0,2.0,,,2019,1
13048,City of Mountain Lake - (MN),1998,Mountain Lake,2,MN,MISO,Natural Gas Internal Combustion Engine,NG,IC,1.1,0.9,,,2026,1
13048,City of Mountain Lake - (MN),1998,Mountain Lake,4,MN,MISO,Petroleum Liquids,DFO,IC,2.0,1.8,,,2023,1
13480,New Prague Utilities Comm,1999,New Prague,1,MN,MISO,Natural Gas Internal Combustion Engine,NG,IC,1.4,1.0,,,2009,1
13681,North Branch Water & Light Comm,2002,North Branch (MN),1,MN,MISO,Petroleum Liquids,DFO,IC,0.9,0.8,,,2010,12
13681,North Branch Water & Light Comm,2002,North Branch (MN),2,MN,MISO,Petroleum Liquids,DFO,IC,1.4,1.2,,,2010,12
14246,City of Owatonna - (MN),2003,Owatonna,5,MN,MISO,Natural Gas Steam Turbine,NG,ST,6.0,5.0,,,2009,1
14246,City of Owatonna - (MN),2003,Owatonna,6,MN,MISO,Natural Gas Steam Turbine,NG,ST,20.0,20.6,,,2011,10
15387,Princeton Public Utils Comm,2005,Princeton (MN),1,MN,MISO,Petroleum Liquids,DFO,IC,0.1,0.1,,,2002,12
15387,Princeton Public Utils Comm,2005,Princeton (MN),2,MN,MISO,Petroleum Liquids,DFO,IC,0.1,0.1,,,2002,12
16181,Rochester Public Utilities,2008,Silver Lake,1,MN,MISO,Conventional Steam Coal,BIT,ST,8.0,6.6,,,2015,12
16181,Rochester Public Utilities,2008,Silver Lake,2,MN,MISO,Conventional Steam Coal,BIT,ST,12.0,7.0,,,2015,12
16181,Rochester Public Utilities,2008,Silver Lake,3,MN,MISO,Conventional Steam Coal,BIT,ST,25.0,20.0,,,2015,12
16181,Rochester Public Utilities,2008,Silver Lake,4,MN,MISO,Conventional Steam Coal,BIT,ST,54.0,46.4,,,2015,12
15793,Redwood Falls Public Util Comm,2009,Redwood Falls,1,MN,MISO,Conventional Hydroelectric,WAT,HY,0.5,0.3,,,2010,12
16285,City of Roseau - (MN),2010,Roseau,1,MN,,Petroleum Liquids,DFO,IC,1.3,1.3,,,2003,1
16285,City of Roseau - (MN),2010,Roseau,2,MN,,Petroleum Liquids,DFO,IC,1.1,1.1,,,2003,1
16285,City of Roseau - (MN),2010,Roseau,3,MN,,Petroleum Liquids,DFO,IC,0.5,0.5,,,2003,1
17320,Sleepy Eye Public Utility Comm,2011,Sleepy Eye,3,MN,MISO,Petroleum Liquids,DFO,IC,1.5,1.5,,,2010,6
17836,Springfield Public Utils Comm - (MN),2012,Springfield (MN),4,MN,MISO,Natural Gas Steam Turbine,NG,ST,4.0,3.7,,,2002,12
17824,Spring Valley Pub Utils Comm,2013,Spring Valley,1,MN,MISO,Petroleum Liquids,DFO,IC,0.8,0.8,,,2007,1
63000,City of Truman - (MN),2015,Truman,1,MN,MISO,Petroleum Liquids,DFO,IC,0.2,0.2,,,2017,1
63000,City of Truman - (MN),2015,Truman,2,MN,MISO,Petroleum Liquids,DFO,IC,0.2,0.2,,,2017,1
63000,City of Truman - (MN),2015,Truman,4,MN,MISO,Petroleum Liquids,DFO,IC,0.7,0.7,,,2017,1
63000,City of Truman - (MN),2015,Truman,5,MN,MISO,Petroleum Liquids,DFO,IC,0.8,0.8,,,2017,1
19321,City of Two Harbors- (MN),2016,Two Harbors,3,MN,,Petroleum Liquids,DFO,IC,2.0,1.9,,,2012,11
19883,City of Virginia - (MN),2018,Virginia,1A,MN,MISO,Conventional Steam Coal,SUB,ST,4.0,4.0,,,2006,8
19883,City of Virginia - (MN),2018,Virginia,5,MN,MISO,Natural Gas Steam Turbine,NG,ST,7.5,8.0,,,2022,1
19883,City of Virginia - (MN),2018,Virginia,6,MN,MISO,Natural Gas Steam Turbine,NG,ST,18.7,17.0,,,2022,1
20110,City of Warren - (MN),2019,Warren,1,MN,,Petroleum Liquids,DFO,IC,1.1,0.9,,,2006,7
20110,City of Warren - (MN),2019,Warren,2,MN,,Petroleum Liquids,DFO,IC,0.5,0.3,,,2006,7
20110,City of Warren - (MN),2019,Warren,3,MN,,Petroleum Liquids,DFO,IC,0.2,0.1,,,2006,7
20110,City of Warren - (MN),2019,Warren,4,MN,,Petroleum Liquids,DFO,IC,0.2,0.1,,,2006,7
29295,City of Wells - (MN),2020,Wells IC,3,MN,MISO,Petroleum Liquids,DFO,IC,1.1,1.1,,,2019,9
20430,City of Westbrook - (MN),2021,Westbrook,4,MN,MISO,Petroleum Liquids,DFO,IC,0.7,0.6,,,2002,9
20737,Willmar Municipal Utilities (MN),2022,Willmar,3,MN,MISO,Natural Gas Steam Turbine,NG,ST,18.0,16.8,,,2020,7
20737,Willmar Municipal Utilities (MN),2022,Willmar,ST1,MN,MISO,Conventional Steam Coal,SUB,ST,4.0,4.0,,,2006,12
20737,Willmar Municipal Utilities (MN),2022,Willmar,ST2,MN,MISO,Natural Gas Steam Turbine,NG,ST,8.0,6.5,,,2020,7
20737,Willmar Municipal Utilities (MN),2022,Willmar,WTG3,MN,MISO,Onshore Wind Turbine,WND,WT,2.0,2.0,,,2024,8
20737,Willmar Municipal Utilities (MN),2022,Willmar,WTG4,MN,MISO,Onshore Wind Turbine,WND,WT,2.0,2.0,,,2024,8
20806,City of Windom (MN),2023,Windom,GT1,MN,MISO,Petroleum Liquids,DFO,GT,3.0,2.5,,,2022,4
7570,Great River Energy,2039,Elk River,1,MN,MISO,Municipal Solid Waste,MSW,ST,11.5,8.9,,,2019,3
7570,Great River Energy,2039,Elk River,2,MN,MISO,Municipal Solid Waste,MSW,ST,11.5,9.0,,,2019,3
7570,Great River Energy,2039,Elk River,3,MN,MISO,Municipal Solid Waste,MSW,ST,25.0,16.9,,,2019,3
12686,Mississippi Power Co,2046,Eaton,1,MS,SOCO,Natural Gas Steam Turbine,NG,ST,25.9,24.5,,,2012,12
12686,Mississippi Power Co,2046,Eaton,2,MS,SOCO,Natural Gas Steam Turbine,NG,ST,25.9,24.5,,,2012,12
12686,Mississippi Power Co,2046,Eaton,3,MS,SOCO,Natural Gas Steam Turbine,NG,ST,25.9,24.6,,,2012,12
12686,Mississippi Power Co,2048,Sweatt,1,MS,SOCO,Natural Gas Steam Turbine,NG,ST,46.0,46.0,,,2016,7
12686,Mississippi Power Co,2048,Sweatt,2,MS,SOCO,Natural Gas Steam Turbine,NG,ST,49.0,46.0,,,2016,7
12686,Mississippi Power Co,2049,Jack Watson,1,MS,SOCO,Natural Gas Steam Turbine,NG,ST,93.8,76.0,,,2015,7
12686,Mississippi Power Co,2049,Jack Watson,2,MS,SOCO,Natural Gas Steam Turbine,NG,ST,93.8,76.0,,,2015,7
12686,Mississippi Power Co,2049,Jack Watson,3,MS,SOCO,Natural Gas Steam Turbine,NG,ST,108.8,107.0,,,2018,3
12685,Entergy Mississippi LLC,2050,Baxter Wilson,1,MS,MISO,Natural Gas Steam Turbine,NG,ST,544.6,494.3,,,2023,3
12685,Entergy Mississippi LLC,2050,Baxter Wilson,2,MS,MISO,Natural Gas Steam Turbine,NG,ST,783.0,530.7,,,2018,6
12685,Entergy Mississippi LLC,2051,Delta (MS),1,MS,MISO,Natural Gas Steam Turbine,NG,ST,112.5,90.0,,,2012,12
12685,Entergy Mississippi LLC,2051,Delta (MS),2,MS,MISO,Natural Gas Steam Turbine,NG,ST,112.5,87.0,,,2012,12
12685,Entergy Mississippi LLC,2052,Natchez,1,MS,MISO,Natural Gas Steam Turbine,NG,ST,66.0,73.0,,,2011,6
12685,Entergy Mississippi LLC,2053,Rex Brown,1,MS,MISO,Natural Gas Steam Turbine,NG,ST,34.5,15.0,,,2011,6
12685,Entergy Mississippi LLC,2053,Rex Brown,3,MS,MISO,Natural Gas Steam Turbine,NG,ST,66.0,29.3,,,2018,6
12685,Entergy Mississippi LLC,2053,Rex Brown,4,MS,MISO,Natural Gas Steam Turbine,NG,ST,238.7,197.7,,,2019,6
12685,Entergy Mississippi LLC,2053,Rex Brown,GT1,MS,MISO,Petroleum Liquids,DFO,GT,10.0,10.3,,,2019,6
3702,Clarksdale Public Utilities,2060,Third Street,4,MS,MISO,Natural Gas Steam Turbine,NG,ST,4.0,4.0,,,2007,7
3702,Clarksdale Public Utilities,2060,Third Street,5,MS,MISO,Natural Gas Steam Turbine,NG,ST,9.0,8.0,,,2007,7
7651,Greenwood Utilities Comm,2062,Henderson,1,MS,MISO,Natural Gas Steam Turbine,NG,ST,12.6,11.0,,,2018,6
7651,Greenwood Utilities Comm,2062,Henderson,3,MS,MISO,Natural Gas Steam Turbine,NG,ST,20.0,17.9,,,2018,6
7651,Greenwood Utilities Comm,2062,Henderson,H10,MS,MISO,Natural Gas Internal Combustion Engine,NG,IC,1.3,1.3,,,2018,6
7651,Greenwood Utilities Comm,2062,Henderson,H11,MS,MISO,Natural Gas Internal Combustion Engine,NG,IC,1.3,1.3,,,2018,6
7651,Greenwood Utilities Comm,2062,Henderson,H2,MS,MISO,Natural Gas Fired Combustion Turbine,NG,GT,13.5,13.0,,,2018,6
7651,Greenwood Utilities Comm,2062,Henderson,H4,MS,MISO,Petroleum Liquids,DFO,IC,1.8,1.8,,,2018,6
7651,Greenwood Utilities Comm,2062,Henderson,H5,MS,MISO,Petroleum Liquids,DFO,IC,1.8,1.8,,,2018,6
7651,Greenwood Utilities Comm,2062,Henderson,H6,MS,MISO,Petroleum Liquids,DFO,IC,1.8,1.8,,,2018,6
7651,Greenwood Utilities Comm,2062,Henderson,H7,MS,MISO,Petroleum Liquids,DFO,IC,1.8,1.8,,,2018,6
7651,Greenwood Utilities Comm,2062,Henderson,H8,MS,MISO,Petroleum Liquids,DFO,IC,1.8,1.8,,,2018,6
7651,Greenwood Utilities Comm,2062,Henderson,H9,MS,MISO,Natural Gas Internal Combustion Engine,NG,IC,1.3,1.3,,,2018,6
7651,Greenwood Utilities Comm,2063,Wright,W1,MS,MISO,Natural Gas Steam Turbine,NG,ST,7.5,8.3,,,2014,1
7651,Greenwood Utilities Comm,2063,Wright,W2,MS,MISO,Natural Gas Steam Turbine,NG,ST,5.0,5.3,,,2014,1
7651,Greenwood Utilities Comm,2063,Wright,W3,MS,MISO,Natural Gas Steam Turbine,NG,ST,5.0,5.3,,,2014,1
21095,Public Serv Comm of Yazoo City -(MS),2067,Yazoo,2,MS,MISO,Natural Gas Fired Combined Cycle,NG,CA,5.0,5.6,,,2021,12
21095,Public Serv Comm of Yazoo City -(MS),2067,Yazoo,3,MS,MISO,Natural Gas Fired Combined Cycle,NG,CA,12.6,13.0,,,2021,12
21095,Public Serv Comm of Yazoo City -(MS),2067,Yazoo,GT1,MS,MISO,Natural Gas Fired Combined Cycle,NG,CT,16.5,14.7,,,2021,12
17568,Cooperative Energy,2068,Benndale,1,MS,MISO,Natural Gas Fired Combustion Turbine,NG,GT,16.2,14.0,,,2018,3
17568,Cooperative Energy,2071,Paulding,1,MS,MISO,Petroleum Liquids,DFO,GT,20.0,16.0,,,2017,8
5860,Empire District Electric Co,2076,Asbury,1,MO,SWPP,Conventional Steam Coal,SUB,ST,212.8,198.0,,,2020,3
5860,Empire District Electric Co,2076,Asbury,2,MO,SWPP,Conventional Steam Coal,SUB,ST,18.7,14.5,,,2013,12
10000,Evergy Metro,2078,Grand Avenue,7,MO,SWPP,Natural Gas Steam Turbine,NG,ST,43.0,0.0,,,2003,12
10000,Evergy Metro,2078,Grand Avenue,9,MO,SWPP,Natural Gas Steam Turbine,NG,ST,40.2,0.0,,,2003,12
10000,Evergy Metro,2080,Montrose,1,MO,SWPP,Conventional Steam Coal,SUB,ST,188.0,170.0,,,2016,4
10000,Evergy Metro,2080,Montrose,2,MO,SWPP,Conventional Steam Coal,SUB,ST,188.0,164.0,,,2018,12
10000,Evergy Metro,2080,Montrose,3,MO,SWPP,Conventional Steam Coal,SUB,ST,188.0,170.0,,,2018,12
19436,Union Electric Co - (MO),2083,Kirksville,1,MO,MISO,Natural Gas Fired Combustion Turbine,NG,GT,15.0,13.0,,,2018,1
12698,Evergy Missouri West,2094,Sibley,1,MO,SWPP,Conventional Steam Coal,SUB,ST,55.0,42.2,,,2017,6
12698,Evergy Missouri West,2094,Sibley,2,MO,SWPP,Conventional Steam Coal,SUB,ST,50.0,42.1,,,2018,12
12698,Evergy Missouri West,2094,Sibley,3,MO,SWPP,Conventional Steam Coal,SUB,ST,419.0,364.1,,,2018,12
19436,Union Electric Co - (MO),2096,Viaduct,1,MO,MISO,Natural Gas Fired Combustion Turbine,NG,GT,30.6,25.0,,,2011,9
19436,Union Electric Co - (MO),2102,Howard Bend,1,MO,MISO,Petroleum Liquids,DFO,GT,47.4,39.0,,,2015,2
19436,Union Electric Co - (MO),2104,Meramec,1,MO,MISO,Natural Gas Steam Turbine,NG,ST,137.5,113.0,,,2022,12
19436,Union Electric Co - (MO),2104,Meramec,2,MO,MISO,Natural Gas Steam Turbine,NG,ST,137.5,113.0,,,2022,12
19436,Union Electric Co - (MO),2104,Meramec,3,MO,MISO,Conventional Steam Coal,SUB,ST,289.0,220.0,,,2022,12
19436,Union Electric Co - (MO),2104,Meramec,4,MO,MISO,Conventional Steam Coal,SUB,ST,359.0,290.0,,,2022,12
19436,Union Electric Co - (MO),2104,Meramec,GT1,MO,MISO,Petroleum Liquids,DFO,GT,62.0,54.0,,,2022,12
19436,Union Electric Co - (MO),2104,Meramec,GT2,MO,MISO,Natural Gas Fired Combustion Turbine,NG,GT,56.0,45.0,,,2022,12
228,City of Albany - (MO),2113,Albany,1,MO,AECI,Petroleum Liquids,DFO,IC,2.1,2.1,,,2019,7
228,City of Albany - (MO),2113,Albany,2,MO,AECI,Petroleum Liquids,DFO,IC,1.0,1.0,,,2019,7
228,City of Albany - (MO),2113,Albany,3,MO,AECI,Petroleum Liquids,DFO,IC,0.7,0.6,,,2019,7
228,City of Albany - (MO),2113,Albany,IC5,MO,AECI,Petroleum Liquids,DFO,IC,1.2,1.2,,,2019,7
228,City of Albany - (MO),2113,Albany,IC6,MO,AECI,Petroleum Liquids,DFO,IC,1.2,1.2,,,2019,7
1647,City of Bethany - (MO),2114,Bethany,2,MO,MPS,Petroleum Liquids,DFO,IC,0.8,0.8,,,2008,1
1647,City of Bethany - (MO),2114,Bethany,4,MO,MPS,Petroleum Liquids,DFO,IC,1.8,1.4,,,2012,10
1647,City of Bethany - (MO),2114,Bethany,5,MO,MPS,Petroleum Liquids,DFO,IC,1.8,1.7,,,2012,10
1647,City of Bethany - (MO),2114,Bethany,6,MO,MPS,Petroleum Liquids,DFO,IC,0.9,0.9,,,2012,10
1647,City of Bethany - (MO),2114,Bethany,7,MO,MPS,Petroleum Liquids,DFO,IC,1.1,1.0,,,2012,10
1647,City of Bethany - (MO),2114,Bethany,8,MO,MPS,Petroleum Liquids,DFO,IC,1.6,1.0,,,2006,3
2647,City of Butler - (MO),2115,Butler Municipal Power Plant,3,MO,SWPP,Petroleum Liquids,DFO,IC,0.8,0.6,,,2015,6
2647,City of Butler - (MO),2115,Butler Municipal Power Plant,4,MO,SWPP,Petroleum Liquids,DFO,IC,1.4,1.0,,,2020,7
2930,City of Campbell- (MO),2118,Campbell City,2,MO,,Petroleum Liquids,DFO,IC,0.5,0.5,,,2005,11
2930,City of Campbell- (MO),2118,Campbell City,3,MO,,Petroleum Liquids,DFO,IC,1.1,1.1,,,2009,10
2930,City of Campbell- (MO),2118,Campbell City,4,MO,,Petroleum Liquids,DFO,IC,0.3,0.3,,,2005,11
2930,City of Campbell- (MO),2118,Campbell City,5,MO,,Petroleum Liquids,DFO,IC,1.3,1.3,,,2009,10
2930,City of Campbell- (MO),2118,Campbell City,6,MO,,Petroleum Liquids,DFO,IC,1.6,1.5,,,2009,10
2930,City of Campbell- (MO),2118,Campbell City,7,MO,,Petroleum Liquids,DFO,IC,1.7,1.5,,,2009,10
2930,City of Campbell- (MO),2118,Campbell City,8,MO,,Petroleum Liquids,DFO,IC,1.8,1.8,,,2009,10
3082,Carrollton Board of Public Wks,2120,Carrollton,4,MO,SWPP,Natural Gas Internal Combustion Engine,NG,IC,0.8,0.7,,,2005,7
3082,Carrollton Board of Public Wks,2120,Carrollton,5,MO,SWPP,Natural Gas Internal Combustion Engine,NG,IC,0.9,0.8,,,2005,7
3082,Carrollton Board of Public Wks,2120,Carrollton,6,MO,SWPP,Natural Gas Internal Combustion Engine,NG,IC,1.1,1.0,,,2005,8
3486,Chillicothe Municipal Utils (MO),2122,Chillicothe,4A,MO,SWPP,Conventional Steam Coal,BIT,ST,2.5,2.5,,,2004,3
3486,Chillicothe Municipal Utils (MO),2122,Chillicothe,5,MO,SWPP,Conventional Steam Coal,BIT,ST,5.0,5.0,,,2004,3
3486,Chillicothe Municipal Utils (MO),2122,Chillicothe,6,MO,SWPP,Conventional Steam Coal,BIT,ST,6.0,6.0,,,2004,3
4045,City of Columbia - (MO),2123,Columbia (MO),5,MO,MISO,Conventional Steam Coal,BIT,ST,16.5,16.5,,,2016,4
4045,City of Columbia - (MO),2123,Columbia (MO),7,MO,MISO,Conventional Steam Coal,BIT,ST,22.0,22.0,,,2019,12
6839,City of Fulton - (MO),2126,Fulton (MO),IC2,MO,AECI,Petroleum Liquids,DFO,IC,5.0,4.1,,,2012,5
9231,City of Independence - (MO),2132,Blue Valley,2,MO,SWPP,Natural Gas Steam Turbine,NG,ST,25.0,21.0,,,2020,6
9231,City of Independence - (MO),2132,Blue Valley,3,MO,SWPP,Natural Gas Steam Turbine,NG,ST,65.0,51.0,,,2020,6
9231,City of Independence - (MO),2132,Blue Valley,GT1,MO,SWPP,Natural Gas Fired Combustion Turbine,NG,GT,61.0,50.0,,,2014,2
9231,City of Independence - (MO),2132,Blue Valley,ST1,MO,SWPP,Natural Gas Steam Turbine,NG,ST,25.0,21.0,,,2020,6
9603,City of Jackson - (MO),2137,Jackson (MO),1,MO,MISO,Petroleum Liquids,DFO,IC,1.0,0.9,,,2006,1
9603,City of Jackson - (MO),2137,Jackson (MO),2,MO,MISO,Petroleum Liquids,DFO,IC,1.0,0.9,,,2006,1
10152,City of Kennett - (MO),2139,Kennett,1,MO,SWPP,Petroleum Liquids,DFO,IC,0.4,0.4,,,2019,12
10152,City of Kennett - (MO),2139,Kennett,2,MO,SWPP,Petroleum Liquids,DFO,IC,0.4,0.4,,,2019,12
10152,City of Kennett - (MO),2139,Kennett,3,MO,SWPP,Petroleum Liquids,DFO,IC,0.8,0.8,,,2019,12
10152,City of Kennett - (MO),2139,Kennett,4,MO,SWPP,Natural Gas Internal Combustion Engine,NG,IC,2.5,2.2,,,2019,12
10152,City of Kennett - (MO),2139,Kennett,5,MO,SWPP,Petroleum Liquids,DFO,IC,1.4,1.3,,,2019,12
10152,City of Kennett - (MO),2139,Kennett,6,MO,SWPP,Natural Gas Internal Combustion Engine,NG,IC,2.0,1.8,,,2019,12
10152,City of Kennett - (MO),2139,Kennett,7,MO,SWPP,Natural Gas Internal Combustion Engine,NG,IC,2.5,2.2,,,2019,12
10152,City of Kennett - (MO),2139,Kennett,8,MO,SWPP,Natural Gas Internal Combustion Engine,NG,IC,3.1,2.8,,,2019,12
10538,City of La Plata - (MO),2140,La Plata,5,MO,SWPP,Petroleum Liquids,DFO,IC,0.9,0.8,,,2002,12
10538,City of La Plata - (MO),2140,La Plata,6,MO,SWPP,Petroleum Liquids,DFO,IC,1.0,0.9,,,2009,2
10538,City of La Plata - (MO),2140,La Plata,7,MO,SWPP,Petroleum Liquids,DFO,IC,1.0,0.9,,,2009,2
10538,City of La Plata - (MO),2140,La Plata,8,MO,SWPP,Petroleum Liquids,DFO,IC,1.0,0.9,,,2012,3
10538,City of La Plata - (MO),2140,La Plata,9,MO,SWPP,Petroleum Liquids,DFO,IC,1.0,0.9,,,2012,3
11460,City of Macon - (MO),2141,Macon,1,MO,AECI,Petroleum Liquids,DFO,IC,5.2,4.8,,,2012,7
11460,City of Macon - (MO),2141,Macon,3,MO,AECI,Petroleum Liquids,DFO,IC,5.0,4.6,,,2018,4
11540,City of Malden - (MO),2142,Malden,1,MO,SWPP,Petroleum Liquids,DFO,IC,1.4,1.2,,,2013,2
11732,City of Marshall - (MO),2144,Marshall (MO),3,MO,SWPP,Natural Gas Steam Turbine,NG,ST,4.0,3.9,,,2014,7
11732,City of Marshall - (MO),2144,Marshall (MO),4,MO,SWPP,Conventional Steam Coal,BIT,ST,6.0,5.8,,,2016,7
11732,City of Marshall - (MO),2144,Marshall (MO),5,MO,SWPP,Conventional Steam Coal,BIT,ST,16.5,16.0,,,2016,12
12802,City of Monroe City - (MO),2146,Monroe (MO),10,MO,AECI,Petroleum Liquids,DFO,IC,1.6,1.6,,,2020,1
12802,City of Monroe City - (MO),2146,Monroe (MO),11,MO,AECI,Petroleum Liquids,DFO,IC,1.8,1.8,,,2020,1
12802,City of Monroe City - (MO),2146,Monroe (MO),12,MO,AECI,Petroleum Liquids,DFO,IC,1.8,1.8,,,2020,1
12802,City of Monroe City - (MO),2146,Monroe (MO),2,MO,AECI,Petroleum Liquids,DFO,IC,1.3,1.3,,,2013,1
12802,City of Monroe City - (MO),2146,Monroe (MO),3,MO,AECI,Natural Gas Internal Combustion Engine,NG,IC,1.1,1.1,,,2013,1
12802,City of Monroe City - (MO),2146,Monroe (MO),4,MO,AECI,Natural Gas Internal Combustion Engine,NG,IC,1.1,1.1,,,2013,1
12802,City of Monroe City - (MO),2146,Monroe (MO),5,MO,AECI,Petroleum Liquids,DFO,IC,2.0,1.6,,,2020,1
12802,City of Monroe City - (MO),2146,Monroe (MO),6,MO,AECI,Natural Gas Internal Combustion Engine,NG,IC,2.0,2.0,,,2013,1
12802,City of Monroe City - (MO),2146,Monroe (MO),7,MO,AECI,Natural Gas Internal Combustion Engine,NG,IC,2.2,2.2,,,2013,1
12802,City of Monroe City - (MO),2146,Monroe (MO),8,MO,AECI,Petroleum Liquids,DFO,IC,1.6,1.6,,,2020,1
12802,City of Monroe City - (MO),2146,Monroe (MO),9,MO,AECI,Petroleum Liquids,DFO,IC,1.6,1.6,,,2020,1
13971,City of Odessa - (MO),2148,Odessa,2,MO,SWPP,Petroleum Liquids,DFO,IC,0.2,0.2,,,2011,3
13971,City of Odessa - (MO),2148,Odessa,3,MO,SWPP,Petroleum Liquids,DFO,IC,2.0,1.8,,,2015,4
13971,City of Odessa - (MO),2148,Odessa,5,MO,SWPP,Petroleum Liquids,DFO,IC,1.2,1.0,,,2008,1
13971,City of Odessa - (MO),2148,Odessa,6,MO,SWPP,Petroleum Liquids,DFO,IC,3.0,2.7,,,2015,4
13971,City of Odessa - (MO),2148,Odessa,IC4,MO,SWPP,Petroleum Liquids,DFO,IC,0.9,0.8,,,2015,4
14272,City of Owensville - (MO),2149,Owensville,3A,MO,,Petroleum Liquids,DFO,IC,1.8,1.8,,,2011,8
14272,City of Owensville - (MO),2149,Owensville,4A,MO,,Petroleum Liquids,DFO,IC,1.3,1.3,,,2011,8
14272,City of Owensville - (MO),2149,Owensville,4B,MO,,Petroleum Liquids,DFO,IC,1.8,1.8,,,2011,8
14272,City of Owensville - (MO),2149,Owensville,5,MO,,Petroleum Liquids,DFO,IC,1.3,1.3,,,2011,8
14272,City of Owensville - (MO),2149,Owensville,6,MO,,Petroleum Liquids,DFO,IC,1.8,1.8,,,2011,8
14272,City of Owensville - (MO),2149,Owensville,6A,MO,,Petroleum Liquids,DFO,IC,1.8,1.8,,,2011,8
14400,City of Palmyra - (MO),2150,Palmyra Municipal,2,MO,AECI,Petroleum Liquids,DFO,IC,0.5,0.4,,,2016,3
14400,City of Palmyra - (MO),2150,Palmyra Municipal,3,MO,AECI,Petroleum Liquids,DFO,IC,1.5,1.2,,,2016,3
14400,City of Palmyra - (MO),2150,Palmyra Municipal,4,MO,AECI,Petroleum Liquids,DFO,IC,0.8,0.7,,,2016,3
14400,City of Palmyra - (MO),2150,Palmyra Municipal,6,MO,AECI,Petroleum Liquids,DFO,IC,2.0,2.0,,,2016,3
14400,City of Palmyra - (MO),2150,Palmyra Municipal,IC7,MO,AECI,Petroleum Liquids,DFO,IC,2.0,1.7,,,2016,3
15943,City of Rich Hill - (MO),2154,Rich Hill,1,MO,,Petroleum Liquids,DFO,IC,0.2,0.1,,,2004,4
15943,City of Rich Hill - (MO),2154,Rich Hill,2,MO,,Petroleum Liquids,DFO,IC,0.2,0.1,,,2004,4
15943,City of Rich Hill - (MO),2154,Rich Hill,3,MO,,Petroleum Liquids,DFO,IC,0.2,0.1,,,2004,4
15943,City of Rich Hill - (MO),2154,Rich Hill,4,MO,,Petroleum Liquids,DFO,IC,0.5,0.1,,,2004,4
17177,City of Sikeston - (MO),2158,Coleman,IC1,MO,SPA,Petroleum Liquids,DFO,IC,2.0,2.0,,,2011,6
17177,City of Sikeston - (MO),2158,Coleman,IC2,MO,SPA,Petroleum Liquids,DFO,IC,2.3,2.3,,,2011,6
17833,City Utilities of Springfield - (MO),2161,James River Power Station,1,MO,SWPP,Conventional Steam Coal,SUB,ST,22.0,21.0,,,2017,12
17833,City Utilities of Springfield - (MO),2161,James River Power Station,2,MO,SWPP,Conventional Steam Coal,SUB,ST,22.0,21.0,,,2017,12
17833,City Utilities of Springfield - (MO),2161,James River Power Station,3,MO,SWPP,Conventional Steam Coal,SUB,ST,44.0,41.0,,,2017,12
17833,City Utilities of Springfield - (MO),2161,James River Power Station,4,MO,SWPP,Natural Gas Steam Turbine,NG,ST,60.0,56.0,,,2020,12
17833,City Utilities of Springfield - (MO),2161,James River Power Station,5,MO,SWPP,Natural Gas Steam Turbine,NG,ST,105.0,97.0,,,2020,12
17833,City Utilities of Springfield - (MO),2162,Main Street (MO),1,MO,MISO,Petroleum Liquids,DFO,GT,15.3,12.0,,,2010,10
19150,Trenton Municipal Utilities - (MO),2163,Trenton Diesel,1,MO,SWPP,Petroleum Liquids,DFO,IC,0.4,0.3,,,2013,4
19150,Trenton Municipal Utilities - (MO),2163,Trenton Diesel,2,MO,SWPP,Petroleum Liquids,DFO,IC,0.4,0.3,,,2013,4
19150,Trenton Municipal Utilities - (MO),2163,Trenton Diesel,4,MO,SWPP,Petroleum Liquids,DFO,IC,1.0,0.9,,,2011,9
19150,Trenton Municipal Utilities - (MO),2163,Trenton Diesel,5,MO,SWPP,Petroleum Liquids,DFO,IC,1.1,1.0,,,2011,7
19150,Trenton Municipal Utilities - (MO),2163,Trenton Diesel,6,MO,SWPP,Petroleum Liquids,DFO,IC,1.3,1.2,,,2010,10
19150,Trenton Municipal Utilities - (MO),2163,Trenton Diesel,7,MO,SWPP,Petroleum Liquids,DFO,IC,1.0,0.9,,,2010,8
19722,City of Vandalia - (MO),2165,Vandalia,1,MO,AECI,Petroleum Liquids,DFO,IC,1.2,1.0,,,2013,12
19722,City of Vandalia - (MO),2165,Vandalia,10,MO,AECI,Petroleum Liquids,DFO,IC,1.3,1.1,,,2013,12
19722,City of Vandalia - (MO),2165,Vandalia,11,MO,AECI,Petroleum Liquids,DFO,IC,1.0,1.0,,,2013,12
19722,City of Vandalia - (MO),2165,Vandalia,12,MO,AECI,Petroleum Liquids,DFO,IC,1.0,1.0,,,2013,12
19722,City of Vandalia - (MO),2165,Vandalia,4A,MO,AECI,Petroleum Liquids,DFO,IC,1.2,1.0,,,2013,12
19722,City of Vandalia - (MO),2165,Vandalia,5A,MO,AECI,Petroleum Liquids,DFO,IC,1.2,1.0,,,2013,12
19722,City of Vandalia - (MO),2165,Vandalia,8,MO,AECI,Petroleum Liquids,DFO,IC,1.0,0.8,,,2013,12
19722,City of Vandalia - (MO),2165,Vandalia,9,MO,AECI,Petroleum Liquids,DFO,IC,1.4,1.1,,,2013,12
3242,Central Electric Power Coop - (MO),2169,Chamois,1,MO,AECI,Conventional Steam Coal,BIT,ST,15.0,16.0,,,2015,12
3242,Central Electric Power Coop - (MO),2169,Chamois,2,MO,AECI,Conventional Steam Coal,SUB,ST,44.0,47.0,,,2015,12
9231,City of Independence - (MO),2171,Missouri City,1,MO,SWPP,Conventional Steam Coal,BIT,ST,23.0,19.0,,,2016,1
9231,City of Independence - (MO),2171,Missouri City,2,MO,SWPP,Conventional Steam Coal,BIT,ST,23.0,19.0,,,2016,1
13902,NorthWestern Energy (MT Hydro),2185,Hauser,HAU1,MT,NWMT,Conventional Hydroelectric,WAT,HY,2.8,2.8,,,2023,9
13902,NorthWestern Energy (MT Hydro),2185,Hauser,HAU2,MT,NWMT,Conventional Hydroelectric,WAT,HY,3.9,3.9,,,2019,12
13902,NorthWestern Energy (MT Hydro),2185,Hauser,HAU4,MT,NWMT,Conventional Hydroelectric,WAT,HY,2.8,3.0,,,2017,11
13902,NorthWestern Energy (MT Hydro),2185,Hauser,HAU5,MT,NWMT,Conventional Hydroelectric,WAT,HY,2.8,3.6,,,2021,4
13902,NorthWestern Energy (MT Hydro),2185,Hauser,HAU6,MT,NWMT,Conventional Hydroelectric,WAT,HY,3.0,3.0,,,2025,7
15298,Talen Montana LLC,2187,J E Corette Plant,1,MT,NWMT,Conventional Steam Coal,SUB,ST,172.8,130.0,,,2015,3
13902,NorthWestern Energy (MT Hydro),2190,Milltown,1,MT,NWMT,Conventional Hydroelectric,WAT,HY,0.6,2.6,,,2007,12
13902,NorthWestern Energy (MT Hydro),2190,Milltown,2,MT,NWMT,Conventional Hydroelectric,WAT,HY,0.6,,,,2007,12
13902,NorthWestern Energy (MT Hydro),2190,Milltown,3,MT,NWMT,Conventional Hydroelectric,WAT,HY,0.6,,,,2007,12
13902,NorthWestern Energy (MT Hydro),2190,Milltown,4,MT,NWMT,Conventional Hydroelectric,WAT,HY,0.6,,,,2007,12
13902,NorthWestern Energy (MT Hydro),2190,Milltown,5,MT,NWMT,Conventional Hydroelectric,WAT,HY,0.6,,,,2007,12
13902,NorthWestern Energy (MT Hydro),2193,Rainbow (MT),RAI1,MT,NWMT,Conventional Hydroelectric,WAT,HY,4.5,4.0,,,2013,4
13902,NorthWestern Energy (MT Hydro),2193,Rainbow (MT),RAI2,MT,NWMT,Conventional Hydroelectric,WAT,HY,4.5,4.0,,,2013,4
13902,NorthWestern Energy (MT Hydro),2193,Rainbow (MT),RAI3,MT,NWMT,Conventional Hydroelectric,WAT,HY,4.0,4.0,,,2013,4
13902,NorthWestern Energy (MT Hydro),2193,Rainbow (MT),RAI4,MT,NWMT,Conventional Hydroelectric,WAT,HY,4.0,4.0,,,2013,4
13902,NorthWestern Energy (MT Hydro),2193,Rainbow (MT),RAI5,MT,NWMT,Conventional Hydroelectric,WAT,HY,4.0,4.0,,,2013,4
13902,NorthWestern Energy (MT Hydro),2193,Rainbow (MT),RAI6,MT,NWMT,Conventional Hydroelectric,WAT,HY,4.0,4.0,,,2013,4
13902,NorthWestern Energy (MT Hydro),2193,Rainbow (MT),RAI7,MT,NWMT,Conventional Hydroelectric,WAT,HY,5.8,6.0,,,2013,4
13902,NorthWestern Energy (MT Hydro),2193,Rainbow (MT),RAI8,MT,NWMT,Conventional Hydroelectric,WAT,HY,5.8,6.0,,,2013,4
871,Village of Arnold - (NE),2216,Arnold,1,NE,SWPP,Petroleum Liquids,DFO,IC,0.5,0.5,,,2022,7
871,Village of Arnold - (NE),2216,Arnold,2A,NE,SWPP,Petroleum Liquids,DFO,IC,0.1,0.1,,,2022,7
871,Village of Arnold - (NE),2216,Arnold,3,NE,SWPP,Petroleum Liquids,DFO,IC,0.2,0.2,,,2022,7
871,Village of Arnold - (NE),2216,Arnold,4,NE,SWPP,Petroleum Liquids,DFO,IC,0.3,0.2,,,2022,7
1435,City of Beaver City - (NE),2217,Beaver City,1,NE,SWPP,Petroleum Liquids,DFO,IC,0.5,0.4,,,2025,1
1435,City of Beaver City - (NE),2217,Beaver City,2,NE,SWPP,Natural Gas Internal Combustion Engine,NG,IC,0.3,0.3,,,2025,1
1435,City of Beaver City - (NE),2217,Beaver City,3,NE,SWPP,Petroleum Liquids,DFO,IC,0.3,0.2,,,2025,1
1435,City of Beaver City - (NE),2217,Beaver City,4,NE,SWPP,Natural Gas Internal Combustion Engine,NG,IC,0.9,0.8,,,2025,1
1554,City of Benkelman - (NE),2218,Benkelman,2,NE,,Petroleum Liquids,DFO,IC,0.3,0.2,,,2007,12
2888,City of Cambridge - (NE),2223,Cambridge,1,NE,SWPP,Petroleum Liquids,DFO,IC,0.7,0.7,,,2005,3
2888,City of Cambridge - (NE),2223,Cambridge,2,NE,SWPP,Petroleum Liquids,DFO,IC,0.9,0.8,,,2005,3
2888,City of Cambridge - (NE),2223,Cambridge,3,NE,SWPP,Petroleum Liquids,DFO,IC,1.3,1.9,,,2005,3
2931,Village of Campbell - (NE),2225,Campbell Village,1,NE,SWPP,Petroleum Liquids,DFO,IC,0.1,0.1,,,2004,1
2931,Village of Campbell - (NE),2225,Campbell Village,2,NE,SWPP,Petroleum Liquids,DFO,IC,0.1,0.1,,,2004,1
2931,Village of Campbell - (NE),2225,Campbell Village,3,NE,SWPP,Petroleum Liquids,DFO,IC,0.1,0.1,,,2004,1
3373,City of Chappell - (NE),2230,Chappell,1,NE,SWPP,Petroleum Liquids,DFO,IC,0.2,0.1,,,2016,3
4527,City of Crete - (NE),2231,Crete,1,NE,SWPP,Petroleum Liquids,DFO,IC,0.4,0.4,,,2013,4
4527,City of Crete - (NE),2231,Crete,2,NE,SWPP,Natural Gas Internal Combustion Engine,NG,IC,1.3,1.3,,,2013,4
4527,City of Crete - (NE),2231,Crete,3,NE,SWPP,Natural Gas Internal Combustion Engine,NG,IC,0.9,0.8,,,2013,4
4527,City of Crete - (NE),2231,Crete,4,NE,SWPP,Natural Gas Internal Combustion Engine,NG,IC,1.1,1.0,,,2013,4
4527,City of Crete - (NE),2231,Crete,5,NE,SWPP,Natural Gas Internal Combustion Engine,NG,IC,2.5,2.4,,,2013,4
4527,City of Crete - (NE),2231,Crete,6,NE,SWPP,Natural Gas Internal Combustion Engine,NG,IC,3.3,3.3,,,2013,4
5097,City of Deshler - (NE),2234,Deshler,1A,NE,SWPP,Petroleum Liquids,DFO,IC,0.3,0.3,,,2018,3
5097,City of Deshler - (NE),2234,Deshler,2,NE,SWPP,Petroleum Liquids,DFO,IC,0.3,0.2,,,2018,3
6132,City of Fairbury,2236,Fairbury,1,NE,SWPP,Natural Gas Steam Turbine,NG,ST,4.0,3.8,,,2017,3
6132,City of Fairbury,2236,Fairbury,2,NE,SWPP,Natural Gas Steam Turbine,NG,ST,2.5,2.5,,,2017,3
6132,City of Fairbury,2236,Fairbury,4,NE,SWPP,Natural Gas Steam Turbine,NG,ST,12.5,12.5,,,2017,3
40606,City of Grand Island - (NE),2241,C W Burdick,1,NE,SWPP,Natural Gas Steam Turbine,NG,ST,18.7,16.5,,,2016,9
40606,City of Grand Island - (NE),2241,C W Burdick,2,NE,SWPP,Natural Gas Steam Turbine,NG,ST,24.9,22.0,,,2016,9
40606,City of Grand Island - (NE),2241,C W Burdick,3,NE,SWPP,Natural Gas Steam Turbine,NG,ST,54.4,54.0,,,2017,9
10260,City of Kimball - (NE),2248,Kimball,1,NE,SWPP,Petroleum Liquids,DFO,IC,1.0,0.7,,,2023,12
10260,City of Kimball - (NE),2248,Kimball,2,NE,SWPP,Petroleum Liquids,DFO,IC,1.0,0.7,,,2023,12
10260,City of Kimball - (NE),2248,Kimball,3,NE,SWPP,Petroleum Liquids,DFO,IC,1.3,1.0,,,2024,12
10260,City of Kimball - (NE),2248,Kimball,4,NE,SWPP,Petroleum Liquids,DFO,IC,1.3,1.0,,,2024,12
10260,City of Kimball - (NE),2248,Kimball,5,NE,SWPP,Petroleum Liquids,DFO,IC,1.1,0.6,,,2023,12
10260,City of Kimball - (NE),2248,Kimball,6,NE,SWPP,Petroleum Liquids,DFO,IC,3.9,3.6,,,2024,12
10760,City of Laurel - (NE),2249,Laurel,3,NE,SWPP,Natural Gas Internal Combustion Engine,NG,IC,0.6,0.5,,,2016,3
10760,City of Laurel - (NE),2249,Laurel,4,NE,SWPP,Natural Gas Internal Combustion Engine,NG,IC,0.4,0.3,,,2016,4
10760,City of Laurel - (NE),2249,Laurel,6,NE,SWPP,Natural Gas Internal Combustion Engine,NG,IC,0.2,0.2,,,2014,2
13337,Nebraska Public Power District,2278,Spencer Hydro,1,NE,SWPP,Conventional Hydroelectric,WAT,HY,0.8,0.0,,,2019,3
13337,Nebraska Public Power District,2278,Spencer Hydro,2,NE,SWPP,Conventional Hydroelectric,WAT,HY,1.6,0.0,,,2019,3
13090,Village of Mullen - (NE),2280,Mullen,3,NE,,Petroleum Liquids,DFO,IC,0.4,0.3,,,2011,1
13090,Village of Mullen - (NE),2280,Mullen,4,NE,,Petroleum Liquids,DFO,IC,0.6,0.6,,,2012,1
14127,Omaha Public Power District,2289,Fort Calhoun,1,NE,SWPP,Nuclear,NUC,ST,502.0,482.8,,,2016,10
13698,North Central Public Pwr Dist,2297,Plainview Muncipal Power,1,NE,SWPP,Petroleum Liquids,DFO,IC,1.1,1.1,,,2023,1
13698,North Central Public Pwr Dist,2297,Plainview Muncipal Power,3,NE,SWPP,Petroleum Liquids,DFO,IC,0.9,0.9,,,2023,1
13698,North Central Public Pwr Dist,2297,Plainview Muncipal Power,4,NE,SWPP,Petroleum Liquids,DFO,IC,1.2,1.2,,,2023,1
13698,North Central Public Pwr Dist,2297,Plainview Muncipal Power,5,NE,SWPP,Petroleum Liquids,DFO,IC,1.8,1.8,,,2023,1
15773,City of Red Cloud - (NE),2299,Red Cloud,1,NE,SWPP,Petroleum Liquids,DFO,IC,0.5,0.5,,,2002,2
17149,City of Sidney - (NE),2302,Sidney (NE),1,NE,SWPP,Natural Gas Internal Combustion Engine,NG,IC,1.2,1.0,,,2025,1
17149,City of Sidney - (NE),2302,Sidney (NE),2,NE,SWPP,Natural Gas Internal Combustion Engine,NG,IC,2.2,2.0,,,2013,5
17149,City of Sidney - (NE),2302,Sidney (NE),3,NE,SWPP,Petroleum Liquids,DFO,IC,0.8,0.6,,,2025,1
17149,City of Sidney - (NE),2302,Sidney (NE),4,NE,SWPP,Natural Gas Internal Combustion Engine,NG,IC,1.0,0.8,,,2013,1
17149,City of Sidney - (NE),2302,Sidney (NE),5,NE,SWPP,Natural Gas Internal Combustion Engine,NG,IC,3.1,2.5,,,2025,1
18230,City of Stuart - (NE),2305,Stuart (NE),2,NE,SWPP,Petroleum Liquids,DFO,IC,0.2,0.2,,,2023,1
18230,City of Stuart - (NE),2305,Stuart (NE),3,NE,SWPP,Petroleum Liquids,DFO,IC,0.2,0.2,,,2023,1
18350,Sutherland City of,2306,Sutherland IC,1,NE,NPPD,Petroleum Liquids,DFO,IC,0.5,0.5,,,2013,5
18350,Sutherland City of,2306,Sutherland IC,2,NE,NPPD,Petroleum Liquids,DFO,IC,0.9,0.9,,,2013,5
18350,Sutherland City of,2306,Sutherland IC,3,NE,NPPD,Petroleum Liquids,DFO,IC,0.2,0.1,,,2002,5
18350,Sutherland City of,2306,Sutherland IC,4,NE,NPPD,Petroleum Liquids,DFO,IC,1.4,1.4,,,2013,5
20397,City of West Point - (NE),2313,West Point Municipal,5,NE,SWPP,Natural Gas Internal Combustion Engine,NG,IC,4.1,4.1,,,2018,11
20880,City of Wisner (NE),2316,Wisner,1,NE,SWPP,Petroleum Liquids,DFO,IC,0.6,0.6,,,2010,1
20880,City of Wisner (NE),2316,Wisner,2,NE,SWPP,Petroleum Liquids,DFO,IC,0.4,0.4,,,2010,1
20880,City of Wisner (NE),2316,Wisner,3,NE,SWPP,Petroleum Liquids,DFO,IC,0.8,0.8,,,2025,6
13407,Nevada Power Co,2322,Clark (NVE),1,NV,NEVP,Natural Gas Steam Turbine,NG,ST,50.0,42.0,,,2005,9
13407,Nevada Power Co,2322,Clark (NVE),2,NV,NEVP,Natural Gas Steam Turbine,NG,ST,65.0,66.0,,,2005,9
13407,Nevada Power Co,2322,Clark (NVE),3,NV,NEVP,Natural Gas Steam Turbine,NG,ST,75.0,73.0,,,2005,9
13407,Nevada Power Co,2324,Reid Gardner,1,NV,NEVP,Conventional Steam Coal,BIT,ST,114.0,100.0,,,2014,12
13407,Nevada Power Co,2324,Reid Gardner,2,NV,NEVP,Conventional Steam Coal,BIT,ST,114.0,100.0,,,2014,12
13407,Nevada Power Co,2324,Reid Gardner,3,NV,NEVP,Conventional Steam Coal,BIT,ST,114.0,98.0,,,2014,12
13407,Nevada Power Co,2324,Reid Gardner,4,NV,NEVP,Conventional Steam Coal,BIT,ST,294.8,257.0,,,2017,3
13407,Nevada Power Co,2326,Sunrise,1,NV,NEVP,Natural Gas Steam Turbine,NG,ST,81.6,80.0,,,2011,12
13407,Nevada Power Co,2326,Sunrise,2,NV,NEVP,Natural Gas Fired Combustion Turbine,NG,GT,85.0,69.0,,,2011,12
17166,Sierra Pacific Power Co,2336,Tracy,GT1,NV,NEVP,Petroleum Liquids,DFO,GT,12.5,10.0,,,2010,12
17166,Sierra Pacific Power Co,2336,Tracy,GT2,NV,NEVP,Petroleum Liquids,DFO,GT,12.5,10.0,,,2010,12
17166,Sierra Pacific Power Co,2336,Tracy,ST1,NV,NEVP,Natural Gas Steam Turbine,NG,ST,50.0,53.0,,,2014,12
17166,Sierra Pacific Power Co,2336,Tracy,ST2,NV,NEVP,Natural Gas Steam Turbine,NG,ST,75.0,83.0,,,2014,12
17609,Southern California Edison Co,2341,Mohave,1,NV,CISO,Conventional Steam Coal,SUB,ST,818.1,790.0,,,2012,7
17609,Southern California Edison Co,2341,Mohave,2,NV,CISO,Conventional Steam Coal,SUB,ST,818.1,790.0,,,2012,7
61122,"Great River Hydro, LLC",2352,Vernon Dam,6,VT,ISNE,Conventional Hydroelectric,WAT,HY,4.5,3.6,,,2004,6
61122,"Great River Hydro, LLC",2352,Vernon Dam,7,VT,ISNE,Conventional Hydroelectric,WAT,HY,4.5,3.6,,,2004,6
62032,Granite Shore Power,2367,Schiller,4,NH,ISNE,Conventional Steam Coal,BIT,ST,50.0,47.5,,,2025,10
62032,Granite Shore Power,2367,Schiller,5,NH,ISNE,Wood/Wood Waste Biomass,WDS,ST,50.0,43.1,,,2025,10
62032,Granite Shore Power,2367,Schiller,6,NH,ISNE,Conventional Steam Coal,BIT,ST,50.0,47.9,,,2025,10
55768,RC Cape May Holdings LLC,2378,B L England,1,NJ,PJM,Conventional Steam Coal,BIT,ST,136.0,113.0,,,2014,5
55768,RC Cape May Holdings LLC,2378,B L England,2,NJ,PJM,Conventional Steam Coal,BIT,ST,163.2,146.0,,,2019,4
55768,RC Cape May Holdings LLC,2378,B L England,3,NJ,PJM,Petroleum Liquids,RFO,ST,176.4,146.0,,,2019,4
55768,RC Cape May Holdings LLC,2378,B L England,IC1,NJ,PJM,Petroleum Liquids,DFO,IC,2.0,2.0,,,2016,5
55768,RC Cape May Holdings LLC,2378,B L England,IC2,NJ,PJM,Petroleum Liquids,DFO,IC,2.0,2.0,,,2016,5
55768,RC Cape May Holdings LLC,2378,B L England,IC3,NJ,PJM,Petroleum Liquids,DFO,IC,2.0,2.0,,,2016,5
55768,RC Cape May Holdings LLC,2378,B L England,IC4,NJ,PJM,Petroleum Liquids,DFO,IC,2.0,2.0,,,2016,5
56606,Calpine New Jersey Generation LLC,2379,Carlls Corner,CA1,NJ,PJM,Natural Gas Fired Combustion Turbine,NG,GT,41.9,37.6,,,2024,6
56606,Calpine New Jersey Generation LLC,2379,Carlls Corner,CA2,NJ,PJM,Natural Gas Fired Combustion Turbine,NG,GT,41.9,39.2,,,2024,6
56606,Calpine New Jersey Generation LLC,2380,Cedar Station,CED1,NJ,PJM,Petroleum Liquids,KER,GT,46.0,42.7,,,2015,5
56606,Calpine New Jersey Generation LLC,2380,Cedar Station,CED2,NJ,PJM,Petroleum Liquids,KER,GT,21.2,22.7,,,2015,5
56606,Calpine New Jersey Generation LLC,2382,Middle Station,MID1,NJ,PJM,Petroleum Liquids,KER,GT,21.2,19.2,,,2015,5
56606,Calpine New Jersey Generation LLC,2382,Middle Station,MID2,NJ,PJM,Petroleum Liquids,KER,GT,21.2,19.4,,,2015,5
56606,Calpine New Jersey Generation LLC,2382,Middle Station,MID3,NJ,PJM,Petroleum Liquids,KER,GT,37.2,34.8,,,2015,5
56606,Calpine New Jersey Generation LLC,2383,Missouri Avenue,MISB,NJ,PJM,Petroleum Liquids,KER,GT,18.6,18.5,,,2015,5
56606,Calpine New Jersey Generation LLC,2383,Missouri Avenue,MISC,NJ,PJM,Petroleum Liquids,KER,GT,18.6,20.5,,,2015,5
56606,Calpine New Jersey Generation LLC,2383,Missouri Avenue,MISD,NJ,PJM,Petroleum Liquids,KER,GT,18.6,20.5,,,2015,5
56606,Calpine New Jersey Generation LLC,2384,Deepwater,1,NJ,PJM,Natural Gas Steam Turbine,NG,ST,81.6,78.9,,,2014,6
56606,Calpine New Jersey Generation LLC,2384,Deepwater,4,NJ,PJM,Petroleum Liquids,RFO,ST,53.0,54.0,,,2004,4
56606,Calpine New Jersey Generation LLC,2384,Deepwater,6,NJ,PJM,Natural Gas Steam Turbine,NG,ST,73.5,81.2,,,2014,6
56606,Calpine New Jersey Generation LLC,2384,Deepwater,GTA,NJ,PJM,Natural Gas Fired Combustion Turbine,NG,GT,18.6,19.0,,,2005,5
17235,"GenOn REMA, LLC",2385,Werner,GT1,NJ,PJM,Petroleum Liquids,DFO,GT,53.0,46.0,,,2015,5
17235,"GenOn REMA, LLC",2385,Werner,GT2,NJ,PJM,Petroleum Liquids,DFO,GT,53.0,46.0,,,2015,5
17235,"GenOn REMA, LLC",2385,Werner,GT3,NJ,PJM,Petroleum Liquids,DFO,GT,53.0,46.0,,,2015,5
17235,"GenOn REMA, LLC",2385,Werner,GT4,NJ,PJM,Petroleum Liquids,DFO,GT,53.0,46.0,,,2015,5
55951,Constellation Nuclear,2388,Oyster Creek,1,NJ,PJM,Nuclear,NUC,ST,550.0,607.7,,,2018,9
63034,"Sayreville Power, LLC",2390,Sayreville,4,NJ,PJM,Petroleum Liquids,DFO,ST,125.0,114.0,,,2004,2
63034,"Sayreville Power, LLC",2390,Sayreville,5,NJ,PJM,Natural Gas Steam Turbine,NG,ST,125.0,115.0,,,2004,2
63033,"Gilbert Power, LLC",2393,Gilbert,C1,NJ,PJM,Natural Gas Fired Combustion Turbine,NG,GT,24.0,20.0,,,2015,5
63033,"Gilbert Power, LLC",2393,Gilbert,C2,NJ,PJM,Natural Gas Fired Combustion Turbine,NG,GT,24.0,22.0,,,2015,5
63033,"Gilbert Power, LLC",2393,Gilbert,C3,NJ,PJM,Natural Gas Fired Combustion Turbine,NG,GT,24.0,22.0,,,2015,5
63033,"Gilbert Power, LLC",2393,Gilbert,C4,NJ,PJM,Natural Gas Fired Combustion Turbine,NG,GT,24.0,22.0,,,2015,5
15147,PSEG Fossil LLC,2397,PSEG Bayonne Generating Station,1,NJ,,Petroleum Liquids,KER,GT,21.2,20.0,,,2006,5
15147,PSEG Fossil LLC,2397,PSEG Bayonne Generating Station,2,NJ,,Petroleum Liquids,KER,GT,21.0,20.0,,,2006,5
67826,"Parkway Generation Operating, LLC",2398,Bergen Generating Station,3,NJ,PJM,Natural Gas Fired Combustion Turbine,NG,GT,18.6,21.0,,,2015,6
67826,"Parkway Generation Operating, LLC",2399,Burlington Generating Station,101,NJ,PJM,Natural Gas Fired Combined Cycle,NG,CT,44.8,49.0,,,2004,4
67826,"Parkway Generation Operating, LLC",2399,Burlington Generating Station,102,NJ,PJM,Natural Gas Fired Combined Cycle,NG,CT,44.8,49.0,,,2004,4
67826,"Parkway Generation Operating, LLC",2399,Burlington Generating Station,103,NJ,PJM,Natural Gas Fired Combined Cycle,NG,CT,44.8,49.0,,,2004,4
67826,"Parkway Generation Operating, LLC",2399,Burlington Generating Station,104,NJ,PJM,Natural Gas Fired Combined Cycle,NG,CT,44.8,49.0,,,2004,4
67826,"Parkway Generation Operating, LLC",2399,Burlington Generating Station,105,NJ,PJM,Natural Gas Fired Combined Cycle,NG,CA,44.9,49.0,,,2004,4
67826,"Parkway Generation Operating, LLC",2399,Burlington Generating Station,111,NJ,PJM,Petroleum Liquids,DFO,GT,41.8,46.0,,,2015,6
67826,"Parkway Generation Operating, LLC",2399,Burlington Generating Station,112,NJ,PJM,Petroleum Liquids,DFO,GT,41.8,46.0,,,2015,6
67826,"Parkway Generation Operating, LLC",2399,Burlington Generating Station,113,NJ,PJM,Petroleum Liquids,DFO,GT,41.8,46.0,,,2015,6
67826,"Parkway Generation Operating, LLC",2399,Burlington Generating Station,114,NJ,PJM,Petroleum Liquids,DFO,GT,41.8,46.0,,,2015,6
67826,"Parkway Generation Operating, LLC",2399,Burlington Generating Station,8,NJ,PJM,Petroleum Liquids,DFO,GT,18.5,22.0,,,2015,6
67826,"Parkway Generation Operating, LLC",2399,Burlington Generating Station,91,NJ,PJM,Petroleum Liquids,DFO,GT,41.8,46.6,,,2014,6
67826,"Parkway Generation Operating, LLC",2399,Burlington Generating Station,92,NJ,PJM,Petroleum Liquids,DFO,GT,41.8,47.3,,,2014,6
67826,"Parkway Generation Operating, LLC",2399,Burlington Generating Station,93,NJ,PJM,Petroleum Liquids,DFO,GT,41.8,46.8,,,2014,6
67826,"Parkway Generation Operating, LLC",2399,Burlington Generating Station,94,NJ,PJM,Petroleum Liquids,DFO,GT,41.8,46.0,,,2014,6
15147,PSEG Fossil LLC,2400,PSEG Edison Generating Station,11,NJ,PJM,Natural Gas Fired Combustion Turbine,NG,GT,41.8,43.0,,,2015,6
15147,PSEG Fossil LLC,2400,PSEG Edison Generating Station,12,NJ,PJM,Natural Gas Fired Combustion Turbine,NG,GT,41.8,43.0,,,2015,6
15147,PSEG Fossil LLC,2400,PSEG Edison Generating Station,13,NJ,PJM,Natural Gas Fired Combustion Turbine,NG,GT,41.8,43.0,,,2015,6
15147,PSEG Fossil LLC,2400,PSEG Edison Generating Station,14,NJ,PJM,Natural Gas Fired Combustion Turbine,NG,GT,41.8,43.0,,,2015,6
15147,PSEG Fossil LLC,2400,PSEG Edison Generating Station,21,NJ,PJM,Natural Gas Fired Combustion Turbine,NG,GT,41.8,43.0,,,2015,6
15147,PSEG Fossil LLC,2400,PSEG Edison Generating Station,22,NJ,PJM,Natural Gas Fired Combustion Turbine,NG,GT,41.8,43.0,,,2015,6
15147,PSEG Fossil LLC,2400,PSEG Edison Generating Station,23,NJ,PJM,Natural Gas Fired Combustion Turbine,NG,GT,41.8,43.0,,,2015,6
15147,PSEG Fossil LLC,2400,PSEG Edison Generating Station,24,NJ,PJM,Natural Gas Fired Combustion Turbine,NG,GT,41.8,43.0,,,2015,6
15147,PSEG Fossil LLC,2400,PSEG Edison Generating Station,31,NJ,PJM,Natural Gas Fired Combustion Turbine,NG,GT,41.8,43.0,,,2015,6
15147,PSEG Fossil LLC,2400,PSEG Edison Generating Station,32,NJ,PJM,Natural Gas Fired Combustion Turbine,NG,GT,41.8,43.0,,,2015,6
15147,PSEG Fossil LLC,2400,PSEG Edison Generating Station,33,NJ,PJM,Natural Gas Fired Combustion Turbine,NG,GT,41.8,43.0,,,2015,6
15147,PSEG Fossil LLC,2400,PSEG Edison Generating Station,34,NJ,PJM,Natural Gas Fired Combustion Turbine,NG,GT,41.8,43.0,,,2015,6
65387,Essex Generating Station,2401,PSEG Essex Generating Station,101,NJ,PJM,Natural Gas Fired Combustion Turbine,NG,GT,41.8,43.0,,,2015,6
65387,Essex Generating Station,2401,PSEG Essex Generating Station,102,NJ,PJM,Natural Gas Fired Combustion Turbine,NG,GT,41.8,43.0,,,2015,6
65387,Essex Generating Station,2401,PSEG Essex Generating Station,103,NJ,PJM,Natural Gas Fired Combustion Turbine,NG,GT,41.8,43.0,,,2015,6
65387,Essex Generating Station,2401,PSEG Essex Generating Station,104,NJ,PJM,Natural Gas Fired Combustion Turbine,NG,GT,41.8,43.0,,,2015,6
65387,Essex Generating Station,2401,PSEG Essex Generating Station,111,NJ,PJM,Natural Gas Fired Combustion Turbine,NG,GT,41.8,46.0,,,2015,6
65387,Essex Generating Station,2401,PSEG Essex Generating Station,112,NJ,PJM,Natural Gas Fired Combustion Turbine,NG,GT,41.8,46.0,,,2015,6
65387,Essex Generating Station,2401,PSEG Essex Generating Station,113,NJ,PJM,Natural Gas Fired Combustion Turbine,NG,GT,41.8,46.0,,,2015,6
65387,Essex Generating Station,2401,PSEG Essex Generating Station,114,NJ,PJM,Natural Gas Fired Combustion Turbine,NG,GT,41.8,46.0,,,2015,6
65387,Essex Generating Station,2401,PSEG Essex Generating Station,121,NJ,PJM,Natural Gas Fired Combustion Turbine,NG,GT,41.8,46.0,,,2015,5
65387,Essex Generating Station,2401,PSEG Essex Generating Station,122,NJ,PJM,Natural Gas Fired Combustion Turbine,NG,GT,41.8,46.0,,,2015,5
65387,Essex Generating Station,2401,PSEG Essex Generating Station,123,NJ,PJM,Natural Gas Fired Combustion Turbine,NG,GT,41.8,46.0,,,2015,5
65387,Essex Generating Station,2401,PSEG Essex Generating Station,124,NJ,PJM,Natural Gas Fired Combustion Turbine,NG,GT,41.8,46.0,,,2015,5
65387,Essex Generating Station,2401,PSEG Essex Generating Station,9,NJ,PJM,Natural Gas Fired Combustion Turbine,NG,GT,93.6,81.0,,,2022,6
15147,PSEG Fossil LLC,2403,PSEG Hudson Generating Station,1,NJ,PJM,Natural Gas Steam Turbine,NG,ST,454.7,182.8,,,2011,12
15147,PSEG Fossil LLC,2403,PSEG Hudson Generating Station,2,NJ,PJM,Natural Gas Steam Turbine,NG,ST,659.7,620.0,,,2017,6
15147,PSEG Fossil LLC,2403,PSEG Hudson Generating Station,3,NJ,PJM,Petroleum Liquids,KER,GT,115.2,129.0,,,2003,10
67826,"Parkway Generation Operating, LLC",2404,Kearny Generating Station,10,NJ,PJM,Natural Gas Fired Combustion Turbine,NG,GT,146.2,122.0,,,2012,6
67826,"Parkway Generation Operating, LLC",2404,Kearny Generating Station,11,NJ,PJM,Natural Gas Fired Combustion Turbine,NG,GT,146.2,128.0,,,2012,6
67826,"Parkway Generation Operating, LLC",2404,Kearny Generating Station,7,NJ,PJM,Petroleum Liquids,RFO,ST,147.0,150.0,,,2005,6
67826,"Parkway Generation Operating, LLC",2404,Kearny Generating Station,8,NJ,PJM,Petroleum Liquids,RFO,ST,147.0,150.0,,,2005,6
67826,"Parkway Generation Operating, LLC",2404,Kearny Generating Station,9,NJ,PJM,Natural Gas Fired Combustion Turbine,NG,GT,18.5,21.0,,,2014,8
65389,Linden Combined Cycle,2406,Linden Generating Station,1,NJ,PJM,Petroleum Liquids,RFO,ST,181.4,180.0,,,2006,5
65389,Linden Combined Cycle,2406,Linden Generating Station,2,NJ,PJM,Petroleum Liquids,RFO,ST,181.4,250.0,,,2006,5
65389,Linden Combined Cycle,2406,Linden Generating Station,3,NJ,PJM,Natural Gas Fired Combustion Turbine,NG,GT,18.5,0.0,,,2006,5
15147,PSEG Fossil LLC,2408,PSEG Mercer Generating Station,1,NJ,PJM,Conventional Steam Coal,BIT,ST,326.4,316.0,,,2017,6
15147,PSEG Fossil LLC,2408,PSEG Mercer Generating Station,2,NJ,PJM,Conventional Steam Coal,BIT,ST,326.4,316.0,,,2017,6
15147,PSEG Fossil LLC,2408,PSEG Mercer Generating Station,3,NJ,PJM,Petroleum Liquids,DFO,GT,115.2,115.0,,,2015,6
15147,PSEG Fossil LLC,2409,PSEG National Park Generating Station,1,NJ,PJM,Petroleum Liquids,KER,GT,18.5,21.0,,,2015,6
65391,Parkway Generation Sewaren Urban Renewal Entity LLC,2411,Sewaren,1,NJ,PJM,Natural Gas Steam Turbine,NG,ST,110.7,102.8,,,2018,5
65391,Parkway Generation Sewaren Urban Renewal Entity LLC,2411,Sewaren,2,NJ,PJM,Natural Gas Steam Turbine,NG,ST,107.5,118.0,,,2018,5
65391,Parkway Generation Sewaren Urban Renewal Entity LLC,2411,Sewaren,3,NJ,PJM,Natural Gas Steam Turbine,NG,ST,107.5,106.2,,,2018,5
65391,Parkway Generation Sewaren Urban Renewal Entity LLC,2411,Sewaren,4,NJ,PJM,Natural Gas Steam Turbine,NG,ST,126.5,123.6,,,2018,5
65391,Parkway Generation Sewaren Urban Renewal Entity LLC,2411,Sewaren,6,NJ,PJM,Petroleum Liquids,KER,GT,115.2,105.0,,,2015,6
19856,City of Vineland - (NJ),2434,Howard Down,10,NJ,PJM,Petroleum Liquids,RFO,ST,25.0,23.0,,,2012,9
19856,City of Vineland - (NJ),2434,Howard Down,5,NJ,PJM,Petroleum Liquids,RFO,ST,4.0,3.0,,,2008,12
19856,City of Vineland - (NJ),2434,Howard Down,6,NJ,PJM,Petroleum Liquids,RFO,ST,5.0,4.0,,,2008,12
19856,City of Vineland - (NJ),2434,Howard Down,7,NJ,PJM,Petroleum Liquids,RFO,ST,7.5,8.0,,,2008,12
19856,City of Vineland - (NJ),2434,Howard Down,8,NJ,PJM,Petroleum Liquids,RFO,ST,12.5,11.0,,,2009,6
19856,City of Vineland - (NJ),2434,Howard Down,9,NJ,PJM,Petroleum Liquids,RFO,ST,16.5,17.0,,,2010,6
803,Arizona Public Service Co,2442,Four Corners,1,NM,AZPS,Conventional Steam Coal,BIT,ST,190.0,170.0,,,2013,12
803,Arizona Public Service Co,2442,Four Corners,2,NM,AZPS,Conventional Steam Coal,BIT,ST,190.0,170.0,,,2013,12
803,Arizona Public Service Co,2442,Four Corners,3,NM,AZPS,Conventional Steam Coal,BIT,ST,253.4,220.0,,,2013,12
5701,El Paso Electric Co,2444,Rio Grande,6,NM,EPE,Natural Gas Steam Turbine,NG,ST,50.0,43.0,,,2025,9
15473,Public Service Co of NM,2447,Las Vegas,1,NM,PNM,Petroleum Liquids,DFO,GT,20.0,20.0,,,2011,4
15473,Public Service Co of NM,2451,San Juan,1,NM,PNM,Conventional Steam Coal,RC,ST,369.0,340.0,,,2022,6
15473,Public Service Co of NM,2451,San Juan,2,NM,PNM,Conventional Steam Coal,BIT,ST,369.0,340.0,,,2017,12
15473,Public Service Co of NM,2451,San Juan,3,NM,PNM,Conventional Steam Coal,BIT,ST,555.0,497.0,,,2017,12
15473,Public Service Co of NM,2451,San Juan,4,NM,PNM,Conventional Steam Coal,RC,ST,555.0,507.0,,,2022,9
17718,Southwestern Public Service Co,2453,Carlsbad,5,NM,SWPP,Natural Gas Fired Combustion Turbine,NG,GT,16.3,10.0,,,2017,12
17718,Southwestern Public Service Co,2454,Cunningham,1,NM,SWPP,Natural Gas Steam Turbine,NG,ST,75.0,71.0,,,2024,1
6204,City of Farmington - (NM),2465,Animas,1,NM,WACM,Natural Gas Fired Combined Cycle,NG,CA,3.0,3.0,,,2015,3
6204,City of Farmington - (NM),2465,Animas,2,NM,WACM,Natural Gas Fired Combined Cycle,NG,CA,3.0,3.0,,,2015,3
6204,City of Farmington - (NM),2465,Animas,3,NM,WACM,Natural Gas Steam Turbine,NG,ST,9.0,9.0,,,2012,11
6204,City of Farmington - (NM),2465,Animas,GT1,NM,WACM,Natural Gas Fired Combustion Turbine,NG,GT,18.6,17.0,,,2020,10
6204,City of Farmington - (NM),2465,Animas,HY1,NM,WACM,Conventional Hydroelectric,WAT,HY,0.2,0.2,,,2006,12
6204,City of Farmington - (NM),2465,Animas,ST4,NM,WACM,Natural Gas Steam Turbine,NG,ST,16.5,16.0,,,2012,11
15698,Raton Public Service Company,2468,Raton,5,NM,PSCO,Conventional Steam Coal,BIT,ST,7.5,6.9,,,2010,1
15698,Raton Public Service Company,2468,Raton,6,NM,PSCO,Natural Gas Internal Combustion Engine,NG,IC,8.0,7.3,,,2012,10
17718,Southwestern Public Service Co,2469,Tucumcari,3,NM,SWPP,Petroleum Liquids,DFO,IC,1.0,1.0,,,2010,12
17718,Southwestern Public Service Co,2469,Tucumcari,4,NM,SWPP,Petroleum Liquids,DFO,IC,2.2,2.0,,,2006,2
17718,Southwestern Public Service Co,2469,Tucumcari,5,NM,SWPP,Petroleum Liquids,DFO,IC,1.0,1.0,,,2006,2
17718,Southwestern Public Service Co,2469,Tucumcari,6,NM,SWPP,Petroleum Liquids,DFO,IC,4.1,3.0,,,2006,2
17718,Southwestern Public Service Co,2469,Tucumcari,8,NM,SWPP,Petroleum Liquids,DFO,IC,3.0,3.0,,,2006,2
17718,Southwestern Public Service Co,2469,Tucumcari,9,NM,SWPP,Petroleum Liquids,DFO,IC,4.8,5.0,,,2010,12
3249,Central Hudson Gas & Elec Corp,2485,South Cairo,GT1,NY,NYIS,Petroleum Liquids,KER,GT,21.3,0.0,,,2024,3
13192,"Arthur Kill Power, LLC",2490,Arthur Kill Generating Station,GT1,NY,NYIS,Natural Gas Fired Combustion Turbine,NG,GT,18.0,0.0,,,2025,5
15296,New York Power Authority,2491,Charles Poletti,6,NY,NYIS,Petroleum Liquids,RFO,ST,883.0,847.0,,,2010,2
4226,Consolidated Edison Co-NY Inc,2496,Hudson Avenue,10,NY,NYIS,Petroleum Liquids,RFO,ST,60.0,64.3,,,2004,10
4226,Consolidated Edison Co-NY Inc,2496,Hudson Avenue,4,NY,NYIS,Petroleum Liquids,KER,GT,16.3,13.5,,,2019,9
4226,Consolidated Edison Co-NY Inc,2496,Hudson Avenue,GT3,NY,NYIS,Petroleum Liquids,KER,GT,16.3,13.5,,,2022,11
4226,Consolidated Edison Co-NY Inc,2496,Hudson Avenue,GT5,NY,NYIS,Petroleum Liquids,KER,GT,16.3,14.1,,,2022,11
6027,Entergy Nuclear Indian Point 2,2497,Indian Point 2,2,NY,NYIS,Nuclear,NUC,ST,1299.0,1011.5,,,2020,4
61130,Ravenswood Operations LLC,2500,Ravenswood,GT1,NY,NYIS,Natural Gas Fired Combustion Turbine,NG,GT,16.0,8.1,,,2023,5
61130,Ravenswood Operations LLC,2500,Ravenswood,GT10,NY,NYIS,Natural Gas Fired Combustion Turbine,NG,GT,25.0,16.0,,,2023,5
61130,Ravenswood Operations LLC,2500,Ravenswood,GT11,NY,NYIS,Natural Gas Fired Combustion Turbine,NG,GT,25.0,16.4,,,2023,5
61130,Ravenswood Operations LLC,2500,Ravenswood,GT21,NY,NYIS,Natural Gas Fired Combustion Turbine,NG,GT,42.9,30.6,,,2021,12
61130,Ravenswood Operations LLC,2500,Ravenswood,GT22,NY,NYIS,Natural Gas Fired Combustion Turbine,NG,GT,42.9,32.0,,,2021,12
61130,Ravenswood Operations LLC,2500,Ravenswood,GT23,NY,NYIS,Natural Gas Fired Combustion Turbine,NG,GT,42.9,30.7,,,2021,12
61130,Ravenswood Operations LLC,2500,Ravenswood,GT24,NY,NYIS,Natural Gas Fired Combustion Turbine,NG,GT,42.9,30.9,,,2021,12
61130,Ravenswood Operations LLC,2500,Ravenswood,GT31,NY,NYIS,Natural Gas Fired Combustion Turbine,NG,GT,42.9,30.7,,,2021,12
61130,Ravenswood Operations LLC,2500,Ravenswood,GT32,NY,NYIS,Natural Gas Fired Combustion Turbine,NG,GT,42.9,29.7,,,2021,12
61130,Ravenswood Operations LLC,2500,Ravenswood,GT33,NY,NYIS,Natural Gas Fired Combustion Turbine,NG,GT,42.9,,,,2017,11
61130,Ravenswood Operations LLC,2500,Ravenswood,GT34,NY,NYIS,Natural Gas Fired Combustion Turbine,NG,GT,42.9,29.8,,,2021,12
61130,Ravenswood Operations LLC,2500,Ravenswood,GT4,NY,NYIS,Natural Gas Fired Combustion Turbine,NG,GT,21.1,12.9,,,2020,9
61130,Ravenswood Operations LLC,2500,Ravenswood,GT5,NY,NYIS,Natural Gas Fired Combustion Turbine,NG,GT,21.1,15.5,,,2020,9
61130,Ravenswood Operations LLC,2500,Ravenswood,GT6,NY,NYIS,Natural Gas Fired Combustion Turbine,NG,GT,22.0,12.6,,,2020,9
61130,Ravenswood Operations LLC,2500,Ravenswood,GT7,NY,NYIS,Natural Gas Fired Combustion Turbine,NG,GT,22.0,,,,2017,3
61130,Ravenswood Operations LLC,2500,Ravenswood,GT8,NY,NYIS,Natural Gas Fired Combustion Turbine,NG,GT,25.0,,,,2008,10
61130,Ravenswood Operations LLC,2500,Ravenswood,GT9,NY,NYIS,Natural Gas Fired Combustion Turbine,NG,GT,25.0,16.3,,,2020,9
4226,Consolidated Edison Co-NY Inc,2502,Waterside,6,NY,NYIS,Petroleum Liquids,RFO,ST,74.8,69.0,,,2005,4
4226,Consolidated Edison Co-NY Inc,2502,Waterside,8,NY,NYIS,Petroleum Liquids,RFO,ST,62.5,49.8,,,2005,4
4226,Consolidated Edison Co-NY Inc,2502,Waterside,9,NY,NYIS,Petroleum Liquids,RFO,ST,62.5,48.4,,,2005,4
56505,National Grid Generation LLC,2511,E F Barrett,7,NY,NYIS,Natural Gas Fired Combustion Turbine,NG,GT,18.0,0.0,,,2011,10
56505,National Grid Generation LLC,2513,Far Rockaway,4,NY,NYIS,Natural Gas Steam Turbine,NG,ST,100.0,,,,2012,7
56505,National Grid Generation LLC,2514,Glenwood,4,NY,NYIS,Natural Gas Steam Turbine,NG,ST,114.0,,,,2012,7
56505,National Grid Generation LLC,2514,Glenwood,5,NY,NYIS,Natural Gas Steam Turbine,NG,ST,114.0,,,,2012,7
56505,National Grid Generation LLC,2515,Montauk,2,NY,NYIS,Petroleum Liquids,DFO,IC,2.0,,,,2013,5
56505,National Grid Generation LLC,2515,Montauk,3,NY,NYIS,Petroleum Liquids,DFO,IC,2.0,,,,2013,5
56505,National Grid Generation LLC,2515,Montauk,4,NY,NYIS,Petroleum Liquids,DFO,IC,2.0,,,,2013,5
22146,"GMMM Holdings 1, LLC",2526,GMMM Westover,7,NY,NYIS,Conventional Steam Coal,BIT,ST,43.8,43.7,,,2009,12
22146,"GMMM Holdings 1, LLC",2526,GMMM Westover,8,NY,NYIS,Conventional Steam Coal,BIT,ST,75.0,84.0,,,2011,3
25,Greenidge Generation Holdings LLC,2527,Greenidge Generation LLC,3,NY,NYIS,Conventional Steam Coal,BIT,ST,50.0,52.0,,,2009,12
39,AES Hickling LLC,2529,AES Hickling LLC,1,NY,,Conventional Steam Coal,BIT,ST,30.0,30.0,,,2008,5
39,AES Hickling LLC,2529,AES Hickling LLC,2,NY,,Conventional Steam Coal,BIT,ST,40.0,40.0,,,2008,5
22122,AES Jennison LLC,2531,AES Jennison LLC,1,NY,,Conventional Steam Coal,BIT,ST,30.0,30.0,,,2008,1
22122,AES Jennison LLC,2531,AES Jennison LLC,2,NY,,Conventional Steam Coal,BIT,ST,30.0,30.0,,,2008,1
13511,New York State Elec & Gas Corp,2533,Keuka,1,NY,NYIS,Conventional Hydroelectric,WAT,HY,2.0,1.9,,,2006,11
22125,"Cayuga Operating Company, LLC",2535,Cayuga Operating Company,1,NY,NYIS,Conventional Steam Coal,BIT,ST,155.3,151.0,,,2019,10
22125,"Cayuga Operating Company, LLC",2535,Cayuga Operating Company,2,NY,NYIS,Conventional Steam Coal,BIT,ST,167.2,139.6,,,2019,10
65417,GB II New York LLC,2539,Bethlehem Energy Center,1,NY,NYIS,Natural Gas Steam Turbine,NG,ST,100.0,90.0,,,2005,12
65417,GB II New York LLC,2539,Bethlehem Energy Center,2,NY,NYIS,Natural Gas Steam Turbine,NG,ST,100.0,90.0,,,2005,12
65417,GB II New York LLC,2539,Bethlehem Energy Center,3,NY,NYIS,Natural Gas Steam Turbine,NG,ST,100.0,91.0,,,2005,12
65417,GB II New York LLC,2539,Bethlehem Energy Center,4,NY,NYIS,Natural Gas Steam Turbine,NG,ST,100.0,94.0,,,2005,12
13168,NRG Huntley Operations Inc,2549,C R Huntley Generating Station,63,NY,NYIS,Conventional Steam Coal,BIT,ST,80.0,80.0,,,2006,4
13168,NRG Huntley Operations Inc,2549,C R Huntley Generating Station,64,NY,NYIS,Conventional Steam Coal,BIT,ST,100.0,100.0,,,2006,4
13168,NRG Huntley Operations Inc,2549,C R Huntley Generating Station,65,NY,NYIS,Conventional Steam Coal,BIT,ST,100.0,100.0,,,2007,6
13168,NRG Huntley Operations Inc,2549,C R Huntley Generating Station,66,NY,NYIS,Conventional Steam Coal,BIT,ST,100.0,100.0,,,2007,6
13168,NRG Huntley Operations Inc,2549,C R Huntley Generating Station,67,NY,NYIS,Conventional Steam Coal,SUB,ST,200.0,190.0,,,2016,3
13168,NRG Huntley Operations Inc,2549,C R Huntley Generating Station,S68,NY,NYIS,Conventional Steam Coal,SUB,ST,200.0,190.0,,,2016,3
13579,Dunkirk Power LLC,2554,Dunkirk Generating Plant,1,NY,NYIS,Conventional Steam Coal,SUB,ST,96.0,75.0,,,2022,4
13579,Dunkirk Power LLC,2554,Dunkirk Generating Plant,2,NY,NYIS,Conventional Steam Coal,SUB,ST,96.0,75.0,,,2019,1
13579,Dunkirk Power LLC,2554,Dunkirk Generating Plant,3,NY,NYIS,Conventional Steam Coal,SUB,ST,217.6,185.0,,,2022,4
13579,Dunkirk Power LLC,2554,Dunkirk Generating Plant,ST4,NY,NYIS,Conventional Steam Coal,SUB,ST,217.6,185.0,,,2022,4
5914,Erie Boulevard Hydropower LP,2576,Higley,1,NY,NYIS,Conventional Hydroelectric,WAT,HY,2.0,2.0,,,2003,9
5914,Erie Boulevard Hydropower LP,2576,Higley,2,NY,NYIS,Conventional Hydroelectric,WAT,HY,2.0,2.0,,,2003,9
5914,Erie Boulevard Hydropower LP,2576,Higley,3,NY,NYIS,Conventional Hydroelectric,WAT,HY,2.0,2.0,,,2003,9
13573,Niagara Mohawk Power Corp.,2584,Mechanicville,1,NY,,Conventional Hydroelectric,WAT,HY,0.8,0.8,,,2003,7
13573,Niagara Mohawk Power Corp.,2584,Mechanicville,2,NY,,Conventional Hydroelectric,WAT,HY,0.8,0.8,,,2003,7
13573,Niagara Mohawk Power Corp.,2584,Mechanicville,3,NY,,Conventional Hydroelectric,WAT,HY,0.8,0.8,,,2003,7
13573,Niagara Mohawk Power Corp.,2584,Mechanicville,4,NY,,Conventional Hydroelectric,WAT,HY,0.7,0.7,,,2003,7
13573,Niagara Mohawk Power Corp.,2584,Mechanicville,5,NY,,Conventional Hydroelectric,WAT,HY,0.7,0.7,,,2003,7
13573,Niagara Mohawk Power Corp.,2584,Mechanicville,6,NY,,Conventional Hydroelectric,WAT,HY,0.7,0.7,,,2003,7
13573,Niagara Mohawk Power Corp.,2584,Mechanicville,7,NY,,Conventional Hydroelectric,WAT,HY,0.7,0.7,,,2003,7
64701,Oswego Harbor Power,2594,Oswego Harbor Power,3,NY,NYIS,Natural Gas Steam Turbine,NG,ST,92.0,0.0,,,2003,12
5914,Erie Boulevard Hydropower LP,2596,Oswego Falls West,3,NY,NYIS,Conventional Hydroelectric,WAT,HY,1.0,0.9,,,2005,9
12792,"GenOn New York, LLC",2629,Lovett,3,NY,NYIS,Natural Gas Steam Turbine,NG,ST,69.0,69.0,,,2007,5
12792,"GenOn New York, LLC",2629,Lovett,4,NY,NYIS,Conventional Steam Coal,BIT,ST,179.5,172.0,,,2007,5
12792,"GenOn New York, LLC",2629,Lovett,5,NY,NYIS,Conventional Steam Coal,BIT,ST,200.6,191.0,,,2008,4
57280,"Eagle Creek Renewable Energy, LLC",2633,Swinging Bridge 1,SWI1,NY,NYIS,Conventional Hydroelectric,WAT,HY,5.0,4.3,,,2006,6
16183,Rochester Gas & Electric Corp,2640,Rochester 3,13,NY,NYIS,Petroleum Liquids,DFO,GT,19.0,14.4,,,2011,12
16183,Rochester Gas & Electric Corp,2642,Rochester 7,1,NY,NYIS,Conventional Steam Coal,BIT,ST,46.0,46.0,,,2008,2
16183,Rochester Gas & Electric Corp,2642,Rochester 7,2,NY,NYIS,Conventional Steam Coal,BIT,ST,62.5,64.0,,,2008,3
16183,Rochester Gas & Electric Corp,2642,Rochester 7,3,NY,NYIS,Conventional Steam Coal,BIT,ST,62.5,64.0,,,2008,4
16183,Rochester Gas & Electric Corp,2642,Rochester 7,4,NY,NYIS,Conventional Steam Coal,BIT,ST,81.6,78.0,,,2008,3
16183,Rochester Gas & Electric Corp,2644,Rochester 9,2,NY,NYIS,Natural Gas Fired Combustion Turbine,NG,GT,19.0,14.0,,,2014,2
16183,Rochester Gas & Electric Corp,2646,Wiscoy 170,1,NY,NYIS,Conventional Hydroelectric,WAT,HY,0.6,0.6,,,2011,12
16183,Rochester Gas & Electric Corp,2646,Wiscoy 170,2,NY,NYIS,Conventional Hydroelectric,WAT,HY,0.4,0.4,,,2011,12
6775,Village of Freeport - (NY),2678,Plant No 1 Freeport,1,NY,NYIS,Petroleum Liquids,DFO,IC,2.1,1.5,,,2013,6
6775,Village of Freeport - (NY),2678,Plant No 1 Freeport,4,NY,NYIS,Petroleum Liquids,DFO,IC,5.1,4.5,,,2021,5
6775,Village of Freeport - (NY),2679,Plant No 2 Freeport,1,NY,NYIS,Petroleum Liquids,DFO,IC,9.6,8.0,,,2004,2
6775,Village of Freeport - (NY),2679,Plant No 2 Freeport,2,NY,NYIS,Petroleum Liquids,DFO,IC,9.6,8.0,,,2004,2
16217,Village of Rockville Centre - (NY),2695,Charles P Keller,7,NY,NYIS,Petroleum Liquids,DFO,IC,2.0,2.0,,,2018,12
16217,Village of Rockville Centre - (NY),2695,Charles P Keller,8,NY,NYIS,Petroleum Liquids,DFO,IC,2.4,2.7,,,2017,12
3046,Duke Energy Progress - (NC),2706,Asheville,1,NC,CPLE,Conventional Steam Coal,BIT,ST,206.6,189.0,,,2020,1
3046,Duke Energy Progress - (NC),2706,Asheville,2,NC,CPLE,Conventional Steam Coal,BIT,ST,207.0,189.0,,,2020,1
3046,Duke Energy Progress - (NC),2708,Cape Fear,1,NC,CPLE,Petroleum Liquids,DFO,CA,15.0,11.0,,,2013,3
3046,Duke Energy Progress - (NC),2708,Cape Fear,1A,NC,CPLE,Petroleum Liquids,DFO,CT,18.0,11.0,,,2013,3
3046,Duke Energy Progress - (NC),2708,Cape Fear,1B,NC,CPLE,Petroleum Liquids,DFO,CT,18.0,12.0,,,2013,3
3046,Duke Energy Progress - (NC),2708,Cape Fear,2,NC,CPLE,Petroleum Liquids,DFO,CA,15.0,7.0,,,2013,3
3046,Duke Energy Progress - (NC),2708,Cape Fear,2A,NC,CPLE,Petroleum Liquids,DFO,CT,18.0,12.0,,,2013,3
3046,Duke Energy Progress - (NC),2708,Cape Fear,2B,NC,CPLE,Petroleum Liquids,DFO,CT,18.0,11.0,,,2012,10
3046,Duke Energy Progress - (NC),2708,Cape Fear,5,NC,CPLE,Conventional Steam Coal,BIT,ST,140.6,144.0,,,2012,10
3046,Duke Energy Progress - (NC),2708,Cape Fear,6,NC,CPLE,Conventional Steam Coal,BIT,ST,187.9,172.0,,,2012,10
3046,Duke Energy Progress - (NC),2709,HF Lee Plant,1,NC,CPLE,Conventional Steam Coal,BIT,ST,75.0,74.0,,,2012,10
3046,Duke Energy Progress - (NC),2709,HF Lee Plant,2,NC,CPLE,Conventional Steam Coal,BIT,ST,75.0,68.0,,,2012,10
3046,Duke Energy Progress - (NC),2709,HF Lee Plant,3,NC,CPLE,Conventional Steam Coal,BIT,ST,252.4,240.0,,,2012,10
3046,Duke Energy Progress - (NC),2709,HF Lee Plant,GT1,NC,CPLE,Petroleum Liquids,DFO,GT,16.3,12.0,,,2012,10
3046,Duke Energy Progress - (NC),2709,HF Lee Plant,GT2,NC,CPLE,Petroleum Liquids,DFO,GT,29.9,21.0,,,2012,10
3046,Duke Energy Progress - (NC),2709,HF Lee Plant,GT3,NC,CPLE,Petroleum Liquids,DFO,GT,29.9,21.0,,,2012,10
3046,Duke Energy Progress - (NC),2709,HF Lee Plant,GT4,NC,CPLE,Petroleum Liquids,DFO,GT,29.9,21.0,,,2012,10
3046,Duke Energy Progress - (NC),2711,Morehead,GT1,NC,CPLE,Petroleum Liquids,DFO,GT,16.3,12.0,,,2012,10
3046,Duke Energy Progress - (NC),2712,Roxboro,GT1,NC,CPLE,Petroleum Liquids,DFO,GT,16.3,12.0,,,2007,12
3046,Duke Energy Progress - (NC),2713,L V Sutton Steam,1,NC,CPLE,Conventional Steam Coal,BIT,ST,112.5,97.0,,,2013,11
3046,Duke Energy Progress - (NC),2713,L V Sutton Steam,2,NC,CPLE,Conventional Steam Coal,BIT,ST,112.5,90.0,,,2013,11
3046,Duke Energy Progress - (NC),2713,L V Sutton Steam,3,NC,CPLE,Conventional Steam Coal,BIT,ST,446.6,366.0,,,2013,11
3046,Duke Energy Progress - (NC),2713,L V Sutton Steam,GT1,NC,CPLE,Petroleum Liquids,DFO,GT,16.3,11.0,,,2017,3
3046,Duke Energy Progress - (NC),2713,L V Sutton Steam,GTA,NC,CPLE,Petroleum Liquids,DFO,GT,37.5,23.0,,,2017,7
3046,Duke Energy Progress - (NC),2713,L V Sutton Steam,GTB,NC,CPLE,Petroleum Liquids,DFO,GT,37.5,25.0,,,2017,7
3046,Duke Energy Progress - (NC),2716,W H Weatherspoon,1,NC,CPLE,Conventional Steam Coal,BIT,ST,46.0,48.0,,,2011,9
3046,Duke Energy Progress - (NC),2716,W H Weatherspoon,2,NC,CPLE,Conventional Steam Coal,BIT,ST,46.0,48.0,,,2011,9
3046,Duke Energy Progress - (NC),2716,W H Weatherspoon,3,NC,CPLE,Conventional Steam Coal,BIT,ST,73.5,74.0,,,2011,9
5416,"Duke Energy Carolinas, LLC",2718,G G Allen,1,NC,DUK,Conventional Steam Coal,BIT,ST,163.2,120.0,,,2024,12
5416,"Duke Energy Carolinas, LLC",2718,G G Allen,2,NC,DUK,Conventional Steam Coal,BIT,ST,163.2,162.0,,,2021,12
5416,"Duke Energy Carolinas, LLC",2718,G G Allen,3,NC,DUK,Conventional Steam Coal,BIT,ST,272.0,258.0,,,2021,3
5416,"Duke Energy Carolinas, LLC",2718,G G Allen,4,NC,DUK,Conventional Steam Coal,BIT,ST,278.0,257.0,,,2021,12
5416,"Duke Energy Carolinas, LLC",2718,G G Allen,5,NC,DUK,Conventional Steam Coal,BIT,ST,272.0,259.0,,,2024,9
5416,"Duke Energy Carolinas, LLC",2720,Buck,3,NC,DUK,Conventional Steam Coal,BIT,ST,80.0,75.0,,,2011,5
5416,"Duke Energy Carolinas, LLC",2720,Buck,4,NC,DUK,Conventional Steam Coal,BIT,ST,40.0,38.0,,,2011,5
5416,"Duke Energy Carolinas, LLC",2720,Buck,5,NC,DUK,Conventional Steam Coal,BIT,ST,125.0,128.0,,,2013,5
5416,"Duke Energy Carolinas, LLC",2720,Buck,6,NC,DUK,Conventional Steam Coal,BIT,ST,125.0,128.0,,,2013,5
5416,"Duke Energy Carolinas, LLC",2720,Buck,7,NC,DUK,Natural Gas Fired Combustion Turbine,NG,GT,34.8,25.0,,,2012,10
5416,"Duke Energy Carolinas, LLC",2720,Buck,8,NC,DUK,Natural Gas Fired Combustion Turbine,NG,GT,34.8,25.0,,,2012,10
5416,"Duke Energy Carolinas, LLC",2720,Buck,9,NC,DUK,Natural Gas Fired Combustion Turbine,NG,GT,34.8,12.0,,,2012,10
5416,"Duke Energy Carolinas, LLC",2721,James E. Rogers Energy Complex,1,NC,DUK,Conventional Steam Coal,BIT,ST,40.0,38.0,,,2011,10
5416,"Duke Energy Carolinas, LLC",2721,James E. Rogers Energy Complex,2,NC,DUK,Conventional Steam Coal,BIT,ST,40.0,38.0,,,2011,10
5416,"Duke Energy Carolinas, LLC",2721,James E. Rogers Energy Complex,3,NC,DUK,Conventional Steam Coal,BIT,ST,65.0,61.0,,,2011,10
5416,"Duke Energy Carolinas, LLC",2721,James E. Rogers Energy Complex,4,NC,DUK,Conventional Steam Coal,BIT,ST,65.0,61.0,,,2011,10
5416,"Duke Energy Carolinas, LLC",2723,Dan River,1,NC,DUK,Conventional Steam Coal,BIT,ST,70.0,67.0,,,2012,4
5416,"Duke Energy Carolinas, LLC",2723,Dan River,2,NC,DUK,Conventional Steam Coal,BIT,ST,70.0,67.0,,,2012,4
5416,"Duke Energy Carolinas, LLC",2723,Dan River,3,NC,DUK,Conventional Steam Coal,BIT,ST,150.0,142.0,,,2012,4
5416,"Duke Energy Carolinas, LLC",2723,Dan River,4,NC,DUK,Natural Gas Fired Combustion Turbine,NG,GT,35.2,24.0,,,2012,10
5416,"Duke Energy Carolinas, LLC",2723,Dan River,5,NC,DUK,Natural Gas Fired Combustion Turbine,NG,GT,35.2,24.0,,,2012,10
5416,"Duke Energy Carolinas, LLC",2723,Dan River,6,NC,DUK,Natural Gas Fired Combustion Turbine,NG,GT,27.4,24.0,,,2012,10
5416,"Duke Energy Carolinas, LLC",2732,Riverbend,10,NC,DUK,Natural Gas Fired Combustion Turbine,NG,GT,33.8,22.0,,,2012,10
5416,"Duke Energy Carolinas, LLC",2732,Riverbend,11,NC,DUK,Natural Gas Fired Combustion Turbine,NG,GT,33.8,20.0,,,2012,10
5416,"Duke Energy Carolinas, LLC",2732,Riverbend,4,NC,DUK,Conventional Steam Coal,BIT,ST,100.0,94.0,,,2013,5
5416,"Duke Energy Carolinas, LLC",2732,Riverbend,5,NC,DUK,Conventional Steam Coal,BIT,ST,100.0,94.0,,,2013,5
5416,"Duke Energy Carolinas, LLC",2732,Riverbend,6,NC,DUK,Conventional Steam Coal,BIT,ST,133.0,133.0,,,2013,5
5416,"Duke Energy Carolinas, LLC",2732,Riverbend,7,NC,DUK,Conventional Steam Coal,BIT,ST,133.0,133.0,,,2013,5
5416,"Duke Energy Carolinas, LLC",2732,Riverbend,8,NC,DUK,Natural Gas Fired Combustion Turbine,NG,GT,33.8,20.0,,,2012,10
5416,"Duke Energy Carolinas, LLC",2732,Riverbend,9,NC,DUK,Natural Gas Fired Combustion Turbine,NG,GT,33.8,22.0,,,2012,10
19876,Virginia Electric & Power Co,2757,Kitty Hawk,GT1,NC,PJM,Petroleum Liquids,DFO,GT,23.8,16.0,,,2011,12
19876,Virginia Electric & Power Co,2757,Kitty Hawk,GT2,NC,PJM,Petroleum Liquids,DFO,GT,23.8,15.0,,,2011,12
12199,Montana-Dakota Utilities Co,2790,R M Heskett,1,ND,MISO,Conventional Steam Coal,LIG,ST,40.0,29.5,,,2022,2
12199,Montana-Dakota Utilities Co,2790,R M Heskett,2,ND,MISO,Conventional Steam Coal,LIG,ST,75.0,74.8,,,2022,1
12199,Montana-Dakota Utilities Co,2791,Williston,2,ND,SWPP,Natural Gas Fired Combustion Turbine,NG,GT,5.0,4.7,,,2012,1
12199,Montana-Dakota Utilities Co,2791,Williston,3,ND,SWPP,Natural Gas Fired Combustion Turbine,NG,GT,5.0,4.9,,,2012,1
12658,"Minnkota Power Coop, Inc",2821,Grand Forks,1,ND,MISO,Petroleum Liquids,DFO,IC,0.7,0.7,,,2012,12
12658,"Minnkota Power Coop, Inc",2821,Grand Forks,10,ND,MISO,Petroleum Liquids,DFO,IC,1.1,1.1,,,2012,12
12658,"Minnkota Power Coop, Inc",2821,Grand Forks,11,ND,MISO,Petroleum Liquids,DFO,IC,1.1,1.1,,,2012,12
12658,"Minnkota Power Coop, Inc",2821,Grand Forks,2,ND,MISO,Petroleum Liquids,DFO,IC,0.7,0.7,,,2012,12
12658,"Minnkota Power Coop, Inc",2821,Grand Forks,3,ND,MISO,Petroleum Liquids,DFO,IC,0.7,0.7,,,2012,12
12658,"Minnkota Power Coop, Inc",2821,Grand Forks,4,ND,MISO,Petroleum Liquids,DFO,IC,1.0,1.0,,,2012,12
12658,"Minnkota Power Coop, Inc",2821,Grand Forks,5,ND,MISO,Petroleum Liquids,DFO,IC,1.0,1.0,,,2012,12
12658,"Minnkota Power Coop, Inc",2821,Grand Forks,6,ND,MISO,Petroleum Liquids,DFO,IC,1.0,1.0,,,2012,12
12658,"Minnkota Power Coop, Inc",2821,Grand Forks,7,ND,MISO,Petroleum Liquids,DFO,IC,1.1,1.1,,,2012,12
12658,"Minnkota Power Coop, Inc",2821,Grand Forks,8,ND,MISO,Petroleum Liquids,DFO,IC,1.1,1.1,,,2012,12
12658,"Minnkota Power Coop, Inc",2821,Grand Forks,9,ND,MISO,Petroleum Liquids,DFO,IC,1.1,1.1,,,2012,12
12658,"Minnkota Power Coop, Inc",2822,Harwood,1,ND,MISO,Petroleum Liquids,DFO,IC,1.6,1.6,,,2007,9
12658,"Minnkota Power Coop, Inc",2822,Harwood,2,ND,MISO,Petroleum Liquids,DFO,IC,1.6,1.6,,,2012,12
12658,"Minnkota Power Coop, Inc",2822,Harwood,3,ND,MISO,Petroleum Liquids,DFO,IC,1.6,1.6,,,2012,12
7570,Great River Energy,2824,Stanton,1,ND,MISO,Conventional Steam Coal,SUB,ST,190.2,187.2,,,2017,3
7570,Great River Energy,2824,Stanton,2,ND,MISO,Petroleum Liquids,DFO,IC,1.0,1.0,,,2017,3
3542,Duke Energy Ohio Inc,2830,Walter C Beckjord,1,OH,PJM,Conventional Steam Coal,BIT,ST,115.0,94.0,,,2012,5
3542,Duke Energy Ohio Inc,2830,Walter C Beckjord,2,OH,PJM,Conventional Steam Coal,BIT,ST,112.5,94.0,,,2013,10
3542,Duke Energy Ohio Inc,2830,Walter C Beckjord,3,OH,PJM,Conventional Steam Coal,BIT,ST,125.0,128.0,,,2013,10
3542,Duke Energy Ohio Inc,2830,Walter C Beckjord,4,OH,PJM,Conventional Steam Coal,BIT,ST,163.2,150.0,,,2014,2
3542,Duke Energy Ohio Inc,2830,Walter C Beckjord,5,OH,PJM,Conventional Steam Coal,BIT,ST,244.8,238.0,,,2014,10
3542,Duke Energy Ohio Inc,2830,Walter C Beckjord,6,OH,PJM,Conventional Steam Coal,BIT,ST,460.8,414.0,,,2014,10
3542,Duke Energy Ohio Inc,2830,Walter C Beckjord,GT1,OH,PJM,Petroleum Liquids,DFO,GT,52.9,47.0,,,2014,12
3542,Duke Energy Ohio Inc,2830,Walter C Beckjord,GT2,OH,PJM,Petroleum Liquids,DFO,GT,52.9,47.0,,,2014,12
3542,Duke Energy Ohio Inc,2830,Walter C Beckjord,GT3,OH,PJM,Petroleum Liquids,DFO,GT,52.9,47.0,,,2014,12
3542,Duke Energy Ohio Inc,2830,Walter C Beckjord,GT4,OH,PJM,Petroleum Liquids,DFO,GT,52.9,47.0,,,2014,12
59919,Luminant Miami Fort,2832,Miami Fort,5,OH,PJM,Conventional Steam Coal,BIT,ST,100.0,80.0,,,2008,1
59919,Luminant Miami Fort,2832,Miami Fort,6,OH,PJM,Conventional Steam Coal,BIT,ST,163.2,163.0,,,2015,6
6526,FirstEnergy Generation Corp,2835,FirstEnergy Ashtabula,5,OH,PJM,Conventional Steam Coal,SUB,ST,256.0,244.0,,,2015,4
6526,FirstEnergy Generation Corp,2835,FirstEnergy Ashtabula,6,OH,PJM,Conventional Steam Coal,BIT,ST,46.0,44.0,,,2002,12
6526,FirstEnergy Generation Corp,2835,FirstEnergy Ashtabula,7,OH,PJM,Conventional Steam Coal,BIT,ST,46.0,44.0,,,2002,12
6526,FirstEnergy Generation Corp,2835,FirstEnergy Ashtabula,8,OH,PJM,Conventional Steam Coal,BIT,ST,46.0,44.0,,,2002,12
6526,FirstEnergy Generation Corp,2835,FirstEnergy Ashtabula,9,OH,PJM,Conventional Steam Coal,BIT,ST,46.0,44.0,,,2002,12
14165,"GenOn Power Midwest, LP",2836,Avon Lake,10,OH,PJM,Petroleum Liquids,DFO,GT,32.1,25.0,,,2022,3
14165,"GenOn Power Midwest, LP",2836,Avon Lake,6,OH,PJM,Natural Gas Steam Turbine,NG,ST,75.0,10.0,,,2002,1
14165,"GenOn Power Midwest, LP",2836,Avon Lake,7,OH,PJM,Conventional Steam Coal,BIT,ST,86.0,70.0,,,2016,5
14165,"GenOn Power Midwest, LP",2836,Avon Lake,9,OH,PJM,Conventional Steam Coal,BIT,ST,680.0,627.0,,,2022,3
6526,FirstEnergy Generation Corp,2837,FirstEnergy Eastlake,1,OH,PJM,Conventional Steam Coal,SUB,ST,123.0,132.0,,,2015,4
6526,FirstEnergy Generation Corp,2837,FirstEnergy Eastlake,2,OH,PJM,Conventional Steam Coal,SUB,ST,123.0,132.0,,,2015,4
6526,FirstEnergy Generation Corp,2837,FirstEnergy Eastlake,3,OH,PJM,Conventional Steam Coal,SUB,ST,123.0,132.0,,,2015,4
6526,FirstEnergy Generation Corp,2837,FirstEnergy Eastlake,4,OH,PJM,Conventional Steam Coal,SUB,ST,208.0,240.0,,,2012,9
6526,FirstEnergy Generation Corp,2837,FirstEnergy Eastlake,5,OH,PJM,Conventional Steam Coal,BIT,ST,680.0,597.0,,,2012,9
6526,FirstEnergy Generation Corp,2837,FirstEnergy Eastlake,6,OH,PJM,Petroleum Liquids,DFO,GT,32.0,24.0,,,2020,2
6526,FirstEnergy Generation Corp,2838,FirstEnergy Lake Shore,18,OH,PJM,Conventional Steam Coal,SUB,ST,256.0,245.0,,,2015,4
6526,FirstEnergy Generation Corp,2838,FirstEnergy Lake Shore,IC1,OH,PJM,Petroleum Liquids,DFO,IC,2.0,2.0,,,2015,4
6526,FirstEnergy Generation Corp,2838,FirstEnergy Lake Shore,IC2,OH,PJM,Petroleum Liquids,DFO,IC,2.0,2.0,,,2015,4
58620,AEP Generation Resources Inc,2840,Conesville,1,OH,PJM,Conventional Steam Coal,BIT,ST,148.0,115.0,,,2005,12
58620,AEP Generation Resources Inc,2840,Conesville,2,OH,PJM,Conventional Steam Coal,BIT,ST,136.0,115.0,,,2005,12
58620,AEP Generation Resources Inc,2840,Conesville,3,OH,PJM,Conventional Steam Coal,BIT,ST,161.5,165.0,,,2012,12
58620,AEP Generation Resources Inc,2840,Conesville,4,OH,PJM,Conventional Steam Coal,BIT,ST,841.5,780.0,,,2020,6
58620,AEP Generation Resources Inc,2840,Conesville,5,OH,PJM,Conventional Steam Coal,BIT,ST,443.9,375.0,,,2019,5
58620,AEP Generation Resources Inc,2840,Conesville,6,OH,PJM,Conventional Steam Coal,BIT,ST,443.9,375.0,,,2019,5
58620,AEP Generation Resources Inc,2843,Picway,5,OH,PJM,Conventional Steam Coal,BIT,ST,106.2,95.0,,,2015,5
61919,Kimura Power LLC,2848,O H Hutchings,1,OH,PJM,Conventional Steam Coal,BIT,ST,69.0,58.0,,,2015,6
61919,Kimura Power LLC,2848,O H Hutchings,2,OH,PJM,Conventional Steam Coal,BIT,ST,69.0,55.0,,,2015,6
61919,Kimura Power LLC,2848,O H Hutchings,3,OH,PJM,Conventional Steam Coal,BIT,ST,69.0,63.0,,,2015,6
61919,Kimura Power LLC,2848,O H Hutchings,4,OH,PJM,Conventional Steam Coal,BIT,ST,69.0,63.0,,,2013,6
61919,Kimura Power LLC,2848,O H Hutchings,5,OH,PJM,Conventional Steam Coal,BIT,ST,69.0,63.0,,,2015,6
61919,Kimura Power LLC,2848,O H Hutchings,6,OH,PJM,Conventional Steam Coal,BIT,ST,69.0,63.0,,,2015,6
4922,Dayton Power & Light Co,2850,J M Stuart,1,OH,PJM,Conventional Steam Coal,BIT,ST,610.2,577.0,,,2017,10
4922,Dayton Power & Light Co,2850,J M Stuart,2,OH,PJM,Conventional Steam Coal,BIT,ST,610.2,577.0,,,2018,6
4922,Dayton Power & Light Co,2850,J M Stuart,3,OH,PJM,Conventional Steam Coal,BIT,ST,610.2,577.0,,,2018,6
4922,Dayton Power & Light Co,2850,J M Stuart,4,OH,PJM,Conventional Steam Coal,BIT,ST,610.2,577.0,,,2018,6
4922,Dayton Power & Light Co,2850,J M Stuart,D1,OH,PJM,Petroleum Liquids,DFO,IC,2.7,2.2,,,2018,6
4922,Dayton Power & Light Co,2850,J M Stuart,D2,OH,PJM,Petroleum Liquids,DFO,IC,2.7,2.2,,,2018,6
4922,Dayton Power & Light Co,2850,J M Stuart,D3,OH,PJM,Petroleum Liquids,DFO,IC,2.7,2.2,,,2018,6
4922,Dayton Power & Light Co,2850,J M Stuart,D4,OH,PJM,Petroleum Liquids,DFO,IC,2.7,2.2,,,2018,6
6526,FirstEnergy Generation Corp,2857,FirstEnergy Edgewater,4,OH,PJM,Natural Gas Steam Turbine,NG,ST,113.6,100.0,,,2002,10
6526,FirstEnergy Generation Corp,2857,FirstEnergy Edgewater,CTA,OH,PJM,Petroleum Liquids,DFO,GT,28.8,19.0,,,2010,8
6526,FirstEnergy Generation Corp,2857,FirstEnergy Edgewater,CTB,OH,PJM,Petroleum Liquids,DFO,GT,28.8,19.0,,,2010,8
6526,FirstEnergy Generation Corp,2860,FirstEnergy Mad River,CTA,OH,PJM,Petroleum Liquids,DFO,GT,27.0,25.0,,,2013,6
6526,FirstEnergy Generation Corp,2860,FirstEnergy Mad River,CTB,OH,PJM,Petroleum Liquids,DFO,GT,27.0,25.0,,,2013,6
63030,"Niles Power, LLC",2861,Niles Power Plant,1,OH,PJM,Conventional Steam Coal,BIT,ST,132.8,108.0,,,2012,10
63030,"Niles Power, LLC",2861,Niles Power Plant,2,OH,PJM,Conventional Steam Coal,BIT,ST,132.8,108.0,,,2012,6
6526,FirstEnergy Generation Corp,2864,FirstEnergy R E Burger,3,OH,PJM,Conventional Steam Coal,BIT,ST,103.4,94.0,,,2012,9
6526,FirstEnergy Generation Corp,2864,FirstEnergy R E Burger,4,OH,PJM,Conventional Steam Coal,BIT,ST,156.2,156.0,,,2010,12
6526,FirstEnergy Generation Corp,2864,FirstEnergy R E Burger,5,OH,PJM,Conventional Steam Coal,BIT,ST,156.2,156.0,,,2010,12
6526,FirstEnergy Generation Corp,2864,FirstEnergy R E Burger,A1,OH,PJM,Petroleum Liquids,DFO,IC,2.5,2.0,,,2015,9
6526,FirstEnergy Generation Corp,2864,FirstEnergy R E Burger,B1,OH,PJM,Petroleum Liquids,DFO,IC,2.5,2.0,,,2015,9
6526,FirstEnergy Generation Corp,2864,FirstEnergy R E Burger,B2,OH,PJM,Petroleum Liquids,DFO,IC,2.5,3.0,,,2015,9
64226,Energy Harbor Generation LLC,2866,W H Sammis,1,OH,PJM,Conventional Steam Coal,BIT,ST,190.4,180.0,,,2020,5
64226,Energy Harbor Generation LLC,2866,W H Sammis,2,OH,PJM,Conventional Steam Coal,BIT,ST,190.4,180.0,,,2020,5
64226,Energy Harbor Generation LLC,2866,W H Sammis,3,OH,PJM,Conventional Steam Coal,BIT,ST,190.4,180.0,,,2020,5
64226,Energy Harbor Generation LLC,2866,W H Sammis,4,OH,PJM,Conventional Steam Coal,BIT,ST,190.4,180.0,,,2020,5
64226,Energy Harbor Generation LLC,2866,W H Sammis,5,OH,PJM,Conventional Steam Coal,BIT,ST,334.0,290.0,,,2023,6
64226,Energy Harbor Generation LLC,2866,W H Sammis,6,OH,PJM,Conventional Steam Coal,BIT,ST,680.0,600.0,,,2023,6
64226,Energy Harbor Generation LLC,2866,W H Sammis,7,OH,PJM,Conventional Steam Coal,BIT,ST,680.0,600.0,,,2023,6
64226,Energy Harbor Generation LLC,2866,W H Sammis,A1,OH,PJM,Petroleum Liquids,DFO,IC,2.5,3.0,,,2023,6
64226,Energy Harbor Generation LLC,2866,W H Sammis,B1,OH,PJM,Petroleum Liquids,DFO,IC,2.5,3.0,,,2023,6
64226,Energy Harbor Generation LLC,2866,W H Sammis,B2,OH,PJM,Petroleum Liquids,DFO,IC,2.5,3.0,,,2023,6
64226,Energy Harbor Generation LLC,2866,W H Sammis,B3,OH,PJM,Petroleum Liquids,DFO,IC,2.5,2.0,,,2023,6
64226,Energy Harbor Generation LLC,2866,W H Sammis,B4,OH,PJM,Petroleum Liquids,DFO,IC,2.5,2.0,,,2023,6
6526,FirstEnergy Generation Corp,2867,FirstEnergy Toronto,5,OH,PJM,Conventional Steam Coal,BIT,ST,35.0,42.0,,,2003,12
6526,FirstEnergy Generation Corp,2867,FirstEnergy Toronto,6,OH,PJM,Conventional Steam Coal,BIT,ST,69.0,65.0,,,2003,12
6526,FirstEnergy Generation Corp,2867,FirstEnergy Toronto,7,OH,PJM,Conventional Steam Coal,BIT,ST,69.0,65.0,,,2003,12
58620,AEP Generation Resources Inc,2872,Muskingum River,1,OH,PJM,Conventional Steam Coal,BIT,ST,219.6,190.0,,,2015,5
58620,AEP Generation Resources Inc,2872,Muskingum River,2,OH,PJM,Conventional Steam Coal,BIT,ST,219.6,190.0,,,2015,5
58620,AEP Generation Resources Inc,2872,Muskingum River,3,OH,PJM,Conventional Steam Coal,BIT,ST,237.5,205.0,,,2015,5
58620,AEP Generation Resources Inc,2872,Muskingum River,4,OH,PJM,Conventional Steam Coal,BIT,ST,237.5,205.0,,,2015,5
58620,AEP Generation Resources Inc,2872,Muskingum River,5,OH,PJM,Conventional Steam Coal,BIT,ST,615.2,585.0,,,2015,5
62031,"Walleye Power, LLC",2878,FirstEnergy Bay Shore,2,OH,PJM,Conventional Steam Coal,SUB,ST,140.6,138.0,,,2012,9
62031,"Walleye Power, LLC",2878,FirstEnergy Bay Shore,3,OH,PJM,Conventional Steam Coal,SUB,ST,140.6,142.0,,,2012,9
62031,"Walleye Power, LLC",2878,FirstEnergy Bay Shore,4,OH,PJM,Conventional Steam Coal,SUB,ST,217.6,215.0,,,2012,9
768,City of Arcanum - (OH),2902,Arcanum,1,OH,PJM,Petroleum Liquids,DFO,IC,0.7,0.8,,,2022,3
768,City of Arcanum - (OH),2902,Arcanum,2,OH,PJM,Petroleum Liquids,DFO,IC,0.5,0.6,,,2022,3
5336,City of Dover - (OH),2914,Dover (OH),2,OH,PJM,Conventional Steam Coal,BIT,ST,4.0,4.0,,,2007,6
7977,City of Hamilton - (OH),2917,Hamilton (OH),5,OH,PJM,Natural Gas Steam Turbine,NG,ST,10.0,10.0,,,2021,9
7977,City of Hamilton - (OH),2917,Hamilton (OH),7,OH,PJM,Natural Gas Steam Turbine,NG,ST,25.0,25.0,,,2021,9
7977,City of Hamilton - (OH),2917,Hamilton (OH),8,OH,PJM,Natural Gas Steam Turbine,NG,ST,25.0,25.0,,,2021,9
7977,City of Hamilton - (OH),2917,Hamilton (OH),9,OH,PJM,Natural Gas Steam Turbine,NG,ST,50.6,51.0,,,2021,9
7977,City of Hamilton - (OH),2917,Hamilton (OH),GT1,OH,PJM,Natural Gas Fired Combustion Turbine,NG,GT,11.2,8.0,,,2011,8
10830,City of Lebanon - (OH),2921,Lebanon,1,OH,PJM,Petroleum Liquids,DFO,IC,0.7,0.7,,,2012,12
10830,City of Lebanon - (OH),2921,Lebanon,3,OH,PJM,Petroleum Liquids,DFO,IC,1.2,1.3,,,2008,12
10830,City of Lebanon - (OH),2921,Lebanon,4,OH,PJM,Petroleum Liquids,DFO,IC,1.2,1.3,,,2008,12
10830,City of Lebanon - (OH),2921,Lebanon,5,OH,PJM,Petroleum Liquids,DFO,IC,2.0,2.0,,,2019,12
10830,City of Lebanon - (OH),2921,Lebanon,6,OH,PJM,Petroleum Liquids,DFO,IC,3.0,3.0,,,2019,12
10830,City of Lebanon - (OH),2921,Lebanon,7,OH,PJM,Petroleum Liquids,DFO,GT,6.0,6.0,,,2019,12
10830,City of Lebanon - (OH),2921,Lebanon,8,OH,PJM,Petroleum Liquids,DFO,IC,5.6,5.6,,,2019,12
10830,City of Lebanon - (OH),2921,Lebanon,9,OH,PJM,Petroleum Liquids,DFO,GT,14.0,14.0,,,2019,12
13949,City of Oberlin - (OH),2933,Oberlin (OH),5,OH,PJM,Natural Gas Internal Combustion Engine,NG,IC,2.0,2.0,,,2014,3
15095,City of Piqua - (OH),2937,Piqua Power Plant,10,OH,PJM,Conventional Steam Coal,BIT,ST,0.8,0.8,,,2007,12
15095,City of Piqua - (OH),2937,Piqua Power Plant,3,OH,PJM,Conventional Steam Coal,BIT,ST,4.0,4.0,,,2007,12
15095,City of Piqua - (OH),2937,Piqua Power Plant,4,OH,PJM,Conventional Steam Coal,BIT,ST,7.5,7.5,,,2007,12
15095,City of Piqua - (OH),2937,Piqua Power Plant,6,OH,PJM,Conventional Steam Coal,BIT,ST,12.5,12.5,,,2007,12
15095,City of Piqua - (OH),2937,Piqua Power Plant,7,OH,PJM,Conventional Steam Coal,BIT,ST,20.0,20.0,,,2007,12
17891,City of St Marys - (OH),2942,St Marys,5,OH,PJM,Conventional Steam Coal,BIT,ST,6.0,5.8,,,2007,12
17891,City of St Marys - (OH),2942,St Marys,6,OH,PJM,Conventional Steam Coal,BIT,ST,10.0,9.0,,,2007,12
17891,City of St Marys - (OH),2942,St Marys,AUX,OH,PJM,Petroleum Liquids,DFO,GT,0.8,0.8,,,2007,12
17043,City of Shelby - (OH),2943,Shelby Municipal Light Plant,1,OH,PJM,Conventional Steam Coal,BIT,ST,12.5,12.0,,,2013,11
17043,City of Shelby - (OH),2943,Shelby Municipal Light Plant,2,OH,PJM,Conventional Steam Coal,BIT,ST,12.5,12.0,,,2013,11
17043,City of Shelby - (OH),2943,Shelby Municipal Light Plant,3,OH,PJM,Conventional Steam Coal,BIT,ST,5.0,5.0,,,2012,4
17043,City of Shelby - (OH),2943,Shelby Municipal Light Plant,4,OH,PJM,Conventional Steam Coal,BIT,ST,7.0,7.0,,,2013,11
17043,City of Shelby - (OH),2943,Shelby Municipal Light Plant,IC1,OH,PJM,Petroleum Liquids,DFO,IC,3.0,3.0,,,2019,9
14063,Oklahoma Gas & Electric Co,2947,Arbuckle,1,OK,SWPP,Natural Gas Steam Turbine,NG,ST,73.0,74.0,,,2002,9
14063,Oklahoma Gas & Electric Co,2950,Enid,1,OK,SWPP,Natural Gas Fired Combustion Turbine,NG,GT,15.0,11.1,,,2012,12
14063,Oklahoma Gas & Electric Co,2950,Enid,2,OK,SWPP,Natural Gas Fired Combustion Turbine,NG,GT,15.0,10.5,,,2012,12
14063,Oklahoma Gas & Electric Co,2950,Enid,3,OK,SWPP,Natural Gas Fired Combustion Turbine,NG,GT,15.0,11.5,,,2012,12
14063,Oklahoma Gas & Electric Co,2950,Enid,4,OK,SWPP,Natural Gas Fired Combustion Turbine,NG,GT,15.0,10.5,,,2012,12
14063,Oklahoma Gas & Electric Co,2951,Horseshoe Lake,6,OK,SWPP,Natural Gas Steam Turbine,NG,ST,163.0,170.0,,,2024,1
14063,Oklahoma Gas & Electric Co,2951,Horseshoe Lake,GT7,OK,SWPP,Natural Gas Fired Combustion Turbine,NG,GT,27.0,,,,2017,3
14063,Oklahoma Gas & Electric Co,2951,Horseshoe Lake,ST7,OK,SWPP,Natural Gas Steam Turbine,NG,ST,220.0,,,,2024,12
14063,Oklahoma Gas & Electric Co,2952,Muskogee,3,OK,SWPP,Natural Gas Steam Turbine,NG,ST,173.0,0.0,,,2010,12
14063,Oklahoma Gas & Electric Co,2953,Mustang,1,OK,SWPP,Natural Gas Steam Turbine,NG,ST,82.0,0.0,,,2015,12
14063,Oklahoma Gas & Electric Co,2953,Mustang,2,OK,SWPP,Natural Gas Steam Turbine,NG,ST,63.0,0.0,,,2015,12
14063,Oklahoma Gas & Electric Co,2953,Mustang,3,OK,SWPP,Natural Gas Steam Turbine,NG,ST,133.0,0.0,,,2017,12
14063,Oklahoma Gas & Electric Co,2953,Mustang,4,OK,SWPP,Natural Gas Steam Turbine,NG,ST,253.0,0.0,,,2017,12
14063,Oklahoma Gas & Electric Co,2956,Seminole (OK),GT1,OK,SWPP,Natural Gas Fired Combustion Turbine,NG,GT,23.0,0.0,,,2015,12
14063,Oklahoma Gas & Electric Co,2958,Woodward,GT1,OK,SWPP,Natural Gas Fired Combustion Turbine,NG,GT,11.0,9.5,,,2012,12
15474,Public Service Co of Oklahoma,2963,Northeastern,4,OK,SWPP,Conventional Steam Coal,SUB,ST,473.0,460.0,,,2016,4
15474,Public Service Co of Oklahoma,2965,Tulsa,3,OK,SWPP,Natural Gas Steam Turbine,NG,ST,95.0,,,,2012,2
15474,Public Service Co of Oklahoma,2966,Weleetka,6,OK,SWPP,Natural Gas Fired Combustion Turbine,NG,GT,53.0,55.0,,,2019,3
6152,City of Fairview - (OK),2978,Fairview,4,OK,,Petroleum Liquids,DFO,IC,0.8,0.8,,,2012,1
6152,City of Fairview - (OK),2978,Fairview,5,OK,,Petroleum Liquids,DFO,IC,1.0,1.0,,,2012,1
11058,City of Lindsay - (OK),2990,Lindsay,1,OK,,Natural Gas Internal Combustion Engine,NG,IC,1.1,0.9,,,2002,1
11566,City of Mangum - (OK),2991,Mangum,1,OK,SWPP,Natural Gas Internal Combustion Engine,NG,IC,1.1,0.9,,,2025,10
11566,City of Mangum - (OK),2991,Mangum,2,OK,SWPP,Natural Gas Internal Combustion Engine,NG,IC,0.6,0.5,,,2007,12
11566,City of Mangum - (OK),2991,Mangum,3,OK,SWPP,Natural Gas Internal Combustion Engine,NG,IC,0.4,0.2,,,2007,9
11566,City of Mangum - (OK),2991,Mangum,4,OK,SWPP,Natural Gas Internal Combustion Engine,NG,IC,1.5,1.2,,,2025,10
11566,City of Mangum - (OK),2991,Mangum,5,OK,SWPP,Natural Gas Internal Combustion Engine,NG,IC,2.0,1.7,,,2025,10
11566,City of Mangum - (OK),2991,Mangum,6,OK,SWPP,Natural Gas Internal Combustion Engine,NG,IC,2.1,1.6,,,2025,10
56831,"Ponca, City of",2997,Ponca Diesel,10,OK,,Petroleum Liquids,DFO,IC,2.5,1.9,,,2009,12
56831,"Ponca, City of",2997,Ponca Diesel,4,OK,,Natural Gas Internal Combustion Engine,NG,IC,2.8,1.6,,,2009,12
56831,"Ponca, City of",2997,Ponca Diesel,6,OK,,Natural Gas Internal Combustion Engine,NG,IC,1.7,1.0,,,2007,4
56831,"Ponca, City of",2997,Ponca Diesel,7,OK,,Natural Gas Internal Combustion Engine,NG,IC,3.3,2.0,,,2008,4
56831,"Ponca, City of",2997,Ponca Diesel,8,OK,,Natural Gas Internal Combustion Engine,NG,IC,4.0,3.1,,,2008,4
56831,"Ponca, City of",2997,Ponca Diesel,9,OK,,Natural Gas Internal Combustion Engine,NG,IC,7.0,5.1,,,2009,12
18125,Stillwater Utilities Authority,3000,Boomer Lake Station,1,OK,SWPP,Natural Gas Steam Turbine,NG,ST,10.0,11.5,,,2015,6
18125,Stillwater Utilities Authority,3000,Boomer Lake Station,2,OK,SWPP,Natural Gas Steam Turbine,NG,ST,12.7,13.0,,,2016,6
18125,Stillwater Utilities Authority,3000,Boomer Lake Station,3,OK,SWPP,Petroleum Liquids,DFO,IC,2.0,2.0,,,2022,3
18125,Stillwater Utilities Authority,3000,Boomer Lake Station,4,OK,SWPP,Petroleum Liquids,DFO,IC,2.0,2.0,,,2022,3
18125,Stillwater Utilities Authority,3000,Boomer Lake Station,5,OK,SWPP,Petroleum Liquids,DFO,IC,2.0,2.0,,,2022,3
20447,"Western Farmers Elec Coop, Inc",3006,Anadarko Plant,1,OK,SWPP,Natural Gas Steam Turbine,NG,ST,17.3,12.0,,,2024,12
20447,"Western Farmers Elec Coop, Inc",3006,Anadarko Plant,2,OK,SWPP,Natural Gas Steam Turbine,NG,ST,17.3,12.0,,,2024,12
20447,"Western Farmers Elec Coop, Inc",3006,Anadarko Plant,3,OK,SWPP,Natural Gas Steam Turbine,NG,ST,50.0,44.0,,,2024,12
14354,PacifiCorp,3028,John C Boyle,1,OR,PACW,Conventional Hydroelectric,WAT,HY,50.3,50.4,,,2024,1
14354,PacifiCorp,3028,John C Boyle,2,OR,PACW,Conventional Hydroelectric,WAT,HY,48.4,47.6,,,2024,1
14354,PacifiCorp,3031,Powerdale,1,OR,PACW,Conventional Hydroelectric,WAT,HY,6.0,6.0,,,2007,2
15248,Portland General Electric Co,3044,Bull Run Hydro,1,OR,PGE,Conventional Hydroelectric,WAT,HY,5.2,5.5,,,2008,5
15248,Portland General Electric Co,3044,Bull Run Hydro,2,OR,PGE,Conventional Hydroelectric,WAT,HY,5.2,5.5,,,2008,5
15248,Portland General Electric Co,3044,Bull Run Hydro,3,OR,PGE,Conventional Hydroelectric,WAT,HY,5.2,5.5,,,2008,5
15248,Portland General Electric Co,3044,Bull Run Hydro,4,OR,PGE,Conventional Hydroelectric,WAT,HY,5.2,5.5,,,2008,5
15248,Portland General Electric Co,3045,Faraday,1,OR,PGE,Conventional Hydroelectric,WAT,HY,3.1,3.9,,,2019,5
15248,Portland General Electric Co,3045,Faraday,2,OR,PGE,Conventional Hydroelectric,WAT,HY,3.1,3.9,,,2019,5
15248,Portland General Electric Co,3045,Faraday,3,OR,PGE,Conventional Hydroelectric,WAT,HY,2.7,3.4,,,2019,5
15248,Portland General Electric Co,3045,Faraday,4,OR,PGE,Conventional Hydroelectric,WAT,HY,4.5,5.6,,,2019,5
15248,Portland General Electric Co,3045,Faraday,5,OR,PGE,Conventional Hydroelectric,WAT,HY,4.0,5.1,,,2019,5
6013,Eugene Water & Electric Board,3068,Leaburg,1,OR,BPAT,Conventional Hydroelectric,WAT,HY,8.4,4.0,,,2023,1
6013,Eugene Water & Electric Board,3068,Leaburg,2,OR,BPAT,Conventional Hydroelectric,WAT,HY,7.5,4.0,,,2023,1
63032,"Brunot Island Power, LLC",3096,Brunot Island,1B,PA,PJM,Petroleum Liquids,DFO,GT,25.5,15.0,,,2014,5
63032,"Brunot Island Power, LLC",3096,Brunot Island,1C,PA,PJM,Petroleum Liquids,DFO,GT,25.5,15.0,,,2014,5
14165,"GenOn Power Midwest, LP",3098,Elrama Power Plant,1,PA,PJM,Conventional Steam Coal,BIT,ST,100.0,93.0,,,2014,3
14165,"GenOn Power Midwest, LP",3098,Elrama Power Plant,2,PA,PJM,Conventional Steam Coal,BIT,ST,100.0,93.0,,,2014,3
14165,"GenOn Power Midwest, LP",3098,Elrama Power Plant,3,PA,PJM,Conventional Steam Coal,BIT,ST,125.0,103.0,,,2014,3
14165,"GenOn Power Midwest, LP",3098,Elrama Power Plant,4,PA,PJM,Conventional Steam Coal,BIT,ST,185.0,171.0,,,2014,3
14165,"GenOn Power Midwest, LP",3099,F R Phillips,1,PA,,Conventional Steam Coal,BIT,ST,69.0,58.0,,,2002,12
14165,"GenOn Power Midwest, LP",3099,F R Phillips,2,PA,,Conventional Steam Coal,BIT,ST,81.0,59.0,,,2002,12
14165,"GenOn Power Midwest, LP",3099,F R Phillips,3,PA,,Conventional Steam Coal,BIT,ST,81.0,59.0,,,2002,12
14165,"GenOn Power Midwest, LP",3099,F R Phillips,4,PA,,Conventional Steam Coal,BIT,ST,179.0,134.0,,,2002,12
63039,"Portland Power, LLC",3113,Portland (PA),1,PA,PJM,Petroleum Liquids,DFO,ST,172.0,151.0,,,2014,6
63039,"Portland Power, LLC",3113,Portland (PA),2,PA,PJM,Conventional Steam Coal,BIT,ST,255.0,226.0,,,2013,6
63041,"Titus Power, LLC",3115,Titus,1,PA,PJM,Conventional Steam Coal,BIT,ST,75.0,72.0,,,2013,9
63041,"Titus Power, LLC",3115,Titus,2,PA,PJM,Conventional Steam Coal,BIT,ST,75.0,72.0,,,2013,9
63041,"Titus Power, LLC",3115,Titus,3,PA,PJM,Conventional Steam Coal,BIT,ST,75.0,72.0,,,2013,9
58615,"Homer City Generation, L.P.",3122,Homer City Generating Station,1,PA,PJM,Conventional Steam Coal,BIT,ST,660.0,626.1,,,2024,4
58615,"Homer City Generation, L.P.",3122,Homer City Generating Station,2,PA,PJM,Conventional Steam Coal,BIT,ST,660.0,613.3,,,2023,8
58615,"Homer City Generation, L.P.",3122,Homer City Generating Station,3,PA,PJM,Conventional Steam Coal,BIT,ST,692.0,648.9,,,2023,7
61781,Seward Generating LLC,3130,Seward (PA),4,PA,PJM,Conventional Steam Coal,BIT,ST,62.0,60.0,,,2003,11
61781,Seward Generating LLC,3130,Seward (PA),5,PA,PJM,Conventional Steam Coal,BIT,ST,156.2,136.0,,,2003,11
63045,"Warren Generation, LLC",3132,Warren,1,PA,PJM,Conventional Steam Coal,BIT,ST,42.0,41.0,,,2002,9
63045,"Warren Generation, LLC",3132,Warren,2,PA,PJM,Conventional Steam Coal,BIT,ST,42.0,41.0,,,2002,9
17235,"GenOn REMA, LLC",3134,Wayne,A,PA,PJM,Petroleum Liquids,DFO,GT,53.0,56.0,,,2004,2
15276,TalenEnergy Martins Creek LLC,3139,TalenEnergy Martin Creek LLC Allentown,CTG1,PA,PJM,Petroleum Liquids,DFO,GT,16.0,14.0,,,2022,6
15276,TalenEnergy Martins Creek LLC,3139,TalenEnergy Martin Creek LLC Allentown,CTG2,PA,PJM,Petroleum Liquids,DFO,GT,16.0,14.0,,,2022,6
15276,TalenEnergy Martins Creek LLC,3139,TalenEnergy Martin Creek LLC Allentown,CTG3,PA,PJM,Petroleum Liquids,DFO,GT,16.0,14.0,,,2022,6
15276,TalenEnergy Martins Creek LLC,3139,TalenEnergy Martin Creek LLC Allentown,CTG4,PA,PJM,Petroleum Liquids,DFO,GT,16.0,14.0,,,2022,6
15537,Brunner Island LLC,3140,Brunner Island,BID1,PA,PJM,Petroleum Liquids,DFO,IC,2.7,2.7,,,2018,2
15537,Brunner Island LLC,3140,Brunner Island,BID2,PA,PJM,Petroleum Liquids,DFO,IC,2.7,2.7,,,2018,2
15537,Brunner Island LLC,3140,Brunner Island,BID3,PA,PJM,Petroleum Liquids,DFO,IC,2.7,2.0,,,2018,2
15276,TalenEnergy Martins Creek LLC,3142,TalenEnergy Martins Creek LLC Fishbach,UNT1,PA,PJM,Petroleum Liquids,DFO,GT,18.5,14.0,,,2022,4
15276,TalenEnergy Martins Creek LLC,3142,TalenEnergy Martins Creek LLC Fishbach,UNT2,PA,PJM,Petroleum Liquids,DFO,GT,18.5,14.0,,,2022,4
15276,TalenEnergy Martins Creek LLC,3143,TalenEnergy Martins Creek LLC Harrisburg,CTG1,PA,PJM,Petroleum Liquids,DFO,GT,16.0,13.4,,,2022,6
15276,TalenEnergy Martins Creek LLC,3143,TalenEnergy Martins Creek LLC Harrisburg,CTG2,PA,PJM,Petroleum Liquids,DFO,GT,16.0,13.9,,,2022,6
15276,TalenEnergy Martins Creek LLC,3143,TalenEnergy Martins Creek LLC Harrisburg,CTG3,PA,PJM,Petroleum Liquids,DFO,GT,16.0,13.8,,,2022,6
15276,TalenEnergy Martins Creek LLC,3143,TalenEnergy Martins Creek LLC Harrisburg,CTG4,PA,PJM,Petroleum Liquids,DFO,GT,16.0,14.0,,,2016,7
15276,TalenEnergy Martins Creek LLC,3144,TalenEnergy Martins Creek LLC Harwood,CTG1,PA,PJM,Petroleum Liquids,DFO,GT,16.0,12.9,,,2022,6
15276,TalenEnergy Martins Creek LLC,3144,TalenEnergy Martins Creek LLC Harwood,CTG2,PA,PJM,Petroleum Liquids,DFO,GT,16.0,12.3,,,2022,6
15276,TalenEnergy Martins Creek LLC,3146,TalenEnergy Martins Creek LLC Jenkins,CTG1,PA,PJM,Petroleum Liquids,DFO,GT,16.0,13.8,,,2022,4
15276,TalenEnergy Martins Creek LLC,3146,TalenEnergy Martins Creek LLC Jenkins,CTG2,PA,PJM,Petroleum Liquids,DFO,GT,16.0,13.8,,,2022,4
15276,TalenEnergy Martins Creek LLC,3147,TalenEnergy Martins Creek LLC Lock Haven,CTG,PA,PJM,Petroleum Liquids,DFO,GT,18.5,14.0,,,2022,4
15276,TalenEnergy Martins Creek LLC,3148,TalenEnergy Martins Creek,1,PA,PJM,Conventional Steam Coal,BIT,ST,156.2,140.0,,,2007,9
15276,TalenEnergy Martins Creek LLC,3148,TalenEnergy Martins Creek,2,PA,PJM,Conventional Steam Coal,BIT,ST,156.2,140.0,,,2007,9
15276,TalenEnergy Martins Creek LLC,3148,TalenEnergy Martins Creek,CTG1,PA,PJM,Natural Gas Fired Combustion Turbine,NG,GT,23.6,18.0,,,2023,6
15276,TalenEnergy Martins Creek LLC,3148,TalenEnergy Martins Creek,CTG2,PA,PJM,Natural Gas Fired Combustion Turbine,NG,GT,23.6,17.3,,,2023,6
15276,TalenEnergy Martins Creek LLC,3148,TalenEnergy Martins Creek,CTG3,PA,PJM,Natural Gas Fired Combustion Turbine,NG,GT,22.3,18.0,,,2022,6
15276,TalenEnergy Martins Creek LLC,3148,TalenEnergy Martins Creek,CTG4,PA,PJM,Natural Gas Fired Combustion Turbine,NG,GT,23.6,17.2,,,2023,6
15276,TalenEnergy Martins Creek LLC,3148,TalenEnergy Martins Creek,MCD1,PA,PJM,Petroleum Liquids,DFO,IC,2.7,2.5,,,2007,9
15276,TalenEnergy Martins Creek LLC,3148,TalenEnergy Martins Creek,MCD2,PA,PJM,Petroleum Liquids,DFO,IC,2.7,2.5,,,2007,9
15534,TalenEnergy Montour LLC,3149,TalenEnergy Montour,11,PA,PJM,Conventional Steam Coal,RC,ST,17.2,11.0,,,2019,2
22001,Sunbury Generation LP,3152,Sunbury Generation LP,1,PA,PJM,Conventional Steam Coal,BIT,ST,89.1,80.0,,,2014,7
22001,Sunbury Generation LP,3152,Sunbury Generation LP,2,PA,PJM,Conventional Steam Coal,BIT,ST,89.1,80.0,,,2014,7
22001,Sunbury Generation LP,3152,Sunbury Generation LP,3,PA,PJM,Conventional Steam Coal,BIT,ST,103.5,94.0,,,2014,7
22001,Sunbury Generation LP,3152,Sunbury Generation LP,4,PA,PJM,Conventional Steam Coal,BIT,ST,156.2,128.0,,,2014,7
15276,TalenEnergy Martins Creek LLC,3154,TalenEnergy Martins Creek LLC West Shore,CTG1,PA,PJM,Petroleum Liquids,DFO,GT,18.5,14.0,,,2022,4
15276,TalenEnergy Martins Creek LLC,3154,TalenEnergy Martins Creek LLC West Shore,CTG2,PA,PJM,Petroleum Liquids,DFO,GT,18.5,14.0,,,2022,4
15276,TalenEnergy Martins Creek LLC,3155,TalenEnergy Martins Creek LLC Williamspo,CTG1,PA,PJM,Petroleum Liquids,DFO,GT,16.0,13.2,,,2022,4
15276,TalenEnergy Martins Creek LLC,3155,TalenEnergy Martins Creek LLC Williamspo,CTG2,PA,PJM,Petroleum Liquids,DFO,GT,16.0,13.4,,,2022,4
6035,"Constellation Power, Inc",3159,Cromby Generating Station,1,PA,PJM,Conventional Steam Coal,BIT,ST,187.5,144.0,,,2011,5
6035,"Constellation Power, Inc",3159,Cromby Generating Station,2,PA,PJM,Petroleum Liquids,RFO,ST,230.0,201.0,,,2011,12
6035,"Constellation Power, Inc",3159,Cromby Generating Station,ICI,PA,PJM,Petroleum Liquids,DFO,IC,2.7,2.7,,,2011,12
6035,"Constellation Power, Inc",3160,Delaware Generating Station,1,PA,PJM,Petroleum Liquids,DFO,IC,2.7,2.7,,,2006,11
6035,"Constellation Power, Inc",3160,Delaware Generating Station,7,PA,PJM,Petroleum Liquids,RFO,ST,156.2,126.0,,,2004,2
6035,"Constellation Power, Inc",3160,Delaware Generating Station,8,PA,PJM,Petroleum Liquids,RFO,ST,156.2,124.0,,,2004,2
6035,"Constellation Power, Inc",3161,Eddystone Generating Station,1,PA,PJM,Conventional Steam Coal,BIT,ST,353.6,279.0,,,2011,5
6035,"Constellation Power, Inc",3161,Eddystone Generating Station,2,PA,PJM,Conventional Steam Coal,BIT,ST,353.6,309.0,,,2012,5
14940,PECO Energy Co,3166,Peach Bottom,1,PA,,Nuclear,NUC,ST,42.0,40.0,,,1975,3
6035,"Constellation Power, Inc",3169,Schuylkill Generating Station,1,PA,PJM,Petroleum Liquids,RFO,ST,190.4,166.0,,,2012,12
6035,"Constellation Power, Inc",3169,Schuylkill Generating Station,IC1,PA,PJM,Petroleum Liquids,DFO,IC,2.7,2.7,,,2012,12
23279,Allegheny Energy Supply Co LLC,3178,FirstEnergy Armstrong Power Station,1,PA,PJM,Conventional Steam Coal,BIT,ST,163.2,172.0,,,2012,9
23279,Allegheny Energy Supply Co LLC,3178,FirstEnergy Armstrong Power Station,2,PA,PJM,Conventional Steam Coal,BIT,ST,163.2,172.0,,,2012,9
23279,Allegheny Energy Supply Co LLC,3179,Hatfields Ferry Power Station,1,PA,PJM,Conventional Steam Coal,BIT,ST,576.0,530.0,,,2013,10
23279,Allegheny Energy Supply Co LLC,3179,Hatfields Ferry Power Station,2,PA,PJM,Conventional Steam Coal,BIT,ST,576.0,530.0,,,2013,10
23279,Allegheny Energy Supply Co LLC,3179,Hatfields Ferry Power Station,3,PA,PJM,Conventional Steam Coal,BIT,ST,576.0,530.0,,,2013,10
23279,Allegheny Energy Supply Co LLC,3181,FirstEnergy Mitchell Power Station,1,PA,PJM,Petroleum Liquids,DFO,ST,74.7,82.0,,,2002,12
23279,Allegheny Energy Supply Co LLC,3181,FirstEnergy Mitchell Power Station,2,PA,PJM,Petroleum Liquids,DFO,ST,74.7,82.0,,,2013,10
23279,Allegheny Energy Supply Co LLC,3181,FirstEnergy Mitchell Power Station,3,PA,PJM,Conventional Steam Coal,BIT,ST,299.2,278.0,,,2013,10
23279,Allegheny Energy Supply Co LLC,3182,FirstEnergy Springdale Power Station,7,PA,PJM,Petroleum Liquids,RFO,ST,74.7,86.0,,,2005,5
23279,Allegheny Energy Supply Co LLC,3182,FirstEnergy Springdale Power Station,8,PA,PJM,Petroleum Liquids,DFO,ST,140.6,121.0,,,2005,5
15440,Providence City of,3245,Providence,1,RI,,Conventional Hydroelectric,WAT,HY,1.5,1.4,,,2008,12
3046,Duke Energy Progress - (NC),3250,Darlington County,1,SC,CPLE,Natural Gas Fired Combustion Turbine,NG,GT,66.8,50.0,,,2020,3
3046,Duke Energy Progress - (NC),3250,Darlington County,10,SC,CPLE,Petroleum Liquids,DFO,GT,65.8,49.0,,,2020,3
3046,Duke Energy Progress - (NC),3250,Darlington County,11,SC,CPLE,Petroleum Liquids,DFO,GT,66.8,52.0,,,2015,11
3046,Duke Energy Progress - (NC),3250,Darlington County,2,SC,CPLE,Petroleum Liquids,DFO,GT,65.8,48.0,,,2020,3
3046,Duke Energy Progress - (NC),3250,Darlington County,3,SC,CPLE,Natural Gas Fired Combustion Turbine,NG,GT,66.8,50.0,,,2020,3
3046,Duke Energy Progress - (NC),3250,Darlington County,4,SC,CPLE,Petroleum Liquids,DFO,GT,65.8,48.0,,,2020,3
3046,Duke Energy Progress - (NC),3250,Darlington County,5,SC,CPLE,Natural Gas Fired Combustion Turbine,NG,GT,66.8,51.0,,,2018,5
3046,Duke Energy Progress - (NC),3250,Darlington County,6,SC,CPLE,Petroleum Liquids,DFO,GT,65.8,43.0,,,2020,3
3046,Duke Energy Progress - (NC),3250,Darlington County,7,SC,CPLE,Natural Gas Fired Combustion Turbine,NG,GT,66.8,47.0,,,2020,3
3046,Duke Energy Progress - (NC),3250,Darlington County,8,SC,CPLE,Petroleum Liquids,DFO,GT,65.8,44.0,,,2020,3
3046,Duke Energy Progress - (NC),3250,Darlington County,9,SC,CPLE,Petroleum Liquids,DFO,GT,66.8,50.0,,,2017,6
3046,Duke Energy Progress - (NC),3251,H B Robinson,1,SC,CPLE,Conventional Steam Coal,BIT,ST,206.6,177.0,,,2012,10
3046,Duke Energy Progress - (NC),3251,H B Robinson,GT1,SC,CPLE,Natural Gas Fired Combustion Turbine,NG,GT,16.3,11.0,,,2013,3
17543,South Carolina Public Service Authority,3254,Buzzard Roost,HC1,SC,DUK,Conventional Hydroelectric,WAT,HY,5.0,2.3,,,2021,12
17543,South Carolina Public Service Authority,3254,Buzzard Roost,HC2,SC,DUK,Conventional Hydroelectric,WAT,HY,5.0,2.3,,,2021,12
17543,South Carolina Public Service Authority,3254,Buzzard Roost,HC3,SC,DUK,Conventional Hydroelectric,WAT,HY,5.0,2.3,,,2021,12
63010,"Northbrook Carolina Hydro II, LLC",3258,Gaston Shoals,3,SC,DUK,Conventional Hydroelectric,WAT,HY,1.4,1.0,,,2025,7
5416,"Duke Energy Carolinas, LLC",3259,Great Falls (SC),3,SC,DUK,Conventional Hydroelectric,WAT,HY,3.0,3.0,,,2018,5
5416,"Duke Energy Carolinas, LLC",3259,Great Falls (SC),4,SC,DUK,Conventional Hydroelectric,WAT,HY,3.0,3.0,,,2018,5
5416,"Duke Energy Carolinas, LLC",3259,Great Falls (SC),7,SC,DUK,Conventional Hydroelectric,WAT,HY,3.0,3.0,,,2018,5
5416,"Duke Energy Carolinas, LLC",3259,Great Falls (SC),8,SC,DUK,Conventional Hydroelectric,WAT,HY,3.0,3.0,,,2018,5
5416,"Duke Energy Carolinas, LLC",3264,W S Lee,1,SC,DUK,Conventional Steam Coal,BIT,ST,90.0,100.0,,,2014,11
5416,"Duke Energy Carolinas, LLC",3264,W S Lee,2,SC,DUK,Conventional Steam Coal,BIT,ST,90.0,100.0,,,2014,11
5416,"Duke Energy Carolinas, LLC",3264,W S Lee,3,SC,DUK,Natural Gas Steam Turbine,NG,ST,163.2,170.0,,,2022,3
5416,"Duke Energy Carolinas, LLC",3264,W S Lee,4,SC,DUK,Natural Gas Fired Combustion Turbine,NG,GT,35.1,30.0,,,2007,1
5416,"Duke Energy Carolinas, LLC",3264,W S Lee,5,SC,DUK,Natural Gas Fired Combustion Turbine,NG,GT,35.1,30.0,,,2007,1
5416,"Duke Energy Carolinas, LLC",3264,W S Lee,6,SC,DUK,Natural Gas Fired Combustion Turbine,NG,GT,35.1,30.0,,,2007,1
5416,"Duke Energy Carolinas, LLC",3266,Rocky Creek,1,SC,DUK,Conventional Hydroelectric,WAT,HY,3.0,2.9,,,2018,5
5416,"Duke Energy Carolinas, LLC",3266,Rocky Creek,2,SC,DUK,Conventional Hydroelectric,WAT,HY,3.0,2.9,,,2018,5
5416,"Duke Energy Carolinas, LLC",3266,Rocky Creek,3,SC,DUK,Conventional Hydroelectric,WAT,HY,3.0,2.9,,,2018,5
5416,"Duke Energy Carolinas, LLC",3266,Rocky Creek,4,SC,DUK,Conventional Hydroelectric,WAT,HY,3.0,2.9,,,2018,5
5416,"Duke Energy Carolinas, LLC",3266,Rocky Creek,5,SC,DUK,Conventional Hydroelectric,WAT,HY,5.0,4.8,,,2018,5
5416,"Duke Energy Carolinas, LLC",3266,Rocky Creek,6,SC,DUK,Conventional Hydroelectric,WAT,HY,5.0,4.8,,,2018,5
5416,"Duke Energy Carolinas, LLC",3266,Rocky Creek,7,SC,DUK,Conventional Hydroelectric,WAT,HY,3.0,2.9,,,2018,5
5416,"Duke Energy Carolinas, LLC",3266,Rocky Creek,8,SC,DUK,Conventional Hydroelectric,WAT,HY,3.0,2.9,,,2018,5
5416,"Duke Energy Carolinas, LLC",3272,99 Islands,5,SC,DUK,Conventional Hydroelectric,WAT,HY,3.0,2.4,,,2018,12
5416,"Duke Energy Carolinas, LLC",3272,99 Islands,6,SC,DUK,Conventional Hydroelectric,WAT,HY,3.0,2.4,,,2018,12
17539,"Dominion Energy South Carolina, Inc",3277,Burton,1,SC,SCEG,Natural Gas Fired Combustion Turbine,NG,GT,11.5,9.0,,,2008,1
17539,"Dominion Energy South Carolina, Inc",3277,Burton,2,SC,SCEG,Natural Gas Fired Combustion Turbine,NG,GT,11.5,9.0,,,2008,1
17539,"Dominion Energy South Carolina, Inc",3277,Burton,3,SC,SCEG,Natural Gas Fired Combustion Turbine,NG,GT,11.5,9.0,,,2008,1
17539,"Dominion Energy South Carolina, Inc",3280,Canadys Steam,1,SC,SCEG,Conventional Steam Coal,BIT,ST,136.0,105.0,,,2012,12
17539,"Dominion Energy South Carolina, Inc",3280,Canadys Steam,2,SC,SCEG,Conventional Steam Coal,BIT,ST,136.0,115.0,,,2013,11
17539,"Dominion Energy South Carolina, Inc",3280,Canadys Steam,3,SC,SCEG,Conventional Steam Coal,BIT,ST,217.6,180.0,,,2013,11
17539,"Dominion Energy South Carolina, Inc",3281,Coit GT,1,SC,SCEG,Petroleum Liquids,DFO,GT,19.6,14.0,,,2025,12
17539,"Dominion Energy South Carolina, Inc",3281,Coit GT,2,SC,SCEG,Petroleum Liquids,DFO,GT,19.6,12.0,,,2025,12
17539,"Dominion Energy South Carolina, Inc",3284,Faber Place,1,SC,SCEG,Natural Gas Fired Combustion Turbine,NG,GT,11.5,8.0,,,2008,1
17539,"Dominion Energy South Carolina, Inc",3286,Hardeeville,1,SC,SCEG,Petroleum Liquids,DFO,GT,16.3,9.0,,,2022,3
17539,"Dominion Energy South Carolina, Inc",3291,Parr GT,GT1,SC,SCEG,Natural Gas Fired Combustion Turbine,NG,GT,19.6,13.5,,,2023,3
17539,"Dominion Energy South Carolina, Inc",3291,Parr GT,GT2,SC,SCEG,Natural Gas Fired Combustion Turbine,NG,GT,19.6,13.5,,,2023,3
17539,"Dominion Energy South Carolina, Inc",3291,Parr GT,GT3,SC,SCEG,Natural Gas Fired Combustion Turbine,NG,GT,22.3,16.5,,,2023,3
17539,"Dominion Energy South Carolina, Inc",3291,Parr GT,GT4,SC,SCEG,Natural Gas Fired Combustion Turbine,NG,GT,22.3,16.5,,,2023,3
17554,"South Carolina Genertg Co, Inc",3298,Williams,1,SC,SCEG,Natural Gas Fired Combustion Turbine,NG,GT,26.9,20.0,,,2022,9
17554,"South Carolina Genertg Co, Inc",3298,Williams,2,SC,SCEG,Natural Gas Fired Combustion Turbine,NG,GT,26.9,20.0,,,2022,9
34,City of Abbeville - (SC),3305,Rocky River (SC),IC1,SC,DUK,Petroleum Liquids,DFO,IC,1.1,1.1,,,2013,1
17543,South Carolina Public Service Authority,3317,Dolphus M Grainger,1,SC,SC,Conventional Steam Coal,BIT,ST,81.6,83.0,,,2012,12
17543,South Carolina Public Service Authority,3317,Dolphus M Grainger,2,SC,SC,Conventional Steam Coal,BIT,ST,81.6,83.0,,,2012,12
17543,South Carolina Public Service Authority,3319,Jefferies,1,SC,SC,Petroleum Liquids,WO,ST,50.0,42.0,,,2015,10
17543,South Carolina Public Service Authority,3319,Jefferies,2,SC,SC,Petroleum Liquids,WO,ST,50.0,42.0,,,2015,10
17543,South Carolina Public Service Authority,3319,Jefferies,3,SC,SC,Conventional Steam Coal,BIT,ST,172.8,152.0,,,2012,12
17543,South Carolina Public Service Authority,3319,Jefferies,4,SC,SC,Conventional Steam Coal,BIT,ST,172.8,150.0,,,2012,12
19545,"Black Hills Power, Inc.",3325,Ben French,ST1,SD,WACM,Conventional Steam Coal,SUB,ST,25.0,21.6,,,2014,3
13809,NorthWestern Energy - (SD),3343,Highmore,1,SD,SWPP,Petroleum Liquids,DFO,IC,0.6,0.6,,,2014,6
13809,NorthWestern Energy - (SD),3343,Highmore,2,SD,SWPP,Petroleum Liquids,DFO,IC,1.3,1.3,,,2014,6
13809,NorthWestern Energy - (SD),3343,Highmore,3,SD,SWPP,Petroleum Liquids,DFO,IC,2.7,2.6,,,2014,6
13809,NorthWestern Energy - (SD),3344,Huron,1,SD,SWPP,Natural Gas Fired Combustion Turbine,NG,GT,15.0,11.0,,,2022,4
13809,NorthWestern Energy - (SD),3344,Huron,2A,SD,SWPP,Natural Gas Fired Combustion Turbine,NG,GT,42.9,43.7,,,2019,12
13809,NorthWestern Energy - (SD),3346,Mobile Unit,1,SD,SWPP,Petroleum Liquids,DFO,IC,0.5,0.5,,,2008,9
13809,NorthWestern Energy - (SD),3346,Mobile Unit,2,SD,SWPP,Petroleum Liquids,DFO,IC,1.7,1.8,,,2019,12
13809,NorthWestern Energy - (SD),3346,Mobile Unit,3,SD,SWPP,Petroleum Liquids,DFO,IC,2.0,2.0,,,2019,12
13809,NorthWestern Energy - (SD),3347,Redfield,1,SD,SWPP,Natural Gas Internal Combustion Engine,NG,IC,1.3,1.3,,,2014,6
13809,NorthWestern Energy - (SD),3347,Redfield,2,SD,SWPP,Natural Gas Internal Combustion Engine,NG,IC,1.3,1.3,,,2014,6
13809,NorthWestern Energy - (SD),3347,Redfield,3,SD,SWPP,Natural Gas Internal Combustion Engine,NG,IC,1.3,1.3,,,2014,6
13809,NorthWestern Energy - (SD),3348,Webster IC,1,SD,MISO,Petroleum Liquids,DFO,IC,0.7,0.8,,,2002,3
13809,NorthWestern Energy - (SD),3348,Webster IC,2,SD,MISO,Petroleum Liquids,DFO,IC,1.9,1.9,,,2004,4
18642,Tennessee Valley Authority,3393,Allen,1,TN,TVA,Conventional Steam Coal,SUB,ST,330.0,247.0,,,2018,3
18642,Tennessee Valley Authority,3393,Allen,2,TN,TVA,Conventional Steam Coal,SUB,ST,330.0,247.0,,,2018,3
18642,Tennessee Valley Authority,3393,Allen,3,TN,TVA,Conventional Steam Coal,SUB,ST,330.0,247.0,,,2018,3
18642,Tennessee Valley Authority,3393,Allen,G10,TN,TVA,Petroleum Liquids,DFO,GT,23.9,15.1,,,2025,5
18642,Tennessee Valley Authority,3393,Allen,G11,TN,TVA,Petroleum Liquids,DFO,GT,23.9,15.1,,,2025,5
18642,Tennessee Valley Authority,3393,Allen,G12,TN,TVA,Petroleum Liquids,DFO,GT,23.9,15.1,,,2025,5
18642,Tennessee Valley Authority,3393,Allen,G13,TN,TVA,Petroleum Liquids,DFO,GT,23.9,15.1,,,2025,5
18642,Tennessee Valley Authority,3393,Allen,G14,TN,TVA,Petroleum Liquids,DFO,GT,23.9,15.1,,,2025,5
18642,Tennessee Valley Authority,3393,Allen,G15,TN,TVA,Petroleum Liquids,DFO,GT,23.9,15.1,,,2025,5
18642,Tennessee Valley Authority,3393,Allen,G16,TN,TVA,Petroleum Liquids,DFO,GT,23.9,15.1,,,2025,5
18642,Tennessee Valley Authority,3393,Allen,G17,TN,TVA,Petroleum Liquids,DFO,GT,59.6,46.4,,,2025,5
18642,Tennessee Valley Authority,3393,Allen,G18,TN,TVA,Petroleum Liquids,DFO,GT,59.6,46.4,,,2025,5
18642,Tennessee Valley Authority,3393,Allen,GT1,TN,TVA,Petroleum Liquids,DFO,GT,23.9,15.1,,,2025,5
18642,Tennessee Valley Authority,3393,Allen,GT2,TN,TVA,Petroleum Liquids,DFO,GT,23.9,15.1,,,2025,5
18642,Tennessee Valley Authority,3393,Allen,GT3,TN,TVA,Petroleum Liquids,DFO,GT,23.9,15.1,,,2025,5
18642,Tennessee Valley Authority,3393,Allen,GT4,TN,TVA,Petroleum Liquids,DFO,GT,23.9,15.1,,,2025,5
18642,Tennessee Valley Authority,3393,Allen,GT5,TN,TVA,Petroleum Liquids,DFO,GT,23.9,15.1,,,2025,5
18642,Tennessee Valley Authority,3393,Allen,GT6,TN,TVA,Petroleum Liquids,DFO,GT,23.9,15.1,,,2025,5
18642,Tennessee Valley Authority,3393,Allen,GT7,TN,TVA,Petroleum Liquids,DFO,GT,23.9,15.1,,,2025,5
18642,Tennessee Valley Authority,3393,Allen,GT8,TN,TVA,Petroleum Liquids,DFO,GT,23.9,15.1,,,2025,5
18642,Tennessee Valley Authority,3393,Allen,GT9,TN,TVA,Petroleum Liquids,DFO,GT,23.9,15.1,,,2025,5
18642,Tennessee Valley Authority,3396,Bull Run,1,TN,TVA,Conventional Steam Coal,BIT,ST,950.0,865.0,,,2023,9
18642,Tennessee Valley Authority,3405,John Sevier,1,TN,TVA,Conventional Steam Coal,BIT,ST,200.0,176.0,,,2012,12
18642,Tennessee Valley Authority,3405,John Sevier,2,TN,TVA,Conventional Steam Coal,BIT,ST,200.0,176.0,,,2012,12
18642,Tennessee Valley Authority,3405,John Sevier,3,TN,TVA,Conventional Steam Coal,BIT,ST,200.0,176.0,,,2014,6
18642,Tennessee Valley Authority,3405,John Sevier,4,TN,TVA,Conventional Steam Coal,BIT,ST,200.0,176.0,,,2014,6
18642,Tennessee Valley Authority,3406,Johnsonville,1,TN,TVA,Conventional Steam Coal,SUB,ST,125.0,107.0,,,2017,12
18642,Tennessee Valley Authority,3406,Johnsonville,10,TN,TVA,Conventional Steam Coal,SUB,ST,172.8,141.0,,,2015,12
18642,Tennessee Valley Authority,3406,Johnsonville,2,TN,TVA,Conventional Steam Coal,SUB,ST,125.0,107.0,,,2017,12
18642,Tennessee Valley Authority,3406,Johnsonville,3,TN,TVA,Conventional Steam Coal,SUB,ST,125.0,107.0,,,2017,12
18642,Tennessee Valley Authority,3406,Johnsonville,4,TN,TVA,Conventional Steam Coal,SUB,ST,125.0,107.0,,,2017,12
18642,Tennessee Valley Authority,3406,Johnsonville,5,TN,TVA,Conventional Steam Coal,SUB,ST,147.0,107.0,,,2015,12
18642,Tennessee Valley Authority,3406,Johnsonville,6,TN,TVA,Conventional Steam Coal,SUB,ST,147.0,107.0,,,2015,12
18642,Tennessee Valley Authority,3406,Johnsonville,7,TN,TVA,Conventional Steam Coal,SUB,ST,172.8,141.0,,,2015,12
18642,Tennessee Valley Authority,3406,Johnsonville,8,TN,TVA,Conventional Steam Coal,SUB,ST,172.8,141.0,,,2015,12
18642,Tennessee Valley Authority,3406,Johnsonville,9,TN,TVA,Conventional Steam Coal,SUB,ST,172.8,141.0,,,2015,12
18642,Tennessee Valley Authority,3406,Johnsonville,GT4,TN,TVA,Natural Gas Fired Combustion Turbine,NG,GT,68.0,47.1,,,2025,3
18642,Tennessee Valley Authority,3406,Johnsonville,GT5,TN,TVA,Natural Gas Fired Combustion Turbine,NG,GT,68.0,47.1,,,2025,3
18642,Tennessee Valley Authority,3406,Johnsonville,GT6,TN,TVA,Natural Gas Fired Combustion Turbine,NG,GT,68.0,47.1,,,2025,3
18642,Tennessee Valley Authority,3406,Johnsonville,GT7,TN,TVA,Natural Gas Fired Combustion Turbine,NG,GT,68.0,47.1,,,2025,3
18642,Tennessee Valley Authority,3406,Johnsonville,GT8,TN,TVA,Natural Gas Fired Combustion Turbine,NG,GT,68.0,47.1,,,2025,3
18642,Tennessee Valley Authority,3406,Johnsonville,GT9,TN,TVA,Natural Gas Fired Combustion Turbine,NG,GT,68.0,47.1,,,2025,3
18642,Tennessee Valley Authority,3419,Watts Bar Fossil,ST1,TN,TVA,Conventional Steam Coal,BIT,ST,60.0,56.0,,,2011,12
18642,Tennessee Valley Authority,3419,Watts Bar Fossil,ST2,TN,TVA,Conventional Steam Coal,BIT,ST,60.0,56.0,,,2011,12
18642,Tennessee Valley Authority,3419,Watts Bar Fossil,ST3,TN,TVA,Conventional Steam Coal,BIT,ST,60.0,56.0,,,2011,12
18642,Tennessee Valley Authority,3419,Watts Bar Fossil,ST4,TN,TVA,Conventional Steam Coal,BIT,ST,60.0,56.0,,,2011,12
50053,Calhoun Port Authority,3436,E S Joslin,1,TX,ERCO,Natural Gas Steam Turbine,NG,ST,261.0,254.0,,,2002,12
54907,ReNu Power Holdings LLC,3438,J L Bates,1,TX,ERCO,Natural Gas Steam Turbine,NG,ST,75.0,72.0,,,2008,10
54907,ReNu Power Holdings LLC,3438,J L Bates,2,TX,ERCO,Natural Gas Steam Turbine,NG,ST,113.7,110.0,,,2008,10
16604,City of San Antonio - (TX),3439,Laredo,1,TX,ERCO,Natural Gas Steam Turbine,NG,ST,34.5,32.0,,,2008,9
16604,City of San Antonio - (TX),3439,Laredo,2,TX,ERCO,Natural Gas Steam Turbine,NG,ST,37.5,32.0,,,2008,9
16604,City of San Antonio - (TX),3439,Laredo,3,TX,ERCO,Natural Gas Steam Turbine,NG,ST,115.2,105.0,,,2008,9
54907,ReNu Power Holdings LLC,3440,Lon C Hill,1,TX,ERCO,Natural Gas Steam Turbine,NG,ST,75.0,75.0,,,2006,12
54907,ReNu Power Holdings LLC,3440,Lon C Hill,2,TX,ERCO,Natural Gas Steam Turbine,NG,ST,75.0,75.0,,,2006,12
54907,ReNu Power Holdings LLC,3440,Lon C Hill,3,TX,ERCO,Natural Gas Steam Turbine,NG,ST,163.2,164.0,,,2010,12
54907,ReNu Power Holdings LLC,3440,Lon C Hill,4,TX,ERCO,Natural Gas Steam Turbine,NG,ST,261.0,245.0,,,2006,12
16604,City of San Antonio - (TX),3441,Nueces Bay,5,TX,ERCO,Natural Gas Steam Turbine,NG,ST,32.5,30.0,,,2008,5
16604,City of San Antonio - (TX),3441,Nueces Bay,6,TX,ERCO,Natural Gas Steam Turbine,NG,ST,180.0,161.0,,,2008,5
54907,ReNu Power Holdings LLC,3442,La Palma,4,TX,ERCO,Natural Gas Steam Turbine,NG,ST,23.0,24.0,,,2007,2
54907,ReNu Power Holdings LLC,3442,La Palma,5,TX,ERCO,Natural Gas Steam Turbine,NG,ST,23.0,24.0,,,2007,2
54907,ReNu Power Holdings LLC,3442,La Palma,6,TX,ERCO,Natural Gas Steam Turbine,NG,ST,163.2,155.0,,,2007,2
54907,ReNu Power Holdings LLC,3442,La Palma,7,TX,ERCO,Natural Gas Fired Combustion Turbine,NG,GT,49.1,52.0,,,2006,12
60638,"Victoria WLE, LP",3443,Victoria,4,TX,ERCO,Natural Gas Steam Turbine,NG,ST,75.0,69.0,,,2009,9
60638,"Victoria WLE, LP",3443,Victoria,6,TX,ERCO,Natural Gas Steam Turbine,NG,ST,261.0,250.0,,,2008,12
62026,"Mountain Creek Power, LLC",3453,Mountain Creek,2,TX,ERCO,Natural Gas Steam Turbine,NG,ST,31.2,24.0,,,2009,3
62026,"Mountain Creek Power, LLC",3453,Mountain Creek,3,TX,ERCO,Natural Gas Steam Turbine,NG,ST,74.9,70.0,,,2009,3
55983,Luminant Generation Company LLC,3454,North Lake,1,TX,ERCO,Natural Gas Steam Turbine,NG,ST,176.8,175.0,,,2009,5
55983,Luminant Generation Company LLC,3454,North Lake,2,TX,ERCO,Natural Gas Steam Turbine,NG,ST,170.4,175.0,,,2009,5
55983,Luminant Generation Company LLC,3454,North Lake,3,TX,ERCO,Natural Gas Steam Turbine,NG,ST,361.3,365.0,,,2009,5
55983,Luminant Generation Company LLC,3455,Parkdale,1,TX,ERCO,Natural Gas Steam Turbine,NG,ST,79.6,87.0,,,2004,3
55983,Luminant Generation Company LLC,3455,Parkdale,2,TX,ERCO,Natural Gas Steam Turbine,NG,ST,125.0,115.0,,,2004,3
55983,Luminant Generation Company LLC,3455,Parkdale,3,TX,ERCO,Natural Gas Steam Turbine,NG,ST,136.0,125.0,,,2004,3
55937,Entergy Texas Inc.,3459,Sabine,2,TX,MISO,Natural Gas Steam Turbine,NG,ST,239.4,204.4,,,2016,10
54888,NRG Texas Power LLC,3460,Cedar Bayou,3,TX,ERCO,Natural Gas Steam Turbine,NG,ST,765.0,760.0,,,2007,7
54779,AES Western Power LLC,3461,Deepwater,7,TX,,Natural Gas Steam Turbine,NG,ST,187.8,174.0,,,2005,11
54888,NRG Texas Power LLC,3464,Greens Bayou,5,TX,ERCO,Natural Gas Steam Turbine,NG,ST,446.4,406.0,,,2017,12
56082,Biofuels Power Corporation,3465,Hiram Clarke,1,TX,,Natural Gas Fired Combustion Turbine,NG,GT,16.0,13.0,,,2006,2
56082,Biofuels Power Corporation,3465,Hiram Clarke,2,TX,,Natural Gas Fired Combustion Turbine,NG,GT,16.0,13.0,,,2006,2
56082,Biofuels Power Corporation,3465,Hiram Clarke,3,TX,,Natural Gas Fired Combustion Turbine,NG,GT,16.0,13.0,,,2006,2
56082,Biofuels Power Corporation,3465,Hiram Clarke,4,TX,,Natural Gas Fired Combustion Turbine,NG,GT,16.0,13.0,,,2006,2
56082,Biofuels Power Corporation,3465,Hiram Clarke,5,TX,,Natural Gas Fired Combustion Turbine,NG,GT,16.0,13.0,,,2006,2
56082,Biofuels Power Corporation,3465,Hiram Clarke,6,TX,,Natural Gas Fired Combustion Turbine,NG,GT,16.0,13.0,,,2006,2
54888,NRG Texas Power LLC,3466,P H Robinson,1,TX,ERCO,Natural Gas Steam Turbine,NG,ST,484.5,461.0,,,2009,10
54888,NRG Texas Power LLC,3466,P H Robinson,2,TX,ERCO,Natural Gas Steam Turbine,NG,ST,484.5,461.0,,,2009,10
54888,NRG Texas Power LLC,3466,P H Robinson,3,TX,ERCO,Natural Gas Steam Turbine,NG,ST,580.5,552.0,,,2009,10
54888,NRG Texas Power LLC,3466,P H Robinson,4,TX,ERCO,Natural Gas Steam Turbine,NG,ST,765.0,737.0,,,2009,10
54888,NRG Texas Power LLC,3468,Sam Bertron,3,TX,ERCO,Natural Gas Steam Turbine,NG,ST,225.3,230.0,,,2017,12
54888,NRG Texas Power LLC,3468,Sam Bertron,4,TX,ERCO,Natural Gas Steam Turbine,NG,ST,225.3,230.0,,,2017,12
54888,NRG Texas Power LLC,3468,Sam Bertron,GT1,TX,ERCO,Natural Gas Fired Combustion Turbine,NG,GT,32.6,20.0,,,2009,4
54888,NRG Texas Power LLC,3468,Sam Bertron,GT2,TX,ERCO,Natural Gas Fired Combustion Turbine,NG,GT,16.3,13.0,,,2017,12
54888,NRG Texas Power LLC,3468,Sam Bertron,ST1,TX,ERCO,Natural Gas Steam Turbine,NG,ST,187.8,118.0,,,2019,1
54888,NRG Texas Power LLC,3468,Sam Bertron,ST2,TX,ERCO,Natural Gas Steam Turbine,NG,ST,187.8,174.0,,,2019,1
54888,NRG Texas Power LLC,3469,T H Wharton,2,TX,ERCO,Natural Gas Steam Turbine,NG,ST,247.8,229.0,,,2005,12
54888,NRG Texas Power LLC,3471,Webster,3,TX,,Natural Gas Steam Turbine,NG,ST,410.0,374.0,,,2006,3
54888,NRG Texas Power LLC,3471,Webster,GT1,TX,,Natural Gas Fired Combustion Turbine,NG,GT,16.3,13.0,,,2006,3
17698,Southwestern Electric Power Co,3476,Knox Lee,2,TX,SWPP,Natural Gas Steam Turbine,NG,ST,38.0,31.0,,,2020,5
17698,Southwestern Electric Power Co,3476,Knox Lee,3,TX,SWPP,Natural Gas Steam Turbine,NG,ST,38.0,25.0,,,2020,5
17698,Southwestern Electric Power Co,3476,Knox Lee,4,TX,SWPP,Natural Gas Steam Turbine,NG,ST,74.0,73.0,,,2018,12
17698,Southwestern Electric Power Co,3477,Lone Star,1,TX,SWPP,Natural Gas Steam Turbine,NG,ST,40.0,50.0,,,2020,5
17718,Southwestern Public Service Co,3483,Moore County,3,TX,SWPP,Natural Gas Steam Turbine,NG,ST,49.0,46.0,,,2013,9
17718,Southwestern Public Service Co,3485,Plant X,1,TX,SWPP,Natural Gas Steam Turbine,NG,ST,48.0,38.0,,,2023,12
17718,Southwestern Public Service Co,3485,Plant X,2,TX,SWPP,Natural Gas Steam Turbine,NG,ST,98.0,90.0,,,2023,12
17718,Southwestern Public Service Co,3485,Plant X,3,TX,SWPP,Natural Gas Steam Turbine,NG,ST,98.0,93.0,,,2022,12
17718,Southwestern Public Service Co,3487,Riverview,6,TX,SWPP,Natural Gas Fired Combustion Turbine,NG,GT,28.6,22.0,,,2012,9
55983,Luminant Generation Company LLC,3489,Eagle Mountain,1,TX,ERCO,Natural Gas Steam Turbine,NG,ST,122.5,115.0,,,2012,8
55983,Luminant Generation Company LLC,3489,Eagle Mountain,2,TX,ERCO,Natural Gas Steam Turbine,NG,ST,187.5,175.0,,,2012,8
55983,Luminant Generation Company LLC,3489,Eagle Mountain,3,TX,ERCO,Natural Gas Steam Turbine,NG,ST,396.1,375.0,,,2012,8
6035,"Constellation Power, Inc",3491,Handley,1,TX,ERCO,Natural Gas Steam Turbine,NG,ST,43.7,42.0,,,2009,12
6035,"Constellation Power, Inc",3491,Handley,2,TX,ERCO,Natural Gas Steam Turbine,NG,ST,74.8,75.0,,,2009,12
55983,Luminant Generation Company LLC,3492,Morgan Creek,2,TX,ERCO,Natural Gas Steam Turbine,NG,ST,18.4,17.5,,,2004,3
55983,Luminant Generation Company LLC,3492,Morgan Creek,3,TX,ERCO,Natural Gas Steam Turbine,NG,ST,46.0,43.0,,,2004,3
55983,Luminant Generation Company LLC,3492,Morgan Creek,4,TX,ERCO,Natural Gas Steam Turbine,NG,ST,75.0,70.0,,,2004,3
55983,Luminant Generation Company LLC,3492,Morgan Creek,5,TX,ERCO,Natural Gas Steam Turbine,NG,ST,170.4,175.0,,,2012,2
55983,Luminant Generation Company LLC,3492,Morgan Creek,6,TX,ERCO,Natural Gas Steam Turbine,NG,ST,517.5,511.0,,,2012,2
55983,Luminant Generation Company LLC,3493,North Main,4,TX,ERCO,Natural Gas Steam Turbine,NG,ST,81.2,80.0,,,2004,3
55983,Luminant Generation Company LLC,3494,Permian Basin,5,TX,ERCO,Natural Gas Steam Turbine,NG,ST,114.9,112.0,,,2016,2
55983,Luminant Generation Company LLC,3494,Permian Basin,6,TX,ERCO,Natural Gas Steam Turbine,NG,ST,535.5,515.0,,,2016,2
55983,Luminant Generation Company LLC,3497,Big Brown,1,TX,ERCO,Conventional Steam Coal,SUB,ST,593.4,606.0,,,2018,2
55983,Luminant Generation Company LLC,3497,Big Brown,2,TX,ERCO,Conventional Steam Coal,SUB,ST,593.4,602.0,,,2018,2
56885,Collin Power Company LLC,3500,Collin,1,TX,,Natural Gas Steam Turbine,NG,ST,156.2,154.0,,,2010,12
55983,Luminant Generation Company LLC,3502,Lake Creek,D1,TX,ERCO,Petroleum Liquids,DFO,IC,2.0,2.0,,,2014,12
55983,Luminant Generation Company LLC,3502,Lake Creek,D2,TX,ERCO,Petroleum Liquids,DFO,IC,2.0,2.0,,,2014,12
55983,Luminant Generation Company LLC,3502,Lake Creek,D3,TX,ERCO,Petroleum Liquids,DFO,IC,2.0,2.0,,,2014,12
55983,Luminant Generation Company LLC,3502,Lake Creek,ST1,TX,ERCO,Natural Gas Steam Turbine,NG,ST,79.6,87.0,,,2014,12
55983,Luminant Generation Company LLC,3502,Lake Creek,ST2,TX,ERCO,Natural Gas Steam Turbine,NG,ST,236.0,230.0,,,2014,12
55983,Luminant Generation Company LLC,3503,River Crest,1,TX,ERCO,Natural Gas Steam Turbine,NG,ST,112.5,110.0,,,2004,3
56881,Valley NG Power Company LLC,3508,Valley (TX),1,TX,ERCO,Natural Gas Steam Turbine,NG,ST,198.9,174.0,,,2015,10
56881,Valley NG Power Company LLC,3508,Valley (TX),2,TX,ERCO,Natural Gas Steam Turbine,NG,ST,580.5,520.0,,,2015,10
56881,Valley NG Power Company LLC,3508,Valley (TX),3,TX,ERCO,Natural Gas Steam Turbine,NG,ST,396.0,375.0,,,2015,10
20404,AEP Texas North Company,3517,Abilene,4,TX,,Natural Gas Steam Turbine,NG,ST,15.0,18.0,,,2005,5
20404,AEP Texas North Company,3520,Fort Stockton,2,TX,,Natural Gas Fired Combustion Turbine,NG,GT,5.0,5.0,,,2005,5
20404,AEP Texas North Company,3521,Lake Pauline,1,TX,,Natural Gas Steam Turbine,NG,ST,20.0,12.0,,,2005,5
20404,AEP Texas North Company,3521,Lake Pauline,2,TX,,Natural Gas Steam Turbine,NG,ST,20.0,23.0,,,2005,5
20404,AEP Texas North Company,3523,Oak Creek,1,TX,,Natural Gas Steam Turbine,NG,ST,75.0,85.0,,,2005,5
20404,AEP Texas North Company,3524,Paint Creek,1,TX,,Natural Gas Steam Turbine,NG,ST,34.5,31.0,,,2005,5
20404,AEP Texas North Company,3524,Paint Creek,2,TX,,Natural Gas Steam Turbine,NG,ST,37.5,31.0,,,2005,5
20404,AEP Texas North Company,3524,Paint Creek,3,TX,,Natural Gas Steam Turbine,NG,ST,54.4,53.0,,,2005,5
20404,AEP Texas North Company,3524,Paint Creek,4,TX,,Natural Gas Steam Turbine,NG,ST,115.2,116.0,,,2005,5
20404,AEP Texas North Company,3525,Presidio,5,TX,,Petroleum Liquids,DFO,IC,1.1,1.0,,,2005,8
20404,AEP Texas North Company,3525,Presidio,6,TX,,Petroleum Liquids,DFO,IC,1.1,1.0,,,2005,8
20404,AEP Texas North Company,3526,Rio Pecos,4,TX,,Natural Gas Fired Combined Cycle,NG,CT,5.0,5.0,,,2005,5
20404,AEP Texas North Company,3526,Rio Pecos,5,TX,,Natural Gas Fired Combined Cycle,NG,CA,37.5,38.0,,,2005,5
20404,AEP Texas North Company,3526,Rio Pecos,6,TX,,Natural Gas Steam Turbine,NG,ST,99.0,98.0,,,2005,5
20404,AEP Texas North Company,3527,San Angelo,1,TX,,Natural Gas Fired Combined Cycle,NG,CT,25.0,21.0,,,2004,9
20404,AEP Texas North Company,3527,San Angelo,2,TX,,Natural Gas Fired Combined Cycle,NG,CA,101.0,102.0,,,2004,10
1015,Austin Energy,3548,Decker Creek,1,TX,ERCO,Natural Gas Steam Turbine,NG,ST,321.0,320.0,,,2020,10
1015,Austin Energy,3548,Decker Creek,2,TX,ERCO,Natural Gas Steam Turbine,NG,ST,405.0,404.0,,,2022,3
1015,Austin Energy,3549,Holly Street,1,TX,ERCO,Natural Gas Steam Turbine,NG,ST,100.0,100.0,,,2004,12
1015,Austin Energy,3549,Holly Street,2,TX,ERCO,Natural Gas Steam Turbine,NG,ST,100.0,100.0,,,2004,12
1015,Austin Energy,3549,Holly Street,3,TX,ERCO,Natural Gas Steam Turbine,NG,ST,165.0,195.0,,,2007,9
1015,Austin Energy,3549,Holly Street,4,TX,ERCO,Natural Gas Steam Turbine,NG,ST,193.0,196.0,,,2007,9
2176,Brazos River Authority,3557,Morris Sheppard,1,TX,ERCO,Conventional Hydroelectric,WAT,HY,11.3,12.0,,,2014,3
2176,Brazos River Authority,3557,Morris Sheppard,2,TX,ERCO,Conventional Hydroelectric,WAT,HY,11.3,12.0,,,2014,3
2404,City of Brownfield - (TX),3558,Brownfield,1,TX,,Natural Gas Internal Combustion Engine,NG,IC,2.0,0.7,,,2008,4
2404,City of Brownfield - (TX),3558,Brownfield,3,TX,,Natural Gas Internal Combustion Engine,NG,IC,3.1,1.5,,,2008,4
2404,City of Brownfield - (TX),3558,Brownfield,4,TX,,Natural Gas Internal Combustion Engine,NG,IC,2.7,1.8,,,2008,4
2404,City of Brownfield - (TX),3558,Brownfield,5,TX,,Natural Gas Internal Combustion Engine,NG,IC,3.6,1.8,,,2008,4
2404,City of Brownfield - (TX),3558,Brownfield,GT1,TX,,Natural Gas Fired Combustion Turbine,NG,GT,6.5,6.0,,,2008,9
2409,Brownsville Public Utilities Board,3559,Silas Ray,5,TX,ERCO,Natural Gas Steam Turbine,NG,ST,24.0,18.0,,,2016,4
2409,Brownsville Public Utilities Board,3559,Silas Ray,DG-2,TX,ERCO,Petroleum Liquids,DFO,IC,1.3,1.0,,,2019,5
2409,Brownsville Public Utilities Board,3559,Silas Ray,DG-7a,TX,ERCO,Petroleum Liquids,DFO,IC,1.3,1.0,,,2019,5
2409,Brownsville Public Utilities Board,3559,Silas Ray,DG-7b,TX,ERCO,Petroleum Liquids,DFO,IC,1.3,1.0,,,2019,5
2442,City of Bryan - (TX),3561,Bryan (TX),3,TX,ERCO,Natural Gas Steam Turbine,NG,ST,13.0,12.0,,,2014,7
2442,City of Bryan - (TX),3561,Bryan (TX),4,TX,ERCO,Natural Gas Steam Turbine,NG,ST,24.0,22.0,,,2014,7
2442,City of Bryan - (TX),3561,Bryan (TX),5,TX,ERCO,Natural Gas Steam Turbine,NG,ST,25.0,25.0,,,2014,7
2442,City of Bryan - (TX),3561,Bryan (TX),6,TX,ERCO,Natural Gas Steam Turbine,NG,ST,54.0,50.0,,,2014,7
3923,City of Coleman - (TX),3566,Coleman,IC1,TX,,Natural Gas Internal Combustion Engine,NG,IC,1.5,1.3,,,2004,12
3923,City of Coleman - (TX),3566,Coleman,IC2,TX,,Natural Gas Internal Combustion Engine,NG,IC,1.0,1.0,,,2004,12
3923,City of Coleman - (TX),3566,Coleman,IC3,TX,,Natural Gas Internal Combustion Engine,NG,IC,1.3,1.1,,,2004,12
3923,City of Coleman - (TX),3566,Coleman,IC4,TX,,Natural Gas Internal Combustion Engine,NG,IC,1.5,1.3,,,2004,12
3923,City of Coleman - (TX),3566,Coleman,IC5,TX,,Natural Gas Internal Combustion Engine,NG,IC,2.2,1.8,,,2004,12
3923,City of Coleman - (TX),3566,Coleman,IC6,TX,,Natural Gas Internal Combustion Engine,NG,IC,2.5,2.2,,,2004,12
3923,City of Coleman - (TX),3566,Coleman,IC7,TX,,Natural Gas Internal Combustion Engine,NG,IC,1.5,1.2,,,2004,12
3923,City of Coleman - (TX),3566,Coleman,IC8,TX,,Natural Gas Internal Combustion Engine,NG,IC,1.3,0.8,,,2004,12
3923,City of Coleman - (TX),3566,Coleman,IC9,TX,,Natural Gas Internal Combustion Engine,NG,IC,4.0,3.6,,,2004,12
6472,City of Floydada - (TX),3573,Floydada,2,TX,,Natural Gas Internal Combustion Engine,NG,IC,1.2,1.0,,,2002,7
6472,City of Floydada - (TX),3573,Floydada,3,TX,,Natural Gas Internal Combustion Engine,NG,IC,1.2,1.0,,,2002,7
6472,City of Floydada - (TX),3573,Floydada,4,TX,,Natural Gas Internal Combustion Engine,NG,IC,1.2,0.9,,,2002,7
6472,City of Floydada - (TX),3573,Floydada,5,TX,,Natural Gas Internal Combustion Engine,NG,IC,1.2,0.9,,,2002,7
6472,City of Floydada - (TX),3573,Floydada,6,TX,,Natural Gas Internal Combustion Engine,NG,IC,2.0,1.4,,,2002,7
6958,City of Garland - (TX),3574,C E Newman,1,TX,ERCO,Natural Gas Steam Turbine,NG,ST,7.5,8.0,,,2005,5
6958,City of Garland - (TX),3574,C E Newman,2,TX,ERCO,Natural Gas Steam Turbine,NG,ST,7.5,8.0,,,2005,5
6958,City of Garland - (TX),3574,C E Newman,3,TX,ERCO,Natural Gas Steam Turbine,NG,ST,18.7,17.0,,,2005,5
6958,City of Garland - (TX),3574,C E Newman,4,TX,ERCO,Natural Gas Steam Turbine,NG,ST,18.7,18.0,,,2005,5
6958,City of Garland - (TX),3574,C E Newman,5,TX,ERCO,Natural Gas Steam Turbine,NG,ST,44.0,37.0,,,2011,2
11292,City of Lubbock - (TX),3602,Ty Cooke,1,TX,SWPP,Natural Gas Steam Turbine,NG,ST,44.0,42.0,,,2023,10
11292,City of Lubbock - (TX),3602,Ty Cooke,2,TX,SWPP,Natural Gas Steam Turbine,NG,ST,53.6,46.0,,,2023,10
11292,City of Lubbock - (TX),3602,Ty Cooke,GT1,TX,SWPP,Natural Gas Fired Combustion Turbine,NG,GT,12.5,11.0,,,2012,8
11292,City of Lubbock - (TX),3602,Ty Cooke,GT2,TX,SWPP,Natural Gas Fired Combustion Turbine,NG,GT,18.5,16.0,,,2023,10
11292,City of Lubbock - (TX),3602,Ty Cooke,GT3,TX,SWPP,Natural Gas Fired Combustion Turbine,NG,GT,22.0,16.0,,,2023,10
11292,City of Lubbock - (TX),3604,J Robert Massengale,4,TX,SWPP,Natural Gas Steam Turbine,NG,ST,11.5,10.0,,,2015,12
11292,City of Lubbock - (TX),3604,J Robert Massengale,5,TX,SWPP,Natural Gas Steam Turbine,NG,ST,11.5,10.0,,,2015,12
11292,City of Lubbock - (TX),3604,J Robert Massengale,6A,TX,SWPP,Natural Gas Fired Combined Cycle,NG,CA,22.0,18.0,,,2023,10
11292,City of Lubbock - (TX),3604,J Robert Massengale,7,TX,SWPP,Natural Gas Fired Combined Cycle,NG,CA,22.0,18.0,,,2023,10
11292,City of Lubbock - (TX),3604,J Robert Massengale,8,TX,SWPP,Natural Gas Fired Combined Cycle,NG,CT,40.0,38.0,,,2023,10
16175,City of Robstown - (TX),3608,Robstown,10,TX,,Natural Gas Internal Combustion Engine,NG,IC,4.1,3.5,,,2004,12
16175,City of Robstown - (TX),3608,Robstown,11,TX,,Natural Gas Internal Combustion Engine,NG,IC,5.0,4.0,,,2004,12
16175,City of Robstown - (TX),3608,Robstown,3,TX,,Natural Gas Internal Combustion Engine,NG,IC,2.4,2.1,,,2004,12
16175,City of Robstown - (TX),3608,Robstown,4,TX,,Natural Gas Internal Combustion Engine,NG,IC,2.4,2.0,,,2004,12
16175,City of Robstown - (TX),3608,Robstown,5,TX,,Natural Gas Internal Combustion Engine,NG,IC,2.4,2.0,,,2004,12
16175,City of Robstown - (TX),3608,Robstown,7,TX,,Natural Gas Internal Combustion Engine,NG,IC,1.0,0.9,,,2004,12
16175,City of Robstown - (TX),3608,Robstown,8,TX,,Natural Gas Internal Combustion Engine,NG,IC,1.0,0.9,,,2004,12
16175,City of Robstown - (TX),3608,Robstown,9,TX,,Natural Gas Internal Combustion Engine,NG,IC,2.6,2.2,,,2004,12
16604,City of San Antonio - (TX),3609,Leon Creek,3,TX,ERCO,Natural Gas Steam Turbine,NG,ST,75.0,60.0,,,2013,6
16604,City of San Antonio - (TX),3609,Leon Creek,4,TX,ERCO,Natural Gas Steam Turbine,NG,ST,113.7,95.0,,,2013,6
16604,City of San Antonio - (TX),3610,Mission Road,3,TX,ERCO,Natural Gas Steam Turbine,NG,ST,113.6,100.0,,,2003,10
16604,City of San Antonio - (TX),3613,W B Tuttle,1,TX,ERCO,Natural Gas Steam Turbine,NG,ST,75.0,60.0,,,2011,3
16604,City of San Antonio - (TX),3613,W B Tuttle,2,TX,ERCO,Natural Gas Steam Turbine,NG,ST,113.6,100.0,,,2007,10
16604,City of San Antonio - (TX),3613,W B Tuttle,3,TX,ERCO,Natural Gas Steam Turbine,NG,ST,113.6,100.0,,,2011,3
16604,City of San Antonio - (TX),3613,W B Tuttle,4,TX,ERCO,Natural Gas Steam Turbine,NG,ST,191.7,154.0,,,2011,3
19264,City of Tulia,3619,Tulia,10,TX,,Natural Gas Internal Combustion Engine,NG,IC,1.7,1.5,,,2004,1
19264,City of Tulia,3619,Tulia,11,TX,,Natural Gas Internal Combustion Engine,NG,IC,4.8,3.5,,,2004,1
19264,City of Tulia,3619,Tulia,12,TX,,Natural Gas Internal Combustion Engine,NG,IC,3.0,2.4,,,2004,1
19264,City of Tulia,3619,Tulia,2,TX,,Natural Gas Internal Combustion Engine,NG,IC,0.4,0.3,,,2004,1
19264,City of Tulia,3619,Tulia,5,TX,,Natural Gas Internal Combustion Engine,NG,IC,1.0,0.9,,,2004,1
19264,City of Tulia,3619,Tulia,6,TX,,Natural Gas Internal Combustion Engine,NG,IC,1.1,0.7,,,2004,1
19264,City of Tulia,3619,Tulia,7,TX,,Natural Gas Internal Combustion Engine,NG,IC,1.1,0.7,,,2004,1
19264,City of Tulia,3619,Tulia,8,TX,,Natural Gas Internal Combustion Engine,NG,IC,1.8,1.2,,,2004,1
19264,City of Tulia,3619,Tulia,9,TX,,Natural Gas Internal Combustion Engine,NG,IC,1.8,1.2,,,2004,1
20404,AEP Texas North Company,3623,Vernon,1,TX,,Petroleum Liquids,DFO,IC,2.4,2.0,,,2006,12
20404,AEP Texas North Company,3623,Vernon,2,TX,,Petroleum Liquids,DFO,IC,1.3,1.0,,,2006,12
20404,AEP Texas North Company,3623,Vernon,3,TX,,Petroleum Liquids,DFO,IC,2.0,1.1,,,2006,12
20404,AEP Texas North Company,3623,Vernon,4,TX,,Petroleum Liquids,DFO,IC,4.1,4.0,,,2006,12
20404,AEP Texas North Company,3623,Vernon,7,TX,,Petroleum Liquids,DFO,IC,1.3,1.0,,,2006,12
20230,Weatherford Mun Utility System,3624,Weatherford,1,TX,ERCO,Petroleum Liquids,DFO,IC,0.3,0.1,,,2017,12
20230,Weatherford Mun Utility System,3624,Weatherford,2,TX,ERCO,Petroleum Liquids,DFO,IC,0.3,0.1,,,2017,12
20230,Weatherford Mun Utility System,3624,Weatherford,3,TX,ERCO,Petroleum Liquids,DFO,IC,0.3,0.1,,,2017,12
20230,Weatherford Mun Utility System,3624,Weatherford,4,TX,ERCO,Petroleum Liquids,DFO,IC,0.8,0.6,,,2017,12
20230,Weatherford Mun Utility System,3624,Weatherford,6,TX,ERCO,Petroleum Liquids,DFO,IC,1.4,1.2,,,2017,12
20230,Weatherford Mun Utility System,3624,Weatherford,7,TX,ERCO,Petroleum Liquids,DFO,IC,1.3,1.1,,,2017,12
20230,Weatherford Mun Utility System,3624,Weatherford,8,TX,ERCO,Petroleum Liquids,DFO,IC,1.3,1.1,,,2017,12
20588,City of Whitesboro - (TX),3625,Whitesboro,1,TX,,Natural Gas Internal Combustion Engine,NG,IC,1.2,1.2,,,2006,1
20588,City of Whitesboro - (TX),3625,Whitesboro,2,TX,,Natural Gas Internal Combustion Engine,NG,IC,0.9,0.9,,,2006,1
20588,City of Whitesboro - (TX),3625,Whitesboro,3,TX,,Natural Gas Internal Combustion Engine,NG,IC,0.5,0.5,,,2006,1
20588,City of Whitesboro - (TX),3625,Whitesboro,4,TX,,Natural Gas Internal Combustion Engine,NG,IC,1.2,1.2,,,2006,1
2172,Brazos Electric Power Coop Inc,3627,North Texas,1,TX,ERCO,Natural Gas Steam Turbine,NG,ST,16.5,16.5,,,2014,12
2172,Brazos Electric Power Coop Inc,3627,North Texas,2,TX,ERCO,Natural Gas Steam Turbine,NG,ST,16.5,16.5,,,2014,12
2172,Brazos Electric Power Coop Inc,3627,North Texas,3,TX,ERCO,Natural Gas Steam Turbine,NG,ST,38.0,38.0,,,2009,1
17583,"South Texas Electric Coop, Inc",3630,Pearsall,1,TX,ERCO,Natural Gas Steam Turbine,NG,ST,22.0,23.0,,,2017,8
17583,"South Texas Electric Coop, Inc",3630,Pearsall,2,TX,ERCO,Natural Gas Steam Turbine,NG,ST,22.0,23.0,,,2017,8
17583,"South Texas Electric Coop, Inc",3630,Pearsall,3,TX,ERCO,Natural Gas Steam Turbine,NG,ST,22.0,23.0,,,2017,8
17583,"South Texas Electric Coop, Inc",3631,Sam Rayburn,1,TX,ERCO,Natural Gas Fired Combustion Turbine,NG,GT,11.2,10.5,,,2021,2
17583,"South Texas Electric Coop, Inc",3631,Sam Rayburn,2,TX,ERCO,Natural Gas Fired Combustion Turbine,NG,GT,11.2,10.5,,,2021,2
17583,"South Texas Electric Coop, Inc",3631,Sam Rayburn,3,TX,ERCO,Natural Gas Steam Turbine,NG,ST,25.0,22.0,,,2012,6
14354,PacifiCorp,3644,Carbon,1,UT,PACE,Conventional Steam Coal,BIT,ST,75.0,67.0,,,2015,4
14354,PacifiCorp,3644,Carbon,2,UT,PACE,Conventional Steam Coal,BIT,ST,113.6,105.0,,,2015,4
14354,PacifiCorp,3655,Olmstead,1,UT,PACE,Conventional Hydroelectric,WAT,HY,2.4,2.3,,,2015,9
14354,PacifiCorp,3655,Olmstead,2,UT,PACE,Conventional Hydroelectric,WAT,HY,2.4,2.3,,,2015,9
14354,PacifiCorp,3655,Olmstead,4,UT,PACE,Conventional Hydroelectric,WAT,HY,5.5,5.4,,,2015,9
2010,City of Bountiful - (UT),3665,Bountiful City,2,UT,PACE,Natural Gas Internal Combustion Engine,NG,IC,1.2,1.2,,,2011,3
2010,City of Bountiful - (UT),3665,Bountiful City,3,UT,PACE,Natural Gas Internal Combustion Engine,NG,IC,1.2,1.2,,,2011,3
2010,City of Bountiful - (UT),3665,Bountiful City,4,UT,PACE,Natural Gas Internal Combustion Engine,NG,IC,1.0,1.0,,,2011,3
2010,City of Bountiful - (UT),3665,Bountiful City,5,UT,PACE,Natural Gas Internal Combustion Engine,NG,IC,1.0,1.0,,,2011,3
2010,City of Bountiful - (UT),3665,Bountiful City,6,UT,PACE,Natural Gas Internal Combustion Engine,NG,IC,2.5,2.5,,,2011,3
2010,City of Bountiful - (UT),3665,Bountiful City,7,UT,PACE,Petroleum Liquids,DFO,IC,0.1,0.1,,,2011,3
2010,City of Bountiful - (UT),3665,Bountiful City,IC8,UT,PACE,Natural Gas Internal Combustion Engine,NG,IC,7.0,7.0,,,2014,1
11135,City of Logan - (UT),3675,Hydro III,HY3,UT,PACE,Conventional Hydroelectric,WAT,HY,0.1,0.1,,,2013,1
11135,City of Logan - (UT),3675,Hydro III,IC1,UT,PACE,Petroleum Liquids,DFO,IC,0.6,0.6,,,2002,12
11588,City of Manti - (UT),3676,Manti Upper,1,UT,PACE,Conventional Hydroelectric,WAT,HY,0.6,0.4,,,2024,12
13137,City of Murray - (UT),3683,Murray City,3,UT,PACE,Natural Gas Internal Combustion Engine,NG,IC,2.2,2.0,,,2002,1
13137,City of Murray - (UT),3683,Murray City,4,UT,PACE,Natural Gas Internal Combustion Engine,NG,IC,1.0,0.9,,,2002,1
13137,City of Murray - (UT),3683,Murray City,5,UT,PACE,Natural Gas Internal Combustion Engine,NG,IC,1.0,0.9,,,2002,1
13137,City of Murray - (UT),3683,Murray City,6,UT,PACE,Natural Gas Internal Combustion Engine,NG,IC,3.0,2.3,,,2002,1
15444,Provo City Corp,3686,Provo,4,UT,PACE,Natural Gas Steam Turbine,NG,ST,7.5,9.2,,,2016,6
15444,Provo City Corp,3686,Provo,5,UT,PACE,Natural Gas Internal Combustion Engine,NG,IC,2.5,2.5,,,2016,6
15444,Provo City Corp,3686,Provo,6,UT,PACE,Natural Gas Internal Combustion Engine,NG,IC,2.5,2.5,,,2016,6
15444,Provo City Corp,3686,Provo,7,UT,PACE,Natural Gas Internal Combustion Engine,NG,IC,2.5,2.5,,,2016,6
15444,Provo City Corp,3686,Provo,8,UT,PACE,Natural Gas Internal Combustion Engine,NG,IC,2.5,2.5,,,2016,6
17845,City of Springville - (UT),3688,Bartholomew,1,UT,PACE,Conventional Hydroelectric,WAT,HY,0.5,0.5,,,2010,1
7601,Green Mountain Power Corp,3723,Rutland,GT5,VT,ISNE,Petroleum Liquids,DFO,IC,13.2,8.4,,,2025,4
3292,Central Vermont Pub Serv Corp,3726,St Albans,IC1,VT,,Petroleum Liquids,DFO,IC,1.3,1.1,,,2007,12
3292,Central Vermont Pub Serv Corp,3726,St Albans,IC2,VT,,Petroleum Liquids,DFO,IC,1.3,1.1,,,2007,12
49852,Great Bay Hydro Corp,3730,Newport Diesels,10,VT,ISNE,Petroleum Liquids,DFO,IC,1.1,1.0,,,2007,7
49852,Great Bay Hydro Corp,3730,Newport Diesels,4,VT,ISNE,Petroleum Liquids,DFO,IC,0.9,0.9,,,2007,7
49852,Great Bay Hydro Corp,3730,Newport Diesels,5,VT,ISNE,Petroleum Liquids,DFO,IC,0.9,0.9,,,2007,7
49852,Great Bay Hydro Corp,3730,Newport Diesels,6,VT,ISNE,Petroleum Liquids,DFO,IC,0.9,0.9,,,2007,7
49852,Great Bay Hydro Corp,3730,Newport Diesels,7,VT,ISNE,Petroleum Liquids,DFO,IC,0.9,0.9,,,2007,7
49852,Great Bay Hydro Corp,3730,Newport Diesels,8,VT,ISNE,Petroleum Liquids,DFO,IC,1.1,1.0,,,2007,7
49852,Great Bay Hydro Corp,3730,Newport Diesels,9,VT,ISNE,Petroleum Liquids,DFO,IC,1.1,1.0,,,2007,7
7601,Green Mountain Power Corp,3737,Essex Junction 19,IC5,VT,ISNE,Petroleum Liquids,DFO,IC,1.0,1.0,,,2007,5
7601,Green Mountain Power Corp,3737,Essex Junction 19,IC6,VT,ISNE,Petroleum Liquids,DFO,IC,1.0,1.0,,,2007,5
7601,Green Mountain Power Corp,3737,Essex Junction 19,IC7,VT,ISNE,Petroleum Liquids,DFO,IC,1.0,1.0,,,2007,5
7601,Green Mountain Power Corp,3737,Essex Junction 19,IC8,VT,ISNE,Petroleum Liquids,DFO,IC,1.0,1.0,,,2007,5
5956,Entergy Nuclear Vermont Yankee,3751,Vermont Yankee,1,VT,ISNE,Nuclear,NUC,ST,563.4,612.4,,,2014,12
1299,"Barton Village, Inc",3753,West Charleston,IC3,VT,ISNE,Petroleum Liquids,DFO,IC,1.4,0.9,,,2013,12
1299,"Barton Village, Inc",3753,West Charleston,IC4,VT,ISNE,Petroleum Liquids,DFO,IC,1.4,0.9,,,2013,12
733,Appalachian Power Co,3775,Clinch River,3,VA,PJM,Conventional Steam Coal,BIT,ST,237.5,230.0,,,2015,12
733,Appalachian Power Co,3776,Glen Lyn,5,VA,PJM,Conventional Steam Coal,BIT,ST,100.0,90.0,,,2015,6
733,Appalachian Power Co,3776,Glen Lyn,6,VA,PJM,Conventional Steam Coal,BIT,ST,237.5,235.0,,,2015,6
12588,NRG Potomac River LLC,3788,Potomac River,1,VA,,Conventional Steam Coal,BIT,ST,92.0,88.0,,,2012,10
12588,NRG Potomac River LLC,3788,Potomac River,2,VA,,Conventional Steam Coal,BIT,ST,92.0,88.0,,,2012,10
12588,NRG Potomac River LLC,3788,Potomac River,3,VA,,Conventional Steam Coal,BIT,ST,110.0,102.0,,,2012,10
12588,NRG Potomac River LLC,3788,Potomac River,4,VA,,Conventional Steam Coal,BIT,ST,110.0,102.0,,,2012,10
12588,NRG Potomac River LLC,3788,Potomac River,5,VA,,Conventional Steam Coal,BIT,ST,110.0,102.0,,,2012,10
19876,Virginia Electric & Power Co,3796,Bremo Bluff,3,VA,PJM,Natural Gas Steam Turbine,NG,ST,69.0,71.0,,,2019,3
19876,Virginia Electric & Power Co,3796,Bremo Bluff,4,VA,PJM,Natural Gas Steam Turbine,NG,ST,185.2,156.0,,,2019,3
19876,Virginia Electric & Power Co,3797,Chesterfield,3,VA,PJM,Conventional Steam Coal,BIT,ST,112.5,97.5,,,2019,3
19876,Virginia Electric & Power Co,3797,Chesterfield,4,VA,PJM,Conventional Steam Coal,BIT,ST,187.5,162.5,,,2019,3
19876,Virginia Electric & Power Co,3797,Chesterfield,5,VA,PJM,Conventional Steam Coal,BIT,ST,359.0,336.0,,,2023,5
19876,Virginia Electric & Power Co,3797,Chesterfield,6,VA,PJM,Conventional Steam Coal,BIT,ST,693.9,670.0,,,2023,5
19876,Virginia Electric & Power Co,3803,Chesapeake,10,VA,PJM,Petroleum Liquids,DFO,GT,23.8,16.0,,,2011,12
19876,Virginia Electric & Power Co,3803,Chesapeake,3,VA,PJM,Conventional Steam Coal,BIT,ST,185.2,156.0,,,2015,1
19876,Virginia Electric & Power Co,3803,Chesapeake,7,VA,PJM,Petroleum Liquids,DFO,GT,23.8,16.0,,,2011,12
19876,Virginia Electric & Power Co,3803,Chesapeake,8,VA,PJM,Petroleum Liquids,DFO,GT,23.8,16.0,,,2011,12
19876,Virginia Electric & Power Co,3803,Chesapeake,9,VA,PJM,Petroleum Liquids,DFO,GT,23.8,16.0,,,2011,12
19876,Virginia Electric & Power Co,3803,Chesapeake,GT2,VA,PJM,Petroleum Liquids,DFO,GT,16.3,12.0,,,2019,6
19876,Virginia Electric & Power Co,3803,Chesapeake,ST1,VA,PJM,Conventional Steam Coal,BIT,ST,112.5,111.0,,,2015,1
19876,Virginia Electric & Power Co,3803,Chesapeake,ST2,VA,PJM,Conventional Steam Coal,BIT,ST,112.5,111.0,,,2015,1
19876,Virginia Electric & Power Co,3803,Chesapeake,ST4,VA,PJM,Conventional Steam Coal,BIT,ST,239.3,217.0,,,2015,1
19876,Virginia Electric & Power Co,3804,Possum Point,1,VA,PJM,Petroleum Liquids,RFO,ST,69.0,74.0,,,2002,3
19876,Virginia Electric & Power Co,3804,Possum Point,2,VA,PJM,Petroleum Liquids,RFO,ST,69.0,69.0,,,2002,3
19876,Virginia Electric & Power Co,3804,Possum Point,3,VA,PJM,Natural Gas Steam Turbine,NG,ST,113.6,96.0,,,2019,3
19876,Virginia Electric & Power Co,3804,Possum Point,4,VA,PJM,Natural Gas Steam Turbine,NG,ST,239.3,220.0,,,2019,3
19876,Virginia Electric & Power Co,3804,Possum Point,5,VA,PJM,Petroleum Liquids,RFO,ST,882.0,786.0,,,2020,12
19876,Virginia Electric & Power Co,3809,Yorktown,1,VA,PJM,Conventional Steam Coal,BIT,ST,187.5,159.0,,,2019,3
19876,Virginia Electric & Power Co,3809,Yorktown,2,VA,PJM,Conventional Steam Coal,BIT,ST,187.5,164.0,,,2019,3
19876,Virginia Electric & Power Co,3809,Yorktown,3,VA,PJM,Natural Gas Steam Turbine,NG,ST,882.0,790.0,,,2023,5
19099,TransAlta Centralia Gen LLC,3845,Transalta Centralia Generation,1,WA,BPAT,Conventional Steam Coal,RC,ST,729.9,670.0,,,2020,12
19099,TransAlta Centralia Gen LLC,3845,Transalta Centralia Generation,30,WA,BPAT,Natural Gas Fired Combined Cycle,NG,CT,60.5,44.0,,,2013,1
19099,TransAlta Centralia Gen LLC,3845,Transalta Centralia Generation,40,WA,BPAT,Natural Gas Fired Combined Cycle,NG,CT,60.5,44.0,,,2013,1
19099,TransAlta Centralia Gen LLC,3845,Transalta Centralia Generation,50,WA,BPAT,Natural Gas Fired Combined Cycle,NG,CT,60.5,44.0,,,2013,1
19099,TransAlta Centralia Gen LLC,3845,Transalta Centralia Generation,60,WA,BPAT,Natural Gas Fired Combined Cycle,NG,CT,60.5,44.0,,,2013,1
19099,TransAlta Centralia Gen LLC,3845,Transalta Centralia Generation,70,WA,BPAT,Natural Gas Fired Combined Cycle,NG,CA,80.0,80.0,,,2013,1
14354,PacifiCorp,3846,Condit,1,WA,PACW,Conventional Hydroelectric,WAT,HY,7.0,7.7,,,2011,10
14354,PacifiCorp,3846,Condit,2,WA,PACW,Conventional Hydroelectric,WAT,HY,6.7,7.4,,,2011,10
50137,"U.S. Dept of the Interior, Bureau of Rec",3848,Naches Drop,1,WA,,Conventional Hydroelectric,WAT,HY,1.4,1.0,,,2003,10
50137,"U.S. Dept of the Interior, Bureau of Rec",3849,Naches,2,WA,,Conventional Hydroelectric,WAT,HY,3.0,2.6,,,2003,10
50137,"U.S. Dept of the Interior, Bureau of Rec",3849,Naches,4,WA,,Conventional Hydroelectric,WAT,HY,3.3,4.0,,,2003,10
15500,Puget Sound Energy Inc,3860,Snoqualmie,5,WA,PSEI,Conventional Hydroelectric,WAT,HY,5.6,6.5,,,2010,4
15500,Puget Sound Energy Inc,3862,White River (WA),1,WA,,Conventional Hydroelectric,WAT,HY,15.0,15.0,,,2004,1
15500,Puget Sound Energy Inc,3862,White River (WA),2,WA,,Conventional Hydroelectric,WAT,HY,15.0,15.0,,,2004,1
15500,Puget Sound Energy Inc,3862,White River (WA),3,WA,,Conventional Hydroelectric,WAT,HY,20.0,20.0,,,2004,1
15500,Puget Sound Energy Inc,3862,White River (WA),4,WA,,Conventional Hydroelectric,WAT,HY,20.0,20.0,,,2004,1
14624,PUD No 2 of Grant County - (WA),3888,Wanapum,1,WA,GCPD,Conventional Hydroelectric,WAT,HY,103.8,103.8,,,2012,12
14624,PUD No 2 of Grant County - (WA),3888,Wanapum,10,WA,GCPD,Conventional Hydroelectric,WAT,HY,103.8,103.8,,,2013,10
14624,PUD No 2 of Grant County - (WA),3888,Wanapum,2,WA,GCPD,Conventional Hydroelectric,WAT,HY,103.8,103.8,,,2012,2
14624,PUD No 2 of Grant County - (WA),3888,Wanapum,3,WA,GCPD,Conventional Hydroelectric,WAT,HY,103.8,103.8,,,2016,8
14624,PUD No 2 of Grant County - (WA),3888,Wanapum,4,WA,GCPD,Conventional Hydroelectric,WAT,HY,103.8,103.8,,,2019,8
14624,PUD No 2 of Grant County - (WA),3888,Wanapum,5,WA,GCPD,Conventional Hydroelectric,WAT,HY,103.8,103.8,,,2011,4
14624,PUD No 2 of Grant County - (WA),3888,Wanapum,6,WA,GCPD,Conventional Hydroelectric,WAT,HY,103.8,103.8,,,2015,8
14624,PUD No 2 of Grant County - (WA),3888,Wanapum,7,WA,GCPD,Conventional Hydroelectric,WAT,HY,103.8,103.8,,,2010,6
14624,PUD No 2 of Grant County - (WA),3888,Wanapum,8,WA,GCPD,Conventional Hydroelectric,WAT,HY,103.8,103.8,,,2017,8
14624,PUD No 2 of Grant County - (WA),3888,Wanapum,9,WA,GCPD,Conventional Hydroelectric,WAT,HY,103.8,103.8,,,2014,8
18429,City of Tacoma - (WA),3920,Steam plant,1,WA,TPWR,Wood/Wood Waste Biomass,WDS,ST,25.0,0.0,,,2005,12
18429,City of Tacoma - (WA),3920,Steam plant,2,WA,TPWR,Wood/Wood Waste Biomass,WDS,ST,25.0,25.0,,,2005,12
14170,Orcas Power & Light Coop,3930,Eastsound,4,WA,,Petroleum Liquids,DFO,IC,0.5,0.4,,,2003,6
14170,Orcas Power & Light Coop,3930,Eastsound,5,WA,,Petroleum Liquids,DFO,IC,0.5,0.4,,,2003,6
733,Appalachian Power Co,3936,Kanawha River,1,WV,PJM,Conventional Steam Coal,BIT,ST,219.6,200.0,,,2017,12
733,Appalachian Power Co,3936,Kanawha River,2,WV,PJM,Conventional Steam Coal,BIT,ST,219.6,200.0,,,2017,12
733,Appalachian Power Co,3938,Philip Sporn,1,WV,PJM,Conventional Steam Coal,BIT,ST,152.5,145.0,,,2015,11
733,Appalachian Power Co,3938,Philip Sporn,2,WV,PJM,Conventional Steam Coal,BIT,ST,152.5,145.0,,,2015,11
733,Appalachian Power Co,3938,Philip Sporn,3,WV,PJM,Conventional Steam Coal,BIT,ST,152.5,145.0,,,2015,11
733,Appalachian Power Co,3938,Philip Sporn,4,WV,PJM,Conventional Steam Coal,BIT,ST,152.5,145.0,,,2015,11
733,Appalachian Power Co,3938,Philip Sporn,5,WV,PJM,Conventional Steam Coal,BIT,ST,495.5,440.0,,,2012,2
12796,Monongahela Power Co,3942,FirstEnergy Albright,1,WV,PJM,Conventional Steam Coal,BIT,ST,69.0,73.0,,,2012,9
12796,Monongahela Power Co,3942,FirstEnergy Albright,2,WV,PJM,Conventional Steam Coal,BIT,ST,69.0,73.0,,,2012,9
12796,Monongahela Power Co,3942,FirstEnergy Albright,3,WV,PJM,Conventional Steam Coal,BIT,ST,140.2,137.0,,,2012,9
12796,Monongahela Power Co,3945,FirstEnergy Rivesville,5,WV,PJM,Conventional Steam Coal,BIT,ST,35.0,37.0,,,2012,9
12796,Monongahela Power Co,3945,FirstEnergy Rivesville,6,WV,PJM,Conventional Steam Coal,BIT,ST,74.7,88.0,,,2012,9
12796,Monongahela Power Co,3946,FirstEnergy Willow Island,1,WV,PJM,Conventional Steam Coal,BIT,ST,50.0,54.0,,,2012,9
12796,Monongahela Power Co,3946,FirstEnergy Willow Island,2,WV,PJM,Conventional Steam Coal,BIT,ST,163.2,181.0,,,2012,9
58620,AEP Generation Resources Inc,3947,Kammer,1,WV,PJM,Conventional Steam Coal,BIT,ST,237.5,200.0,,,2015,5
58620,AEP Generation Resources Inc,3947,Kammer,2,WV,PJM,Conventional Steam Coal,BIT,ST,237.5,200.0,,,2015,5
58620,AEP Generation Resources Inc,3947,Kammer,3,WV,PJM,Conventional Steam Coal,BIT,ST,237.5,200.0,,,2015,5
13781,Northern States Power Co - Minnesota,3982,Bay Front,4,WI,MISO,Wood/Wood Waste Biomass,WDS,ST,20.0,15.0,,,2019,5
13781,Northern States Power Co - Minnesota,3984,Northern States Flambeau,1,WI,MISO,Natural Gas Fired Combustion Turbine,NG,GT,16.3,12.0,,,2017,12
11479,Madison Gas & Electric Co,3992,Blount Street,1,WI,MISO,Conventional Steam Coal,BIT,ST,10.0,6.8,,,2006,1
11479,Madison Gas & Electric Co,3992,Blount Street,3,WI,MISO,Conventional Steam Coal,BIT,ST,34.5,30.1,,,2011,12
11479,Madison Gas & Electric Co,3992,Blount Street,4,WI,MISO,Conventional Steam Coal,BIT,ST,20.0,12.0,,,2011,12
11479,Madison Gas & Electric Co,3992,Blount Street,5,WI,MISO,Conventional Steam Coal,BIT,ST,23.0,22.9,,,2011,12
13697,North Central Power Co Inc,3996,Grimh,1,WI,MISO,Conventional Hydroelectric,WAT,HY,0.1,0.1,,,2006,12
13697,North Central Power Co Inc,3996,Grimh,3,WI,MISO,Conventional Hydroelectric,WAT,HY,0.2,0.2,,,2006,12
13697,North Central Power Co Inc,3996,Grimh,IC1,WI,MISO,Petroleum Liquids,DFO,IC,0.8,0.6,,,2006,12
13781,Northern States Power Co - Minnesota,4002,Dells,6,WI,MISO,Conventional Hydroelectric,WAT,HY,0.5,0.7,,,2007,12
13781,Northern States Power Co - Minnesota,4002,Dells,7,WI,MISO,Conventional Hydroelectric,WAT,HY,0.7,0.7,,,2007,12
13781,Northern States Power Co - Minnesota,4014,Wheaton,1,WI,MISO,Natural Gas Fired Combustion Turbine,NG,GT,48.5,44.0,,,2025,5
13781,Northern States Power Co - Minnesota,4014,Wheaton,2,WI,MISO,Natural Gas Fired Combustion Turbine,NG,GT,48.5,51.0,,,2025,5
13781,Northern States Power Co - Minnesota,4014,Wheaton,3,WI,MISO,Natural Gas Fired Combustion Turbine,NG,GT,48.5,44.0,,,2025,5
13781,Northern States Power Co - Minnesota,4014,Wheaton,4,WI,MISO,Natural Gas Fired Combustion Turbine,NG,GT,48.5,47.0,,,2025,5
13781,Northern States Power Co - Minnesota,4014,Wheaton,5,WI,MISO,Petroleum Liquids,DFO,GT,53.1,52.0,,,2018,6
13781,Northern States Power Co - Minnesota,4014,Wheaton,6,WI,MISO,Petroleum Liquids,DFO,GT,53.1,48.0,,,2024,1
20847,Wisconsin Electric Power Co,4040,Port Washington Generating Station,1,WI,MISO,Conventional Steam Coal,BIT,ST,80.0,65.0,,,2004,9
20847,Wisconsin Electric Power Co,4040,Port Washington Generating Station,2,WI,MISO,Conventional Steam Coal,BIT,ST,80.0,80.0,,,2004,9
20847,Wisconsin Electric Power Co,4040,Port Washington Generating Station,3,WI,MISO,Conventional Steam Coal,BIT,ST,80.0,80.0,,,2004,9
20847,Wisconsin Electric Power Co,4040,Port Washington Generating Station,4,WI,MISO,Conventional Steam Coal,BIT,ST,80.0,80.0,,,2003,1
20847,Wisconsin Electric Power Co,4040,Port Washington Generating Station,6,WI,MISO,Petroleum Liquids,DFO,GT,19.6,17.0,,,2003,1
20847,Wisconsin Electric Power Co,4041,South Oak Creek,5,WI,MISO,Conventional Steam Coal,RC,ST,299.2,242.2,,,2024,5
20847,Wisconsin Electric Power Co,4041,South Oak Creek,6,WI,MISO,Conventional Steam Coal,RC,ST,299.2,253.8,,,2024,5
20847,Wisconsin Electric Power Co,4041,South Oak Creek,9,WI,MISO,Natural Gas Fired Combustion Turbine,NG,GT,19.6,18.0,,,2008,9
20856,Wisconsin Power & Light Co,4048,Blackhawk,3,WI,MISO,Natural Gas Steam Turbine,NG,ST,25.0,26.5,,,2010,4
20856,Wisconsin Power & Light Co,4048,Blackhawk,4,WI,MISO,Natural Gas Steam Turbine,NG,ST,25.0,24.3,,,2010,4
20856,Wisconsin Power & Light Co,4050,Edgewater,3,WI,MISO,Conventional Steam Coal,SUB,ST,69.0,47.2,,,2015,12
20856,Wisconsin Power & Light Co,4050,Edgewater,4,WI,MISO,Conventional Steam Coal,SUB,ST,351.0,294.4,,,2018,9
20856,Wisconsin Power & Light Co,4054,Nelson Dewey Generating Station,1,WI,MISO,Conventional Steam Coal,SUB,ST,113.6,103.9,,,2015,12
20856,Wisconsin Power & Light Co,4054,Nelson Dewey Generating Station,2,WI,MISO,Conventional Steam Coal,SUB,ST,113.6,105.2,,,2015,12
20856,Wisconsin Power & Light Co,4057,Rock River,1,WI,MISO,Natural Gas Steam Turbine,NG,ST,75.0,72.9,,,2010,4
20856,Wisconsin Power & Light Co,4057,Rock River,2,WI,MISO,Natural Gas Steam Turbine,NG,ST,75.0,76.7,,,2010,4
20856,Wisconsin Power & Light Co,4057,Rock River,3,WI,MISO,Natural Gas Fired Combustion Turbine,NG,GT,37.5,21.2,,,2020,6
20856,Wisconsin Power & Light Co,4057,Rock River,4,WI,MISO,Natural Gas Fired Combustion Turbine,NG,GT,18.0,15.8,,,2020,6
20856,Wisconsin Power & Light Co,4057,Rock River,5,WI,MISO,Natural Gas Fired Combustion Turbine,NG,GT,56.7,48.7,,,2020,6
20856,Wisconsin Power & Light Co,4057,Rock River,6,WI,MISO,Natural Gas Fired Combustion Turbine,NG,GT,56.7,33.7,,,2020,6
20856,Wisconsin Power & Light Co,4059,Sheepskin,1,WI,MISO,Natural Gas Fired Combustion Turbine,NG,GT,41.7,36.4,,,2020,6
20860,Wisconsin Public Service Corp,4062,Eagle River,1,WI,MISO,Petroleum Liquids,DFO,IC,2.0,2.1,,,2011,10
20860,Wisconsin Public Service Corp,4062,Eagle River,2,WI,MISO,Petroleum Liquids,DFO,IC,2.0,2.1,,,2011,10
20860,Wisconsin Public Service Corp,4072,Pulliam,3,WI,MISO,Conventional Steam Coal,SUB,ST,30.0,25.8,,,2007,12
20860,Wisconsin Public Service Corp,4072,Pulliam,4,WI,MISO,Conventional Steam Coal,SUB,ST,30.0,30.1,,,2007,12
20860,Wisconsin Public Service Corp,4072,Pulliam,5,WI,MISO,Conventional Steam Coal,SUB,ST,50.0,47.7,,,2015,6
20860,Wisconsin Public Service Corp,4072,Pulliam,6,WI,MISO,Conventional Steam Coal,SUB,ST,69.0,69.8,,,2015,6
20860,Wisconsin Public Service Corp,4072,Pulliam,7,WI,MISO,Conventional Steam Coal,SUB,ST,81.6,76.1,,,2018,10
20860,Wisconsin Public Service Corp,4072,Pulliam,8,WI,MISO,Conventional Steam Coal,SUB,ST,149.6,133.8,,,2018,10
20860,Wisconsin Public Service Corp,4078,Weston,1,WI,MISO,Conventional Steam Coal,SUB,ST,60.0,50.7,,,2015,6
20860,Wisconsin Public Service Corp,4078,Weston,2,WI,MISO,Natural Gas Steam Turbine,NG,ST,81.6,75.4,,,2023,1
20860,Wisconsin Public Service Corp,4078,Weston,31,WI,MISO,Natural Gas Fired Combustion Turbine,NG,GT,19.6,16.1,,,2023,6
20860,Wisconsin Public Service Corp,4078,Weston,32,WI,MISO,Natural Gas Fired Combustion Turbine,NG,GT,56.7,46.5,,,2023,6
1278,City of Barron - (WI),4102,Barron,1A,WI,MISO,Petroleum Liquids,DFO,IC,1.1,1.1,,,2024,11
1278,City of Barron - (WI),4102,Barron,2A,WI,MISO,Petroleum Liquids,DFO,IC,1.1,1.1,,,2024,11
1278,City of Barron - (WI),4102,Barron,3A,WI,MISO,Petroleum Liquids,DFO,IC,1.1,1.1,,,2024,11
1278,City of Barron - (WI),4102,Barron,4,WI,MISO,Petroleum Liquids,DFO,IC,1.1,1.1,,,2024,11
1278,City of Barron - (WI),4102,Barron,7,WI,MISO,Petroleum Liquids,DFO,IC,0.8,0.6,,,2024,3
1278,City of Barron - (WI),4102,Barron,8,WI,MISO,Petroleum Liquids,DFO,IC,1.3,1.3,,,2024,11
1278,City of Barron - (WI),4102,Barron,9,WI,MISO,Petroleum Liquids,DFO,IC,2.0,2.0,,,2024,11
1776,City of Black River Falls,4104,Black River Falls,1,WI,,Petroleum Liquids,DFO,IC,0.3,0.3,,,2004,12
1776,City of Black River Falls,4104,Black River Falls,2,WI,,Petroleum Liquids,DFO,IC,0.5,0.5,,,2004,12
1776,City of Black River Falls,4104,Black River Falls,3,WI,,Petroleum Liquids,DFO,IC,0.9,0.9,,,2004,12
1776,City of Black River Falls,4104,Black River Falls,4,WI,,Petroleum Liquids,DFO,IC,1.4,1.4,,,2004,12
10056,City of Kaukauna (WI),4120,New Badger,1,WI,MISO,Conventional Hydroelectric,WAT,HY,1.8,1.8,,,2012,5
10056,City of Kaukauna (WI),4120,New Badger,2,WI,MISO,Conventional Hydroelectric,WAT,HY,1.8,1.8,,,2012,5
10056,City of Kaukauna (WI),4121,Old Badger,3,WI,MISO,Conventional Hydroelectric,WAT,HY,1.0,1.0,,,2012,5
10056,City of Kaukauna (WI),4121,Old Badger,4,WI,MISO,Conventional Hydroelectric,WAT,HY,1.0,1.0,,,2012,5
11571,Manitowoc Public Utilities,4125,Manitowoc,2,WI,MISO,Conventional Steam Coal,BIT,ST,5.0,5.0,,,2003,12
11571,Manitowoc Public Utilities,4125,Manitowoc,3,WI,MISO,Conventional Steam Coal,BIT,ST,10.0,10.0,,,2003,12
11571,Manitowoc Public Utilities,4125,Manitowoc,4,WI,MISO,Petroleum Coke,PC,ST,10.0,9.5,,,2011,9
11571,Manitowoc Public Utilities,4125,Manitowoc,IC1,WI,MISO,Natural Gas Internal Combustion Engine,NG,IC,5.5,5.0,,,2009,10
11571,Manitowoc Public Utilities,4125,Manitowoc,IC2,WI,MISO,Natural Gas Internal Combustion Engine,NG,IC,5.5,5.0,,,2017,12
12298,City of Menasha - (WI),4127,Menasha,3,WI,MISO,Conventional Steam Coal,SUB,ST,7.5,7.5,,,2014,6
12298,City of Menasha - (WI),4127,Menasha,4,WI,MISO,Conventional Steam Coal,SUB,ST,13.6,12.5,,,2014,6
12298,City of Menasha - (WI),4127,Menasha,5,WI,MISO,Conventional Steam Coal,SUB,ST,6.9,6.9,,,2014,6
12298,City of Menasha - (WI),4127,Menasha,IC1,WI,MISO,Petroleum Liquids,DFO,IC,1.0,1.0,,,2014,6
13466,City of New Lisbon (WI),4130,New Lisbon,1,WI,MISO,Petroleum Liquids,DFO,IC,0.1,0.1,,,2003,12
13466,City of New Lisbon (WI),4130,New Lisbon,3,WI,MISO,Petroleum Liquids,DFO,IC,0.2,0.2,,,2003,12
13466,City of New Lisbon (WI),4130,New Lisbon,4,WI,MISO,Petroleum Liquids,DFO,IC,0.3,0.3,,,2003,12
16082,City of River Falls,4133,Junction,10,WI,,Petroleum Liquids,DFO,IC,3.0,3.1,,,2011,12
16082,City of River Falls,4133,Junction,5,WI,,Petroleum Liquids,DFO,IC,2.8,2.5,,,2011,12
16082,City of River Falls,4133,Junction,6,WI,,Petroleum Liquids,DFO,IC,2.0,1.9,,,2011,12
16082,City of River Falls,4133,Junction,7,WI,,Petroleum Liquids,DFO,IC,6.0,5.9,,,2011,12
16082,City of River Falls,4133,Junction,8,WI,,Petroleum Liquids,DFO,IC,0.3,0.4,,,2003,5
16082,City of River Falls,4133,Junction,9,WI,,Petroleum Liquids,DFO,IC,6.0,6.0,,,2011,12
4716,Dairyland Power Coop,4140,Alma,1,WI,MISO,Conventional Steam Coal,BIT,ST,15.0,18.9,,,2012,3
4716,Dairyland Power Coop,4140,Alma,2,WI,MISO,Conventional Steam Coal,BIT,ST,15.0,18.0,,,2012,3
4716,Dairyland Power Coop,4140,Alma,3,WI,MISO,Conventional Steam Coal,BIT,ST,15.0,18.9,,,2012,3
4716,Dairyland Power Coop,4140,Alma,4,WI,MISO,Conventional Steam Coal,BIT,ST,54.4,40.4,,,2014,9
4716,Dairyland Power Coop,4140,Alma,5,WI,MISO,Conventional Steam Coal,BIT,ST,81.6,62.1,,,2014,10
4716,Dairyland Power Coop,4143,Genoa (Lacrosse),5,WI,,Nuclear,NUC,ST,50.3,51.3,,,1987,4
4716,Dairyland Power Coop,4143,Genoa,ST3,WI,MISO,Conventional Steam Coal,SUB,ST,345.6,307.5,,,2021,6
56293,DTE Stoneman LLC,4146,E J Stoneman Station,1,WI,MISO,Wood/Wood Waste Biomass,WDS,ST,18.0,15.0,,,2015,11
56293,DTE Stoneman LLC,4146,E J Stoneman Station,2,WI,MISO,Wood/Wood Waste Biomass,WDS,ST,35.0,35.0,,,2015,11
19545,"Black Hills Power, Inc.",4150,Neil Simpson,5,WY,WACM,Conventional Steam Coal,SUB,ST,21.7,14.6,,,2014,3
19545,"Black Hills Power, Inc.",4151,Osage (WY),1,WY,WACM,Conventional Steam Coal,SUB,ST,11.5,10.1,,,2014,3
19545,"Black Hills Power, Inc.",4151,Osage (WY),2,WY,WACM,Conventional Steam Coal,SUB,ST,11.5,10.1,,,2014,3
19545,"Black Hills Power, Inc.",4151,Osage (WY),3,WY,WACM,Conventional Steam Coal,SUB,ST,11.5,10.1,,,2014,3
19125,City of Traverse City - (MI),4249,Boardman,HC1,MI,,Conventional Hydroelectric,WAT,HY,1.0,0.8,,,2006,12
11135,City of Logan - (UT),4251,Logan City,IC2,UT,PACE,Petroleum Liquids,DFO,IC,0.1,0.1,,,2002,12
11135,City of Logan - (UT),4251,Logan City,IC3,UT,PACE,Petroleum Liquids,DFO,IC,0.1,0.1,,,2002,12
11135,City of Logan - (UT),4251,Logan City,IC4,UT,PACE,Petroleum Liquids,DFO,IC,1.2,0.1,,,2002,12
11135,City of Logan - (UT),4251,Logan City,IC5A,UT,PACE,Petroleum Liquids,DFO,IC,1.0,1.1,,,2002,12
11135,City of Logan - (UT),4251,Logan City,IC5B,UT,PACE,Petroleum Liquids,DFO,IC,1.0,1.1,,,2002,12
11135,City of Logan - (UT),4251,Logan City,IC6,UT,PACE,Petroleum Liquids,DFO,IC,2.2,2.2,,,2002,12
12807,Michigan South Central Power Agency,4259,Endicott Station,1,MI,MISO,Conventional Steam Coal,BIT,ST,55.0,55.0,,,2016,5
12807,Michigan South Central Power Agency,4259,Endicott Station,2,MI,MISO,Petroleum Liquids,DFO,IC,1.6,1.6,,,2012,5
12807,Michigan South Central Power Agency,4259,Endicott Station,3,MI,MISO,Petroleum Liquids,DFO,IC,1.6,1.6,,,2012,5
6958,City of Garland - (TX),4266,Spencer,1,TX,ERCO,Natural Gas Steam Turbine,NG,ST,12.6,12.0,,,2005,12
6958,City of Garland - (TX),4266,Spencer,2,TX,ERCO,Natural Gas Steam Turbine,NG,ST,12.6,12.0,,,2005,12
6958,City of Garland - (TX),4266,Spencer,3,TX,ERCO,Natural Gas Steam Turbine,NG,ST,22.0,22.0,,,2005,5
11269,Lower Colorado River Authority,4937,Thomas C Ferguson,1,TX,ERCO,Natural Gas Steam Turbine,NG,ST,446.0,350.0,,,2013,9
20404,AEP Texas North Company,4938,Fort Phantom,1,TX,,Natural Gas Steam Turbine,NG,ST,156.0,158.0,,,2005,1
20404,AEP Texas North Company,4938,Fort Phantom,2,TX,,Natural Gas Steam Turbine,NG,ST,207.0,204.0,,,2005,1
16572,Salt River Project,4941,Navajo,NAV1,AZ,SRP,Conventional Steam Coal,BIT,ST,803.1,750.0,,,2019,11
16572,Salt River Project,4941,Navajo,NAV2,AZ,SRP,Conventional Steam Coal,BIT,ST,803.1,750.0,,,2019,11
16572,Salt River Project,4941,Navajo,NAV3,AZ,SRP,Conventional Steam Coal,BIT,ST,803.1,750.0,,,2019,9
50098,DTE Biomass,5756,KMS Joliet Power Partners LP,E-1,IL,,Landfill Gas,LFG,IC,0.8,0.8,,,2005,12
50098,DTE Biomass,5756,KMS Joliet Power Partners LP,E-2,IL,,Landfill Gas,LFG,IC,0.8,0.4,,,2005,12
50098,DTE Biomass,5756,KMS Joliet Power Partners LP,E-3,IL,,Landfill Gas,LFG,IC,0.8,0.4,,,2005,12
50098,DTE Biomass,5756,KMS Joliet Power Partners LP,E-4,IL,,Landfill Gas,LFG,IC,0.8,0.4,,,2005,12
2507,City of Burbank Water and Power - (CA),6013,Olive,O3,CA,LDWP,Natural Gas Fired Combustion Turbine,NG,GT,24.4,23.5,,,2003,12
2507,City of Burbank Water and Power - (CA),6013,Olive,O4,CA,LDWP,Natural Gas Fired Combustion Turbine,NG,GT,37.8,32.0,,,2003,12
49756,Illinois Power Resources Generating LLC,6016,Duck Creek,1,IL,MISO,Conventional Steam Coal,RC,ST,441.0,410.0,,,2019,12
520,Illinois Power Generating Co,6017,Newton,2,IL,MISO,Conventional Steam Coal,RC,ST,617.4,600.0,,,2016,9
59920,Dynegy W H Zimmer,6019,W H Zimmer,ST1,OH,PJM,Conventional Steam Coal,RC,ST,1425.6,1305.0,,,2022,5
12384,Midwest Generations EME LLC,6025,Collins,1,IL,,Natural Gas Steam Turbine,NG,ST,544.9,554.0,,,2004,10
12384,Midwest Generations EME LLC,6025,Collins,2,IL,,Natural Gas Steam Turbine,NG,ST,544.9,554.0,,,2004,10
12384,Midwest Generations EME LLC,6025,Collins,3,IL,,Natural Gas Steam Turbine,NG,ST,518.9,530.0,,,2004,10
12384,Midwest Generations EME LLC,6025,Collins,4,IL,,Natural Gas Steam Turbine,NG,ST,520.7,530.0,,,2004,10
12384,Midwest Generations EME LLC,6025,Collins,5,IL,,Natural Gas Steam Turbine,NG,ST,520.7,503.0,,,2004,10
65146,Rainbow Energy Center,6030,Coal Creek,3,ND,MISO,Petroleum Liquids,DFO,IC,2.0,3.0,,,2016,1
4922,Dayton Power & Light Co,6031,Killen Station,2,OH,PJM,Conventional Steam Coal,BIT,ST,660.6,600.0,,,2018,6
4922,Dayton Power & Light Co,6031,Killen Station,GT1,OH,PJM,Petroleum Liquids,DFO,GT,28.7,18.0,,,2018,6
6452,Florida Power & Light Co,6043,Martin,1,FL,FPL,Petroleum Liquids,RFO,ST,934.5,826.0,,,2018,12
6452,Florida Power & Light Co,6043,Martin,2,FL,FPL,Petroleum Liquids,RFO,ST,934.5,826.0,,,2018,12
6455,"Duke Energy Florida, LLC",6046,DeBary,P1,FL,FPC,Petroleum Liquids,DFO,GT,66.8,54.0,,,2016,12
64488,Vineyard Reliability LLC,6049,West Tisbury Generating Facility,UN1,MA,ISNE,Petroleum Liquids,DFO,IC,2.7,2.8,,,2025,9
64488,Vineyard Reliability LLC,6049,West Tisbury Generating Facility,UN2,MA,ISNE,Petroleum Liquids,DFO,IC,2.7,2.8,,,2025,9
7140,Georgia Power Co,6052,Wansley,1,GA,SOCO,Conventional Steam Coal,BIT,ST,952.0,872.0,,,2022,9
7140,Georgia Power Co,6052,Wansley,2,GA,SOCO,Conventional Steam Coal,BIT,ST,952.0,872.0,,,2022,9
7140,Georgia Power Co,6052,Wansley,5A,GA,SOCO,Petroleum Liquids,DFO,GT,52.8,49.0,,,2022,9
17568,Cooperative Energy,6061,R D Morrow,1,MS,MISO,Conventional Steam Coal,BIT,ST,200.0,180.0,,,2018,11
17568,Cooperative Energy,6061,R D Morrow,2,MS,MISO,Conventional Steam Coal,BIT,ST,200.0,180.0,,,2018,11
15298,Talen Montana LLC,6076,Colstrip,1,MT,NWMT,Conventional Steam Coal,SUB,ST,358.0,307.0,,,2020,1
15298,Talen Montana LLC,6076,Colstrip,2,MT,NWMT,Conventional Steam Coal,SUB,ST,358.0,307.0,,,2020,1
22129,Somerset Operating Co LLC,6082,Somerset Operating Co LLC,1,NY,NYIS,Conventional Steam Coal,BIT,ST,655.1,676.4,,,2020,3
13756,Northern Indiana Pub Serv Co,6085,R M Schahfer,14,IN,MISO,Conventional Steam Coal,SUB,ST,540.0,431.0,,,2021,10
13756,Northern Indiana Pub Serv Co,6085,R M Schahfer,15,IN,MISO,Conventional Steam Coal,SUB,ST,556.4,472.0,,,2021,10
12199,Montana-Dakota Utilities Co,6089,Lewis & Clark,1,MT,MISO,Conventional Steam Coal,LIG,ST,50.0,53.1,,,2021,3
13781,Northern States Power Co - Minnesota,6090,Sherburne County,2,MN,MISO,Conventional Steam Coal,SUB,ST,765.3,682.0,,,2023,12
6526,FirstEnergy Generation Corp,6094,FirstEnergy Bruce Mansfield,1,PA,PJM,Conventional Steam Coal,RC,ST,913.7,830.0,,,2019,2
6526,FirstEnergy Generation Corp,6094,FirstEnergy Bruce Mansfield,2,PA,PJM,Conventional Steam Coal,RC,ST,913.7,830.0,,,2019,2
6526,FirstEnergy Generation Corp,6094,FirstEnergy Bruce Mansfield,3,PA,PJM,Conventional Steam Coal,RC,ST,913.7,830.0,,,2019,11
15248,Portland General Electric Co,6106,Boardman,1,OR,PGE,Conventional Steam Coal,SUB,ST,642.2,585.0,,,2020,10
15248,Portland General Electric Co,6107,Trojan,1,OR,,Nuclear,NUC,ST,1216.0,1104.0,,,1993,1
7140,Georgia Power Co,6124,McIntosh,1,GA,SOCO,Conventional Steam Coal,SUB,ST,177.6,142.5,,,2019,7
18715,Texas Municipal Power Agency,6136,Gibbons Creek,1,TX,ERCO,Conventional Steam Coal,SUB,ST,453.5,470.0,,,2019,10
17633,Southern Indiana Gas & Elec Co,6137,A B Brown,1,IN,MISO,Conventional Steam Coal,BIT,ST,265.2,245.0,,,2023,10
17633,Southern Indiana Gas & Elec Co,6137,A B Brown,2,IN,MISO,Conventional Steam Coal,BIT,ST,265.2,240.0,,,2023,10
17698,Southwestern Electric Power Co,6139,Welsh,2,TX,SWPP,Conventional Steam Coal,SUB,ST,558.0,528.0,,,2016,4
12698,Evergy Missouri West,6144,Kansas City International,1,MO,SWPP,Natural Gas Fired Combustion Turbine,NG,GT,18.0,16.7,,,2020,12
12698,Evergy Missouri West,6144,Kansas City International,2,MO,SWPP,Natural Gas Fired Combustion Turbine,NG,GT,18.0,16.9,,,2020,12
55983,Luminant Generation Company LLC,6147,Monticello,1,TX,ERCO,Conventional Steam Coal,SUB,ST,593.4,535.0,,,2018,1
55983,Luminant Generation Company LLC,6147,Monticello,2,TX,ERCO,Conventional Steam Coal,SUB,ST,593.4,535.0,,,2018,1
55983,Luminant Generation Company LLC,6147,Monticello,3,TX,ERCO,Conventional Steam Coal,SUB,ST,793.2,795.0,,,2018,1
19436,Union Electric Co - (MO),6155,Rush Island,1,MO,MISO,Conventional Steam Coal,SUB,ST,621.0,589.0,,,2024,10
19436,Union Electric Co - (MO),6155,Rush Island,2,MO,MISO,Conventional Steam Coal,SUB,ST,621.0,589.0,,,2024,10
20847,Wisconsin Electric Power Co,6170,Pleasant Prairie,1,WI,MISO,Conventional Steam Coal,RC,ST,616.6,594.0,,,2018,4
20847,Wisconsin Electric Power Co,6170,Pleasant Prairie,2,WI,MISO,Conventional Steam Coal,RC,ST,616.6,594.0,,,2018,4
20847,Wisconsin Electric Power Co,6170,Pleasant Prairie,3,WI,MISO,Petroleum Liquids,DFO,IC,2.0,2.0,,,2018,4
16534,Sacramento Municipal Util Dist,6176,Rancho Seco,1,CA,,Nuclear,NUC,ST,963.0,873.0,,,1990,9
16604,City of San Antonio - (TX),6181,J T Deely,1,TX,ERCO,Conventional Steam Coal,SUB,ST,486.0,420.0,,,2023,1
16604,City of San Antonio - (TX),6181,J T Deely,2,TX,ERCO,Conventional Steam Coal,SUB,ST,446.0,420.0,,,2023,1
189,PowerSouth Energy Cooperative,6192,Portland (FL),1,FL,SOCO,Petroleum Liquids,DFO,GT,11.0,7.0,,,2006,12
15466,Public Service Co of Colorado,6206,Tacoma,3,CO,WACM,Conventional Hydroelectric,WAT,HY,3.5,4.0,,,2007,12
54803,"Dynegy Oakland, LLC",6211,Dynegy Oakland Power Plant,GEN2,CA,CISO,Petroleum Liquids,JF,GT,74.5,55.0,,,2021,1
14328,Pacific Gas & Electric Co.,6212,Mobile GT,1,CA,CISO,Petroleum Liquids,DFO,GT,13.3,15.0,,,2007,3
14328,Pacific Gas & Electric Co.,6212,Mobile GT,2,CA,CISO,Petroleum Liquids,DFO,GT,13.3,15.0,,,2010,9
14328,Pacific Gas & Electric Co.,6212,Mobile GT,3,CA,CISO,Petroleum Liquids,DFO,GT,13.3,15.0,,,2010,9
5529,City of Durant - (IA),6220,Durant,4,IA,MISO,Petroleum Liquids,DFO,IC,0.5,0.5,,,2009,12
5529,City of Durant - (IA),6220,Durant,5,IA,MISO,Petroleum Liquids,DFO,IC,0.5,0.5,,,2009,12
5529,City of Durant - (IA),6220,Durant,6A,IA,MISO,Petroleum Liquids,DFO,IC,2.0,2.1,,,2018,2
9667,City of Jasper - (IN),6225,Jasper 2,1,IN,MISO,Conventional Steam Coal,BIT,ST,14.5,13.6,,,2016,5
13337,Nebraska Public Power District,6229,Mobile,3,NE,SWPP,Petroleum Liquids,DFO,IC,1.0,0.8,,,2003,12
13781,Northern States Power Co - Minnesota,6231,Apple River,2,WI,MISO,Conventional Hydroelectric,WAT,HY,0.8,0.0,,,2006,12
40307,"Prairie Power, Inc",6237,Pittsfield,1,IL,MISO,Petroleum Liquids,DFO,IC,1.0,1.0,,,2011,12
40307,"Prairie Power, Inc",6237,Pittsfield,2,IL,MISO,Petroleum Liquids,DFO,IC,1.0,1.0,,,2011,12
40307,"Prairie Power, Inc",6237,Pittsfield,3,IL,MISO,Petroleum Liquids,DFO,IC,1.0,1.0,,,2011,12
40307,"Prairie Power, Inc",6237,Pittsfield,4,IL,MISO,Petroleum Liquids,DFO,IC,3.0,2.7,,,2011,12
40307,"Prairie Power, Inc",6237,Pittsfield,5,IL,MISO,Petroleum Liquids,DFO,IC,3.0,2.7,,,2011,12
40307,"Prairie Power, Inc",6238,Pearl Station,1,IL,MISO,Conventional Steam Coal,BIT,ST,22.0,22.2,,,2012,6
6452,Florida Power & Light Co,6246,Putnam,1GT1,FL,FPL,Natural Gas Fired Combined Cycle,NG,CT,85.0,,,,2014,12
6452,Florida Power & Light Co,6246,Putnam,1GT2,FL,FPL,Natural Gas Fired Combined Cycle,NG,CT,85.0,,,,2014,12
6452,Florida Power & Light Co,6246,Putnam,1ST,FL,FPL,Natural Gas Fired Combined Cycle,NG,CA,120.0,249.0,,,2014,12
6452,Florida Power & Light Co,6246,Putnam,2GT1,FL,FPL,Natural Gas Fired Combined Cycle,NG,CT,85.0,,,,2014,12
6452,Florida Power & Light Co,6246,Putnam,2GT2,FL,FPL,Natural Gas Fired Combined Cycle,NG,CT,85.0,,,,2014,12
6452,Florida Power & Light Co,6246,Putnam,2ST,FL,FPL,Natural Gas Fired Combined Cycle,NG,CA,120.0,249.0,,,2014,12
7140,Georgia Power Co,6257,Scherer,4,GA,SOCO,Conventional Steam Coal,SUB,ST,891.0,860.0,,,2022,1
10433,Kodiak Electric Assn Inc,6281,Kodiak Microgrid,2,AK,,Petroleum Liquids,DFO,IC,5.2,5.2,,,2003,7
10433,Kodiak Electric Assn Inc,6281,Kodiak Microgrid,3,AK,,Petroleum Liquids,DFO,IC,5.2,5.2,,,2004,4
10433,Kodiak Electric Assn Inc,6281,Kodiak Microgrid,6,AK,,Petroleum Liquids,DFO,IC,2.0,2.0,,,2004,4
10433,Kodiak Electric Assn Inc,6281,Kodiak Microgrid,7,AK,,Petroleum Liquids,DFO,IC,2.0,2.0,,,2002,4
10433,Kodiak Electric Assn Inc,6281,Kodiak Microgrid,8,AK,,Petroleum Liquids,DFO,IC,2.6,2.0,,,2002,4
10433,Kodiak Electric Assn Inc,6281,Kodiak Microgrid,9,AK,,Petroleum Liquids,DFO,IC,2.0,2.0,,,2002,4
10433,Kodiak Electric Assn Inc,6282,Port Lions Microgrid,1,AK,,Petroleum Liquids,DFO,IC,0.3,0.3,,,2017,10
10433,Kodiak Electric Assn Inc,6282,Port Lions Microgrid,2,AK,,Petroleum Liquids,DFO,IC,0.3,0.2,,,2017,10
10433,Kodiak Electric Assn Inc,6282,Port Lions Microgrid,3,AK,,Petroleum Liquids,DFO,IC,0.2,0.2,,,2017,10
10433,Kodiak Electric Assn Inc,6282,Port Lions Microgrid,4,AK,,Petroleum Liquids,DFO,IC,0.2,0.2,,,2017,10
19558,Homer Electric Assn Inc,6283,Seldovia,1,AK,,Petroleum Liquids,DFO,IC,0.3,0.3,,,2003,9
19558,Homer Electric Assn Inc,6283,Seldovia,2,AK,,Petroleum Liquids,DFO,IC,0.6,0.6,,,2003,9
19558,Homer Electric Assn Inc,6283,Seldovia,3,AK,,Petroleum Liquids,DFO,IC,0.6,0.6,,,2003,9
19558,Homer Electric Assn Inc,6283,Seldovia,4,AK,,Petroleum Liquids,DFO,IC,0.6,0.6,,,2003,9
19558,Homer Electric Assn Inc,6283,Seldovia,5,AK,,Petroleum Liquids,DFO,IC,1.2,1.2,,,2025,7
19558,Homer Electric Assn Inc,6283,Seldovia,6,AK,,Petroleum Liquids,DFO,IC,1.2,1.2,,,2017,9
3522,Chugach Electric Assn Inc,6293,International,1,AK,,Natural Gas Fired Combustion Turbine,NG,GT,15.0,12.6,,,2023,5
3522,Chugach Electric Assn Inc,6293,International,2,AK,,Natural Gas Fired Combustion Turbine,NG,GT,15.0,12.6,,,2020,8
3522,Chugach Electric Assn Inc,6293,International,3,AK,,Natural Gas Fired Combustion Turbine,NG,GT,16.3,16.7,,,2015,8
40548,Unalakleet Valley Elec Coop,6299,Unalakleet,1,AK,,Petroleum Liquids,DFO,IC,0.4,0.3,,,2010,5
40548,Unalakleet Valley Elec Coop,6299,Unalakleet,2,AK,,Petroleum Liquids,DFO,IC,0.4,0.5,,,2010,5
40548,Unalakleet Valley Elec Coop,6299,Unalakleet,3,AK,,Petroleum Liquids,DFO,IC,0.4,0.4,,,2010,5
40548,Unalakleet Valley Elec Coop,6299,Unalakleet,4,AK,,Petroleum Liquids,DFO,IC,0.4,0.4,,,2010,5
13201,"Naknek Electric Assn, Inc",6301,Naknek,5,AK,,Petroleum Liquids,DFO,IC,0.4,0.4,,,2004,8
13201,"Naknek Electric Assn, Inc",6301,Naknek,6,AK,,Petroleum Liquids,DFO,IC,0.4,0.4,,,2004,8
13201,"Naknek Electric Assn, Inc",6301,Naknek,7,AK,,Petroleum Liquids,DFO,IC,0.4,0.4,,,2004,8
10451,Kotzebue Electric Assn Inc,6304,Kotzebue Hybrid,10wt,AK,,Onshore Wind Turbine,WND,WT,0.1,0.1,,,2020,5
10451,Kotzebue Electric Assn Inc,6304,Kotzebue Hybrid,11,AK,,Petroleum Liquids,DFO,IC,1.0,1.0,,,2013,8
10451,Kotzebue Electric Assn Inc,6304,Kotzebue Hybrid,11wt,AK,,Onshore Wind Turbine,WND,WT,0.1,0.1,,,2026,6
10451,Kotzebue Electric Assn Inc,6304,Kotzebue Hybrid,12,AK,,Petroleum Liquids,DFO,IC,1.0,1.0,,,2012,7
10451,Kotzebue Electric Assn Inc,6304,Kotzebue Hybrid,12wt,AK,,Onshore Wind Turbine,WND,WT,0.1,0.1,,,2020,5
10451,Kotzebue Electric Assn Inc,6304,Kotzebue Hybrid,13WT,AK,,Onshore Wind Turbine,WND,WT,0.1,0.1,,,2026,5
10451,Kotzebue Electric Assn Inc,6304,Kotzebue Hybrid,14wt,AK,,Onshore Wind Turbine,WND,WT,0.1,0.1,,,2026,5
10451,Kotzebue Electric Assn Inc,6304,Kotzebue Hybrid,15WT,AK,,Onshore Wind Turbine,WND,WT,0.1,0.1,,,2026,5
10451,Kotzebue Electric Assn Inc,6304,Kotzebue Hybrid,16WT,AK,,Onshore Wind Turbine,WND,WT,0.1,0.1,,,2026,5
10451,Kotzebue Electric Assn Inc,6304,Kotzebue Hybrid,17WT,AK,,Onshore Wind Turbine,WND,WT,0.1,0.1,,,2026,5
10451,Kotzebue Electric Assn Inc,6304,Kotzebue Hybrid,1WT,AK,,Onshore Wind Turbine,WND,WT,0.6,0.6,,,2026,5
10451,Kotzebue Electric Assn Inc,6304,Kotzebue Hybrid,2WT,AK,,Onshore Wind Turbine,WND,WT,0.1,0.1,,,2026,5
10451,Kotzebue Electric Assn Inc,6304,Kotzebue Hybrid,3WT,AK,,Onshore Wind Turbine,WND,WT,0.2,0.2,,,2026,5
10451,Kotzebue Electric Assn Inc,6304,Kotzebue Hybrid,4WT,AK,,Onshore Wind Turbine,WND,WT,0.5,0.5,,,2020,5
10451,Kotzebue Electric Assn Inc,6304,Kotzebue Hybrid,5WT,AK,,Onshore Wind Turbine,WND,WT,0.1,0.1,,,2020,5
10451,Kotzebue Electric Assn Inc,6304,Kotzebue Hybrid,6WT,AK,,Onshore Wind Turbine,WND,WT,0.1,0.1,,,2020,5
10451,Kotzebue Electric Assn Inc,6304,Kotzebue Hybrid,7WT,AK,,Onshore Wind Turbine,WND,WT,0.1,0.1,,,2020,5
10451,Kotzebue Electric Assn Inc,6304,Kotzebue Hybrid,8WT,AK,,Onshore Wind Turbine,WND,WT,0.1,0.1,,,2020,5
10451,Kotzebue Electric Assn Inc,6304,Kotzebue Hybrid,9,AK,,Petroleum Liquids,DFO,IC,2.1,2.1,,,2004,10
10451,Kotzebue Electric Assn Inc,6304,Kotzebue Hybrid,9wt,AK,,Onshore Wind Turbine,WND,WT,0.1,0.1,,,2020,5
4329,"Copper Valley Elec Assn, Inc",6305,Glennallen,1,AK,,Petroleum Liquids,DFO,IC,0.3,0.3,,,2008,7
4329,"Copper Valley Elec Assn, Inc",6305,Glennallen,2,AK,,Petroleum Liquids,DFO,IC,0.3,0.3,,,2008,7
4329,"Copper Valley Elec Assn, Inc",6305,Glennallen,3,AK,,Petroleum Liquids,DFO,IC,0.5,0.5,,,2019,5
4329,"Copper Valley Elec Assn, Inc",6305,Glennallen,4,AK,,Petroleum Liquids,DFO,IC,0.5,0.5,,,2019,5
4329,"Copper Valley Elec Assn, Inc",6305,Glennallen,5,AK,,Petroleum Liquids,DFO,IC,0.5,0.5,,,2019,5
4329,"Copper Valley Elec Assn, Inc",6306,Valdez,1,AK,,Petroleum Liquids,DFO,IC,0.5,0.5,,,2016,6
4329,"Copper Valley Elec Assn, Inc",6306,Valdez,2,AK,,Petroleum Liquids,DFO,IC,0.5,0.5,,,2016,6
4329,"Copper Valley Elec Assn, Inc",6306,Valdez,3,AK,,Petroleum Liquids,DFO,IC,0.5,0.5,,,2016,6
4329,"Copper Valley Elec Assn, Inc",6306,Valdez,7,AK,,Petroleum Liquids,DFO,GT,2.8,2.8,,,2018,1
221,"Alaska Village Elec Coop, Inc",6311,Chevak,1,AK,,Petroleum Liquids,DFO,IC,0.4,0.4,,,2009,10
221,"Alaska Village Elec Coop, Inc",6311,Chevak,2,AK,,Petroleum Liquids,DFO,IC,0.3,0.3,,,2009,10
221,"Alaska Village Elec Coop, Inc",6311,Chevak,3,AK,,Petroleum Liquids,DFO,IC,0.3,0.3,,,2009,10
221,"Alaska Village Elec Coop, Inc",6314,Emmonak,2,AK,,Petroleum Liquids,DFO,IC,0.3,0.3,,,2011,8
221,"Alaska Village Elec Coop, Inc",6314,Emmonak,2A,AK,,Petroleum Liquids,DFO,IC,0.5,0.5,,,2024,12
221,"Alaska Village Elec Coop, Inc",6314,Emmonak,4,AK,,Petroleum Liquids,DFO,IC,0.3,0.3,,,2005,4
221,"Alaska Village Elec Coop, Inc",6314,Emmonak,5,AK,,Petroleum Liquids,DFO,IC,0.5,0.5,,,2005,4
221,"Alaska Village Elec Coop, Inc",6314,Emmonak,5B,AK,,Petroleum Liquids,DFO,IC,1.3,1.3,,,2024,12
221,"Alaska Village Elec Coop, Inc",6314,Emmonak,5a,AK,,Petroleum Liquids,DFO,IC,0.5,0.5,,,2016,6
221,"Alaska Village Elec Coop, Inc",6319,Hooper Bay,3A,AK,,Petroleum Liquids,DFO,IC,0.3,0.3,,,2018,4
221,"Alaska Village Elec Coop, Inc",6319,Hooper Bay,4A,AK,,Petroleum Liquids,DFO,IC,0.3,0.3,,,2013,7
221,"Alaska Village Elec Coop, Inc",6319,Hooper Bay,5,AK,,Petroleum Liquids,DFO,IC,0.5,0.5,,,2016,6
221,"Alaska Village Elec Coop, Inc",6323,Kiana,1B,AK,,Petroleum Liquids,DFO,IC,0.3,0.3,,,2024,4
221,"Alaska Village Elec Coop, Inc",6323,Kiana,3A,AK,,Petroleum Liquids,DFO,IC,0.3,0.4,,,2019,8
221,"Alaska Village Elec Coop, Inc",6323,Kiana,3B,AK,,Petroleum Liquids,DFO,IC,0.4,0.4,,,2024,9
221,"Alaska Village Elec Coop, Inc",6329,Mountain Village,1,AK,,Petroleum Liquids,DFO,IC,0.3,0.3,,,2026,5
221,"Alaska Village Elec Coop, Inc",6329,Mountain Village,3A,AK,,Petroleum Liquids,DFO,IC,0.3,0.3,,,2005,3
221,"Alaska Village Elec Coop, Inc",6329,Mountain Village,3B,AK,,Petroleum Liquids,DFO,IC,0.5,0.5,,,2023,5
221,"Alaska Village Elec Coop, Inc",6329,Mountain Village,4,AK,,Petroleum Liquids,DFO,IC,0.6,0.6,,,2015,12
221,"Alaska Village Elec Coop, Inc",6329,Mountain Village,4A,AK,,Petroleum Liquids,DFO,IC,0.8,0.8,,,2026,5
221,"Alaska Village Elec Coop, Inc",6329,Mountain Village,5,AK,,Petroleum Liquids,DFO,IC,0.5,0.5,,,2003,12
221,"Alaska Village Elec Coop, Inc",6330,Noorvik,2A,AK,,Petroleum Liquids,DFO,IC,0.4,0.4,,,2017,7
221,"Alaska Village Elec Coop, Inc",6330,Noorvik,3,AK,,Petroleum Liquids,DFO,IC,0.3,0.3,,,2003,12
221,"Alaska Village Elec Coop, Inc",6333,Nunapitchuk,2,AK,,Petroleum Liquids,DFO,IC,0.3,0.3,,,2006,2
221,"Alaska Village Elec Coop, Inc",6333,Nunapitchuk,3,AK,,Petroleum Liquids,DFO,IC,0.3,0.3,,,2006,2
221,"Alaska Village Elec Coop, Inc",6333,Nunapitchuk,4,AK,,Petroleum Liquids,DFO,IC,0.6,0.6,,,2006,2
221,"Alaska Village Elec Coop, Inc",6333,Nunapitchuk,5,AK,,Petroleum Liquids,DFO,IC,0.5,0.5,,,2004,6
221,"Alaska Village Elec Coop, Inc",6338,St Marys IC,1,AK,,Petroleum Liquids,DFO,IC,0.6,0.6,,,2006,12
221,"Alaska Village Elec Coop, Inc",6338,St Marys IC,1B,AK,,Petroleum Liquids,DFO,IC,0.5,0.5,,,2022,11
221,"Alaska Village Elec Coop, Inc",6338,St Marys IC,2,AK,,Petroleum Liquids,DFO,IC,0.6,0.6,,,2022,11
221,"Alaska Village Elec Coop, Inc",6338,St Marys IC,3,AK,,Petroleum Liquids,DFO,IC,0.9,0.9,,,2022,11
221,"Alaska Village Elec Coop, Inc",6341,Selawik,1,AK,,Petroleum Liquids,DFO,IC,0.3,0.3,,,2003,6
221,"Alaska Village Elec Coop, Inc",6341,Selawik,1A,AK,,Petroleum Liquids,DFO,IC,0.3,0.3,,,2020,12
221,"Alaska Village Elec Coop, Inc",6341,Selawik,2,AK,,Petroleum Liquids,DFO,IC,0.7,0.7,,,2005,4
221,"Alaska Village Elec Coop, Inc",6341,Selawik,2A,AK,,Petroleum Liquids,DFO,IC,0.5,0.5,,,2013,8
221,"Alaska Village Elec Coop, Inc",6341,Selawik,3,AK,,Petroleum Liquids,DFO,IC,0.3,0.3,,,2003,6
221,"Alaska Village Elec Coop, Inc",6341,Selawik,3A,AK,,Petroleum Liquids,DFO,IC,0.8,0.8,,,2014,3
221,"Alaska Village Elec Coop, Inc",6345,Shishmaref,3,AK,,Petroleum Liquids,DFO,IC,0.3,0.3,,,2002,4
221,"Alaska Village Elec Coop, Inc",6345,Shishmaref,4,AK,,Petroleum Liquids,DFO,IC,0.5,0.5,,,2006,7
221,"Alaska Village Elec Coop, Inc",6345,Shishmaref,4A,AK,,Petroleum Liquids,DFO,IC,0.5,0.5,,,2024,3
221,"Alaska Village Elec Coop, Inc",6348,Togiak,2,AK,,Petroleum Liquids,DFO,IC,0.3,0.3,,,2004,8
221,"Alaska Village Elec Coop, Inc",6348,Togiak,2a,AK,,Petroleum Liquids,DFO,IC,0.5,0.5,,,2019,4
221,"Alaska Village Elec Coop, Inc",6348,Togiak,4,AK,,Petroleum Liquids,DFO,IC,0.3,0.3,,,2019,4
221,"Alaska Village Elec Coop, Inc",6348,Togiak,4B,AK,,Petroleum Liquids,DFO,IC,0.8,0.8,,,2019,4
221,"Alaska Village Elec Coop, Inc",6348,Togiak,4a,AK,,Petroleum Liquids,DFO,IC,0.5,0.5,,,2014,5
221,"Alaska Village Elec Coop, Inc",6348,Togiak,5,AK,,Petroleum Liquids,DFO,IC,0.5,0.5,,,2004,9
221,"Alaska Village Elec Coop, Inc",6348,Togiak,5A,AK,,Petroleum Liquids,DFO,IC,0.8,0.8,,,2019,4
8723,City of Holland - (MI),6356,Sixth Street Gas Turbine,1,MI,MISO,Petroleum Liquids,DFO,GT,24.0,16.0,,,2023,5
84,A & N Electric Coop,6391,Smith Island,3,MD,PJM,Petroleum Liquids,DFO,IC,1.2,1.2,,,2021,5
2518,U S Bureau of Reclamation,6397,Boise R Diversion,1,ID,IPCO,Conventional Hydroelectric,WAT,HY,0.5,0.5,,,2004,6
2518,U S Bureau of Reclamation,6397,Boise R Diversion,2,ID,IPCO,Conventional Hydroelectric,WAT,HY,0.5,0.5,,,2004,6
2518,U S Bureau of Reclamation,6397,Boise R Diversion,3,ID,IPCO,Conventional Hydroelectric,WAT,HY,0.5,0.5,,,2004,6
13902,NorthWestern Energy (MT Hydro),6422,Madison Dam,MAD1,MT,NWMT,Conventional Hydroelectric,WAT,HY,2.2,3.7,,,2019,10
13902,NorthWestern Energy (MT Hydro),6422,Madison Dam,MAD2,MT,NWMT,Conventional Hydroelectric,WAT,HY,2.2,3.7,,,2019,10
13902,NorthWestern Energy (MT Hydro),6422,Madison Dam,MAD3,MT,NWMT,Conventional Hydroelectric,WAT,HY,2.2,3.7,,,2019,10
13902,NorthWestern Energy (MT Hydro),6422,Madison Dam,MAD4,MT,NWMT,Conventional Hydroelectric,WAT,HY,2.2,3.7,,,2019,10
10071,Kauai Island Utility Cooperative,6474,Port Allen (HI),ST1,HI,,Petroleum Liquids,DFO,ST,10.0,9.0,,,2019,2
8287,Hawaii Electric Light Co Inc,6478,Shipman,3,HI,,Petroleum Liquids,RFO,ST,7.5,7.5,,,2015,12
8287,Hawaii Electric Light Co Inc,6478,Shipman,4,HI,,Petroleum Liquids,RFO,ST,7.5,7.5,,,2015,12
11208,Los Angeles Department of Water & Power,6481,Intermountain Power Project,1,UT,LDWP,Conventional Steam Coal,BIT,ST,820.0,900.0,,,2025,10
11208,Los Angeles Department of Water & Power,6481,Intermountain Power Project,2,UT,LDWP,Conventional Steam Coal,BIT,ST,820.0,900.0,,,2025,11
14354,PacifiCorp,6482,Cline Falls,1,OR,PACW,Conventional Hydroelectric,WAT,HY,1.0,1.1,,,2010,2
17166,Sierra Pacific Power Co,6509,Battle Mountain,1,NV,NEVP,Petroleum Liquids,DFO,IC,2.0,1.8,,,2011,1
17166,Sierra Pacific Power Co,6509,Battle Mountain,2,NV,NEVP,Petroleum Liquids,DFO,IC,2.0,1.8,,,2011,1
17166,Sierra Pacific Power Co,6509,Battle Mountain,3,NV,NEVP,Petroleum Liquids,DFO,IC,2.0,1.8,,,2011,1
17166,Sierra Pacific Power Co,6509,Battle Mountain,4,NV,NEVP,Petroleum Liquids,DFO,IC,2.0,1.8,,,2011,1
17166,Sierra Pacific Power Co,6512,Farad,1,CA,NEVP,Conventional Hydroelectric,WAT,HY,1.4,1.4,,,2006,5
17166,Sierra Pacific Power Co,6512,Farad,2,CA,NEVP,Conventional Hydroelectric,WAT,HY,1.4,1.4,,,2006,5
17166,Sierra Pacific Power Co,6514,Gabbs,1,NV,NEVP,Petroleum Liquids,DFO,IC,2.7,2.7,,,2013,1
17166,Sierra Pacific Power Co,6514,Gabbs,2,NV,NEVP,Petroleum Liquids,DFO,IC,2.7,2.7,,,2013,1
56146,"Black Hills Colorado Electric, LLC",6516,Rocky Ford,IC1,CO,PSCO,Petroleum Liquids,DFO,IC,2.0,2.0,,,2018,9
57222,Liberty Utilities (CalPeco Electric) LLC,6518,Kings Beach,1,CA,NEVP,Petroleum Liquids,DFO,IC,2.7,2.7,,,2008,3
57222,Liberty Utilities (CalPeco Electric) LLC,6518,Kings Beach,2,CA,NEVP,Petroleum Liquids,DFO,IC,2.7,2.7,,,2008,3
57222,Liberty Utilities (CalPeco Electric) LLC,6518,Kings Beach,3,CA,NEVP,Petroleum Liquids,DFO,IC,2.7,2.7,,,2008,3
57222,Liberty Utilities (CalPeco Electric) LLC,6518,Kings Beach,4,CA,NEVP,Petroleum Liquids,DFO,IC,2.7,2.7,,,2008,3
57222,Liberty Utilities (CalPeco Electric) LLC,6518,Kings Beach,5,CA,NEVP,Petroleum Liquids,DFO,IC,2.7,2.7,,,2008,3
57222,Liberty Utilities (CalPeco Electric) LLC,6518,Kings Beach,6,CA,NEVP,Petroleum Liquids,DFO,IC,2.7,2.7,,,2008,3
7601,Green Mountain Power Corp,6519,Vergennes 9,5,VT,ISNE,Petroleum Liquids,DFO,IC,2.0,2.0,,,2021,9
7601,Green Mountain Power Corp,6519,Vergennes 9,6,VT,ISNE,Petroleum Liquids,DFO,IC,2.0,2.0,,,2021,9
17166,Sierra Pacific Power Co,6524,Portola,1,CA,NEVP,Petroleum Liquids,DFO,IC,2.0,2.0,,,2007,1
17166,Sierra Pacific Power Co,6524,Portola,2,CA,NEVP,Petroleum Liquids,DFO,IC,2.0,2.0,,,2007,1
17166,Sierra Pacific Power Co,6524,Portola,3,CA,NEVP,Petroleum Liquids,DFO,IC,2.0,2.0,,,2007,1
17166,Sierra Pacific Power Co,6530,Valley Road,1,NV,NEVP,Petroleum Liquids,DFO,IC,2.0,2.0,,,2011,1
17166,Sierra Pacific Power Co,6530,Valley Road,2,NV,NEVP,Petroleum Liquids,DFO,IC,2.0,2.0,,,2011,1
17166,Sierra Pacific Power Co,6530,Valley Road,3,NV,NEVP,Petroleum Liquids,DFO,IC,2.0,2.0,,,2011,1
17166,Sierra Pacific Power Co,6533,Winnemucca,1,NV,NEVP,Natural Gas Fired Combustion Turbine,NG,GT,14.9,15.0,,,2011,1
14354,PacifiCorp,6553,Little Mountain,1,UT,PACE,Natural Gas Fired Combustion Turbine,NG,GT,16.0,14.0,,,2011,12
20214,Waverly Municipal Elec Utility - (IA),6554,Waverly Municipal Electric North Plant,5,IA,MISO,Natural Gas Internal Combustion Engine,NG,IC,1.2,1.2,,,2013,9
20214,Waverly Municipal Elec Utility - (IA),6554,Waverly Municipal Electric North Plant,6,IA,MISO,Natural Gas Internal Combustion Engine,NG,IC,1.3,1.3,,,2013,9
12119,McGrath Light & Power Co,6555,McGrath,3,AK,,Petroleum Liquids,DFO,IC,0.2,0.2,,,2010,10
12119,McGrath Light & Power Co,6555,McGrath,3A,AK,,Petroleum Liquids,DFO,IC,0.5,0.5,,,2021,4
12119,McGrath Light & Power Co,6555,McGrath,4,AK,,Petroleum Liquids,DFO,IC,0.2,0.1,,,2010,10
12119,McGrath Light & Power Co,6555,McGrath,4A,AK,,Petroleum Liquids,DFO,IC,0.5,0.5,,,2021,4
12119,McGrath Light & Power Co,6555,McGrath,5,AK,,Petroleum Liquids,DFO,IC,0.6,0.6,,,2010,10
12119,McGrath Light & Power Co,6555,McGrath,6,AK,,Petroleum Liquids,DFO,IC,0.6,0.6,,,2021,4
12119,McGrath Light & Power Co,6555,McGrath,7,AK,,Petroleum Liquids,DFO,IC,0.6,0.6,,,2021,4
298,City of Alexandria - (LA),6558,D G Hunter,1,LA,MISO,Natural Gas Steam Turbine,NG,ST,17.5,16.0,,,2005,1
298,City of Alexandria - (LA),6558,D G Hunter,2,LA,MISO,Natural Gas Steam Turbine,NG,ST,17.5,16.0,,,2005,1
298,City of Alexandria - (LA),6558,D G Hunter,3,LA,MISO,Natural Gas Steam Turbine,NG,ST,55.0,50.0,,,2016,3
298,City of Alexandria - (LA),6558,D G Hunter,4,LA,MISO,Natural Gas Steam Turbine,NG,ST,85.0,80.0,,,2016,3
3522,Chugach Electric Assn Inc,6559,George M Sullivan Generation Plant 2,5,AK,,Natural Gas Fired Combined Cycle,NG,CT,38.1,33.8,,,2016,12
3522,Chugach Electric Assn Inc,6559,George M Sullivan Generation Plant 2,6,AK,,Natural Gas Fired Combined Cycle,NG,CA,33.0,34.0,,,2016,12
1615,Town of Berlin - (MD),6565,Berlin,2A,MD,PJM,Petroleum Liquids,DFO,IC,1.8,1.8,,,2019,6
1615,Town of Berlin - (MD),6565,Berlin,3A,MD,PJM,Petroleum Liquids,DFO,IC,1.8,1.8,,,2004,6
1615,Town of Berlin - (MD),6565,Berlin,4A,MD,PJM,Petroleum Liquids,DFO,IC,1.8,1.8,,,2020,5
221,"Alaska Village Elec Coop, Inc",6566,Bethel,6,AK,,Petroleum Liquids,DFO,IC,2.1,2.1,,,2024,5
1857,Block Island Utility District,6567,Block Island,11,RI,NA,Petroleum Liquids,DFO,IC,1.0,0.8,,,2005,1
1857,Block Island Utility District,6567,Block Island,19,RI,NA,Petroleum Liquids,DFO,IC,1.1,1.0,,,2012,6
1857,Block Island Utility District,6567,Block Island,21,RI,NA,Petroleum Liquids,DFO,IC,1.6,1.5,,,2002,1
1857,Block Island Utility District,6567,Block Island,22,RI,NA,Petroleum Liquids,DFO,IC,1.3,1.2,,,2016,7
1857,Block Island Utility District,6567,Block Island,26,RI,NA,Petroleum Liquids,DFO,IC,1.8,1.8,,,2017,1
6369,Fishers Island Utility Co Inc,6575,Fishers Island,4,NY,,Petroleum Liquids,DFO,IC,0.3,0.0,,,2010,1
6369,Fishers Island Utility Co Inc,6575,Fishers Island,5,NY,,Petroleum Liquids,DFO,IC,0.7,0.0,,,2010,1
9776,City of Johnson - (KS),6579,Johnson,1,KS,SWPP,Petroleum Liquids,DFO,IC,0.6,0.6,,,2017,8
9776,City of Johnson - (KS),6579,Johnson,2,KS,SWPP,Petroleum Liquids,DFO,IC,0.9,0.7,,,2017,8
9776,City of Johnson - (KS),6579,Johnson,4,KS,SWPP,Petroleum Liquids,DFO,IC,0.5,0.5,,,2017,8
9776,City of Johnson - (KS),6579,Johnson,5,KS,SWPP,Petroleum Liquids,DFO,IC,0.3,0.3,,,2017,8
9776,City of Johnson - (KS),6579,Johnson,7,KS,SWPP,Petroleum Liquids,DFO,IC,1.5,1.2,,,2017,8
9776,City of Johnson - (KS),6579,Johnson,8,KS,SWPP,Natural Gas Internal Combustion Engine,NG,IC,1.2,1.1,,,2017,8
9776,City of Johnson - (KS),6579,Johnson,IC6,KS,SWPP,Petroleum Liquids,DFO,IC,1.5,1.2,,,2017,8
50079,Utility Board of Key West City (FL),6582,Cudjoe,2,FL,,Petroleum Liquids,DFO,IC,2.7,2.5,,,2006,9
50079,Utility Board of Key West City (FL),6582,Cudjoe,3,FL,,Petroleum Liquids,DFO,IC,2.3,2.0,,,2006,9
50079,Utility Board of Key West City (FL),6584,Stock Island,IC1,FL,FMPP,Petroleum Liquids,DFO,IC,2.5,1.5,,,2009,12
50079,Utility Board of Key West City (FL),6584,Stock Island,IC2,FL,FMPP,Petroleum Liquids,DFO,IC,2.5,1.5,,,2009,12
50079,Utility Board of Key West City (FL),6584,Stock Island,IC3,FL,FMPP,Petroleum Liquids,DFO,IC,2.5,1.5,,,2009,12
11624,Town of Marblehead - (MA),6585,Commercial Street,2,MA,ISNE,Petroleum Liquids,DFO,IC,1.1,1.0,,,2010,6
40382,City of Rockport - (MO),6594,Rockport (MO),1,MO,AECI,Natural Gas Internal Combustion Engine,NG,IC,1.1,1.1,,,2011,11
40382,City of Rockport - (MO),6594,Rockport (MO),2,MO,AECI,Natural Gas Internal Combustion Engine,NG,IC,1.1,1.1,,,2011,11
40382,City of Rockport - (MO),6594,Rockport (MO),3,MO,AECI,Petroleum Liquids,DFO,IC,0.5,0.4,,,2011,11
40382,City of Rockport - (MO),6594,Rockport (MO),4,MO,AECI,Petroleum Liquids,DFO,IC,0.4,0.3,,,2011,11
40382,City of Rockport - (MO),6594,Rockport (MO),5,MO,AECI,Natural Gas Internal Combustion Engine,NG,IC,1.3,1.3,,,2011,11
40382,City of Rockport - (MO),6594,Rockport (MO),6,MO,AECI,Natural Gas Internal Combustion Engine,NG,IC,1.3,1.3,,,2011,11
17569,City of South Norwalk - (CT),6598,South Norwalk Electric,1,CT,ISNE,Petroleum Liquids,DFO,IC,5.0,5.0,,,2004,12
17569,City of South Norwalk - (CT),6598,South Norwalk Electric,2,CT,ISNE,Petroleum Liquids,DFO,IC,2.0,2.0,,,2004,12
17569,City of South Norwalk - (CT),6598,South Norwalk Electric,3,CT,ISNE,Petroleum Liquids,DFO,IC,2.0,2.0,,,2004,12
17569,City of South Norwalk - (CT),6598,South Norwalk Electric,4,CT,ISNE,Petroleum Liquids,DFO,IC,3.3,3.1,,,2004,12
17569,City of South Norwalk - (CT),6598,South Norwalk Electric,5,CT,ISNE,Petroleum Liquids,DFO,IC,4.0,3.2,,,2004,12
17569,City of South Norwalk - (CT),6598,South Norwalk Electric,6,CT,ISNE,Petroleum Liquids,DFO,IC,1.0,1.1,,,2014,11
17569,City of South Norwalk - (CT),6598,South Norwalk Electric,7,CT,ISNE,Petroleum Liquids,DFO,GT,22.8,22.0,,,2003,10
221,"Alaska Village Elec Coop, Inc",6637,Yakutat,4A,AK,,Petroleum Liquids,DFO,IC,1.1,1.1,,,2014,8
221,"Alaska Village Elec Coop, Inc",6637,Yakutat,5,AK,,Petroleum Liquids,DFO,IC,0.3,0.3,,,2006,12
12397,Metropolitan Water District of S CA,6643,Greg Avenue,1,CA,LDWP,Conventional Hydroelectric,WAT,HY,1.0,1.0,,,2019,3
55983,Luminant Generation Company LLC,6648,Sandow No 4,4,TX,ERCO,Conventional Steam Coal,LIG,ST,590.6,600.0,,,2018,1
29297,Pelican Utility,6702,Pelican,IC1,AK,,Petroleum Liquids,DFO,IC,0.3,0.3,,,2011,12
29297,Pelican Utility,6702,Pelican,IC2,AK,,Petroleum Liquids,DFO,IC,0.1,0.1,,,2011,12
29297,Pelican Utility,6702,Pelican,IC3,AK,,Petroleum Liquids,DFO,IC,0.2,0.2,,,2011,12
29297,Pelican Utility,6702,Pelican,IC4,AK,,Petroleum Liquids,DFO,IC,0.2,0.2,,,2011,12
29297,Pelican Utility,6702,Pelican,IC5,AK,,Petroleum Liquids,DFO,IC,0.4,0.4,,,2011,12
29297,Pelican Utility,6702,Pelican,IC6,AK,,Petroleum Liquids,DFO,IC,0.4,0.4,,,2025,11
29297,Pelican Utility,6702,Pelican,IC8,AK,,Petroleum Liquids,DFO,IC,0.2,0.2,,,2024,5
11241,Entergy Louisiana LLC,6706,Thibodaux,9,LA,MISO,Natural Gas Steam Turbine,NG,ST,21.0,19.0,,,2002,1
13960,NRG Cabrillo Power Ops Inc,6707,Naval Training Center,NTCG,CA,,Natural Gas Fired Combustion Turbine,NG,GT,16.0,13.0,,,2002,11
19856,City of Vineland - (NJ),6776,West Station (NJ),1,NJ,PJM,Petroleum Liquids,DFO,GT,27.0,22.9,,,2022,10
17845,City of Springville - (UT),7028,Whitehead,K3,UT,PACE,Natural Gas Internal Combustion Engine,NG,IC,7.0,5.9,,,2023,9
17845,City of Springville - (UT),7028,Whitehead,K4,UT,PACE,Natural Gas Internal Combustion Engine,NG,IC,5.0,4.0,,,2023,5
10963,"Lewiston, City of - (ME)",7044,Bates Mill Upper,BU1,ME,ISNE,Conventional Hydroelectric,WAT,HY,1.2,0.9,,,2006,9
10963,"Lewiston, City of - (ME)",7044,Bates Mill Upper,BU2,ME,ISNE,Conventional Hydroelectric,WAT,HY,1.5,0.9,,,2006,9
10963,"Lewiston, City of - (ME)",7044,Bates Mill Upper,BU3,ME,ISNE,Conventional Hydroelectric,WAT,HY,1.2,0.9,,,2006,9
10963,"Lewiston, City of - (ME)",7048,Hill Mill,HM1,ME,ISNE,Conventional Hydroelectric,WAT,HY,0.3,0.3,,,2006,9
10963,"Lewiston, City of - (ME)",7048,Hill Mill,HM2,ME,ISNE,Conventional Hydroelectric,WAT,HY,0.3,0.3,,,2006,9
10963,"Lewiston, City of - (ME)",7048,Hill Mill,HM3,ME,ISNE,Conventional Hydroelectric,WAT,HY,0.3,0.3,,,2006,9
10963,"Lewiston, City of - (ME)",7048,Hill Mill,HM4,ME,ISNE,Conventional Hydroelectric,WAT,HY,0.3,0.3,,,2006,9
10963,"Lewiston, City of - (ME)",7048,Hill Mill,HM5,ME,ISNE,Conventional Hydroelectric,WAT,HY,0.3,0.3,,,2006,9
10963,"Lewiston, City of - (ME)",7048,Hill Mill,HM6,ME,ISNE,Conventional Hydroelectric,WAT,HY,0.3,0.3,,,2006,9
8366,Heber Light & Power Company,7111,Heber City,2,UT,PACE,Natural Gas Internal Combustion Engine,NG,IC,1.4,1.4,,,2024,10
8366,Heber Light & Power Company,7111,Heber City,NA1,UT,PACE,Natural Gas Internal Combustion Engine,NG,IC,0.6,0.6,,,2003,7
8366,Heber Light & Power Company,7111,Heber City,NA2,UT,PACE,Natural Gas Internal Combustion Engine,NG,IC,0.6,0.6,,,2003,6
8366,Heber Light & Power Company,7111,Heber City,NA3,UT,PACE,Natural Gas Internal Combustion Engine,NG,IC,0.6,0.6,,,2012,7
8366,Heber Light & Power Company,7111,Heber City,NA4,UT,PACE,Natural Gas Internal Combustion Engine,NG,IC,0.6,0.6,,,2003,6
8366,Heber Light & Power Company,7111,Heber City,NA5,UT,PACE,Natural Gas Internal Combustion Engine,NG,IC,0.7,0.7,,,2021,7
8366,Heber Light & Power Company,7111,Heber City,NA6,UT,PACE,Natural Gas Internal Combustion Engine,NG,IC,0.7,0.7,,,2022,12
8366,Heber Light & Power Company,7111,Heber City,NA7,UT,PACE,Petroleum Liquids,DFO,IC,1.5,1.5,,,2005,8
8366,Heber Light & Power Company,7111,Heber City,NA8,UT,PACE,Petroleum Liquids,DFO,IC,1.6,1.5,,,2005,8
12385,Metlakatla Power & Light,7112,Centennial,IC6,AK,,Petroleum Liquids,DFO,IC,3.3,3.3,,,2022,12
55939,Columbia Basin Hydropower,7113,PEC Headworks,1,WA,GCPD,Conventional Hydroelectric,WAT,HY,6.6,6.6,,,2025,12
19578,Upper Peninsula Power Company,7115,Hoist,1,MI,MISO,Conventional Hydroelectric,WAT,HY,1.0,1.0,,,2006,9
11292,City of Lubbock - (TX),7131,Brandon Station,1,TX,SWPP,Natural Gas Fired Combustion Turbine,NG,GT,21.0,20.0,,,2023,10
9417,Interstate Power and Light Co,7137,Grinnell,1,IA,MISO,Natural Gas Fired Combustion Turbine,NG,GT,23.8,26.2,,,2017,8
9417,Interstate Power and Light Co,7137,Grinnell,2,IA,MISO,Natural Gas Fired Combustion Turbine,NG,GT,23.8,20.9,,,2017,8
219,Alaska Power and Telephone Co,7169,Northway,2A,AK,,Petroleum Liquids,DFO,IC,0.2,0.2,,,2006,11
219,Alaska Power and Telephone Co,7169,Northway,5,AK,,Petroleum Liquids,DFO,IC,0.4,0.4,,,2012,4
1276,"Barrow Utils & Elec Coop, Inc",7173,Barrow,10,AK,,Natural Gas Internal Combustion Engine,NG,IC,1.5,1.5,,,2022,11
1276,"Barrow Utils & Elec Coop, Inc",7173,Barrow,9,AK,,Natural Gas Internal Combustion Engine,NG,IC,1.5,1.5,,,2022,11
7833,Gwitchyaa Zhee Utility Co,7174,Gwitchyaa Zhee,1,AK,,Petroleum Liquids,DFO,IC,0.6,0.3,,,2018,7
7833,Gwitchyaa Zhee Utility Co,7174,Gwitchyaa Zhee,10,AK,,Petroleum Liquids,DFO,IC,0.4,0.2,,,2022,1
7833,Gwitchyaa Zhee Utility Co,7174,Gwitchyaa Zhee,2A,AK,,Petroleum Liquids,DFO,IC,0.5,0.3,,,2015,8
7833,Gwitchyaa Zhee Utility Co,7174,Gwitchyaa Zhee,3,AK,,Petroleum Liquids,DFO,IC,0.6,0.4,,,2009,3
7833,Gwitchyaa Zhee Utility Co,7174,Gwitchyaa Zhee,4A,AK,,Petroleum Liquids,DFO,IC,0.5,0.3,,,2015,8
7833,Gwitchyaa Zhee Utility Co,7174,Gwitchyaa Zhee,5,AK,,Petroleum Liquids,DFO,IC,0.5,0.4,,,2009,11
7833,Gwitchyaa Zhee Utility Co,7174,Gwitchyaa Zhee,6,AK,,Petroleum Liquids,DFO,IC,0.5,0.3,,,2015,8
4959,Aniak Light & Power Co Inc,7182,Aniak,1,AK,,Petroleum Liquids,DFO,IC,0.5,0.2,,,2018,7
4959,Aniak Light & Power Co Inc,7182,Aniak,3,AK,,Petroleum Liquids,DFO,IC,0.3,0.2,,,2005,8
4959,Aniak Light & Power Co Inc,7182,Aniak,4,AK,,Petroleum Liquids,DFO,IC,0.3,0.2,,,2005,8
9188,"I-N-N Electric Coop, Inc",7183,Newhalen,1,AK,,Petroleum Liquids,DFO,IC,0.3,0.3,,,2012,9
9188,"I-N-N Electric Coop, Inc",7183,Newhalen,2,AK,,Petroleum Liquids,DFO,IC,0.3,0.3,,,2012,9
9188,"I-N-N Electric Coop, Inc",7183,Newhalen,3,AK,,Petroleum Liquids,DFO,IC,0.3,0.3,,,2012,9
9188,"I-N-N Electric Coop, Inc",7183,Newhalen,4,AK,,Petroleum Liquids,DFO,IC,0.6,0.6,,,2012,9
14063,Oklahoma Gas & Electric Co,7185,Conoco,1,OK,SWPP,Natural Gas Fired Combustion Turbine,NG,GT,33.0,31.5,,,2006,6
14063,Oklahoma Gas & Electric Co,7185,Conoco,2,OK,SWPP,Natural Gas Fired Combustion Turbine,NG,GT,33.0,28.3,,,2006,6
16655,City of Santa Clara - (CA),7232,Santa Clara Cogen,1,CA,CISO,Natural Gas Fired Combustion Turbine,NG,GT,3.9,3.5,,,2024,5
16655,City of Santa Clara - (CA),7232,Santa Clara Cogen,2,CA,CISO,Natural Gas Fired Combustion Turbine,NG,GT,3.9,3.5,,,2024,5
18454,Tampa Electric Co,7242,Polk,1CA,FL,TEC,Natural Gas Fired Combined Cycle,NG,CA,133.4,59.0,,,2025,3
4065,City of Columbus - (OH),7279,O'Shaughnessy Hydro,1,OH,PJM,Conventional Hydroelectric,WAT,HY,1.3,1.3,,,2025,8
4065,City of Columbus - (OH),7279,O'Shaughnessy Hydro,2,OH,PJM,Conventional Hydroelectric,WAT,HY,3.9,3.9,,,2025,8
40577,"American Mun Power-Ohio, Inc",7286,Richard Gorsuch,1,OH,PJM,Conventional Steam Coal,BIT,ST,50.0,50.0,,,2010,11
40577,"American Mun Power-Ohio, Inc",7286,Richard Gorsuch,2,OH,PJM,Conventional Steam Coal,BIT,ST,50.0,50.0,,,2010,11
40577,"American Mun Power-Ohio, Inc",7286,Richard Gorsuch,3,OH,PJM,Conventional Steam Coal,BIT,ST,50.0,50.0,,,2010,11
40577,"American Mun Power-Ohio, Inc",7286,Richard Gorsuch,4,OH,PJM,Conventional Steam Coal,BIT,ST,50.0,50.0,,,2010,11
15776,Central Florida Tourism Oversight District,7294,Central Energy Plant,GTG,FL,FPC,Natural Gas Fired Combined Cycle,NG,CT,61.5,48.0,,,2024,10
15776,Central Florida Tourism Oversight District,7294,Central Energy Plant,STG,FL,FPC,Natural Gas Fired Combined Cycle,NG,CA,8.5,8.0,,,2024,10
14400,City of Palmyra - (MO),7304,Palmyra Municipal 2,IC10,MO,AECI,Natural Gas Internal Combustion Engine,NG,IC,3.5,3.5,,,2016,3
14400,City of Palmyra - (MO),7304,Palmyra Municipal 2,IC9,MO,AECI,Natural Gas Internal Combustion Engine,NG,IC,3.5,3.5,,,2016,3
19794,Omya Inc,7337,Florence,1,VT,ISNE,Petroleum Liquids,DFO,GT,4.6,3.0,,,2013,1
19794,Omya Inc,7337,Florence,2,VT,ISNE,Petroleum Liquids,DFO,GT,4.6,2.9,,,2013,1
20860,Wisconsin Public Service Corp,7366,Lincoln Turbines,1,WI,MISO,Onshore Wind Turbine,WND,WT,9.2,0.7,,,2018,10
56381,Ormat Cove Fort LLC,7370,Bonnett,CT1,UT,,Geothermal,GEO,ST,8.5,7.0,,,2003,6
56381,Ormat Cove Fort LLC,7370,Bonnett,OEC1,UT,,Geothermal,GEO,ST,0.7,0.7,,,2003,6
56381,Ormat Cove Fort LLC,7370,Bonnett,OEC2,UT,,Geothermal,GEO,ST,0.7,0.7,,,2003,6
56381,Ormat Cove Fort LLC,7370,Bonnett,OEC3,UT,,Geothermal,GEO,ST,0.7,0.7,,,2003,6
56381,Ormat Cove Fort LLC,7370,Bonnett,OEC4,UT,,Geothermal,GEO,ST,0.7,0.7,,,2003,6
13781,Northern States Power Co - Minnesota,7376,Alliant Techsystems,1,MN,MISO,Petroleum Liquids,DFO,IC,1.6,1.6,,,2015,8
13781,Northern States Power Co - Minnesota,7377,United Health Care,1,MN,MISO,Petroleum Liquids,DFO,GT,1.8,1.8,,,2008,2
13781,Northern States Power Co - Minnesota,7377,United Health Care,2,MN,MISO,Petroleum Liquids,DFO,GT,1.8,1.8,,,2008,2
13781,Northern States Power Co - Minnesota,7378,United Hospital,1,MN,MISO,Petroleum Liquids,DFO,IC,1.6,1.6,,,2017,8
13781,Northern States Power Co - Minnesota,7378,United Hospital,2,MN,MISO,Petroleum Liquids,DFO,IC,1.6,1.6,,,2017,8
13781,Northern States Power Co - Minnesota,7378,United Hospital,3,MN,MISO,Petroleum Liquids,DFO,IC,1.6,1.6,,,2017,8
3252,Central Illinois Light Co,7384,Indian Trails Cogen 1,1,IL,,Natural Gas Steam Turbine,NG,ST,21.0,10.0,,,2010,1
10628,City of Lakin - (KS),7393,Lakin Municipal,LK1,KS,SWPP,Natural Gas Internal Combustion Engine,NG,IC,4.4,4.1,,,2019,4
14600,Payson City Corporation,7408,Payson,86-3,UT,PACE,Natural Gas Internal Combustion Engine,NG,IC,2.5,2.0,,,2024,8
14600,Payson City Corporation,7408,Payson,86-4,UT,PACE,Natural Gas Internal Combustion Engine,NG,IC,2.0,2.0,,,2024,9
6617,Fort Valley Utility Comm,7412,John Harmon Gen,JH-1,GA,,Natural Gas Internal Combustion Engine,NG,IC,3.0,3.0,,,2009,4
10622,City of Lakefield - (MN),7415,Lakefield Utilities,1,MN,MISO,Petroleum Liquids,DFO,IC,0.1,0.2,,,2002,12
10622,City of Lakefield - (MN),7415,Lakefield Utilities,2,MN,MISO,Petroleum Liquids,DFO,IC,0.3,0.3,,,2002,12
10622,City of Lakefield - (MN),7415,Lakefield Utilities,3,MN,MISO,Petroleum Liquids,DFO,IC,0.6,0.5,,,2002,12
10622,City of Lakefield - (MN),7415,Lakefield Utilities,4,MN,MISO,Petroleum Liquids,DFO,IC,1.0,0.8,,,2002,12
6710,Town of Edenton - (NC),7429,Edenton Generators,1,NC,PJM,Petroleum Liquids,DFO,IC,1.2,1.2,,,2011,7
14276,City of Oxford - (KS),7432,Oxford (KS),1,KS,SWPP,Petroleum Liquids,DFO,IC,1.1,0.6,,,2005,12
14276,City of Oxford - (KS),7432,Oxford (KS),2,KS,SWPP,Petroleum Liquids,DFO,IC,1.1,0.6,,,2005,12
14276,City of Oxford - (KS),7432,Oxford (KS),3,KS,SWPP,Petroleum Liquids,DFO,IC,1.1,0.6,,,2005,12
6915,Galena Electric Utility,7437,Galena Electric Utility,1A,AK,,Petroleum Liquids,DFO,IC,0.8,0.8,,,2022,9
6915,Galena Electric Utility,7437,Galena Electric Utility,2,AK,,Petroleum Liquids,DFO,IC,0.8,0.7,,,2013,5
6915,Galena Electric Utility,7437,Galena Electric Utility,2A,AK,,Petroleum Liquids,DFO,IC,0.5,0.5,,,2025,12
6915,Galena Electric Utility,7437,Galena Electric Utility,3,AK,,Petroleum Liquids,DFO,IC,0.8,0.7,,,2009,1
6915,Galena Electric Utility,7437,Galena Electric Utility,3A,AK,,Petroleum Liquids,DFO,IC,0.8,0.8,,,2022,9
6915,Galena Electric Utility,7437,Galena Electric Utility,4,AK,,Petroleum Liquids,DFO,IC,0.8,0.7,,,2003,3
6915,Galena Electric Utility,7437,Galena Electric Utility,5,AK,,Petroleum Liquids,DFO,IC,0.8,0.7,,,2008,6
6915,Galena Electric Utility,7437,Galena Electric Utility,6,AK,,Petroleum Liquids,DFO,IC,0.5,0.5,,,2016,10
6915,Galena Electric Utility,7437,Galena Electric Utility,6A,AK,,Petroleum Liquids,DFO,IC,0.4,0.4,,,2008,10
11560,City of Manassas - (VA),7438,Church Street Plant,C1,VA,PJM,Petroleum Liquids,DFO,IC,1.0,0.8,,,2018,10
11560,City of Manassas - (VA),7438,Church Street Plant,C2,VA,PJM,Petroleum Liquids,DFO,IC,1.0,0.8,,,2018,10
11560,City of Manassas - (VA),7438,Church Street Plant,C4,VA,PJM,Petroleum Liquids,DFO,IC,1.0,1.0,,,2018,10
11560,City of Manassas - (VA),7440,VMEA 1 Credit Gen,V9,VA,PJM,Petroleum Liquids,DFO,IC,1.6,1.5,,,2007,12
18963,"Inside Passage Elec Coop, Inc",7462,Angoon,1,AK,,Petroleum Liquids,DFO,IC,0.4,0.4,,,2008,9
18963,"Inside Passage Elec Coop, Inc",7463,Hoonah,1,AK,,Petroleum Liquids,DFO,IC,0.6,0.6,,,2012,6
18963,"Inside Passage Elec Coop, Inc",7463,Hoonah,3,AK,,Petroleum Liquids,DFO,IC,0.8,0.5,,,2012,6
18963,"Inside Passage Elec Coop, Inc",7464,Kake,1,AK,,Petroleum Liquids,DFO,IC,0.6,0.6,,,2012,1
18963,"Inside Passage Elec Coop, Inc",7464,Kake,1A,AK,,Petroleum Liquids,DFO,IC,0.5,0.5,,,2017,9
18963,"Inside Passage Elec Coop, Inc",7464,Kake,3A,AK,,Petroleum Liquids,DFO,IC,0.8,0.8,,,2017,9
18963,"Inside Passage Elec Coop, Inc",7467,Chilkat Valley,2A,AK,,Petroleum Liquids,DFO,IC,0.5,0.5,,,2011,10
11481,City of Madison - (NE),7469,Madison Utilities,FM4,NE,SWPP,Petroleum Liquids,DFO,IC,0.6,0.5,,,2005,8
11626,City of Marceline - (MO),7470,Marceline,3,MO,MISO,Petroleum Liquids,DFO,IC,1.2,1.2,,,2006,12
11626,City of Marceline - (MO),7470,Marceline,4,MO,MISO,Petroleum Liquids,DFO,IC,0.4,0.4,,,2006,12
26616,North Slope Borough Power & Light (AK),7482,NSB Atqasuk Utility,PG1,AK,,Petroleum Liquids,DFO,IC,0.2,0.2,,,2003,1
26616,North Slope Borough Power & Light (AK),7484,NSB Nuiqsut Utility,PG4A,AK,,Petroleum Liquids,DFO,IC,0.4,0.4,,,2012,12
26616,North Slope Borough Power & Light (AK),7485,NSB Point Hope Utility,PG1,AK,,Petroleum Liquids,DFO,IC,0.3,0.3,,,2013,10
26616,North Slope Borough Power & Light (AK),7485,NSB Point Hope Utility,PG2,AK,,Petroleum Liquids,DFO,IC,0.3,0.3,,,2013,10
26616,North Slope Borough Power & Light (AK),7485,NSB Point Hope Utility,PG3,AK,,Petroleum Liquids,DFO,IC,0.3,0.3,,,2008,1
26616,North Slope Borough Power & Light (AK),7485,NSB Point Hope Utility,PG4,AK,,Petroleum Liquids,DFO,IC,0.4,0.4,,,2008,1
26616,North Slope Borough Power & Light (AK),7485,NSB Point Hope Utility,PG5,AK,,Petroleum Liquids,DFO,IC,0.2,0.2,,,2008,1
26616,North Slope Borough Power & Light (AK),7486,NSB Point Lay Utility,PG1A,AK,,Petroleum Liquids,DFO,IC,0.3,0.3,,,2013,7
26616,North Slope Borough Power & Light (AK),7486,NSB Point Lay Utility,PG2A,AK,,Petroleum Liquids,DFO,IC,0.3,0.3,,,2013,7
26616,North Slope Borough Power & Light (AK),7486,NSB Point Lay Utility,PG3A,AK,,Petroleum Liquids,DFO,IC,0.3,0.3,,,2013,7
26616,North Slope Borough Power & Light (AK),7486,NSB Point Lay Utility,PG4,AK,,Petroleum Liquids,DFO,IC,0.2,0.2,,,2002,11
26616,North Slope Borough Power & Light (AK),7486,NSB Point Lay Utility,PG4A,AK,,Petroleum Liquids,DFO,IC,0.3,0.3,,,2013,7
26616,North Slope Borough Power & Light (AK),7486,NSB Point Lay Utility,PG5,AK,,Petroleum Liquids,DFO,IC,0.3,0.3,,,2013,7
26616,North Slope Borough Power & Light (AK),7486,NSB Point Lay Utility,PG6,AK,,Petroleum Liquids,DFO,IC,0.3,0.3,,,2013,7
26616,North Slope Borough Power & Light (AK),7487,NSB Anaktuvuk Pass,4,AK,,Petroleum Liquids,DFO,IC,0.1,0.1,,,2010,9
26616,North Slope Borough Power & Light (AK),7487,NSB Anaktuvuk Pass,5,AK,,Petroleum Liquids,DFO,IC,0.1,0.1,,,2003,9
26616,North Slope Borough Power & Light (AK),7488,NSB Wainwright Utility,PG4,AK,,Petroleum Liquids,DFO,IC,0.3,0.3,,,2003,1
15371,Town of Princeton - (MA),7501,Princeton Wind Farm,1,MA,ISNE,Onshore Wind Turbine,WND,WT,0.3,0.3,,,2003,10
19454,City of Unalaska - (AK),7502,Dutch Harbor,1,AK,,Petroleum Liquids,DFO,IC,0.3,0.3,,,2011,7
19454,City of Unalaska - (AK),7502,Dutch Harbor,2,AK,,Petroleum Liquids,DFO,IC,0.3,0.3,,,2011,7
19454,City of Unalaska - (AK),7502,Dutch Harbor,3,AK,,Petroleum Liquids,DFO,IC,0.6,0.5,,,2011,7
19454,City of Unalaska - (AK),7502,Dutch Harbor,4,AK,,Petroleum Liquids,DFO,IC,0.9,0.7,,,2011,7
19454,City of Unalaska - (AK),7502,Dutch Harbor,5,AK,,Petroleum Liquids,DFO,IC,0.6,0.5,,,2011,7
19454,City of Unalaska - (AK),7502,Dutch Harbor,6,AK,,Petroleum Liquids,DFO,IC,1.4,1.2,,,2011,7
14232,Otter Tail Power Co,7505,Fergus Control Ctr,1,MN,MISO,Petroleum Liquids,DFO,IC,2.0,2.0,,,2019,10
1984,ReEnergy Fort Fairfield LLC,7513,ReEnergy Fort Fairfield,GEN1,ME,NBSO,Wood/Wood Waste Biomass,WDS,ST,37.5,32.0,,,2019,12
16534,Sacramento Municipal Util Dist,7526,Solano Wind,1,CA,CISO,Onshore Wind Turbine,WND,WT,13.2,13.1,,,2023,6
19876,Virginia Electric & Power Co,7537,North Branch (WV),1,WV,PJM,Conventional Steam Coal,WC,ST,80.0,74.0,,,2012,12
20847,Wisconsin Electric Power Co,7549,Milwaukee County,1,WI,MISO,Conventional Steam Coal,SUB,ST,11.0,7.0,,,2016,4
40577,"American Mun Power-Ohio, Inc",7575,Bowling Green,1,OH,PJM,Petroleum Liquids,DFO,IC,1.6,1.6,,,2018,6
40577,"American Mun Power-Ohio, Inc",7575,Bowling Green,2,OH,PJM,Petroleum Liquids,DFO,IC,7.2,7.2,,,2018,8
40577,"American Mun Power-Ohio, Inc",7576,Engle,16,OH,PJM,Petroleum Liquids,DFO,IC,9.0,9.0,,,2018,6
40577,"American Mun Power-Ohio, Inc",7577,Jackson (OH),12,OH,PJM,Petroleum Liquids,DFO,IC,3.6,3.6,,,2018,6
40577,"American Mun Power-Ohio, Inc",7578,Napoleon,1,OH,PJM,Petroleum Liquids,DFO,IC,1.8,1.8,,,2018,6
40577,"American Mun Power-Ohio, Inc",7578,Napoleon,2,OH,PJM,Petroleum Liquids,DFO,IC,1.8,1.8,,,2018,6
40577,"American Mun Power-Ohio, Inc",7578,Napoleon,3,OH,PJM,Petroleum Liquids,DFO,IC,1.8,1.8,,,2018,6
40577,"American Mun Power-Ohio, Inc",7579,Niles,13,OH,PJM,Petroleum Liquids,DFO,IC,5.4,5.4,,,2018,6
40577,"American Mun Power-Ohio, Inc",7580,Wadsworth,13,OH,PJM,Petroleum Liquids,DFO,IC,5.4,5.4,,,2018,6
9417,Interstate Power and Light Co,7595,Red Cedar,1,IA,MISO,Natural Gas Fired Combustion Turbine,NG,GT,22.5,13.0,,,2018,6
20860,Wisconsin Public Service Corp,7602,Oneida Casino,1,WI,MISO,Petroleum Liquids,DFO,IC,2.0,1.8,,,2011,6
20860,Wisconsin Public Service Corp,7602,Oneida Casino,2,WI,MISO,Petroleum Liquids,DFO,IC,2.0,1.8,,,2011,6
10273,Kimberly-Clark Corp,7627,Everett Cogen,1,WA,BPAT,Wood/Wood Waste Biomass,WDS,ST,42.0,36.0,,,2011,10
56190,Savannah River Nuclear Solutions LLC,7652,US DOE Savannah River Site (D Area),HP-1,SC,,Conventional Steam Coal,BIT,ST,9.4,9.4,,,2012,4
56190,Savannah River Nuclear Solutions LLC,7652,US DOE Savannah River Site (D Area),HP-2,SC,,Conventional Steam Coal,BIT,ST,9.4,9.4,,,2012,4
56190,Savannah River Nuclear Solutions LLC,7652,US DOE Savannah River Site (D Area),HP-3,SC,,Conventional Steam Coal,BIT,ST,9.4,9.4,,,2012,4
56190,Savannah River Nuclear Solutions LLC,7652,US DOE Savannah River Site (D Area),LP-1,SC,,Conventional Steam Coal,BIT,ST,12.5,12.5,,,2012,4
56190,Savannah River Nuclear Solutions LLC,7652,US DOE Savannah River Site (D Area),LP-2,SC,,Conventional Steam Coal,BIT,ST,12.5,12.5,,,2012,4
56190,Savannah River Nuclear Solutions LLC,7652,US DOE Savannah River Site (D Area),LP-3,SC,,Conventional Steam Coal,BIT,ST,12.5,12.5,,,2012,4
56190,Savannah River Nuclear Solutions LLC,7652,US DOE Savannah River Site (D Area),LP-4,SC,,Conventional Steam Coal,BIT,ST,12.5,12.5,,,2012,4
2439,City of Bryan - (OH),7657,Auglaize Hydro,3,OH,PJM,Conventional Hydroelectric,WAT,HY,1.4,1.3,,,2003,2
17718,Southwestern Public Service Co,7678,Celanese,1,TX,SWPP,All Other,OTH,OT,13.0,13.0,,,2010,12
17718,Southwestern Public Service Co,7678,Celanese,2,TX,SWPP,All Other,PUR,ST,37.0,26.0,,,2010,12
590,City of Anaheim - (CA),7693,Anaheim GT,1,CA,CISO,Natural Gas Fired Combustion Turbine,NG,GT,49.2,44.5,,,2019,12
6035,"Constellation Power, Inc",7701,Fairless Hills,A,PA,PJM,Landfill Gas,LFG,ST,30.0,30.0,,,2020,6
6035,"Constellation Power, Inc",7701,Fairless Hills,B,PA,PJM,Landfill Gas,LFG,ST,30.0,30.0,,,2020,6
9617,JEA,7705,Girvin Landfill,1,FL,JEA,Landfill Gas,LFG,IC,3.0,3.0,,,2014,2
9417,Interstate Power and Light Co,7706,Agency GT,1,IA,MISO,Natural Gas Fired Combustion Turbine,NG,GT,19.7,15.8,,,2010,11
9417,Interstate Power and Light Co,7706,Agency GT,2,IA,MISO,Natural Gas Fired Combustion Turbine,NG,GT,19.7,15.5,,,2010,11
9417,Interstate Power and Light Co,7706,Agency GT,3,IA,MISO,Natural Gas Fired Combustion Turbine,NG,GT,19.7,12.2,,,2010,11
9417,Interstate Power and Light Co,7706,Agency GT,4,IA,MISO,Natural Gas Fired Combustion Turbine,NG,GT,19.7,16.6,,,2010,11
20404,AEP Texas North Company,7724,Fort Davis,1,TX,,Onshore Wind Turbine,WND,WT,6.6,6.6,,,2003,12
3989,City of Colorado Springs - (CO),7730,SECC,1,CO,WACM,Petroleum Liquids,DFO,IC,1.5,1.1,,,2014,4
63284,WestRock North Charleston,7737,Kapstone,1,SC,SCEG,Wood/Wood Waste Biomass,WDS,ST,99.2,85.0,,,2023,7
17874,City of St George - (UT),7767,Bloomington Power Plant,7,UT,PACE,Petroleum Liquids,DFO,IC,1.7,1.5,,,2010,3
8287,Hawaii Electric Light Co Inc,7769,Lalamilo Windfarm,1-81,HI,,Onshore Wind Turbine,WND,WT,1.6,1.6,,,2010,12
8287,Hawaii Electric Light Co Inc,7769,Lalamilo Windfarm,8211,HI,,Onshore Wind Turbine,WND,WT,0.6,0.6,,,2010,12
16179,Rochelle Municipal Utilities - (IL),7770,1515 S Caron Road,GT1,IL,PJM,Natural Gas Fired Combustion Turbine,NG,GT,4.2,3.0,,,2022,3
58190,Bluestem LLC,7771,Springview,1,NE,SWPP,Onshore Wind Turbine,WND,WT,0.7,0.7,,,2007,10
58190,Bluestem LLC,7771,Springview,2,NE,SWPP,Onshore Wind Turbine,WND,WT,0.7,0.7,,,2007,10
40577,"American Mun Power-Ohio, Inc",7781,Arcanum Peaking,1,OH,PJM,Petroleum Liquids,DFO,IC,1.8,1.8,,,2022,9
54850,Wabash Power Equipment Company,7793,Kaukauna Diesels,2,WI,,Petroleum Liquids,DFO,IC,2.0,2.2,,,2003,5
54850,Wabash Power Equipment Company,7793,Kaukauna Diesels,3,WI,,Petroleum Liquids,DFO,IC,2.0,2.3,,,2003,5
54850,Wabash Power Equipment Company,7793,Kaukauna Diesels,IC1,WI,,Petroleum Liquids,DFO,IC,2.0,2.2,,,2003,5
16873,Village of Sebewaing - (MI),7806,Pine Street,1,MI,MISO,Petroleum Liquids,DFO,IC,1.1,1.0,,,2018,3
16873,Village of Sebewaing - (MI),7806,Pine Street,2,MI,MISO,Natural Gas Internal Combustion Engine,NG,IC,1.1,1.0,,,2018,3
16873,Village of Sebewaing - (MI),7806,Pine Street,3,MI,MISO,Petroleum Liquids,DFO,IC,1.1,1.0,,,2018,3
16873,Village of Sebewaing - (MI),7806,Pine Street,4,MI,MISO,Petroleum Liquids,DFO,IC,1.1,1.0,,,2018,3
16873,Village of Sebewaing - (MI),7806,Pine Street,5,MI,MISO,Natural Gas Internal Combustion Engine,NG,IC,1.3,1.2,,,2018,3
16873,Village of Sebewaing - (MI),7806,Pine Street,6,MI,MISO,Natural Gas Internal Combustion Engine,NG,IC,1.3,1.2,,,2018,3
792,City of Argyle - (WI),7810,Argyle,2A,WI,MISO,Petroleum Liquids,DFO,IC,1.1,1.1,,,2003,9
792,City of Argyle - (WI),7810,Argyle,4,WI,MISO,Petroleum Liquids,DFO,IC,1.1,1.1,,,2003,9
10393,PUD No 1 of Klickitat County,7832,Roosevelt Biogas 1,1,WA,BPAT,Landfill Gas,LFG,IC,2.1,2.1,,,2012,12
10393,PUD No 1 of Klickitat County,7832,Roosevelt Biogas 1,2,WA,BPAT,Landfill Gas,LFG,IC,2.1,2.1,,,2012,12
10393,PUD No 1 of Klickitat County,7832,Roosevelt Biogas 1,3,WA,BPAT,Landfill Gas,LFG,IC,2.1,2.1,,,2012,12
10393,PUD No 1 of Klickitat County,7832,Roosevelt Biogas 1,4,WA,BPAT,Landfill Gas,LFG,IC,2.1,2.1,,,2012,12
10393,PUD No 1 of Klickitat County,7832,Roosevelt Biogas 1,5,WA,BPAT,Landfill Gas,LFG,IC,2.1,2.1,,,2012,12
10393,PUD No 1 of Klickitat County,7832,Roosevelt Biogas 1,7,WA,BPAT,Landfill Gas,LFG,CT,10.0,10.0,,,2018,6
10393,PUD No 1 of Klickitat County,7832,Roosevelt Biogas 1,8,WA,BPAT,Landfill Gas,LFG,CT,10.0,10.0,,,2018,6
10393,PUD No 1 of Klickitat County,7832,Roosevelt Biogas 1,9,WA,BPAT,Landfill Gas,LFG,CA,6.0,6.0,,,2018,6
17697,Southwestern Electric Coop Inc - (IL),7842,Freedom Power Project,CT1,IL,MISO,Natural Gas Fired Combustion Turbine,NG,GT,71.0,0.0,,,2024,5
12159,Midwest Electric Power Inc,7858,MEPI GT Facility,1,IL,GLHB,Natural Gas Fired Combustion Turbine,NG,GT,64.5,55.0,,,2022,8
12159,Midwest Electric Power Inc,7858,MEPI GT Facility,2,IL,GLHB,Natural Gas Fired Combustion Turbine,NG,GT,64.5,55.0,,,2022,8
12159,Midwest Electric Power Inc,7858,MEPI GT Facility,3,IL,GLHB,Natural Gas Fired Combustion Turbine,NG,GT,64.5,55.0,,,2022,8
12159,Midwest Electric Power Inc,7858,MEPI GT Facility,4,IL,GLHB,Natural Gas Fired Combustion Turbine,NG,GT,54.0,37.0,,,2022,8
12159,Midwest Electric Power Inc,7858,MEPI GT Facility,5,IL,GLHB,Natural Gas Fired Combustion Turbine,NG,GT,54.0,37.0,,,2022,8
15500,Puget Sound Energy Inc,7867,Snoqualmie 2,6,WA,PSEI,Conventional Hydroelectric,WAT,HY,9.8,13.9,,,2010,6
20860,Wisconsin Public Service Corp,7882,Glenmore Turbines,1,WI,MISO,Onshore Wind Turbine,WND,WT,1.2,0.1,,,2012,9
4362,Corn Belt Energy Corporation,7888,Parkside,2,IL,MISO,Petroleum Liquids,DFO,IC,2.0,1.8,,,2014,1
4362,Corn Belt Energy Corporation,7888,Parkside,3,IL,MISO,Petroleum Liquids,DFO,IC,2.0,1.8,,,2014,1
4362,Corn Belt Energy Corporation,7888,Parkside,4,IL,MISO,Petroleum Liquids,DFO,IC,2.0,1.8,,,2014,1
4362,Corn Belt Energy Corporation,7891,Gillum,1,IL,MISO,Petroleum Liquids,DFO,IC,2.0,1.8,,,2014,2
4362,Corn Belt Energy Corporation,7891,Gillum,2,IL,MISO,Petroleum Liquids,DFO,IC,2.0,1.8,,,2014,2
3252,Central Illinois Light Co,7895,Hallock,1,IL,,Petroleum Liquids,DFO,IC,1.6,1.6,,,2006,12
3252,Central Illinois Light Co,7895,Hallock,2,IL,,Petroleum Liquids,DFO,IC,1.6,1.6,,,2006,12
3252,Central Illinois Light Co,7895,Hallock,3,IL,,Petroleum Liquids,DFO,IC,1.6,1.6,,,2006,12
3252,Central Illinois Light Co,7895,Hallock,4,IL,,Petroleum Liquids,DFO,IC,1.6,1.6,,,2006,12
3252,Central Illinois Light Co,7895,Hallock,5,IL,,Petroleum Liquids,DFO,IC,1.6,1.6,,,2006,12
3252,Central Illinois Light Co,7895,Hallock,6,IL,,Petroleum Liquids,DFO,IC,1.6,1.6,,,2006,12
3252,Central Illinois Light Co,7895,Hallock,7,IL,,Petroleum Liquids,DFO,IC,1.6,1.6,,,2006,12
3252,Central Illinois Light Co,7895,Hallock,8,IL,,Petroleum Liquids,DFO,IC,1.6,1.6,,,2006,12
3252,Central Illinois Light Co,7896,Kickapoo,1,IL,,Petroleum Liquids,DFO,IC,1.6,1.6,,,2005,9
3252,Central Illinois Light Co,7896,Kickapoo,2,IL,,Petroleum Liquids,DFO,IC,1.6,1.6,,,2005,9
3252,Central Illinois Light Co,7896,Kickapoo,3,IL,,Petroleum Liquids,DFO,IC,1.6,1.6,,,2005,9
3252,Central Illinois Light Co,7896,Kickapoo,4,IL,,Petroleum Liquids,DFO,IC,1.6,1.6,,,2005,9
3252,Central Illinois Light Co,7896,Kickapoo,5,IL,,Petroleum Liquids,DFO,IC,1.6,1.6,,,2005,9
3252,Central Illinois Light Co,7896,Kickapoo,6,IL,,Petroleum Liquids,DFO,IC,1.6,1.6,,,2005,9
3252,Central Illinois Light Co,7896,Kickapoo,7,IL,,Petroleum Liquids,DFO,IC,1.6,1.6,,,2005,9
3252,Central Illinois Light Co,7896,Kickapoo,8,IL,,Petroleum Liquids,DFO,IC,1.6,1.6,,,2005,9
13464,Village of New Knoxville - (OH),7898,New Knoxville,1,OH,PJM,Petroleum Liquids,DFO,IC,1.1,1.0,,,2022,11
20847,Wisconsin Electric Power Co,7901,Byron,1,WI,MISO,Onshore Wind Turbine,WND,WT,0.7,0.1,,,2019,5
20847,Wisconsin Electric Power Co,7901,Byron,2,WI,MISO,Onshore Wind Turbine,WND,WT,0.7,0.1,,,2019,5
17698,Southwestern Electric Power Co,7902,Pirkey,1,TX,SWPP,Conventional Steam Coal,LIG,ST,721.0,650.0,,,2023,3
18642,Tennessee Valley Authority,7927,Buffalo Mountain,1,TN,TVA,Onshore Wind Turbine,WND,WT,0.6,0.7,,,2021,11
18642,Tennessee Valley Authority,7927,Buffalo Mountain,2,TN,TVA,Onshore Wind Turbine,WND,WT,0.6,0.7,,,2021,11
18642,Tennessee Valley Authority,7927,Buffalo Mountain,3,TN,TVA,Onshore Wind Turbine,WND,WT,0.6,0.7,,,2021,11
15466,Public Service Co of Colorado,7937,Ponnequin,30,CO,WACM,Onshore Wind Turbine,WND,WT,9.9,9.9,,,2015,12
15466,Public Service Co of Colorado,7937,Ponnequin,8,CO,WACM,Onshore Wind Turbine,WND,WT,16.6,15.4,,,2015,12
12397,Metropolitan Water District of S CA,7942,Diamond Valley Lake,1,CA,CISO,Conventional Hydroelectric,WAT,HY,3.3,,,,2009,10
12397,Metropolitan Water District of S CA,7942,Diamond Valley Lake,5,CA,CISO,Conventional Hydroelectric,WAT,HY,3.3,,,,2009,10
12397,Metropolitan Water District of S CA,7942,Diamond Valley Lake,9,CA,CISO,Conventional Hydroelectric,WAT,HY,3.3,,,,2009,10
1647,City of Bethany - (MO),7944,Bethany II,9,MO,MPS,Petroleum Liquids,DFO,IC,1.6,1.2,,,2012,10
1579,PUD No 1 of Benton County,7945,Finley Combustion Turbine Plant,0001,WA,,Natural Gas Fired Combustion Turbine,NG,GT,32.0,27.0,,,2007,4
14127,Omaha Public Power District,7955,Elk City Station,1,NE,SWPP,Landfill Gas,LFG,IC,0.8,0.8,,,2025,10
14127,Omaha Public Power District,7955,Elk City Station,2,NE,SWPP,Landfill Gas,LFG,IC,0.8,0.8,,,2025,10
14127,Omaha Public Power District,7955,Elk City Station,3,NE,SWPP,Landfill Gas,LFG,IC,0.8,0.8,,,2025,10
14127,Omaha Public Power District,7955,Elk City Station,4,NE,SWPP,Landfill Gas,LFG,IC,0.8,0.7,,,2025,10
14127,Omaha Public Power District,7955,Elk City Station,5,NE,SWPP,Landfill Gas,LFG,IC,0.8,0.8,,,2025,10
14127,Omaha Public Power District,7955,Elk City Station,6,NE,SWPP,Landfill Gas,LFG,IC,0.8,0.0,,,2025,10
14127,Omaha Public Power District,7955,Elk City Station,7,NE,SWPP,Landfill Gas,LFG,IC,0.8,0.8,,,2025,10
14127,Omaha Public Power District,7955,Elk City Station,8,NE,SWPP,Landfill Gas,LFG,IC,0.8,0.8,,,2025,10
6909,Gainesville Regional Utilities,7963,South West Landfill,1,FL,FPC,Landfill Gas,LFG,IC,0.8,0.7,,,2008,10
6909,Gainesville Regional Utilities,7963,South West Landfill,2,FL,FPC,Landfill Gas,LFG,IC,0.8,0.7,,,2008,10
6909,Gainesville Regional Utilities,7963,South West Landfill,3,FL,FPC,Landfill Gas,LFG,IC,0.8,0.7,,,2008,10
11018,Lincoln Electric System,7965,Salt Valley Wind Plant,G1,NE,SWPP,Onshore Wind Turbine,WND,WT,0.6,0.7,,,2024,7
11018,Lincoln Electric System,7965,Salt Valley Wind Plant,G2,NE,SWPP,Onshore Wind Turbine,WND,WT,0.6,0.7,,,2024,7
12807,Michigan South Central Power Agency,7970,State St Generating,1,MI,MISO,Petroleum Liquids,DFO,IC,1.8,1.8,,,2012,5
12807,Michigan South Central Power Agency,7970,State St Generating,2,MI,MISO,Petroleum Liquids,DFO,IC,1.8,1.8,,,2012,5
12807,Michigan South Central Power Agency,7970,State St Generating,3,MI,MISO,Petroleum Liquids,DFO,IC,1.8,1.8,,,2012,5
12807,Michigan South Central Power Agency,7970,State St Generating,4,MI,MISO,Petroleum Liquids,DFO,IC,1.8,1.8,,,2012,5
12807,Michigan South Central Power Agency,7970,State St Generating,5,MI,MISO,Petroleum Liquids,DFO,IC,1.8,1.8,,,2012,5
12807,Michigan South Central Power Agency,7970,State St Generating,6,MI,MISO,Petroleum Liquids,DFO,IC,1.8,1.8,,,2012,5
12807,Michigan South Central Power Agency,7970,State St Generating,7,MI,MISO,Petroleum Liquids,DFO,IC,1.8,1.8,,,2012,5
12807,Michigan South Central Power Agency,7970,State St Generating,8,MI,MISO,Petroleum Liquids,DFO,IC,1.8,1.8,,,2012,5
12807,Michigan South Central Power Agency,7970,State St Generating,9,MI,MISO,Petroleum Liquids,DFO,IC,1.8,1.8,,,2012,5
1307,Basin Electric Power Coop,7974,Chamberlain Wind Project,WTC1,SD,SWPP,Onshore Wind Turbine,WND,WT,1.3,1.3,,,2023,10
1307,Basin Electric Power Coop,7974,Chamberlain Wind Project,WTC2,SD,SWPP,Onshore Wind Turbine,WND,WT,1.3,1.3,,,2023,10
14624,PUD No 2 of Grant County - (WA),7994,Randolph Road,1,WA,GCPD,Petroleum Liquids,DFO,IC,1.6,1.8,,,2007,10
14624,PUD No 2 of Grant County - (WA),7994,Randolph Road,10,WA,GCPD,Petroleum Liquids,DFO,IC,1.6,1.8,,,2007,10
14624,PUD No 2 of Grant County - (WA),7994,Randolph Road,11,WA,GCPD,Petroleum Liquids,DFO,IC,1.6,1.8,,,2007,10
14624,PUD No 2 of Grant County - (WA),7994,Randolph Road,12,WA,GCPD,Petroleum Liquids,DFO,IC,1.6,1.8,,,2007,10
14624,PUD No 2 of Grant County - (WA),7994,Randolph Road,13,WA,GCPD,Petroleum Liquids,DFO,IC,1.6,1.8,,,2007,10
14624,PUD No 2 of Grant County - (WA),7994,Randolph Road,14,WA,GCPD,Petroleum Liquids,DFO,IC,1.6,1.8,,,2007,10
14624,PUD No 2 of Grant County - (WA),7994,Randolph Road,15,WA,GCPD,Petroleum Liquids,DFO,IC,1.6,1.8,,,2007,10
14624,PUD No 2 of Grant County - (WA),7994,Randolph Road,16,WA,GCPD,Petroleum Liquids,DFO,IC,1.6,1.8,,,2007,10
14624,PUD No 2 of Grant County - (WA),7994,Randolph Road,17,WA,GCPD,Petroleum Liquids,DFO,IC,1.6,1.8,,,2007,10
14624,PUD No 2 of Grant County - (WA),7994,Randolph Road,18,WA,GCPD,Petroleum Liquids,DFO,IC,1.6,1.8,,,2007,10
14624,PUD No 2 of Grant County - (WA),7994,Randolph Road,19,WA,GCPD,Petroleum Liquids,DFO,IC,1.6,1.8,,,2007,10
14624,PUD No 2 of Grant County - (WA),7994,Randolph Road,2,WA,GCPD,Petroleum Liquids,DFO,IC,1.6,1.8,,,2007,10
14624,PUD No 2 of Grant County - (WA),7994,Randolph Road,20,WA,GCPD,Petroleum Liquids,DFO,IC,1.6,1.8,,,2007,10
14624,PUD No 2 of Grant County - (WA),7994,Randolph Road,3,WA,GCPD,Petroleum Liquids,DFO,IC,1.6,1.8,,,2007,10
14624,PUD No 2 of Grant County - (WA),7994,Randolph Road,4,WA,GCPD,Petroleum Liquids,DFO,IC,1.6,1.8,,,2007,10
14624,PUD No 2 of Grant County - (WA),7994,Randolph Road,5,WA,GCPD,Petroleum Liquids,DFO,IC,1.6,1.8,,,2007,10
14624,PUD No 2 of Grant County - (WA),7994,Randolph Road,6,WA,GCPD,Petroleum Liquids,DFO,IC,1.6,1.8,,,2007,10
14624,PUD No 2 of Grant County - (WA),7994,Randolph Road,7,WA,GCPD,Petroleum Liquids,DFO,IC,1.6,1.8,,,2007,10
14624,PUD No 2 of Grant County - (WA),7994,Randolph Road,8,WA,GCPD,Petroleum Liquids,DFO,IC,1.6,1.8,,,2007,10
14624,PUD No 2 of Grant County - (WA),7994,Randolph Road,9,WA,GCPD,Petroleum Liquids,DFO,IC,1.6,1.8,,,2007,10
16572,Salt River Project,7998,Tri Cities,TC1,AZ,SRP,Landfill Gas,LFG,IC,1.0,0.8,,,2015,7
16572,Salt River Project,7998,Tri Cities,TC2,AZ,SRP,Landfill Gas,LFG,IC,1.0,0.8,,,2015,7
16572,Salt River Project,7998,Tri Cities,TC3,AZ,SRP,Landfill Gas,LFG,IC,1.0,0.8,,,2015,7
16572,Salt River Project,7998,Tri Cities,TC4,AZ,SRP,Landfill Gas,LFG,IC,1.0,0.8,,,2015,7
16572,Salt River Project,7998,Tri Cities,TC5,AZ,SRP,Landfill Gas,LFG,IC,1.0,0.8,,,2015,7
56606,Calpine New Jersey Generation LLC,8008,Mickleton Station,MICK,NJ,PJM,Natural Gas Fired Combustion Turbine,NG,GT,71.2,63.7,,,2024,6
13511,New York State Elec & Gas Corp,8009,Auburn State Street,1,NY,NYIS,Natural Gas Fired Combustion Turbine,NG,GT,7.0,5.3,,,2019,10
7423,GPU Nuclear Corp,8011,Three Mile Island,2,PA,PJM,Nuclear,NUC,ST,961.0,880.0,,,1979,7
6924,City of Gallatin - (MO),8017,Gallatin #2,7,MO,SWPP,Petroleum Liquids,DFO,IC,1.8,1.6,,,2003,8
6924,City of Gallatin - (MO),8017,Gallatin #2,8,MO,SWPP,Petroleum Liquids,DFO,IC,1.8,1.6,,,2003,9
19578,Upper Peninsula Power Company,8019,Portage,1,MI,MISO,Petroleum Liquids,DFO,GT,22.6,17.4,,,2021,11
54718,Dominion Energy Kewaunee Inc.,8024,Kewaunee,1,WI,MISO,Nuclear,NUC,ST,560.1,566.0,,,2013,5
9417,Interstate Power and Light Co,8025,Montgomery,1,MN,MISO,Petroleum Liquids,DFO,GT,28.8,0.0,,,2012,12
13781,Northern States Power Co - Minnesota,8027,Blue Lake,1,MN,MISO,Petroleum Liquids,DFO,GT,56.7,36.0,,,2025,5
13781,Northern States Power Co - Minnesota,8027,Blue Lake,2,MN,MISO,Petroleum Liquids,DFO,GT,56.7,36.0,,,2025,5
13781,Northern States Power Co - Minnesota,8027,Blue Lake,3,MN,MISO,Petroleum Liquids,DFO,GT,56.7,36.0,,,2025,5
13781,Northern States Power Co - Minnesota,8027,Blue Lake,4,MN,MISO,Petroleum Liquids,DFO,GT,56.7,39.0,,,2025,5
1307,Basin Electric Power Coop,8028,Arvada,3,WY,WACM,Natural Gas Fired Combustion Turbine,NG,GT,7.5,5.0,,,2021,12
20863,Wisconsin River Power Company,8050,Juneau,31,WI,MISO,Petroleum Liquids,DFO,GT,16.0,12.6,,,2017,3
11241,Entergy Louisiana LLC,8056,Waterford 1 & 2,1,LA,MISO,Natural Gas Steam Turbine,NG,ST,445.5,409.5,,,2024,3
55983,Luminant Generation Company LLC,8063,DeCordova Steam Electric Station,1,TX,ERCO,Natural Gas Steam Turbine,NG,ST,799.2,771.0,,,2013,12
8287,Hawaii Electric Light Co Inc,8083,Keahole,18,HI,,Petroleum Liquids,DFO,IC,2.5,2.5,,,2004,2
8287,Hawaii Electric Light Co Inc,8083,Keahole,19,HI,,Petroleum Liquids,DFO,IC,2.5,2.5,,,2004,2
8287,Hawaii Electric Light Co Inc,8083,Keahole,20,HI,,Petroleum Liquids,DFO,IC,2.5,2.5,,,2004,5
7969,City of Halstad - (MN),8105,Halstad,1,MN,MISO,Petroleum Liquids,DFO,IC,0.6,0.6,,,2005,4
7969,City of Halstad - (MN),8105,Halstad,2,MN,MISO,Petroleum Liquids,DFO,IC,0.3,0.3,,,2005,4
7969,City of Halstad - (MN),8105,Halstad,3,MN,MISO,Petroleum Liquids,DFO,IC,0.2,0.1,,,2005,4
18947,City of Tipton - (IA),8106,Tipton,3,IA,MISO,Natural Gas Internal Combustion Engine,NG,IC,1.3,1.2,,,2019,12
18947,City of Tipton - (IA),8106,Tipton,4,IA,MISO,Petroleum Liquids,DFO,IC,0.3,0.3,,,2016,7
8847,City of Hopkinton - (IA),8108,Hopkinton,IC2,IA,MISO,Petroleum Liquids,DFO,IC,1.7,1.7,,,2011,5
8847,City of Hopkinton - (IA),8108,Hopkinton,IC3,IA,MISO,Petroleum Liquids,DFO,IC,1.2,1.2,,,2011,4
17946,City of Stanberry - (MO),8110,Stanberry,3,MO,AECI,Petroleum Liquids,DFO,IC,0.3,0.2,,,2002,1
17946,City of Stanberry - (MO),8110,Stanberry,4,MO,AECI,Petroleum Liquids,DFO,IC,0.3,0.2,,,2002,1
14165,"GenOn Power Midwest, LP",8226,Cheswick Power Plant,1,PA,PJM,Conventional Steam Coal,BIT,ST,637.0,565.0,,,2022,3
17235,"GenOn REMA, LLC",8227,Glen Gardner,1,NJ,PJM,Natural Gas Fired Combustion Turbine,NG,GT,20.0,18.0,,,2015,5
17235,"GenOn REMA, LLC",8227,Glen Gardner,2,NJ,PJM,Natural Gas Fired Combustion Turbine,NG,GT,20.0,18.0,,,2015,5
17235,"GenOn REMA, LLC",8227,Glen Gardner,3,NJ,PJM,Natural Gas Fired Combustion Turbine,NG,GT,19.6,18.0,,,2015,5
17235,"GenOn REMA, LLC",8227,Glen Gardner,4,NJ,PJM,Natural Gas Fired Combustion Turbine,NG,GT,20.0,18.0,,,2015,5
17235,"GenOn REMA, LLC",8227,Glen Gardner,5,NJ,PJM,Natural Gas Fired Combustion Turbine,NG,GT,20.0,18.0,,,2015,5
17235,"GenOn REMA, LLC",8227,Glen Gardner,6,NJ,PJM,Natural Gas Fired Combustion Turbine,NG,GT,20.0,18.0,,,2015,5
17235,"GenOn REMA, LLC",8227,Glen Gardner,7,NJ,PJM,Natural Gas Fired Combustion Turbine,NG,GT,20.0,18.0,,,2015,5
17235,"GenOn REMA, LLC",8227,Glen Gardner,8,NJ,PJM,Natural Gas Fired Combustion Turbine,NG,GT,20.0,18.0,,,2015,5
54863,"Astoria Generating Company, L.P.",8906,Astoria Generating Station,4,NY,NYIS,Natural Gas Steam Turbine,NG,ST,387.0,376.3,,,2021,2
6028,Entergy Nuclear Indian Point 3,8907,Indian Point 3,3,NY,NYIS,Nuclear,NUC,ST,1012.0,1039.4,,,2021,4
8973,Town of Hudson - (MA),9038,Cherry Street,10,MA,ISNE,Natural Gas Internal Combustion Engine,NG,IC,2.2,1.9,,,2025,6
8973,Town of Hudson - (MA),9038,Cherry Street,11,MA,ISNE,Natural Gas Internal Combustion Engine,NG,IC,2.2,1.9,,,2025,6
8973,Town of Hudson - (MA),9038,Cherry Street,9,MA,ISNE,Petroleum Liquids,DFO,IC,3.0,2.3,,,2003,12
8776,City of Holyoke Gas and Elec Dept - (MA),9864,Cabot Holyoke,6,MA,ISNE,Natural Gas Steam Turbine,NG,ST,10.0,9.3,,,2013,3
8776,City of Holyoke Gas and Elec Dept - (MA),9864,Cabot Holyoke,8,MA,ISNE,Natural Gas Steam Turbine,NG,ST,10.0,9.3,,,2013,3
8776,City of Holyoke Gas and Elec Dept - (MA),9864,Cabot Holyoke,9,MA,ISNE,Natural Gas Steam Turbine,NG,ST,6.0,5.7,,,2009,12
52,ACE Cogeneration Co,10002,ACE Cogeneration Facility,GEN1,CA,CISO,Conventional Steam Coal,BIT,ST,108.0,101.2,,,2014,10
63637,Molson Coors USA LLC,10003,Colorado Energy Nations Company,VBPT,CO,PSCO,Natural Gas Steam Turbine,NG,ST,0.4,0.4,,,2012,6
9383,Mosaic Fertilizer LLC,10004,Mosaic South Pierce Operations,TG1,FL,TEC,All Other,WH,ST,7.5,4.0,,,2025,12
1194,Baptist Memorial Hospital,10008,Baptist Medical Center,CG-1,FL,JEA,Natural Gas Internal Combustion Engine,NG,IC,0.5,0.5,,,2005,10
1194,Baptist Memorial Hospital,10008,Baptist Medical Center,CG-3,FL,JEA,Natural Gas Internal Combustion Engine,NG,IC,0.5,0.5,,,2007,5
1194,Baptist Memorial Hospital,10008,Baptist Medical Center,CG-4,FL,JEA,Natural Gas Internal Combustion Engine,NG,IC,0.5,0.5,,,2006,12
1194,Baptist Memorial Hospital,10008,Baptist Medical Center,TG-1,FL,JEA,Natural Gas Fired Combustion Turbine,NG,GT,2.6,2.3,,,2007,4
4458,Covanta Warren Energy Resource Co LP,10012,Covanta Warren Energy,1,NJ,PJM,Municipal Solid Waste,MSW,ST,13.5,10.0,,,2019,6
34691,Ormat Nevada Inc,10018,Desert Peak Power Plant,GEN1,NV,NEVP,Geothermal,GEO,ST,11.0,9.0,,,2006,5
4558,Cutrale Citrus Juices USA Inc,10020,Cutrale Citrus Juices USA I,GEN1,FL,FPC,Natural Gas Fired Combustion Turbine,NG,GT,3.5,3.1,,,2010,12
4558,Cutrale Citrus Juices USA Inc,10020,Cutrale Citrus Juices USA I,GEN2,FL,FPC,Natural Gas Fired Combustion Turbine,NG,GT,4.1,4.3,,,2016,1
1511,Bellevue Associates,10021,The Bellevue,GEN1,PA,,Natural Gas Internal Combustion Engine,NG,IC,1.5,1.5,,,2004,10
5624,"RED-Rochester, LLC",10025,"RED-Rochester, LLC",11TG,NY,NYIS,Conventional Steam Coal,BIT,ST,6.3,6.3,,,2007,3
5624,"RED-Rochester, LLC",10025,"RED-Rochester, LLC",13TG,NY,NYIS,Conventional Steam Coal,BIT,ST,10.4,10.4,,,2007,3
5624,"RED-Rochester, LLC",10025,"RED-Rochester, LLC",14TG,NY,NYIS,Conventional Steam Coal,BIT,ST,10.4,10.4,,,2007,3
5624,"RED-Rochester, LLC",10025,"RED-Rochester, LLC",15TG,NY,NYIS,Conventional Steam Coal,BIT,ST,17.5,17.5,,,2007,3
5624,"RED-Rochester, LLC",10025,"RED-Rochester, LLC",16TG,NY,NYIS,Petroleum Liquids,RFO,ST,25.6,25.6,,,2007,3
5624,"RED-Rochester, LLC",10025,"RED-Rochester, LLC",22TG,NY,NYIS,Natural Gas Steam Turbine,NG,ST,12.5,12.5,,,2020,6
5901,Encina Joint Powers Authority,10026,Encina Water Pollution Control,EG1,CA,CISO,Natural Gas Internal Combustion Engine,NG,IC,0.5,0.5,,,2008,2
5901,Encina Joint Powers Authority,10026,Encina Water Pollution Control,EG2,CA,CISO,Natural Gas Internal Combustion Engine,NG,IC,0.5,0.5,,,2008,5
5901,Encina Joint Powers Authority,10026,Encina Water Pollution Control,EG3,CA,CISO,Other Waste Biomass,OBG,IC,0.5,0.5,,,2008,5
61279,"HH Management, LLC",10027,Windpark Unlimited 1,EXIS,CA,CISO,Onshore Wind Turbine,WND,WT,9.4,9.4,,,2019,11
7049,General Electric Aircraft Engines,10029,General Electric Aircraft Engines,GEN5,MA,ISNE,Natural Gas Steam Turbine,NG,ST,10.0,8.5,,,2020,3
7049,General Electric Aircraft Engines,10029,General Electric Aircraft Engines,GEN6,MA,ISNE,Natural Gas Steam Turbine,NG,ST,10.0,8.5,,,2020,3
7049,General Electric Aircraft Engines,10029,General Electric Aircraft Engines,GEN7,MA,ISNE,Natural Gas Steam Turbine,NG,ST,12.5,6.8,,,2020,3
7049,General Electric Aircraft Engines,10029,General Electric Aircraft Engines,GEN8,MA,ISNE,Natural Gas Fired Combustion Turbine,NG,GT,21.1,19.1,,,2013,8
7175,General Mills Operations Inc,10031,General Mills Operations Lodi,1,CA,CISO,Natural Gas Fired Combustion Turbine,NG,GT,4.6,3.2,,,2015,12
7239,General Motors Corp-Warren,10032,Powertrain Warren General Motors,GT1,MI,MISO,Natural Gas Fired Combustion Turbine,NG,GT,4.0,2.7,,,2015,12
15430,Detroit Renewable Power,10033,Greater Detroit Resource Recovery,GEN1,MI,MISO,Municipal Solid Waste,MSW,ST,68.4,63.6,,,2019,3
55767,Fred Duchi and Associates,10037,Siskiyou Forest Products,GEN1,CA,,Wood/Wood Waste Biomass,WDS,ST,6.8,6.3,,,2002,12
9788,John Deere Harvester Works Co,10039,John Deere Harvester Works,GEN2,IL,MISO,Conventional Steam Coal,BIT,ST,2.0,2.0,,,2014,9
9788,John Deere Harvester Works Co,10039,John Deere Harvester Works,GEN4,IL,MISO,Conventional Steam Coal,BIT,ST,2.5,2.5,,,2013,9
9788,John Deere Harvester Works Co,10039,John Deere Harvester Works,GEN5,IL,MISO,Conventional Steam Coal,BIT,ST,3.0,3.0,,,2012,3
9788,John Deere Harvester Works Co,10039,John Deere Harvester Works,GEN6,IL,MISO,Conventional Steam Coal,BIT,ST,2.5,2.5,,,2015,10
9788,John Deere Harvester Works Co,10039,John Deere Harvester Works,GEN7,IL,MISO,Conventional Steam Coal,BIT,ST,0.9,0.8,,,2015,5
10077,Kaweah Delta Hospital,10042,Kaweah Delta District Hospital,KDH1,CA,CISO,Natural Gas Internal Combustion Engine,NG,IC,0.5,0.5,,,2006,11
10077,Kaweah Delta Hospital,10042,Kaweah Delta District Hospital,KDH2,CA,CISO,Natural Gas Internal Combustion Engine,NG,IC,0.5,0.5,,,2006,12
10077,Kaweah Delta Hospital,10042,Kaweah Delta District Hospital,KDH3,CA,CISO,Natural Gas Internal Combustion Engine,NG,IC,0.7,0.7,,,2006,5
63046,Logan Generating Company LP,10043,Logan Generating Plant,GEN1,NJ,PJM,Conventional Steam Coal,BIT,ST,242.3,219.0,,,2022,5
16779,Schweitzer-Maudit Intl Inc,10044,Schweitzer Mauduit International,1,NJ,,Natural Gas Steam Turbine,NG,ST,3.6,0.8,,,2002,5
10277,Kinsley's Landfill Inc,10045,Kinsleys Landfill,0011,NJ,PJM,Landfill Gas,LFG,IC,0.5,0.5,,,2014,10
10277,Kinsley's Landfill Inc,10045,Kinsleys Landfill,0012,NJ,PJM,Landfill Gas,LFG,IC,0.5,0.5,,,2014,10
10277,Kinsley's Landfill Inc,10045,Kinsleys Landfill,0013,NJ,PJM,Landfill Gas,LFG,IC,0.5,0.5,,,2014,10
10277,Kinsley's Landfill Inc,10045,Kinsleys Landfill,0014,NJ,PJM,Landfill Gas,LFG,IC,0.5,0.5,,,2014,10
7014,San Marcos Energy LLC,10047,Orange County New York,1,NY,,Landfill Gas,LFG,GT,3.3,2.1,,,2003,12
10810,LAX Airport,10048,Central Utilities Plant LAX,GEN1,CA,LDWP,Natural Gas Fired Combustion Turbine,NG,GT,4.0,3.5,,,2013,10
10810,LAX Airport,10048,Central Utilities Plant LAX,GEN2,CA,LDWP,Natural Gas Fired Combustion Turbine,NG,GT,4.0,3.5,,,2013,10
11079,Little Rock Water Reclamation Authority,10050,Fourche Creek Wastewater,1,AR,MISO,Other Waste Biomass,OBG,IC,0.5,0.5,,,2010,2
11079,Little Rock Water Reclamation Authority,10050,Fourche Creek Wastewater,2,AR,MISO,Other Waste Biomass,OBG,IC,0.5,0.5,,,2008,4
11079,Little Rock Water Reclamation Authority,10050,Fourche Creek Wastewater,3,AR,MISO,Other Waste Biomass,OBG,IC,0.5,0.5,,,2011,1
49753,"Brooks Energy, LLC",10051,Lockville Hydropower,GEN1,NC,CPLE,Conventional Hydroelectric,WAT,HY,0.6,0.6,,,2023,4
49753,"Brooks Energy, LLC",10051,Lockville Hydropower,GEN2,NC,CPLE,Conventional Hydroelectric,WAT,HY,0.6,0.6,,,2023,4
779,Perma Treat Corporation,10053,Perma Treat Corporation,1,ME,,Wood/Wood Waste Biomass,WDS,ST,1.3,0.5,,,2011,12
779,Perma Treat Corporation,10053,Perma Treat Corporation,DG2,ME,,Petroleum Liquids,DFO,IC,0.5,0.5,,,2011,12
7080,Aclara Meters LLC,10059,General Electric Great Falls Upper Hydro,1575,NH,ISNE,Conventional Hydroelectric,WAT,HY,1.6,1.6,,,2023,10
7080,Aclara Meters LLC,10059,General Electric Great Falls Upper Hydro,500,NH,ISNE,Conventional Hydroelectric,WAT,HY,0.5,0.5,,,2023,10
50085,Covanta Southeast Florida Renewable Ltd,10062,Miami Dade County Resource Recovery Fac,GEN1,FL,FPL,Municipal Solid Waste,MSW,ST,38.5,35.8,,,2023,2
50085,Covanta Southeast Florida Renewable Ltd,10062,Miami Dade County Resource Recovery Fac,GEN2,FL,FPL,Municipal Solid Waste,MSW,ST,38.5,35.8,,,2023,2
56217,Portsmouth Operating Services LLC,10071,Portsmouth Genco LLC,GEN1,VA,PJM,Conventional Steam Coal,BIT,ST,57.4,57.5,,,2016,5
56217,Portsmouth Operating Services LLC,10071,Portsmouth Genco LLC,GEN2,VA,PJM,Conventional Steam Coal,BIT,ST,57.4,57.5,,,2016,5
11003,Lihue Plantation Co Ltd,10073,Lihue Plantation Ltd,GEN1,HI,,Other Waste Biomass,AB,ST,21.7,20.2,,,2002,12
11003,Lihue Plantation Co Ltd,10073,Lihue Plantation Ltd,GEN2,HI,,Conventional Hydroelectric,WAT,HY,0.5,0.5,,,2002,12
11003,Lihue Plantation Co Ltd,10073,Lihue Plantation Ltd,GEN3,HI,,Conventional Hydroelectric,WAT,HY,0.8,0.8,,,2002,12
59191,Humboldt Bay Harbor Rec & Con Dist,10074,Pulp Mill Power House,GEN1,CA,CISO,Wood/Wood Waste Biomass,BLQ,ST,20.0,20.0,,,2017,12
12647,"ALLETE, Inc.",10075,Taconite Harbor Energy Center,GEN1,MN,MISO,Conventional Steam Coal,SUB,ST,84.0,79.0,,,2023,3
12647,"ALLETE, Inc.",10075,Taconite Harbor Energy Center,GEN2,MN,MISO,Conventional Steam Coal,SUB,ST,84.0,75.9,,,2023,3
12647,"ALLETE, Inc.",10075,Taconite Harbor Energy Center,GEN3,MN,MISO,Conventional Steam Coal,SUB,ST,84.0,83.6,,,2015,5
11217,Los Angeles County Sanitation,10090,Commerce Refuse To Energy,GEN1,CA,CISO,Municipal Solid Waste,MSW,ST,12.0,10.0,,,2018,6
11217,Los Angeles County Sanitation,10091,Total Energy Facilities,GEN2,CA,CISO,Other Waste Biomass,OBG,CT,9.9,8.0,,,2002,12
54825,Crozer Chester Medical Center,10097,Crozer Chester Medical Center,1,PA,,Natural Gas Internal Combustion Engine,NG,IC,1.1,1.1,,,2005,5
54825,Crozer Chester Medical Center,10097,Crozer Chester Medical Center,2,PA,,Natural Gas Internal Combustion Engine,NG,IC,1.1,1.1,,,2005,5
54825,Crozer Chester Medical Center,10097,Crozer Chester Medical Center,3,PA,,Natural Gas Internal Combustion Engine,NG,IC,0.9,0.9,,,2005,5
50160,Pedricktown Cogeneration Company LP,10099,Pedricktown Cogeneration Company LP,GEN1,NJ,PJM,Natural Gas Fired Combined Cycle,NG,CT,95.2,112.8,,,2022,5
50160,Pedricktown Cogeneration Company LP,10099,Pedricktown Cogeneration Company LP,GEN2,NJ,PJM,Natural Gas Fired Combined Cycle,NG,CA,45.0,112.8,,,2022,5
6636,Foss Manufacturing Company LLC,10108,Hampton Facility,GEN1,NH,ISNE,Petroleum Liquids,DFO,IC,0.5,0.5,,,2017,8
6636,Foss Manufacturing Company LLC,10108,Hampton Facility,GEN2,NH,ISNE,Petroleum Liquids,DFO,IC,0.5,0.5,,,2017,8
6636,Foss Manufacturing Company LLC,10108,Hampton Facility,GEN3,NH,ISNE,Petroleum Liquids,DFO,IC,0.7,0.7,,,2017,8
6636,Foss Manufacturing Company LLC,10108,Hampton Facility,GEN4,NH,ISNE,Petroleum Liquids,DFO,IC,0.7,0.7,,,2017,8
6636,Foss Manufacturing Company LLC,10108,Hampton Facility,GEN5,NH,ISNE,Petroleum Liquids,DFO,IC,0.7,0.7,,,2017,8
6636,Foss Manufacturing Company LLC,10108,Hampton Facility,GEN6,NH,ISNE,Petroleum Liquids,DFO,IC,0.7,0.7,,,2016,1
15743,Frito-Lay Inc,10110,Frito-Lay Cogen Plant,GEN1,CA,CISO,Natural Gas Fired Combustion Turbine,NG,GT,6.0,5.5,,,2021,9
56398,DTE Pontiac North LLC,10111,DTE Pontiac North LLC,GEN1,MI,MISO,Conventional Steam Coal,BIT,ST,28.9,19.0,,,2009,5
7392,Goodyear Tire & Rubber Co,10114,Goodyear Power Plant,T-1,OH,,Conventional Steam Coal,BIT,ST,7.5,5.0,,,2006,12
7392,Goodyear Tire & Rubber Co,10114,Goodyear Power Plant,T-2,OH,,Conventional Steam Coal,BIT,ST,12.5,10.0,,,2006,12
7392,Goodyear Tire & Rubber Co,10114,Goodyear Power Plant,T-3,OH,,Conventional Steam Coal,BIT,ST,7.5,6.0,,,2006,12
7392,Goodyear Tire & Rubber Co,10114,Goodyear Power Plant,T-4,OH,,Conventional Steam Coal,BIT,ST,12.5,12.0,,,2006,12
7726,Sharp Grossmont Hospital,10115,Grossmont Hospital,GEN1,CA,CISO,Natural Gas Fired Combustion Turbine,NG,GT,0.8,0.8,,,2016,5
7726,Sharp Grossmont Hospital,10115,Grossmont Hospital,GEN2,CA,CISO,Natural Gas Fired Combustion Turbine,NG,GT,0.8,0.8,,,2016,5
8181,Harrisburg Authority,10118,Harrisburg Facility,GEN1,PA,PJM,Municipal Solid Waste,MSW,ST,8.2,16.7,,,2003,4
8486,Pinova Inc.,10120,Pinova Inc.,GEN5,GA,SOCO,Wood/Wood Waste Biomass,WDS,ST,7.1,7.1,,,2023,6
8486,Pinova Inc.,10120,Pinova Inc.,GEN6,GA,SOCO,Wood/Wood Waste Biomass,WDS,ST,2.0,2.0,,,2014,10
62860,"COE Bridgewater LLC c/o Thor Equities, LLC",10122,CIP II/AR Bridgewater Holdings - NJCOE,01,NJ,PJM,Natural Gas Fired Combustion Turbine,NG,GT,3.7,2.7,,,2002,11
60557,"PB Nutclif Master, LLC",10123,Hoffmann LaRoche,TG1,NJ,PJM,Natural Gas Fired Combustion Turbine,NG,GT,4.0,3.0,,,2003,12
60557,"PB Nutclif Master, LLC",10123,Hoffmann LaRoche,TG2,NJ,PJM,Natural Gas Fired Combustion Turbine,NG,GT,4.0,3.0,,,2003,12
60557,"PB Nutclif Master, LLC",10123,Hoffmann LaRoche,TG3,NJ,PJM,Natural Gas Fired Combustion Turbine,NG,GT,4.0,3.0,,,2003,12
8758,Honeywell Farm Inc,10125,Honeywell Farms,1,NY,NYIS,Natural Gas Internal Combustion Engine,NG,IC,0.8,0.8,,,2016,12
8758,Honeywell Farm Inc,10125,Honeywell Farms,2,NY,NYIS,Natural Gas Internal Combustion Engine,NG,IC,0.8,0.8,,,2016,12
8758,Honeywell Farm Inc,10125,Honeywell Farms,3,NY,NYIS,Petroleum Liquids,DFO,IC,0.8,0.8,,,2016,12
8758,Honeywell Farm Inc,10125,Honeywell Farms,4,NY,NYIS,Petroleum Liquids,DFO,IC,0.8,0.8,,,2016,12
8758,Honeywell Farm Inc,10125,Honeywell Farms,5,NY,NYIS,Natural Gas Internal Combustion Engine,NG,IC,0.8,0.8,,,2016,12
8758,Honeywell Farm Inc,10125,Honeywell Farms,6,NY,NYIS,Natural Gas Internal Combustion Engine,NG,IC,0.4,0.4,,,2016,12
22225,Imperial Sugar Co,10136,Fort Bend Utilities,ENGN,TX,,Natural Gas Internal Combustion Engine,NG,IC,0.5,0.5,,,2003,4
22225,Imperial Sugar Co,10136,Fort Bend Utilities,GEN1,TX,,Natural Gas Steam Turbine,NG,ST,2.0,1.8,,,2003,4
22225,Imperial Sugar Co,10136,Fort Bend Utilities,GEN2,TX,,Natural Gas Steam Turbine,NG,ST,1.0,0.8,,,2003,4
22225,Imperial Sugar Co,10136,Fort Bend Utilities,GEN3,TX,,Natural Gas Steam Turbine,NG,ST,3.0,2.7,,,2003,4
17164,Sierra Pacific Industries,10144,Sierra Pacific Lincoln Facility,GEN2,CA,CISO,Wood/Wood Waste Biomass,WDS,ST,11.5,10.0,,,2004,3
17164,Sierra Pacific Industries,10144,Sierra Pacific Lincoln Facility,GEN3,CA,CISO,Wood/Wood Waste Biomass,WDS,ST,1.5,1.2,,,2004,5
1951,White Pine Electric Power LLC,10148,White Pine Electric Power,GEN1,MI,MISO,Natural Gas Steam Turbine,NG,ST,20.0,18.0,,,2016,11
1951,White Pine Electric Power LLC,10148,White Pine Electric Power,GEN2,MI,MISO,Natural Gas Steam Turbine,NG,ST,20.0,18.0,,,2015,4
1951,White Pine Electric Power LLC,10148,White Pine Electric Power,GEN3,MI,MISO,Natural Gas Steam Turbine,NG,ST,20.0,18.0,,,2020,10
49967,"Decorative Panels International, Inc.",10149,Decorative Panels Intl,GEN1,MI,MISO,Natural Gas Steam Turbine,NG,ST,7.5,7.0,,,2024,2
20323,"Wellhead Services, Inc",10156,Fresno Cogen Partners,GEN1,CA,CISO,Natural Gas Fired Combined Cycle,NG,CT,22.3,21.5,,,2004,1
20323,"Wellhead Services, Inc",10156,Fresno Cogen Partners,GEN2,CA,CISO,Natural Gas Fired Combined Cycle,NG,CA,10.0,6.0,,,2021,11
900,Asbury Park Press Inc,10157,Asbury Park Press,ENG1,NJ,PJM,Natural Gas Internal Combustion Engine,NG,IC,0.7,0.7,,,2014,5
900,Asbury Park Press Inc,10157,Asbury Park Press,ENG2,NJ,PJM,Natural Gas Internal Combustion Engine,NG,IC,0.7,0.7,,,2014,5
57209,Apogee Technology Inc,10159,Apogee Technology Inc,GEN1,PA,PJM,Natural Gas Fired Combustion Turbine,NG,GT,10.7,0.0,,,2013,1
12971,Worcester Energy Partners Inc,10165,Worcester Energy,GEN1,ME,ISNE,Wood/Wood Waste Biomass,WDS,ST,7.2,4.0,,,2013,12
12971,Worcester Energy Partners Inc,10165,Worcester Energy,GEN2,ME,ISNE,Wood/Wood Waste Biomass,WDS,ST,18.6,13.0,,,2013,12
3030,Cardinal Cogen Inc,10168,Cardinal Cogen,GTG1,CA,CISO,Natural Gas Fired Combined Cycle,NG,CT,42.1,42.1,,,2015,3
3030,Cardinal Cogen Inc,10168,Cardinal Cogen,STG1,CA,CISO,Natural Gas Fired Combined Cycle,NG,CA,10.7,9.4,,,2015,3
3213,Cedar Rapids Hydro Dam,10171,5 in 1 Dam Hydroelectric,GEN1,IA,MISO,Conventional Hydroelectric,WAT,HY,0.7,0.7,,,2013,11
3213,Cedar Rapids Hydro Dam,10171,5 in 1 Dam Hydroelectric,GEN2,IA,MISO,Conventional Hydroelectric,WAT,HY,0.7,0.7,,,2013,11
3213,Cedar Rapids Hydro Dam,10171,5 in 1 Dam Hydroelectric,GEN3,IA,MISO,Conventional Hydroelectric,WAT,HY,0.7,0.7,,,2013,11
3476,DTE San Diego COGEN Inc.,10175,Childrens Hospital,1631,CA,CISO,Natural Gas Internal Combustion Engine,NG,IC,0.6,0.6,,,2003,11
3476,DTE San Diego COGEN Inc.,10175,Childrens Hospital,1698,CA,CISO,Natural Gas Internal Combustion Engine,NG,IC,0.3,0.3,,,2004,7
3476,DTE San Diego COGEN Inc.,10175,Childrens Hospital,1699,CA,CISO,Natural Gas Internal Combustion Engine,NG,IC,0.3,0.3,,,2003,9
3476,DTE San Diego COGEN Inc.,10175,Childrens Hospital,1710,CA,CISO,Natural Gas Internal Combustion Engine,NG,IC,0.3,0.3,,,2004,7
55915,Cascades Tissue Group,10178,Memphis Hardwood Flooring,MEM1,TN,,Wood/Wood Waste Biomass,WDS,ST,1.2,1.2,,,2007,3
55915,Cascades Tissue Group,10178,Memphis Hardwood Flooring,MEM2,TN,,Wood/Wood Waste Biomass,WDS,ST,1.0,1.0,,,2007,3
12339,Merrimac Paper Co Inc,10179,Merrimac Paper,1,MA,,Conventional Hydroelectric,WAT,HY,0.2,0.2,,,2005,4
12339,Merrimac Paper Co Inc,10179,Merrimac Paper,2,MA,,Conventional Hydroelectric,WAT,HY,0.4,0.4,,,2005,4
12339,Merrimac Paper Co Inc,10179,Merrimac Paper,3,MA,,Conventional Hydroelectric,WAT,HY,0.6,0.6,,,2005,4
12339,Merrimac Paper Co Inc,10179,Merrimac Paper,4,MA,,Conventional Hydroelectric,WAT,HY,0.3,0.3,,,2005,4
12339,Merrimac Paper Co Inc,10179,Merrimac Paper,COON,MA,,Petroleum Liquids,RFO,ST,0.3,0.1,,,2005,4
57280,"Eagle Creek Renewable Energy, LLC",10186,Anson Abenaki Hydros,STG1,ME,ISNE,Natural Gas Steam Turbine,NG,ST,3.0,2.0,,,2016,5
55727,Orion Engineered Carbons,10187,Engineered Carbons Echo Cogeneration,GEN1,TX,MISO,Other Gases,OG,ST,10.0,8.9,,,2018,12
4558,Cutrale Citrus Juices USA Inc,10188,Cutrale Citrus Juices USA II,GEN1,FL,TEC,Natural Gas Fired Combined Cycle,NG,CT,3.5,3.1,,,2010,12
4558,Cutrale Citrus Juices USA Inc,10188,Cutrale Citrus Juices USA II,GEN2,FL,TEC,Natural Gas Fired Combined Cycle,NG,CT,3.5,3.0,,,2010,12
4558,Cutrale Citrus Juices USA Inc,10188,Cutrale Citrus Juices USA II,GEN3,FL,TEC,Natural Gas Fired Combined Cycle,NG,CA,1.5,1.3,,,2005,10
4558,Cutrale Citrus Juices USA Inc,10188,Cutrale Citrus Juices USA II,GEN4,FL,TEC,Natural Gas Fired Combustion Turbine,NG,GT,4.1,4.3,,,2015,6
4558,Cutrale Citrus Juices USA Inc,10188,Cutrale Citrus Juices USA II,GEN5,FL,TEC,Natural Gas Fired Combustion Turbine,NG,GT,4.1,3.0,,,2015,12
9436,Mosaic Phosphates Co.,10198,Mosaic Phosphates Uncle Sam,GEN1,LA,MISO,All Other,OTH,ST,11.0,10.2,,,2011,11
7160,Geysers Power Co LLC,10199,West Ford Flat Power Plant,WFF1,CA,CISO,Geothermal,GEO,ST,19.0,0.0,,,2016,12
7160,Geysers Power Co LLC,10199,West Ford Flat Power Plant,WFF2,CA,CISO,Geothermal,GEO,ST,19.0,0.0,,,2016,12
9686,"WestRock, Fernandina Beach",10202,Fernandina Beach Mill,GEN4,FL,JEA,Conventional Steam Coal,BIT,ST,9.3,7.0,,,2003,12
19685,Valero Refining Co,10203,Valero Refinery Corpus Christi East,GEN1,TX,ERCO,Natural Gas Fired Combustion Turbine,NG,GT,20.0,17.0,,,2010,7
19685,Valero Refining Co,10203,Valero Refinery Corpus Christi East,GEN2,TX,ERCO,Natural Gas Fired Combustion Turbine,NG,GT,20.0,17.0,,,2010,7
3102,Mosaic Company,10205,Mosaic Co Greenbay,GEN1,FL,TEC,All Other,OTH,ST,38.2,37.2,,,2006,5
11161,Loma Linda University,10206,Loma Linda University Cogen,GEN3,CA,CISO,Natural Gas Fired Combined Cycle,NG,CA,1.2,1.2,,,2014,7
56327,Ashland Inc,10207,Ashland Inc,GEN1,MO,,Conventional Steam Coal,BIT,ST,8.6,8.6,,,2011,5
56327,Ashland Inc,10207,Ashland Inc,GEN2,MO,,Conventional Steam Coal,BIT,ST,8.6,8.6,,,2011,5
56165,Cleveland Cliffs,10211,2 AC Station,10TG,IN,MISO,Other Gases,BFG,ST,20.0,18.0,,,2009,4
56165,Cleveland Cliffs,10211,2 AC Station,11TG,IN,MISO,Other Gases,BFG,ST,20.0,18.0,,,2009,4
56165,Cleveland Cliffs,10211,2 AC Station,7TG,IN,MISO,Other Gases,BFG,ST,11.2,10.0,,,2007,12
56165,Cleveland Cliffs,10211,2 AC Station,8TG,IN,MISO,Other Gases,BFG,ST,11.2,10.0,,,2009,4
20712,Snowbird Corporation,10215,Snowbird Power Plant,1367,UT,PACE,Natural Gas Internal Combustion Engine,NG,IC,0.6,0.6,,,2021,9
20712,Snowbird Corporation,10215,Snowbird Power Plant,1391,UT,PACE,Natural Gas Internal Combustion Engine,NG,IC,0.6,0.6,,,2021,6
20712,Snowbird Corporation,10215,Snowbird Power Plant,1392,UT,PACE,Natural Gas Internal Combustion Engine,NG,IC,0.6,0.6,,,2021,4
109,Ag Processing Inc,10223,AG Processing Inc,E.C.,IA,MISO,Conventional Steam Coal,SUB,ST,8.5,8.5,,,2014,10
12311,Merck & Co Inc,10224,Merck Rahway Power Plant,GEN7,NJ,PJM,Petroleum Liquids,DFO,ST,4.0,3.8,,,2007,11
9109,Hutzel Hospital,10232,Hutzel Hospital,TB-1,MI,MISO,Petroleum Liquids,DFO,GT,0.8,0.7,,,2004,7
9109,Hutzel Hospital,10232,Hutzel Hospital,TB-2,MI,MISO,Petroleum Liquids,DFO,GT,0.8,0.7,,,2004,7
6538,Ford Motor Co,10235,Ford Motor Co Rawsonville Plant,GEN1,MI,,Natural Gas Fired Combustion Turbine,NG,GT,4.5,4.5,,,2012,2
3432,Ticona Polymers Inc,10243,Ticona Polymers Inc,GEN1,TX,ERCO,Other Natural Gas,NG,OT,1.4,1.4,,,2002,12
3432,Ticona Polymers Inc,10243,Ticona Polymers Inc,GEN2,TX,ERCO,Other Natural Gas,NG,OT,1.4,1.4,,,2002,12
3432,Ticona Polymers Inc,10243,Ticona Polymers Inc,GEN3,TX,ERCO,Other Natural Gas,NG,OT,1.6,1.6,,,2002,12
3432,Ticona Polymers Inc,10243,Ticona Polymers Inc,GEN4,TX,ERCO,Natural Gas Fired Combined Cycle,NG,CA,8.2,5.7,,,2002,12
23330,Bay County Board-County Comm,10250,Bay County Waste to Energy,GEN1,FL,SOCO,Municipal Solid Waste,MSW,ST,13.6,10.0,,,2021,1
11262,Los Angeles Cold Storage,10251,Los Angeles Cold Storage,3981,CA,,Natural Gas Internal Combustion Engine,NG,IC,0.4,0.4,,,2003,12
11262,Los Angeles Cold Storage,10251,Los Angeles Cold Storage,3982,CA,,Natural Gas Internal Combustion Engine,NG,IC,0.4,0.4,,,2003,12
11262,Los Angeles Cold Storage,10251,Los Angeles Cold Storage,3983,CA,,Natural Gas Internal Combustion Engine,NG,IC,0.4,0.4,,,2003,12
55849,Domtar Paper Co LLC Kingsport Mill,10252,Domtar Kingsport Mill,NO.6,TN,TVA,Wood/Wood Waste Biomass,BLQ,ST,7.0,7.0,,,2006,10
55849,Domtar Paper Co LLC Kingsport Mill,10252,Domtar Kingsport Mill,NO.7,TN,TVA,Wood/Wood Waste Biomass,BLQ,ST,12.0,12.0,,,2006,10
5189,Diamond Walnut Growers Inc,10257,Diamond Walnut,DWG1,CA,,Other Waste Biomass,AB,ST,4.5,4.2,,,2005,11
29925,Enterprise Products Optg LP,10261,Enterprise Products Operating,GEN1,TX,ERCO,Natural Gas Fired Combustion Turbine,NG,GT,2.5,2.3,,,2019,1
29925,Enterprise Products Optg LP,10261,Enterprise Products Operating,GEN2,TX,ERCO,Natural Gas Fired Combustion Turbine,NG,GT,2.5,2.3,,,2019,1
2848,California Institute-Technology,10262,California Institute of Technology,GEN1,CA,CISO,Natural Gas Fired Combined Cycle,NG,CA,1.0,1.0,,,2002,11
2848,California Institute-Technology,10262,California Institute of Technology,GEN2,CA,CISO,Natural Gas Fired Combined Cycle,NG,CT,4.3,4.3,,,2002,11
1947,Bob Jones University,10280,Central Plant,ENG2,SC,DUK,Natural Gas Internal Combustion Engine,NG,IC,1.1,1.1,,,2016,1
1947,Bob Jones University,10280,Central Plant,ENG3,SC,DUK,Natural Gas Internal Combustion Engine,NG,IC,1.1,1.1,,,2015,6
1947,Bob Jones University,10280,Central Plant,ENG4,SC,DUK,Natural Gas Internal Combustion Engine,NG,IC,1.1,1.1,,,2016,1
14966,Pharmacia Corp,10284,Pharmacia,TG-1,NJ,,Natural Gas Fired Combustion Turbine,NG,GT,0.8,0.7,,,2009,12
14966,Pharmacia Corp,10284,Pharmacia,TG-2,NJ,,Natural Gas Fired Combustion Turbine,NG,GT,0.8,0.7,,,2009,12
14966,Pharmacia Corp,10284,Pharmacia,TG-3,NJ,,Natural Gas Fired Combustion Turbine,NG,GT,0.8,0.8,,,2009,12
14966,Pharmacia Corp,10284,Pharmacia,TG-4,NJ,,Natural Gas Fired Combustion Turbine,NG,GT,0.8,0.7,,,2009,12
14966,Pharmacia Corp,10284,Pharmacia,TG-5,NJ,,Natural Gas Fired Combustion Turbine,NG,GT,0.8,0.7,,,2009,12
14966,Pharmacia Corp,10284,Pharmacia,TG-6,NJ,,Natural Gas Fired Combustion Turbine,NG,GT,0.8,0.7,,,2009,12
34691,Ormat Nevada Inc,10287,Beowawe,GEN1,NV,NEVP,Geothermal,GEO,ST,17.0,12.8,,,2024,5
34691,Ormat Nevada Inc,10287,Beowawe,GEN2,NV,NEVP,Geothermal,GEO,BT,3.6,1.3,,,2024,5
55800,Lion Copolymer LLC,10297,Baton Rouge Plant,GEN1,LA,,Natural Gas Steam Turbine,NG,ST,3.0,2.0,,,2005,2
55800,Lion Copolymer LLC,10297,Baton Rouge Plant,GEN2,LA,,Natural Gas Steam Turbine,NG,ST,3.0,2.0,,,2005,2
327,Air Liquide Large Industries U S LP,10298,Bayou Cogen Plant,GEN1,TX,ERCO,Natural Gas Fired Combustion Turbine,NG,GT,75.0,65.0,,,2014,1
327,Air Liquide Large Industries U S LP,10298,Bayou Cogen Plant,GEN2,TX,ERCO,Natural Gas Fired Combustion Turbine,NG,GT,75.0,65.0,,,2015,9
327,Air Liquide Large Industries U S LP,10298,Bayou Cogen Plant,GEN3,TX,ERCO,Natural Gas Fired Combustion Turbine,NG,GT,75.0,65.0,,,2014,9
327,Air Liquide Large Industries U S LP,10298,Bayou Cogen Plant,GEN4,TX,ERCO,Natural Gas Fired Combustion Turbine,NG,GT,79.6,65.0,,,2015,1
3998,Desert View Power Inc,10300,Desert View Power,GEN1,CA,IID,Wood/Wood Waste Biomass,WDS,ST,55.5,47.0,,,2024,4
57145,Louisiana Sugar Refining LLC,10301,Louisiana Sugar Refining,GEN1,LA,MISO,Natural Gas Steam Turbine,NG,ST,0.7,0.6,,,2014,6
13657,Norfork Southern Corp,10302,Juniata Locomotive Shop,GEN1,PA,PJM,Conventional Steam Coal,BIT,ST,2.0,0.4,,,2015,4
13657,Norfork Southern Corp,10302,Juniata Locomotive Shop,GEN2,PA,PJM,Conventional Steam Coal,BIT,ST,2.0,0.3,,,2015,4
2255,Baylor University,10317,Baylor University Cogen,1,TX,,Natural Gas Fired Combustion Turbine,NG,GT,3.4,3.0,,,2008,8
10911,Lenzing Fibers Corp,10321,Lowland,GEN1,TN,,Conventional Steam Coal,BIT,ST,5.0,5.0,,,2005,12
10911,Lenzing Fibers Corp,10321,Lowland,GEN2,TN,,Conventional Steam Coal,BIT,ST,5.0,5.0,,,2005,12
10911,Lenzing Fibers Corp,10321,Lowland,GEN3,TN,,Conventional Steam Coal,BIT,ST,5.0,5.0,,,2005,12
10911,Lenzing Fibers Corp,10321,Lowland,GEN4,TN,,Conventional Steam Coal,BIT,ST,0.3,0.3,,,2005,12
10911,Lenzing Fibers Corp,10321,Lowland,GEN5,TN,,Conventional Steam Coal,BIT,ST,5.0,5.0,,,2005,12
6201,Farmer's Irrigation District,10323,Copper Dam Plant,GEN1,OR,PACW,Conventional Hydroelectric,WAT,HY,2.0,1.0,,,2015,6
6201,Farmer's Irrigation District,10323,Copper Dam Plant,GEN2,OR,PACW,Conventional Hydroelectric,WAT,HY,1.0,0.5,,,2015,6
3303,Florida Power Development,10333,Florida Power Development,GEN1,FL,FPC,Other Waste Biomass,OBS,ST,125.0,66.0,,,2018,6
11517,Maine Energy Recovery Co,10338,Maine Energy Recovery,MERC,ME,,Municipal Solid Waste,MSW,ST,22.0,18.0,,,2012,12
12823,Montenay Charleston RRI,10344,Charleston Resource Recovery Facility,101,SC,,Municipal Solid Waste,MSW,ST,13.0,9.5,,,2009,12
8641,Hillman Power Co,10346,Hillman Power LLC,GEN1,MI,MISO,Wood/Wood Waste Biomass,WDS,ST,22.0,17.7,,,2022,5
56624,TMC LLC,10347,TMC LLC,GEN1,FL,,Wood/Wood Waste Biomass,WDS,ST,7.5,7.5,,,2012,3
64430,"Calpine Greenleaf Holding, Inc.",10350,Greenleaf 1,GEN1,CA,CISO,Natural Gas Fired Combined Cycle,NG,CT,46.0,42.0,,,2019,3
64430,"Calpine Greenleaf Holding, Inc.",10350,Greenleaf 1,GEN2,CA,CISO,Natural Gas Fired Combined Cycle,NG,CA,20.0,8.0,,,2019,3
1981,ReEnergy Ashland LLC,10356,ReEnergy Ashland,GEN1,ME,NBSO,Wood/Wood Waste Biomass,WDS,ST,39.6,37.0,,,2019,10
55919,Georgia-Pacific Consumer Oper. Green Bay LLC,10360,Consumer Operations LLC,GEN1,WI,MISO,Conventional Steam Coal,BIT,ST,1.5,1.4,,,2002,2
55919,Georgia-Pacific Consumer Oper. Green Bay LLC,10360,Consumer Operations LLC,GEN10,WI,MISO,Conventional Steam Coal,BIT,ST,28.2,26.4,,,2014,10
55919,Georgia-Pacific Consumer Oper. Green Bay LLC,10360,Consumer Operations LLC,GEN2,WI,MISO,Conventional Steam Coal,BIT,ST,3.0,2.8,,,2002,2
55919,Georgia-Pacific Consumer Oper. Green Bay LLC,10360,Consumer Operations LLC,GEN3,WI,MISO,Conventional Steam Coal,BIT,ST,3.0,2.8,,,2002,2
55919,Georgia-Pacific Consumer Oper. Green Bay LLC,10360,Consumer Operations LLC,GEN4,WI,MISO,Conventional Steam Coal,BIT,ST,2.5,2.3,,,2002,2
55919,Georgia-Pacific Consumer Oper. Green Bay LLC,10360,Consumer Operations LLC,GEN5,WI,MISO,Conventional Steam Coal,BIT,ST,10.0,7.5,,,2014,10
55919,Georgia-Pacific Consumer Oper. Green Bay LLC,10360,Consumer Operations LLC,GEN8,WI,MISO,Conventional Steam Coal,BIT,ST,25.0,20.0,,,2004,12
55919,Georgia-Pacific Consumer Oper. Green Bay LLC,10360,Consumer Operations LLC,GEN9,WI,MISO,Natural Gas Steam Turbine,NG,ST,43.2,38.0,,,2021,9
7840,"GWF Power Systems, L.P.",10367,East Third Street Power Plant,GEN1,CA,,Petroleum Coke,PC,ST,20.5,18.7,,,2012,3
7840,"GWF Power Systems, L.P.",10368,Loveridge Road Power Plant,GEN1,CA,,Petroleum Coke,PC,ST,20.5,18.0,,,2012,3
7840,"GWF Power Systems, L.P.",10369,Wilbur West Power Plant,GEN1,CA,,Petroleum Coke,PC,ST,20.5,18.2,,,2012,3
7840,"GWF Power Systems, L.P.",10370,Wilbur East Power Plant,GEN1,CA,,Petroleum Coke,PC,ST,20.5,18.1,,,2012,3
7840,"GWF Power Systems, L.P.",10371,Nichols Road Power Plant,GEN1,CA,,Petroleum Coke,PC,ST,20.5,17.8,,,2012,3
8032,Hanford L.P.,10373,Hanford,GEN1,CA,,Petroleum Coke,PC,ST,27.0,25.3,,,2012,3
49906,George Weston Bakeries,10376,Entenmanns Cogeneration Facility,1,IL,,Natural Gas Internal Combustion Engine,NG,IC,0.8,0.8,,,2004,8
49906,George Weston Bakeries,10376,Entenmanns Cogeneration Facility,2,IL,,Natural Gas Internal Combustion Engine,NG,IC,0.8,0.8,,,2004,8
61138,City Point Energy Center,10377,James River Genco LLC,GEN1,VA,PJM,Conventional Steam Coal,BIT,ST,57.4,46.3,,,2019,6
61138,City Point Energy Center,10377,James River Genco LLC,GEN2,VA,PJM,Conventional Steam Coal,BIT,ST,57.4,46.3,,,2019,6
58209,CPI USA NC Southport LLC,10378,CPI USA NC Southport,GEN1,NC,CPLE,Wood/Wood Waste Biomass,WDS,ST,67.5,48.0,,,2021,3
58209,CPI USA NC Southport LLC,10378,CPI USA NC Southport,GEN2,NC,CPLE,Wood/Wood Waste Biomass,WDS,ST,67.5,48.0,,,2021,3
58210,CPI USA NC Roxboro LLC,10379,CPI USA NC Roxboro,GEN1,NC,CPLE,Wood/Wood Waste Biomass,WDS,ST,67.5,47.0,,,2021,3
59621,North Carolina Renewable Power,10380,Elizabethtown Power LLC,GEN1,NC,CPLE,Conventional Steam Coal,BIT,ST,34.7,32.0,,,2018,1
54889,Carlyle/Riverstone Renewable Energy,10381,Coastal Carolina Clean Power,GEN1,NC,CPLE,Wood/Wood Waste Biomass,WDS,ST,44.1,27.0,,,2015,9
55739,Edgecombe Operating Services LLC,10384,Edgecombe Genco LLC,GEN1,NC,PJM,Conventional Steam Coal,BIT,ST,57.4,57.8,,,2019,4
55739,Edgecombe Operating Services LLC,10384,Edgecombe Genco LLC,GEN2,NC,PJM,Conventional Steam Coal,BIT,ST,57.4,57.8,,,2019,4
7014,San Marcos Energy LLC,10386,San Marcos Energy,1,CA,,Landfill Gas,LFG,GT,0.9,0.7,,,2010,9
7014,San Marcos Energy LLC,10386,San Marcos Energy,2,CA,,Landfill Gas,LFG,GT,0.9,0.7,,,2010,9
57223,Sycamore Energy LLC,10387,Sycamore Energy LLC,1,CA,CISO,Landfill Gas,LFG,GT,0.9,0.7,,,2010,7
57223,Sycamore Energy LLC,10387,Sycamore Energy LLC,2,CA,CISO,Landfill Gas,LFG,GT,0.9,0.7,,,2010,11
25049,Gas Recovery Systems Inc,10388,GRS Newby I,1,CA,CISO,Landfill Gas,LFG,IC,0.5,0.5,,,2013,11
25049,Gas Recovery Systems Inc,10388,GRS Newby I,2,CA,CISO,Landfill Gas,LFG,IC,0.5,0.5,,,2013,11
25049,Gas Recovery Systems Inc,10388,GRS Newby I,3,CA,CISO,Landfill Gas,LFG,IC,0.5,0.5,,,2013,11
25049,Gas Recovery Systems Inc,10388,GRS Newby I,4,CA,CISO,Landfill Gas,LFG,IC,0.5,0.5,,,2013,11
57238,Newby Island II LLC,10389,GRS Newby II,1,CA,,Landfill Gas,LFG,IC,1.1,1.0,,,2012,1
57238,Newby Island II LLC,10389,GRS Newby II,2,CA,,Landfill Gas,LFG,IC,1.1,1.0,,,2012,1
57238,Newby Island II LLC,10389,GRS Newby II,3,CA,,Landfill Gas,LFG,IC,1.1,1.0,,,2012,1
57239,Guadalupe Power LLC,10390,Guadalupe Power Plant,1,CA,CISO,Landfill Gas,LFG,IC,0.5,0.5,,,2013,12
57239,Guadalupe Power LLC,10390,Guadalupe Power Plant,2,CA,CISO,Landfill Gas,LFG,IC,0.5,0.5,,,2013,12
57239,Guadalupe Power LLC,10390,Guadalupe Power Plant,3,CA,CISO,Landfill Gas,LFG,IC,0.5,0.5,,,2013,12
57239,Guadalupe Power LLC,10390,Guadalupe Power Plant,4,CA,CISO,Landfill Gas,LFG,IC,1.1,1.0,,,2013,12
57240,Marsh Road Power LLC,10391,GRS Menlo Park,1,CA,CISO,Landfill Gas,LFG,IC,0.5,0.5,,,2013,11
57240,Marsh Road Power LLC,10391,GRS Menlo Park,2,CA,CISO,Landfill Gas,LFG,IC,0.5,0.5,,,2013,11
57240,Marsh Road Power LLC,10391,GRS Menlo Park,3,CA,CISO,Landfill Gas,LFG,IC,0.5,0.5,,,2013,11
57240,Marsh Road Power LLC,10391,GRS Menlo Park,4,CA,CISO,Landfill Gas,LFG,IC,0.5,0.5,,,2013,11
25049,Gas Recovery Systems Inc,10392,GRS American Canyon,1,CA,CISO,Landfill Gas,LFG,IC,0.8,0.7,,,2013,5
25049,Gas Recovery Systems Inc,10392,GRS American Canyon,2,CA,CISO,Landfill Gas,LFG,IC,0.8,0.7,,,2013,5
57242,Coyote Canyon Energy LLC,10395,GRS Coyote Canyon,GEN1,CA,CISO,Landfill Gas,LFG,ST,20.0,17.0,,,2016,12
56165,Cleveland Cliffs,10397,Indiana Harbor West,GEN5,IN,MISO,Natural Gas Steam Turbine,NG,ST,12.5,3.1,,,2024,12
56165,Cleveland Cliffs,10397,Indiana Harbor West,GEN6,IN,MISO,Natural Gas Steam Turbine,NG,ST,12.5,3.1,,,2024,12
9454,Cleveland Cliffs,10398,Cleveland Works,GEN3,OH,PJM,Other Gases,BFG,ST,10.0,10.0,,,2023,3
9454,Cleveland Cliffs,10398,Cleveland Works,GEN5,OH,PJM,Other Gases,BFG,ST,10.0,8.0,,,2023,3
9454,Cleveland Cliffs,10398,Cleveland Works,GENA,OH,PJM,Other Gases,BFG,ST,15.0,12.0,,,2023,3
11068,Little Co of Mary Hospital,10400,Little Company of Mary Hospital,GEN1,IL,,Natural Gas Fired Combustion Turbine,NG,GT,3.8,3.2,,,2012,7
8634,Hilo Coast Processing Co,10401,Pepeekeo Power Plant,GEN1,HI,,Conventional Steam Coal,BIT,ST,23.8,22.0,,,2004,12
50099,Laidlaw Energy Group Inc.,10403,Laidlaw Energy & Environmental,ALLI,NY,,Natural Gas Fired Combined Cycle,NG,CT,3.0,2.6,,,2010,12
50099,Laidlaw Energy Group Inc.,10403,Laidlaw Energy & Environmental,CAT3,NY,,Natural Gas Internal Combustion Engine,NG,IC,0.4,0.4,,,2010,12
50099,Laidlaw Energy Group Inc.,10403,Laidlaw Energy & Environmental,CAT4,NY,,Natural Gas Internal Combustion Engine,NG,IC,0.4,0.4,,,2010,12
50099,Laidlaw Energy Group Inc.,10403,Laidlaw Energy & Environmental,WEST,NY,,Natural Gas Fired Combined Cycle,NG,CA,2.0,0.7,,,2010,12
404,Alsip Paper Condominium Assn,10406,Alsip Paper Condominium Association,GEN1,IL,,Natural Gas Fired Combustion Turbine,NG,GT,8.3,6.9,,,2008,6
3692,Clark University,10408,Clark University,GEN1,MA,ISNE,Natural Gas Internal Combustion Engine,NG,IC,2.0,2.0,,,2012,5
65153,BBCP Kauai Operating LLC,10412,Kalaheo Hydro,KAL,HI,,Conventional Hydroelectric,WAT,HY,1.1,1.1,,,2016,9
56488,Ascend Performance Materials,10418,Ascend Performance Materials Texas Inc.,GEN2,TX,ERCO,Other Gases,OG,ST,1.2,1.2,,,2005,6
56488,Ascend Performance Materials,10418,Ascend Performance Materials Texas Inc.,GEN3,TX,ERCO,Other Gases,OG,ST,2.0,2.0,,,2005,6
22091,New-Indy Ontario LLC,10427,New-Indy Ontario Mill,GEN1,CA,CISO,Natural Gas Fired Combustion Turbine,NG,GT,34.0,34.0,,,2019,11
57190,River Bounty Inc,10433,Oakland Dam Hydroelectric,1,PA,PJM,Conventional Hydroelectric,WAT,HY,0.5,0.5,,,2011,10
57190,River Bounty Inc,10433,Oakland Dam Hydroelectric,2,PA,PJM,Conventional Hydroelectric,WAT,HY,0.5,0.5,,,2011,10
57190,River Bounty Inc,10433,Oakland Dam Hydroelectric,3,PA,PJM,Conventional Hydroelectric,WAT,HY,0.5,0.5,,,2011,10
6091,Exxon Mobil Refining and Supply Co.,10436,ExxonMobil Baytown Refinery,GT35,TX,ERCO,Natural Gas Fired Combustion Turbine,NG,GT,14.5,12.3,,,2005,5
6091,Exxon Mobil Refining and Supply Co.,10436,ExxonMobil Baytown Refinery,GT36,TX,ERCO,Natural Gas Fired Combustion Turbine,NG,GT,15.2,12.9,,,2005,5
6091,Exxon Mobil Refining and Supply Co.,10436,ExxonMobil Baytown Refinery,GT37,TX,ERCO,Natural Gas Fired Combustion Turbine,NG,GT,17.2,14.6,,,2005,5
6091,Exxon Mobil Refining and Supply Co.,10436,ExxonMobil Baytown Refinery,ST33,TX,ERCO,Natural Gas Steam Turbine,NG,ST,7.5,7.0,,,2003,6
60246,"Sunray Energy 2, LLC",10437,Sunray 2,GEN1,CA,CISO,Solar Thermal without Energy Storage,SUN,ST,13.8,13.8,,,2015,12
60247,Sunray Energy 3 LLC,10438,Sunray 3,GEN1,CA,CISO,Solar Thermal without Energy Storage,SUN,ST,30.0,30.0,,,2015,12
55711,FPL Energy Operating Services Inc - SEGS,10439,SEGS III,GEN1,CA,CISO,Solar Thermal without Energy Storage,SUN,ST,34.2,36.0,,,2021,7
55711,FPL Energy Operating Services Inc - SEGS,10440,SEGS IV,GEN1,CA,CISO,Solar Thermal without Energy Storage,SUN,ST,34.2,36.0,,,2021,7
55711,FPL Energy Operating Services Inc - SEGS,10441,SEGS V,GEN1,CA,CISO,Solar Thermal without Energy Storage,SUN,ST,34.2,36.0,,,2021,7
55711,FPL Energy Operating Services Inc - SEGS,10442,SEGS VI,GEN1,CA,CISO,Solar Thermal without Energy Storage,SUN,ST,35.0,36.0,,,2021,7
55711,FPL Energy Operating Services Inc - SEGS,10443,SEGS VII,GEN1,CA,CISO,Solar Thermal without Energy Storage,SUN,ST,35.0,36.0,,,2021,7
61950,Terra-Gen Operating Co-Solar,10444,"Lockhart Solar PV, LLC",GEN1,CA,CISO,Solar Thermal without Energy Storage,SUN,ST,92.0,80.0,,,2021,10
61950,Terra-Gen Operating Co-Solar,10446,SEGS IX,GEN1,CA,CISO,Natural Gas Steam Turbine,NG,ST,92.0,88.0,,,2024,10
13535,Newark Atlantic Paperboard Co,10454,Newark Atlantic Paperboard,1,MA,,Natural Gas Steam Turbine,NG,ST,3.0,3.0,,,2002,9
1746,Black River Generation LLC,10464,ReEnergy Black River,GEN1,NY,NYIS,Wood/Wood Waste Biomass,WDS,ST,55.5,55.0,,,2023,4
66104,Billerud Wisconsin LLC,10466,Wisconsin Rapids Paper Mill,GEN1,WI,MISO,All Other,PUR,ST,7.5,7.5,,,2004,6
66104,Billerud Wisconsin LLC,10466,Wisconsin Rapids Paper Mill,GEN2,WI,MISO,All Other,PUR,ST,8.3,8.6,,,2020,6
7160,Geysers Power Co LLC,10469,Bear Canyon Power Plant,BVC1,CA,CISO,Geothermal,GEO,ST,12.2,0.0,,,2015,8
7160,Geysers Power Co LLC,10469,Bear Canyon Power Plant,BVC2,CA,CISO,Geothermal,GEO,ST,12.2,0.0,,,2015,8
11217,Los Angeles County Sanitation,10471,Spadra Landfill Gas to Energy,GEN1,CA,CISO,Landfill Gas,LFG,ST,10.6,5.0,,,2015,9
11217,Los Angeles County Sanitation,10472,Puente Hills Energy Recovery,GEN2,CA,CISO,Landfill Gas,LFG,GT,2.8,1.1,,,2013,1
11217,Los Angeles County Sanitation,10472,Puente Hills Energy Recovery,GEN3,CA,CISO,Landfill Gas,LFG,IC,3.3,2.7,,,2016,12
11217,Los Angeles County Sanitation,10472,Puente Hills Energy Recovery,GEN4,CA,CISO,Landfill Gas,LFG,IC,3.3,2.7,,,2016,12
11217,Los Angeles County Sanitation,10472,Puente Hills Energy Recovery,GEN5,CA,CISO,Landfill Gas,LFG,IC,3.3,2.7,,,2016,12
11217,Los Angeles County Sanitation,10473,Palos Verdes Gas to Energy,GEN1,CA,CISO,Landfill Gas,LFG,ST,13.0,2.5,,,2011,10
55965,Verso Corporation,10476,Whiting Mill,GEN4,WI,MISO,Conventional Steam Coal,SUB,ST,4.1,4.1,,,2014,10
66482,"PCR Rapids 1 Op, LLC",10477,Wisconsin Rapids Pulp Mill,GEN1,WI,MISO,Wood/Wood Waste Biomass,BLQ,ST,32.0,27.2,,,2024,10
66482,"PCR Rapids 1 Op, LLC",10477,Wisconsin Rapids Pulp Mill,GEN2,WI,MISO,Wood/Wood Waste Biomass,BLQ,ST,40.3,37.5,,,2024,10
11216,Los Angeles County,10478,Pitchess Cogen Station,GEN1,CA,CISO,Natural Gas Fired Combined Cycle,NG,CT,20.9,21.5,,,2018,11
11216,Los Angeles County,10478,Pitchess Cogen Station,GEN2,CA,CISO,Natural Gas Fired Combined Cycle,NG,CA,7.4,5.7,,,2018,11
34691,Ormat Nevada Inc,10481,Mammoth G2,T101,CA,CISO,Geothermal,GEO,BT,5.0,3.8,,,2013,4
34691,Ormat Nevada Inc,10481,Mammoth G2,T102,CA,CISO,Geothermal,GEO,BT,5.0,4.6,,,2013,4
34691,Ormat Nevada Inc,10481,Mammoth G2,T103,CA,CISO,Geothermal,GEO,BT,5.0,4.2,,,2013,4
55877,"RG Steel, LLC",10485,"RG Steel Sparrows Point, LLC",GEN1,MD,,Other Gases,BFG,ST,30.0,152.3,,,2012,6
55877,"RG Steel, LLC",10485,"RG Steel Sparrows Point, LLC",GEN2,MD,,Other Gases,BFG,ST,30.0,,,,2012,6
55877,"RG Steel, LLC",10485,"RG Steel Sparrows Point, LLC",GEN3,MD,,Other Gases,BFG,ST,30.0,,,,2012,6
55877,"RG Steel, LLC",10485,"RG Steel Sparrows Point, LLC",GEN4,MD,,Other Gases,BFG,ST,30.0,,,,2012,6
1991,Boise White Paper LLC,10486,Boise Cascade International Falls,GEN1,MN,MISO,Wood/Wood Waste Biomass,BLQ,ST,4.0,4.0,,,2015,10
1991,Boise White Paper LLC,10486,Boise Cascade International Falls,GEN2,MN,MISO,Wood/Wood Waste Biomass,BLQ,ST,4.0,4.0,,,2015,10
1991,Boise White Paper LLC,10486,Boise Cascade International Falls,GEN3,MN,MISO,Wood/Wood Waste Biomass,BLQ,ST,7.5,7.5,,,2015,10
1991,Boise White Paper LLC,10486,Boise Cascade International Falls,GEN4,MN,MISO,Wood/Wood Waste Biomass,BLQ,ST,7.5,7.5,,,2015,10
1991,Boise White Paper LLC,10486,Boise Cascade International Falls,GEN5,MN,MISO,Wood/Wood Waste Biomass,BLQ,ST,6.2,6.2,,,2018,12
61813,"ND Paper, Inc.",10491,Mead Rumford Cogen,3STG,ME,ISNE,Natural Gas Steam Turbine,NG,ST,12.5,12.5,,,2022,1
10384,Klein Tools Inc,10498,Klein Tools Chicago,17,IL,,Petroleum Liquids,DFO,IC,1.5,1.5,,,2012,12
10384,Klein Tools Inc,10499,Klein Tools Moran,696,KS,,Petroleum Liquids,DFO,IC,1.5,1.5,,,2003,12
10384,Klein Tools Inc,10499,Klein Tools Moran,697,KS,,Petroleum Liquids,DFO,IC,1.5,1.5,,,2003,12
55850,Thermal Energy Development Part LP,10502,Thermal Energy Development Part LP,GEN1,CA,CISO,Wood/Wood Waste Biomass,WDS,ST,23.0,18.5,,,2018,8
14795,Perdue Agribusiness,10515,Oilseed Plant,GEN1,VA,PJM,Conventional Steam Coal,BIT,ST,1.7,1.6,,,2014,12
54726,Pepperell Realty LLC,10522,Indeck Pepperell Power Facility,GEN1,MA,,Natural Gas Fired Combustion Turbine,NG,GT,28.4,20.9,,,2006,12
21607,Cogent Little Falls GP,10529,Cogent Little Falls GP,GEN1,NY,,Natural Gas Fired Combined Cycle,NG,CT,4.0,3.8,,,2003,12
21607,Cogent Little Falls GP,10529,Cogent Little Falls GP,GEN2,NY,,Natural Gas Fired Combined Cycle,NG,CA,0.5,0.3,,,2003,12
55858,"Energy Developments, Inc d/b/a EDL",10532,Grand River,2-2,MI,MISO,Landfill Gas,LFG,IC,0.8,0.8,,,2006,3
463,Ameresco LFG I Inc,10549,Al Turi,2,NY,NYIS,Landfill Gas,LFG,IC,0.8,0.8,,,2022,1
463,Ameresco LFG I Inc,10549,Al Turi,3,NY,NYIS,Landfill Gas,LFG,IC,0.8,0.8,,,2022,1
463,Ameresco LFG I Inc,10549,Al Turi,3010,NY,NYIS,Landfill Gas,LFG,IC,0.8,0.8,,,2022,1
17207,Simkins Industries Inc,10552,Lowe Paper Simkins Industries,GEN1,NJ,,Petroleum Liquids,RFO,ST,3.0,2.8,,,2006,5
4385,Anderson Power Products,10553,Anderson Power Products Division,3622,MA,ISNE,Petroleum Liquids,DFO,IC,0.1,0.1,,,2021,5
4385,Anderson Power Products,10553,Anderson Power Products Division,6033,MA,ISNE,Petroleum Liquids,DFO,IC,0.3,0.3,,,2021,5
4385,Anderson Power Products,10553,Anderson Power Products Division,6035,MA,ISNE,Petroleum Liquids,DFO,IC,0.3,0.3,,,2021,5
4385,Anderson Power Products,10553,Anderson Power Products Division,6046,MA,ISNE,Petroleum Liquids,DFO,IC,0.3,0.3,,,2021,5
10837,Lebanon Methane Recovery Inc,10557,Lebanon Methane Recovery,GEN1,PA,,Landfill Gas,LFG,IC,0.6,0.6,,,2007,7
10837,Lebanon Methane Recovery Inc,10557,Lebanon Methane Recovery,GEN2,PA,,Landfill Gas,LFG,IC,0.6,0.6,,,2007,7
15726,Rayonier Advanced Materials,10560,Jesup Plant,GEN3,GA,SOCO,Wood/Wood Waste Biomass,BLQ,ST,7.5,7.0,,,2017,3
15726,Rayonier Advanced Materials,10562,Fernandina Plant,GEN2,FL,JEA,Petroleum Liquids,RFO,ST,5.0,5.0,,,2005,12
15726,Rayonier Advanced Materials,10562,Fernandina Plant,GEN3,FL,JEA,Wood/Wood Waste Biomass,WDS,ST,7.5,6.5,,,2012,7
14932,US Operating Services Company,10566,Chambers Cogeneration LP,GEN1,NJ,PJM,Conventional Steam Coal,BIT,ST,285.0,244.0,,,2022,6
379,Alon USA LP,10569,Big Spring Texas Refinery,GENA,TX,ERCO,All Other,PUR,ST,1.5,1.0,,,2008,2
402,Altamont Power LLC,10581,Altamont Power LLC,EXIS,CA,,Onshore Wind Turbine,WND,WT,28.7,28.7,,,2004,12
135,Agrilectric Power Partners Ltd,10593,Agrilectric Power Partners Ltd,GEN2,LA,MISO,Other Waste Biomass,AB,ST,1.5,1.3,,,2007,3
2029,Borden Chemicals & Plastics,10596,Borden Chemicals Plastics Cogen,GEN1,LA,,Natural Gas Fired Combustion Turbine,NG,GT,26.0,20.1,,,2005,12
2029,Borden Chemicals & Plastics,10596,Borden Chemicals Plastics Cogen,GEN2,LA,,Natural Gas Fired Combustion Turbine,NG,GT,38.8,29.9,,,2005,12
2029,Borden Chemicals & Plastics,10596,Borden Chemicals Plastics Cogen,GEN3,LA,,Natural Gas Fired Combustion Turbine,NG,GT,38.8,29.7,,,2005,12
60176,MVUT 27 Owner LLC,10600,MVUT,GEN1,CA,CISO,Natural Gas Fired Combustion Turbine,NG,GT,3.1,3.1,,,2016,8
2674,Tesoro Refining & Marketing Company LLC,10601,Tesoro Wilmington Calciner,GEN1,CA,CISO,All Other,WH,ST,34.0,30.7,,,2022,6
55715,Vintage Production California LLC,10602,Centaur Generator Facility,H,CA,,Natural Gas Fired Combustion Turbine,NG,GT,3.5,3.4,,,2008,8
61262,"Alexander & Baldwin, Inc.",10604,Hawaiian Comm & Sugar Puunene Mill,PAI2,HI,,Other Waste Biomass,AB,ST,4.0,4.0,,,2002,9
61262,"Alexander & Baldwin, Inc.",10604,Hawaiian Comm & Sugar Puunene Mill,PAI3,HI,,Other Waste Biomass,AB,ST,12.0,12.0,,,2002,9
61262,"Alexander & Baldwin, Inc.",10604,Hawaiian Comm & Sugar Puunene Mill,PUU3,HI,,Other Waste Biomass,AB,ST,10.0,10.0,,,2016,12
61262,"Alexander & Baldwin, Inc.",10604,Hawaiian Comm & Sugar Puunene Mill,PUU4,HI,,Other Waste Biomass,AB,ST,20.0,20.0,,,2016,12
61262,"Alexander & Baldwin, Inc.",10604,Hawaiian Comm & Sugar Puunene Mill,PUU5,HI,,Other Waste Biomass,AB,ST,16.1,16.1,,,2016,12
4580,Georgia-Pacific Crossett LLC,10606,Georgia-Pacific Crossett LLC,GEN5,AR,MISO,Wood/Wood Waste Biomass,BLQ,ST,30.6,30.6,,,2019,10
4580,Georgia-Pacific Crossett LLC,10606,Georgia-Pacific Crossett LLC,GEN6,AR,MISO,Wood/Wood Waste Biomass,BLQ,ST,36.0,36.0,,,2019,10
7188,Georgia-Pacific West Inc,10607,Georgia Pacific Fort Bragg,GEN1,CA,,Wood/Wood Waste Biomass,WDS,ST,5.0,5.0,,,2002,1
7188,Georgia-Pacific West Inc,10607,Georgia Pacific Fort Bragg,GEN2,CA,,Wood/Wood Waste Biomass,WDS,ST,5.0,5.0,,,2002,1
7188,Georgia-Pacific West Inc,10607,Georgia Pacific Fort Bragg,GEN3,CA,,Wood/Wood Waste Biomass,WDS,ST,5.0,5.0,,,2002,1
56467,Ampersand Gilman Hydro LP,10608,Gilman Mill,GEN5,VT,ISNE,Wood/Wood Waste Biomass,WDS,ST,4.0,3.7,,,2014,1
50128,Georgia-Pacific Consr Ops LLC-Palatka,10611,Georgia-Pacific Palatka Operations,GEN2,FL,FPL,Natural Gas Steam Turbine,NG,ST,9.7,7.0,,,2016,6
50128,Georgia-Pacific Consr Ops LLC-Palatka,10611,Georgia-Pacific Palatka Operations,GEN3,FL,FPL,Wood/Wood Waste Biomass,BLQ,ST,14.0,4.7,,,2007,1
50129,Georgia-Pacific Cons Op LLC Port Hudson,10612,Georgia-Pacific Port Hudson,GEN1,LA,MISO,Wood/Wood Waste Biomass,BLQ,ST,67.7,67.7,,,2019,3
50129,Georgia-Pacific Cons Op LLC Port Hudson,10612,Georgia-Pacific Port Hudson,GEN2,LA,MISO,Natural Gas Steam Turbine,NG,ST,60.0,60.0,,,2021,10
4664,Curtis Specialty Papers,10616,Milford Power LP,GEN1,NJ,,Natural Gas Fired Combined Cycle,NG,CT,28.0,26.0,,,2006,3
4664,Curtis Specialty Papers,10616,Milford Power LP,GEN2,NJ,,Natural Gas Fired Combined Cycle,NG,CA,5.0,5.0,,,2006,3
4664,Curtis Specialty Papers,10616,Milford Power LP,GEN3,NJ,,Natural Gas Fired Combined Cycle,NG,CA,3.5,3.5,,,2006,3
17607,South Glens Falls Energy LLC,10618,South Glens Falls Energy LLC,GEN1,NY,,Natural Gas Fired Combined Cycle,NG,CT,37.7,40.4,,,2006,1
17607,South Glens Falls Energy LLC,10618,South Glens Falls Energy LLC,GEN2,NY,,Natural Gas Fired Combined Cycle,NG,CA,22.0,22.6,,,2006,1
11216,Los Angeles County,10623,Civic Center,GEN1,CA,LDWP,Natural Gas Fired Combined Cycle,NG,CT,22.1,22.1,,,2020,3
11216,Los Angeles County,10623,Civic Center,GEN2,CA,LDWP,Natural Gas Fired Combined Cycle,NG,CA,12.4,1.5,,,2020,3
10001,Kannapolis Energy Partners LLC,10626,Kannapolis Energy Partners,GEN2,NC,,Conventional Steam Coal,BIT,ST,7.5,7.5,,,2003,7
10001,Kannapolis Energy Partners LLC,10626,Kannapolis Energy Partners,GEN3,NC,,Conventional Steam Coal,BIT,ST,15.0,9.0,,,2003,7
9358,International Paper Co,10628,International Paper Erie Mill,GEN4,PA,,Conventional Steam Coal,BIT,ST,4.0,3.8,,,2002,5
9358,International Paper Co,10628,International Paper Erie Mill,GEN6,PA,,Conventional Steam Coal,BIT,ST,7.5,7.0,,,2002,5
9358,International Paper Co,10628,International Paper Erie Mill,GEN7,PA,,Conventional Steam Coal,BIT,ST,19.0,17.8,,,2002,5
9358,International Paper Co,10628,International Paper Erie Mill,GEN8,PA,,Conventional Steam Coal,BIT,ST,14.0,13.1,,,2002,5
60662,WCAC Operating Company,10635,"Corona Energy Partners, Ltd",GEN1,CA,CISO,Natural Gas Fired Combustion Turbine,NG,GT,47.0,40.0,,,2017,12
56304,Air Products LLC,10638,Pasadena,GEN1,TX,ERCO,Natural Gas Fired Combustion Turbine,NG,GT,6.5,2.6,,,2012,12
991,Air Products & Chemicals Inc,10639,New Orleans,GEN1,LA,MISO,Natural Gas Fired Combustion Turbine,NG,GT,23.4,19.0,,,2005,9
991,Air Products & Chemicals Inc,10639,New Orleans,GEN2,LA,MISO,Natural Gas Steam Turbine,NG,ST,7.8,4.0,,,2010,6
353,Air Products Energy Enterprises LP,10640,Stockton Cogen,GEN1,CA,CISO,Conventional Steam Coal,BIT,ST,60.0,53.7,,,2012,3
2884,Cambria CoGen Co,10641,Cambria Cogen,GEN1,PA,PJM,Conventional Steam Coal,WC,ST,98.0,88.0,,,2019,9
56888,Brea Generation LLC,10648,Olinda Landfill Gas Recovery Plant,GEN1,CA,CISO,Landfill Gas,LFG,IC,1.8,1.7,,,2019,9
56888,Brea Generation LLC,10648,Olinda Landfill Gas Recovery Plant,GEN2,CA,CISO,Landfill Gas,LFG,IC,1.8,1.7,,,2019,9
56888,Brea Generation LLC,10648,Olinda Landfill Gas Recovery Plant,GEN3,CA,CISO,Landfill Gas,LFG,IC,1.8,1.7,,,2019,9
9413,Iowa Methodist Medical Center,10655,Iowa Methodist Medical Center,1,IA,MISO,Petroleum Liquids,DFO,IC,1.5,1.5,,,2015,5
9413,Iowa Methodist Medical Center,10655,Iowa Methodist Medical Center,2,IA,MISO,Petroleum Liquids,DFO,IC,1.5,1.5,,,2015,5
9413,Iowa Methodist Medical Center,10655,Iowa Methodist Medical Center,3,IA,MISO,Petroleum Liquids,DFO,IC,0.5,0.5,,,2015,5
3953,Collins Pine Co,10661,Collins Pine Project,GEN4,CA,CISO,Wood/Wood Waste Biomass,WDS,ST,12.0,5.0,,,2020,12
156,AES Deepwater Inc,10670,AES Deepwater,GEN1,TX,ERCO,Petroleum Coke,PC,ST,165.2,138.0,,,2013,9
156,AES Deepwater Inc,10670,AES Deepwater,REDST,TX,ERCO,Batteries,MWH,BA,1.0,1.0,,,2013,9
56730,Cedar Bay Operating Services LLC,10672,Cedar Bay Generating Company LP,GEN1,FL,JEA,Conventional Steam Coal,BIT,ST,291.6,250.0,,,2016,12
177,AES Hawaii LLC,10673,AES Hawaii,GEN1,HI,,Conventional Steam Coal,SUB,ST,203.0,180.0,,,2022,9
42,AES Thames LLC,10675,AES Thames,GEN1,CT,,Conventional Steam Coal,BIT,ST,213.9,181.0,,,2012,12
142,AES Beaver Valley,10676,AES Beaver Valley Partners Beaver Valley,GEN2,PA,PJM,Conventional Steam Coal,BIT,ST,35.0,32.0,,,2015,5
142,AES Beaver Valley,10676,AES Beaver Valley Partners Beaver Valley,GEN3,PA,PJM,Conventional Steam Coal,BIT,ST,114.0,114.0,,,2015,5
178,CES Placerita Inc,10677,CES Placerita Power Plant,UNT1,CA,CISO,Natural Gas Fired Combined Cycle,NG,CT,60.0,46.0,,,2008,1
35,AES WR Ltd Partnership,10678,AES Warrior Run Cogeneration Facility,GEN1,MD,PJM,Conventional Steam Coal,BIT,ST,229.0,180.0,,,2024,6
66084,Brush Power LLC,10682,Brush Generation Facility,GT2,CO,PSCO,Natural Gas Fired Combustion Turbine,NG,GT,23.8,25.0,,,2024,1
7475,Graphic Packaging Corp,10698,Graphic Packaging,GEN1,MI,MISO,Natural Gas Steam Turbine,NG,ST,10.0,5.0,,,2019,10
7475,Graphic Packaging Corp,10698,Graphic Packaging,GEN2,MI,MISO,Natural Gas Steam Turbine,NG,ST,1.8,1.5,,,2019,8
7136,Georgia-Pacific Consr Prods LP-Naheola,10699,Georgia-Pacific Consr Prods LP-Naheola,GEN1,AL,SOCO,Wood/Wood Waste Biomass,BLQ,ST,15.6,12.4,,,2019,4
7136,Georgia-Pacific Consr Prods LP-Naheola,10699,Georgia-Pacific Consr Prods LP-Naheola,GEN2,AL,SOCO,Wood/Wood Waste Biomass,BLQ,ST,15.6,12.4,,,2019,6
61813,"ND Paper, Inc.",10700,Red Shield Envir Old Town Facility,TG1,ME,ISNE,Petroleum Liquids,RFO,ST,3.5,3.3,,,2002,12
61813,"ND Paper, Inc.",10700,Red Shield Envir Old Town Facility,TG2,ME,ISNE,Petroleum Liquids,RFO,ST,3.0,3.0,,,2013,12
61813,"ND Paper, Inc.",10700,Red Shield Envir Old Town Facility,TG5,ME,ISNE,Natural Gas Fired Combustion Turbine,NG,GT,9.5,8.8,,,2013,12
20242,Wausau Papers of New Hampshire,10701,Wausau Papers of New Hampshire,1,NH,,Natural Gas Steam Turbine,NG,ST,6.5,6.5,,,2007,12
20242,Wausau Papers of New Hampshire,10701,Wausau Papers of New Hampshire,GT1,NH,,Natural Gas Fired Combustion Turbine,NG,GT,7.2,6.9,,,2008,4
9570,Jackson County Res Recovery,10722,Jackson County Resource Recovery,1,MI,MISO,Municipal Solid Waste,MSW,ST,3.7,3.0,,,2013,9
3103,Cargill Inc,10729,Cargill Corn Wet Milling Plant,GEN1,TN,TVA,Conventional Steam Coal,BIT,ST,25.0,10.3,,,2015,2
3103,Cargill Inc,10729,Cargill Corn Wet Milling Plant,GEN2,TN,TVA,Natural Gas Fired Combustion Turbine,NG,GT,4.8,4.3,,,2010,4
10456,Koppers Inc - Susquehanna,10731,Koppers Susquehanna Plant,GEN1,PA,PJM,Wood/Wood Waste Biomass,WDS,ST,12.5,12.0,,,2013,9
10432,Koppers Inc,10732,Koppers Chicago Plant,GEN1,IL,PJM,All Other,WH,ST,7.5,5.0,,,2002,9
20323,"Wellhead Services, Inc",10733,Santa Maria Cogen Plant,GEN1,CA,CISO,Natural Gas Fired Combustion Turbine,NG,GT,9.0,7.0,,,2014,8
9681,Jeanerette Sugar Co Inc,10736,Jeanerette Sugar,1,LA,,Other Waste Biomass,AB,ST,2.0,1.9,,,2005,5
13842,Northwind Energy Inc,10738,Northwind Energy,GEN1,CA,,Onshore Wind Turbine,WND,WT,13.0,12.1,,,2012,12
8696,Hoge Lumber Co,10739,Hoge Lumber,AC3M,OH,PJM,Wood/Wood Waste Biomass,WDS,ST,3.0,1.2,,,2018,12
8696,Hoge Lumber Co,10739,Hoge Lumber,W750,OH,PJM,Wood/Wood Waste Biomass,WDS,ST,0.7,0.3,,,2018,12
3775,Clear Lake Cogeneration LP,10741,Clear Lake Cogeneration Ltd,G102,TX,ERCO,Natural Gas Fired Combined Cycle,NG,CT,129.0,100.0,,,2017,2
3775,Clear Lake Cogeneration LP,10741,Clear Lake Cogeneration Ltd,G103,TX,ERCO,Natural Gas Fired Combined Cycle,NG,CT,129.0,100.0,,,2017,2
3775,Clear Lake Cogeneration LP,10741,Clear Lake Cogeneration Ltd,G104,TX,ERCO,Natural Gas Fired Combined Cycle,NG,CT,129.0,100.0,,,2017,2
3775,Clear Lake Cogeneration LP,10741,Clear Lake Cogeneration Ltd,S101,TX,ERCO,Natural Gas Fired Combined Cycle,NG,CA,51.9,50.3,,,2017,2
3775,Clear Lake Cogeneration LP,10741,Clear Lake Cogeneration Ltd,S102,TX,ERCO,Natural Gas Fired Combined Cycle,NG,CA,14.3,12.1,,,2017,2
12869,Monterey Regional Waste Mgmt,10748,Marina Landfill Gas,G4,CA,CISO,Landfill Gas,LFG,IC,0.9,0.9,,,2008,10
12869,Monterey Regional Waste Mgmt,10748,Marina Landfill Gas,LL1,CA,CISO,Landfill Gas,LFG,IC,0.8,0.7,,,2006,8
12869,Monterey Regional Waste Mgmt,10748,Marina Landfill Gas,U2J02,CA,CISO,Landfill Gas,LFG,IC,1.0,1.0,,,2018,7
12869,Monterey Regional Waste Mgmt,10748,Marina Landfill Gas,U3J16,CA,CISO,Landfill Gas,LFG,IC,0.9,0.9,,,2017,8
12869,Monterey Regional Waste Mgmt,10748,Marina Landfill Gas,U3J98,CA,CISO,Landfill Gas,LFG,IC,1.0,1.0,,,2016,8
12869,Monterey Regional Waste Mgmt,10748,Marina Landfill Gas,U4J08,CA,CISO,Landfill Gas,LFG,IC,1.4,1.4,,,2016,7
30151,"Tri-State G & T Assn, Inc",10755,Rifle Generating Station,GT2,CO,PSCO,Natural Gas Fired Combined Cycle,NG,CT,15.0,13.0,,,2022,9
30151,"Tri-State G & T Assn, Inc",10755,Rifle Generating Station,GT3,CO,PSCO,Natural Gas Fired Combined Cycle,NG,CT,15.0,13.0,,,2022,9
30151,"Tri-State G & T Assn, Inc",10755,Rifle Generating Station,GT4,CO,PSCO,Natural Gas Fired Combined Cycle,NG,CT,15.0,13.0,,,2022,9
30151,"Tri-State G & T Assn, Inc",10755,Rifle Generating Station,ST1,CO,PSCO,Natural Gas Fired Combined Cycle,NG,CA,39.0,34.0,,,2022,9
56120,Blue Lake Power LLC,10764,Blue Lake Power LLC,GEN1,CA,CISO,Wood/Wood Waste Biomass,WDS,ST,13.8,11.5,,,2015,5
15986,Rio Bravo Fresno,10767,Rio Bravo Fresno,GEN1,CA,CISO,Wood/Wood Waste Biomass,WDS,ST,28.0,24.3,,,2024,10
16061,Rio Bravo Jasmin,10768,Rio Bravo Jasmin,UP9,CA,CISO,Conventional Steam Coal,BIT,ST,38.2,33.0,,,2014,10
16002,Rio Bravo Poso,10769,Rio Bravo Poso,UP8,CA,CISO,Conventional Steam Coal,BIT,ST,38.2,33.0,,,2014,11
7091,Geneva Steel,10778,Geneva Steel,GEN1,UT,,Conventional Steam Coal,BIT,ST,50.0,50.0,,,2002,2
5543,E I DuPont De Nemours & Co,10788,Belle West Virginia Plant,GEN1,WV,,Natural Gas Steam Turbine,NG,ST,13.5,2.0,,,2005,9
57160,The Dow Chemical Company,10789,Sabine River Operations,GEN3,TX,MISO,Natural Gas Fired Combined Cycle,NG,CA,6.2,5.0,,,2014,12
57160,The Dow Chemical Company,10789,Sabine River Operations,GEN4,TX,MISO,Natural Gas Fired Combined Cycle,NG,CA,6.2,5.0,,,2008,9
5543,E I DuPont De Nemours & Co,10792,Unifi Kinston LLC,GEN1,NC,CPLE,Conventional Steam Coal,BIT,ST,7.5,8.0,,,2008,7
5543,E I DuPont De Nemours & Co,10792,Unifi Kinston LLC,GEN2,NC,CPLE,Conventional Steam Coal,BIT,ST,7.5,8.0,,,2008,7
50006,Invista,10793,Seaford Delaware Plant,GEN1,DE,PJM,Natural Gas Steam Turbine,NG,ST,10.0,9.0,,,2009,5
50006,Invista,10793,Seaford Delaware Plant,GEN2,DE,PJM,Conventional Steam Coal,BIT,ST,10.0,9.0,,,2009,5
50006,Invista,10793,Seaford Delaware Plant,GEN3,DE,PJM,Natural Gas Steam Turbine,NG,ST,10.0,9.0,,,2010,1
50006,Invista,10795,Camden South Carolina,GEN1,SC,CPLE,Natural Gas Steam Turbine,NG,ST,5.5,5.5,,,2019,11
50006,Invista,10795,Camden South Carolina,GEN2,SC,CPLE,Natural Gas Steam Turbine,NG,ST,5.5,5.5,,,2019,11
64216,The LYCRA Company - Waynesboro VA Plant,10796,Waynesboro Virginia Plant,GEN1,VA,PJM,Conventional Steam Coal,BIT,ST,3.0,3.0,,,2010,12
64216,The LYCRA Company - Waynesboro VA Plant,10796,Waynesboro Virginia Plant,GEN2,VA,PJM,Conventional Steam Coal,BIT,ST,3.0,3.0,,,2010,12
64216,The LYCRA Company - Waynesboro VA Plant,10796,Waynesboro Virginia Plant,GEN3,VA,PJM,Conventional Steam Coal,BIT,ST,3.0,3.0,,,2008,1
64216,The LYCRA Company - Waynesboro VA Plant,10796,Waynesboro Virginia Plant,GEN4,VA,PJM,Conventional Steam Coal,BIT,ST,3.4,3.0,,,2010,12
5543,E I DuPont De Nemours & Co,10797,Old Hickory Plant,G10,TN,TVA,Natural Gas Steam Turbine,NG,ST,3.0,2.8,,,2002,1
5543,E I DuPont De Nemours & Co,10797,Old Hickory Plant,IG,TN,TVA,Natural Gas Steam Turbine,NG,ST,1.0,1.0,,,2010,10
11267,Lowell Cogeneration Co LP,10802,Lowell Cogeneration Company LP,GEN1,MA,ISNE,Natural Gas Fired Combined Cycle,NG,CT,25.0,20.0,,,2013,9
11267,Lowell Cogeneration Co LP,10802,Lowell Cogeneration Company LP,GEN2,MA,ISNE,Natural Gas Fired Combined Cycle,NG,CA,8.5,8.5,,,2013,9
40052,AG Energy LP,10803,Ogdensburg Power,GEN1,NY,NYIS,Natural Gas Fired Combined Cycle,NG,CT,48.8,36.0,,,2007,6
40052,AG Energy LP,10803,Ogdensburg Power,GEN2,NY,NYIS,Natural Gas Fired Combined Cycle,NG,CT,23.6,19.6,,,2007,6
745,Applied Energy Inc,10810,NTC/MCRD Energy Facility,GEN1,CA,CISO,Natural Gas Fired Combined Cycle,NG,CT,23.0,21.6,,,2018,10
745,Applied Energy Inc,10810,NTC/MCRD Energy Facility,GEN2,CA,CISO,Natural Gas Fired Combined Cycle,NG,CA,2.6,2.2,,,2018,10
745,Applied Energy Inc,10811,Naval Station Energy Facility,GEN1,CA,CISO,Natural Gas Fired Combined Cycle,NG,CT,38.4,36.7,,,2018,10
745,Applied Energy Inc,10811,Naval Station Energy Facility,GEN2,CA,CISO,Natural Gas Fired Combined Cycle,NG,CA,11.6,9.8,,,2018,10
745,Applied Energy Inc,10811,Naval Station Energy Facility,GEN3,CA,CISO,Natural Gas Fired Combined Cycle,NG,CA,5.2,4.8,,,2018,10
745,Applied Energy Inc,10812,North Island Energy Facility,GEN1,CA,CISO,Natural Gas Fired Combined Cycle,NG,CT,36.3,38.0,,,2018,10
745,Applied Energy Inc,10812,North Island Energy Facility,GEN2,CA,CISO,Natural Gas Fired Combined Cycle,NG,CA,4.0,3.5,,,2018,10
57170,"EDF Renewable Asset Holdings, Inc.",10815,Difwind Farms Ltd VII,GEN1,CA,CISO,Onshore Wind Turbine,WND,WT,24.0,21.0,,,2014,11
17578,South Orange Co Wastewtr Auth,10820,Aliso Water Management Agency,GEN1,CA,CISO,Other Waste Biomass,OBG,IC,0.4,0.4,,,2016,12
17578,South Orange Co Wastewtr Auth,10820,Aliso Water Management Agency,GEN2,CA,CISO,Other Waste Biomass,OBG,IC,0.4,0.4,,,2016,12
17578,South Orange Co Wastewtr Auth,10820,Aliso Water Management Agency,GEN3,CA,CISO,Other Waste Biomass,OBG,IC,0.4,0.4,,,2016,6
11427,Massachusetts Wtr Rauth-Deer I,10823,Deer Island Treatment Plant,6ENT,MA,ISNE,Other Waste Biomass,OBG,IC,6.0,6.0,,,2004,3
11427,Massachusetts Wtr Rauth-Deer I,10823,Deer Island Treatment Plant,7ENT,MA,ISNE,Other Waste Biomass,OBG,IC,6.0,6.0,,,2004,3
26977,Ridgewood Power Management LLC,10829,Coca Cola Bottling of New York,ENG1,NY,,Natural Gas Internal Combustion Engine,NG,IC,0.7,0.6,,,2006,11
26977,Ridgewood Power Management LLC,10829,Coca Cola Bottling of New York,ENG2,NY,,Natural Gas Internal Combustion Engine,NG,IC,0.7,0.6,,,2006,11
26977,Ridgewood Power Management LLC,10829,Coca Cola Bottling of New York,ENG3,NY,,Petroleum Liquids,DFO,IC,0.7,0.6,,,2006,11
5050,Energy Operation Group,10850,Mojave Cogen,GEN1,CA,CISO,Natural Gas Fired Combined Cycle,NG,CT,41.1,41.0,,,2014,1
5050,Energy Operation Group,10850,Mojave Cogen,GEN2,CA,CISO,Natural Gas Fired Combined Cycle,NG,CA,16.0,15.3,,,2014,1
6309,FiberMark,10851,FiberMark Warren Glen Mill,GEN1,NJ,,Natural Gas Steam Turbine,NG,ST,2.0,2.0,,,2006,4
6309,FiberMark,10851,FiberMark Warren Glen Mill,GEN2,NJ,,Conventional Hydroelectric,WAT,HY,0.3,0.1,,,2006,4
772,Archer Daniels Midland Co,10857,Archer Daniels Midland Fredonia,GEN1,KS,SWPP,Natural Gas Fired Combustion Turbine,NG,GT,2.7,2.5,,,2003,3
772,Archer Daniels Midland Co,10857,Archer Daniels Midland Fredonia,GEN2,KS,SWPP,Petroleum Liquids,DFO,IC,1.0,1.0,,,2003,3
772,Archer Daniels Midland Co,10857,Archer Daniels Midland Fredonia,GEN3,KS,SWPP,Petroleum Liquids,DFO,IC,0.4,0.4,,,2003,3
772,Archer Daniels Midland Co,10860,Archer Daniels Midland Clinton,GEN1,IA,MISO,Conventional Steam Coal,BIT,ST,7.5,7.5,,,2008,10
772,Archer Daniels Midland Co,10860,Archer Daniels Midland Clinton,GEN2,IA,MISO,Conventional Steam Coal,BIT,ST,3.5,3.5,,,2008,10
772,Archer Daniels Midland Co,10860,Archer Daniels Midland Clinton,GEN3,IA,MISO,Conventional Steam Coal,BIT,ST,9.4,9.4,,,2008,10
772,Archer Daniels Midland Co,10860,Archer Daniels Midland Clinton,GEN4,IA,MISO,Conventional Steam Coal,BIT,ST,4.0,4.0,,,2008,10
772,Archer Daniels Midland Co,10860,Archer Daniels Midland Clinton,GEN5,IA,MISO,Conventional Steam Coal,BIT,ST,7.0,7.0,,,2008,10
64580,BioUrja Renewables LLC,10866,Archer Daniels Midland Peoria,GEN1,IL,MISO,Conventional Steam Coal,BIT,ST,1.5,1.5,,,2013,8
64580,BioUrja Renewables LLC,10866,Archer Daniels Midland Peoria,GEN2,IL,MISO,Conventional Steam Coal,BIT,ST,1.5,1.5,,,2011,12
64580,BioUrja Renewables LLC,10866,Archer Daniels Midland Peoria,GEN3,IL,MISO,Conventional Steam Coal,BIT,ST,4.0,4.0,,,2011,12
64580,BioUrja Renewables LLC,10866,Archer Daniels Midland Peoria,GEN4,IL,MISO,Conventional Steam Coal,BIT,ST,4.0,4.0,,,2011,12
64580,BioUrja Renewables LLC,10866,Archer Daniels Midland Peoria,GEN5,IL,MISO,Conventional Steam Coal,BIT,ST,4.0,4.0,,,2012,12
64580,BioUrja Renewables LLC,10866,Archer Daniels Midland Peoria,GEN6,IL,MISO,Natural Gas Fired Combustion Turbine,NG,GT,18.0,15.0,,,2017,12
64580,BioUrja Renewables LLC,10866,Archer Daniels Midland Peoria,GEN8,IL,MISO,Natural Gas Fired Combustion Turbine,NG,GT,13.0,10.0,,,2011,12
12258,MATEP LLC,10883,Medical Area Total Energy Plant,DEG6,MA,ISNE,Petroleum Liquids,DFO,IC,6.8,6.0,,,2021,12
7042,Gaylord Container Corp,10886,Gaylord Container Antioch,GEN1,CA,,Natural Gas Fired Combined Cycle,NG,CT,44.2,44.0,,,2005,7
7042,Gaylord Container Corp,10886,Gaylord Container Antioch,ST1,CA,,Natural Gas Fired Combined Cycle,NG,CA,21.0,21.0,,,2005,7
61012,AES Distributed Energy,50001,Altamont Midway Ltd,WTGS,CA,CISO,Onshore Wind Turbine,WND,WT,10.9,10.9,,,2015,4
55779,WVA Manufacturing LLC,50012,Alloy Steam Station,GEN3,WV,PJM,Conventional Steam Coal,BIT,ST,40.0,38.0,,,2011,11
49735,HGST a Western Digital Company,50024,HGST San Jose Standby Generator,50MW,CA,CISO,Petroleum Liquids,DFO,GT,55.3,42.0,,,2017,12
16064,Graphic Packaging International,50028,Plant 31 Paper Mill,GEN2,LA,MISO,Natural Gas Steam Turbine,NG,ST,6.0,6.0,,,2011,1
16064,Graphic Packaging International,50028,Plant 31 Paper Mill,GEN3,LA,MISO,Natural Gas Steam Turbine,NG,ST,6.0,6.0,,,2011,1
16064,Graphic Packaging International,50028,Plant 31 Paper Mill,GEN4,LA,MISO,Natural Gas Steam Turbine,NG,ST,6.0,6.0,,,2011,1
13833,Northeastern Power Co,50039,Kline Township Cogen Facility,GEN1,PA,PJM,Conventional Steam Coal,WC,ST,59.0,51.0,,,2018,11
16544,Saint - Gobain Abrasives Inc,50041,Norton Powerhouse,GEN1,MA,ISNE,Natural Gas Steam Turbine,NG,ST,2.5,2.5,,,2022,8
16544,Saint - Gobain Abrasives Inc,50041,Norton Powerhouse,GEN2,MA,ISNE,Natural Gas Steam Turbine,NG,ST,3.1,3.1,,,2022,8
14013,Ohio State University,50044,McCracken Power Plant,NO.1,OH,,Natural Gas Steam Turbine,NG,ST,5.0,4.7,,,2005,9
14013,Ohio State University,50044,McCracken Power Plant,NO.2,OH,,Natural Gas Steam Turbine,NG,ST,3.1,2.9,,,2005,9
16504,Salk Institute,50057,Salk Institute,EG#1,CA,,Natural Gas Internal Combustion Engine,NG,IC,0.6,0.6,,,2004,7
16504,Salk Institute,50057,Salk Institute,EG#2,CA,,Natural Gas Internal Combustion Engine,NG,IC,0.6,0.6,,,2004,7
16625,San Diego State University,50061,San Diego State University,GEN1,CA,CISO,Natural Gas Fired Combined Cycle,NG,CT,2.5,2.9,,,2002,12
54680,San Joaquin LLC,50062,San Joaquin Cogen,GEN1,CA,CISO,Natural Gas Fired Combustion Turbine,NG,GT,46.0,48.0,,,2016,6
22142,University of California Santa Cruz,50064,University of California Santa Cruz,001,CA,CISO,Natural Gas Internal Combustion Engine,NG,IC,2.6,2.6,,,2013,7
22142,University of California Santa Cruz,50064,University of California Santa Cruz,002,CA,CISO,Natural Gas Internal Combustion Engine,NG,IC,0.2,0.2,,,2009,8
22256,Yountville Cogeneration Assoc,50065,Veterans Home of California,1,CA,,Natural Gas Internal Combustion Engine,NG,IC,1.5,1.3,,,2005,12
22256,Yountville Cogeneration Assoc,50065,Veterans Home of California,2,CA,,Natural Gas Internal Combustion Engine,NG,IC,1.5,1.3,,,2005,12
18587,Sierra Power Corp,50068,Sierra Power,WEST,CA,CISO,Wood/Wood Waste Biomass,WDS,ST,7.5,7.0,,,2014,7
60771,Marcus Hook 50 L.P,50074,Marcus Hook Refinery Cogen,GEN1,PA,PJM,Natural Gas Fired Combustion Turbine,NG,GT,50.5,48.0,,,2019,6
5677,Waste Energy Services Inc,50077,Waste Energy Services,CAT1,MI,MISO,Landfill Gas,LFG,IC,0.5,0.5,,,2018,1
5677,Waste Energy Services Inc,50077,Waste Energy Services,CAT2,MI,MISO,Landfill Gas,LFG,IC,0.3,0.3,,,2018,1
5677,Waste Energy Services Inc,50077,Waste Energy Services,CAT3,MI,MISO,Landfill Gas,LFG,IC,0.3,0.3,,,2018,1
5677,Waste Energy Services Inc,50077,Waste Energy Services,CAT4,MI,MISO,Landfill Gas,LFG,IC,0.3,0.3,,,2018,1
22040,Washington State University,50083,Washington State University,GEN1,WA,AVA,Conventional Steam Coal,BIT,ST,2.0,2.0,,,2005,5
19148,"Vicinity Energy Trenton, L.P.",50094,"Vicinity Energy Trenton, L.P.",7213,NJ,PJM,Natural Gas Internal Combustion Engine,NG,IC,6.0,3.0,,,2008,1
18919,Tillotson Rubber Co Inc,50095,Tillotson Rubber,HG1,NH,,Conventional Hydroelectric,WAT,HY,0.1,0.1,,,2011,11
18919,Tillotson Rubber Co Inc,50095,Tillotson Rubber,IC1,NH,,Petroleum Liquids,DFO,IC,0.4,0.4,,,2011,11
18919,Tillotson Rubber Co Inc,50095,Tillotson Rubber,IC2,NH,,Petroleum Liquids,DFO,IC,0.6,0.6,,,2011,11
18919,Tillotson Rubber Co Inc,50095,Tillotson Rubber,TG2,NH,,Wood/Wood Waste Biomass,WDS,ST,0.6,0.6,,,2011,11
18919,Tillotson Rubber Co Inc,50095,Tillotson Rubber,TGI,NH,,Wood/Wood Waste Biomass,WDS,ST,0.7,0.7,,,2011,11
22809,Armstrong World Industries Inc,50096,Hartco Flooring,4915,TN,,Wood/Wood Waste Biomass,WDS,ST,1.2,1.0,,,2010,4
22809,Armstrong World Industries Inc,50096,Hartco Flooring,5102,TN,,Wood/Wood Waste Biomass,WDS,ST,1.2,1.0,,,2010,4
19491,United Cogen Inc,50104,United Cogen,G-1,CA,,Natural Gas Fired Combined Cycle,NG,CT,23.0,22.0,,,2012,1
19491,United Cogen Inc,50104,United Cogen,G-2,CA,,Natural Gas Fired Combined Cycle,NG,CA,8.0,7.0,,,2012,1
25835,City of Portland (OR),50105,Ground Water Pumping Station,GPS1,OR,PGE,Conventional Hydroelectric,WAT,HY,0.9,0.9,,,2019,10
25835,City of Portland (OR),50105,Ground Water Pumping Station,GPS2,OR,PGE,Conventional Hydroelectric,WAT,HY,0.9,0.9,,,2019,10
25835,City of Portland (OR),50105,Ground Water Pumping Station,GPS3,OR,PGE,Conventional Hydroelectric,WAT,HY,0.9,0.9,,,2019,10
25835,City of Portland (OR),50105,Ground Water Pumping Station,GPS4,OR,PGE,Conventional Hydroelectric,WAT,HY,0.9,0.9,,,2019,10
25835,City of Portland (OR),50105,Ground Water Pumping Station,GPS5,OR,PGE,Conventional Hydroelectric,WAT,HY,0.9,0.9,,,2019,10
25835,City of Portland (OR),50105,Ground Water Pumping Station,GPS6,OR,PGE,Conventional Hydroelectric,WAT,HY,0.9,0.9,,,2019,10
61379,ARP-Loyalton Cogen LLC,50111,Sierra Pacific Loyalton Facility,GEN1,CA,NEVP,Wood/Wood Waste Biomass,WDS,ST,20.0,11.8,,,2020,1
17164,Sierra Pacific Industries,50112,Sierra Pacific Quincy Facility,GEN1,CA,CISO,Wood/Wood Waste Biomass,WDS,ST,20.0,23.3,,,2018,3
17164,Sierra Pacific Industries,50112,Sierra Pacific Quincy Facility,GEN2,CA,CISO,Wood/Wood Waste Biomass,WDS,ST,7.5,3.2,,,2018,3
55921,Renegy Susanville LLC,50113,Renegy Susanville,GEN1,CA,,Wood/Wood Waste Biomass,WDS,ST,12.6,11.0,,,2004,5
55921,Renegy Susanville LLC,50113,Renegy Susanville,GEN2,CA,,Wood/Wood Waste Biomass,WDS,ST,1.6,1.6,,,2004,5
30803,University of California,50117,University of California,GEN1,CA,,Natural Gas Fired Combustion Turbine,NG,GT,3.0,2.9,,,2004,12
19537,University of Texas at Austin,50118,Hal C Weaver Power Plant,GEN6,TX,ERCO,Natural Gas Fired Combined Cycle,NG,CT,12.5,12.5,,,2008,3
19674,Vaagen Brothers Lumber Inc,50120,Vaagen Brothers Lumber,0001,WA,,Wood/Wood Waste Biomass,WDS,ST,4.0,3.7,,,2009,11
19685,Valero Refining Co,50121,Valero Refinery Corpus Christi West,TG3,TX,ERCO,Other Gases,OG,ST,7.5,7.0,,,2006,8
54881,Horsehead Corporation,50130,G F Weaton Power Station,GEN1,PA,PJM,Conventional Steam Coal,SUB,ST,60.0,56.0,,,2012,9
54881,Horsehead Corporation,50130,G F Weaton Power Station,GEN2,PA,PJM,Conventional Steam Coal,SUB,ST,60.0,56.0,,,2012,9
17460,South Oak Hospital,50136,South Oaks Hospital,GEN1,NY,NYIS,Natural Gas Internal Combustion Engine,NG,IC,0.6,0.1,,,2005,12
17460,South Oak Hospital,50136,South Oaks Hospital,GEN2,NY,NYIS,Natural Gas Internal Combustion Engine,NG,IC,0.6,0.1,,,2006,10
65401,Wharton County Generation LLC,50137,Texas Gulf Sulphur,GEN2,TX,ERCO,Natural Gas Fired Combined Cycle,NG,CA,12.5,12.0,,,2005,2
25983,Sparks Regional Medical Center,50142,Sparks Regional Medical Center,GEN1,AR,,Natural Gas Internal Combustion Engine,NG,IC,1.2,1.0,,,2004,10
25983,Sparks Regional Medical Center,50142,Sparks Regional Medical Center,GEN2,AR,,Natural Gas Internal Combustion Engine,NG,IC,1.2,1.0,,,2004,10
25983,Sparks Regional Medical Center,50142,Sparks Regional Medical Center,GEN3,AR,,Natural Gas Internal Combustion Engine,NG,IC,1.0,1.0,,,2004,10
25983,Sparks Regional Medical Center,50142,Sparks Regional Medical Center,GEN4,AR,,Natural Gas Internal Combustion Engine,NG,IC,1.2,1.0,,,2004,10
25983,Sparks Regional Medical Center,50142,Sparks Regional Medical Center,GEN5,AR,,Natural Gas Internal Combustion Engine,NG,IC,1.2,1.2,,,2004,10
25983,Sparks Regional Medical Center,50142,Sparks Regional Medical Center,GEN6,AR,,Natural Gas Internal Combustion Engine,NG,IC,1.2,1.2,,,2004,10
19433,Union Carbide C&P-Charleston,50151,Union Carbide South Charleston,GEN8,WV,PJM,Natural Gas Steam Turbine,NG,ST,6.0,5.6,,,2014,4
5352,Dow Chemical Co - St Charles,50152,Dow St Charles Operations,CTG,LA,MISO,Natural Gas Fired Combined Cycle,NG,CA,10.0,10.0,,,2009,3
5352,Dow Chemical Co - St Charles,50152,Dow St Charles Operations,IGT,LA,MISO,Natural Gas Fired Combined Cycle,NG,CT,9.6,9.6,,,2009,2
39066,Union Carbide Corp-Texas City,50153,Texas City Plant Union Carbide,GTG,TX,ERCO,Natural Gas Fired Combustion Turbine,NG,GT,40.0,32.0,,,2014,10
63958,Midland and Gladwin Counties,50157,Sanford Dam,1,MI,MISO,Conventional Hydroelectric,WAT,HY,1.2,1.2,,,2020,5
63958,Midland and Gladwin Counties,50157,Sanford Dam,2,MI,MISO,Conventional Hydroelectric,WAT,HY,1.2,1.2,,,2020,5
63958,Midland and Gladwin Counties,50157,Sanford Dam,3,MI,MISO,Conventional Hydroelectric,WAT,HY,1.2,1.2,,,2020,5
63958,Midland and Gladwin Counties,50158,Edenville,1,MI,MISO,Conventional Hydroelectric,WAT,HY,2.4,2.4,,,2018,9
63958,Midland and Gladwin Counties,50158,Edenville,2,MI,MISO,Conventional Hydroelectric,WAT,HY,2.4,2.4,,,2018,9
63958,Midland and Gladwin Counties,50159,Secord,1,MI,MISO,Conventional Hydroelectric,WAT,HY,1.2,1.2,,,2020,5
63958,Midland and Gladwin Counties,50160,Smallwood,1,MI,MISO,Conventional Hydroelectric,WAT,HY,1.2,1.2,,,2020,5
16835,Sea World of California,50165,Sea World of Calif 4160 V Cogen System,1,CA,,Natural Gas Internal Combustion Engine,NG,IC,0.6,0.6,,,2002,11
16835,Sea World of California,50165,Sea World of Calif 4160 V Cogen System,2,CA,,Natural Gas Internal Combustion Engine,NG,IC,0.6,0.6,,,2002,11
16835,Sea World of California,50165,Sea World of Calif 4160 V Cogen System,3,CA,,Natural Gas Internal Combustion Engine,NG,IC,0.6,0.6,,,2002,11
16835,Sea World of California,50165,Sea World of Calif 4160 V Cogen System,4,CA,,Natural Gas Internal Combustion Engine,NG,IC,0.6,0.6,,,2002,11
54711,Basic Chemical Company LLC,50168,Geismar Plant,GT01,LA,,Natural Gas Fired Combined Cycle,NG,CT,45.0,40.0,,,2003,4
54711,Basic Chemical Company LLC,50168,Geismar Plant,GT02,LA,,Natural Gas Fired Combined Cycle,NG,CT,45.0,40.0,,,2003,11
54711,Basic Chemical Company LLC,50168,Geismar Plant,TU01,LA,,Natural Gas Fired Combined Cycle,NG,CA,23.0,20.0,,,2002,3
13914,Occidental Chemical Corporation,50169,Wichita Plant,GEN1,KS,SWPP,Natural Gas Fired Combustion Turbine,NG,GT,43.7,27.0,,,2024,10
16397,Rowan University,50173,Rowan University,GEN1,NJ,,Natural Gas Fired Combustion Turbine,NG,GT,1.5,1.2,,,2006,11
20511,GFC - New Bern Mill,50188,International Paper Co. - New Bern Mill,TG1,NC,CPLE,Wood/Wood Waste Biomass,BLQ,ST,29.7,29.7,,,2014,4
55903,Domtar Paper Company LLC,50189,Domtar Paper Co LLC Plymouth NC,TG4,NC,PJM,Conventional Steam Coal,BIT,ST,7.5,7.5,,,2002,1
55903,Domtar Paper Company LLC,50189,Domtar Paper Co LLC Plymouth NC,TG6,NC,PJM,Conventional Steam Coal,BIT,ST,7.5,7.5,,,2006,5
55903,Domtar Paper Company LLC,50189,Domtar Paper Co LLC Plymouth NC,TG7,NC,PJM,Wood/Wood Waste Biomass,BLQ,ST,7.5,7.5,,,2020,12
55903,Domtar Paper Company LLC,50189,Domtar Paper Co LLC Plymouth NC,TG8,NC,PJM,Wood/Wood Waste Biomass,BLQ,ST,25.0,23.8,,,2016,1
55997,Domtar Paper Company Rothschild,50190,Domtar Paper Company Rothschild,HG1,WI,MISO,Conventional Hydroelectric,WAT,HY,0.6,0.6,,,2022,1
55997,Domtar Paper Company Rothschild,50190,Domtar Paper Company Rothschild,HG2,WI,MISO,Conventional Hydroelectric,WAT,HY,0.5,0.5,,,2022,1
55997,Domtar Paper Company Rothschild,50190,Domtar Paper Company Rothschild,HG4,WI,MISO,Conventional Hydroelectric,WAT,HY,0.5,0.5,,,2022,1
55997,Domtar Paper Company Rothschild,50190,Domtar Paper Company Rothschild,HG5,WI,MISO,Conventional Hydroelectric,WAT,HY,1.0,1.0,,,2022,1
55997,Domtar Paper Company Rothschild,50190,Domtar Paper Company Rothschild,HG6,WI,MISO,Conventional Hydroelectric,WAT,HY,0.7,0.7,,,2022,1
55997,Domtar Paper Company Rothschild,50190,Domtar Paper Company Rothschild,TG2,WI,MISO,Natural Gas Steam Turbine,NG,ST,5.0,4.7,,,2013,6
56289,International Paper Corporation - Springfield,50191,IP Springfield Oregon,TG1,OR,BPAT,Wood/Wood Waste Biomass,BLQ,ST,7.5,7.5,,,2025,12
56289,International Paper Corporation - Springfield,50191,IP Springfield Oregon,TG2,OR,BPAT,Wood/Wood Waste Biomass,BLQ,ST,5.0,5.0,,,2025,12
56289,International Paper Corporation - Springfield,50191,IP Springfield Oregon,TG3,OR,BPAT,Wood/Wood Waste Biomass,BLQ,ST,12.5,12.5,,,2025,12
20544,Weyerhaeuser Co-Wright City Complex,50198,Weyerhaeuser Wright City Complex OK,TG1,OK,,Wood/Wood Waste Biomass,WDS,ST,5.0,5.0,,,2009,3
1058,B Braun Medical Inc,50200,B Braun Medical,GEN1,CA,CISO,Natural Gas Fired Combustion Turbine,NG,GT,2.8,2.7,,,2025,3
1058,B Braun Medical Inc,50200,B Braun Medical,GEN2,CA,CISO,Natural Gas Fired Combustion Turbine,NG,GT,3.3,3.0,,,2025,3
56216,Multitrade Rabun Gap LLC,50201,"Multitrade Rabun Gap, LLC",ST1,GA,SOCO,Wood/Wood Waste Biomass,WDS,ST,4.1,4.1,,,2010,1
56216,Multitrade Rabun Gap LLC,50201,"Multitrade Rabun Gap, LLC",ST2,GA,SOCO,Wood/Wood Waste Biomass,WDS,ST,17.9,18.0,,,2025,4
55807,Niagara Generation LLC,50202,WPS Power Niagara,GEN1,NY,NYIS,Wood/Wood Waste Biomass,WDS,ST,56.0,41.1,,,2016,12
13229,Nashville Thermal Tran Corp,50209,Nashville Thermal Transfer,GEN1,TN,,Municipal Solid Waste,MSW,ST,7.2,6.7,,,2002,5
15591,R J Reynolds Tobacco Co,50221,R J Reynolds Tobaccoville Utility Plant,GEN1,NC,,Conventional Steam Coal,BIT,ST,40.3,37.0,,,2004,3
15591,R J Reynolds Tobacco Co,50221,R J Reynolds Tobaccoville Utility Plant,GEN2,NC,,Conventional Steam Coal,BIT,ST,40.3,37.0,,,2004,3
64707,SDS Lumber LLC,50231,SDS Lumber Gorge Energy Division,TG2,WA,BPAT,Wood/Wood Waste Biomass,WDS,ST,5.0,5.0,,,2021,12
64707,SDS Lumber LLC,50231,SDS Lumber Gorge Energy Division,TG3,WA,BPAT,Wood/Wood Waste Biomass,WDS,ST,5.0,4.7,,,2021,12
20666,Willamina Lumber Co,50232,Tillamook Lumber,T/G,OR,,Wood/Wood Waste Biomass,WDS,ST,10.0,7.0,,,2005,9
18007,Starwood Hotels & Resorts,50238,Starwood Hotels Resorts,GEN1,AZ,,Natural Gas Internal Combustion Engine,NG,IC,0.6,0.6,,,2005,12
18007,Starwood Hotels & Resorts,50238,Starwood Hotels Resorts,GEN2,AZ,,Natural Gas Internal Combustion Engine,NG,IC,0.6,0.6,,,2005,12
18007,Starwood Hotels & Resorts,50238,Starwood Hotels Resorts,GEN3,AZ,,Natural Gas Internal Combustion Engine,NG,IC,0.3,0.3,,,2003,1
22354,"VC Porterdale Hydroelectric, LLC",50242,VC Porterdale Hydroelectric,TB-1,GA,SOCO,Conventional Hydroelectric,WAT,HY,1.5,1.2,,,2015,12
22354,"VC Porterdale Hydroelectric, LLC",50242,VC Porterdale Hydroelectric,TB-2,GA,SOCO,Conventional Hydroelectric,WAT,HY,1.5,1.2,,,2015,12
9303,Bucksport Generation LLC,50243,Bucksport Generation LLC,GEN2,ME,ISNE,Wood/Wood Waste Biomass,WDS,ST,15.6,21.0,,,2017,1
9303,Bucksport Generation LLC,50243,Bucksport Generation LLC,GEN3,ME,ISNE,Natural Gas Steam Turbine,NG,ST,72.0,72.0,,,2018,11
9303,Bucksport Generation LLC,50243,Bucksport Generation LLC,GEN5,ME,ISNE,Natural Gas Steam Turbine,NG,ST,24.0,24.0,,,2018,11
23815,Blue Ridge Paper Products Inc,50244,Canton North Carolina,GEN8,NC,CPLE,Wood/Wood Waste Biomass,BLQ,ST,7.5,7.5,,,2023,5
23815,Blue Ridge Paper Products Inc,50244,Canton North Carolina,GEN9,NC,CPLE,Wood/Wood Waste Biomass,BLQ,ST,7.5,7.5,,,2023,5
23815,Blue Ridge Paper Products Inc,50244,Canton North Carolina,GN10,NC,CPLE,Wood/Wood Waste Biomass,BLQ,ST,7.5,7.5,,,2023,6
23815,Blue Ridge Paper Products Inc,50244,Canton North Carolina,GN11,NC,CPLE,Wood/Wood Waste Biomass,BLQ,ST,7.5,7.5,,,2023,5
23815,Blue Ridge Paper Products Inc,50244,Canton North Carolina,GN12,NC,CPLE,Wood/Wood Waste Biomass,BLQ,ST,10.0,10.0,,,2023,5
23815,Blue Ridge Paper Products Inc,50244,Canton North Carolina,GN13,NC,CPLE,Wood/Wood Waste Biomass,BLQ,ST,12.5,12.5,,,2023,5
9384,International Paper Co-Courtld,50245,International Paper Courtland Mill,ABB,AL,TVA,Wood/Wood Waste Biomass,BLQ,ST,61.2,62.0,,,2014,5
9384,International Paper Co-Courtld,50245,International Paper Courtland Mill,GE,AL,TVA,Wood/Wood Waste Biomass,BLQ,ST,27.5,27.0,,,2014,5
9384,International Paper Co-Courtld,50245,International Paper Courtland Mill,GT,AL,TVA,Natural Gas Fired Combustion Turbine,NG,GT,38.4,30.0,,,2013,8
13458,NewsTech New York Inc,50246,Deferiet New York,WEST,NY,,Conventional Steam Coal,BIT,ST,8.1,7.6,,,2007,2
56208,Smart Papers Holdings LLC,50247,Smart Papers LLC,1,OH,,Conventional Steam Coal,BIT,ST,1.0,1.0,,,2012,8
56208,Smart Papers Holdings LLC,50247,Smart Papers LLC,2,OH,,Conventional Steam Coal,BIT,ST,1.5,1.5,,,2012,8
56208,Smart Papers Holdings LLC,50247,Smart Papers LLC,7,OH,,Conventional Steam Coal,BIT,ST,9.4,9.4,,,2012,8
56208,Smart Papers Holdings LLC,50247,Smart Papers LLC,8,OH,,Conventional Steam Coal,BIT,ST,9.4,9.4,,,2012,8
56208,Smart Papers Holdings LLC,50247,Smart Papers LLC,GEN3,OH,,Conventional Steam Coal,BIT,ST,6.0,6.0,,,2012,8
56208,Smart Papers Holdings LLC,50247,Smart Papers LLC,GEN4,OH,,Conventional Steam Coal,BIT,ST,1.5,1.5,,,2009,5
56208,Smart Papers Holdings LLC,50247,Smart Papers LLC,GEN5,OH,,Conventional Steam Coal,BIT,ST,7.5,7.5,,,2012,8
56208,Smart Papers Holdings LLC,50247,Smart Papers LLC,GEN6,OH,,Conventional Steam Coal,BIT,ST,10.5,10.5,,,2012,8
65,Abitibi Consolidated-Lufkin,50249,Abitibi Consolidated Lufkin,GEN2,TX,,Natural Gas Steam Turbine,NG,ST,7.5,6.0,,,2007,11
65,Abitibi Consolidated-Lufkin,50249,Abitibi Consolidated Lufkin,GEN3,TX,,Natural Gas Steam Turbine,NG,ST,12.5,12.0,,,2007,11
65,Abitibi Consolidated-Lufkin,50249,Abitibi Consolidated Lufkin,GEN4,TX,,Natural Gas Steam Turbine,NG,ST,12.5,12.0,,,2007,11
65,Abitibi Consolidated-Lufkin,50249,Abitibi Consolidated Lufkin,GEN5,TX,,Natural Gas Steam Turbine,NG,ST,15.6,13.2,,,2007,11
65,Abitibi Consolidated-Lufkin,50249,Abitibi Consolidated Lufkin,GEN6,TX,,Natural Gas Steam Turbine,NG,ST,15.6,13.2,,,2007,11
65,Abitibi Consolidated-Lufkin,50249,Abitibi Consolidated Lufkin,GEN7,TX,,Natural Gas Steam Turbine,NG,ST,21.1,16.0,,,2007,11
55731,CalTex Holdings LP,50253,CalTex Holdings LP,TG1,TX,,Natural Gas Steam Turbine,NG,ST,33.0,30.7,,,2009,12
55731,CalTex Holdings LP,50253,CalTex Holdings LP,TG3,TX,,Natural Gas Fired Combustion Turbine,NG,GT,18.0,15.3,,,2007,7
55731,CalTex Holdings LP,50253,CalTex Holdings LP,TG4,TX,,Natural Gas Steam Turbine,NG,ST,46.2,43.0,,,2009,12
13945,Corewell Health Dearborn Campus,50260,Corewell Health Dearborn Campus,300KW,MI,MISO,Petroleum Liquids,DFO,IC,0.3,0.3,,,2005,8
13945,Corewell Health Dearborn Campus,50260,Corewell Health Dearborn Campus,500KW,MI,MISO,Petroleum Liquids,DFO,IC,0.5,0.5,,,2019,9
13945,Corewell Health Dearborn Campus,50260,Corewell Health Dearborn Campus,EG#1,MI,MISO,Natural Gas Internal Combustion Engine,NG,IC,0.5,0.5,,,2004,10
13945,Corewell Health Dearborn Campus,50260,Corewell Health Dearborn Campus,EG#2,MI,MISO,Natural Gas Internal Combustion Engine,NG,IC,0.5,0.5,,,2004,10
13945,Corewell Health Dearborn Campus,50260,Corewell Health Dearborn Campus,EG#3,MI,MISO,Natural Gas Internal Combustion Engine,NG,IC,0.5,0.5,,,2004,10
22155,Texas State University - San Marcos,50263,Southwest Texas State University,GEN1,TX,ERCO,Natural Gas Internal Combustion Engine,NG,IC,6.0,6.0,,,2013,1
17594,Southeast Missouri State Univ,50264,Southeast Missouri State University,GEN3,MO,,Conventional Steam Coal,BIT,ST,6.2,6.2,,,2007,10
13504,New Hanover County,50271,New Hanover County WASTEC,1TGA,NC,CPLE,Municipal Solid Waste,MSW,ST,4.2,1.9,,,2010,12
13504,New Hanover County,50271,New Hanover County WASTEC,1TGB,NC,CPLE,Municipal Solid Waste,MSW,ST,4.0,2.0,,,2011,4
13504,New Hanover County,50271,New Hanover County WASTEC,2BP,NC,CPLE,Municipal Solid Waste,MSW,ST,0.1,0.1,,,2002,12
13504,New Hanover County,50271,New Hanover County WASTEC,3TG,NC,CPLE,Municipal Solid Waste,MSW,ST,6.3,1.7,,,2011,4
56125,Community Eco Springfield LLC,50273,Pioneer Valley Resource Recovery,DLV1,MA,ISNE,Municipal Solid Waste,MSW,ST,9.4,7.5,,,2022,4
14465,Philip Morris USA - Park 500,50275,Park 500 Philip Morris USA,TG2,VA,PJM,Conventional Steam Coal,BIT,ST,6.1,0.0,,,2013,9
20707,Wintec Energy Ltd,50276,Wintec Energy Ltd,EXIS,CA,CISO,Onshore Wind Turbine,WND,WT,5.9,5.9,,,2015,5
57433,ReEnergy Chateaugay LLC,50277,ReEnergy Chateaugay Power Station,GEN1,NY,NYIS,Wood/Wood Waste Biomass,WDS,ST,19.7,18.0,,,2016,8
50097,Verso Luke LLC,50282,Luke Mill,GEN1,MD,PJM,Conventional Steam Coal,BIT,ST,35.0,32.0,,,2019,5
50097,Verso Luke LLC,50282,Luke Mill,GEN2,MD,PJM,Conventional Steam Coal,BIT,ST,30.0,28.0,,,2019,5
49923,American Eagle Paper Mills,50284,American Eagle Paper Mills,TG3,PA,PJM,Conventional Steam Coal,BIT,ST,2.5,2.5,,,2016,7
49923,American Eagle Paper Mills,50284,American Eagle Paper Mills,TG4,PA,PJM,Conventional Steam Coal,BIT,ST,4.5,4.5,,,2016,7
49923,American Eagle Paper Mills,50284,American Eagle Paper Mills,TG5,PA,PJM,Conventional Steam Coal,BIT,ST,3.0,3.0,,,2016,7
49923,American Eagle Paper Mills,50284,American Eagle Paper Mills,TG6,PA,PJM,Conventional Steam Coal,BIT,ST,7.5,7.0,,,2016,7
24457,Calpine Eastern Corp,50292,Bethpage Power Plant,GEN4,NY,NYIS,Petroleum Liquids,DFO,IC,0.4,0.4,,,2024,8
22251,Modesto Energy LP,50294,Modesto Energy LP,GEN1,CA,,All Other,TDF,ST,14.4,12.5,,,2002,1
20541,Wheelabrator Environmental Systems,50298,Wheelabrator Lassen,GEN1,CA,CISO,Natural Gas Fired Combustion Turbine,NG,GT,38.8,42.7,,,2013,6
54736,"VESI Pomona Energy Storage, Inc.",50300,VESI Pomona,GEN1,CA,CISO,Natural Gas Fired Combustion Turbine,NG,GT,46.0,40.0,,,2019,9
56389,Doyon Utilities - Ft. Wainwright,50308,FWA Central Heat and Power Plant,GEN2,AK,,Conventional Steam Coal,SUB,ST,2.5,,,,2009,12
18311,Summit Property Co LLC,50313,Summit Property Pharmaceutical,TURB,NJ,,Natural Gas Fired Combustion Turbine,NG,GT,2.8,2.5,,,2008,5
3283,Bunge North America East LLC,50316,Bunge North America East LLC,3516,IN,PJM,Natural Gas Steam Turbine,NG,ST,2.0,2.2,,,2025,7
26256,Love Box Co Inc,50317,Love Box,GEN1,KS,,Natural Gas Fired Combustion Turbine,NG,GT,0.8,0.7,,,2007,9
26256,Love Box Co Inc,50317,Love Box,GEN2,KS,,Natural Gas Internal Combustion Engine,NG,IC,0.5,0.5,,,2007,9
26256,Love Box Co Inc,50317,Love Box,GEN3,KS,,Natural Gas Internal Combustion Engine,NG,IC,0.8,0.8,,,2007,9
55970,JHP Pharmaceuticals LLC,50318,Par Sterile Products,38-1,MI,MISO,Natural Gas Fired Combustion Turbine,NG,GT,2.8,2.8,,,2020,4
14570,Palomar Medical Center,50319,Palomar Medical Center,EG-1,CA,,Natural Gas Internal Combustion Engine,NG,IC,0.6,0.7,,,2006,12
14570,Palomar Medical Center,50319,Palomar Medical Center,EG-2,CA,,Natural Gas Internal Combustion Engine,NG,IC,0.6,0.7,,,2006,12
64843,"Dakota County, MN",50328,Byllesby,1,MN,MISO,Conventional Hydroelectric,WAT,HY,0.8,0.8,,,2022,1
64843,"Dakota County, MN",50328,Byllesby,2,MN,MISO,Conventional Hydroelectric,WAT,HY,0.8,0.8,,,2022,1
64843,"Dakota County, MN",50328,Byllesby,3,MN,MISO,Conventional Hydroelectric,WAT,HY,0.9,0.9,,,2022,1
13159,MWRD:W/SW Facility,50331,Stickney Water Reclamation Plant,GEN4,IL,,Other Waste Biomass,OBG,GT,3.0,2.5,,,2006,9
7019,Gay & Robinson Inc,50333,Gay Robinson,DSL1,HI,NA,Petroleum Liquids,DFO,IC,0.4,0.4,,,2009,8
7019,Gay & Robinson Inc,50333,Gay Robinson,DSL4,HI,NA,Petroleum Liquids,DFO,IC,0.4,0.4,,,2009,8
7019,Gay & Robinson Inc,50333,Gay Robinson,ST4,HI,NA,Other Waste Biomass,AB,ST,4.0,2.5,,,2009,11
15237,PCS Nitrogen LP,50341,PCS Nitrogen Fertilizer LP,GEN1,LA,MISO,Natural Gas Fired Combustion Turbine,NG,GT,26.0,19.0,,,2005,12
10950,Lewis Bakeries,50342,Chicago Baking,CDK,IL,,Natural Gas Fired Combustion Turbine,NG,GT,1.0,0.7,,,2004,10
21148,Zapco Energy Tactics Corp,50344,Smithtown Energy Partners LP,SW1,NY,NYIS,Landfill Gas,LFG,IC,0.7,0.6,,,2007,2
21148,Zapco Energy Tactics Corp,50344,Smithtown Energy Partners LP,SW2,NY,NYIS,Landfill Gas,LFG,IC,0.7,0.6,,,2007,2
21148,Zapco Energy Tactics Corp,50346,Onondaga Energy Partners LP,ON1,NY,NYIS,Landfill Gas,LFG,IC,0.7,0.6,,,2010,12
21148,Zapco Energy Tactics Corp,50348,Oceanside Energy,GEN5,NY,NYIS,Landfill Gas,LFG,IC,0.7,0.6,,,2002,1
21148,Zapco Energy Tactics Corp,50348,Oceanside Energy,GEN6,NY,NYIS,Landfill Gas,LFG,IC,0.7,0.6,,,2002,1
21148,Zapco Energy Tactics Corp,50348,Oceanside Energy,OS1,NY,NYIS,Landfill Gas,LFG,IC,0.7,0.6,,,2009,5
21148,Zapco Energy Tactics Corp,50348,Oceanside Energy,OS2,NY,NYIS,Landfill Gas,LFG,IC,0.7,0.6,,,2008,5
21148,Zapco Energy Tactics Corp,50348,Oceanside Energy,OS3,NY,NYIS,Landfill Gas,LFG,IC,0.7,0.6,,,2015,4
21148,Zapco Energy Tactics Corp,50348,Oceanside Energy,OS4,NY,NYIS,Landfill Gas,LFG,IC,0.7,0.7,,,2005,1
17771,Specialty Minerals Inc,50356,Specialty Minerals,1,MA,,Natural Gas Internal Combustion Engine,NG,IC,4.8,4.8,,,2006,12
7097,General Electric Erie Power,50358,General Electric Erie PA Power,DSL1,PA,,Petroleum Liquids,DFO,IC,3.0,2.7,,,2008,5
7097,General Electric Erie Power,50358,General Electric Erie PA Power,DSL2,PA,,Petroleum Liquids,DFO,IC,3.0,2.7,,,2008,5
7097,General Electric Erie Power,50358,General Electric Erie PA Power,DSL3,PA,,Petroleum Liquids,DFO,IC,3.0,2.7,,,2008,5
7097,General Electric Erie Power,50358,General Electric Erie PA Power,STM2,PA,,Conventional Steam Coal,BIT,ST,5.0,4.7,,,2003,12
7097,General Electric Erie Power,50358,General Electric Erie PA Power,STM3,PA,,Conventional Steam Coal,BIT,ST,14.0,13.1,,,2003,12
7097,General Electric Erie Power,50358,General Electric Erie PA Power,STM4,PA,,Conventional Steam Coal,BIT,ST,9.0,8.4,,,2003,12
62972,Bluestone Coke LLC,50359,Sloss Industries Corp,10,AL,SOCO,Natural Gas Steam Turbine,NG,ST,12.5,8.5,,,2021,11
62972,Bluestone Coke LLC,50359,Sloss Industries Corp,9,AL,SOCO,Natural Gas Steam Turbine,NG,ST,12.5,7.5,,,2021,11
56889,Rhode Island LFG Genco,50365,Ridgewood Providence Power,GEN1,RI,ISNE,Landfill Gas,LFG,IC,1.9,1.7,,,2013,5
56889,Rhode Island LFG Genco,50365,Ridgewood Providence Power,GEN2,RI,ISNE,Landfill Gas,LFG,IC,1.9,1.7,,,2013,5
56889,Rhode Island LFG Genco,50365,Ridgewood Providence Power,GEN3,RI,ISNE,Landfill Gas,LFG,IC,1.9,1.7,,,2013,5
56889,Rhode Island LFG Genco,50365,Ridgewood Providence Power,GEN4,RI,ISNE,Landfill Gas,LFG,IC,1.9,1.7,,,2013,5
56889,Rhode Island LFG Genco,50365,Ridgewood Providence Power,GEN5,RI,ISNE,Landfill Gas,LFG,IC,1.9,1.7,,,2013,5
56889,Rhode Island LFG Genco,50365,Ridgewood Providence Power,GEN6,RI,ISNE,Landfill Gas,LFG,IC,1.9,1.7,,,2013,5
56889,Rhode Island LFG Genco,50365,Ridgewood Providence Power,GEN7,RI,ISNE,Landfill Gas,LFG,IC,1.9,1.7,,,2013,5
56889,Rhode Island LFG Genco,50365,Ridgewood Providence Power,GEN8,RI,ISNE,Landfill Gas,LFG,IC,1.9,1.7,,,2013,5
56889,Rhode Island LFG Genco,50365,Ridgewood Providence Power,GEN9,RI,ISNE,Landfill Gas,LFG,IC,1.9,1.7,,,2013,5
56889,Rhode Island LFG Genco,50365,Ridgewood Providence Power,PHI1,RI,ISNE,Landfill Gas,LFG,IC,1.3,1.2,,,2013,1
56889,Rhode Island LFG Genco,50365,Ridgewood Providence Power,PHI2,RI,ISNE,Landfill Gas,LFG,IC,1.3,1.2,,,2013,1
17723,South Florida Cogen Associates,50369,South Florida Cogen Associates,GEN1,FL,,Natural Gas Fired Combined Cycle,NG,CT,19.9,19.9,,,2003,1
17723,South Florida Cogen Associates,50369,South Florida Cogen Associates,GEN2,FL,,Natural Gas Fired Combined Cycle,NG,CA,8.0,8.0,,,2003,1
24900,"The Mosaic Company, Plant City Facility",50371,"The Mosaic Company, Plant City Facility",MI34,FL,TEC,All Other,WH,ST,40.5,27.9,,,2019,12
28543,Bay State GPX Inc,50381,Agawam Gate Station,COGN,MA,,Natural Gas Internal Combustion Engine,NG,IC,0.4,0.4,,,2003,7
28543,Bay State GPX Inc,50381,Agawam Gate Station,TURB,MA,,Other Natural Gas,NG,OT,1.6,1.5,,,2003,7
55846,Newark Bay Cogeneration Partnership LP,50385,Newark Bay Cogeneration Partnership LP,GEN1,NJ,PJM,Natural Gas Fired Combined Cycle,NG,CT,55.0,120.2,,,2022,5
55846,Newark Bay Cogeneration Partnership LP,50385,Newark Bay Cogeneration Partnership LP,GEN2,NJ,PJM,Natural Gas Fired Combined Cycle,NG,CT,55.0,120.2,,,2022,5
55846,Newark Bay Cogeneration Partnership LP,50385,Newark Bay Cogeneration Partnership LP,GEN3,NJ,PJM,Natural Gas Fired Combined Cycle,NG,CA,42.0,120.2,,,2022,5
2770,Terra-Gen Operating Co-Wind,50386,Windland,WING,CA,CISO,Onshore Wind Turbine,WND,WT,15.3,15.3,,,2020,3
4208,Phillips 66 Company,50388,Phillips 66 Carbon Plant,GEN1,CA,CISO,Petroleum Coke,PC,ST,27.3,20.0,,,2023,1
22199,U S Air Force-Eielson AFB,50392,Eielson AFB Central Heat & Power Plant,TG1,AK,,Conventional Steam Coal,SUB,ST,2.5,0.5,,,2022,5
22199,U S Air Force-Eielson AFB,50392,Eielson AFB Central Heat & Power Plant,TG2,AK,,Conventional Steam Coal,SUB,ST,2.5,0.5,,,2022,5
61988,Pixelle Specialty Solutions LLC - (PA),50397,Pixelle Specialty Solutions LLC - Spring,GEN2,PA,PJM,Natural Gas Steam Turbine,NG,ST,5.9,4.0,,,2016,12
30002,International Paper Co,50398,International Paper Savanna Mill,GE10,GA,SOCO,Wood/Wood Waste Biomass,BLQ,ST,82.8,82.7,,,2025,9
30002,International Paper Co,50398,International Paper Savanna Mill,GEN5,GA,SOCO,Wood/Wood Waste Biomass,WDS,ST,7.5,7.0,,,2002,8
20210,Warbasse Cogen,50405,Warbasse Cogen Facility,GT1,NY,,Natural Gas Fired Combustion Turbine,NG,GT,4.5,4.0,,,2005,12
20210,Warbasse Cogen,50405,Warbasse Cogen Facility,GT2,NY,,Natural Gas Fired Combustion Turbine,NG,GT,4.5,4.0,,,2005,12
20210,Warbasse Cogen,50405,Warbasse Cogen Facility,GT3,NY,,Natural Gas Fired Combustion Turbine,NG,GT,4.5,4.0,,,2005,12
20210,Warbasse Cogen,50405,Warbasse Cogen Facility,GT4,NY,,Natural Gas Fired Combustion Turbine,NG,GT,4.5,4.0,,,2005,12
20210,Warbasse Cogen,50405,Warbasse Cogen Facility,GT5,NY,,Natural Gas Fired Combustion Turbine,NG,GT,4.5,4.0,,,2005,12
34672,DTE Energy Services,50407,Mobile Energy Services LLC,GEN3,AL,SOCO,Conventional Steam Coal,BIT,ST,12.5,11.6,,,2004,4
34672,DTE Energy Services,50407,Mobile Energy Services LLC,GEN5,AL,SOCO,Wood/Wood Waste Biomass,WDS,ST,61.0,56.1,,,2019,9
34672,DTE Energy Services,50407,Mobile Energy Services LLC,GEN6,AL,SOCO,Wood/Wood Waste Biomass,WDS,ST,35.7,33.2,,,2019,9
10273,Kimberly-Clark Corp,50410,Chester Operations,5,PA,PJM,Petroleum Coke,PC,ST,67.0,67.0,,,2019,9
21995,Olmsted County Public Works - (MN),50413,Olmsted Waste Energy,DG1,MN,MISO,Petroleum Liquids,DFO,IC,0.8,0.6,,,2008,3
20096,Ware Energy Corp,50419,Ware Energy,GEN1,MA,,Wood/Wood Waste Biomass,WDS,ST,9.3,8.7,,,2012,1
55965,Verso Corporation,50424,Duluth Paper Mill,GEN1,MN,MISO,All Other,PUR,ST,10.6,10.6,,,2020,7
24591,Kraft Foods Global Inc,50425,Kraft Foods Atlantic Gelatin,GEN1,MA,,Natural Gas Steam Turbine,NG,ST,7.5,2.5,,,2002,7
24591,Kraft Foods Global Inc,50425,Kraft Foods Atlantic Gelatin,GEN2,MA,,Natural Gas Steam Turbine,NG,ST,0.7,0.3,,,2012,8
24591,Kraft Foods Global Inc,50425,Kraft Foods Atlantic Gelatin,GEN3,MA,,Petroleum Liquids,DFO,IC,1.0,0.3,,,2012,8
19984,Warm Springs Forest Prod Indst,50426,Warm Springs Forest Products,GEN1,OR,PACW,Wood/Wood Waste Biomass,WDS,ST,3.0,2.6,,,2016,3
19984,Warm Springs Forest Prod Indst,50426,Warm Springs Forest Products,GEN2,OR,PACW,Wood/Wood Waste Biomass,WDS,ST,3.0,2.6,,,2016,3
19984,Warm Springs Forest Prod Indst,50426,Warm Springs Forest Products,GEN3,OR,PACW,Wood/Wood Waste Biomass,WDS,ST,3.0,2.6,,,2016,3
14387,Paper Pak Industries,50428,Paper Pak Industries,GEN1,CA,,Natural Gas Internal Combustion Engine,NG,IC,1.4,1.4,,,2007,2
19588,University of Michigan,50431,University of Michigan,TG2,MI,MISO,Natural Gas Steam Turbine,NG,ST,4.0,3.7,,,2002,12
16719,S D Warren Co,50438,S D Warren Muskegon,GEN2,MI,,Conventional Steam Coal,BIT,ST,3.5,3.5,,,2010,3
16719,S D Warren Co,50438,S D Warren Muskegon,GEN4,MI,,Conventional Steam Coal,BIT,ST,19.1,16.5,,,2010,3
16719,S D Warren Co,50438,S D Warren Muskegon,GEN5,MI,,Conventional Steam Coal,BIT,ST,28.3,17.3,,,2010,3
66098,Relevate Power Management LLC,50447,S D Warren Westbrook,GN18,ME,ISNE,Conventional Hydroelectric,WAT,HY,0.4,0.4,,,2019,3
66098,Relevate Power Management LLC,50447,S D Warren Westbrook,GN19,ME,ISNE,Conventional Hydroelectric,WAT,HY,0.4,0.4,,,2019,3
66098,Relevate Power Management LLC,50447,S D Warren Westbrook,GN20,ME,ISNE,Conventional Hydroelectric,WAT,HY,0.4,0.4,,,2019,3
15400,Procter & Gamble Co,50456,Procter & Gamble Cincinnati Plant,GEN1,OH,PJM,Natural Gas Steam Turbine,NG,ST,12.5,11.7,,,2024,12
9255,Indeck Operations Inc,50459,NRG Ilion LP,GT,NY,,Natural Gas Fired Combined Cycle,NG,CT,43.0,37.0,,,2005,12
9255,Indeck Operations Inc,50459,NRG Ilion LP,ST,NY,,Natural Gas Fired Combined Cycle,NG,CA,17.8,17.8,,,2005,12
2522,Buckeye Florida Ltd Partners,50466,Buckeye Florida LP,GEN2,FL,FPC,Wood/Wood Waste Biomass,BLQ,ST,7.8,5.3,,,2023,9
2522,Buckeye Florida Ltd Partners,50466,Buckeye Florida LP,GEN3,FL,FPC,Wood/Wood Waste Biomass,BLQ,ST,7.5,7.9,,,2023,9
2522,Buckeye Florida Ltd Partners,50466,Buckeye Florida LP,GEN4,FL,FPC,Wood/Wood Waste Biomass,BLQ,ST,16.9,8.7,,,2023,9
2522,Buckeye Florida Ltd Partners,50466,Buckeye Florida LP,GEN5,FL,FPC,Wood/Wood Waste Biomass,BLQ,ST,11.0,7.7,,,2023,9
2522,Buckeye Florida Ltd Partners,50466,Buckeye Florida LP,GEN6,FL,FPC,Wood/Wood Waste Biomass,BLQ,ST,29.8,2.6,,,2023,9
55876,Capitol Broadcasting Company Inc,50468,Rocky Mount Mill,1,NC,CPLE,Conventional Hydroelectric,WAT,HY,0.6,0.5,,,2024,1
55876,Capitol Broadcasting Company Inc,50468,Rocky Mount Mill,2,NC,CPLE,Conventional Hydroelectric,WAT,HY,0.5,0.4,,,2024,1
55876,Capitol Broadcasting Company Inc,50468,Rocky Mount Mill,3,NC,CPLE,Conventional Hydroelectric,WAT,HY,0.5,0.2,,,2024,1
14254,Oxy Vinyls LP,50471,Deer Park Plant,GEN1,TX,,Natural Gas Fired Combined Cycle,NG,CA,10.0,8.6,,,2004,2
14254,Oxy Vinyls LP,50471,Deer Park Plant,GEN2,TX,,Natural Gas Fired Combined Cycle,NG,CA,10.0,8.6,,,2004,2
14254,Oxy Vinyls LP,50471,Deer Park Plant,GEN3,TX,,Natural Gas Fired Combined Cycle,NG,CA,10.0,8.6,,,2004,2
14254,Oxy Vinyls LP,50471,Deer Park Plant,GEN4,TX,,Natural Gas Fired Combined Cycle,NG,CT,81.0,69.7,,,2004,2
20558,White Springs Agrici Chem Inc,50473,Suwannee River Chemical Complex,SRC,FL,FPC,All Other,OTH,ST,27.3,27.3,,,2014,8
19365,United States Sugar Corp,50482,Clewiston Sugar House,DGN,FL,FPC,Petroleum Liquids,DFO,IC,1.0,1.0,,,2006,5
19365,United States Sugar Corp,50482,Clewiston Sugar House,DGS,FL,FPC,Petroleum Liquids,DFO,IC,1.0,1.0,,,2006,5
19365,United States Sugar Corp,50482,Clewiston Sugar House,TG1,FL,FPC,Other Waste Biomass,AB,ST,5.0,4.7,,,2004,1
19365,United States Sugar Corp,50482,Clewiston Sugar House,TG2,FL,FPC,Other Waste Biomass,AB,ST,3.5,3.3,,,2004,1
19365,United States Sugar Corp,50482,Clewiston Sugar House,TG3,FL,FPC,Other Waste Biomass,AB,ST,3.1,2.9,,,2007,12
19365,United States Sugar Corp,50482,Clewiston Sugar House,TG4,FL,FPC,Other Waste Biomass,AB,ST,6.0,5.6,,,2007,12
19365,United States Sugar Corp,50482,Clewiston Sugar House,TG5,FL,FPC,Other Waste Biomass,AB,ST,21.6,11.0,,,2017,12
19365,United States Sugar Corp,50483,Bryant Sugar House,DGE,FL,,Petroleum Liquids,DFO,IC,1.0,1.0,,,2007,4
19365,United States Sugar Corp,50483,Bryant Sugar House,DGW,FL,,Petroleum Liquids,DFO,IC,1.0,1.0,,,2007,4
19365,United States Sugar Corp,50483,Bryant Sugar House,TG1,FL,,Other Waste Biomass,AB,ST,2.5,2.3,,,2007,4
19365,United States Sugar Corp,50483,Bryant Sugar House,TG2,FL,,Other Waste Biomass,AB,ST,2.5,2.3,,,2007,4
19365,United States Sugar Corp,50483,Bryant Sugar House,TG3,FL,,Other Waste Biomass,AB,ST,3.5,3.3,,,2007,4
19365,United States Sugar Corp,50483,Bryant Sugar House,TG4,FL,,Other Waste Biomass,AB,ST,20.0,18.6,,,2007,4
2770,Terra-Gen Operating Co-Wind,50485,Altech III,GEN1,CA,CISO,Onshore Wind Turbine,WND,WT,21.7,21.7,,,2020,2
2770,Terra-Gen Operating Co-Wind,50485,Altech III,GEN2,CA,CISO,Onshore Wind Turbine,WND,WT,3.4,3.4,,,2020,2
60586,Westlake Chemical Natrium Plant,50491,Axiall Natrium Plant,GEN3,WV,PJM,Natural Gas Steam Turbine,NG,ST,7.5,7.5,,,2018,9
56516,"Morris Energy Operations Company, LLC",50497,Bayonne Plant Holding LLC,GTG1,NJ,PJM,Natural Gas Fired Combined Cycle,NG,CT,43.4,163.0,,,2018,6
56516,"Morris Energy Operations Company, LLC",50497,Bayonne Plant Holding LLC,GTG2,NJ,PJM,Natural Gas Fired Combined Cycle,NG,CT,43.4,,,,2018,6
56516,"Morris Energy Operations Company, LLC",50497,Bayonne Plant Holding LLC,GTG3,NJ,PJM,Natural Gas Fired Combined Cycle,NG,CT,43.4,,,,2018,6
56516,"Morris Energy Operations Company, LLC",50497,Bayonne Plant Holding LLC,STG1,NJ,PJM,Natural Gas Fired Combined Cycle,NG,CA,61.4,,,,2018,6
2956,Capitol District Energy Center,50498,Capitol District Energy Center,GTG,CT,ISNE,Natural Gas Fired Combined Cycle,NG,CT,39.8,52.4,,,2021,3
2956,Capitol District Energy Center,50498,Capitol District Energy Center,STG,CT,ISNE,Natural Gas Fired Combined Cycle,NG,CA,30.7,,,,2021,3
3102,Mosaic Company,50510,Mosaic Co Mulberry Facility,CGN1,FL,TEC,All Other,OTH,ST,21.0,19.5,,,2008,12
55985,Tesoro Refining and Marketing Company,50530,Equilon Los Angeles Refining,GEN1,CA,LDWP,Other Gases,OG,GT,30.0,24.1,,,2025,11
55985,Tesoro Refining and Marketing Company,50530,Equilon Los Angeles Refining,GEN2,CA,LDWP,Other Gases,OG,GT,30.0,25.4,,,2025,6
55985,Tesoro Refining and Marketing Company,50530,Equilon Los Angeles Refining,GEN3,CA,LDWP,Other Gases,OG,ST,23.0,9.9,,,2025,11
2770,Terra-Gen Operating Co-Wind,50533,Painted Hills Wind Park,WGNS,CA,CISO,Onshore Wind Turbine,WND,WT,19.0,19.0,,,2019,11
61012,AES Distributed Energy,50534,Santa Clara (85C),WGNS,CA,CISO,Onshore Wind Turbine,WND,WT,18.0,18.0,,,2016,8
66119,Mesa Wind Power LLC,50535,Mesa Wind Power LLC,WGNS,CA,CISO,Onshore Wind Turbine,WND,WT,29.9,29.9,,,2020,12
64156,Sky River Wind LLC,50536,Sky River Wind Energy Center,WGNS,CA,CISO,Onshore Wind Turbine,WND,WT,76.9,76.9,,,2020,12
1652,Black Hills Ontario LLC,50538,Black Hills Ontario Facility,GEN1,CA,,Natural Gas Fired Combustion Turbine,NG,GT,6.0,4.5,,,2007,12
1652,Black Hills Ontario LLC,50538,Black Hills Ontario Facility,GEN2,CA,,Natural Gas Fired Combustion Turbine,NG,GT,6.0,4.5,,,2007,12
26840,Port Townsend Paper Co,50544,Port Townsend Paper,GEN2,WA,BPAT,Wood/Wood Waste Biomass,BLQ,ST,3.0,3.0,,,2009,1
26840,Port Townsend Paper Co,50544,Port Townsend Paper,GEN4,WA,BPAT,Wood/Wood Waste Biomass,BLQ,ST,3.0,3.0,,,2016,4
26840,Port Townsend Paper Co,50544,Port Townsend Paper,HDRO,WA,BPAT,Conventional Hydroelectric,WAT,HY,0.4,0.3,,,2012,9
65490,Edom Hills Project 1 LLC,50553,Edom Hills Project 1 LLC,WGNS,CA,CISO,Onshore Wind Turbine,WND,WT,11.0,6.5,,,2007,8
26940,U S West Financial Service Inc,50557,TXI Riverside Cement Power House,GEN1,CA,,Conventional Steam Coal,BIT,ST,12.0,11.2,,,2008,3
26940,U S West Financial Service Inc,50557,TXI Riverside Cement Power House,GEN2,CA,,Conventional Steam Coal,BIT,ST,12.0,11.2,,,2008,3
54842,WM Renewable Energy LLC,50564,New Milford Gas Recovery,GEN1,CT,ISNE,Landfill Gas,LFG,GT,3.0,2.9,,,2007,9
54842,WM Renewable Energy LLC,50564,New Milford Gas Recovery,GEN3,CT,ISNE,Landfill Gas,LFG,IC,0.8,0.8,,,2016,2
54842,WM Renewable Energy LLC,50565,Monroe Livingston Gas Recovery,GEN1,NY,NYIS,Landfill Gas,LFG,IC,0.8,0.8,,,2019,9
54842,WM Renewable Energy LLC,50565,Monroe Livingston Gas Recovery,GEN2,NY,NYIS,Landfill Gas,LFG,IC,0.8,0.8,,,2019,9
54842,WM Renewable Energy LLC,50565,Monroe Livingston Gas Recovery,GEN3,NY,NYIS,Landfill Gas,LFG,IC,0.8,0.8,,,2009,1
54842,WM Renewable Energy LLC,50569,DFW Gas Recovery,GEN1,TX,ERCO,Landfill Gas,LFG,GT,3.0,2.9,,,2022,11
54842,WM Renewable Energy LLC,50569,DFW Gas Recovery,GEN2,TX,ERCO,Landfill Gas,LFG,GT,3.0,2.9,,,2022,11
54842,WM Renewable Energy LLC,50569,DFW Gas Recovery,GEN3,TX,ERCO,Landfill Gas,LFG,IC,1.6,1.6,,,2022,11
54842,WM Renewable Energy LLC,50569,DFW Gas Recovery,GEN4,TX,ERCO,Landfill Gas,LFG,IC,1.6,1.6,,,2022,11
54842,WM Renewable Energy LLC,50569,DFW Gas Recovery,GEN5,TX,ERCO,Landfill Gas,LFG,IC,1.6,1.6,,,2022,11
54842,WM Renewable Energy LLC,50569,DFW Gas Recovery,GEN6,TX,ERCO,Landfill Gas,LFG,IC,1.6,1.6,,,2022,11
54842,WM Renewable Energy LLC,50571,Altamont Gas Recovery,GEN3,CA,CISO,Landfill Gas,LFG,IC,1.3,1.3,,,2018,4
54842,WM Renewable Energy LLC,50571,Altamont Gas Recovery,GEN4,CA,CISO,Landfill Gas,LFG,IC,1.3,1.3,,,2018,4
54843,WM Illinois Renewable Energy LLC,50573,CID Gas Recovery,GEN1,IL,PJM,Landfill Gas,LFG,GT,3.0,2.9,,,2011,4
54843,WM Illinois Renewable Energy LLC,50575,Lake Gas Recovery,GEN1,IL,PJM,Landfill Gas,LFG,GT,3.0,2.9,,,2008,10
54842,WM Renewable Energy LLC,50578,Stowe Power Production Plant,GEN1,PA,PJM,Landfill Gas,LFG,GT,3.0,2.9,,,2010,1
54842,WM Renewable Energy LLC,50578,Stowe Power Production Plant,GEN2,PA,PJM,Landfill Gas,LFG,GT,3.0,2.9,,,2015,11
21678,Riverdale Mills Corp,50601,Riverdale Mills,GEN1,MA,,Natural Gas Internal Combustion Engine,NG,IC,0.6,0.6,,,2006,5
21678,Riverdale Mills Corp,50601,Riverdale Mills,GEN2,MA,,Natural Gas Internal Combustion Engine,NG,IC,0.6,0.6,,,2006,7
56388,Sconza Candy Company,50602,Sconza Candy Company,GEN1,CA,,Natural Gas Fired Combustion Turbine,NG,GT,6.2,5.0,,,2011,12
55983,Luminant Generation Company LLC,50615,TXU Sweetwater Generating Plant,GT01,TX,ERCO,Natural Gas Fired Combined Cycle,NG,CT,45.0,41.0,,,2012,5
55983,Luminant Generation Company LLC,50615,TXU Sweetwater Generating Plant,GT02,TX,ERCO,Natural Gas Fired Combined Cycle,NG,CT,99.0,86.0,,,2012,5
55983,Luminant Generation Company LLC,50615,TXU Sweetwater Generating Plant,GT03,TX,ERCO,Natural Gas Fired Combined Cycle,NG,CT,99.0,86.0,,,2012,5
55983,Luminant Generation Company LLC,50615,TXU Sweetwater Generating Plant,STG1,TX,ERCO,Natural Gas Fired Combined Cycle,NG,CA,101.0,76.0,,,2009,9
54876,"Park Falls Industrial Management, LLC",50620,Park Falls Industrial Management,GEN1,WI,MISO,Wood/Wood Waste Biomass,WDS,ST,5.7,4.7,,,2019,6
18000,State of Rhode Island,50621,Central Power Plant,GEN1,RI,ISNE,Petroleum Liquids,RFO,ST,0.7,0.7,,,2004,1
18000,State of Rhode Island,50621,Central Power Plant,GEN3,RI,ISNE,Petroleum Liquids,DFO,ST,2.0,2.0,,,2014,4
15174,Freeport McMoRan Oil & Gas,50623,Gaviota Oil Plant,GENA,CA,CISO,Natural Gas Fired Combustion Turbine,NG,GT,3.5,3.0,,,2020,5
15174,Freeport McMoRan Oil & Gas,50623,Gaviota Oil Plant,GENB,CA,CISO,Natural Gas Fired Combustion Turbine,NG,GT,3.5,3.0,,,2020,5
15174,Freeport McMoRan Oil & Gas,50623,Gaviota Oil Plant,GENC,CA,CISO,Natural Gas Fired Combustion Turbine,NG,GT,3.5,3.0,,,2020,5
15174,Freeport McMoRan Oil & Gas,50623,Gaviota Oil Plant,GEND,CA,CISO,Natural Gas Fired Combustion Turbine,NG,GT,3.5,3.0,,,2020,5
6090,ExxonMobil Oil Corp,50625,ExxonMobil Beaumont Refinery,TG7,TX,MISO,Other Gases,OG,ST,10.0,9.5,,,2005,8
6090,ExxonMobil Oil Corp,50625,ExxonMobil Beaumont Refinery,TG9,TX,MISO,Other Gases,OG,ST,10.0,9.5,,,2005,8
4476,Covanta Marion Inc,50630,Covanta Marion Inc,GEN1,OR,PGE,Municipal Solid Waste,MSW,ST,13.1,11.5,,,2024,12
4498,Covanta Stanislaus Inc,50632,Covanta Stanislaus Energy,GEN1,CA,CISO,Municipal Solid Waste,MSW,ST,24.0,19.9,,,2024,12
2138,Brainerd Public Utilities,50636,Brainerd Public Utilities,VPLS,MN,MISO,Conventional Steam Coal,BIT,ST,0.6,0.6,,,2014,12
15262,Potlatch Land and Lumber LLC,50640,Warren Lumber Mill,GEN6,AR,MISO,Wood/Wood Waste Biomass,WDS,ST,15.0,10.0,,,2013,10
19194,Syracuse Energy Corp,50651,Syracuse Energy,GEN1,NY,NYIS,Conventional Steam Coal,BIT,ST,90.6,62.8,,,2013,9
19194,Syracuse Energy Corp,50651,Syracuse Energy,GEN2,NY,NYIS,Conventional Steam Coal,BIT,ST,10.5,11.0,,,2013,9
34691,Ormat Nevada Inc,50654,Steamboat Hills LP,GEN1,NV,NEVP,Geothermal,GEO,ST,16.3,10.9,,,2020,4
34691,Ormat Nevada Inc,50654,Steamboat Hills LP,OEC41,NV,NEVP,Geothermal,GEO,BT,5.5,3.7,,,2020,4
4427,Covanta Projects LP,50664,Covanta Wallingford Energy,GEN1,CT,ISNE,Municipal Solid Waste,MSW,ST,11.0,8.4,,,2015,4
14395,"Palm Springs, City of - (CA)",50674,Municipal Cogen Plant,GEN1,CA,CISO,Natural Gas Internal Combustion Engine,NG,IC,0.7,0.6,,,2014,6
14395,"Palm Springs, City of - (CA)",50674,Municipal Cogen Plant,GEN2,CA,CISO,Natural Gas Internal Combustion Engine,NG,IC,0.7,0.6,,,2014,6
18801,Thermo Power & Electric LLC,50676,Thermo Power & Electric,GEN1,CO,PSCO,Natural Gas Fired Combined Cycle,NG,CT,47.2,30.0,,,2013,8
18801,Thermo Power & Electric LLC,50676,Thermo Power & Electric,GEN2,CO,PSCO,Natural Gas Fired Combined Cycle,NG,CT,47.2,30.0,,,2013,8
18801,Thermo Power & Electric LLC,50676,Thermo Power & Electric,GEN3,CO,PSCO,Natural Gas Fired Combined Cycle,NG,CA,16.4,8.0,,,2013,8
10402,KMS Crossroads Inc,50693,KMS Crossroads,DG-1,NJ,,Natural Gas Internal Combustion Engine,NG,IC,1.1,0.1,,,2011,12
10402,KMS Crossroads Inc,50693,KMS Crossroads,DG-3,NJ,,Natural Gas Internal Combustion Engine,NG,IC,1.1,0.1,,,2011,12
10402,KMS Crossroads Inc,50693,KMS Crossroads,TG-4,NJ,,Natural Gas Fired Combustion Turbine,NG,GT,7.0,0.1,,,2011,12
18814,Thermo Greeley LLC,50709,Thermo Greeley,GEN1,CO,PSCO,Natural Gas Fired Combustion Turbine,NG,GT,37.0,30.1,,,2016,12
10127,Kenetech Windpower Inc,50712,Altamont Pass Windplant,GEN1,CA,CISO,Onshore Wind Turbine,WND,WT,332.5,332.5,,,2015,11
64451,INEOS US Chemicals Company - Naperville Campus,50722,INEOS Naperville Cogeneration Plant,GEN1,IL,PJM,Natural Gas Fired Combustion Turbine,NG,GT,8.3,7.0,,,2023,12
22502,Petro Operating Co,50725,Blackjack Creek Treating,BJC1,FL,,Natural Gas Fired Combustion Turbine,NG,GT,0.5,0.4,,,2004,5
22502,Petro Operating Co,50725,Blackjack Creek Treating,BJC2,FL,,Natural Gas Fired Combustion Turbine,NG,GT,0.5,0.4,,,2004,5
22502,Petro Operating Co,50725,Blackjack Creek Treating,BJC3,FL,,Natural Gas Fired Combustion Turbine,NG,GT,0.5,0.4,,,2004,5
22502,Petro Operating Co,50725,Blackjack Creek Treating,BJC4,FL,,Natural Gas Fired Combustion Turbine,NG,GT,0.5,0.4,,,2004,5
6529,Exxon Mobil Production Co,50728,ExxonMobil Garden City Gas Plant,1,LA,,Natural Gas Steam Turbine,NG,ST,0.6,0.6,,,2002,11
6529,Exxon Mobil Production Co,50728,ExxonMobil Garden City Gas Plant,2,LA,,Natural Gas Steam Turbine,NG,ST,0.6,0.6,,,2002,11
6529,Exxon Mobil Production Co,50728,ExxonMobil Garden City Gas Plant,3,LA,,Natural Gas Steam Turbine,NG,ST,0.6,0.6,,,2002,11
6529,Exxon Mobil Production Co,50728,ExxonMobil Garden City Gas Plant,4,LA,,Natural Gas Fired Combustion Turbine,NG,GT,0.8,0.7,,,2002,11
6529,Exxon Mobil Production Co,50728,ExxonMobil Garden City Gas Plant,5,LA,,Natural Gas Internal Combustion Engine,NG,IC,0.1,0.1,,,2002,11
19370,United States Steel Corporation,50730,Fairfield Works,GEN1,AL,SOCO,Other Gases,BFG,ST,20.0,20.0,,,2015,12
19370,United States Steel Corporation,50730,Fairfield Works,GEN2,AL,SOCO,Other Gases,BFG,ST,20.0,20.0,,,2015,12
19370,United States Steel Corporation,50730,Fairfield Works,GEN3,AL,SOCO,Other Gases,BFG,ST,20.0,20.0,,,2015,12
19370,United States Steel Corporation,50730,Fairfield Works,GEN4,AL,SOCO,Other Gases,BFG,ST,22.0,20.0,,,2015,12
63599,Pure Hedge LLC,50736,Pure Hedge LLC,GEN1,CT,ISNE,All Other,TDF,ST,31.3,26.0,,,2017,1
15006,Phelps Dodge Mining Co,50738,New Cornelia Branch Power Plant,GEN1,AZ,,Natural Gas Internal Combustion Engine,NG,IC,3.0,2.9,,,2007,2
15006,Phelps Dodge Mining Co,50738,New Cornelia Branch Power Plant,GEN3,AZ,,Natural Gas Internal Combustion Engine,NG,IC,3.0,2.9,,,2007,2
15006,Phelps Dodge Mining Co,50738,New Cornelia Branch Power Plant,GEN4,AZ,,Natural Gas Internal Combustion Engine,NG,IC,7.5,7.3,,,2007,2
30897,Sunlaw Energy Partners I LP,50745,Growgen,GEN1,CA,,Natural Gas Fired Combined Cycle,NG,CT,26.0,22.0,,,2002,8
30897,Sunlaw Energy Partners I LP,50745,Growgen,GEN2,CA,,Natural Gas Fired Combined Cycle,NG,CA,7.0,6.0,,,2002,8
30897,Sunlaw Energy Partners I LP,50746,Coidgen,GEN1,CA,,Natural Gas Fired Combined Cycle,NG,CT,26.0,22.0,,,2002,8
30897,Sunlaw Energy Partners I LP,50746,Coidgen,GEN2,CA,,Natural Gas Fired Combined Cycle,NG,CA,7.0,6.0,,,2002,8
56764,USG Nevada LLC,50760,Empire,OE11,NV,NEVP,Geothermal,GEO,ST,1.2,0.6,,,2011,12
56764,USG Nevada LLC,50760,Empire,OE12,NV,NEVP,Geothermal,GEO,ST,1.2,0.9,,,2011,12
56764,USG Nevada LLC,50760,Empire,OE13,NV,NEVP,Geothermal,GEO,ST,1.2,0.9,,,2011,12
56764,USG Nevada LLC,50760,Empire,OE14,NV,NEVP,Geothermal,GEO,ST,1.2,0.9,,,2011,12
34691,Ormat Nevada Inc,50762,Ormesa IH,OE11,CA,IID,Geothermal,GEO,ST,1.2,0.6,,,2017,12
34691,Ormat Nevada Inc,50762,Ormesa IH,OE12,CA,IID,Geothermal,GEO,ST,1.2,0.6,,,2017,12
34691,Ormat Nevada Inc,50762,Ormesa IH,OE13,CA,IID,Geothermal,GEO,ST,1.2,1.0,,,2017,12
34691,Ormat Nevada Inc,50762,Ormesa IH,OE14,CA,IID,Geothermal,GEO,ST,1.2,0.6,,,2017,12
34691,Ormat Nevada Inc,50762,Ormesa IH,OE15,CA,IID,Geothermal,GEO,ST,1.2,0.6,,,2017,12
34691,Ormat Nevada Inc,50762,Ormesa IH,OE16,CA,IID,Geothermal,GEO,ST,1.2,1.0,,,2017,12
34691,Ormat Nevada Inc,50762,Ormesa IH,OE21,CA,IID,Geothermal,GEO,ST,1.2,0.6,,,2017,12
34691,Ormat Nevada Inc,50762,Ormesa IH,OE22,CA,IID,Geothermal,GEO,ST,1.2,0.6,,,2017,12
34691,Ormat Nevada Inc,50762,Ormesa IH,OE23,CA,IID,Geothermal,GEO,ST,1.2,0.6,,,2017,12
34691,Ormat Nevada Inc,50762,Ormesa IH,OE24,CA,IID,Geothermal,GEO,ST,1.2,0.6,,,2017,12
34691,Ormat Nevada Inc,50762,Ormesa IH,OE25,CA,IID,Geothermal,GEO,ST,1.2,0.6,,,2017,12
34691,Ormat Nevada Inc,50762,Ormesa IH,OE26,CA,IID,Geothermal,GEO,ST,1.2,0.6,,,2017,12
34691,Ormat Nevada Inc,50763,Steamboat 1,OE11,NV,NEVP,Geothermal,GEO,BT,1.2,0.9,,,2009,12
34691,Ormat Nevada Inc,50763,Steamboat 1,OE12,NV,NEVP,Geothermal,GEO,BT,1.2,0.9,,,2009,12
34691,Ormat Nevada Inc,50763,Steamboat 1,OE13,NV,NEVP,Geothermal,GEO,BT,1.2,0.9,,,2009,12
34691,Ormat Nevada Inc,50763,Steamboat 1,OE14,NV,NEVP,Geothermal,GEO,BT,1.2,0.9,,,2009,12
34691,Ormat Nevada Inc,50763,Steamboat 1,OE21,NV,NEVP,Geothermal,GEO,BT,1.2,0.9,,,2009,12
34691,Ormat Nevada Inc,50763,Steamboat 1,OE22,NV,NEVP,Geothermal,GEO,BT,1.2,0.9,,,2009,12
34691,Ormat Nevada Inc,50763,Steamboat 1,OE23,NV,NEVP,Geothermal,GEO,BT,1.2,0.9,,,2009,12
34691,Ormat Nevada Inc,50764,Ormesa IE,OE10,CA,IID,Geothermal,GEO,ST,1.2,0.6,,,2017,12
34691,Ormat Nevada Inc,50764,Ormesa IE,OE11,CA,IID,Geothermal,GEO,ST,1.2,1.0,,,2017,12
34691,Ormat Nevada Inc,50764,Ormesa IE,OE12,CA,IID,Geothermal,GEO,ST,1.2,0.6,,,2017,12
34691,Ormat Nevada Inc,50764,Ormesa IE,OEC1,CA,IID,Geothermal,GEO,ST,1.2,1.0,,,2017,12
34691,Ormat Nevada Inc,50764,Ormesa IE,OEC2,CA,IID,Geothermal,GEO,ST,1.2,0.6,,,2017,12
34691,Ormat Nevada Inc,50764,Ormesa IE,OEC3,CA,IID,Geothermal,GEO,ST,1.2,1.0,,,2017,12
34691,Ormat Nevada Inc,50764,Ormesa IE,OEC4,CA,IID,Geothermal,GEO,ST,1.2,0.6,,,2017,12
34691,Ormat Nevada Inc,50764,Ormesa IE,OEC5,CA,IID,Geothermal,GEO,ST,1.2,1.0,,,2017,12
34691,Ormat Nevada Inc,50764,Ormesa IE,OEC6,CA,IID,Geothermal,GEO,ST,1.2,0.6,,,2017,12
34691,Ormat Nevada Inc,50764,Ormesa IE,OEC7,CA,IID,Geothermal,GEO,ST,1.2,1.0,,,2017,12
34691,Ormat Nevada Inc,50764,Ormesa IE,OEC8,CA,IID,Geothermal,GEO,ST,1.2,0.6,,,2017,12
34691,Ormat Nevada Inc,50764,Ormesa IE,OEC9,CA,IID,Geothermal,GEO,ST,1.2,1.0,,,2017,12
50131,Ormat Stillwater LLC,50765,Stillwater Facility,OE11,NV,NEVP,Geothermal,GEO,BT,1.5,0.6,,,2009,1
50131,Ormat Stillwater LLC,50765,Stillwater Facility,OE12,NV,NEVP,Geothermal,GEO,BT,1.5,0.6,,,2009,1
50131,Ormat Stillwater LLC,50765,Stillwater Facility,OE13,NV,NEVP,Geothermal,GEO,BT,1.5,0.7,,,2009,1
50131,Ormat Stillwater LLC,50765,Stillwater Facility,OE14,NV,NEVP,Geothermal,GEO,BT,1.5,0.7,,,2009,1
50131,Ormat Stillwater LLC,50765,Stillwater Facility,OE15,NV,NEVP,Geothermal,GEO,BT,1.5,0.6,,,2009,1
50131,Ormat Stillwater LLC,50765,Stillwater Facility,OE16,NV,NEVP,Geothermal,GEO,BT,1.5,0.7,,,2009,1
50131,Ormat Stillwater LLC,50765,Stillwater Facility,OE17,NV,NEVP,Geothermal,GEO,BT,1.5,0.6,,,2009,1
50131,Ormat Stillwater LLC,50765,Stillwater Facility,OE21,NV,NEVP,Geothermal,GEO,BT,1.5,0.6,,,2009,1
50131,Ormat Stillwater LLC,50765,Stillwater Facility,OE22,NV,NEVP,Geothermal,GEO,BT,1.5,0.5,,,2009,1
50131,Ormat Stillwater LLC,50765,Stillwater Facility,OE23,NV,NEVP,Geothermal,GEO,BT,1.5,0.6,,,2009,1
50131,Ormat Stillwater LLC,50765,Stillwater Facility,OE24,NV,NEVP,Geothermal,GEO,BT,1.5,0.6,,,2009,1
50131,Ormat Stillwater LLC,50765,Stillwater Facility,OE25,NV,NEVP,Geothermal,GEO,BT,1.5,0.6,,,2009,1
50131,Ormat Stillwater LLC,50765,Stillwater Facility,OE26,NV,NEVP,Geothermal,GEO,BT,1.5,0.6,,,2009,1
50131,Ormat Stillwater LLC,50765,Stillwater Facility,OE27,NV,NEVP,Geothermal,GEO,BT,1.5,0.5,,,2009,1
34691,Ormat Nevada Inc,50766,Ormesa I,ITLU2,CA,IID,Geothermal,GEO,BT,12.0,8.0,,,2025,1
34691,Ormat Nevada Inc,50766,Ormesa I,OE1,CA,IID,Geothermal,GEO,ST,1.2,0.7,,,2003,9
34691,Ormat Nevada Inc,50766,Ormesa I,OE10,CA,IID,Geothermal,GEO,ST,1.2,0.7,,,2003,9
34691,Ormat Nevada Inc,50766,Ormesa I,OE11,CA,IID,Geothermal,GEO,ST,1.2,0.5,,,2003,9
34691,Ormat Nevada Inc,50766,Ormesa I,OE12,CA,IID,Geothermal,GEO,ST,1.2,0.5,,,2003,9
34691,Ormat Nevada Inc,50766,Ormesa I,OE13,CA,IID,Geothermal,GEO,ST,1.2,0.7,,,2003,9
34691,Ormat Nevada Inc,50766,Ormesa I,OE14,CA,IID,Geothermal,GEO,ST,1.2,0.5,,,2003,9
34691,Ormat Nevada Inc,50766,Ormesa I,OE15,CA,IID,Geothermal,GEO,ST,1.2,0.5,,,2003,9
34691,Ormat Nevada Inc,50766,Ormesa I,OE16,CA,IID,Geothermal,GEO,ST,1.2,0.7,,,2003,9
34691,Ormat Nevada Inc,50766,Ormesa I,OE2,CA,IID,Geothermal,GEO,ST,1.2,0.7,,,2003,9
34691,Ormat Nevada Inc,50766,Ormesa I,OE21,CA,IID,Geothermal,GEO,ST,1.2,0.5,,,2003,9
34691,Ormat Nevada Inc,50766,Ormesa I,OE22,CA,IID,Geothermal,GEO,ST,1.2,0.5,,,2003,9
34691,Ormat Nevada Inc,50766,Ormesa I,OE23,CA,IID,Geothermal,GEO,ST,1.2,0.9,,,2008,7
34691,Ormat Nevada Inc,50766,Ormesa I,OE24,CA,IID,Geothermal,GEO,ST,1.2,0.5,,,2003,9
34691,Ormat Nevada Inc,50766,Ormesa I,OE25,CA,IID,Geothermal,GEO,ST,1.2,0.5,,,2003,9
34691,Ormat Nevada Inc,50766,Ormesa I,OE26,CA,IID,Geothermal,GEO,ST,1.2,0.9,,,2012,4
34691,Ormat Nevada Inc,50766,Ormesa I,OE27,CA,IID,Geothermal,GEO,ST,1.2,0.9,,,2003,9
34691,Ormat Nevada Inc,50766,Ormesa I,OE28,CA,IID,Geothermal,GEO,ST,1.2,0.9,,,2003,9
34691,Ormat Nevada Inc,50766,Ormesa I,OE3,CA,IID,Geothermal,GEO,ST,1.2,0.9,,,2003,9
34691,Ormat Nevada Inc,50766,Ormesa I,OE31,CA,IID,Geothermal,GEO,BT,1.2,0.8,,,2018,6
34691,Ormat Nevada Inc,50766,Ormesa I,OE32,CA,IID,Geothermal,GEO,BT,1.2,0.8,,,2018,6
34691,Ormat Nevada Inc,50766,Ormesa I,OE4,CA,IID,Geothermal,GEO,ST,1.2,0.7,,,2003,9
34691,Ormat Nevada Inc,50766,Ormesa I,OE5,CA,IID,Geothermal,GEO,ST,1.2,1.1,,,2003,9
34691,Ormat Nevada Inc,50766,Ormesa I,OE6,CA,IID,Geothermal,GEO,ST,1.2,1.1,,,2003,9
34691,Ormat Nevada Inc,50766,Ormesa I,OE7,CA,IID,Geothermal,GEO,ST,1.2,0.7,,,2003,9
34691,Ormat Nevada Inc,50766,Ormesa I,OE8,CA,IID,Geothermal,GEO,ST,1.2,0.7,,,2003,9
34691,Ormat Nevada Inc,50766,Ormesa I,OE9,CA,IID,Geothermal,GEO,ST,1.2,0.7,,,2003,9
19900,Viking Energy Corp,50771,Viking Energy of Northumberland,GEN1,PA,PJM,Wood/Wood Waste Biomass,WDS,ST,18.0,16.2,,,2017,1
54827,Telogia Power LLC,50774,Telogia Power,GEN1,FL,FPC,Wood/Wood Waste Biomass,WDS,ST,14.0,13.7,,,2020,6
21148,Zapco Energy Tactics Corp,50782,Taylor Energy Partners LP,AM1,PA,PJM,Landfill Gas,LFG,IC,1.0,0.6,,,2005,12
21148,Zapco Energy Tactics Corp,50782,Taylor Energy Partners LP,AM2,PA,PJM,Landfill Gas,LFG,IC,0.7,0.4,,,2008,5
21148,Zapco Energy Tactics Corp,50782,Taylor Energy Partners LP,AM3,PA,PJM,Landfill Gas,LFG,IC,0.7,0.4,,,2005,12
21148,Zapco Energy Tactics Corp,50782,Taylor Energy Partners LP,AM4,PA,PJM,Landfill Gas,LFG,IC,0.7,0.4,,,2003,12
21148,Zapco Energy Tactics Corp,50788,Lafayette Energy Partners LP,HA1,NJ,PJM,Landfill Gas,LFG,IC,0.6,0.5,,,2010,2
21148,Zapco Energy Tactics Corp,50788,Lafayette Energy Partners LP,HA2,NJ,PJM,Landfill Gas,LFG,IC,0.6,0.5,,,2010,2
2895,Calpine Newark LLC,50797,Newark Power Plant,GEN1,NJ,,Natural Gas Fired Combined Cycle,NG,CT,45.9,40.9,,,2009,12
2895,Calpine Newark LLC,50797,Newark Power Plant,GEN2,NJ,,Natural Gas Fired Combined Cycle,NG,CA,18.7,16.1,,,2009,12
61536,"Consolidated Edison Energy, Inc.",50799,Parlin Power Plant,GEN1,NJ,PJM,Natural Gas Fired Combined Cycle,NG,CT,45.9,35.9,,,2023,10
61536,"Consolidated Edison Energy, Inc.",50799,Parlin Power Plant,GEN2,NJ,PJM,Natural Gas Fired Combined Cycle,NG,CT,45.9,37.5,,,2023,10
61536,"Consolidated Edison Energy, Inc.",50799,Parlin Power Plant,GEN3,NJ,PJM,Natural Gas Fired Combined Cycle,NG,CA,21.6,20.6,,,2023,10
61536,"Consolidated Edison Energy, Inc.",50799,Parlin Power Plant,GEN4,NJ,PJM,Natural Gas Fired Combined Cycle,NG,CA,21.6,20.6,,,2023,10
18153,RockTenn-Uncasville,50801,Uncasville Mill,GEN1,CT,ISNE,Natural Gas Steam Turbine,NG,ST,2.8,1.3,,,2016,2
55973,Catalyst Paper Corp,50805,Catalyst Paper Snowflake Mill,GEN1,AZ,,Conventional Steam Coal,SUB,ST,27.2,26.0,,,2012,9
55973,Catalyst Paper Corp,50805,Catalyst Paper Snowflake Mill,GEN2,AZ,,Conventional Steam Coal,SUB,ST,43.3,42.0,,,2012,9
18162,WestRock-Florence,50806,Florence Mill,GEN1,SC,CPLE,Wood/Wood Waste Biomass,BLQ,ST,12.3,12.3,,,2025,12
18157,WestRock Corp-Panama City,50807,WestRock Panama City Mill,GEN3,FL,SOCO,Wood/Wood Waste Biomass,BLQ,ST,4.0,4.0,,,2022,6
18157,WestRock Corp-Panama City,50807,WestRock Panama City Mill,GEN4,FL,SOCO,Wood/Wood Waste Biomass,BLQ,ST,10.0,10.0,,,2022,6
18157,WestRock Corp-Panama City,50807,WestRock Panama City Mill,GEN6,FL,SOCO,Wood/Wood Waste Biomass,WDS,ST,20.0,21.8,,,2022,6
18155,Westrock (LA),50810,Westrock Hodge (LA),NO 4,LA,MISO,Wood/Wood Waste Biomass,BLQ,ST,3.0,3.0,,,2006,1
18155,Westrock (LA),50810,Westrock Hodge (LA),NO 6,LA,MISO,Wood/Wood Waste Biomass,BLQ,ST,5.0,5.0,,,2015,10
18158,RockTenn CP LLC Coshocton,50811,RockTenn Coshocton Mill,GEN1,OH,PJM,Wood/Wood Waste Biomass,WDS,ST,16.5,12.0,,,2015,12
29820,Smurfit-Stone Corp MI Plant,50812,Stone Container Ontonagon Mill,GEN1,MI,,Conventional Steam Coal,BIT,ST,15.6,11.6,,,2010,2
17427,Smurfit-Stone Container Corp,50814,Stone Container Missoula Mill,GEN1,MT,,Wood/Wood Waste Biomass,BLQ,ST,7.5,7.5,,,2010,1
17427,Smurfit-Stone Container Corp,50814,Stone Container Missoula Mill,GEN2,MT,,Wood/Wood Waste Biomass,BLQ,ST,3.3,3.3,,,2010,1
17427,Smurfit-Stone Container Corp,50814,Stone Container Missoula Mill,GEN3,MT,,Wood/Wood Waste Biomass,BLQ,ST,6.5,6.5,,,2010,1
61012,AES Distributed Energy,50818,Dyer Road,GEN1,CA,CISO,Onshore Wind Turbine,WND,WT,10.5,10.5,,,2015,4
61012,AES Distributed Energy,50819,ESI Project,GEN1,CA,CISO,Onshore Wind Turbine,WND,WT,1.2,1.2,,,2015,5
16899,SERRF Joint Powers Authority,50837,Southeast Resource Recovery,GEN1,CA,CISO,Municipal Solid Waste,MSW,ST,35.6,28.0,,,2024,4
56097,Atalco Gramercy LLC,50846,"Atlantic Alumina, Gramercy Operations",GT1,LA,MISO,Natural Gas Fired Combustion Turbine,NG,GT,16.0,15.0,,,2006,12
56097,Atalco Gramercy LLC,50846,"Atlantic Alumina, Gramercy Operations",GT2,LA,MISO,Natural Gas Fired Combustion Turbine,NG,GT,16.0,15.0,,,2010,2
22999,Aera Energy LLC-Weir,50848,Weir Cogen Plant,GT1,CA,,Natural Gas Fired Combustion Turbine,NG,GT,3.4,3.2,,,2011,1
63363,Elmwood Park Power LLC,50852,Elmwood Park Power LLC,GEN1,NJ,PJM,Natural Gas Fired Combined Cycle,NG,CT,66.6,51.5,,,2021,3
63363,Elmwood Park Power LLC,50852,Elmwood Park Power LLC,GEN2,NJ,PJM,Natural Gas Fired Combined Cycle,NG,CA,22.9,17.7,,,2021,3
14081,Onondaga Cogeneration LP,50855,Onondaga Cogeneration,GEN1,NY,,Natural Gas Fired Combined Cycle,NG,CT,53.5,45.0,,,2008,4
14081,Onondaga Cogeneration LP,50855,Onondaga Cogeneration,GEN2,NY,,Natural Gas Fired Combined Cycle,NG,CA,25.0,25.0,,,2008,4
14081,Onondaga Cogeneration LP,50855,Onondaga Cogeneration,GEN3,NY,,Natural Gas Fired Combined Cycle,NG,CT,27.3,23.0,,,2008,4
20934,Scott Wood,50863,Scott Wood,ST2,VA,,Wood/Wood Waste Biomass,WDS,ST,0.9,0.8,,,2004,6
20934,Scott Wood,50863,Scott Wood,ST3,VA,,Wood/Wood Waste Biomass,WDS,ST,2.8,2.6,,,2004,6
20541,Wheelabrator Environmental Systems,50872,Wheelabrator Claremont Facility,GEN1,NH,ISNE,Municipal Solid Waste,MSW,ST,4.5,4.5,,,2013,9
55766,Boralex Sherman LLC,50874,Boralex Sherman LLC,GEN1,ME,,Wood/Wood Waste Biomass,WDS,ST,21.0,21.0,,,2009,3
61941,Metropolitan State Hospital,50876,Central Utility Plant,GEN1,CA,CISO,Natural Gas Fired Combined Cycle,NG,CT,23.0,23.6,,,2018,2
61941,Metropolitan State Hospital,50876,Central Utility Plant,GEN2,CA,CISO,Natural Gas Fired Combined Cycle,NG,CA,7.7,3.7,,,2018,2
20541,Wheelabrator Environmental Systems,50879,Wheelabrator Frackville Energy,GEN1,PA,PJM,Conventional Steam Coal,WC,ST,48.0,42.5,,,2020,2
64579,"Shasta Sustainable Resource Management, Inc.",50881,Wheelabrator Shasta,GEN4,CA,CISO,Wood/Wood Waste Biomass,WDS,ST,7.8,3.5,,,2007,12
20508,WestRock Corp,50900,Covington Facility,GEN1,VA,PJM,Conventional Steam Coal,BIT,ST,10.5,10.5,,,2013,10
20508,WestRock Corp,50900,Covington Facility,GEN2,VA,PJM,Conventional Steam Coal,BIT,ST,10.5,10.5,,,2013,12
20508,WestRock Corp,50900,Covington Facility,GEN6,VA,PJM,Wood/Wood Waste Biomass,BLQ,ST,5.5,5.5,,,2009,1
6675,Fox Metro Water Reclamation,50904,Fox Metro Water Reclamation District,RU3,IL,PJM,Natural Gas Internal Combustion Engine,NG,IC,1.1,1.1,,,2018,10
6675,Fox Metro Water Reclamation,50904,Fox Metro Water Reclamation District,RU4,IL,PJM,Natural Gas Internal Combustion Engine,NG,IC,1.1,1.1,,,2018,10
21964,University of New Mexico,50905,Univ New Mexico Cogen Plant,1,NM,PNM,Natural Gas Fired Combustion Turbine,NG,GT,2.5,2.1,,,2009,2
21964,University of New Mexico,50906,Ford Utilities Center,2,NM,PNM,Natural Gas Steam Turbine,NG,ST,1.5,1.4,,,2003,5
17105,Sherman Hospital,50909,Sherman Hospital,1,IL,,Natural Gas Internal Combustion Engine,NG,IC,0.8,0.8,,,2012,4
17105,Sherman Hospital,50909,Sherman Hospital,2,IL,,Natural Gas Internal Combustion Engine,NG,IC,0.8,0.8,,,2012,4
1311,Bassett Furniture Industries Inc,50911,Bassett Table,2102,VA,,Wood/Wood Waste Biomass,WDS,ST,1.5,1.0,,,2007,6
1311,Bassett Furniture Industries Inc,50912,J D Bassett Manufacturing,1929,VA,,Wood/Wood Waste Biomass,WDS,ST,1.2,0.8,,,2004,1
1311,Bassett Furniture Industries Inc,50912,J D Bassett Manufacturing,1930,VA,,Wood/Wood Waste Biomass,WDS,ST,1.2,0.8,,,2004,1
10766,Lavalley Lumber LLC,50914,Lavalley Lumber LLC,1500,ME,,Wood/Wood Waste Biomass,WDS,ST,1.5,1.2,,,2011,5
5959,Erie Coke Corp,50920,Erie Coke,1,PA,PJM,Other Gases,OG,ST,2.5,1.0,,,2019,12
30141,San Jose City of,50925,San Jose Convention Center,1,CA,,Natural Gas Internal Combustion Engine,NG,IC,1.5,1.5,,,2005,12
5091,Derst Baking Co,50927,Derst Baking,GEN1,GA,,Natural Gas Fired Combustion Turbine,NG,GT,0.5,0.4,,,2003,12
5091,Derst Baking Co,50927,Derst Baking,GEN2,GA,,Natural Gas Fired Combustion Turbine,NG,GT,0.5,0.4,,,2003,12
5091,Derst Baking Co,50927,Derst Baking,GEN3,GA,,Natural Gas Fired Combustion Turbine,NG,GT,0.5,0.4,,,2003,12
5089,Des Moines Metro WRF,50932,Des Moines Wastewater Reclamation Fac,01,IA,MISO,Other Waste Biomass,OBG,IC,0.6,0.6,,,2016,8
5089,Des Moines Metro WRF,50932,Des Moines Wastewater Reclamation Fac,02,IA,MISO,Other Waste Biomass,OBG,IC,0.6,0.6,,,2016,8
5089,Des Moines Metro WRF,50932,Des Moines Wastewater Reclamation Fac,03,IA,MISO,Other Waste Biomass,OBG,IC,0.6,0.6,,,2016,8
61707,Ahlstrom-Munksjo,50933,Rhinelander Mill,GEN3,WI,MISO,Natural Gas Steam Turbine,NG,ST,4.0,0.6,,,2012,12
10226,"Utility Board of the City of Key West, FL",50934,Southernmost Waste To Energy,MKW1,FL,,Municipal Solid Waste,MSW,ST,3.5,2.3,,,2004,4
3179,Caterpillar Inc,50935,Caterpillar,3512,IN,MISO,Petroleum Liquids,DFO,IC,0.9,0.8,,,2024,2
3179,Caterpillar Inc,50935,Caterpillar,3516,IN,MISO,Petroleum Liquids,DFO,IC,1.2,0.8,,,2024,2
3179,Caterpillar Inc,50935,Caterpillar,ET1,IN,MISO,Natural Gas Internal Combustion Engine,NG,IC,2.0,2.0,,,2022,1
3179,Caterpillar Inc,50935,Caterpillar,ET2,IN,MISO,Natural Gas Internal Combustion Engine,NG,IC,2.0,2.0,,,2025,2
20854,Winnebago County - (WI),50936,Winnebago County Landfill Gas,EG1,WI,MISO,Landfill Gas,LFG,IC,0.9,0.9,,,2016,8
20854,Winnebago County - (WI),50936,Winnebago County Landfill Gas,EG2,WI,MISO,Landfill Gas,LFG,IC,0.9,0.9,,,2019,12
20854,Winnebago County - (WI),50936,Winnebago County Landfill Gas,EG4,WI,MISO,Landfill Gas,LFG,IC,1.0,1.0,,,2024,3
20854,Winnebago County - (WI),50936,Winnebago County Landfill Gas,EG5,WI,MISO,Landfill Gas,LFG,IC,1.4,1.4,,,2022,3
20680,William Beaumont Hospital,50937,William Beaumont Hospital,GENA,MI,MISO,Petroleum Liquids,DFO,IC,1.9,1.9,,,2022,9
20680,William Beaumont Hospital,50937,William Beaumont Hospital,GENB,MI,MISO,Petroleum Liquids,DFO,IC,1.9,1.9,,,2022,9
10657,Lagoon Corp,50942,Lagoon Cogeneration Facility,1,UT,PACE,Natural Gas Internal Combustion Engine,NG,IC,1.0,0.5,,,2023,12
10657,Lagoon Corp,50942,Lagoon Cogeneration Facility,2,UT,PACE,Natural Gas Internal Combustion Engine,NG,IC,1.0,0.5,,,2023,12
10657,Lagoon Corp,50942,Lagoon Cogeneration Facility,3,UT,PACE,Natural Gas Internal Combustion Engine,NG,IC,1.0,0.5,,,2023,12
55855,Rough and Ready Lumber Company,50945,R & R Lumber,ST1,OR,PACW,Wood/Wood Waste Biomass,WDS,ST,1.5,1.4,,,2016,2
20541,Wheelabrator Environmental Systems,50950,Wheelabrator Martell,GEN1,CA,,Wood/Wood Waste Biomass,WDS,ST,23.0,15.0,,,2003,12
16548,St Francis Hospital,50952,Saint Francis Hospital,GEN1,IL,PJM,Natural Gas Internal Combustion Engine,NG,IC,0.8,0.8,,,2022,6
16548,St Francis Hospital,50952,Saint Francis Hospital,GEN2,IL,PJM,Natural Gas Internal Combustion Engine,NG,IC,0.8,0.8,,,2022,6
55702,DRG School Land LLC,50954,Dan River Power Plant,GEN1,VA,,Conventional Steam Coal,BIT,ST,3.0,3.0,,,2006,3
55702,DRG School Land LLC,50954,Dan River Power Plant,GEN2,VA,,Conventional Steam Coal,BIT,ST,6.0,6.0,,,2006,3
5623,Rousselot Inc,50955,Rousselot Inc,GEN1,MA,ISNE,Natural Gas Steam Turbine,NG,ST,1.5,1.5,,,2023,11
5623,Rousselot Inc,50955,Rousselot Inc,GEN2,MA,ISNE,Natural Gas Steam Turbine,NG,ST,1.5,1.5,,,2023,11
5623,Rousselot Inc,50955,Rousselot Inc,GEN3,MA,ISNE,Natural Gas Steam Turbine,NG,ST,3.7,3.3,,,2023,11
23931,Resolute Forest Products,50956,Bowater Newsprint Calhoun Operation,GEN1,TN,TVA,Wood/Wood Waste Biomass,BLQ,ST,19.0,17.0,,,2022,5
23931,Resolute Forest Products,50956,Bowater Newsprint Calhoun Operation,GEN2,TN,TVA,Wood/Wood Waste Biomass,BLQ,ST,19.2,19.0,,,2022,5
23931,Resolute Forest Products,50956,Bowater Newsprint Calhoun Operation,GEN3,TN,TVA,Wood/Wood Waste Biomass,BLQ,ST,25.0,27.0,,,2022,5
26644,Nitram Inc,50958,Nitram,GEN1,FL,,Natural Gas Steam Turbine,NG,ST,6.2,2.0,,,2004,11
2844,Department of the Navy,50963,Naval Hospital Medical Center,1TG,CA,CISO,Natural Gas Fired Combustion Turbine,NG,GT,0.8,0.7,,,2003,3
2844,Department of the Navy,50963,Naval Hospital Medical Center,2TG,CA,CISO,Natural Gas Fired Combustion Turbine,NG,GT,0.8,0.7,,,2003,4
2844,Department of the Navy,50963,Naval Hospital Medical Center,3TG,CA,CISO,Natural Gas Fired Combustion Turbine,NG,GT,0.8,0.7,,,2003,4
67060,"Hays Ranches, LLC",50964,Amedee Geothermal Venture I,IND,CA,CISO,Geothermal,GEO,BT,1.5,1.1,,,2014,11
67060,"Hays Ranches, LLC",50964,Amedee Geothermal Venture I,SYN,CA,CISO,Geothermal,GEO,BT,1.5,1.1,,,2014,11
19876,Virginia Electric & Power Co,50966,Bellmeade Power Station,1,VA,PJM,Natural Gas Fired Combined Cycle,NG,CT,110.0,95.0,,,2019,3
19876,Virginia Electric & Power Co,50966,Bellmeade Power Station,2,VA,PJM,Natural Gas Fired Combined Cycle,NG,CT,110.0,95.0,,,2019,3
19876,Virginia Electric & Power Co,50966,Bellmeade Power Station,3,VA,PJM,Natural Gas Fired Combined Cycle,NG,CA,110.0,77.0,,,2019,3
2868,Calpine Monterey Cogen Inc,50968,Watsonville Power Plant,GEN1,CA,,Natural Gas Fired Combined Cycle,NG,CT,26.8,22.0,,,2010,5
2868,Calpine Monterey Cogen Inc,50968,Watsonville Power Plant,GEN2,CA,,Natural Gas Fired Combined Cycle,NG,CA,8.0,6.9,,,2010,5
34359,Curators of the University of Missouri,50969,MU Combined Heat and Power Plant,GEN1,MO,MISO,Natural Gas Steam Turbine,NG,ST,6.2,6.0,,,2023,10
34359,Curators of the University of Missouri,50969,MU Combined Heat and Power Plant,GEN6,MO,MISO,Petroleum Liquids,DFO,IC,0.5,0.5,,,2023,11
12981,Motiva Enterprises LLC,50973,Motiva Enterprises Port Arthur Refinery,GN26,TX,MISO,Natural Gas Fired Combined Cycle,NG,CS,18.8,9.7,,,2012,2
12981,Motiva Enterprises LLC,50973,Motiva Enterprises Port Arthur Refinery,GN27,TX,MISO,Natural Gas Fired Combined Cycle,NG,CA,21.3,4.3,,,2011,2
6452,Florida Power & Light Co,50976,Indiantown Cogeneration LP,GEN1,FL,FPL,Conventional Steam Coal,BIT,ST,395.4,330.0,,,2020,12
9227,Ingersall Machine Tools Inc.,50989,Ingersoll Milling Machine,0071,IL,MISO,Natural Gas Fired Combustion Turbine,NG,GT,0.6,0.6,,,2004,10
9227,Ingersall Machine Tools Inc.,50989,Ingersoll Milling Machine,0072,IL,MISO,Natural Gas Fired Combustion Turbine,NG,GT,0.6,0.6,,,2004,10
9227,Ingersall Machine Tools Inc.,50989,Ingersoll Milling Machine,0073,IL,MISO,Natural Gas Fired Combustion Turbine,NG,GT,0.6,0.6,,,2004,10
9227,Ingersall Machine Tools Inc.,50989,Ingersoll Milling Machine,0074,IL,MISO,Natural Gas Fired Combustion Turbine,NG,GT,0.6,0.6,,,2004,10
9227,Ingersall Machine Tools Inc.,50989,Ingersoll Milling Machine,0075,IL,MISO,Natural Gas Fired Combustion Turbine,NG,GT,0.6,0.6,,,2004,10
9227,Ingersall Machine Tools Inc.,50989,Ingersoll Milling Machine,0076,IL,MISO,Natural Gas Fired Combustion Turbine,NG,GT,0.8,0.7,,,2004,10
9227,Ingersall Machine Tools Inc.,50989,Ingersoll Milling Machine,0077,IL,MISO,Natural Gas Fired Combustion Turbine,NG,GT,0.8,0.6,,,2004,10
11637,Marathon Electric Mfg Corp,50990,Marathon Electric,P1-1,WI,MISO,Petroleum Liquids,DFO,IC,0.4,0.4,,,2018,7
11637,Marathon Electric Mfg Corp,50990,Marathon Electric,P1-2,WI,MISO,Petroleum Liquids,DFO,IC,0.4,0.4,,,2018,7
11637,Marathon Electric Mfg Corp,50990,Marathon Electric,P2-3,WI,MISO,Petroleum Liquids,DFO,IC,0.9,0.9,,,2021,6
11637,Marathon Electric Mfg Corp,50990,Marathon Electric,P2-4,WI,MISO,Petroleum Liquids,DFO,IC,0.9,0.9,,,2021,6
11637,Marathon Electric Mfg Corp,50990,Marathon Electric,P3-5,WI,MISO,Petroleum Liquids,DFO,IC,0.7,0.7,,,2009,12
2852,Calpine Corp,50991,Pryor Power Plant,GEN1,OK,,Natural Gas Fired Combustion Turbine,NG,GT,20.6,17.5,,,2007,12
2852,Calpine Corp,50991,Pryor Power Plant,GEN2,OK,,Natural Gas Fired Combustion Turbine,NG,GT,20.6,17.5,,,2007,12
2852,Calpine Corp,50991,Pryor Power Plant,GEN3,OK,,Natural Gas Fired Combustion Turbine,NG,GT,20.6,17.5,,,2006,10
2852,Calpine Corp,50991,Pryor Power Plant,GEN4,OK,,Natural Gas Fired Combustion Turbine,NG,GT,41.4,33.5,,,2006,12
2852,Calpine Corp,50991,Pryor Power Plant,GEN8,OK,,Natural Gas Steam Turbine,NG,ST,5.0,2.5,,,2006,12
2852,Calpine Corp,50991,Pryor Power Plant,GEN9,OK,,Natural Gas Steam Turbine,NG,ST,15.0,10.0,,,2006,12
2852,Calpine Corp,50991,Pryor Power Plant,GN10,OK,,Natural Gas Steam Turbine,NG,ST,15.0,13.0,,,2007,12
61452,Andeavor,50997,Gallup Refinery,GEN1,NM,PNM,Natural Gas Fired Combustion Turbine,NG,GT,3.0,2.9,,,2012,6
61452,Andeavor,50997,Gallup Refinery,GEN2,NM,PNM,Natural Gas Fired Combustion Turbine,NG,GT,3.0,2.9,,,2012,6
2512,Bunge Milling Inc,51000,Bunge Milling Cogen,GEN1,IL,,Conventional Steam Coal,BIT,ST,20.0,17.6,,,2010,3
11415,"M.A. Patout & Son Limited, LLC",51008,Enterprise Sugar Factory,2000,LA,MISO,Other Waste Biomass,AB,ST,2.0,2.0,,,2024,12
2371,Brown University,51029,Brown University Central Heating,EMG1,RI,,Natural Gas Steam Turbine,NG,ST,3.2,3.0,,,2010,4
8688,Hofstra University,51035,Hofstra University,GEN1,NY,NYIS,Natural Gas Internal Combustion Engine,NG,IC,1.1,1.1,,,2019,12
8688,Hofstra University,51035,Hofstra University,GEN2,NY,NYIS,Natural Gas Internal Combustion Engine,NG,IC,1.1,1.1,,,2019,12
1410,Bayview Financial Trading Group,52003,Merritt Square Mall,NO1,FL,,Natural Gas Internal Combustion Engine,NG,IC,1.0,0.8,,,2003,12
1410,Bayview Financial Trading Group,52003,Merritt Square Mall,NO2,FL,,Natural Gas Internal Combustion Engine,NG,IC,0.7,0.7,,,2003,12
1410,Bayview Financial Trading Group,52003,Merritt Square Mall,NO3,FL,,Natural Gas Internal Combustion Engine,NG,IC,0.7,0.7,,,2003,12
1410,Bayview Financial Trading Group,52003,Merritt Square Mall,NO4,FL,,Natural Gas Internal Combustion Engine,NG,IC,1.0,0.8,,,2003,12
1410,Bayview Financial Trading Group,52003,Merritt Square Mall,NO5,FL,,Natural Gas Internal Combustion Engine,NG,IC,0.7,0.7,,,2003,12
1410,Bayview Financial Trading Group,52003,Merritt Square Mall,NO6,FL,,Natural Gas Internal Combustion Engine,NG,IC,0.7,0.7,,,2003,12
1410,Bayview Financial Trading Group,52003,Merritt Square Mall,NO7,FL,,Natural Gas Internal Combustion Engine,NG,IC,0.7,1.0,,,2003,12
5347,Dow Chemical Co,52005,Plaquemine Operations,GEN1,LA,MISO,Natural Gas Fired Combined Cycle,NG,CS,53.0,49.0,,,2002,11
5347,Dow Chemical Co,52005,Plaquemine Operations,GEN2,LA,MISO,Natural Gas Fired Combined Cycle,NG,CS,53.0,49.0,,,2002,11
5347,Dow Chemical Co,52006,LaO Energy Systems,GEN1,LA,MISO,Natural Gas Fired Combined Cycle,NG,CA,57.0,57.0,,,2024,4
5347,Dow Chemical Co,52006,LaO Energy Systems,GEN2,LA,MISO,Natural Gas Fired Combined Cycle,NG,CA,88.0,80.0,,,2024,12
5347,Dow Chemical Co,52006,LaO Energy Systems,GEN3,LA,MISO,Natural Gas Fired Combined Cycle,NG,CA,90.0,94.0,,,2024,12
5347,Dow Chemical Co,52006,LaO Energy Systems,GEN4,LA,MISO,Natural Gas Fired Combined Cycle,NG,CA,76.5,49.0,,,2024,10
5347,Dow Chemical Co,52006,LaO Energy Systems,GEN5,LA,MISO,Natural Gas Fired Combined Cycle,NG,CT,76.5,52.0,,,2024,4
5347,Dow Chemical Co,52006,LaO Energy Systems,GEN6,LA,MISO,Natural Gas Fired Combined Cycle,NG,CT,76.5,52.0,,,2024,12
5347,Dow Chemical Co,52006,LaO Energy Systems,GEN7,LA,MISO,Natural Gas Fired Combined Cycle,NG,CT,125.0,95.0,,,2016,9
5347,Dow Chemical Co,52006,LaO Energy Systems,GEN8,LA,MISO,Natural Gas Fired Combined Cycle,NG,CT,125.0,95.0,,,2011,6
19876,Virginia Electric & Power Co,52007,Mecklenburg Power Station,GEN1,VA,PJM,Conventional Steam Coal,BIT,ST,69.9,69.0,,,2019,3
19876,Virginia Electric & Power Co,52007,Mecklenburg Power Station,GEN2,VA,PJM,Conventional Steam Coal,BIT,ST,69.9,69.0,,,2019,3
19699,Valero Refining Co - TX,52012,Valero Refining Texas Houston,GEN1,TX,,Natural Gas Fired Combustion Turbine,NG,GT,17.1,16.2,,,2006,2
19699,Valero Refining Co - TX,52012,Valero Refining Texas Houston,GEN2,TX,,Natural Gas Fired Combustion Turbine,NG,GT,17.1,16.2,,,2005,9
21826,Valero Refining Co-Texas City,52013,Valero Refining Texas City,GEN1,TX,,Natural Gas Fired Combustion Turbine,NG,GT,7.1,3.6,,,2002,5
21826,Valero Refining Co-Texas City,52013,Valero Refining Texas City,GEN2,TX,,Natural Gas Fired Combustion Turbine,NG,GT,16.2,12.0,,,2005,6
21826,Valero Refining Co-Texas City,52013,Valero Refining Texas City,GEN3,TX,,Natural Gas Fired Combustion Turbine,NG,GT,16.2,12.0,,,2006,4
24263,Cellu Tissue Holdings Inc,52017,Menominee Acquisition,ST2,MI,MISO,Conventional Steam Coal,BIT,ST,2.5,2.5,,,2013,3
65792,"ITT Energy Tech Partners, LLC",52021,ITT Cogen Facility,GEN1,IL,PJM,Natural Gas Fired Combustion Turbine,NG,GT,3.7,3.5,,,2024,12
65792,"ITT Energy Tech Partners, LLC",52021,ITT Cogen Facility,GEN2,IL,PJM,Natural Gas Fired Combustion Turbine,NG,GT,3.7,3.5,,,2024,12
2091,Phillips 66,52031,Alliance Refinery,GEN1,LA,MISO,Other Gases,OG,OT,6.0,6.0,,,2021,8
2091,Phillips 66,52031,Alliance Refinery,GEN2,LA,MISO,Other Gases,OG,ST,19.0,19.0,,,2021,8
9512,IVEX Packaging Paper LLC,52032,IVEX Packaging,0001,IL,,Natural Gas Fired Combustion Turbine,NG,GT,3.8,3.5,,,2011,5
8683,CSL Behring LLC,52034,Bunge Oil,1,IL,PJM,Natural Gas Fired Combustion Turbine,NG,GT,3.5,2.8,,,2017,6
1864,Regenesis Corporation,52041,Hopkinton Energy,GEN1,NH,,Wood/Wood Waste Biomass,WDS,ST,12.6,11.0,,,2010,12
19724,Vanderbilt University,52048,Vanderbilt University Power Plant,GEN1,TN,TVA,Conventional Steam Coal,BIT,ST,6.5,6.5,,,2014,11
19724,Vanderbilt University,52048,Vanderbilt University Power Plant,GEN2,TN,TVA,Conventional Steam Coal,BIT,ST,4.5,4.5,,,2014,3
19724,Vanderbilt University,52048,Vanderbilt University Power Plant,GT1,TN,TVA,Natural Gas Fired Combustion Turbine,NG,GT,5.2,4.0,,,2016,3
57249,"NextEra Renewable Fuels, LLC",52051,I 95 Municipal Landfill Phase I,UNT1,VA,PJM,Landfill Gas,LFG,IC,0.8,0.8,,,2019,6
57249,"NextEra Renewable Fuels, LLC",52051,I 95 Municipal Landfill Phase I,UNT2,VA,PJM,Landfill Gas,LFG,IC,0.8,0.8,,,2019,6
57249,"NextEra Renewable Fuels, LLC",52051,I 95 Municipal Landfill Phase I,UNT3,VA,PJM,Landfill Gas,LFG,IC,0.8,0.8,,,2019,6
57249,"NextEra Renewable Fuels, LLC",52051,I 95 Municipal Landfill Phase I,UNT4,VA,PJM,Landfill Gas,LFG,IC,0.8,0.8,,,2019,6
19153,Nassau Energy Corp,52056,Nassau Energy Corp,GT1,NY,NYIS,Natural Gas Fired Combined Cycle,NG,CT,43.0,38.0,,,2022,7
19153,Nassau Energy Corp,52056,Nassau Energy Corp,ST1,NY,NYIS,Natural Gas Fired Combined Cycle,NG,CA,12.0,12.0,,,2022,7
22337,Alcoa World Alumina LLC,52069,Point Comfort Operations,GEN1,TX,ERCO,Natural Gas Steam Turbine,NG,ST,16.0,14.9,,,2019,12
22337,Alcoa World Alumina LLC,52069,Point Comfort Operations,GEN2,TX,ERCO,Natural Gas Steam Turbine,NG,ST,16.0,14.9,,,2019,12
22337,Alcoa World Alumina LLC,52069,Point Comfort Operations,GEN3,TX,ERCO,Natural Gas Steam Turbine,NG,ST,16.0,14.9,,,2019,12
22337,Alcoa World Alumina LLC,52069,Point Comfort Operations,GEN4,TX,ERCO,Natural Gas Steam Turbine,NG,ST,15.1,14.0,,,2019,12
55983,Luminant Generation Company LLC,52071,Sandow No 5,5,TX,ERCO,Conventional Steam Coal,LIG,ST,661.5,600.0,,,2018,1
55983,Luminant Generation Company LLC,52071,Sandow No 5,GEN1,TX,ERCO,Conventional Steam Coal,LIG,ST,121.0,121.0,,,2006,12
55983,Luminant Generation Company LLC,52071,Sandow No 5,GEN2,TX,ERCO,Conventional Steam Coal,LIG,ST,121.0,121.0,,,2006,12
55983,Luminant Generation Company LLC,52071,Sandow No 5,GEN3,TX,ERCO,Conventional Steam Coal,LIG,ST,121.0,121.0,,,2006,12
22218,U.S. Army - Radford,52072,Radford Army Ammunition Plant,GEN4,VA,PJM,Natural Gas Steam Turbine,NG,ST,6.0,5.6,,,2012,1
19524,University of California-LA,52073,UCLA So Campus Cogen Project,GEN1,CA,LDWP,Natural Gas Fired Combined Cycle,NG,CT,14.5,12.5,,,2024,4
19524,University of California-LA,52073,UCLA So Campus Cogen Project,GEN2,CA,LDWP,Natural Gas Fired Combined Cycle,NG,CT,14.5,12.5,,,2025,3
54713,Chevron USA Inc,52076,McKittrick Cogen,GEN1,CA,CISO,Natural Gas Fired Combustion Turbine,NG,GT,3.2,3.0,,,2012,6
54713,Chevron USA Inc,52076,McKittrick Cogen,GEN2,CA,CISO,Natural Gas Fired Combustion Turbine,NG,GT,3.2,3.0,,,2012,6
54713,Chevron USA Inc,52076,McKittrick Cogen,GEN3,CA,CISO,Natural Gas Fired Combustion Turbine,NG,GT,3.2,3.0,,,2012,6
164,AERA Energy LLC,52077,Lost Hills Cogeneration Plant,GEN4,CA,CISO,Natural Gas Fired Combustion Turbine,NG,GT,3.5,2.7,,,2021,4
49731,Chevron Business & Real Estate Services,52080,Concord Cogen,1606,CA,,Natural Gas Internal Combustion Engine,NG,IC,1.5,1.5,,,2010,7
3456,Chevron Products Co-Pascagoula,52084,Pascagoula Cogen,TG1,MS,SOCO,Other Gases,OG,ST,6.0,4.0,,,2012,10
57151,Celanese Acetate LLC,52089,Celanese Acetate LLC,DEG1,VA,PJM,Petroleum Liquids,DFO,IC,2.6,2.0,,,2003,12
13484,NewYork-Presbyterian Brooklyn Methodist Hospital,52091,NewYork-Presbyterian Brooklyn Methodist,3A,NY,NYIS,Natural Gas Internal Combustion Engine,NG,IC,0.9,0.7,,,2015,8
13484,NewYork-Presbyterian Brooklyn Methodist Hospital,52091,NewYork-Presbyterian Brooklyn Methodist,4C,NY,NYIS,Natural Gas Internal Combustion Engine,NG,IC,0.9,0.7,,,2015,8
54713,Chevron USA Inc,52092,Kern River Fee B Cogen,GEN1,CA,CISO,Natural Gas Fired Combustion Turbine,NG,GT,3.7,3.2,,,2011,3
163,AERA Energy LLC-Oxford,52093,Oxford Cogeneration Facility,GEN1,CA,,Natural Gas Fired Combustion Turbine,NG,GT,2.8,2.4,,,2011,1
163,AERA Energy LLC-Oxford,52093,Oxford Cogeneration Facility,GEN2,CA,,Natural Gas Fired Combustion Turbine,NG,GT,2.8,2.4,,,2011,1
54713,Chevron USA Inc,52094,Kern River Fee A Cogen,GEN1,CA,CISO,Natural Gas Fired Combustion Turbine,NG,GT,3.7,3.2,,,2011,3
54713,Chevron USA Inc,52094,Kern River Fee A Cogen,GEN2,CA,CISO,Natural Gas Fired Combustion Turbine,NG,GT,3.7,3.2,,,2011,3
54713,Chevron USA Inc,52095,Kern River Fee C Cogen,GEN1,CA,CISO,Natural Gas Fired Combustion Turbine,NG,GT,4.2,3.2,,,2011,3
54713,Chevron USA Inc,52095,Kern River Fee C Cogen,GEN2,CA,CISO,Natural Gas Fired Combustion Turbine,NG,GT,3.7,3.2,,,2011,3
49732,Chevron Products Company-Richmond,52105,Richmond Refinery TG800,GEN1,CA,CISO,Other Gases,OG,ST,4.0,3.7,,,2005,11
49732,Chevron Products Company-Richmond,52105,Richmond Refinery TG800,GEN2,CA,CISO,Other Gases,OG,ST,4.0,3.7,,,2005,5
49732,Chevron Products Company-Richmond,52105,Richmond Refinery TG800,GEN3,CA,CISO,Other Gases,OG,ST,4.0,3.7,,,2006,1
49732,Chevron Products Company-Richmond,52105,Richmond Refinery TG800,GEN4,CA,CISO,Other Gases,OG,ST,9.0,8.4,,,2005,10
18340,PES,52106,Philadelphia Refinery,GEN1,PA,PJM,Other Gases,OG,ST,10.0,7.7,,,2019,6
18340,PES,52106,Philadelphia Refinery,GEN2,PA,PJM,Other Gases,OG,ST,10.0,6.7,,,2019,6
18340,PES,52106,Philadelphia Refinery,GEN3,PA,PJM,Other Gases,OG,ST,10.0,0.4,,,2019,6
50163,Valero Energy Corporation,52108,Valero Energy Port Arthur Refinery,GEN1,TX,MISO,Natural Gas Fired Combined Cycle,NG,CT,17.2,14.0,,,2014,10
50163,Valero Energy Corporation,52108,Valero Energy Port Arthur Refinery,GEN2,TX,MISO,Natural Gas Fired Combustion Turbine,NG,GT,13.7,12.0,,,2014,10
50163,Valero Energy Corporation,52108,Valero Energy Port Arthur Refinery,GEN3,TX,MISO,Natural Gas Fired Combined Cycle,NG,CT,13.7,12.0,,,2006,11
50163,Valero Energy Corporation,52108,Valero Energy Port Arthur Refinery,GEN4,TX,MISO,Other Gases,OG,CA,10.0,10.0,,,2014,10
50163,Valero Energy Corporation,52108,Valero Energy Port Arthur Refinery,GEN5,TX,MISO,Other Gases,OG,CA,10.0,10.0,,,2014,10
50163,Valero Energy Corporation,52108,Valero Energy Port Arthur Refinery,GEN6,TX,MISO,Other Gases,OG,ST,10.0,10.0,,,2014,10
50163,Valero Energy Corporation,52108,Valero Energy Port Arthur Refinery,GEN7,TX,MISO,Other Gases,OG,ST,10.0,10.0,,,2014,10
4361,Ingredion Inc - Stockton,52115,Ingredion Stockton,GEN1,CA,CISO,Natural Gas Fired Combustion Turbine,NG,GT,2.8,2.8,,,2018,11
4361,Ingredion Inc - Stockton,52115,Ingredion Stockton,GEN2,CA,CISO,Natural Gas Fired Combustion Turbine,NG,GT,7.2,6.5,,,2018,11
19876,Virginia Electric & Power Co,52118,Multitrade of Pittsylvania LP,GEN1,VA,PJM,Wood/Wood Waste Biomass,WDS,ST,45.0,41.5,,,2019,3
19876,Virginia Electric & Power Co,52118,Multitrade of Pittsylvania LP,GEN2,VA,PJM,Wood/Wood Waste Biomass,WDS,ST,45.0,41.5,,,2019,3
15359,Primary Childrens Medical Ctr,52119,Primary Childrens Medical Center,CG01,UT,,Natural Gas Internal Combustion Engine,NG,IC,0.6,0.6,,,2010,10
15359,Primary Childrens Medical Ctr,52119,Primary Childrens Medical Center,CG02,UT,,Natural Gas Internal Combustion Engine,NG,IC,0.6,0.6,,,2010,10
15359,Primary Childrens Medical Ctr,52119,Primary Childrens Medical Center,CG03,UT,,Natural Gas Internal Combustion Engine,NG,IC,0.6,0.6,,,2010,10
59875,Olin Blue Cube Operations,52120,Freeport Energy,G-31,TX,ERCO,Natural Gas Fired Combined Cycle,NG,CA,50.0,50.0,,,2003,1
59875,Olin Blue Cube Operations,52120,Freeport Energy,G-33,TX,ERCO,Natural Gas Fired Combined Cycle,NG,CA,49.0,49.0,,,2007,1
59875,Olin Blue Cube Operations,52120,Freeport Energy,G-35,TX,ERCO,Natural Gas Fired Combined Cycle,NG,CT,119.0,95.6,,,2009,11
59875,Olin Blue Cube Operations,52120,Freeport Energy,G-36,TX,ERCO,Natural Gas Fired Combined Cycle,NG,CT,119.0,99.0,,,2009,10
59875,Olin Blue Cube Operations,52120,Freeport Energy,G-37,TX,ERCO,Natural Gas Fired Combustion Turbine,NG,GT,75.0,59.2,,,2023,6
59875,Olin Blue Cube Operations,52120,Freeport Energy,G-42,TX,ERCO,Natural Gas Fired Combined Cycle,NG,CA,50.0,46.0,,,2003,2
59875,Olin Blue Cube Operations,52120,Freeport Energy,G-45,TX,ERCO,Natural Gas Fired Combined Cycle,NG,CT,119.0,92.0,,,2003,11
59875,Olin Blue Cube Operations,52120,Freeport Energy,G-62,TX,ERCO,Natural Gas Fired Combined Cycle,NG,CT,94.5,68.3,,,2011,8
64954,Contango Oil and Gas,52127,Elk Basin Gasoline Plant,GEN1,WY,PACE,Other Gases,OG,ST,1.0,0.8,,,2026,1
64954,Contango Oil and Gas,52127,Elk Basin Gasoline Plant,GEN3,WY,PACE,Other Gases,OG,ST,0.5,0.4,,,2007,3
49744,Merit Energy Company,52129,Anschutz Ranch East,GEN1,WY,,Natural Gas Fired Combustion Turbine,NG,GT,25.3,20.0,,,2007,8
49744,Merit Energy Company,52129,Anschutz Ranch East,GEN2,WY,,Natural Gas Fired Combustion Turbine,NG,GT,25.3,20.0,,,2007,8
44466,BP PLC,52130,Whiting Refinery,15TG,IN,MISO,Other Gases,OG,ST,5.0,5.0,,,2011,2
44466,BP PLC,52130,Whiting Refinery,17TG,IN,MISO,Other Gases,OG,ST,5.0,5.0,,,2004,6
17566,South Houston Green Power LLC,52131,Power Station 3,307A,TX,,Natural Gas Fired Combined Cycle,NG,CA,22.0,20.0,,,2004,12
17566,South Houston Green Power LLC,52131,Power Station 3,307B,TX,,Natural Gas Fired Combined Cycle,NG,CA,22.0,20.0,,,2004,12
17566,South Houston Green Power LLC,52131,Power Station 3,307C,TX,,Natural Gas Fired Combined Cycle,NG,CT,15.6,10.0,,,2004,12
17566,South Houston Green Power LLC,52131,Power Station 3,307D,TX,,Natural Gas Fired Combined Cycle,NG,CA,22.0,20.0,,,2004,12
17566,South Houston Green Power LLC,52131,Power Station 3,307E,TX,,Natural Gas Fired Combined Cycle,NG,CT,15.6,13.5,,,2004,12
17566,South Houston Green Power LLC,52131,Power Station 3,307F,TX,,Natural Gas Fired Combined Cycle,NG,CT,20.7,14.0,,,2004,12
34691,Ormat Nevada Inc,52138,Steamboat 1A Power Plant,DE31,NV,NEVP,Geothermal,GEO,BT,1.2,0.9,,,2018,12
34691,Ormat Nevada Inc,52138,Steamboat 1A Power Plant,DE32,NV,NEVP,Geothermal,GEO,BT,1.2,0.9,,,2018,12
12327,Merck & Company Inc - Cherokee,52146,Cherokee Plant,001,PA,,Natural Gas Steam Turbine,NG,ST,2.5,2.5,,,2003,6
12320,Merck & Co Inc,52148,Elkton,GEN2,VA,PJM,Petroleum Liquids,DFO,IC,0.9,0.8,,,2021,10
12320,Merck & Co Inc,52148,Elkton,GEN3,VA,PJM,Natural Gas Internal Combustion Engine,NG,IC,1.1,1.0,,,2022,10
12320,Merck & Co Inc,52148,Elkton,GEN4,VA,PJM,Natural Gas Internal Combustion Engine,NG,IC,0.3,0.3,,,2023,12
12303,Merck & Co Inc-West Point,52149,West Point (PA),GEN1,PA,PJM,Natural Gas Steam Turbine,NG,ST,3.0,3.0,,,2014,12
12303,Merck & Co Inc-West Point,52149,West Point (PA),GEN4,PA,PJM,Natural Gas Internal Combustion Engine,NG,IC,1.7,1.7,,,2020,5
12303,Merck & Co Inc-West Point,52149,West Point (PA),GEN6,PA,PJM,Petroleum Liquids,DFO,IC,1.2,1.2,,,2017,8
12303,Merck & Co Inc-West Point,52149,West Point (PA),GEN7,PA,PJM,Natural Gas Internal Combustion Engine,NG,IC,0.7,0.7,,,2022,8
9348,GFC - Franklin,52152,International Paper Franklin Mill,GE10,VA,PJM,Natural Gas Fired Combustion Turbine,NG,GT,46.4,46.4,,,2018,6
9348,GFC - Franklin,52152,International Paper Franklin Mill,GEN1,VA,PJM,Wood/Wood Waste Biomass,BLQ,ST,5.0,5.0,,,2010,6
9348,GFC - Franklin,52152,International Paper Franklin Mill,GEN2,VA,PJM,Wood/Wood Waste Biomass,BLQ,ST,3.7,3.7,,,2010,6
9348,GFC - Franklin,52152,International Paper Franklin Mill,GEN3,VA,PJM,Wood/Wood Waste Biomass,BLQ,ST,2.5,2.5,,,2010,6
9348,GFC - Franklin,52152,International Paper Franklin Mill,GEN6,VA,PJM,Wood/Wood Waste Biomass,BLQ,ST,9.3,9.3,,,2010,6
9348,GFC - Franklin,52152,International Paper Franklin Mill,GEN7,VA,PJM,Wood/Wood Waste Biomass,BLQ,ST,15.6,15.6,,,2010,6
9348,GFC - Franklin,52152,International Paper Franklin Mill,GEN8,VA,PJM,Wood/Wood Waste Biomass,BLQ,ST,27.5,27.5,,,2010,6
2770,Terra-Gen Operating Co-Wind,52160,Victory Garden Phase IV LLC,WGNS,CA,CISO,Onshore Wind Turbine,WND,WT,22.0,22.0,,,2020,1
2770,Terra-Gen Operating Co-Wind,52161,Terra-Gen 251 Wind LLC,WGNS,CA,CISO,Onshore Wind Turbine,WND,WT,18.4,18.4,,,2020,1
64311,Wind Wall 1 LLC,52162,85 A,WGNS,CA,CISO,Onshore Wind Turbine,WND,WT,14.1,14.1,,,2019,12
64311,Wind Wall 1 LLC,52163,85 B,WTGN,CA,CISO,Onshore Wind Turbine,WND,WT,21.2,21.2,,,2019,11
61444,"Terra-Gen 251 Wind, LLC",52165,Helzel & Schwarzhoff 88 Wind Farm,WGNS,CA,CISO,Onshore Wind Turbine,WND,WT,1.8,1.8,,,2020,1
24210,Riverbay Corp,52168,Riverbay,GEN1,NY,NYIS,Petroleum Liquids,RFO,ST,6.0,5.6,,,2006,10
56677,Cyrq Energy Corp,52174,Soda Lake Geothermal No I II,OE11,NV,NEVP,Geothermal,GEO,ST,1.2,0.8,,,2019,1
56677,Cyrq Energy Corp,52174,Soda Lake Geothermal No I II,OE12,NV,NEVP,Geothermal,GEO,ST,1.2,0.9,,,2019,1
56677,Cyrq Energy Corp,52174,Soda Lake Geothermal No I II,OE13,NV,NEVP,Geothermal,GEO,ST,1.2,0.9,,,2019,1
56677,Cyrq Energy Corp,52174,Soda Lake Geothermal No I II,OE21,NV,NEVP,Geothermal,GEO,ST,1.5,1.1,,,2019,1
56677,Cyrq Energy Corp,52174,Soda Lake Geothermal No I II,OEC1,NV,NEVP,Geothermal,GEO,ST,3.5,1.2,,,2019,1
56677,Cyrq Energy Corp,52174,Soda Lake Geothermal No I II,OEC2,NV,NEVP,Geothermal,GEO,ST,3.5,1.2,,,2019,1
56677,Cyrq Energy Corp,52174,Soda Lake Geothermal No I II,OEC3,NV,NEVP,Geothermal,GEO,ST,3.5,1.3,,,2019,1
56677,Cyrq Energy Corp,52174,Soda Lake Geothermal No I II,OEC4,NV,NEVP,Geothermal,GEO,ST,3.5,1.3,,,2022,1
56677,Cyrq Energy Corp,52174,Soda Lake Geothermal No I II,OEC5,NV,NEVP,Geothermal,GEO,ST,3.5,1.3,,,2022,1
56677,Cyrq Energy Corp,52174,Soda Lake Geothermal No I II,OEC6,NV,NEVP,Geothermal,GEO,ST,3.5,1.3,,,2022,1
15300,"BHER Power Resources, Inc",52176,C R Wing Cogen Plant,GEN3,TX,ERCO,Natural Gas Fired Combined Cycle,NG,CA,75.0,70.0,,,2024,5
6897,G-P Gypsum Corp,52182,G-P Gypsum,GEN1,GA,,Natural Gas Fired Combustion Turbine,NG,GT,0.8,0.7,,,2004,5
6897,G-P Gypsum Corp,52182,G-P Gypsum,GEN2,GA,,Natural Gas Fired Combustion Turbine,NG,GT,0.8,0.7,,,2004,5
4202,Phillips 66-Ponca City Refinery,52188,Ponca City Refinery,G1,OK,SWPP,Other Gases,OG,ST,4.0,3.0,,,2010,8
4202,Phillips 66-Ponca City Refinery,52188,Ponca City Refinery,G2,OK,SWPP,Other Gases,OG,ST,4.0,3.0,,,2010,8
4202,Phillips 66-Ponca City Refinery,52188,Ponca City Refinery,G3,OK,SWPP,Natural Gas Steam Turbine,NG,ST,10.0,9.0,,,2007,1
26977,Ridgewood Power Management LLC,52198,JRW Associates LP,GEN1,CA,,Natural Gas Steam Turbine,NG,ST,1.3,1.1,,,2008,10
26977,Ridgewood Power Management LLC,52198,JRW Associates LP,GEN2,CA,,Natural Gas Steam Turbine,NG,ST,1.3,1.1,,,2008,10
26977,Ridgewood Power Management LLC,52198,JRW Associates LP,GEN3,CA,,Natural Gas Internal Combustion Engine,NG,IC,1.3,1.1,,,2008,10
26977,Ridgewood Power Management LLC,52198,JRW Associates LP,GEN4,CA,,Natural Gas Internal Combustion Engine,NG,IC,1.3,1.1,,,2008,10
26977,Ridgewood Power Management LLC,52198,JRW Associates LP,GEN5,CA,,Natural Gas Internal Combustion Engine,NG,IC,1.3,1.1,,,2008,10
26977,Ridgewood Power Management LLC,52198,JRW Associates LP,GEN6,CA,,Natural Gas Internal Combustion Engine,NG,IC,1.3,1.1,,,2008,10
26977,Ridgewood Power Management LLC,52198,JRW Associates LP,GEN7,CA,,Natural Gas Internal Combustion Engine,NG,IC,1.3,1.1,,,2008,10
26977,Ridgewood Power Management LLC,52198,JRW Associates LP,GEN8,CA,,Natural Gas Internal Combustion Engine,NG,IC,1.3,1.1,,,2008,10
26977,Ridgewood Power Management LLC,52199,Ridgewood/Byron Power Partners,GEN1,CA,,Natural Gas Internal Combustion Engine,NG,IC,1.3,1.1,,,2008,10
26977,Ridgewood Power Management LLC,52199,Ridgewood/Byron Power Partners,GEN2,CA,,Natural Gas Internal Combustion Engine,NG,IC,1.3,1.1,,,2008,10
26977,Ridgewood Power Management LLC,52199,Ridgewood/Byron Power Partners,GEN3,CA,,Natural Gas Internal Combustion Engine,NG,IC,1.3,1.1,,,2008,10
26977,Ridgewood Power Management LLC,52199,Ridgewood/Byron Power Partners,GEN4,CA,,Natural Gas Internal Combustion Engine,NG,IC,1.3,1.1,,,2008,10
26977,Ridgewood Power Management LLC,52199,Ridgewood/Byron Power Partners,GEN5,CA,,Natural Gas Internal Combustion Engine,NG,IC,1.3,1.1,,,2008,10
10885,LFG Energy Inc,52200,LFG Energy,GE53,NY,,Landfill Gas,LFG,IC,0.8,0.8,,,2003,7
10885,LFG Energy Inc,52200,LFG Energy,GE54,NY,,Landfill Gas,LFG,IC,0.8,0.8,,,2003,7
10885,LFG Energy Inc,52200,LFG Energy,GE55,NY,,Landfill Gas,LFG,IC,0.8,0.8,,,2003,7
10885,LFG Energy Inc,52200,LFG Energy,GE58,NY,,Landfill Gas,LFG,IC,0.8,0.8,,,2003,7
10885,LFG Energy Inc,52200,LFG Energy,S,NY,,Landfill Gas,LFG,IC,0.8,0.8,,,2003,7
18337,Sunnyside Cogen Partners,52201,Sunnyside Cogen Partners,GEN1,CA,,Natural Gas Internal Combustion Engine,NG,IC,1.3,1.1,,,2008,1
18337,Sunnyside Cogen Partners,52201,Sunnyside Cogen Partners,GEN2,CA,,Natural Gas Internal Combustion Engine,NG,IC,1.3,1.1,,,2008,1
18337,Sunnyside Cogen Partners,52201,Sunnyside Cogen Partners,GEN3,CA,,Natural Gas Internal Combustion Engine,NG,IC,1.3,1.1,,,2008,1
18337,Sunnyside Cogen Partners,52201,Sunnyside Cogen Partners,GEN4,CA,,Natural Gas Internal Combustion Engine,NG,IC,1.3,1.1,,,2008,1
18337,Sunnyside Cogen Partners,52201,Sunnyside Cogen Partners,GEN5,CA,,Natural Gas Internal Combustion Engine,NG,IC,1.3,1.1,,,2008,1
44135,8309 Tujunga Avenue Corp,52203,Gude,GUD1,MD,,Landfill Gas,LFG,IC,1.4,1.3,,,2006,1
44135,8309 Tujunga Avenue Corp,52203,Gude,GUD2,MD,,Landfill Gas,LFG,IC,1.4,1.3,,,2006,1
57165,"Otay Landfill Gas LLC c/o EPP Service Company, LLC",52204,"Otay Landfill Gas, LLC",OTA1,CA,CISO,Landfill Gas,LFG,IC,1.8,1.5,,,2019,12
57165,"Otay Landfill Gas LLC c/o EPP Service Company, LLC",52204,"Otay Landfill Gas, LLC",OTA2,CA,CISO,Landfill Gas,LFG,IC,1.8,1.5,,,2019,12
57165,"Otay Landfill Gas LLC c/o EPP Service Company, LLC",52204,"Otay Landfill Gas, LLC",OTA3,CA,CISO,Landfill Gas,LFG,IC,3.7,3.2,,,2019,11
57165,"Otay Landfill Gas LLC c/o EPP Service Company, LLC",52204,"Otay Landfill Gas, LLC",OTA5,CA,CISO,Landfill Gas,LFG,IC,1.6,1.5,,,2019,12
57165,"Otay Landfill Gas LLC c/o EPP Service Company, LLC",52204,"Otay Landfill Gas, LLC",OTA6,CA,CISO,Landfill Gas,LFG,IC,1.6,1.5,,,2019,12
14359,Pacific Recovery Corp,52205,Salinas,SAL1,CA,,Landfill Gas,LFG,IC,1.4,1.3,,,2009,12
14359,Pacific Recovery Corp,52206,Oxnard,OXN1,CA,,Landfill Gas,LFG,IC,1.8,1.7,,,2009,12
14359,Pacific Recovery Corp,52206,Oxnard,OXN2,CA,,Landfill Gas,LFG,IC,1.8,1.7,,,2009,12
14359,Pacific Recovery Corp,52206,Oxnard,OXN3,CA,,Landfill Gas,LFG,IC,1.8,1.7,,,2009,12
14359,Pacific Recovery Corp,52207,Santa Clara,SCLA,CA,,Landfill Gas,LFG,IC,1.4,1.3,,,2005,11
56552,The Dow Chemical Company,54001,Pittsburg Power Plant,GEN1,CA,,Natural Gas Fired Combustion Turbine,NG,GT,20.8,16.5,,,2010,3
56552,The Dow Chemical Company,54001,Pittsburg Power Plant,GEN2,CA,,Natural Gas Fired Combustion Turbine,NG,GT,26.6,22.0,,,2010,3
56552,The Dow Chemical Company,54001,Pittsburg Power Plant,GEN3,CA,,Natural Gas Fired Combustion Turbine,NG,GT,26.6,22.0,,,2010,3
57224,MM West Covina Energy LLC,54015,MM West Covina,GEN3,CA,CISO,Landfill Gas,LFG,GT,4.9,4.4,,,2018,12
54842,WM Renewable Energy LLC,54033,Wheelabrator North Broward,GEN1,FL,FPL,Municipal Solid Waste,MSW,ST,67.6,56.0,,,2015,7
55808,Westmoreland Partners,54035,Roanoke Valley Energy Facility I,GEN1,NC,PJM,Conventional Steam Coal,BIT,ST,182.3,165.0,,,2017,2
21020,Wythe Park Power Inc,54045,Wythe Park Power Petersburg Plant,1,VA,PJM,Petroleum Liquids,WO,IC,3.0,3.0,,,2013,8
21020,Wythe Park Power Inc,54047,Wythe Park Power 3 Richmond Plant,EXIS,VA,PJM,Petroleum Liquids,DFO,IC,3.0,3.0,,,2010,9
2518,U S Bureau of Reclamation,54050,Glines Hydroelectric Project,GEN1,WA,BPAT,Conventional Hydroelectric,WAT,HY,16.3,6.0,,,2011,6
2518,U S Bureau of Reclamation,54051,Elwha Hydroelectric Project,GEN1,WA,BPAT,Conventional Hydroelectric,WAT,HY,3.0,3.0,,,2011,6
2518,U S Bureau of Reclamation,54051,Elwha Hydroelectric Project,GEN2,WA,BPAT,Conventional Hydroelectric,WAT,HY,3.0,3.0,,,2011,6
2518,U S Bureau of Reclamation,54051,Elwha Hydroelectric Project,GEN3,WA,BPAT,Conventional Hydroelectric,WAT,HY,3.3,3.2,,,2011,6
2518,U S Bureau of Reclamation,54051,Elwha Hydroelectric Project,GEN4,WA,BPAT,Conventional Hydroelectric,WAT,HY,3.3,3.3,,,2011,6
14584,Pawtucket Power Associates LP,54056,Pawtucket Power Associates,GEN1,RI,ISNE,Natural Gas Fired Combined Cycle,NG,CT,41.8,33.0,,,2021,3
14584,Pawtucket Power Associates LP,54056,Pawtucket Power Associates,GEN2,RI,ISNE,Natural Gas Fired Combined Cycle,NG,CA,27.0,27.0,,,2021,3
49955,Ainsworth Engineered USA LLC,54061,Minnesota Wood Products,GEN1,MN,,Wood/Wood Waste Biomass,WDS,ST,12.5,11.0,,,2006,8
61854,Veolia Energy Operating Service,54081,Spruance Operating Services LLC,GEN1,VA,PJM,Conventional Steam Coal,BIT,ST,57.4,52.5,,,2021,1
61854,Veolia Energy Operating Service,54081,Spruance Operating Services LLC,GEN2,VA,PJM,Conventional Steam Coal,BIT,ST,57.4,52.5,,,2021,1
55738,Pixelle Androscoggin LLC,54085,Androscoggin Mill,GEN1,ME,ISNE,Natural Gas Steam Turbine,NG,ST,25.0,25.0,,,2023,3
55738,Pixelle Androscoggin LLC,54085,Androscoggin Mill,GEN2,ME,ISNE,Natural Gas Steam Turbine,NG,ST,25.0,25.0,,,2023,3
55738,Pixelle Androscoggin LLC,54085,Androscoggin Mill,GEN3,ME,ISNE,Natural Gas Steam Turbine,NG,ST,30.0,30.0,,,2023,3
9362,International Paper Co-HudsonR,54088,International Paper Hudson River Mill,GEN1,NY,,Natural Gas Steam Turbine,NG,ST,38.4,25.0,,,2002,10
9358,International Paper Co,54089,International Paper Lock Haven Mill,GEN1,PA,,Conventional Steam Coal,BIT,ST,5.0,4.7,,,2002,3
9358,International Paper Co,54089,International Paper Lock Haven Mill,GEN3,PA,,Conventional Steam Coal,BIT,ST,5.0,4.7,,,2002,3
9358,International Paper Co,54089,International Paper Lock Haven Mill,GEN4,PA,,Conventional Steam Coal,BIT,ST,24.7,23.1,,,2002,3
9356,International Paper Co,54090,International Paper Louisiana Mill,GEN3,LA,,Wood/Wood Waste Biomass,BLQ,ST,21.8,25.0,,,2010,12
9356,International Paper Co,54090,International Paper Louisiana Mill,GEN4,LA,,Wood/Wood Waste Biomass,BLQ,ST,37.5,37.5,,,2010,12
9312,IPC-Mansfield Mill,54091,Mansfield Mill,GEN4,LA,MISO,Natural Gas Fired Combustion Turbine,NG,GT,25.0,29.5,,,2019,5
9452,International Paper Co-Natchez,54094,International Paper Natchez Mill,GEN1,MS,,Natural Gas Steam Turbine,NG,ST,13.0,11.0,,,2003,7
9452,International Paper Co-Natchez,54094,International Paper Natchez Mill,GEN2,MS,,Natural Gas Steam Turbine,NG,ST,9.5,9.0,,,2003,7
9452,International Paper Co-Natchez,54094,International Paper Natchez Mill,GEN3,MS,,Natural Gas Steam Turbine,NG,ST,30.0,28.8,,,2003,7
9190,International Paper Co - Pine,54095,Pineville Mill,GEN1,LA,,Natural Gas Steam Turbine,NG,ST,25.0,22.0,,,2009,12
7172,Georgia-Pacific Cedar Springs LLC,54101,Georgia-Pacific Cedar Springs,GEN1,GA,SOCO,Wood/Wood Waste Biomass,BLQ,ST,50.0,45.0,,,2025,7
7172,Georgia-Pacific Cedar Springs LLC,54101,Georgia-Pacific Cedar Springs,GEN2,GA,SOCO,Wood/Wood Waste Biomass,BLQ,ST,51.2,45.0,,,2025,7
5033,Domtar Industries Inc,54103,Port Edwards Mill,GEN4,WI,MISO,Petroleum Liquids,RFO,ST,1.9,1.8,,,2013,3
5033,Domtar Industries Inc,54103,Port Edwards Mill,GEN7,WI,MISO,Petroleum Liquids,RFO,ST,5.0,4.7,,,2013,3
49748,"ORCAL Geothermal, Inc",54111,Second Imperial Geothermal,GE10,CA,IID,Geothermal,GEO,BT,4.5,3.8,,,2022,10
49748,"ORCAL Geothermal, Inc",54111,Second Imperial Geothermal,GE11,CA,IID,Geothermal,GEO,BT,4.5,3.8,,,2022,10
49748,"ORCAL Geothermal, Inc",54111,Second Imperial Geothermal,GE12,CA,IID,Geothermal,GEO,BT,4.5,3.8,,,2022,10
49748,"ORCAL Geothermal, Inc",54111,Second Imperial Geothermal,GEN1,CA,IID,Geothermal,GEO,BT,3.5,3.0,,,2022,10
49748,"ORCAL Geothermal, Inc",54111,Second Imperial Geothermal,GEN2,CA,IID,Geothermal,GEO,BT,3.5,3.0,,,2022,10
49748,"ORCAL Geothermal, Inc",54111,Second Imperial Geothermal,GEN3,CA,IID,Geothermal,GEO,BT,3.5,3.0,,,2022,10
49748,"ORCAL Geothermal, Inc",54111,Second Imperial Geothermal,GEN4,CA,IID,Geothermal,GEO,BT,3.5,3.0,,,2022,10
49748,"ORCAL Geothermal, Inc",54111,Second Imperial Geothermal,GEN5,CA,IID,Geothermal,GEO,BT,3.5,3.0,,,2022,10
49748,"ORCAL Geothermal, Inc",54111,Second Imperial Geothermal,GEN6,CA,IID,Geothermal,GEO,BT,3.5,3.0,,,2022,10
49748,"ORCAL Geothermal, Inc",54111,Second Imperial Geothermal,GEN7,CA,IID,Geothermal,GEO,BT,4.5,3.8,,,2022,10
49748,"ORCAL Geothermal, Inc",54111,Second Imperial Geothermal,GEN8,CA,IID,Geothermal,GEO,BT,4.5,3.8,,,2022,10
49748,"ORCAL Geothermal, Inc",54111,Second Imperial Geothermal,GEN9,CA,IID,Geothermal,GEO,BT,4.5,3.8,,,2022,10
6837,Fulton Cogen Assoc- Fulton Cogen,54138,Fulton Cogeneration Associates,GTG,NY,,Natural Gas Fired Combustion Turbine,NG,GT,47.0,42.0,,,2008,9
4129,Colmac Clarion Inc,54144,Piney Creek Project,GEN1,PA,PJM,Conventional Steam Coal,WC,ST,36.2,32.5,,,2014,1
9434,Iowa State University,54201,Iowa State University,1,IA,MISO,Conventional Steam Coal,BIT,ST,3.0,3.0,,,2004,6
9434,Iowa State University,54201,Iowa State University,GEN4,IA,MISO,Natural Gas Steam Turbine,NG,ST,6.2,0.0,,,2021,7
56616,Clevelandcliffs Warren,54207,Clevelandcliffs Warren,GEN2,OH,PJM,Other Gases,OG,ST,7.5,7.0,,,2018,2
14938,Phelps Dodge Corp-Hidalgo,54208,Hidalgo Smelter,EMD3,NM,,Petroleum Liquids,DFO,IC,2.5,2.5,,,2005,1
14938,Phelps Dodge Corp-Hidalgo,54208,Hidalgo Smelter,EMD4,NM,,Petroleum Liquids,DFO,IC,2.5,2.5,,,2005,1
14938,Phelps Dodge Corp-Hidalgo,54208,Hidalgo Smelter,EMD5,NM,,Petroleum Liquids,DFO,IC,2.5,2.5,,,2005,1
14938,Phelps Dodge Corp-Hidalgo,54208,Hidalgo Smelter,TGU1,NM,,Natural Gas Steam Turbine,NG,ST,15.0,15.0,,,2005,1
14938,Phelps Dodge Corp-Hidalgo,54208,Hidalgo Smelter,TGU2,NM,,Natural Gas Steam Turbine,NG,ST,15.0,15.0,,,2005,1
2053,Bowater Newport Coosa Pines Op,54216,U S Alliance Coosa Pines,AOW1,AL,SOCO,Conventional Steam Coal,BIT,ST,5.0,4.7,,,2008,11
2053,Bowater Newport Coosa Pines Op,54216,U S Alliance Coosa Pines,AOW2,AL,SOCO,Conventional Steam Coal,BIT,ST,5.0,4.7,,,2008,11
2053,Bowater Newport Coosa Pines Op,54216,U S Alliance Coosa Pines,AOW3,AL,SOCO,Conventional Steam Coal,BIT,ST,5.0,4.7,,,2003,1
2053,Bowater Newport Coosa Pines Op,54216,U S Alliance Coosa Pines,AOW4,AL,SOCO,Conventional Steam Coal,BIT,ST,5.0,4.7,,,2008,11
2053,Bowater Newport Coosa Pines Op,54216,U S Alliance Coosa Pines,AOW5,AL,SOCO,Conventional Steam Coal,BIT,ST,5.0,4.7,,,2008,11
2053,Bowater Newport Coosa Pines Op,54216,U S Alliance Coosa Pines,AOW6,AL,SOCO,Natural Gas Steam Turbine,NG,ST,12.5,12.5,,,2019,1
61286,CCP Power Solutions,54219,Burney Mountain Power,GEN1,CA,CISO,Wood/Wood Waste Biomass,WDS,ST,11.4,9.8,,,2012,11
29925,Enterprise Products Optg LP,54221,Blanco Compressor Station,1,NM,WACM,Natural Gas Steam Turbine,NG,ST,1.5,1.0,,,2011,1
29925,Enterprise Products Optg LP,54221,Blanco Compressor Station,2,NM,WACM,Natural Gas Steam Turbine,NG,ST,1.5,1.0,,,2011,1
6738,Franklin Heating Station,54224,Franklin Heating Station,DG6,MN,MISO,Natural Gas Internal Combustion Engine,NG,IC,2.4,2.3,,,2021,2
6738,Franklin Heating Station,54224,Franklin Heating Station,DG7,MN,MISO,Natural Gas Internal Combustion Engine,NG,IC,2.4,2.3,,,2021,1
7209,The Gillette Company,54225,Gillette SBMC,TG1,MA,ISNE,Natural Gas Steam Turbine,NG,ST,7.1,6.3,,,2010,1
31164,PCS Nitrogen Fertilizer LP,54226,PCS Nitrogen Fertilizer LP,GEN1,TN,,Natural Gas Fired Combustion Turbine,NG,GT,25.0,25.0,,,2003,6
5989,Erving Paper Mills Inc,54228,Erving Paper Mills,1,MA,ISNE,Petroleum Liquids,RFO,ST,2.5,0.3,,,2011,1
2999,Caraustar Industries Inc,54235,Rittman Paperboard,GEN1,OH,PJM,Conventional Steam Coal,BIT,ST,3.0,3.0,,,2013,4
2999,Caraustar Industries Inc,54235,Rittman Paperboard,GEN2,OH,PJM,Conventional Steam Coal,BIT,ST,5.0,5.0,,,2013,4
2999,Caraustar Industries Inc,54235,Rittman Paperboard,GEN3,OH,PJM,Conventional Steam Coal,BIT,ST,6.0,6.0,,,2013,4
14928,Pfizer Inc,54236,Pfizer Groton Plant,TG 1,CT,ISNE,Natural Gas Steam Turbine,NG,ST,2.5,2.5,,,2005,1
14928,Pfizer Inc,54236,Pfizer Groton Plant,TG 2,CT,ISNE,Natural Gas Steam Turbine,NG,ST,2.5,2.5,,,2015,6
11233,Louisiana Tech University,54240,Louisiana Tech University Power Plant,TG1,LA,MISO,Natural Gas Steam Turbine,NG,ST,2.5,2.5,,,2002,12
11233,Louisiana Tech University,54240,Louisiana Tech University Power Plant,TG2,LA,MISO,Natural Gas Steam Turbine,NG,ST,5.0,4.6,,,2008,2
27075,San Diego County Water Auth,54242,Alvarado Hydro Facility,AHF,CA,CISO,Conventional Hydroelectric,WAT,HY,2.1,1.4,,,2011,7
55783,Cumberland and Western Resources,54243,Brown Williamson Tobacco,BWO1,GA,,Conventional Steam Coal,BIT,ST,1.5,0.8,,,2006,12
3468,Chemical Lime Co,54245,Nelson Plant Generators,EXI1,AZ,,Petroleum Liquids,DFO,IC,1.1,1.1,,,2011,9
3468,Chemical Lime Co,54245,Nelson Plant Generators,EXI2,AZ,,Petroleum Liquids,DFO,IC,1.1,1.1,,,2010,11
16203,Rock-Tenn,54248,Rock Tenn Dallas Mill,GEN1,TX,,Natural Gas Steam Turbine,NG,ST,6.2,6.2,,,2006,1
21063,WPI Packaging & Maint Co Inc,54252,Byxbee Park Sanitary Landfill,GEN1,CA,,Landfill Gas,LFG,IC,1.0,1.0,,,2004,12
21063,WPI Packaging & Maint Co Inc,54252,Byxbee Park Sanitary Landfill,GEN2,CA,,Landfill Gas,LFG,IC,1.0,1.0,,,2004,12
16502,S&L Cogeneration Co,54253,S&L Cogeneration,GEN1,TX,,Natural Gas Fired Combustion Turbine,NG,GT,55.0,35.0,,,2008,12
59099,"New Dimension Energy Company, LLC",54258,Westwind Trust,WIN1,CA,CISO,Onshore Wind Turbine,WND,WT,16.0,16.0,,,2017,12
17897,St Mary's Hospital,54262,Saint Marys Hospital Power Plant,6,MN,MISO,Natural Gas Internal Combustion Engine,NG,IC,2.7,2.7,,,2020,5
58835,Akron Energy Systems LLC,54265,Akron Recycle Energy Plant,1,OH,PJM,Natural Gas Steam Turbine,NG,ST,2.0,2.0,,,2022,6
58835,Akron Energy Systems LLC,54265,Akron Recycle Energy Plant,2,OH,PJM,Natural Gas Steam Turbine,NG,ST,2.0,2.0,,,2022,6
64469,HF Sinclair Corporation,54268,HF Sinclair Puget Sound Refining,STG1,WA,PSEI,Natural Gas Fired Combined Cycle,NG,CA,27.0,26.0,,,2015,6
9394,Interstate Paper LLC,54281,Interstate Paper LLC Riceboro,577A,GA,SOCO,Wood/Wood Waste Biomass,BLQ,ST,14.5,14.5,,,2025,9
30067,Rolls Royce Corp,54286,Rolls Royce,63F5,IN,MISO,Natural Gas Fired Combustion Turbine,NG,GT,2.5,2.1,,,2011,4
30067,Rolls Royce Corp,54286,Rolls Royce,N8OT,IN,MISO,Landfill Gas,LFG,GT,5.0,4.0,,,2016,12
30067,Rolls Royce Corp,54286,Rolls Royce,RIOT,IN,MISO,Natural Gas Fired Combustion Turbine,NG,GT,4.0,3.3,,,2008,3
30067,Rolls Royce Corp,54286,Rolls Royce,RO9T,IN,MISO,Natural Gas Fired Combustion Turbine,NG,GT,4.0,3.3,,,2008,3
9591,Jefferson Smurfit Corp,54288,Jefferson Smurfit JSC,1,PA,,Petroleum Liquids,DFO,ST,6.0,5.6,,,2004,1
9591,Jefferson Smurfit Corp,54288,Jefferson Smurfit JSC,2,PA,,Petroleum Liquids,DFO,ST,6.0,5.6,,,2004,1
2670,Sherwin Alumina Company,54291,Sherwin Alumina,1,TX,ERCO,All Other,PUR,ST,6.0,6.0,,,2016,10
2670,Sherwin Alumina Company,54291,Sherwin Alumina,2,TX,ERCO,All Other,PUR,ST,6.0,6.0,,,2016,10
2670,Sherwin Alumina Company,54291,Sherwin Alumina,3,TX,ERCO,All Other,PUR,ST,6.0,6.0,,,2016,10
2670,Sherwin Alumina Company,54291,Sherwin Alumina,4,TX,ERCO,All Other,PUR,ST,6.0,6.0,,,2016,10
67529,"CADC MSP01, LLC",54294,West Group Data Center,2178,MN,MISO,Petroleum Liquids,DFO,IC,1.5,0.7,,,2005,6
67529,"CADC MSP01, LLC",54294,West Group Data Center,2179,MN,MISO,Petroleum Liquids,DFO,IC,1.5,0.7,,,2005,6
67529,"CADC MSP01, LLC",54294,West Group Data Center,2180,MN,MISO,Petroleum Liquids,DFO,IC,2.0,0.7,,,2005,6
1752,Biola University,54296,Biola University Hybrid,EG1,CA,CISO,Natural Gas Internal Combustion Engine,NG,IC,0.6,0.6,,,2020,11
1752,Biola University,54296,Biola University Hybrid,EG2,CA,CISO,Natural Gas Internal Combustion Engine,NG,IC,0.6,0.6,,,2020,11
4579,"Coram Energy, LLC",54297,Coram Energy LLC,SX15,CA,CISO,Onshore Wind Turbine,WND,WT,1.0,1.0,,,2004,12
64260,Nextera Energy Resources,54298,Coram Energy LLC (ECT),SX1S,CA,CISO,Onshore Wind Turbine,WND,WT,3.3,3.3,,,2005,12
64260,Nextera Energy Resources,54299,Coram Energy LLC,SX15,CA,CISO,Onshore Wind Turbine,WND,WT,1.4,1.4,,,2005,12
12382,Metropolitan Dist of Hartford,54301,Colebrook Hydroelectric,BK1,CT,ISNE,Conventional Hydroelectric,WAT,HY,1.5,1.4,,,2019,5
12382,Metropolitan Dist of Hartford,54301,Colebrook Hydroelectric,BK2,CT,ISNE,Conventional Hydroelectric,WAT,HY,1.5,1.4,,,2019,5
1735,Birchwood Power Partners LP,54304,Birchwood Power,1,VA,PJM,Conventional Steam Coal,BIT,ST,258.3,237.7,,,2021,3
772,Archer Daniels Midland Co,54310,Galesburg,GEN1,IL,MISO,Natural Gas Internal Combustion Engine,NG,IC,1.0,1.0,,,2012,1
772,Archer Daniels Midland Co,54310,Galesburg,GEN2,IL,MISO,Natural Gas Internal Combustion Engine,NG,IC,1.0,1.0,,,2012,1
772,Archer Daniels Midland Co,54310,Galesburg,GEN3,IL,MISO,Natural Gas Internal Combustion Engine,NG,IC,1.0,1.0,,,2012,1
772,Archer Daniels Midland Co,54312,Archer Daniels Midland Taylorville,GEN1,IL,,Natural Gas Fired Combustion Turbine,NG,GT,4.6,4.0,,,2003,1
33308,International Malting Co.,54313,Chicago,GEN1,IL,,Natural Gas Fired Combustion Turbine,NG,GT,0.8,0.7,,,2005,12
33308,International Malting Co.,54313,Chicago,GEN2,IL,,Natural Gas Fired Combustion Turbine,NG,GT,0.8,0.7,,,2005,12
33308,International Malting Co.,54313,Chicago,GEN3,IL,,Natural Gas Fired Combustion Turbine,NG,GT,1.0,0.9,,,2005,12
66489,RREF IV-P CP III Marietta Street LLC,54323,CNN Center,D4_1,GA,SOCO,Petroleum Liquids,DFO,IC,1.5,1.5,,,2024,7
66489,RREF IV-P CP III Marietta Street LLC,54323,CNN Center,D4_2,GA,SOCO,Petroleum Liquids,DFO,IC,2.0,2.0,,,2024,7
66489,RREF IV-P CP III Marietta Street LLC,54323,CNN Center,D4_3,GA,SOCO,Petroleum Liquids,DFO,IC,2.0,2.0,,,2024,7
66489,RREF IV-P CP III Marietta Street LLC,54323,CNN Center,D5_1,GA,SOCO,Petroleum Liquids,DFO,IC,2.0,2.0,,,2024,7
66489,RREF IV-P CP III Marietta Street LLC,54323,CNN Center,D5_2,GA,SOCO,Petroleum Liquids,DFO,IC,2.0,2.0,,,2024,7
66489,RREF IV-P CP III Marietta Street LLC,54323,CNN Center,D5_3,GA,SOCO,Petroleum Liquids,DFO,IC,2.0,2.0,,,2024,7
66489,RREF IV-P CP III Marietta Street LLC,54323,CNN Center,DK2,GA,SOCO,Petroleum Liquids,DFO,IC,1.5,1.3,,,2024,7
56773,"Toyon Landfill Gas Conversion, LLC",54327,Toyon Power Station,TOY1,CA,LDWP,Landfill Gas,LFG,IC,1.8,1.7,,,2004,1
56773,"Toyon Landfill Gas Conversion, LLC",54327,Toyon Power Station,TOY2,CA,LDWP,Landfill Gas,LFG,IC,1.8,1.7,,,2004,1
56773,"Toyon Landfill Gas Conversion, LLC",54327,Toyon Power Station,TOY3,CA,LDWP,Landfill Gas,LFG,IC,1.8,1.7,,,2017,1
56773,"Toyon Landfill Gas Conversion, LLC",54327,Toyon Power Station,TOY4,CA,LDWP,Landfill Gas,LFG,IC,1.8,1.7,,,2015,7
56773,"Toyon Landfill Gas Conversion, LLC",54327,Toyon Power Station,TOY5,CA,LDWP,Landfill Gas,LFG,IC,1.8,1.7,,,2017,1
17542,Sonoco Products Co,54331,Sonoco Products,2,PA,,Conventional Steam Coal,BIT,ST,2.5,2.5,,,2005,3
12986,Morton Salt Inc,54335,Morton Salt Rittman,GEN1,OH,PJM,Conventional Steam Coal,BIT,ST,1.5,1.5,,,2015,1
15734,Energy Center San Diego LLC,54337,Energy Center San Diego,0001,CA,CISO,Natural Gas Internal Combustion Engine,NG,IC,0.8,0.8,,,2020,12
15734,Energy Center San Diego LLC,54337,Energy Center San Diego,0002,CA,CISO,Natural Gas Internal Combustion Engine,NG,IC,0.8,0.8,,,2020,12
16098,"Rio Grande Valley Sugar Growers, Inc.",54338,Rio Grande Valley Sugar Growers,GENA,TX,ERCO,Other Waste Biomass,AB,ST,2.5,2.5,,,2024,12
16098,"Rio Grande Valley Sugar Growers, Inc.",54338,Rio Grande Valley Sugar Growers,GENB,TX,ERCO,Other Waste Biomass,AB,ST,2.5,2.5,,,2024,12
16098,"Rio Grande Valley Sugar Growers, Inc.",54338,Rio Grande Valley Sugar Growers,GENC,TX,ERCO,Other Waste Biomass,AB,ST,2.5,2.5,,,2024,12
16098,"Rio Grande Valley Sugar Growers, Inc.",54338,Rio Grande Valley Sugar Growers,GEND,TX,ERCO,Other Waste Biomass,AB,ST,16.0,10.0,,,2024,12
16098,"Rio Grande Valley Sugar Growers, Inc.",54338,Rio Grande Valley Sugar Growers,GENE,TX,ERCO,Petroleum Liquids,DFO,IC,1.4,1.4,,,2024,12
54795,Professional Plant Operations Inc,54339,Smurfit Newsprint,1,CA,,Natural Gas Fired Combustion Turbine,NG,GT,16.3,15.0,,,2006,1
40845,Weirton Steel Corp,54344,ISG Weirton,1GEN,WV,,Natural Gas Steam Turbine,NG,ST,7.5,7.5,,,2007,4
40845,Weirton Steel Corp,54344,ISG Weirton,2GEN,WV,,Natural Gas Steam Turbine,NG,ST,7.5,7.5,,,2007,4
40845,Weirton Steel Corp,54344,ISG Weirton,3GEN,WV,,Natural Gas Steam Turbine,NG,ST,7.5,7.5,,,2007,4
40845,Weirton Steel Corp,54344,ISG Weirton,5GEN,WV,,Natural Gas Steam Turbine,NG,ST,7.5,7.5,,,2007,4
40845,Weirton Steel Corp,54344,ISG Weirton,6GEN,WV,,Natural Gas Steam Turbine,NG,ST,10.0,10.0,,,2007,4
40845,Weirton Steel Corp,54344,ISG Weirton,7GEN,WV,,Natural Gas Steam Turbine,NG,ST,10.0,10.0,,,2007,4
40845,Weirton Steel Corp,54344,ISG Weirton,8GEN,WV,,Natural Gas Steam Turbine,NG,ST,25.0,25.0,,,2007,4
40845,Weirton Steel Corp,54344,ISG Weirton,9GEN,WV,,Natural Gas Steam Turbine,NG,ST,20.0,20.0,,,2007,4
60194,"Fuyao Glass Illinois, Inc",54360,Fuyao Glass Illinois Inc.,1200,IL,MISO,Petroleum Liquids,DFO,IC,1.2,1.2,,,2005,12
60538,Vitro Architectural Glass,54364,Works 4,L2PG,TX,ERCO,Petroleum Liquids,DFO,IC,1.1,1.1,,,2018,1
13898,Oildale Energy LLC,54371,Oildale Energy LLC,ODC1,CA,CISO,Natural Gas Fired Combustion Turbine,NG,GT,42.2,40.0,,,2016,1
50081,AE Operations LLC,54373,Southbridge Energy Center LLC,ENG1,MA,ISNE,Natural Gas Internal Combustion Engine,NG,IC,1.3,1.3,,,2011,4
50081,AE Operations LLC,54373,Southbridge Energy Center LLC,ENG2,MA,ISNE,Natural Gas Internal Combustion Engine,NG,IC,1.3,1.3,,,2008,3
50081,AE Operations LLC,54373,Southbridge Energy Center LLC,ENG3,MA,ISNE,Natural Gas Internal Combustion Engine,NG,IC,1.3,1.3,,,2009,4
50081,AE Operations LLC,54373,Southbridge Energy Center LLC,ENG4,MA,ISNE,Natural Gas Internal Combustion Engine,NG,IC,1.3,1.3,,,2010,11
50081,AE Operations LLC,54373,Southbridge Energy Center LLC,ENG5,MA,ISNE,Natural Gas Internal Combustion Engine,NG,IC,1.3,1.3,,,2011,7
24205,HF Sinclair Parco Refining LLC,54374,Sinclair Oil Refinery,2002,WY,PACE,Natural Gas Internal Combustion Engine,NG,IC,1.3,1.3,,,2012,6
24205,HF Sinclair Parco Refining LLC,54374,Sinclair Oil Refinery,2004,WY,PACE,Natural Gas Internal Combustion Engine,NG,IC,1.3,1.3,,,2022,4
24205,HF Sinclair Parco Refining LLC,54374,Sinclair Oil Refinery,2006,WY,PACE,Natural Gas Internal Combustion Engine,NG,IC,1.3,1.3,,,2022,4
24205,HF Sinclair Parco Refining LLC,54374,Sinclair Oil Refinery,2008,WY,PACE,Natural Gas Internal Combustion Engine,NG,IC,1.3,1.3,,,2022,4
24205,HF Sinclair Parco Refining LLC,54374,Sinclair Oil Refinery,NO1,WY,PACE,Natural Gas Steam Turbine,NG,ST,0.4,0.4,,,2014,1
794,Apollo Energy Corp,54390,Kamaoa Wind Farm,GEN1,HI,,Onshore Wind Turbine,WND,WT,9.2,9.2,,,2006,8
54842,WM Renewable Energy LLC,54392,BJ Gas Recovery,GEN1,GA,SOCO,Landfill Gas,LFG,IC,0.8,0.8,,,2019,4
54842,WM Renewable Energy LLC,54392,BJ Gas Recovery,GEN2,GA,SOCO,Landfill Gas,LFG,IC,0.8,0.8,,,2007,2
54842,WM Renewable Energy LLC,54392,BJ Gas Recovery,GEN3,GA,SOCO,Landfill Gas,LFG,IC,0.8,0.8,,,2019,4
10027,Kapaa Generating Partners,54405,Kapaa Hawaii,1,HI,,Landfill Gas,LFG,GT,3.0,2.2,,,2002,3
18028,State of Wisconsin,54406,Capitol Heat and Power,1,WI,MISO,Natural Gas Steam Turbine,NG,ST,1.5,0.9,,,2011,5
18028,State of Wisconsin,54406,Capitol Heat and Power,2,WI,MISO,Natural Gas Steam Turbine,NG,ST,1.5,1.0,,,2011,5
63997,Western Power and Steam II LLC,54410,Western Power & Steam Inc,STG,CA,CISO,Natural Gas Fired Combined Cycle,NG,CA,8.3,0.0,,,2015,10
9765,John Deere Dubuque Works,54414,John Deere Dubuque Works,GEN2,IA,MISO,Conventional Steam Coal,BIT,ST,3.5,3.5,,,2010,11
9765,John Deere Dubuque Works,54414,John Deere Dubuque Works,GEN3,IA,MISO,Conventional Steam Coal,BIT,ST,3.0,1.5,,,2009,10
9765,John Deere Dubuque Works,54414,John Deere Dubuque Works,GEN4,IA,MISO,Conventional Steam Coal,BIT,ST,7.5,7.5,,,2010,11
55600,Cadillac Renewable Energy LLC,54415,Cadillac Renewable Energy,GEN1,MI,MISO,Wood/Wood Waste Biomass,WDS,ST,44.0,38.0,,,2020,2
49964,DSM Nutritional Products,54416,Roche Vitamins,GEN2,NJ,,Natural Gas Steam Turbine,NG,ST,2.3,1.3,,,2005,9
49964,DSM Nutritional Products,54416,Roche Vitamins,GEN3,NJ,,Natural Gas Fired Combustion Turbine,NG,GT,38.2,32.9,,,2005,9
19553,Unisea Inc,54422,Unisea G 2,CAT1,AK,,Petroleum Liquids,DFO,IC,0.8,0.8,,,2011,7
19553,Unisea Inc,54422,Unisea G 2,CAT2,AK,,Petroleum Liquids,DFO,IC,0.9,0.9,,,2011,7
60717,"Quantum Lake Power, LP",54423,Quantum Lake Power LP,GT1,FL,FPC,Natural Gas Fired Combined Cycle,NG,CT,48.8,48.5,,,2015,11
60717,"Quantum Lake Power, LP",54423,Quantum Lake Power LP,GT2,FL,FPC,Natural Gas Fired Combined Cycle,NG,CT,58.9,48.5,,,2015,11
60717,"Quantum Lake Power, LP",54423,Quantum Lake Power LP,ST1,FL,FPC,Natural Gas Fired Combined Cycle,NG,CA,26.5,24.0,,,2015,11
58945,EthosEnergy Power Plant Services,54424,Quantum Pasco Power LP,EDG1,FL,TEC,Petroleum Liquids,DFO,IC,1.2,1.2,,,2018,12
58945,EthosEnergy Power Plant Services,54424,Quantum Pasco Power LP,EDG2,FL,TEC,Petroleum Liquids,DFO,IC,1.2,1.2,,,2018,12
58945,EthosEnergy Power Plant Services,54424,Quantum Pasco Power LP,GT1,FL,TEC,Natural Gas Fired Combined Cycle,NG,CT,57.4,48.5,,,2018,12
58945,EthosEnergy Power Plant Services,54424,Quantum Pasco Power LP,GT2,FL,TEC,Natural Gas Fired Combined Cycle,NG,CT,57.4,48.5,,,2018,12
58945,EthosEnergy Power Plant Services,54424,Quantum Pasco Power LP,ST1,FL,TEC,Natural Gas Fired Combined Cycle,NG,CA,26.5,24.0,,,2018,12
15434,Project Orange Associates LP,54425,Project Orange Associates LP,GT1,NY,,Natural Gas Fired Combustion Turbine,NG,GT,49.0,48.0,,,2010,11
15434,Project Orange Associates LP,54425,Project Orange Associates LP,GT2,NY,,Natural Gas Fired Combustion Turbine,NG,GT,49.0,48.0,,,2010,11
5473,Durango-Georgia Paper Co,54428,Durango Georgia Paper,NO1,GA,,Conventional Steam Coal,BIT,ST,4.0,3.8,,,2006,12
5473,Durango-Georgia Paper Co,54428,Durango Georgia Paper,NO2,GA,,Conventional Steam Coal,BIT,ST,6.7,6.3,,,2006,12
5473,Durango-Georgia Paper Co,54428,Durango Georgia Paper,NO3,GA,,Conventional Steam Coal,BIT,ST,18.7,17.5,,,2006,12
23071,Union Oil Company of California,54441,Chunchula Plant 1,001,AL,,Natural Gas Fired Combustion Turbine,NG,GT,0.8,0.5,,,2009,5
23071,Union Oil Company of California,54441,Chunchula Plant 1,002,AL,,Natural Gas Fired Combustion Turbine,NG,GT,0.8,0.5,,,2009,5
23071,Union Oil Company of California,54441,Chunchula Plant 1,003,AL,,Natural Gas Steam Turbine,NG,ST,1.0,0.4,,,2009,5
15509,Pure Resources,54443,North Riley,GEN1,TX,,Natural Gas Internal Combustion Engine,NG,IC,1.0,1.0,,,2005,9
15509,Pure Resources,54443,North Riley,GEN2,TX,,Natural Gas Internal Combustion Engine,NG,IC,1.0,0.9,,,2005,9
15509,Pure Resources,54443,North Riley,GEN3,TX,,Natural Gas Internal Combustion Engine,NG,IC,1.0,0.9,,,2005,9
34649,DCOR LLC,54445,Rincon Facility,GEN1,CA,,Natural Gas Fired Combustion Turbine,NG,GT,3.0,1.7,,,2008,5
38215,Phillips 66 - Los Angeles,54451,Los Angeles Refinery Wilmington,G1,CA,LDWP,Other Natural Gas,NG,OT,10.0,6.1,,,2021,6
49963,"FPL Energy Operating Services, Inc.",54454,San Gorgonio Windplant WPP1993,GEN3,CA,CISO,Onshore Wind Turbine,WND,WT,34.5,34.5,,,2011,9
877,Art Institute of Chicago,54455,Art Institute of Chicago,1,IL,,Natural Gas Fired Combustion Turbine,NG,GT,0.7,0.6,,,2005,3
877,Art Institute of Chicago,54455,Art Institute of Chicago,2,IL,,Natural Gas Fired Combustion Turbine,NG,GT,0.7,0.6,,,2005,3
64432,"SWVP Alpharetta Owners, LLC",54457,Hewlett Packard Enterprise,B1GN1,GA,SOCO,Petroleum Liquids,DFO,IC,1.5,1.4,,,2025,8
64432,"SWVP Alpharetta Owners, LLC",54457,Hewlett Packard Enterprise,B1GN2,GA,SOCO,Petroleum Liquids,DFO,IC,1.5,1.4,,,2025,8
56108,Targa Pipeline Mid-Continent WestTex LLC,54458,Benedum Plant,BG3A,TX,ERCO,Natural Gas Internal Combustion Engine,NG,IC,1.0,1.0,,,2017,12
56108,Targa Pipeline Mid-Continent WestTex LLC,54458,Benedum Plant,BG6,TX,ERCO,Natural Gas Internal Combustion Engine,NG,IC,1.0,1.0,,,2017,12
56108,Targa Pipeline Mid-Continent WestTex LLC,54459,Midkiff Plant,1,TX,ERCO,Natural Gas Internal Combustion Engine,NG,IC,1.2,1.2,,,2009,12
56108,Targa Pipeline Mid-Continent WestTex LLC,54459,Midkiff Plant,2,TX,ERCO,Natural Gas Internal Combustion Engine,NG,IC,1.2,1.2,,,2009,12
56108,Targa Pipeline Mid-Continent WestTex LLC,54459,Midkiff Plant,3,TX,ERCO,Natural Gas Internal Combustion Engine,NG,IC,1.2,1.2,,,2009,12
16024,Riverwood Intl USA Inc,54464,Graphic Packaging Intl Macon Mill,0002,GA,SOCO,Wood/Wood Waste Biomass,BLQ,ST,5.0,4.7,,,2026,1
16024,Riverwood Intl USA Inc,54464,Graphic Packaging Intl Macon Mill,0003,GA,SOCO,Wood/Wood Waste Biomass,BLQ,ST,5.0,4.7,,,2023,12
61286,CCP Power Solutions,54468,Mt Lassen Power,GEN1,CA,CISO,Wood/Wood Waste Biomass,WDS,ST,11.4,10.5,,,2011,10
61286,CCP Power Solutions,54469,Pacific Oroville Power Inc,GEN1,CA,CISO,Wood/Wood Waste Biomass,WDS,ST,9.0,8.3,,,2012,12
61286,CCP Power Solutions,54469,Pacific Oroville Power Inc,GEN2,CA,CISO,Wood/Wood Waste Biomass,WDS,ST,9.0,8.3,,,2012,12
50025,Matthew D. Swift WC Bradley Co.,54470,Eagle & Phenix,GEN1,GA,,Conventional Hydroelectric,WAT,HY,4.2,4.0,,,2011,11
54716,St Marys Cement Inc,54516,Dixon Marquette,0020,IL,,Natural Gas Internal Combustion Engine,NG,IC,2.3,2.3,,,2006,12
54716,St Marys Cement Inc,54516,Dixon Marquette,0021,IL,,Natural Gas Internal Combustion Engine,NG,IC,2.3,2.3,,,2006,12
54716,St Marys Cement Inc,54516,Dixon Marquette,0022,IL,,Natural Gas Internal Combustion Engine,NG,IC,2.3,2.3,,,2006,12
54716,St Marys Cement Inc,54516,Dixon Marquette,0023,IL,,Natural Gas Internal Combustion Engine,NG,IC,2.3,2.3,,,2006,12
54716,St Marys Cement Inc,54516,Dixon Marquette,0024,IL,,Natural Gas Internal Combustion Engine,NG,IC,2.3,2.3,,,2006,12
54716,St Marys Cement Inc,54516,Dixon Marquette,0034,IL,,Natural Gas Internal Combustion Engine,NG,IC,2.3,2.3,,,2006,12
17164,Sierra Pacific Industries,54517,Sierra Pacific Sonora,GEN2,CA,CISO,Wood/Wood Waste Biomass,WDS,ST,7.5,6.0,,,2018,3
6564,Formosa Plastics Corp,54518,Formosa Plastics,GT1,LA,MISO,Natural Gas Fired Combustion Turbine,NG,GT,38.2,33.0,,,2010,1
6831,"Ft Worth, City of - (TX)",54520,Village Creek Water Reclamation Facility,3,TX,ERCO,Other Waste Biomass,OBG,IC,1.1,1.1,,,2003,10
8479,Hercules Inc,54522,Green Tree Chemical Technologies,NO.2,NJ,,Petroleum Liquids,DFO,ST,1.5,1.5,,,2003,12
8479,Hercules Inc,54522,Green Tree Chemical Technologies,NO.4,NJ,,Petroleum Liquids,DFO,ST,3.0,3.0,,,2003,12
57431,ReEnergy Biomass LLC,54526,ReEnergy Lyonsdale Biomass,STG,NY,NYIS,Wood/Wood Waste Biomass,WDS,ST,21.1,19.0,,,2019,12
20541,Wheelabrator Environmental Systems,54529,Wheelabrator Ridge Energy,0001,FL,FMPP,Wood/Wood Waste Biomass,WDS,ST,45.5,47.1,,,2019,1
5499,Targa Midstream Services LP,54531,Stingray Facility,1S72,LA,MISO,Natural Gas Fired Combustion Turbine,NG,GT,2.5,2.5,,,2019,6
17062,Shenango Inc,54532,Shenango Neville Island Coke Works,2WH,PA,,Other Gases,OG,ST,5.0,4.7,,,2006,12
17062,Shenango Inc,54532,Shenango Neville Island Coke Works,3GE,PA,,Other Gases,OG,ST,6.3,5.9,,,2006,12
17887,St Joseph's Hospital,54534,St Josephs Hospital,0001,FL,TEC,Natural Gas Internal Combustion Engine,NG,IC,1.7,1.6,,,2018,1
17927,St Vincent's Medical Center,54535,St Vincents Medical Center,6805,FL,,Natural Gas Fired Combustion Turbine,NG,GT,1.3,1.3,,,2012,9
57249,"NextEra Renewable Fuels, LLC",54536,Sumpter Energy Associates,0201,MI,MISO,Landfill Gas,LFG,IC,0.8,0.8,,,2019,6
26642,PE Bay Shore LLC,54541,Entenmanns Energy Center,1,NY,NYIS,Natural Gas Internal Combustion Engine,NG,IC,1.3,1.3,,,2014,9
26642,PE Bay Shore LLC,54541,Entenmanns Energy Center,2,NY,NYIS,Natural Gas Internal Combustion Engine,NG,IC,1.3,1.3,,,2014,9
26642,PE Bay Shore LLC,54541,Entenmanns Energy Center,3,NY,NYIS,Natural Gas Internal Combustion Engine,NG,IC,1.3,1.3,,,2014,9
26642,PE Bay Shore LLC,54541,Entenmanns Energy Center,4,NY,NYIS,Petroleum Liquids,DFO,IC,1.3,1.3,,,2014,9
55858,"Energy Developments, Inc d/b/a EDL",54549,Wood Road,1-1,MI,MISO,Landfill Gas,LFG,IC,0.8,0.8,,,2021,9
55858,"Energy Developments, Inc d/b/a EDL",54549,Wood Road,1-2,MI,MISO,Landfill Gas,LFG,IC,0.8,0.8,,,2021,9
55858,"Energy Developments, Inc d/b/a EDL",54549,Wood Road,1-3,MI,MISO,Landfill Gas,LFG,IC,0.8,0.8,,,2021,9
55858,"Energy Developments, Inc d/b/a EDL",54549,Wood Road,1-4,MI,MISO,Landfill Gas,LFG,IC,0.8,0.8,,,2021,9
55858,"Energy Developments, Inc d/b/a EDL",54549,Wood Road,1-5,MI,MISO,Landfill Gas,LFG,IC,1.6,1.6,,,2021,9
55858,"Energy Developments, Inc d/b/a EDL",54549,Wood Road,1-6,MI,MISO,Landfill Gas,LFG,IC,1.6,1.6,,,2021,9
55858,"Energy Developments, Inc d/b/a EDL",54549,Wood Road,1-7,MI,MISO,Landfill Gas,LFG,IC,1.6,1.6,,,2021,9
56375,Graphic Packaging International Inc,54561,Graphic Packaging International,GT-G,CA,CISO,Natural Gas Fired Combined Cycle,NG,CT,24.0,23.0,,,2017,12
56375,Graphic Packaging International Inc,54561,Graphic Packaging International,ST-G,CA,CISO,Natural Gas Fired Combined Cycle,NG,CA,3.0,3.0,,,2017,12
11169,Longview Fibre Co,54562,Longview Fibre,2,WA,BPAT,Wood/Wood Waste Biomass,BLQ,ST,2.5,2.5,,,2007,4
11169,Longview Fibre Co,54562,Longview Fibre,3,WA,BPAT,Wood/Wood Waste Biomass,BLQ,ST,3.5,3.5,,,2007,4
11169,Longview Fibre Co,54562,Longview Fibre,4,WA,BPAT,Wood/Wood Waste Biomass,BLQ,ST,10.0,10.0,,,2018,6
11169,Longview Fibre Co,54562,Longview Fibre,5,WA,BPAT,Wood/Wood Waste Biomass,BLQ,ST,6.0,5.7,,,2007,4
11169,Longview Fibre Co,54562,Longview Fibre,8,WA,BPAT,Natural Gas Fired Combustion Turbine,NG,GT,68.0,60.0,,,2002,10
7092,General Mills Inc,54564,General Mills Inc,GEN1,NY,NYIS,Natural Gas Fired Combustion Turbine,NG,GT,3.8,3.4,,,2020,9
21116,YKK USA Inc,54566,YKK USA Chestney,GEN1,GA,SOCO,Petroleum Liquids,DFO,IC,1.6,1.5,,,2010,3
21116,YKK USA Inc,54566,YKK USA Chestney,GEN2,GA,SOCO,Petroleum Liquids,DFO,IC,1.7,1.5,,,2010,3
21116,YKK USA Inc,54566,YKK USA Chestney,GEN3,GA,SOCO,Petroleum Liquids,DFO,IC,1.7,1.7,,,2010,3
21116,YKK USA Inc,54566,YKK USA Chestney,PPD1,GA,SOCO,Petroleum Liquids,DFO,IC,0.4,0.4,,,2006,2
21116,YKK USA Inc,54566,YKK USA Chestney,PPD2,GA,SOCO,Petroleum Liquids,DFO,IC,0.4,0.4,,,2006,2
13943,Ocean County Utilities Auth - (NJ),54569,Bayville Central Facility,SBG1,NJ,PJM,Petroleum Liquids,DFO,IC,0.6,0.6,,,2002,12
5892,Energy Systems North East LLC,54571,North East Cogeneration Plant,GEN1,PA,,Natural Gas Fired Combined Cycle,NG,CT,34.8,36.5,,,2010,11
5892,Energy Systems North East LLC,54571,North East Cogeneration Plant,GEN2,PA,,Natural Gas Fired Combined Cycle,NG,CT,34.8,32.5,,,2010,11
5892,Energy Systems North East LLC,54571,North East Cogeneration Plant,GEN3,PA,,Natural Gas Fired Combined Cycle,NG,CA,18.6,10.0,,,2010,11
50026,Energy Operations Group,54578,Glenns Ferry Cogen Facility,1001,ID,IPCO,Natural Gas Fired Combined Cycle,NG,CS,10.4,10.4,,,2016,6
50026,Energy Operations Group,54579,Rupert Cogen Project,1002,ID,BPAT,Natural Gas Fired Combined Cycle,NG,CS,10.4,10.4,,,2016,11
65159,"BT Generation Holdings, LLC",54586,Tanner Street Generation,TRENT,MA,ISNE,Natural Gas Fired Combined Cycle,NG,CT,57.9,58.0,,,2024,10
65159,"BT Generation Holdings, LLC",54586,Tanner Street Generation,V643,MA,ISNE,Natural Gas Fired Combined Cycle,NG,CT,65.5,58.0,,,2007,12
65159,"BT Generation Holdings, LLC",54586,Tanner Street Generation,VAX,MA,ISNE,Natural Gas Fired Combined Cycle,NG,CA,27.1,17.0,,,2024,10
49969,"Lincoln Paper and Tissue, LLC",54587,Lincoln Paper & Tissue,GE,ME,ISNE,Wood/Wood Waste Biomass,BLQ,ST,2.5,2.0,,,2005,5
49969,"Lincoln Paper and Tissue, LLC",54587,Lincoln Paper & Tissue,TG-3,ME,ISNE,Wood/Wood Waste Biomass,WDS,ST,13.5,9.0,,,2015,12
49969,"Lincoln Paper and Tissue, LLC",54587,Lincoln Paper & Tissue,WEST,ME,ISNE,Wood/Wood Waste Biomass,BLQ,ST,4.0,3.5,,,2013,6
17919,St John's Riverside Hospital,54595,St Johns Riverside Hospital,COG1,NY,,Natural Gas Internal Combustion Engine,NG,IC,0.6,0.4,,,2004,1
17919,St John's Riverside Hospital,54595,St Johns Riverside Hospital,COG2,NY,,Natural Gas Internal Combustion Engine,NG,IC,0.6,0.4,,,2004,1
19893,Voss Industries,54602,Voss Lantz,1,MI,,Natural Gas Internal Combustion Engine,NG,IC,0.5,0.5,,,2006,5
19893,Voss Industries,54602,Voss Lantz,2,MI,,Natural Gas Internal Combustion Engine,NG,IC,0.5,0.5,,,2006,5
19893,Voss Industries,54603,Voss Taylor,1,MI,,Natural Gas Internal Combustion Engine,NG,IC,0.5,0.5,,,2005,11
19893,Voss Industries,54603,Voss Taylor,2,MI,,Natural Gas Internal Combustion Engine,NG,IC,0.5,0.5,,,2005,11
20838,Win-Sam Inc,54606,University of Texas at San Antonio,GEN1,TX,ERCO,Natural Gas Internal Combustion Engine,NG,IC,3.4,3.3,,,2016,10
21622,The University of Texas at Dallas,54607,University of Texas at Dallas,GEN1,TX,ERCO,Natural Gas Internal Combustion Engine,NG,IC,3.5,3.5,,,2019,12
358,Amalgamated Sugar Co LLC,54612,Amalgamated Sugar LLC Nyssa,1,OR,,Conventional Steam Coal,SUB,ST,12.0,8.0,,,2005,1
358,Amalgamated Sugar Co LLC,54612,Amalgamated Sugar LLC Nyssa,2,OR,,Conventional Steam Coal,SUB,ST,1.5,1.4,,,2005,1
358,Amalgamated Sugar Co LLC,54612,Amalgamated Sugar LLC Nyssa,3,OR,,Conventional Steam Coal,SUB,ST,0.5,0.4,,,2005,1
12411,Miami Dade Water & Sewer Dept,54623,Central District Wastewater Treat Plant,1,FL,FPL,Other Waste Biomass,OBG,IC,1.2,1.2,,,2014,10
12411,Miami Dade Water & Sewer Dept,54623,Central District Wastewater Treat Plant,2,FL,FPL,Other Waste Biomass,OBG,IC,1.2,1.2,,,2014,11
12411,Miami Dade Water & Sewer Dept,54623,Central District Wastewater Treat Plant,3,FL,FPL,Other Waste Biomass,OBG,IC,1.2,1.2,,,2012,5
12411,Miami Dade Water & Sewer Dept,54623,Central District Wastewater Treat Plant,4,FL,FPL,Other Waste Biomass,OBG,IC,1.2,1.2,,,2012,5
12411,Miami Dade Water & Sewer Dept,54624,South District Wastewater Treatment Plt,1,FL,FPL,All Other,OTH,OT,0.9,0.8,,,2014,2
12411,Miami Dade Water & Sewer Dept,54624,South District Wastewater Treatment Plt,2,FL,FPL,All Other,OTH,OT,0.9,0.8,,,2014,4
12411,Miami Dade Water & Sewer Dept,54624,South District Wastewater Treatment Plt,3,FL,FPL,All Other,OTH,OT,0.9,0.8,,,2014,4
13060,Mt Poso Cogeneration Co,54626,Mt Poso Cogeneration,TG01,CA,CISO,Wood/Wood Waste Biomass,WDS,ST,62.0,42.4,,,2024,11
27207,Lyondell Chemical Co,54632,Lyondell Chemical Lake Charles,3,LA,,Natural Gas Steam Turbine,NG,ST,4.3,4.0,,,2004,1
19222,TRW Inc,54645,TRW Radio Systems,EG-1,CA,,Natural Gas Internal Combustion Engine,NG,IC,0.6,0.6,,,2005,12
19222,TRW Inc,54645,TRW Radio Systems,EG-2,CA,,Natural Gas Internal Combustion Engine,NG,IC,0.6,0.6,,,2005,12
64228,Alta Mesa 640 LLC,54650,Alta Mesa Repower LLC,EXI2,CA,CISO,Onshore Wind Turbine,WND,WT,9.1,9.1,,,2021,5
64228,Alta Mesa 640 LLC,54650,Alta Mesa Repower LLC,EXIS,CA,CISO,Onshore Wind Turbine,WND,WT,9.6,9.6,,,2021,5
57280,"Eagle Creek Renewable Energy, LLC",54653,Kanaka,KAN1,CA,CISO,Conventional Hydroelectric,WAT,HY,1.1,1.1,,,2021,1
9210,GCF - Riegelwood Mill,54656,International Paper Riegelwood Mill,NO 1,NC,CPLE,Wood/Wood Waste Biomass,BLQ,ST,7.5,7.8,,,2022,6
9210,GCF - Riegelwood Mill,54656,International Paper Riegelwood Mill,NO 2,NC,CPLE,Wood/Wood Waste Biomass,BLQ,ST,10.0,8.3,,,2018,7
55793,Fusion Paperboard Connecticut LLC,54657,Versailles Mill,NO1,CT,ISNE,Natural Gas Steam Turbine,NG,ST,20.0,14.0,,,2014,8
60716,"Quantum Auburndale Power, LP",54658,Quantum Auburndale Power LP,CT,FL,TEC,Natural Gas Fired Combined Cycle,NG,CT,121.5,111.3,,,2014,5
60716,"Quantum Auburndale Power, LP",54658,Quantum Auburndale Power LP,ST,FL,TEC,Natural Gas Fired Combined Cycle,NG,CA,52.0,44.0,,,2014,5
54843,WM Illinois Renewable Energy LLC,54659,Kankakee Gas Recovery,GEN1,IL,PJM,Landfill Gas,LFG,IC,0.8,0.8,,,2017,7
54843,WM Illinois Renewable Energy LLC,54659,Kankakee Gas Recovery,GEN2,IL,PJM,Landfill Gas,LFG,IC,0.8,0.8,,,2017,7
14661,Pekin Paperboard Co LP,54664,Pekin Paperboard,GEN1,IL,,Natural Gas Steam Turbine,NG,ST,1.5,1.5,,,2007,6
3670,FreePort-McMoRan-Corp-Chino Mines,54667,Chino Mines,4,NM,PNM,Natural Gas Steam Turbine,NG,ST,7.5,7.0,,,2004,12
3670,FreePort-McMoRan-Corp-Chino Mines,54667,Chino Mines,5,NM,PNM,Natural Gas Steam Turbine,NG,ST,10.0,9.3,,,2005,12
3670,FreePort-McMoRan-Corp-Chino Mines,54667,Chino Mines,8,NM,PNM,Natural Gas Steam Turbine,NG,ST,30.0,27.9,,,2005,12
5724,El Paso Field Operating Co,54671,Dragon Trail,ICG1,CO,,Natural Gas Internal Combustion Engine,NG,IC,0.4,0.4,,,2003,12
17664,Spartanburg Commissioners PW,54675,Spartanburg Water System,DI1,SC,DUK,Petroleum Liquids,DFO,IC,1.6,1.6,,,2011,6
17664,Spartanburg Commissioners PW,54675,Spartanburg Water System,DI3,SC,DUK,Petroleum Liquids,DFO,IC,1.3,1.3,,,2021,2
2770,Terra-Gen Operating Co-Wind,54681,Difwind Farms Ltd I,EXIS,CA,CISO,Onshore Wind Turbine,WND,WT,7.3,7.3,,,2020,1
2770,Terra-Gen Operating Co-Wind,54682,Difwind Farms Ltd II,EXIS,CA,CISO,Onshore Wind Turbine,WND,WT,5.5,5.4,,,2020,1
2770,Terra-Gen Operating Co-Wind,54685,Difwind Farms Ltd V,EXIS,CA,CISO,Onshore Wind Turbine,WND,WT,11.7,11.6,,,2020,1
57170,"EDF Renewable Asset Holdings, Inc.",54687,Difwind Farms Ltd VIII,EXIS,CA,CISO,Onshore Wind Turbine,WND,WT,15.0,15.0,,,2015,11
49748,"ORCAL Geothermal, Inc",54689,Heber Geothermal,1,CA,IID,Geothermal,GEO,ST,52.0,34.3,,,2023,3
49748,"ORCAL Geothermal, Inc",54689,Heber Geothermal,2,CA,IID,Geothermal,GEO,BT,7.0,4.5,,,2023,8
24206,Amalgamated Sugar Co-Nampa,54690,Amalgamated Sugar LLC Nampa,500,ID,IPCO,Natural Gas Steam Turbine,NG,ST,0.5,0.5,,,2003,1
9621,Jefferson Smurfit Corp (US),54692,Smurfit Stone Los Angeles Mill,1,CA,,Natural Gas Fired Combustion Turbine,NG,GT,43.4,43.4,,,2002,9
18458,York Generation Company LLC,54693,York Generation Company LLC,GT#1,PA,PJM,Natural Gas Fired Combined Cycle,NG,CT,8.3,46.2,,,2021,9
18458,York Generation Company LLC,54693,York Generation Company LLC,GT#2,PA,PJM,Natural Gas Fired Combined Cycle,NG,CT,8.3,,,,2021,9
18458,York Generation Company LLC,54693,York Generation Company LLC,GT#3,PA,PJM,Natural Gas Fired Combined Cycle,NG,CT,8.3,,,,2004,12
18458,York Generation Company LLC,54693,York Generation Company LLC,GT#4,PA,PJM,Natural Gas Fired Combined Cycle,NG,CT,8.3,,,,2004,12
18458,York Generation Company LLC,54693,York Generation Company LLC,GT#5,PA,PJM,Natural Gas Fired Combined Cycle,NG,CT,8.3,,,,2021,9
18458,York Generation Company LLC,54693,York Generation Company LLC,GT#6,PA,PJM,Natural Gas Fired Combined Cycle,NG,CT,8.3,,,,2021,9
18458,York Generation Company LLC,54693,York Generation Company LLC,ST#1,PA,PJM,Natural Gas Fired Combined Cycle,NG,CA,9.5,,,,2021,9
18458,York Generation Company LLC,54693,York Generation Company LLC,ST#2,PA,PJM,Natural Gas Fired Combined Cycle,NG,CA,9.5,,,,2021,9
56138,Atlas Pipeline Mid Continent WestOK LLC,54702,Chaney Dell Plant,G-1A,OK,,Natural Gas Fired Combustion Turbine,NG,GT,0.8,0.5,,,2009,12
56138,Atlas Pipeline Mid Continent WestOK LLC,54702,Chaney Dell Plant,G-1B,OK,,Natural Gas Fired Combustion Turbine,NG,GT,0.7,0.4,,,2009,12
56138,Atlas Pipeline Mid Continent WestOK LLC,54702,Chaney Dell Plant,G-1C,OK,,Natural Gas Fired Combustion Turbine,NG,GT,0.8,0.5,,,2009,12
15880,CenterPoint Energy Svs.,54704,CenterPoint Energy Field Svs.,001,LA,,Natural Gas Internal Combustion Engine,NG,IC,0.2,0.2,,,2005,1
15880,CenterPoint Energy Svs.,54704,CenterPoint Energy Field Svs.,002,LA,,Natural Gas Internal Combustion Engine,NG,IC,0.4,0.4,,,2005,1
15880,CenterPoint Energy Svs.,54704,CenterPoint Energy Field Svs.,003,LA,,Natural Gas Internal Combustion Engine,NG,IC,0.4,0.4,,,2005,1
15880,CenterPoint Energy Svs.,54704,CenterPoint Energy Field Svs.,004,LA,,Natural Gas Internal Combustion Engine,NG,IC,0.2,0.2,,,2005,1
29925,Enterprise Products Optg LP,54705,Toca Plant,EG-1,LA,MISO,Natural Gas Internal Combustion Engine,NG,IC,0.8,0.8,,,2019,1
29925,Enterprise Products Optg LP,54705,Toca Plant,EG-3,LA,MISO,Natural Gas Internal Combustion Engine,NG,IC,0.8,0.8,,,2019,1
29925,Enterprise Products Optg LP,54705,Toca Plant,EG-4,LA,MISO,Natural Gas Internal Combustion Engine,NG,IC,0.7,0.7,,,2019,1
29925,Enterprise Products Optg LP,54705,Toca Plant,EG2A,LA,MISO,Natural Gas Internal Combustion Engine,NG,IC,0.5,0.5,,,2019,1
8927,Hunterdon Cogeneration LP,54707,Hunterdon Cogen Facility,1,NJ,PJM,Natural Gas Fired Combustion Turbine,NG,GT,4.1,4.1,,,2018,9
12827,Montclair State Univ Cogen,54708,Montclair Cogen Facility,1,NJ,PJM,Natural Gas Fired Combustion Turbine,NG,GT,4.1,3.7,,,2013,12
361,Industrial Energy Applications Inc,54714,Alliant SBD 8501 Aegon LI,1265,IA,MISO,Petroleum Liquids,DFO,IC,1.0,1.0,,,2021,6
361,Industrial Energy Applications Inc,54714,Alliant SBD 8501 Aegon LI,1270,IA,MISO,Petroleum Liquids,DFO,IC,1.0,1.0,,,2021,6
361,Industrial Energy Applications Inc,54714,Alliant SBD 8501 Aegon LI,1794,IA,MISO,Petroleum Liquids,DFO,IC,1.1,1.1,,,2021,6
361,Industrial Energy Applications Inc,54720,Alliant SBD 8601 Quad Graphics,2736,IA,MISO,Petroleum Liquids,DFO,IC,1.5,1.5,,,2014,5
361,Industrial Energy Applications Inc,54720,Alliant SBD 8601 Quad Graphics,3489,IA,MISO,Petroleum Liquids,DFO,IC,1.0,1.0,,,2014,5
361,Industrial Energy Applications Inc,54720,Alliant SBD 8601 Quad Graphics,7164,IA,MISO,Petroleum Liquids,DFO,IC,1.1,1.1,,,2014,5
5252,Buffalo Paperboard,54722,Buffalo Paperboard,1,NY,,Natural Gas Steam Turbine,NG,ST,1.5,1.4,,,2003,3
34691,Ormat Nevada Inc,54724,Ormesa II,OE10,CA,IID,Geothermal,GEO,ST,1.2,0.9,,,2007,4
34691,Ormat Nevada Inc,54724,Ormesa II,OE11,CA,IID,Geothermal,GEO,ST,1.2,0.9,,,2007,4
34691,Ormat Nevada Inc,54724,Ormesa II,OE12,CA,IID,Geothermal,GEO,ST,1.2,0.9,,,2007,4
34691,Ormat Nevada Inc,54724,Ormesa II,OE13,CA,IID,Geothermal,GEO,ST,1.2,0.9,,,2007,4
34691,Ormat Nevada Inc,54724,Ormesa II,OE21,CA,IID,Geothermal,GEO,ST,1.2,0.9,,,2007,4
34691,Ormat Nevada Inc,54724,Ormesa II,OE22,CA,IID,Geothermal,GEO,ST,1.2,0.9,,,2007,4
34691,Ormat Nevada Inc,54724,Ormesa II,OE23,CA,IID,Geothermal,GEO,ST,1.2,0.9,,,2007,4
34691,Ormat Nevada Inc,54724,Ormesa II,OE24,CA,IID,Geothermal,GEO,ST,1.2,0.9,,,2007,4
34691,Ormat Nevada Inc,54724,Ormesa II,OE25,CA,IID,Geothermal,GEO,ST,1.2,0.9,,,2007,4
34691,Ormat Nevada Inc,54724,Ormesa II,OE26,CA,IID,Geothermal,GEO,ST,1.2,0.9,,,2007,4
34691,Ormat Nevada Inc,54724,Ormesa II,OE27,CA,IID,Geothermal,GEO,ST,1.2,0.9,,,2007,4
34691,Ormat Nevada Inc,54724,Ormesa II,OEC1,CA,IID,Geothermal,GEO,ST,1.2,0.9,,,2007,4
34691,Ormat Nevada Inc,54724,Ormesa II,OEC2,CA,IID,Geothermal,GEO,ST,1.2,0.9,,,2007,4
34691,Ormat Nevada Inc,54724,Ormesa II,OEC3,CA,IID,Geothermal,GEO,ST,1.2,0.9,,,2007,4
34691,Ormat Nevada Inc,54724,Ormesa II,OEC4,CA,IID,Geothermal,GEO,ST,1.2,0.9,,,2007,4
34691,Ormat Nevada Inc,54724,Ormesa II,OEC5,CA,IID,Geothermal,GEO,ST,1.2,0.9,,,2007,4
34691,Ormat Nevada Inc,54724,Ormesa II,OEC6,CA,IID,Geothermal,GEO,ST,1.2,0.9,,,2007,4
34691,Ormat Nevada Inc,54724,Ormesa II,OEC7,CA,IID,Geothermal,GEO,ST,1.2,0.9,,,2007,4
34691,Ormat Nevada Inc,54724,Ormesa II,OEC8,CA,IID,Geothermal,GEO,ST,1.2,0.9,,,2007,4
34691,Ormat Nevada Inc,54724,Ormesa II,OEC9,CA,IID,Geothermal,GEO,ST,1.2,0.9,,,2007,4
57139,W&T Offshore Inc,54730,Yellowhammer Gas Plant,701,AL,SOCO,Natural Gas Fired Combustion Turbine,NG,GT,3.4,3.0,,,2021,1
8453,Hendricks Regional Health,54731,Hendricks Regional Health,GEO1,IN,MISO,Petroleum Liquids,DFO,IC,0.5,0.5,,,2025,3
8453,Hendricks Regional Health,54731,Hendricks Regional Health,GEO2,IN,MISO,Petroleum Liquids,DFO,IC,0.5,0.5,,,2025,3
8453,Hendricks Regional Health,54731,Hendricks Regional Health,GEO3,IN,MISO,Petroleum Liquids,DFO,IC,0.3,0.3,,,2025,3
14989,Freeport McMoRan Inc,54734,Freeport McMoRan,1,NM,PNM,Petroleum Liquids,DFO,IC,3.0,2.9,,,2025,2
14989,Freeport McMoRan Inc,54734,Freeport McMoRan,10,NM,PNM,Petroleum Liquids,DFO,IC,3.0,2.9,,,2017,1
14989,Freeport McMoRan Inc,54734,Freeport McMoRan,11,NM,PNM,Petroleum Liquids,DFO,IC,3.0,2.9,,,2025,2
14989,Freeport McMoRan Inc,54734,Freeport McMoRan,12,NM,PNM,Petroleum Liquids,DFO,IC,3.0,2.9,,,2025,2
14989,Freeport McMoRan Inc,54734,Freeport McMoRan,13,NM,PNM,Petroleum Liquids,DFO,IC,3.0,2.9,,,2025,2
14989,Freeport McMoRan Inc,54734,Freeport McMoRan,14,NM,PNM,Petroleum Liquids,DFO,IC,3.0,2.9,,,2025,2
14989,Freeport McMoRan Inc,54734,Freeport McMoRan,15,NM,PNM,Petroleum Liquids,DFO,IC,3.1,2.9,,,2025,2
14989,Freeport McMoRan Inc,54734,Freeport McMoRan,2,NM,PNM,Petroleum Liquids,DFO,IC,3.0,2.9,,,2017,1
14989,Freeport McMoRan Inc,54734,Freeport McMoRan,3,NM,PNM,Petroleum Liquids,DFO,IC,3.1,2.9,,,2025,2
14989,Freeport McMoRan Inc,54734,Freeport McMoRan,4,NM,PNM,Petroleum Liquids,DFO,IC,3.1,2.9,,,2025,2
14989,Freeport McMoRan Inc,54734,Freeport McMoRan,5,NM,PNM,Petroleum Liquids,DFO,IC,3.0,2.9,,,2017,1
14989,Freeport McMoRan Inc,54734,Freeport McMoRan,6,NM,PNM,Petroleum Liquids,DFO,IC,3.0,2.9,,,2017,1
14989,Freeport McMoRan Inc,54734,Freeport McMoRan,7,NM,PNM,Petroleum Liquids,DFO,IC,3.1,2.9,,,2025,2
14989,Freeport McMoRan Inc,54734,Freeport McMoRan,8,NM,PNM,Petroleum Liquids,DFO,IC,3.0,2.9,,,2025,2
14989,Freeport McMoRan Inc,54734,Freeport McMoRan,9,NM,PNM,Petroleum Liquids,DFO,IC,3.0,2.9,,,2017,1
19102,Transcontinental Gas PL Corp,54743,District 100 Transco Gas Pipe Line,001,AL,SOCO,All Other,WH,ST,0.8,0.7,,,2009,7
19102,Transcontinental Gas PL Corp,54743,District 100 Transco Gas Pipe Line,002,AL,SOCO,All Other,WH,ST,0.8,0.7,,,2009,7
11392,M C Dixon Lumber Co Inc,54745,M C Dixon Lumber,GEN1,AL,SOCO,Wood/Wood Waste Biomass,WDS,ST,2.5,2.1,,,2008,2
327,Air Liquide Large Industries U S LP,54748,Port Neches Plant,G1,TX,MISO,Natural Gas Fired Combustion Turbine,NG,GT,38.0,32.0,,,2023,12
55808,Westmoreland Partners,54755,Roanoke Valley Energy Facility II,GEN2,NC,PJM,Conventional Steam Coal,BIT,ST,57.8,44.0,,,2017,2
55858,"Energy Developments, Inc d/b/a EDL",54757,Grand Blanc Generating Station,CIB,MI,MISO,Landfill Gas,LFG,IC,0.6,0.6,,,2017,3
59976,"WestRock Mill Company, LLC",54763,WestRock Demopolis Mill,3TG,AL,SOCO,Wood/Wood Waste Biomass,BLQ,ST,19.0,16.0,,,2012,5
59976,"WestRock Mill Company, LLC",54763,WestRock Demopolis Mill,ITG,AL,SOCO,Wood/Wood Waste Biomass,BLQ,ST,10.0,9.2,,,2003,10
5178,Dinwiddie Power Inc,54766,Boydton Plank Road Cogen Plant Hybrid,GEN1,VA,PJM,Petroleum Liquids,DFO,IC,0.3,0.3,,,2023,3
5178,Dinwiddie Power Inc,54766,Boydton Plank Road Cogen Plant Hybrid,GEN10,VA,PJM,Petroleum Liquids,DFO,IC,0.3,0.3,,,2023,3
5178,Dinwiddie Power Inc,54766,Boydton Plank Road Cogen Plant Hybrid,GEN11,VA,PJM,Petroleum Liquids,DFO,IC,0.3,0.3,,,2023,3
5178,Dinwiddie Power Inc,54766,Boydton Plank Road Cogen Plant Hybrid,GEN12,VA,PJM,Petroleum Liquids,DFO,IC,0.3,0.3,,,2023,3
5178,Dinwiddie Power Inc,54766,Boydton Plank Road Cogen Plant Hybrid,GEN13,VA,PJM,Petroleum Liquids,DFO,IC,0.3,0.3,,,2023,3
5178,Dinwiddie Power Inc,54766,Boydton Plank Road Cogen Plant Hybrid,GEN14,VA,PJM,Petroleum Liquids,DFO,IC,0.3,0.3,,,2023,3
5178,Dinwiddie Power Inc,54766,Boydton Plank Road Cogen Plant Hybrid,GEN15,VA,PJM,Petroleum Liquids,DFO,IC,0.3,0.3,,,2023,3
5178,Dinwiddie Power Inc,54766,Boydton Plank Road Cogen Plant Hybrid,GEN16,VA,PJM,Petroleum Liquids,DFO,IC,0.3,0.3,,,2023,3
5178,Dinwiddie Power Inc,54766,Boydton Plank Road Cogen Plant Hybrid,GEN17,VA,PJM,Petroleum Liquids,DFO,IC,0.3,0.3,,,2023,3
5178,Dinwiddie Power Inc,54766,Boydton Plank Road Cogen Plant Hybrid,GEN18,VA,PJM,Petroleum Liquids,DFO,IC,0.3,0.3,,,2023,3
5178,Dinwiddie Power Inc,54766,Boydton Plank Road Cogen Plant Hybrid,GEN19,VA,PJM,Petroleum Liquids,DFO,IC,0.3,0.3,,,2023,3
5178,Dinwiddie Power Inc,54766,Boydton Plank Road Cogen Plant Hybrid,GEN2,VA,PJM,Petroleum Liquids,DFO,IC,0.3,0.3,,,2023,3
5178,Dinwiddie Power Inc,54766,Boydton Plank Road Cogen Plant Hybrid,GEN20,VA,PJM,Petroleum Liquids,DFO,IC,0.3,0.3,,,2023,3
5178,Dinwiddie Power Inc,54766,Boydton Plank Road Cogen Plant Hybrid,GEN21,VA,PJM,Petroleum Liquids,DFO,IC,0.3,0.3,,,2023,3
5178,Dinwiddie Power Inc,54766,Boydton Plank Road Cogen Plant Hybrid,GEN22,VA,PJM,Petroleum Liquids,DFO,IC,0.3,0.3,,,2023,3
5178,Dinwiddie Power Inc,54766,Boydton Plank Road Cogen Plant Hybrid,GEN23,VA,PJM,Petroleum Liquids,DFO,IC,0.3,0.3,,,2023,3
5178,Dinwiddie Power Inc,54766,Boydton Plank Road Cogen Plant Hybrid,GEN24,VA,PJM,Petroleum Liquids,DFO,IC,0.3,0.3,,,2023,3
5178,Dinwiddie Power Inc,54766,Boydton Plank Road Cogen Plant Hybrid,GEN25,VA,PJM,Petroleum Liquids,DFO,IC,0.3,0.3,,,2023,3
5178,Dinwiddie Power Inc,54766,Boydton Plank Road Cogen Plant Hybrid,GEN26,VA,PJM,Petroleum Liquids,DFO,IC,0.3,0.3,,,2023,3
5178,Dinwiddie Power Inc,54766,Boydton Plank Road Cogen Plant Hybrid,GEN27,VA,PJM,Petroleum Liquids,DFO,IC,0.3,0.3,,,2023,3
5178,Dinwiddie Power Inc,54766,Boydton Plank Road Cogen Plant Hybrid,GEN28,VA,PJM,Petroleum Liquids,DFO,IC,0.3,0.3,,,2023,3
5178,Dinwiddie Power Inc,54766,Boydton Plank Road Cogen Plant Hybrid,GEN29,VA,PJM,Petroleum Liquids,DFO,IC,0.3,0.3,,,2023,3
5178,Dinwiddie Power Inc,54766,Boydton Plank Road Cogen Plant Hybrid,GEN3,VA,PJM,Petroleum Liquids,DFO,IC,0.3,0.3,,,2023,3
5178,Dinwiddie Power Inc,54766,Boydton Plank Road Cogen Plant Hybrid,GEN30,VA,PJM,Petroleum Liquids,DFO,IC,0.3,0.3,,,2023,3
5178,Dinwiddie Power Inc,54766,Boydton Plank Road Cogen Plant Hybrid,GEN31,VA,PJM,Petroleum Liquids,DFO,IC,0.3,0.3,,,2023,3
5178,Dinwiddie Power Inc,54766,Boydton Plank Road Cogen Plant Hybrid,GEN32,VA,PJM,Petroleum Liquids,DFO,IC,0.3,0.3,,,2023,3
5178,Dinwiddie Power Inc,54766,Boydton Plank Road Cogen Plant Hybrid,GEN33,VA,PJM,Petroleum Liquids,DFO,IC,0.3,0.3,,,2023,3
5178,Dinwiddie Power Inc,54766,Boydton Plank Road Cogen Plant Hybrid,GEN34,VA,PJM,Petroleum Liquids,DFO,IC,0.3,0.3,,,2023,3
5178,Dinwiddie Power Inc,54766,Boydton Plank Road Cogen Plant Hybrid,GEN4,VA,PJM,Petroleum Liquids,DFO,IC,0.3,0.3,,,2023,3
5178,Dinwiddie Power Inc,54766,Boydton Plank Road Cogen Plant Hybrid,GEN5,VA,PJM,Petroleum Liquids,DFO,IC,0.3,0.3,,,2023,3
5178,Dinwiddie Power Inc,54766,Boydton Plank Road Cogen Plant Hybrid,GEN6,VA,PJM,Petroleum Liquids,DFO,IC,0.3,0.3,,,2023,3
5178,Dinwiddie Power Inc,54766,Boydton Plank Road Cogen Plant Hybrid,GEN7,VA,PJM,Petroleum Liquids,DFO,IC,0.3,0.3,,,2023,3
5178,Dinwiddie Power Inc,54766,Boydton Plank Road Cogen Plant Hybrid,GEN8,VA,PJM,Petroleum Liquids,DFO,IC,0.3,0.3,,,2023,3
5178,Dinwiddie Power Inc,54766,Boydton Plank Road Cogen Plant Hybrid,GEN9,VA,PJM,Petroleum Liquids,DFO,IC,0.3,0.3,,,2023,3
17945,St Mary's Hospital,54767,St Marys Hospital,G-1,NY,,Natural Gas Internal Combustion Engine,NG,IC,0.6,0.6,,,2005,6
17945,St Mary's Hospital,54767,St Marys Hospital,G-2,NY,,Natural Gas Internal Combustion Engine,NG,IC,0.6,0.6,,,2005,6
19539,University of Iowa,54775,University of Iowa Main Power Plant,GEN1,IA,MISO,Natural Gas Steam Turbine,NG,ST,3.0,3.0,,,2020,5
19539,University of Iowa,54775,University of Iowa Main Power Plant,GEN2,IA,MISO,Natural Gas Steam Turbine,NG,ST,3.0,3.0,,,2020,5
14030,Oklahoma State University,54779,Oklahoma State University,GEN1,OK,SWPP,Natural Gas Steam Turbine,NG,ST,1.5,1.6,,,2017,12
14030,Oklahoma State University,54779,Oklahoma State University,GEN2,OK,SWPP,Natural Gas Steam Turbine,NG,ST,1.5,1.6,,,2017,12
14030,Oklahoma State University,54779,Oklahoma State University,GEN3,OK,SWPP,Natural Gas Steam Turbine,NG,ST,1.5,1.6,,,2010,1
14030,Oklahoma State University,54779,Oklahoma State University,GEN4,OK,SWPP,Natural Gas Steam Turbine,NG,ST,5.0,5.2,,,2017,12
19528,University of Illinois,54780,University of Illinois Abbott Power Plt,T5,IL,MISO,Natural Gas Steam Turbine,NG,ST,3.0,3.0,,,2003,12
65241,"Terreva Suffolk RNG, LLC",54781,"Terreva Suffolk RNG, LLC",SU1,VA,PJM,Landfill Gas,LFG,IC,0.8,0.7,,,2022,2
65241,"Terreva Suffolk RNG, LLC",54781,"Terreva Suffolk RNG, LLC",SU2,VA,PJM,Landfill Gas,LFG,IC,0.8,0.7,,,2022,2
65241,"Terreva Suffolk RNG, LLC",54781,"Terreva Suffolk RNG, LLC",SU3,VA,PJM,Landfill Gas,LFG,IC,0.8,0.7,,,2022,2
65241,"Terreva Suffolk RNG, LLC",54781,"Terreva Suffolk RNG, LLC",SU4,VA,PJM,Landfill Gas,LFG,IC,0.8,0.7,,,2022,2
55932,Georgia-Pacific Brewton LLC,54789,Georgia-Pacific Brewton Mill,1TG,AL,SOCO,Wood/Wood Waste Biomass,WDS,ST,12.5,,,,2017,3
49963,"FPL Energy Operating Services, Inc.",54794,Buffalo Ridge Windplant WPP 1993,EXIS,MN,MISO,Onshore Wind Turbine,WND,WT,21.9,21.9,,,2016,11
5463,Duraco Products Inc,54798,Duraco Products,GEN1,IL,,Natural Gas Internal Combustion Engine,NG,IC,0.7,0.7,,,2008,12
5463,Duraco Products Inc,54798,Duraco Products,GEN2,IL,,Natural Gas Internal Combustion Engine,NG,IC,0.7,0.7,,,2008,12
3299,Central Wayne Energy Rcvry LP,54804,Central Wayne Air Quality,GEN1,MI,,Municipal Solid Waste,MSW,ST,24.7,20.0,,,2003,9
12663,Mobil Explrtn & Prodg SE Inc,54806,Mary Ann Gas Plant,6202,AL,,Natural Gas Steam Turbine,NG,ST,2.3,2.3,,,2010,12
19857,Vineland Cogeneration LP,54807,Vineland Cogeneration Plant,GEN1,NJ,,Natural Gas Fired Combined Cycle,NG,CT,42.5,42.5,,,2004,2
19857,Vineland Cogeneration LP,54807,Vineland Cogeneration Plant,GEN2,NJ,,Natural Gas Fired Combined Cycle,NG,CA,11.9,4.0,,,2004,2
13491,New York University,54808,New York University Central Plant,D2,NY,NYIS,Petroleum Liquids,DFO,IC,0.8,0.6,,,2020,4
13491,New York University,54808,New York University Central Plant,D3,NY,NYIS,Petroleum Liquids,DFO,IC,0.8,0.6,,,2020,4
13491,New York University,54808,New York University Central Plant,D4,NY,NYIS,Petroleum Liquids,DFO,IC,0.8,0.6,,,2020,4
13491,New York University,54808,New York University Central Plant,D5,NY,NYIS,Petroleum Liquids,DFO,IC,0.8,0.6,,,2020,4
13491,New York University,54808,New York University Central Plant,D6,NY,NYIS,Petroleum Liquids,DFO,IC,0.8,0.6,,,2020,4
13491,New York University,54808,New York University Central Plant,D7,NY,NYIS,Petroleum Liquids,DFO,IC,0.8,0.6,,,2020,4
13491,New York University,54808,New York University Central Plant,DI,NY,NYIS,Petroleum Liquids,DFO,IC,0.8,0.6,,,2020,4
13491,New York University,54808,New York University Central Plant,T1,NY,NYIS,Natural Gas Fired Combined Cycle,NG,CA,2.4,1.8,,,2024,9
19664,University of Washington,54809,University of Washington Power Plant,TG2,WA,SCL,Natural Gas Steam Turbine,NG,ST,5.0,5.0,,,2022,9
10081,Kansas State University,54811,Kansas State Univ Main Campus,2,KS,,Natural Gas Steam Turbine,NG,ST,2.5,2.3,,,2004,10
10081,Kansas State University,54811,Kansas State Univ Main Campus,3,KS,,Natural Gas Steam Turbine,NG,ST,1.5,1.4,,,2004,10
17069,Shepherd Center,54813,Shepherd Center,5,GA,SOCO,Petroleum Liquids,DFO,IC,0.6,0.6,,,2015,10
17069,Shepherd Center,54813,Shepherd Center,6,GA,SOCO,Petroleum Liquids,DFO,IC,0.6,0.6,,,2017,12
28473,Harvest Midstream Co,54814,Milagro Cogeneration Plant,GENA,NM,WALC,Natural Gas Fired Combustion Turbine,NG,GT,30.4,30.4,,,2016,3
28473,Harvest Midstream Co,54814,Milagro Cogeneration Plant,GENB,NM,WALC,Natural Gas Fired Combustion Turbine,NG,GT,30.4,30.4,,,2016,3
28473,Harvest Midstream Co,54814,Milagro Cogeneration Plant,GO1A,NM,WALC,Natural Gas Fired Combustion Turbine,NG,GT,30.4,30.4,,,2016,3
28473,Harvest Midstream Co,54814,Milagro Cogeneration Plant,GO1B,NM,WALC,Natural Gas Fired Combustion Turbine,NG,GT,30.4,30.4,,,2016,3
19272,Doyon Utilities - Fort Greely,54834,Fort Greely Power Plant,EN-1,AK,,Petroleum Liquids,DFO,IC,1.0,1.0,,,2009,8
19272,Doyon Utilities - Fort Greely,54834,Fort Greely Power Plant,EN-2,AK,,Petroleum Liquids,DFO,IC,1.0,1.0,,,2009,8
19272,Doyon Utilities - Fort Greely,54834,Fort Greely Power Plant,EN-3,AK,,Petroleum Liquids,DFO,IC,1.0,1.0,,,2009,8
9669,Japan Energy Corp Ltd,54838,Gould Electronics Foil Division,G1,AZ,,Natural Gas Internal Combustion Engine,NG,IC,0.5,0.5,,,2006,8
9669,Japan Energy Corp Ltd,54838,Gould Electronics Foil Division,G2,AZ,,Natural Gas Internal Combustion Engine,NG,IC,0.5,0.5,,,2006,8
18843,Thiele Kaolin Co,54841,Thiele Kaolin Sandersville,G1,GA,SOCO,Petroleum Liquids,DFO,IC,1.2,1.1,,,2017,2
18843,Thiele Kaolin Co,54841,Thiele Kaolin Sandersville,G2,GA,SOCO,Petroleum Liquids,DFO,IC,1.2,1.1,,,2017,2
56817,Outagamie Clean Energy Project LLC,54842,Outagamie County Co-Generation Facility,G1,WI,MISO,Landfill Gas,LFG,IC,1.6,1.6,,,2020,11
56817,Outagamie Clean Energy Project LLC,54842,Outagamie County Co-Generation Facility,G2,WI,MISO,Landfill Gas,LFG,IC,1.6,1.6,,,2020,11
56817,Outagamie Clean Energy Project LLC,54842,Outagamie County Co-Generation Facility,G3,WI,MISO,Landfill Gas,LFG,IC,1.6,1.6,,,2020,11
56817,Outagamie Clean Energy Project LLC,54842,Outagamie County Co-Generation Facility,G4,WI,MISO,Landfill Gas,LFG,IC,1.6,1.6,,,2020,11
56817,Outagamie Clean Energy Project LLC,54842,Outagamie County Co-Generation Facility,GEN1,WI,MISO,Landfill Gas,LFG,IC,0.8,0.8,,,2006,10
56817,Outagamie Clean Energy Project LLC,54842,Outagamie County Co-Generation Facility,GEN2,WI,MISO,Landfill Gas,LFG,IC,0.8,0.8,,,2006,10
56817,Outagamie Clean Energy Project LLC,54842,Outagamie County Co-Generation Facility,GEN3,WI,MISO,Landfill Gas,LFG,IC,0.8,0.8,,,2006,10
11284,Lowndes County Hospital Authority,54848,South Georgia Medical Center Inc,GEN1,GA,SOCO,Petroleum Liquids,DFO,IC,0.4,0.4,,,2013,4
11284,Lowndes County Hospital Authority,54848,South Georgia Medical Center Inc,GEN2,GA,SOCO,Petroleum Liquids,DFO,IC,0.4,0.4,,,2013,4
11284,Lowndes County Hospital Authority,54848,South Georgia Medical Center Inc,GEN3,GA,SOCO,Petroleum Liquids,DFO,IC,0.4,0.4,,,2013,4
18843,Thiele Kaolin Co,54849,Thiele Kaolin Reedy Creek,G1,GA,SOCO,Petroleum Liquids,DFO,IC,1.1,1.1,,,2017,2
18843,Thiele Kaolin Co,54849,Thiele Kaolin Reedy Creek,G2,GA,SOCO,Petroleum Liquids,DFO,IC,1.1,1.1,,,2017,2
12619,Milwaukee Metro Sewerage Dist,54851,MMSD Jones Island Wastewater,GEN2,WI,MISO,Natural Gas Fired Combustion Turbine,NG,GT,17.5,13.0,,,2013,7
7662,"Gallop Power Greenville, LLC",54852,Greenville Steam,1,ME,ISNE,Wood/Wood Waste Biomass,WDS,ST,15.6,16.0,,,2015,9
22117,Riverside Manufacturing Co,54856,Riverside Manufacturing,1753,GA,SOCO,Natural Gas Fired Combustion Turbine,NG,GT,1.1,0.9,,,2012,1
55965,Verso Corporation,54857,Niagara Mill,1ST,WI,MISO,Conventional Steam Coal,BIT,ST,2.5,2.5,,,2008,6
55965,Verso Corporation,54857,Niagara Mill,2ST,WI,MISO,Conventional Steam Coal,BIT,ST,9.3,9.3,,,2008,6
2184,Bradford Dyeing Association Inc,54866,Bradford Dyeing Association,AC01,RI,,Petroleum Liquids,RFO,ST,1.0,0.9,,,2007,10
2184,Bradford Dyeing Association Inc,54866,Bradford Dyeing Association,DC01,RI,,Petroleum Liquids,RFO,ST,1.0,0.9,,,2007,10
2184,Bradford Dyeing Association Inc,54866,Bradford Dyeing Association,DC30,RI,,Petroleum Liquids,RFO,ST,0.3,0.3,,,2007,10
5482,Durgin & Crowell Lumber Co,54870,Durgin & Crowell Lumber,0277,NH,,Petroleum Liquids,DFO,IC,1.3,1.3,,,2004,11
5482,Durgin & Crowell Lumber Co,54870,Durgin & Crowell Lumber,0279,NH,,Petroleum Liquids,DFO,IC,1.3,1.3,,,2003,5
5482,Durgin & Crowell Lumber Co,54870,Durgin & Crowell Lumber,0284,NH,,Petroleum Liquids,DFO,IC,1.3,1.3,,,2009,4
5482,Durgin & Crowell Lumber Co,54870,Durgin & Crowell Lumber,3413,NH,,Petroleum Liquids,DFO,IC,0.7,0.7,,,2009,4
5482,Durgin & Crowell Lumber Co,54870,Durgin & Crowell Lumber,3512,NH,,Petroleum Liquids,DFO,IC,1.3,1.3,,,2011,10
56024,Kamin LLC,54880,Kamin LLC Wrens Plant,SDT1,GA,SOCO,Natural Gas Fired Combustion Turbine,NG,GT,2.0,1.7,,,2019,10
56024,Kamin LLC,54880,Kamin LLC Wrens Plant,SDT2,GA,SOCO,Natural Gas Fired Combustion Turbine,NG,GT,2.0,1.7,,,2019,10
56024,Kamin LLC,54880,Kamin LLC Wrens Plant,SDT3,GA,SOCO,Natural Gas Fired Combustion Turbine,NG,GT,2.0,1.7,,,2019,10
56024,Kamin LLC,54880,Kamin LLC Wrens Plant,TUR1,GA,SOCO,Natural Gas Fired Combustion Turbine,NG,GT,1.0,0.9,,,2002,6
56024,Kamin LLC,54880,Kamin LLC Wrens Plant,WP1,GA,SOCO,Petroleum Liquids,DFO,IC,1.1,1.1,,,2006,6
56024,Kamin LLC,54880,Kamin LLC Wrens Plant,WPH1,GA,SOCO,Petroleum Liquids,DFO,IC,1.1,1.1,,,2013,2
56024,Kamin LLC,54880,Kamin LLC Wrens Plant,WPH2,GA,SOCO,Petroleum Liquids,DFO,IC,1.2,1.2,,,2013,2
56024,Kamin LLC,54880,Kamin LLC Wrens Plant,WPH3,GA,SOCO,Petroleum Liquids,DFO,IC,1.0,1.0,,,2013,2
910,NEXPAK,54881,Nexpak,GEN1,GA,,Natural Gas Internal Combustion Engine,NG,IC,1.0,0.9,,,2006,6
910,NEXPAK,54881,Nexpak,GEN2,GA,,Natural Gas Internal Combustion Engine,NG,IC,1.0,0.9,,,2006,6
65034,"Franklin Charter, LLC",54882,CenturyLink Regional HQ,GEN1,NC,CPLE,Petroleum Liquids,DFO,IC,1.0,0.6,,,2016,10
65034,"Franklin Charter, LLC",54882,CenturyLink Regional HQ,GEN2,NC,CPLE,Petroleum Liquids,DFO,IC,1.0,0.6,,,2021,11
18564,"American Sugar Refining, Inc.",54884,The American Sugar Refining Co Brooklyn,TG1,NY,,Natural Gas Steam Turbine,NG,ST,5.0,5.0,,,2004,1
18564,"American Sugar Refining, Inc.",54884,The American Sugar Refining Co Brooklyn,TG2,NY,,Natural Gas Steam Turbine,NG,ST,1.5,1.5,,,2004,1
18564,"American Sugar Refining, Inc.",54884,The American Sugar Refining Co Brooklyn,TG3,NY,,Natural Gas Steam Turbine,NG,ST,5.0,5.0,,,2004,1
10056,City of Kaukauna (WI),54885,Kimberly Mill,3TB,WI,MISO,Natural Gas Steam Turbine,NG,ST,15.9,15.9,,,2009,1
10056,City of Kaukauna (WI),54885,Kimberly Mill,4TB,WI,MISO,Natural Gas Steam Turbine,NG,ST,19.3,19.3,,,2009,1
15917,Presence Health,54886,Presence Saint Mary of Nazareth Hospital,GEN2,IL,PJM,Natural Gas Internal Combustion Engine,NG,IC,0.8,0.8,,,2015,1
15917,Presence Health,54886,Presence Saint Mary of Nazareth Hospital,GEN4,IL,PJM,Petroleum Liquids,DFO,IC,0.9,0.9,,,2024,6
15917,Presence Health,54886,Presence Saint Mary of Nazareth Hospital,GEN5,IL,PJM,Petroleum Liquids,DFO,IC,0.9,0.9,,,2024,6
15917,Presence Health,54886,Presence Saint Mary of Nazareth Hospital,GEN8,IL,PJM,Petroleum Liquids,DFO,IC,1.4,1.4,,,2025,1
306,Brookfield Smoky Mountain Hydropower LP,54899,Cheoah,1,NC,TVA,Conventional Hydroelectric,WAT,HY,20.0,21.0,,,2012,5
306,Brookfield Smoky Mountain Hydropower LP,54899,Cheoah,2,NC,TVA,Conventional Hydroelectric,WAT,HY,20.0,21.0,,,2012,5
306,Brookfield Smoky Mountain Hydropower LP,54899,Cheoah,3,NC,TVA,Conventional Hydroelectric,WAT,HY,20.0,21.0,,,2012,5
306,Brookfield Smoky Mountain Hydropower LP,54899,Cheoah,4,NC,TVA,Conventional Hydroelectric,WAT,HY,20.0,21.0,,,2012,10
11820,Massachusetts Inst of Tech,54907,Mass Inst Tech Cntrl Utilities/Cogen Plt,CTG1,MA,ISNE,Natural Gas Fired Combustion Turbine,NG,GT,21.2,19.0,,,2021,4
623,Anheuser-Busch Inc,54913,Anheuser-Busch Newark Brewery,GEN1,NJ,PJM,Natural Gas Fired Combustion Turbine,NG,GT,6.5,6.5,,,2004,4
623,Anheuser-Busch Inc,54913,Anheuser-Busch Newark Brewery,GEN2,NJ,PJM,Natural Gas Fired Combustion Turbine,NG,GT,6.5,6.5,,,2004,4
14060,Ohio University,54923,Ohio University Facilities Management,OUG1,OH,,Conventional Steam Coal,BIT,ST,1.0,0.9,,,2009,3
7057,General Mills Inc,54924,General Mills West Chicago,1,IL,PJM,Natural Gas Internal Combustion Engine,NG,IC,0.8,0.8,,,2016,7
7057,General Mills Inc,54924,General Mills West Chicago,2,IL,PJM,Natural Gas Internal Combustion Engine,NG,IC,0.8,0.8,,,2016,7
7057,General Mills Inc,54924,General Mills West Chicago,3,IL,PJM,Natural Gas Internal Combustion Engine,NG,IC,0.8,0.8,,,2016,7
7057,General Mills Inc,54924,General Mills West Chicago,4,IL,PJM,Natural Gas Internal Combustion Engine,NG,IC,0.8,0.8,,,2016,7
7057,General Mills Inc,54924,General Mills West Chicago,5,IL,PJM,Natural Gas Internal Combustion Engine,NG,IC,0.8,0.8,,,2016,7
7057,General Mills Inc,54924,General Mills West Chicago,6,IL,PJM,Natural Gas Internal Combustion Engine,NG,IC,0.8,0.8,,,2016,7
7057,General Mills Inc,54924,General Mills West Chicago,7,IL,PJM,Natural Gas Internal Combustion Engine,NG,IC,0.8,0.8,,,2016,7
7057,General Mills Inc,54924,General Mills West Chicago,8,IL,PJM,Natural Gas Internal Combustion Engine,NG,IC,0.8,0.8,,,2016,7
361,Industrial Energy Applications Inc,54929,Alliant SBD 9403 Aegon DC,6110,IA,MISO,Petroleum Liquids,DFO,IC,1.6,1.6,,,2003,11
361,Industrial Energy Applications Inc,54930,Alliant SBD 9402 Climax,5100,IA,MISO,Petroleum Liquids,DFO,IC,1.6,1.6,,,2011,3
361,Industrial Energy Applications Inc,54930,Alliant SBD 9402 Climax,5200,IA,MISO,Petroleum Liquids,DFO,IC,1.6,1.6,,,2011,3
361,Industrial Energy Applications Inc,54930,Alliant SBD 9402 Climax,5300,IA,MISO,Petroleum Liquids,DFO,IC,1.6,1.6,,,2011,3
361,Industrial Energy Applications Inc,54930,Alliant SBD 9402 Climax,5400,IA,MISO,Petroleum Liquids,DFO,IC,1.6,1.6,,,2011,3
361,Industrial Energy Applications Inc,54930,Alliant SBD 9402 Climax,5500,IA,MISO,Petroleum Liquids,DFO,IC,1.6,1.6,,,2011,3
14417,Panduit Corp,54932,Panduit Tinley Park,GEN1,IL,PJM,Natural Gas Internal Combustion Engine,NG,IC,0.7,0.7,,,2018,4
14417,Panduit Corp,54932,Panduit Tinley Park,GEN2,IL,PJM,Natural Gas Internal Combustion Engine,NG,IC,0.7,0.7,,,2018,4
61351,APTIM Environmental & Infrastructure,54934,Keystone Recovery,NO 1,PA,PJM,Landfill Gas,LFG,IC,0.8,0.7,,,2020,6
61351,APTIM Environmental & Infrastructure,54934,Keystone Recovery,NO 2,PA,PJM,Landfill Gas,LFG,IC,0.8,0.7,,,2020,6
61351,APTIM Environmental & Infrastructure,54934,Keystone Recovery,NO 3,PA,PJM,Landfill Gas,LFG,IC,0.8,0.7,,,2020,6
61351,APTIM Environmental & Infrastructure,54934,Keystone Recovery,NO 4,PA,PJM,Landfill Gas,LFG,IC,0.8,0.7,,,2020,6
61351,APTIM Environmental & Infrastructure,54934,Keystone Recovery,NO 5,PA,PJM,Landfill Gas,LFG,IC,0.8,0.7,,,2020,6
61351,APTIM Environmental & Infrastructure,54934,Keystone Recovery,NO 6,PA,PJM,Landfill Gas,LFG,IC,0.8,0.7,,,2020,6
61351,APTIM Environmental & Infrastructure,54934,Keystone Recovery,NO 7,PA,PJM,Landfill Gas,LFG,IC,0.8,0.7,,,2020,6
49770,"Energy Recovery Operations, Inc",54935,Harford Waste to Energy Facility,001,MD,PJM,Municipal Solid Waste,MSW,ST,1.2,1.1,,,2016,3
50084,Algonquin-Cambrian Pacific GenLLC,54938,Woodlake Sanitary Services,UNT1,MN,,Landfill Gas,LFG,IC,1.6,1.5,,,2006,1
50084,Algonquin-Cambrian Pacific GenLLC,54938,Woodlake Sanitary Services,UNT2,MN,,Landfill Gas,LFG,IC,1.6,1.5,,,2006,1
50084,Algonquin-Cambrian Pacific GenLLC,54938,Woodlake Sanitary Services,UNT3,MN,,Landfill Gas,LFG,IC,1.6,1.5,,,2006,1
54842,WM Renewable Energy LLC,54939,EKS Landfill,UNT1,MN,MISO,Landfill Gas,LFG,IC,1.6,1.5,,,2020,12
54842,WM Renewable Energy LLC,54939,EKS Landfill,UNT2,MN,MISO,Landfill Gas,LFG,IC,1.6,1.5,,,2020,12
54842,WM Renewable Energy LLC,54939,EKS Landfill,UNT3,MN,MISO,Landfill Gas,LFG,IC,0.9,0.8,,,2007,3
54842,WM Renewable Energy LLC,54939,EKS Landfill,UNT4,MN,MISO,Landfill Gas,LFG,IC,1.6,1.5,,,2020,12
1053,Austin State Hospital,54940,Austin State Hospital,GEN1,TX,,Natural Gas Fired Combustion Turbine,NG,GT,1.0,0.7,,,2005,6
14897,Phelps Dodge Chicago Rod,54942,Phelps Dodge Chicago Rod,1,IL,,Natural Gas Internal Combustion Engine,NG,IC,0.8,0.7,,,2006,8
14897,Phelps Dodge Chicago Rod,54942,Phelps Dodge Chicago Rod,2,IL,,Natural Gas Internal Combustion Engine,NG,IC,0.8,0.7,,,2006,8
14897,Phelps Dodge Chicago Rod,54942,Phelps Dodge Chicago Rod,3,IL,,Natural Gas Internal Combustion Engine,NG,IC,0.8,0.7,,,2006,8
56387,International Paper,54944,Albany Paper Mill,01,OR,,Natural Gas Fired Combustion Turbine,NG,GT,51.0,51.0,,,2009,12
56387,International Paper,54944,Albany Paper Mill,02,OR,,Wood/Wood Waste Biomass,BLQ,ST,45.0,15.0,,,2009,12
4426,NAES Corp,54945,CT Resource Rec Authority Facility,NO 5,CT,ISNE,Municipal Solid Waste,MSW,ST,45.0,28.8,,,2022,7
4426,NAES Corp,54945,CT Resource Rec Authority Facility,NO 6,CT,ISNE,Municipal Solid Waste,MSW,ST,45.0,29.7,,,2022,7
20281,West Pharmaceutical Services,54947,West Pharmaceutical Services,GEN1,NC,,Petroleum Liquids,DFO,IC,1.2,1.2,,,2008,12
21250,Western Sugar Co,54955,Western Sugar Bayard,1,NE,,Natural Gas Steam Turbine,NG,ST,1.5,1.4,,,2002,10
6529,Exxon Mobil Production Co,54962,ExxonMobil Hawkins Gas Plant,UN73,TX,,Natural Gas Internal Combustion Engine,NG,IC,3.0,2.9,,,2007,6
6529,Exxon Mobil Production Co,54962,ExxonMobil Hawkins Gas Plant,UN74,TX,,Natural Gas Internal Combustion Engine,NG,IC,3.4,3.3,,,2007,6
6529,Exxon Mobil Production Co,54962,ExxonMobil Hawkins Gas Plant,UN75,TX,,Natural Gas Internal Combustion Engine,NG,IC,2.5,2.4,,,2007,6
6529,Exxon Mobil Production Co,54962,ExxonMobil Hawkins Gas Plant,UN76,TX,,Natural Gas Internal Combustion Engine,NG,IC,0.1,0.1,,,2007,6
6529,Exxon Mobil Production Co,54962,ExxonMobil Hawkins Gas Plant,UN77,TX,,Natural Gas Internal Combustion Engine,NG,IC,0.5,0.5,,,2007,6
6529,Exxon Mobil Production Co,54962,ExxonMobil Hawkins Gas Plant,UN78,TX,,Natural Gas Internal Combustion Engine,NG,IC,0.5,0.5,,,2007,6
6529,Exxon Mobil Production Co,54962,ExxonMobil Hawkins Gas Plant,UN79,TX,,Natural Gas Internal Combustion Engine,NG,IC,0.5,0.5,,,2007,6
2769,Cargill Inc,54965,Cargill Salt,DCT,MI,MISO,Conventional Steam Coal,BIT,ST,1.2,1.2,,,2002,1
34389,"WindPower Partners, 1994, L.P.",54966,West Texas Windplant,WIND,TX,ERCO,Onshore Wind Turbine,WND,WT,30.0,30.0,,,2014,12
361,Industrial Energy Applications Inc,54967,Alliant SBD 9302 Aegon NP,7906,IA,MISO,Petroleum Liquids,DFO,IC,1.2,1.2,,,2021,11
361,Industrial Energy Applications Inc,54968,"Phoenix Investors, LLC",0385,IA,MISO,Petroleum Liquids,DFO,IC,1.8,1.8,,,2025,11
361,Industrial Energy Applications Inc,54968,"Phoenix Investors, LLC",0386,IA,MISO,Petroleum Liquids,DFO,IC,1.8,1.8,,,2025,11
361,Industrial Energy Applications Inc,54968,"Phoenix Investors, LLC",5824,IA,MISO,Petroleum Liquids,DFO,IC,1.8,1.8,,,2025,11
16723,Merck Sharp & Dohme Corp,54970,Merck Sharp & Dohme Cogen Facility,GEN1,NJ,PJM,Natural Gas Fired Combustion Turbine,NG,GT,3.7,3.4,,,2013,11
16723,Merck Sharp & Dohme Corp,54970,Merck Sharp & Dohme Cogen Facility,GEN2,NJ,PJM,Natural Gas Fired Combustion Turbine,NG,GT,4.4,4.2,,,2013,11
35120,Norit Americas Inc,54972,Norit Americas Marshall Plant,8511,TX,,Conventional Steam Coal,LIG,ST,2.0,2.0,,,2008,1
35120,Norit Americas Inc,54972,Norit Americas Marshall Plant,8512,TX,,Conventional Steam Coal,LIG,ST,2.0,2.0,,,2012,2
16694,Sauder Woodworking Co,54974,Sauder Power Plant,UNT1,OH,PJM,Wood/Wood Waste Biomass,WDS,ST,3.6,3.6,,,2025,12
16694,Sauder Woodworking Co,54974,Sauder Power Plant,UNT2,OH,PJM,Wood/Wood Waste Biomass,WDS,ST,3.6,3.6,,,2025,12
13034,Morton International Inc,54976,Morton Salt Grand Saline,1530,TX,,Natural Gas Steam Turbine,NG,ST,1.5,1.5,,,2005,8
12665,Masco Cabinetry Middlefield LLC,54978,Mills Pride,2058,OH,,Wood/Wood Waste Biomass,WDS,ST,0.5,0.5,,,2011,11
12665,Masco Cabinetry Middlefield LLC,54978,Mills Pride,2076,OH,,Wood/Wood Waste Biomass,WDS,ST,0.5,0.5,,,2011,11
57249,"NextEra Renewable Fuels, LLC",54980,Ocean County Landfill,UNT1,NJ,PJM,Landfill Gas,LFG,IC,0.8,0.8,,,2024,12
57249,"NextEra Renewable Fuels, LLC",54980,Ocean County Landfill,UNT10,NJ,PJM,Landfill Gas,LFG,IC,1.6,1.5,,,2024,12
57249,"NextEra Renewable Fuels, LLC",54980,Ocean County Landfill,UNT11,NJ,PJM,Landfill Gas,LFG,IC,1.6,1.5,,,2024,12
57249,"NextEra Renewable Fuels, LLC",54980,Ocean County Landfill,UNT12,NJ,PJM,Landfill Gas,LFG,IC,1.6,1.5,,,2024,12
57249,"NextEra Renewable Fuels, LLC",54980,Ocean County Landfill,UNT2,NJ,PJM,Landfill Gas,LFG,IC,0.8,0.8,,,2024,12
57249,"NextEra Renewable Fuels, LLC",54980,Ocean County Landfill,UNT3,NJ,PJM,Landfill Gas,LFG,IC,0.8,0.8,,,2024,12
57249,"NextEra Renewable Fuels, LLC",54980,Ocean County Landfill,UNT4,NJ,PJM,Landfill Gas,LFG,IC,0.8,0.8,,,2024,12
57249,"NextEra Renewable Fuels, LLC",54980,Ocean County Landfill,UNT5,NJ,PJM,Landfill Gas,LFG,IC,0.8,0.8,,,2024,12
57249,"NextEra Renewable Fuels, LLC",54980,Ocean County Landfill,UNT6,NJ,PJM,Landfill Gas,LFG,IC,0.8,0.8,,,2024,12
57249,"NextEra Renewable Fuels, LLC",54980,Ocean County Landfill,UNT7,NJ,PJM,Landfill Gas,LFG,IC,1.6,1.5,,,2024,12
57249,"NextEra Renewable Fuels, LLC",54980,Ocean County Landfill,UNT8,NJ,PJM,Landfill Gas,LFG,IC,1.6,1.5,,,2024,12
57249,"NextEra Renewable Fuels, LLC",54980,Ocean County Landfill,UNT9,NJ,PJM,Landfill Gas,LFG,IC,1.6,1.5,,,2024,12
8776,City of Holyoke Gas and Elec Dept - (MA),54981,Harris Energy Realty,ALBA,MA,ISNE,Conventional Hydroelectric,WAT,HY,0.3,0.3,,,2019,9
8776,City of Holyoke Gas and Elec Dept - (MA),54981,Harris Energy Realty,ALBD,MA,ISNE,Conventional Hydroelectric,WAT,HY,0.5,0.4,,,2019,9
8776,City of Holyoke Gas and Elec Dept - (MA),54981,Harris Energy Realty,C-AB,MA,ISNE,Conventional Hydroelectric,WAT,HY,0.3,0.3,,,2012,11
8776,City of Holyoke Gas and Elec Dept - (MA),54981,Harris Energy Realty,C-C,MA,ISNE,Conventional Hydroelectric,WAT,HY,0.3,0.3,,,2012,11
8776,City of Holyoke Gas and Elec Dept - (MA),54981,Harris Energy Realty,GILA,MA,ISNE,Conventional Hydroelectric,WAT,HY,0.5,0.5,,,2012,11
8776,City of Holyoke Gas and Elec Dept - (MA),54981,Harris Energy Realty,GILD,MA,ISNE,Conventional Hydroelectric,WAT,HY,0.4,0.3,,,2013,8
8776,City of Holyoke Gas and Elec Dept - (MA),54981,Harris Energy Realty,NONO,MA,ISNE,Conventional Hydroelectric,WAT,HY,0.5,0.5,,,2019,9
8776,City of Holyoke Gas and Elec Dept - (MA),54981,Harris Energy Realty,TOM,MA,ISNE,Conventional Hydroelectric,WAT,HY,0.5,0.4,,,2013,8
57249,"NextEra Renewable Fuels, LLC",54984,Salem Energy Systems LLC,UNT1,NC,DUK,Landfill Gas,LFG,GT,4.5,3.3,,,2017,11
4468,Crestwood Corp,54985,Crestwood Dothan,P83,AL,SOCO,Natural Gas Steam Turbine,NG,ST,5.0,4.2,,,2003,1
5483,DuPage County,54987,Woodridge Greene Valley Treatment Plant,FM01,IL,PJM,Natural Gas Internal Combustion Engine,NG,IC,1.5,1.5,,,2020,12
6315,Fellsway Development LLC,54992,Fellsway Development LLC,CAT1,MA,,Petroleum Liquids,DFO,IC,0.7,0.7,,,2011,8
6315,Fellsway Development LLC,54992,Fellsway Development LLC,CAT2,MA,,Petroleum Liquids,DFO,IC,1.0,0.8,,,2011,8
6315,Fellsway Development LLC,54992,Fellsway Development LLC,GT,MA,,Natural Gas Fired Combustion Turbine,NG,GT,0.8,0.6,,,2011,8
6315,Fellsway Development LLC,54992,Fellsway Development LLC,ST,MA,,Other Waste Biomass,AB,ST,0.2,0.2,,,2011,8
20541,Wheelabrator Environmental Systems,54998,Wheelabrator Portsmouth,1410,VA,PJM,Municipal Solid Waste,MSW,ST,20.0,15.5,,,2024,7
20541,Wheelabrator Environmental Systems,54998,Wheelabrator Portsmouth,1420,VA,PJM,Municipal Solid Waste,MSW,ST,20.0,0.0,,,2024,7
20541,Wheelabrator Environmental Systems,54998,Wheelabrator Portsmouth,1430,VA,PJM,Municipal Solid Waste,MSW,ST,20.0,0.0,,,2024,7
49879,"Montenay Savannah Operations,  LP",54999,Savannah Resource Recovery Facility,BPST,GA,,Municipal Solid Waste,MSW,ST,2.5,1.0,,,2008,3
49879,"Montenay Savannah Operations,  LP",54999,Savannah Resource Recovery Facility,CST,GA,,Municipal Solid Waste,MSW,ST,3.0,1.5,,,2008,3
49879,"Montenay Savannah Operations,  LP",54999,Savannah Resource Recovery Facility,DGEN,GA,,Petroleum Liquids,DFO,IC,1.2,1.2,,,2008,3
17345,Small Hydro of Texas Inc,55000,Small Hydro of Texas,01,TX,ERCO,Conventional Hydroelectric,WAT,HY,0.5,0.4,,,2008,12
17345,Small Hydro of Texas Inc,55000,Small Hydro of Texas,02,TX,ERCO,Conventional Hydroelectric,WAT,HY,0.5,0.4,,,2008,12
17345,Small Hydro of Texas Inc,55000,Small Hydro of Texas,03,TX,ERCO,Conventional Hydroelectric,WAT,HY,0.5,0.4,,,2008,12
57249,"NextEra Renewable Fuels, LLC",55006,Nashua Plant,UNT1,NH,ISNE,Landfill Gas,LFG,IC,2.2,2.0,,,2014,8
31431,K-W Co,55007,K W Company,LS1,ID,IPCO,Conventional Hydroelectric,WAT,HY,0.1,0.1,,,2018,7
31431,K-W Co,55007,K W Company,LS2,ID,IPCO,Conventional Hydroelectric,WAT,HY,0.1,0.1,,,2018,7
31431,K-W Co,55007,K W Company,LS3,ID,IPCO,Conventional Hydroelectric,WAT,HY,0.1,0.1,,,2018,7
31431,K-W Co,55007,K W Company,LS4,ID,IPCO,Conventional Hydroelectric,WAT,HY,0.1,0.1,,,2018,7
31431,K-W Co,55007,K W Company,LS5,ID,IPCO,Conventional Hydroelectric,WAT,HY,0.1,0.1,,,2018,7
31431,K-W Co,55007,K W Company,UE5,ID,IPCO,Conventional Hydroelectric,WAT,HY,0.1,0.1,,,2018,7
31431,K-W Co,55007,K W Company,UW1,ID,IPCO,Conventional Hydroelectric,WAT,HY,0.2,0.2,,,2018,7
31431,K-W Co,55007,K W Company,UW2,ID,IPCO,Conventional Hydroelectric,WAT,HY,0.2,0.2,,,2018,7
31431,K-W Co,55007,K W Company,UW3,ID,IPCO,Conventional Hydroelectric,WAT,HY,0.2,0.2,,,2018,7
31431,K-W Co,55007,K W Company,UW4,ID,IPCO,Conventional Hydroelectric,WAT,HY,0.2,0.2,,,2018,7
13529,Newark Group Inc,55012,Haverhill Paperboard,1,MA,,Natural Gas Steam Turbine,NG,ST,1.5,1.5,,,2008,8
13529,Newark Group Inc,55012,Haverhill Paperboard,2,MA,,Natural Gas Steam Turbine,NG,ST,2.5,2.5,,,2008,8
57071,Advanced Disposal Srvcs Mallard Ridge Landfill LLC,55013,Mallard Ridge Gas Recovery,GEN1,WI,MISO,Landfill Gas,LFG,IC,0.8,0.8,,,2013,6
57071,Advanced Disposal Srvcs Mallard Ridge Landfill LLC,55013,Mallard Ridge Gas Recovery,GEN2,WI,MISO,Landfill Gas,LFG,IC,0.8,0.8,,,2013,10
57071,Advanced Disposal Srvcs Mallard Ridge Landfill LLC,55013,Mallard Ridge Gas Recovery,GEN3,WI,MISO,Landfill Gas,LFG,IC,0.8,0.8,,,2013,11
54843,WM Illinois Renewable Energy LLC,55014,Greene Valley Gas Recovery,GEN3,IL,PJM,Landfill Gas,LFG,GT,3.3,2.9,,,2010,2
1807,Bioten GP,55021,BIOTEN Power Plant,GEN1,TN,,Wood/Wood Waste Biomass,WDS,OT,6.5,5.8,,,2006,12
49774,Kinder Morgan Yates Operation,55025,Yates Gas Plant,GEN1,TX,ERCO,Natural Gas Fired Combustion Turbine,NG,GT,2.8,2.8,,,2019,4
49774,Kinder Morgan Yates Operation,55025,Yates Gas Plant,GEN2,TX,ERCO,Natural Gas Fired Combustion Turbine,NG,GT,2.8,2.8,,,2019,8
13157,City of Omaha - (NE),55027,Papillion Creek Wastewater,951,NE,SWPP,Other Waste Biomass,OBG,IC,0.5,0.5,,,2026,8
13157,City of Omaha - (NE),55027,Papillion Creek Wastewater,952,NE,SWPP,Other Waste Biomass,OBG,IC,0.5,0.5,,,2026,8
13157,City of Omaha - (NE),55027,Papillion Creek Wastewater,953,NE,SWPP,Other Waste Biomass,OBG,IC,0.5,0.5,,,2026,8
66314,JGT2 Energy LLC,55031,Androscoggin Energy Center,CT01,ME,ISNE,Natural Gas Fired Combustion Turbine,NG,GT,54.5,48.9,,,2025,10
66314,JGT2 Energy LLC,55031,Androscoggin Energy Center,CT02,ME,ISNE,Natural Gas Fired Combustion Turbine,NG,GT,54.5,40.7,,,2025,10
66314,JGT2 Energy LLC,55031,Androscoggin Energy Center,CT03,ME,ISNE,Natural Gas Fired Combustion Turbine,NG,GT,54.5,40.6,,,2025,10
56383,"Lignetics of Maine, LLC.",55034,"Lignetics of Maine, LLC.",0001,ME,ISNE,Wood/Wood Waste Biomass,WDS,ST,1.3,0.4,,,2017,1
56383,"Lignetics of Maine, LLC.",55034,"Lignetics of Maine, LLC.",0002,ME,ISNE,Wood/Wood Waste Biomass,WDS,ST,0.7,0.5,,,2017,1
7055,General Growth Properties Inc,55038,Westroads Shopping Center,GEN1,NE,,Natural Gas Internal Combustion Engine,NG,IC,1.2,0.8,,,2007,11
7055,General Growth Properties Inc,55038,Westroads Shopping Center,GEN2,NE,,Natural Gas Internal Combustion Engine,NG,IC,1.2,0.8,,,2007,11
7055,General Growth Properties Inc,55038,Westroads Shopping Center,GEN3,NE,,Natural Gas Internal Combustion Engine,NG,IC,1.2,0.8,,,2007,11
7055,General Growth Properties Inc,55038,Westroads Shopping Center,GEN4,NE,,Petroleum Liquids,DFO,IC,1.0,1.0,,,2007,11
772,Archer Daniels Midland Co,55046,Mansfield,GEN1,MA,ISNE,Natural Gas Internal Combustion Engine,NG,IC,1.0,1.0,,,2011,5
772,Archer Daniels Midland Co,55046,Mansfield,GEN2,MA,ISNE,Natural Gas Internal Combustion Engine,NG,IC,1.0,1.0,,,2011,5
772,Archer Daniels Midland Co,55046,Mansfield,GEN3,MA,ISNE,Natural Gas Internal Combustion Engine,NG,IC,1.0,1.0,,,2011,5
17164,Sierra Pacific Industries,55049,Sierra Pacific Anderson Facility,GEN1,CA,CISO,Wood/Wood Waste Biomass,WDS,ST,4.0,3.9,,,2015,7
15912,Resource Technology Corp,55055,Biodyne Beecher,1,IL,,Landfill Gas,LFG,GT,5.0,4.2,,,2005,5
15912,Resource Technology Corp,55056,Biodyne Congress,1,IL,PJM,Landfill Gas,LFG,GT,5.0,4.2,,,2006,12
15912,Resource Technology Corp,55056,Biodyne Congress,2,IL,PJM,Landfill Gas,LFG,GT,5.0,4.2,,,2006,12
15912,Resource Technology Corp,55056,Biodyne Congress,3,IL,PJM,Landfill Gas,LFG,GT,5.0,4.2,,,2006,12
15912,Resource Technology Corp,55057,Biodyne Peoria,001,IL,MISO,Landfill Gas,LFG,IC,0.8,0.8,,,2009,3
15912,Resource Technology Corp,55057,Biodyne Peoria,002,IL,MISO,Landfill Gas,LFG,IC,0.8,0.8,,,2009,3
15912,Resource Technology Corp,55057,Biodyne Peoria,003,IL,MISO,Landfill Gas,LFG,IC,0.8,0.8,,,2009,3
15912,Resource Technology Corp,55057,Biodyne Peoria,004,IL,MISO,Landfill Gas,LFG,IC,0.8,0.8,,,2009,3
15912,Resource Technology Corp,55057,Biodyne Peoria,005,IL,MISO,Landfill Gas,LFG,IC,0.8,0.8,,,2009,3
15912,Resource Technology Corp,55058,Biodyne Lansing,001,IL,PJM,Landfill Gas,LFG,IC,0.6,0.6,,,2006,9
15912,Resource Technology Corp,55058,Biodyne Lansing,002,IL,PJM,Natural Gas Internal Combustion Engine,NG,IC,0.7,0.7,,,2006,9
15912,Resource Technology Corp,55058,Biodyne Lansing,003,IL,PJM,Natural Gas Internal Combustion Engine,NG,IC,0.7,0.7,,,2006,9
15912,Resource Technology Corp,55059,Biodyne Springfield,001,IL,MISO,Landfill Gas,LFG,IC,0.6,0.6,,,2006,9
15912,Resource Technology Corp,55059,Biodyne Springfield,002,IL,MISO,Landfill Gas,LFG,IC,0.6,0.6,,,2006,9
15912,Resource Technology Corp,55059,Biodyne Springfield,003,IL,MISO,Landfill Gas,LFG,IC,0.6,0.6,,,2006,9
15912,Resource Technology Corp,55059,Biodyne Springfield,004,IL,MISO,Landfill Gas,LFG,IC,0.6,0.6,,,2006,9
15912,Resource Technology Corp,55059,Biodyne Springfield,005,IL,MISO,Landfill Gas,LFG,IC,0.6,0.6,,,2006,9
15912,Resource Technology Corp,55060,Biodyne Lyons,001,IL,PJM,Landfill Gas,LFG,IC,0.9,0.9,,,2009,3
15912,Resource Technology Corp,55060,Biodyne Lyons,002,IL,PJM,Landfill Gas,LFG,IC,0.9,0.9,,,2009,3
15912,Resource Technology Corp,55060,Biodyne Lyons,003,IL,PJM,Landfill Gas,LFG,IC,0.9,0.9,,,2009,3
15912,Resource Technology Corp,55060,Biodyne Lyons,004,IL,PJM,Landfill Gas,LFG,IC,0.9,0.9,,,2009,3
15912,Resource Technology Corp,55060,Biodyne Lyons,005,IL,PJM,Landfill Gas,LFG,IC,0.9,0.9,,,2009,3
23913,Borger Energy Associates LP,55064,Black Hawk Station,UNT2,TX,SWPP,Natural Gas Fired Combustion Turbine,NG,GT,126.9,110.7,,,2005,11
54704,Metropolitan Pier and Exposition Auth,55067,MPEA Energy Center,GEN1,IL,PJM,Natural Gas Fired Combustion Turbine,NG,GT,1.1,1.1,,,2016,1
54704,Metropolitan Pier and Exposition Auth,55067,MPEA Energy Center,GEN2,IL,PJM,Natural Gas Fired Combustion Turbine,NG,GT,1.1,1.1,,,2016,1
54704,Metropolitan Pier and Exposition Auth,55067,MPEA Energy Center,GEN3,IL,PJM,Natural Gas Fired Combustion Turbine,NG,GT,1.1,1.1,,,2016,1
1687,Bio-Energy Partners,55073,Wheeler Landfill Gas Recovery,GEN3,IN,,Landfill Gas,LFG,IC,0.8,0.8,,,2003,5
55712,BTEC Turbines LP,55080,New Albany Energy Facility,1,MS,TVA,Natural Gas Fired Combustion Turbine,NG,GT,71.2,60.0,,,2015,4
55712,BTEC Turbines LP,55080,New Albany Energy Facility,2,MS,TVA,Natural Gas Fired Combustion Turbine,NG,GT,71.2,60.0,,,2015,4
55712,BTEC Turbines LP,55080,New Albany Energy Facility,3,MS,TVA,Natural Gas Fired Combustion Turbine,NG,GT,71.2,60.0,,,2015,4
55712,BTEC Turbines LP,55080,New Albany Energy Facility,4,MS,TVA,Natural Gas Fired Combustion Turbine,NG,GT,71.2,60.0,,,2015,4
55712,BTEC Turbines LP,55080,New Albany Energy Facility,5,MS,TVA,Natural Gas Fired Combustion Turbine,NG,GT,71.2,60.0,,,2015,4
55712,BTEC Turbines LP,55080,New Albany Energy Facility,6,MS,TVA,Natural Gas Fired Combustion Turbine,NG,GT,71.2,60.0,,,2015,4
12716,Minnesota Methane LLC,55092,O'Brien Biogas IV LLC,UNT1,NJ,,Landfill Gas,LFG,ST,9.9,9.5,,,2008,10
57226,MM Taunton Energy LLC,55093,MM Taunton Energy,UNT1,MA,ISNE,Landfill Gas,LFG,IC,0.9,0.9,,,2025,12
57226,MM Taunton Energy LLC,55093,MM Taunton Energy,UNT2,MA,ISNE,Landfill Gas,LFG,IC,0.9,0.9,,,2025,12
57226,MM Taunton Energy LLC,55093,MM Taunton Energy,UNT3,MA,ISNE,Landfill Gas,LFG,IC,0.9,0.9,,,2025,12
57226,MM Taunton Energy LLC,55093,MM Taunton Energy,UNT4,MA,ISNE,Landfill Gas,LFG,IC,0.9,0.9,,,2025,12
57228,Lowell LLC,55095,Lowell Landfill,UNT1,MA,,Landfill Gas,LFG,IC,0.8,0.8,,,2007,10
57228,Lowell LLC,55095,Lowell Landfill,UNT2,MA,,Landfill Gas,LFG,IC,0.8,0.8,,,2007,10
13886,NRG Sterlington Power LLC,55099,NRG Sterlington Power,01,LA,MISO,Natural Gas Fired Combustion Turbine,NG,GT,25.0,24.0,,,2020,12
13886,NRG Sterlington Power LLC,55099,NRG Sterlington Power,02,LA,MISO,Natural Gas Fired Combustion Turbine,NG,GT,25.0,22.0,,,2020,12
13886,NRG Sterlington Power LLC,55099,NRG Sterlington Power,03,LA,MISO,Natural Gas Fired Combustion Turbine,NG,GT,25.0,22.0,,,2020,12
13886,NRG Sterlington Power LLC,55099,NRG Sterlington Power,04,LA,MISO,Natural Gas Fired Combustion Turbine,NG,GT,25.0,23.0,,,2020,12
13886,NRG Sterlington Power LLC,55099,NRG Sterlington Power,06,LA,MISO,Natural Gas Fired Combustion Turbine,NG,GT,21.8,18.0,,,2020,12
13886,NRG Sterlington Power LLC,55099,NRG Sterlington Power,07,LA,MISO,Natural Gas Fired Combustion Turbine,NG,GT,28.7,16.0,,,2020,12
13886,NRG Sterlington Power LLC,55099,NRG Sterlington Power,08,LA,MISO,Natural Gas Fired Combustion Turbine,NG,GT,25.0,19.0,,,2020,12
13886,NRG Sterlington Power LLC,55099,NRG Sterlington Power,09,LA,MISO,Natural Gas Fired Combustion Turbine,NG,GT,17.0,16.0,,,2020,12
13886,NRG Sterlington Power LLC,55099,NRG Sterlington Power,10,LA,MISO,Natural Gas Fired Combustion Turbine,NG,GT,16.0,16.0,,,2020,12
16668,Sabine Cogen LP,55104,Sabine Cogen,CTG1,TX,MISO,Natural Gas Fired Combined Cycle,NG,CT,37.4,33.1,,,2020,3
16668,Sabine Cogen LP,55104,Sabine Cogen,CTG2,TX,MISO,Natural Gas Fired Combined Cycle,NG,CT,37.4,33.6,,,2020,3
16668,Sabine Cogen LP,55104,Sabine Cogen,STG,TX,MISO,Natural Gas Fired Combined Cycle,NG,CA,31.7,20.0,,,2020,3
50103,Sunoco Inc,55113,Sunoco Eagle Point Refinery,TR1,NJ,,Other Gases,OG,ST,7.5,7.0,,,2011,7
50103,Sunoco Inc,55113,Sunoco Eagle Point Refinery,TR2,NJ,,Other Gases,OG,ST,7.5,7.0,,,2011,7
50103,Sunoco Inc,55113,Sunoco Eagle Point Refinery,TR3,NJ,,Other Gases,OG,ST,7.5,7.0,,,2011,7
15574,Questar Gas Management Co,55134,Blacks Fork Gas Processing Plant,GEN1,WY,,Natural Gas Internal Combustion Engine,NG,IC,0.4,0.4,,,2003,4
54844,Modern Power LLC,55142,Modern Landfill Production Plant,GEN2,PA,PJM,Landfill Gas,LFG,IC,3.0,3.0,,,2013,12
54844,Modern Power LLC,55142,Modern Landfill Production Plant,GEN3,PA,PJM,Landfill Gas,LFG,IC,3.0,3.0,,,2013,11
54844,Modern Power LLC,55142,Modern Landfill Production Plant,GEN4,PA,PJM,Landfill Gas,LFG,IC,3.0,3.0,,,2013,11
57230,MM Prince William Energy LLC,55156,MM Prince William Energy,UNT1,VA,PJM,Landfill Gas,LFG,IC,0.9,0.9,,,2023,12
57230,MM Prince William Energy LLC,55156,MM Prince William Energy,UNT2,VA,PJM,Landfill Gas,LFG,IC,0.9,0.9,,,2023,12
57230,MM Prince William Energy LLC,55156,MM Prince William Energy,UNT3,VA,PJM,Landfill Gas,LFG,IC,1.6,1.6,,,2023,12
57230,MM Prince William Energy LLC,55156,MM Prince William Energy,UNT4,VA,PJM,Landfill Gas,LFG,IC,1.6,1.6,,,2023,12
57230,MM Prince William Energy LLC,55156,MM Prince William Energy,UNT5,VA,PJM,Landfill Gas,LFG,IC,1.6,1.6,,,2023,12
12716,Minnesota Methane LLC,55157,Tacoma Landfill Gas Utilization Project,UNT1,WA,,Landfill Gas,LFG,IC,0.9,0.8,,,2004,4
12716,Minnesota Methane LLC,55157,Tacoma Landfill Gas Utilization Project,UNT2,WA,,Landfill Gas,LFG,IC,0.9,0.8,,,2004,4
57178,Energy Equipment,55159,Balefill LFG Project,UNT1,NJ,,Landfill Gas,LFG,IC,1.9,0.1,,,2011,12
57178,Energy Equipment,55159,Balefill LFG Project,UNT2,NJ,,Landfill Gas,LFG,IC,1.9,0.1,,,2011,12
57232,MM Lopez Energy LLC,55161,MM Lopez Energy,UNT2,CA,CISO,Landfill Gas,LFG,IC,3.0,2.7,,,2016,12
57233,MM Tomoka Farms Energy LLC,55162,MM Tomoka Farms Energy,UNT1,FL,FPL,Landfill Gas,LFG,IC,1.9,1.9,,,2014,12
57233,MM Tomoka Farms Energy LLC,55162,MM Tomoka Farms Energy,UNT2,FL,FPL,Landfill Gas,LFG,IC,1.9,1.9,,,2014,12
59630,DeltaPro Energy Inc,55163,MM Hartford Energy,UNT1,CT,ISNE,Landfill Gas,LFG,IC,0.9,0.9,,,2018,7
59630,DeltaPro Energy Inc,55163,MM Hartford Energy,UNT2,CT,ISNE,Landfill Gas,LFG,IC,0.9,0.9,,,2018,7
59630,DeltaPro Energy Inc,55163,MM Hartford Energy,UNT3,CT,ISNE,Landfill Gas,LFG,IC,0.9,0.9,,,2018,7
54822,Geneva Energy LLC,55174,Geneva Energy LLC,LM1,IL,,All Other,TDF,ST,23.5,19.9,,,2007,12
54822,Geneva Energy LLC,55174,Geneva Energy LLC,LM2,IL,,All Other,TDF,ST,22.0,19.9,,,2011,8
24536,Aera Energy LLC-San Ardo,55184,Aera San Ardo Cogen Facility,UN-A,CA,CISO,Natural Gas Fired Combustion Turbine,NG,GT,3.0,2.8,,,2025,1
164,AERA Energy LLC,55185,Aera South Belridge Cogen Facility,GENA,CA,CISO,Natural Gas Fired Combustion Turbine,NG,GT,3.0,2.7,,,2010,7
164,AERA Energy LLC,55185,Aera South Belridge Cogen Facility,GENB,CA,CISO,Natural Gas Fired Combustion Turbine,NG,GT,3.0,2.7,,,2010,7
164,AERA Energy LLC,55185,Aera South Belridge Cogen Facility,GENC,CA,CISO,Natural Gas Fired Combustion Turbine,NG,GT,3.0,2.7,,,2010,7
15222,"Ponnequin Acquisitions, LLC",55203,Ponnequin Phase 1,EXIS,CO,PSCO,Onshore Wind Turbine,WND,WT,5.2,5.2,,,2013,12
56901,"AP Holdings Southaven, LLC",55219,Southaven Energy Facility,1,MS,,Natural Gas Fired Combustion Turbine,NG,GT,86.0,75.0,,,2009,6
56901,"AP Holdings Southaven, LLC",55219,Southaven Energy Facility,2,MS,,Natural Gas Fired Combustion Turbine,NG,GT,86.0,75.0,,,2009,6
56901,"AP Holdings Southaven, LLC",55219,Southaven Energy Facility,3,MS,,Natural Gas Fired Combustion Turbine,NG,GT,86.0,75.0,,,2010,1
56901,"AP Holdings Southaven, LLC",55219,Southaven Energy Facility,4,MS,,Natural Gas Fired Combustion Turbine,NG,GT,86.0,75.0,,,2010,1
56901,"AP Holdings Southaven, LLC",55219,Southaven Energy Facility,5,MS,,Natural Gas Fired Combustion Turbine,NG,GT,86.0,78.0,,,2007,6
56901,"AP Holdings Southaven, LLC",55219,Southaven Energy Facility,6,MS,,Natural Gas Fired Combustion Turbine,NG,GT,86.0,78.0,,,2007,6
56901,"AP Holdings Southaven, LLC",55219,Southaven Energy Facility,7,MS,,Natural Gas Fired Combustion Turbine,NG,GT,86.0,78.0,,,2007,6
56901,"AP Holdings Southaven, LLC",55219,Southaven Energy Facility,8,MS,,Natural Gas Fired Combustion Turbine,NG,GT,86.0,78.0,,,2007,6
13582,NRG Astoria Gas Turbine Operations Inc,55243,Astoria Gas Turbines,10,NY,NYIS,Petroleum Liquids,KER,GT,23.8,0.0,,,2018,10
13582,NRG Astoria Gas Turbine Operations Inc,55243,Astoria Gas Turbines,11,NY,NYIS,Petroleum Liquids,KER,GT,23.8,0.0,,,2019,5
13582,NRG Astoria Gas Turbine Operations Inc,55243,Astoria Gas Turbines,12,NY,NYIS,Petroleum Liquids,KER,GT,23.8,0.0,,,2018,12
13582,NRG Astoria Gas Turbine Operations Inc,55243,Astoria Gas Turbines,13,NY,NYIS,Petroleum Liquids,KER,GT,23.8,0.0,,,2018,12
13582,NRG Astoria Gas Turbine Operations Inc,55243,Astoria Gas Turbines,2-1,NY,NYIS,Natural Gas Fired Combustion Turbine,NG,GT,41.9,34.9,,,2023,5
13582,NRG Astoria Gas Turbine Operations Inc,55243,Astoria Gas Turbines,2-2,NY,NYIS,Natural Gas Fired Combustion Turbine,NG,GT,41.9,34.3,,,2023,5
13582,NRG Astoria Gas Turbine Operations Inc,55243,Astoria Gas Turbines,2-3,NY,NYIS,Natural Gas Fired Combustion Turbine,NG,GT,41.9,36.3,,,2023,5
13582,NRG Astoria Gas Turbine Operations Inc,55243,Astoria Gas Turbines,2-4,NY,NYIS,Natural Gas Fired Combustion Turbine,NG,GT,41.9,32.5,,,2023,5
13582,NRG Astoria Gas Turbine Operations Inc,55243,Astoria Gas Turbines,3-1,NY,NYIS,Natural Gas Fired Combustion Turbine,NG,GT,41.9,34.6,,,2023,5
13582,NRG Astoria Gas Turbine Operations Inc,55243,Astoria Gas Turbines,3-2,NY,NYIS,Natural Gas Fired Combustion Turbine,NG,GT,41.9,35.7,,,2023,5
13582,NRG Astoria Gas Turbine Operations Inc,55243,Astoria Gas Turbines,3-3,NY,NYIS,Natural Gas Fired Combustion Turbine,NG,GT,41.9,33.9,,,2023,5
13582,NRG Astoria Gas Turbine Operations Inc,55243,Astoria Gas Turbines,3-4,NY,NYIS,Natural Gas Fired Combustion Turbine,NG,GT,41.9,34.9,,,2023,5
13582,NRG Astoria Gas Turbine Operations Inc,55243,Astoria Gas Turbines,4-1,NY,NYIS,Natural Gas Fired Combustion Turbine,NG,GT,41.9,33.6,,,2023,5
13582,NRG Astoria Gas Turbine Operations Inc,55243,Astoria Gas Turbines,4-2,NY,NYIS,Natural Gas Fired Combustion Turbine,NG,GT,41.9,34.3,,,2023,5
13582,NRG Astoria Gas Turbine Operations Inc,55243,Astoria Gas Turbines,4-3,NY,NYIS,Natural Gas Fired Combustion Turbine,NG,GT,41.9,35.4,,,2023,5
13582,NRG Astoria Gas Turbine Operations Inc,55243,Astoria Gas Turbines,4-4,NY,NYIS,Natural Gas Fired Combustion Turbine,NG,GT,41.9,35.2,,,2023,5
13582,NRG Astoria Gas Turbine Operations Inc,55243,Astoria Gas Turbines,5,NY,NYIS,Petroleum Liquids,KER,GT,16.3,0.0,,,2018,12
13582,NRG Astoria Gas Turbine Operations Inc,55243,Astoria Gas Turbines,7,NY,NYIS,Petroleum Liquids,KER,GT,16.3,0.0,,,2018,12
13582,NRG Astoria Gas Turbine Operations Inc,55243,Astoria Gas Turbines,8,NY,NYIS,Petroleum Liquids,KER,GT,16.3,0.0,,,2018,10
13582,NRG Astoria Gas Turbine Operations Inc,55243,Astoria Gas Turbines,9,NY,NYIS,Petroleum Liquids,KER,GT,19.2,0.0,,,2002,12
19145,"DTE Tuscola, LLC",55245,Tuscola Station,TG1,IL,MISO,Natural Gas Steam Turbine,NG,ST,6.0,3.8,,,2019,1
19145,"DTE Tuscola, LLC",55245,Tuscola Station,TG2,IL,MISO,Natural Gas Steam Turbine,NG,ST,6.0,4.9,,,2018,3
19145,"DTE Tuscola, LLC",55245,Tuscola Station,TG3,IL,MISO,Natural Gas Steam Turbine,NG,ST,6.0,4.8,,,2021,10
15090,PIMA County Wastewater Manage,55257,Ina Road Water Pollution Control Fac,1,AZ,TEPC,Natural Gas Internal Combustion Engine,NG,IC,0.6,0.6,,,2013,4
15090,PIMA County Wastewater Manage,55257,Ina Road Water Pollution Control Fac,2,AZ,TEPC,Natural Gas Internal Combustion Engine,NG,IC,0.6,0.6,,,2013,4
15090,PIMA County Wastewater Manage,55257,Ina Road Water Pollution Control Fac,3,AZ,TEPC,Natural Gas Internal Combustion Engine,NG,IC,0.6,0.6,,,2013,4
15090,PIMA County Wastewater Manage,55257,Ina Road Water Pollution Control Fac,4,AZ,TEPC,Natural Gas Internal Combustion Engine,NG,IC,0.6,0.6,,,2013,4
15090,PIMA County Wastewater Manage,55257,Ina Road Water Pollution Control Fac,5,AZ,TEPC,Natural Gas Internal Combustion Engine,NG,IC,0.6,0.6,,,2013,4
15090,PIMA County Wastewater Manage,55257,Ina Road Water Pollution Control Fac,6,AZ,TEPC,Natural Gas Internal Combustion Engine,NG,IC,0.6,0.6,,,2013,4
15090,PIMA County Wastewater Manage,55257,Ina Road Water Pollution Control Fac,7,AZ,TEPC,Natural Gas Internal Combustion Engine,NG,IC,0.6,0.6,,,2013,4
6035,"Constellation Power, Inc",55281,Southeast Chicago Energy Project,GT05,IL,PJM,Natural Gas Fired Combustion Turbine,NG,GT,50.9,37.0,,,2024,3
6035,"Constellation Power, Inc",55281,Southeast Chicago Energy Project,GT06,IL,PJM,Natural Gas Fired Combustion Turbine,NG,GT,50.9,37.0,,,2024,3
6035,"Constellation Power, Inc",55281,Southeast Chicago Energy Project,GT07,IL,PJM,Natural Gas Fired Combustion Turbine,NG,GT,50.9,37.0,,,2024,3
6035,"Constellation Power, Inc",55281,Southeast Chicago Energy Project,GT08,IL,PJM,Natural Gas Fired Combustion Turbine,NG,GT,50.9,37.0,,,2024,3
6035,"Constellation Power, Inc",55281,Southeast Chicago Energy Project,GT09,IL,PJM,Natural Gas Fired Combustion Turbine,NG,GT,50.9,37.0,,,2024,3
6035,"Constellation Power, Inc",55281,Southeast Chicago Energy Project,GT10,IL,PJM,Natural Gas Fired Combustion Turbine,NG,GT,50.9,37.0,,,2024,3
6035,"Constellation Power, Inc",55281,Southeast Chicago Energy Project,GT11,IL,PJM,Natural Gas Fired Combustion Turbine,NG,GT,50.9,37.0,,,2024,3
6035,"Constellation Power, Inc",55281,Southeast Chicago Energy Project,GT12,IL,PJM,Natural Gas Fired Combustion Turbine,NG,GT,50.9,37.0,,,2024,3
29849,Wasatch Integrated Waste Management,55302,Wasatch Energy Systems Energy Recovery,1,UT,PACE,Municipal Solid Waste,MSW,ST,1.6,1.6,,,2017,5
2671,Baconton Power LLC,55304,Baconton Power Plant,CT4,GA,SOCO,Natural Gas Fired Combustion Turbine,NG,GT,60.5,49.0,,,2023,1
2671,Baconton Power LLC,55304,Baconton Power Plant,CT6,GA,SOCO,Natural Gas Fired Combustion Turbine,NG,GT,60.5,49.0,,,2023,1
56304,Air Products LLC,55309,Air Products Port Arthur,GEN2,TX,MISO,Natural Gas Fired Combined Cycle,NG,CA,3.0,3.0,,,2012,4
23102,FreePort-McMoRan-Corp-Cobre Mines,55312,Freeport McMoRan Cobre Mining,1,NM,PNM,Petroleum Liquids,DFO,IC,0.8,0.8,,,2018,10
23102,FreePort-McMoRan-Corp-Cobre Mines,55312,Freeport McMoRan Cobre Mining,2,NM,PNM,Petroleum Liquids,DFO,IC,0.8,0.8,,,2018,10
23102,FreePort-McMoRan-Corp-Cobre Mines,55312,Freeport McMoRan Cobre Mining,3,NM,PNM,Petroleum Liquids,DFO,IC,0.8,0.8,,,2018,10
361,Industrial Energy Applications Inc,55315,Alliant SBD 9702 Cedar Graphics,GEN1,IA,MISO,Petroleum Liquids,DFO,IC,1.0,1.0,,,2007,12
38021,Piedmont Athens Regional Medical Center,55319,Athens Regional Medical Center,CU1,GA,SOCO,Petroleum Liquids,DFO,IC,0.7,0.7,,,2010,3
14687,Penn Power Systems,55331,Philadelphia Water Department Southwest,GEN1,PA,,Petroleum Liquids,DFO,IC,11.0,11.0,,,2008,7
14687,Penn Power Systems,55336,PWD Northwest Facility,GEN1,PA,,Petroleum Liquids,DFO,IC,11.0,11.0,,,2008,8
20424,West Texas Wind Energy Partners LLC,55367,West Texas Wind Energy LLC,01,TX,ERCO,Onshore Wind Turbine,WND,WT,75.0,75.0,,,2019,9
34688,CHI Energy Inc,55368,Wethersfield Wind Farm,V47,NY,NYIS,Onshore Wind Turbine,WND,WT,6.6,6.6,,,2023,10
6862,"Green Mountain Storage, LLC",55370,"Green Mountain Storage, LLC",N60,PA,PJM,Onshore Wind Turbine,WND,WT,10.4,10.4,,,2015,11
49941,"DEGS of O&M, LLC",55373,Enterprise Energy Facility,CT3,MS,,Natural Gas Fired Combustion Turbine,NG,GT,86.5,75.0,,,2006,12
49941,"DEGS of O&M, LLC",55373,Enterprise Energy Facility,CT4,MS,,Natural Gas Fired Combustion Turbine,NG,GT,86.5,75.0,,,2006,12
49941,"DEGS of O&M, LLC",55373,Enterprise Energy Facility,CT5,MS,,Natural Gas Fired Combustion Turbine,NG,GT,86.5,75.0,,,2006,12
49941,"DEGS of O&M, LLC",55373,Enterprise Energy Facility,CT6,MS,,Natural Gas Fired Combustion Turbine,NG,GT,86.5,75.0,,,2006,12
49750,FPL Energy Green Power,55396,Green Power I,WGNS,CA,CISO,Onshore Wind Turbine,WND,WT,16.5,16.5,,,2023,6
34362,Delaware Mountain LP,55399,Delaware Mountain Windfarm,01,TX,ERCO,Onshore Wind Turbine,WND,WT,23.3,23.3,,,2014,8
56490,LS Power Development LLC,55422,DeSoto County Plant,DES1,FL,FPL,Natural Gas Fired Combustion Turbine,NG,GT,199.4,159.0,,,2015,2
56490,LS Power Development LLC,55422,DeSoto County Plant,DES2,FL,FPL,Natural Gas Fired Combustion Turbine,NG,GT,199.4,161.0,,,2015,2
3057,Catawba County,55488,Blackburn Landfill Co-Generation,BB1,NC,DUK,Landfill Gas,LFG,IC,1.0,1.0,,,2022,7
3057,Catawba County,55488,Blackburn Landfill Co-Generation,BB2,NC,DUK,Landfill Gas,LFG,IC,1.0,1.0,,,2022,7
3057,Catawba County,55488,Blackburn Landfill Co-Generation,BB3,NC,DUK,Landfill Gas,LFG,IC,0.9,0.9,,,2022,7
13193,Naniwa Energy LLC,55494,Tri Center Naniwa Energy,CT1,NV,NEVP,Natural Gas Fired Combustion Turbine,NG,GT,64.0,50.0,,,2008,3
13193,Naniwa Energy LLC,55494,Tri Center Naniwa Energy,CT2,NV,NEVP,Natural Gas Fired Combustion Turbine,NG,GT,64.0,50.0,,,2008,3
13193,Naniwa Energy LLC,55494,Tri Center Naniwa Energy,CT3,NV,NEVP,Natural Gas Fired Combustion Turbine,NG,GT,64.0,50.0,,,2017,2
13193,Naniwa Energy LLC,55494,Tri Center Naniwa Energy,CT4,NV,NEVP,Natural Gas Fired Combustion Turbine,NG,GT,64.0,50.0,,,2017,2
13193,Naniwa Energy LLC,55494,Tri Center Naniwa Energy,CT5,NV,NEVP,Natural Gas Fired Combustion Turbine,NG,GT,62.0,50.0,,,2017,2
13193,Naniwa Energy LLC,55494,Tri Center Naniwa Energy,CT6,NV,NEVP,Natural Gas Fired Combustion Turbine,NG,GT,62.0,50.0,,,2017,2
8273,Haywood Power I LLC,55519,AES Greystone,CTG1,TN,,Natural Gas Fired Combustion Turbine,NG,GT,196.8,156.0,,,2002,12
8273,Haywood Power I LLC,55519,AES Greystone,CTG2,TN,,Natural Gas Fired Combustion Turbine,NG,GT,196.8,156.0,,,2002,12
8273,Haywood Power I LLC,55519,AES Greystone,CTG3,TN,,Natural Gas Fired Combustion Turbine,NG,GT,196.8,156.0,,,2002,12
56772,"TX LFG Energy, LP",55526,Atascocita,GEN1,TX,ERCO,Landfill Gas,LFG,IC,1.7,1.7,,,2018,2
56772,"TX LFG Energy, LP",55526,Atascocita,GEN2,TX,ERCO,Landfill Gas,LFG,IC,1.7,1.7,,,2018,2
56772,"TX LFG Energy, LP",55526,Atascocita,GEN3,TX,ERCO,Landfill Gas,LFG,IC,1.7,1.7,,,2018,2
56772,"TX LFG Energy, LP",55526,Atascocita,GEN4,TX,ERCO,Landfill Gas,LFG,IC,1.7,1.7,,,2018,2
56772,"TX LFG Energy, LP",55526,Atascocita,GEN6,TX,ERCO,Landfill Gas,LFG,IC,1.7,1.7,,,2018,2
12944,City of Morganton - (NC),55534,Water Filter Plant #2,3516,NC,DUK,Petroleum Liquids,DFO,IC,1.6,1.3,,,2013,5
11146,Hoover Inc,55536,Hoover Company,0542,TX,EPE,Petroleum Liquids,DFO,IC,1.8,1.8,,,2014,3
11146,Hoover Inc,55536,Hoover Company,0543,TX,EPE,Petroleum Liquids,DFO,IC,1.8,1.8,,,2014,3
11146,Hoover Inc,55536,Hoover Company,0544,TX,EPE,Petroleum Liquids,DFO,IC,1.8,1.8,,,2014,3
11146,Hoover Inc,55536,Hoover Company,0545,TX,EPE,Petroleum Liquids,DFO,IC,1.8,1.8,,,2014,3
3335,Cargill Hammond,55537,Cargill Hammond,GEN1,IN,,Natural Gas Steam Turbine,NG,ST,4.0,3.5,,,2005,10
3335,Cargill Hammond,55537,Cargill Hammond,GEN5,IN,,Natural Gas Steam Turbine,NG,ST,11.5,10.5,,,2005,10
20323,"Wellhead Services, Inc",55538,Escondido Energy Center,GEN1,CA,CISO,Natural Gas Fired Combustion Turbine,NG,GT,44.0,33.6,,,2013,1
12830,Moll Industries Inc,55546,Moll Industries Seagrove Division,GEN1,NC,,Petroleum Liquids,DFO,IC,1.1,1.0,,,2010,10
12830,Moll Industries Inc,55546,Moll Industries Seagrove Division,GEN2,NC,,Petroleum Liquids,DFO,IC,1.3,1.1,,,2010,10
56772,"TX LFG Energy, LP",55551,Baytown,UNT1,TX,ERCO,Landfill Gas,LFG,IC,1.0,1.0,,,2016,4
56772,"TX LFG Energy, LP",55551,Baytown,UNT2,TX,ERCO,Landfill Gas,LFG,IC,1.0,1.0,,,2016,4
56772,"TX LFG Energy, LP",55551,Baytown,UNT3,TX,ERCO,Landfill Gas,LFG,IC,1.0,1.0,,,2016,4
56772,"TX LFG Energy, LP",55551,Baytown,UNT4,TX,ERCO,Landfill Gas,LFG,IC,1.0,1.0,,,2016,4
56772,"TX LFG Energy, LP",55552,Bluebonnet,UNT1,TX,ERCO,Landfill Gas,LFG,IC,1.0,1.0,,,2016,4
56772,"TX LFG Energy, LP",55552,Bluebonnet,UNT2,TX,ERCO,Landfill Gas,LFG,IC,1.0,1.0,,,2016,4
56772,"TX LFG Energy, LP",55552,Bluebonnet,UNT3,TX,ERCO,Landfill Gas,LFG,IC,1.0,1.0,,,2016,4
56772,"TX LFG Energy, LP",55552,Bluebonnet,UNT4,TX,ERCO,Landfill Gas,LFG,IC,1.0,1.0,,,2016,4
56772,"TX LFG Energy, LP",55554,Coastal Plains,UNT1,TX,ERCO,Landfill Gas,LFG,IC,1.7,1.7,,,2019,6
56772,"TX LFG Energy, LP",55554,Coastal Plains,UNT2,TX,ERCO,Landfill Gas,LFG,IC,1.7,1.7,,,2018,7
56772,"TX LFG Energy, LP",55554,Coastal Plains,UNT3,TX,ERCO,Landfill Gas,LFG,IC,1.7,1.7,,,2019,6
56772,"TX LFG Energy, LP",55554,Coastal Plains,UNT4,TX,ERCO,Landfill Gas,LFG,IC,1.7,1.7,,,2019,6
56772,"TX LFG Energy, LP",55555,Conroe,UNT1,TX,MISO,Landfill Gas,LFG,IC,1.0,1.0,,,2012,4
56772,"TX LFG Energy, LP",55555,Conroe,UNT2,TX,MISO,Landfill Gas,LFG,IC,1.0,1.0,,,2012,4
56772,"TX LFG Energy, LP",55555,Conroe,UNT3,TX,MISO,Landfill Gas,LFG,IC,1.0,1.0,,,2012,4
56772,"TX LFG Energy, LP",55556,Security,GEN5,TX,MISO,Landfill Gas,LFG,IC,1.7,1.7,,,2024,4
56772,"TX LFG Energy, LP",55556,Security,UNT1,TX,MISO,Landfill Gas,LFG,IC,1.3,1.7,,,2004,7
56772,"TX LFG Energy, LP",55556,Security,UNT2,TX,MISO,Landfill Gas,LFG,IC,1.7,1.7,,,2024,4
56772,"TX LFG Energy, LP",55556,Security,UNT3,TX,MISO,Landfill Gas,LFG,IC,1.7,1.7,,,2019,10
5701,El Paso Electric Co,55578,Hueco Mountain Wind Ranch,EXIS,TX,EPE,Onshore Wind Turbine,WND,WT,1.3,1.3,,,2016,6
25049,Gas Recovery Systems Inc,55584,East Bridgewater,1,MA,ISNE,Landfill Gas,LFG,IC,1.0,0.9,,,2010,12
25049,Gas Recovery Systems Inc,55584,East Bridgewater,2,MA,ISNE,Landfill Gas,LFG,IC,1.0,0.9,,,2010,12
25049,Gas Recovery Systems Inc,55584,East Bridgewater,3,MA,ISNE,Landfill Gas,LFG,IC,1.0,0.9,,,2010,12
25049,Gas Recovery Systems Inc,55584,East Bridgewater,4,MA,ISNE,Landfill Gas,LFG,IC,1.0,0.9,,,2010,12
25049,Gas Recovery Systems Inc,55584,East Bridgewater,5,MA,ISNE,Landfill Gas,LFG,IC,1.0,0.9,,,2010,12
25049,Gas Recovery Systems Inc,55584,East Bridgewater,6,MA,ISNE,Landfill Gas,LFG,IC,1.0,0.9,,,2010,12
25049,Gas Recovery Systems Inc,55585,Randolph Electric,1,MA,ISNE,Landfill Gas,LFG,IC,1.0,0.9,,,2010,6
25049,Gas Recovery Systems Inc,55585,Randolph Electric,2,MA,ISNE,Landfill Gas,LFG,IC,1.0,0.9,,,2010,6
25049,Gas Recovery Systems Inc,55585,Randolph Electric,3,MA,ISNE,Landfill Gas,LFG,IC,1.0,0.9,,,2010,6
25049,Gas Recovery Systems Inc,55586,Halifax Electric,1,MA,ISNE,Landfill Gas,LFG,IC,1.0,0.9,,,2010,6
25049,Gas Recovery Systems Inc,55586,Halifax Electric,2,MA,ISNE,Landfill Gas,LFG,IC,1.0,0.9,,,2010,6
25049,Gas Recovery Systems Inc,55586,Halifax Electric,3,MA,ISNE,Landfill Gas,LFG,IC,1.0,0.9,,,2010,6
57198,Richmond LLC,55587,GRS Richmond,1,VA,PJM,Landfill Gas,LFG,IC,1.0,0.9,,,2013,9
57198,Richmond LLC,55587,GRS Richmond,2,VA,PJM,Landfill Gas,LFG,IC,1.0,0.9,,,2013,9
57198,Richmond LLC,55587,GRS Richmond,3,VA,PJM,Landfill Gas,LFG,IC,1.0,0.9,,,2013,9
25049,Gas Recovery Systems Inc,55588,GRS Sunset Farms,1,TX,ERCO,Landfill Gas,LFG,IC,1.0,0.9,,,2016,4
25049,Gas Recovery Systems Inc,55588,GRS Sunset Farms,2,TX,ERCO,Landfill Gas,LFG,IC,1.0,0.9,,,2016,4
25049,Gas Recovery Systems Inc,55588,GRS Sunset Farms,3,TX,ERCO,Landfill Gas,LFG,IC,1.0,0.9,,,2016,4
25049,Gas Recovery Systems Inc,55588,GRS Sunset Farms,4,TX,ERCO,Landfill Gas,LFG,IC,1.0,0.9,,,2016,4
25049,Gas Recovery Systems Inc,55589,GRS Fall River,1,MA,ISNE,Landfill Gas,LFG,IC,1.0,0.9,,,2012,5
25049,Gas Recovery Systems Inc,55589,GRS Fall River,2,MA,ISNE,Landfill Gas,LFG,IC,1.0,0.9,,,2012,6
25049,Gas Recovery Systems Inc,55589,GRS Fall River,3,MA,ISNE,Landfill Gas,LFG,GT,5.3,4.4,,,2022,1
25049,Gas Recovery Systems Inc,55590,Chicopee Electric,1,MA,ISNE,Landfill Gas,LFG,IC,1.0,0.9,,,2012,1
25049,Gas Recovery Systems Inc,55590,Chicopee Electric,2,MA,ISNE,Landfill Gas,LFG,IC,1.0,0.9,,,2012,1
7011,Gas Recovery Services-IL Inc,55591,Rockford Electric,1,IL,PJM,Landfill Gas,LFG,IC,1.0,0.9,,,2009,7
7011,Gas Recovery Services-IL Inc,55591,Rockford Electric,2,IL,PJM,Landfill Gas,LFG,IC,1.0,0.9,,,2009,7
7011,Gas Recovery Services-IL Inc,55592,Mallard Lake Electric,1,IL,PJM,Landfill Gas,LFG,CT,5.0,3.8,,,2018,2
7011,Gas Recovery Services-IL Inc,55592,Mallard Lake Electric,2,IL,PJM,Landfill Gas,LFG,CT,5.0,3.8,,,2018,2
7011,Gas Recovery Services-IL Inc,55592,Mallard Lake Electric,3,IL,PJM,Landfill Gas,LFG,CT,5.0,3.8,,,2009,10
7011,Gas Recovery Services-IL Inc,55592,Mallard Lake Electric,4,IL,PJM,Landfill Gas,LFG,CA,10.0,7.6,,,2018,2
7011,Gas Recovery Services-IL Inc,55593,Quad Cities,1,IL,PJM,Landfill Gas,LFG,IC,1.0,0.9,,,2008,9
7011,Gas Recovery Services-IL Inc,55593,Quad Cities,2,IL,PJM,Landfill Gas,LFG,IC,1.0,1.0,,,2008,9
7011,Gas Recovery Services-IL Inc,55594,South Barrington Electric,1,IL,PJM,Landfill Gas,LFG,IC,0.8,0.8,,,2012,1
7011,Gas Recovery Services-IL Inc,55594,South Barrington Electric,2,IL,PJM,Landfill Gas,LFG,IC,0.8,0.8,,,2012,1
25049,Gas Recovery Systems Inc,55595,GRS Lyon,1,MI,MISO,Landfill Gas,LFG,IC,1.0,0.9,,,2010,12
25049,Gas Recovery Systems Inc,55595,GRS Lyon,2,MI,MISO,Landfill Gas,LFG,IC,1.0,0.9,,,2010,12
25049,Gas Recovery Systems Inc,55595,GRS Lyon,3,MI,MISO,Landfill Gas,LFG,IC,1.0,0.9,,,2010,12
25049,Gas Recovery Systems Inc,55595,GRS Lyon,4,MI,MISO,Landfill Gas,LFG,IC,1.0,0.9,,,2010,12
25049,Gas Recovery Systems Inc,55595,GRS Lyon,5,MI,MISO,Landfill Gas,LFG,IC,1.0,0.9,,,2010,12
57247,Pine Bend LLC,55598,GRS Pine Bend,1,MN,MISO,Landfill Gas,LFG,CT,5.0,3.8,,,2018,6
57247,Pine Bend LLC,55598,GRS Pine Bend,2,MN,MISO,Landfill Gas,LFG,CT,5.0,3.8,,,2018,6
57247,Pine Bend LLC,55598,GRS Pine Bend,3,MN,MISO,Landfill Gas,LFG,CA,6.6,6.0,,,2013,1
61469,City of Binghamton,55600,Binghamton Cogen,1,NY,NYIS,Natural Gas Fired Combustion Turbine,NG,GT,47.7,42.0,,,2018,1
57250,MM Prima Deshecha Energy LLC,55601,Prima Plant,UNT1,CA,CISO,Landfill Gas,LFG,IC,3.0,2.7,,,2022,9
57250,MM Prima Deshecha Energy LLC,55601,Prima Plant,UNT2,CA,CISO,Landfill Gas,LFG,IC,3.0,2.7,,,2022,9
16764,City of San Diego - (CA),55602,North City - Landfill Gas Engines South,UNT1,CA,CISO,Landfill Gas,LFG,IC,0.9,0.9,,,2022,3
16764,City of San Diego - (CA),55602,North City - Landfill Gas Engines South,UNT2,CA,CISO,Landfill Gas,LFG,IC,0.9,0.9,,,2022,3
16764,City of San Diego - (CA),55602,North City - Landfill Gas Engines South,UNT3,CA,CISO,Landfill Gas,LFG,IC,0.9,0.9,,,2022,3
16764,City of San Diego - (CA),55602,North City - Landfill Gas Engines South,UNT4,CA,CISO,Landfill Gas,LFG,IC,0.9,0.9,,,2022,3
57251,MM Tajiguas Energy LLC,55603,Tajiguas Plant,UNT1,CA,CISO,Landfill Gas,LFG,IC,3.0,2.7,,,2020,10
57178,Energy Equipment,55604,HMDC Kingsland Landfill,UNT1,NJ,,Landfill Gas,LFG,IC,0.9,0.1,,,2011,12
57178,Energy Equipment,55604,HMDC Kingsland Landfill,UNT2,NJ,,Landfill Gas,LFG,IC,0.9,0.1,,,2011,12
57178,Energy Equipment,55604,HMDC Kingsland Landfill,UNT3,NJ,,Landfill Gas,LFG,IC,0.9,0.1,,,2011,12
57236,MM Cuyahoga Energy LLC,55605,MM Cuyahoga Energy,UNT1,OH,PJM,Landfill Gas,LFG,IC,1.9,1.8,,,2010,12
57236,MM Cuyahoga Energy LLC,55605,MM Cuyahoga Energy,UNT2,OH,PJM,Landfill Gas,LFG,IC,1.9,1.8,,,2010,12
14354,PacifiCorp,55607,Foote Creek I,GEN1,WY,PACE,Onshore Wind Turbine,WND,WT,41.4,41.4,,,2023,12
14354,PacifiCorp,55608,Foote Creek II,GEN1,WY,PACE,Onshore Wind Turbine,WND,WT,1.8,1.8,,,2023,12
14354,PacifiCorp,55609,Foote Creek III,GEN1,WY,PACE,Onshore Wind Turbine,WND,WT,24.8,24.8,,,2023,12
14354,PacifiCorp,55610,Foote Creek IV,GEN1,WY,PACE,Onshore Wind Turbine,WND,WT,16.8,16.8,,,2023,12
50081,AE Operations LLC,55611,Mingo Junction Energy Center,GEN1,OH,PJM,Other Gases,OG,ST,32.0,30.0,,,2015,12
12773,Monmouth Energy Inc,55618,Monmouth Landfill Gas to Energy,GEN1,NJ,PJM,Landfill Gas,LFG,GT,4.9,3.3,,,2019,9
12773,Monmouth Energy Inc,55618,Monmouth Landfill Gas to Energy,GEN2,NJ,PJM,Landfill Gas,LFG,GT,4.9,3.3,,,2019,9
19130,Trigen-Baca Operating Corp,55621,South Bear Creek,1,CO,,Natural Gas Fired Combustion Turbine,NG,GT,4.6,3.3,,,2003,12
10878,Leviton Manufacturing Inc,55637,Leviton Manufacturing,GEN1,TX,EPE,Petroleum Liquids,DFO,IC,1.8,1.8,,,2013,12
772,Archer Daniels Midland Co,55638,Walhalla,GEN1,ND,MISO,Conventional Steam Coal,SUB,ST,2.0,2.0,,,2012,4
3643,Premcor Refining Group Inc,55703,Memphis Refinery,PO36,TN,,Natural Gas Fired Combustion Turbine,NG,GT,85.0,72.3,,,2005,5
15033,Pierce Power LLC,55704,Pierce Power Station,1,WA,,Natural Gas Fired Combustion Turbine,NG,GT,22.0,18.7,,,2002,9
15033,Pierce Power LLC,55704,Pierce Power Station,2,WA,,Natural Gas Fired Combustion Turbine,NG,GT,22.0,18.7,,,2002,9
15033,Pierce Power LLC,55704,Pierce Power Station,3,WA,,Natural Gas Fired Combustion Turbine,NG,GT,22.0,18.7,,,2002,9
15033,Pierce Power LLC,55704,Pierce Power Station,4,WA,,Natural Gas Fired Combustion Turbine,NG,GT,22.0,18.7,,,2002,9
15033,Pierce Power LLC,55704,Pierce Power Station,5,WA,,Natural Gas Fired Combustion Turbine,NG,GT,22.0,18.7,,,2002,9
15033,Pierce Power LLC,55704,Pierce Power Station,6,WA,,Natural Gas Fired Combustion Turbine,NG,GT,22.0,18.7,,,2002,9
15033,Pierce Power LLC,55704,Pierce Power Station,7,WA,,Natural Gas Fired Combustion Turbine,NG,GT,22.0,18.7,,,2002,9
61012,AES Distributed Energy,55719,Mountain View I & II,GEN2,CA,CISO,Onshore Wind Turbine,WND,WT,22.2,22.2,,,2021,12
61012,AES Distributed Energy,55719,Mountain View I & II,GENI,CA,CISO,Onshore Wind Turbine,WND,WT,42.6,42.6,,,2021,12
17058,Shell Wind Energy Inc.,55740,Rock River I LLC,GEN1,WY,PACE,Onshore Wind Turbine,WND,WT,50.0,50.0,,,2022,11
2770,Terra-Gen Operating Co-Wind,55741,Ridge Crest Wind Partners,A1,CO,PSCO,Onshore Wind Turbine,WND,WT,29.7,29.7,,,2024,10
50098,DTE Biomass,55758,KMS Macon Power,E-1,IL,,Landfill Gas,LFG,IC,0.8,0.8,,,2004,4
50098,DTE Biomass,55758,KMS Macon Power,E-2,IL,,Landfill Gas,LFG,IC,0.8,0.8,,,2004,4
9205,Illinois Electricial Gen Partn,55759,Roxana Resource Recovery,RX1,IL,MISO,Landfill Gas,LFG,IC,1.1,0.9,,,2015,12
9205,Illinois Electricial Gen Partn,55759,Roxana Resource Recovery,RX2,IL,MISO,Landfill Gas,LFG,IC,1.1,0.9,,,2015,12
9205,Illinois Electricial Gen Partn,55759,Roxana Resource Recovery,RX3,IL,MISO,Landfill Gas,LFG,IC,1.1,0.9,,,2015,12
9205,Illinois Electricial Gen Partn,55759,Roxana Resource Recovery,RX4,IL,MISO,Landfill Gas,LFG,IC,1.1,0.9,,,2015,12
9205,Illinois Electricial Gen Partn,55760,Streator Energy Partners LLC,ST1,IL,PJM,Landfill Gas,LFG,IC,1.1,0.9,,,2017,12
9205,Illinois Electricial Gen Partn,55761,Devonshire Power Partners LLC,DO1,IL,PJM,Landfill Gas,LFG,IC,1.1,1.0,,,2008,12
9205,Illinois Electricial Gen Partn,55761,Devonshire Power Partners LLC,DO2,IL,PJM,Landfill Gas,LFG,IC,1.1,1.0,,,2008,12
9205,Illinois Electricial Gen Partn,55761,Devonshire Power Partners LLC,DO3,IL,PJM,Landfill Gas,LFG,IC,1.1,1.0,,,2009,9
9205,Illinois Electricial Gen Partn,55761,Devonshire Power Partners LLC,DO4,IL,PJM,Landfill Gas,LFG,IC,1.1,1.0,,,2009,9
9205,Illinois Electricial Gen Partn,55761,Devonshire Power Partners LLC,DO5,IL,PJM,Landfill Gas,LFG,IC,1.1,1.0,,,2009,9
9205,Illinois Electricial Gen Partn,55762,Brickyard Energy Partners LLC,BR1,IL,MISO,Landfill Gas,LFG,IC,1.1,0.9,,,2015,12
9205,Illinois Electricial Gen Partn,55762,Brickyard Energy Partners LLC,BR2,IL,MISO,Landfill Gas,LFG,IC,1.1,0.9,,,2015,12
9205,Illinois Electricial Gen Partn,55762,Brickyard Energy Partners LLC,BR3,IL,MISO,Landfill Gas,LFG,IC,1.1,0.9,,,2015,12
9205,Illinois Electricial Gen Partn,55762,Brickyard Energy Partners LLC,BR5,IL,MISO,Landfill Gas,LFG,IC,1.1,0.9,,,2015,12
9205,Illinois Electricial Gen Partn,55763,Dixon/Lee Energy Partners LLC,DX1,IL,PJM,Landfill Gas,LFG,IC,1.1,0.9,,,2017,12
9205,Illinois Electricial Gen Partn,55763,Dixon/Lee Energy Partners LLC,DX2,IL,PJM,Landfill Gas,LFG,IC,1.1,0.9,,,2017,12
9205,Illinois Electricial Gen Partn,55763,Dixon/Lee Energy Partners LLC,DX3,IL,PJM,Landfill Gas,LFG,IC,1.1,0.9,,,2017,12
9205,Illinois Electricial Gen Partn,55763,Dixon/Lee Energy Partners LLC,DX4,IL,PJM,Landfill Gas,LFG,IC,1.1,0.9,,,2017,12
9205,Illinois Electricial Gen Partn,55764,Upper Rock Energy Partners LLC,UR1,IL,MISO,Landfill Gas,LFG,IC,1.1,0.9,,,2015,12
9205,Illinois Electricial Gen Partn,55764,Upper Rock Energy Partners LLC,UR2,IL,MISO,Landfill Gas,LFG,IC,1.1,0.9,,,2015,12
9205,Illinois Electricial Gen Partn,55764,Upper Rock Energy Partners LLC,UR3,IL,MISO,Landfill Gas,LFG,IC,1.1,0.9,,,2015,12
9205,Illinois Electricial Gen Partn,55764,Upper Rock Energy Partners LLC,UR4,IL,MISO,Landfill Gas,LFG,IC,1.1,0.9,,,2015,12
9205,Illinois Electricial Gen Partn,55767,Riveside Resource Recovery LLC,RO1,IL,PJM,Landfill Gas,LFG,IC,1.1,0.9,,,2012,12
9205,Illinois Electricial Gen Partn,55768,Avon Energy Partners LLC,CH1,IL,PJM,Landfill Gas,LFG,IC,1.1,0.9,,,2008,7
9205,Illinois Electricial Gen Partn,55768,Avon Energy Partners LLC,CH2,IL,PJM,Landfill Gas,LFG,IC,1.1,0.9,,,2008,8
9205,Illinois Electricial Gen Partn,55768,Avon Energy Partners LLC,CH3,IL,PJM,Landfill Gas,LFG,IC,1.1,0.9,,,2003,2
4767,Dane County Public Works,55770,Dane County Landfill #2 Rodefeld,GEN1,WI,MISO,Landfill Gas,LFG,IC,0.8,0.8,,,2019,4
4767,Dane County Public Works,55770,Dane County Landfill #2 Rodefeld,GEN2,WI,MISO,Landfill Gas,LFG,IC,0.8,0.8,,,2019,4
4767,Dane County Public Works,55770,Dane County Landfill #2 Rodefeld,GEN3,WI,MISO,Landfill Gas,LFG,IC,0.8,0.8,,,2019,4
4767,Dane County Public Works,55770,Dane County Landfill #2 Rodefeld,GEN4,WI,MISO,Landfill Gas,LFG,IC,1.6,1.6,,,2019,4
4767,Dane County Public Works,55770,Dane County Landfill #2 Rodefeld,GEN5,WI,MISO,Landfill Gas,LFG,IC,0.8,0.8,,,2019,4
4767,Dane County Public Works,55770,Dane County Landfill #2 Rodefeld,GEN6,WI,MISO,Landfill Gas,LFG,IC,0.8,0.8,,,2019,4
4767,Dane County Public Works,55770,Dane County Landfill #2 Rodefeld,GEN7,WI,MISO,Landfill Gas,LFG,IC,0.8,0.8,,,2019,4
15519,"Puyallup Energy Recovery Company, LLC",55772,PERC LLC,1,WA,,Landfill Gas,LFG,OT,0.9,0.8,,,2009,4
15519,"Puyallup Energy Recovery Company, LLC",55772,PERC LLC,2,WA,,Landfill Gas,LFG,OT,0.9,0.8,,,2009,4
15519,"Puyallup Energy Recovery Company, LLC",55772,PERC LLC,3,WA,,Landfill Gas,LFG,OT,0.9,0.8,,,2009,4
57263,"Mas Countryside RNG, LLC",55773,"Mas Countryside RNG, LLC",CS1,IL,PJM,Landfill Gas,LFG,IC,1.4,1.3,,,2012,1
57263,"Mas Countryside RNG, LLC",55773,"Mas Countryside RNG, LLC",CS10,IL,PJM,Landfill Gas,LFG,GT,3.2,2.0,,,2020,12
57263,"Mas Countryside RNG, LLC",55773,"Mas Countryside RNG, LLC",CS2,IL,PJM,Landfill Gas,LFG,IC,1.4,1.3,,,2012,1
57263,"Mas Countryside RNG, LLC",55773,"Mas Countryside RNG, LLC",CS3,IL,PJM,Landfill Gas,LFG,IC,1.4,1.3,,,2012,1
57263,"Mas Countryside RNG, LLC",55773,"Mas Countryside RNG, LLC",CS4,IL,PJM,Landfill Gas,LFG,IC,1.4,1.3,,,2012,1
57263,"Mas Countryside RNG, LLC",55773,"Mas Countryside RNG, LLC",CS5,IL,PJM,Landfill Gas,LFG,IC,1.4,1.3,,,2012,1
57263,"Mas Countryside RNG, LLC",55773,"Mas Countryside RNG, LLC",CS6,IL,PJM,Landfill Gas,LFG,IC,1.4,1.3,,,2012,1
57263,"Mas Countryside RNG, LLC",55773,"Mas Countryside RNG, LLC",CS7,IL,PJM,Landfill Gas,LFG,GT,3.2,2.0,,,2020,12
57263,"Mas Countryside RNG, LLC",55773,"Mas Countryside RNG, LLC",CS8,IL,PJM,Landfill Gas,LFG,GT,3.2,2.0,,,2020,12
57263,"Mas Countryside RNG, LLC",55773,"Mas Countryside RNG, LLC",CS9,IL,PJM,Landfill Gas,LFG,GT,3.2,2.0,,,2020,12
9205,Illinois Electricial Gen Partn,55774,Morris Genco LLC,MO1,IL,PJM,Landfill Gas,LFG,IC,1.4,1.3,,,2011,9
9205,Illinois Electricial Gen Partn,55774,Morris Genco LLC,MO2,IL,PJM,Landfill Gas,LFG,IC,1.4,1.3,,,2011,9
9205,Illinois Electricial Gen Partn,55774,Morris Genco LLC,MO3,IL,PJM,Landfill Gas,LFG,IC,1.4,1.3,,,2011,9
9205,Illinois Electricial Gen Partn,55774,Morris Genco LLC,MO4,IL,PJM,Landfill Gas,LFG,IC,1.1,1.0,,,2018,5
9205,Illinois Electricial Gen Partn,55774,Morris Genco LLC,MO5,IL,PJM,Landfill Gas,LFG,IC,1.1,1.0,,,2018,5
21148,Zapco Energy Tactics Corp,55776,Barre,BA1,MA,ISNE,Landfill Gas,LFG,IC,0.5,0.4,,,2017,12
21148,Zapco Energy Tactics Corp,55776,Barre,BA2,MA,ISNE,Landfill Gas,LFG,IC,0.5,0.4,,,2017,12
56334,WEHRAN Energy Corporation,55778,Brookhaven Facility,BH1,NY,NYIS,Landfill Gas,LFG,IC,1.3,1.2,,,2005,1
56334,WEHRAN Energy Corporation,55778,Brookhaven Facility,BH2,NY,NYIS,Landfill Gas,LFG,IC,1.3,1.2,,,2012,12
56334,WEHRAN Energy Corporation,55778,Brookhaven Facility,BH3,NY,NYIS,Landfill Gas,LFG,IC,1.3,1.2,,,2012,12
56334,WEHRAN Energy Corporation,55778,Brookhaven Facility,BH4,NY,NYIS,Landfill Gas,LFG,IC,1.3,1.2,,,2012,12
21148,Zapco Energy Tactics Corp,55779,Dunbarton Energy Partners LP,MA1,NH,ISNE,Landfill Gas,LFG,IC,0.7,0.6,,,2012,6
21148,Zapco Energy Tactics Corp,55779,Dunbarton Energy Partners LP,MA2,NH,ISNE,Landfill Gas,LFG,IC,0.7,0.6,,,2012,6
56689,RENEW Energy Inc,55782,Noble Ridge LLC,WH01,MN,MISO,Onshore Wind Turbine,WND,WT,1.5,1.5,,,2025,12
40,Hospira Inc,55788,Hospira Inc,GEN1,NY,NYIS,Natural Gas Internal Combustion Engine,NG,IC,1.1,1.1,,,2013,12
40,Hospira Inc,55788,Hospira Inc,GEN2,NY,NYIS,Natural Gas Internal Combustion Engine,NG,IC,1.1,1.1,,,2013,12
18348,"AD Srvcs Glacier Ridge Landfill, LLC.",55817,"AD Srvcs Glacier Ridge Landfill, LLC",NO 1,WI,MISO,Landfill Gas,LFG,IC,1.0,0.9,,,2013,9
18348,"AD Srvcs Glacier Ridge Landfill, LLC.",55817,"AD Srvcs Glacier Ridge Landfill, LLC",NO 2,WI,MISO,Landfill Gas,LFG,IC,1.0,0.9,,,2013,9
16045,Riverside County Waste Management Dept,55820,RCWMD Badlands Landfill Gas Project,GEN1,CA,CISO,Landfill Gas,LFG,IC,1.3,1.0,,,2017,9
57207,"HC-50 MAIN STREET, LLC",55829,Millinocket Mill,M1S1,ME,ISNE,Petroleum Liquids,RFO,ST,15.6,14.5,,,2013,12
57207,"HC-50 MAIN STREET, LLC",55829,Millinocket Mill,M1S2,ME,ISNE,Petroleum Liquids,RFO,ST,15.6,14.5,,,2013,12
57207,"HC-50 MAIN STREET, LLC",55829,Millinocket Mill,M1S3,ME,ISNE,Petroleum Liquids,RFO,ST,31.5,29.3,,,2013,12
57207,"HC-50 MAIN STREET, LLC",55829,Millinocket Mill,M1S4,ME,ISNE,Petroleum Liquids,RFO,ST,23.5,21.8,,,2013,12
61336,Katahdin KI 50 LLC,55830,East Millinocket Mill,M2S1,ME,ISNE,Wood/Wood Waste Biomass,WDS,ST,15.6,14.5,,,2019,6
61336,Katahdin KI 50 LLC,55830,East Millinocket Mill,M2S2,ME,ISNE,Wood/Wood Waste Biomass,WDS,ST,15.6,14.5,,,2019,6
61336,Katahdin KI 50 LLC,55830,East Millinocket Mill,M2S3,ME,ISNE,Wood/Wood Waste Biomass,WDS,ST,30.2,28.1,,,2019,6
2872,Auburndale Peaker Energy Center LLC,55833,Auburndale Peaker Energy Center,CTP,FL,TEC,Natural Gas Fired Combustion Turbine,NG,GT,130.1,117.0,,,2018,9
9155,Inland Empire Energy Ctr LLC,55853,Inland Empire Energy Center,1,CA,CISO,Natural Gas Fired Combined Cycle,NG,CS,409.5,345.0,,,2020,1
9155,Inland Empire Energy Ctr LLC,55853,Inland Empire Energy Center,2,CA,CISO,Natural Gas Fired Combined Cycle,NG,CS,409.5,345.0,,,2020,1
5137,Desert Power LP,55858,Desert Power LP,GEN7,UT,,Conventional Steam Coal,BIT,ST,43.0,40.0,,,2007,12
5137,Desert Power LP,55858,Desert Power LP,UNT1,UT,,Natural Gas Fired Combustion Turbine,NG,GT,46.2,34.0,,,2007,12
5137,Desert Power LP,55858,Desert Power LP,UNT2,UT,,Natural Gas Fired Combustion Turbine,NG,GT,46.2,34.0,,,2007,12
6306,"Benson Power, LLC.",55867,Benson Power Biomass Plant,G1,MN,MISO,Wood/Wood Waste Biomass,WDS,ST,62.5,55.0,,,2018,11
20323,"Wellhead Services, Inc",55875,Gates Peaker,GEN1,CA,CISO,Natural Gas Fired Combustion Turbine,NG,GT,46.5,33.3,,,2013,1
16245,Rollling Hills Landfill LLC,55884,Rolling Hills,N01,PA,,Landfill Gas,LFG,GT,5.5,5.5,,,2006,3
56318,CB&I,55885,Montgomery County Oaks LFGE Plant,CAT35,MD,PJM,Landfill Gas,LFG,IC,1.6,1.5,,,2021,7
56318,CB&I,55885,Montgomery County Oaks LFGE Plant,GEJGC,MD,PJM,Landfill Gas,LFG,IC,0.8,0.8,,,2021,7
18454,Tampa Electric Co,55893,Partnership Station,1,FL,TEC,Natural Gas Internal Combustion Engine,NG,IC,2.9,3.0,,,2015,11
18454,Tampa Electric Co,55893,Partnership Station,2,FL,TEC,Natural Gas Internal Combustion Engine,NG,IC,2.9,3.0,,,2015,11
1687,Bio-Energy Partners,55925,Ridgeview,GEN10,WI,MISO,Landfill Gas,LFG,IC,0.8,0.8,,,2010,9
1687,Bio-Energy Partners,55925,Ridgeview,GEN3,WI,MISO,Landfill Gas,LFG,IC,0.8,0.8,,,2014,11
1687,Bio-Energy Partners,55925,Ridgeview,GEN4,WI,MISO,Landfill Gas,LFG,IC,0.8,0.8,,,2014,11
1687,Bio-Energy Partners,55925,Ridgeview,GEN9,WI,MISO,Landfill Gas,LFG,IC,0.8,0.8,,,2013,6
1936,Bolivar Energy Authority,55929,Bolivar,1,TN,,Petroleum Liquids,DFO,IC,2.0,1.8,,,2011,8
1936,Bolivar Energy Authority,55929,Bolivar,10,TN,,Petroleum Liquids,DFO,IC,2.0,1.8,,,2011,8
1936,Bolivar Energy Authority,55929,Bolivar,2,TN,,Petroleum Liquids,DFO,IC,2.0,1.8,,,2011,8
1936,Bolivar Energy Authority,55929,Bolivar,3,TN,,Petroleum Liquids,DFO,IC,2.0,1.8,,,2011,8
1936,Bolivar Energy Authority,55929,Bolivar,4,TN,,Petroleum Liquids,DFO,IC,2.0,1.8,,,2011,8
1936,Bolivar Energy Authority,55929,Bolivar,5,TN,,Petroleum Liquids,DFO,IC,2.0,1.8,,,2011,8
1936,Bolivar Energy Authority,55929,Bolivar,6,TN,,Petroleum Liquids,DFO,IC,2.0,1.8,,,2011,8
1936,Bolivar Energy Authority,55929,Bolivar,7,TN,,Petroleum Liquids,DFO,IC,2.0,1.8,,,2011,8
1936,Bolivar Energy Authority,55929,Bolivar,8,TN,,Petroleum Liquids,DFO,IC,2.0,1.8,,,2011,8
1936,Bolivar Energy Authority,55929,Bolivar,9,TN,,Petroleum Liquids,DFO,IC,2.0,1.8,,,2011,8
1361,Crystal Flash Renewable Energy LLC dba Bay Windpower LLC,55944,Bay Windpower I,BAY,MI,MISO,Onshore Wind Turbine,WND,WT,1.8,1.8,,,2023,10
56024,Kamin LLC,55961,Kamin LLC Wrens Mine,WM1,GA,SOCO,Petroleum Liquids,DFO,IC,1.0,1.0,,,2013,3
56024,Kamin LLC,55961,Kamin LLC Wrens Mine,WM2,GA,SOCO,Petroleum Liquids,DFO,IC,1.0,1.0,,,2013,3
56543,Black Bear Hydro Partners LLC,55967,Great Works Hydro,WW1,ME,ISNE,Conventional Hydroelectric,WAT,HY,1.0,1.0,,,2012,9
56543,Black Bear Hydro Partners LLC,55967,Great Works Hydro,WW10,ME,ISNE,Conventional Hydroelectric,WAT,HY,0.6,0.6,,,2012,9
56543,Black Bear Hydro Partners LLC,55967,Great Works Hydro,WW11,ME,ISNE,Conventional Hydroelectric,WAT,HY,0.5,0.5,,,2012,9
56543,Black Bear Hydro Partners LLC,55967,Great Works Hydro,WW2,ME,ISNE,Conventional Hydroelectric,WAT,HY,1.0,1.0,,,2012,9
56543,Black Bear Hydro Partners LLC,55967,Great Works Hydro,WW3,ME,ISNE,Conventional Hydroelectric,WAT,HY,1.0,1.0,,,2012,9
56543,Black Bear Hydro Partners LLC,55967,Great Works Hydro,WW4,ME,ISNE,Conventional Hydroelectric,WAT,HY,0.6,0.6,,,2012,9
56543,Black Bear Hydro Partners LLC,55967,Great Works Hydro,WW5,ME,ISNE,Conventional Hydroelectric,WAT,HY,0.6,0.6,,,2012,9
56543,Black Bear Hydro Partners LLC,55967,Great Works Hydro,WW6,ME,ISNE,Conventional Hydroelectric,WAT,HY,0.7,0.7,,,2012,9
56543,Black Bear Hydro Partners LLC,55967,Great Works Hydro,WW7,ME,ISNE,Conventional Hydroelectric,WAT,HY,0.6,0.6,,,2012,9
56543,Black Bear Hydro Partners LLC,55967,Great Works Hydro,WW8,ME,ISNE,Conventional Hydroelectric,WAT,HY,0.6,0.6,,,2012,9
56543,Black Bear Hydro Partners LLC,55967,Great Works Hydro,WW9,ME,ISNE,Conventional Hydroelectric,WAT,HY,0.5,0.5,,,2012,9
54882,MMC Energy Inc,55974,MMC Midsun LLC,GEN1,CA,,Natural Gas Fired Combustion Turbine,NG,GT,24.5,19.4,,,2009,5
57170,"EDF Renewable Asset Holdings, Inc.",55980,Champepaden Wind Power,1,MN,MISO,Onshore Wind Turbine,WND,WT,2.0,2.0,,,2021,12
57170,"EDF Renewable Asset Holdings, Inc.",55981,Moulton Wind Power,1,MN,MISO,Onshore Wind Turbine,WND,WT,2.0,2.0,,,2021,12
18125,Stillwater Utilities Authority,55987,Stillwater Water Treatment Plant,6,OK,SWPP,Petroleum Liquids,DFO,IC,2.0,2.0,,,2022,3
8785,Homestretch Geothermal LLC,55988,Wabuska,1,NV,NEVP,Geothermal,GEO,ST,0.6,0.4,,,2018,12
8785,Homestretch Geothermal LLC,55988,Wabuska,2,NV,NEVP,Geothermal,GEO,ST,0.8,0.4,,,2018,12
8785,Homestretch Geothermal LLC,55988,Wabuska,3,NV,NEVP,Geothermal,GEO,ST,0.8,0.1,,,2018,12
8785,Homestretch Geothermal LLC,55988,Wabuska,4,NV,NEVP,Geothermal,GEO,ST,0.8,0.4,,,2018,12
8785,Homestretch Geothermal LLC,55988,Wabuska,5,NV,NEVP,Geothermal,GEO,ST,0.8,0.4,,,2018,12
8785,Homestretch Geothermal LLC,55988,Wabuska,6,NV,NEVP,Geothermal,GEO,ST,0.8,0.4,,,2018,12
8785,Homestretch Geothermal LLC,55988,Wabuska,7,NV,NEVP,Geothermal,GEO,ST,0.8,0.4,,,2018,12
34691,Ormat Nevada Inc,55991,Brady,TG-1,NV,NEVP,Geothermal,GEO,ST,9.2,7.5,,,2018,3
34691,Ormat Nevada Inc,55991,Brady,TG-2,NV,NEVP,Geothermal,GEO,ST,9.2,7.5,,,2018,3
34691,Ormat Nevada Inc,55991,Brady,TG-3,NV,NEVP,Geothermal,GEO,ST,8.0,6.3,,,2018,3
1307,Basin Electric Power Coop,55995,Minot Wind Project,MWP,ND,SWPP,Onshore Wind Turbine,WND,WT,2.6,2.6,,,2022,3
13815,Northwestern Wisconsin Elec Co,55998,Danbury Diesel,GT1,WI,MISO,Petroleum Liquids,DFO,GT,6.7,4.0,,,2022,12
13815,Northwestern Wisconsin Elec Co,55998,Danbury Diesel,IC1,WI,MISO,Petroleum Liquids,DFO,IC,0.5,0.5,,,2022,12
13815,Northwestern Wisconsin Elec Co,55998,Danbury Diesel,IC2,WI,MISO,Petroleum Liquids,DFO,IC,0.6,0.5,,,2022,12
62143,"Atlantic-VMD Revere Realty, LLC",55999,NECCO Co-Generation,GEN1,MA,ISNE,Natural Gas Internal Combustion Engine,NG,IC,2.9,2.8,,,2018,10
62143,"Atlantic-VMD Revere Realty, LLC",55999,NECCO Co-Generation,GEN2,MA,ISNE,Natural Gas Internal Combustion Engine,NG,IC,2.9,2.8,,,2018,10
8198,City of Harrisonburg - (VA),56006,Harrisonburg Power Plant,ST-1,VA,PJM,Natural Gas Steam Turbine,NG,ST,2.5,2.7,,,2016,6
6716,PUD No 1 of Franklin County,56017,Franklin/Grays,GT1,WA,BPAT,Natural Gas Fired Combustion Turbine,NG,GT,11.4,10.5,,,2016,2
6716,PUD No 1 of Franklin County,56017,Franklin/Grays,GT2,WA,BPAT,Natural Gas Fired Combustion Turbine,NG,GT,11.4,10.5,,,2016,2
6716,PUD No 1 of Franklin County,56017,Franklin/Grays,GT3,WA,BPAT,Natural Gas Fired Combustion Turbine,NG,GT,11.4,10.5,,,2016,2
6716,PUD No 1 of Franklin County,56017,Franklin/Grays,GT4,WA,BPAT,Natural Gas Fired Combustion Turbine,NG,GT,11.4,10.5,,,2016,2
3635,CMS Distributed Power LLC,56023,Zilwaukee Generating Station,001,MI,,Petroleum Liquids,DFO,IC,38.0,38.0,,,2004,12
6778,Fraser NH LLC,56024,Berlin Gorham,TUR1,NH,,Wood/Wood Waste Biomass,WDS,ST,7.5,7.5,,,2006,4
6778,Fraser NH LLC,56024,Berlin Gorham,TUR4,NH,,Wood/Wood Waste Biomass,BLQ,ST,5.0,5.0,,,2005,12
6778,Fraser NH LLC,56024,Berlin Gorham,TUR7,NH,,Petroleum Liquids,RFO,ST,2.5,2.5,,,2005,12
6778,Fraser NH LLC,56024,Berlin Gorham,TUR9,NH,,Petroleum Liquids,RFO,ST,25.0,20.0,,,2006,4
55755,Fox Valley Energy Center LLC,56037,Fox Valley Energy Center,1,WI,MISO,Wood/Wood Waste Biomass,WDS,ST,6.5,6.5,,,2013,6
19165,Trigen-Cinergy Solutions College Park,56038,UMCP CHP Plant,1,MD,PJM,Natural Gas Fired Combustion Turbine,NG,GT,11.0,9.4,,,2025,3
19165,Trigen-Cinergy Solutions College Park,56038,UMCP CHP Plant,2,MD,PJM,Natural Gas Fired Combustion Turbine,NG,GT,11.0,9.4,,,2025,3
19165,Trigen-Cinergy Solutions College Park,56038,UMCP CHP Plant,3,MD,PJM,Natural Gas Steam Turbine,NG,ST,5.4,2.0,,,2025,3
54699,Solo Cup Co,56040,Solo Cup Co,1,MD,PJM,Natural Gas Internal Combustion Engine,NG,IC,5.6,5.6,,,2012,4
54699,Solo Cup Co,56040,Solo Cup Co,2,MD,PJM,Natural Gas Internal Combustion Engine,NG,IC,5.6,5.6,,,2012,4
19164,Trigen-Cinergy Solutions - Baltimore,56045,Millennium Hawkins Point,1A,MD,,Natural Gas Fired Combustion Turbine,NG,GT,1.5,1.1,,,2009,6
19164,Trigen-Cinergy Solutions - Baltimore,56045,Millennium Hawkins Point,1B,MD,,Natural Gas Fired Combustion Turbine,NG,GT,1.5,1.1,,,2009,6
19164,Trigen-Cinergy Solutions - Baltimore,56045,Millennium Hawkins Point,2A,MD,,Natural Gas Fired Combustion Turbine,NG,GT,1.5,1.1,,,2009,6
19164,Trigen-Cinergy Solutions - Baltimore,56045,Millennium Hawkins Point,2B,MD,,Natural Gas Fired Combustion Turbine,NG,GT,1.5,1.1,,,2009,6
19164,Trigen-Cinergy Solutions - Baltimore,56045,Millennium Hawkins Point,3A,MD,,Natural Gas Fired Combustion Turbine,NG,GT,1.5,1.1,,,2009,6
19164,Trigen-Cinergy Solutions - Baltimore,56045,Millennium Hawkins Point,3B,MD,,Natural Gas Fired Combustion Turbine,NG,GT,1.5,1.1,,,2009,6
19164,Trigen-Cinergy Solutions - Baltimore,56045,Millennium Hawkins Point,ST1,MD,,Natural Gas Steam Turbine,NG,ST,1.5,0.5,,,2009,6
13630,North Carolina Mun Power Agny #1,56058,"High Point, Jackson Lake",1,NC,DUK,Petroleum Liquids,DFO,IC,1.8,1.8,,,2007,11
13630,North Carolina Mun Power Agny #1,56060,Gastonia Rankin Lake,1,NC,DUK,Petroleum Liquids,DFO,IC,1.8,1.8,,,2012,9
13630,North Carolina Mun Power Agny #1,56061,Gastonia Duke Street,1,NC,DUK,Petroleum Liquids,DFO,IC,1.8,1.8,,,2012,9
13630,North Carolina Mun Power Agny #1,56065,Maiden Finger Street,1,NC,DUK,Petroleum Liquids,DFO,IC,1.8,1.8,,,2012,10
13630,North Carolina Mun Power Agny #1,56066,Lexington Hickory Street,1,NC,CPLE,Petroleum Liquids,DFO,IC,1.8,1.8,,,2012,9
361,Industrial Energy Applications Inc,56072,Alliant SBD 9801 Aegon Martha's Way,01,IA,MISO,Petroleum Liquids,DFO,IC,1.1,1.0,,,2012,4
361,Industrial Energy Applications Inc,56073,Alliant SBG 9802 Toyota,01,IA,MISO,Natural Gas Internal Combustion Engine,NG,IC,1.0,1.0,,,2025,10
361,Industrial Energy Applications Inc,56074,Alliant SBD 9901 Wells Fargo,01,IA,MISO,Petroleum Liquids,DFO,IC,1.1,1.1,,,2020,12
15597,Riceland Foods Inc.,56079,Riceland Foods Cogeneration Plant,STEC,AR,MISO,Other Waste Biomass,OBS,ST,18.0,8.0,,,2021,6
16657,San Jose/Santa Clara Water P C,56080,SJ/SC WPCP,E1,CA,CISO,Other Waste Biomass,OBG,IC,0.8,0.8,,,2008,2
16657,San Jose/Santa Clara Water P C,56080,SJ/SC WPCP,E2,CA,CISO,Other Waste Biomass,OBG,IC,0.8,0.8,,,2017,2
16657,San Jose/Santa Clara Water P C,56080,SJ/SC WPCP,E3,CA,CISO,Other Waste Biomass,OBG,IC,0.8,0.8,,,2015,4
16657,San Jose/Santa Clara Water P C,56080,SJ/SC WPCP,E5,CA,CISO,Other Waste Biomass,OBG,IC,1.8,1.8,,,2017,2
16657,San Jose/Santa Clara Water P C,56080,SJ/SC WPCP,E6,CA,CISO,Other Waste Biomass,OBG,IC,1.8,1.8,,,2008,3
16657,San Jose/Santa Clara Water P C,56080,SJ/SC WPCP,EG1,CA,CISO,Natural Gas Internal Combustion Engine,NG,IC,2.8,2.8,,,2021,7
16657,San Jose/Santa Clara Water P C,56080,SJ/SC WPCP,EG2,CA,CISO,Natural Gas Internal Combustion Engine,NG,IC,2.8,2.8,,,2021,6
16657,San Jose/Santa Clara Water P C,56080,SJ/SC WPCP,EG3,CA,CISO,Natural Gas Internal Combustion Engine,NG,IC,2.8,2.8,,,2021,10
61369,"Kimball Wind, LLC",56106,Kimball Wind,1,NE,WACM,Onshore Wind Turbine,WND,WT,10.5,10.5,,,2017,5
55858,"Energy Developments, Inc d/b/a EDL",56113,Tessman Road,1,TX,ERCO,Landfill Gas,LFG,IC,1.4,1.4,,,2021,5
55858,"Energy Developments, Inc d/b/a EDL",56113,Tessman Road,2,TX,ERCO,Landfill Gas,LFG,IC,1.4,1.4,,,2021,5
55858,"Energy Developments, Inc d/b/a EDL",56113,Tessman Road,3,TX,ERCO,Landfill Gas,LFG,IC,1.4,1.4,,,2021,5
55858,"Energy Developments, Inc d/b/a EDL",56113,Tessman Road,4,TX,ERCO,Landfill Gas,LFG,IC,1.4,1.4,,,2021,5
55858,"Energy Developments, Inc d/b/a EDL",56113,Tessman Road,5,TX,ERCO,Landfill Gas,LFG,IC,1.4,1.4,,,2021,5
55858,"Energy Developments, Inc d/b/a EDL",56113,Tessman Road,6,TX,ERCO,Landfill Gas,LFG,IC,1.4,1.4,,,2021,5
55858,"Energy Developments, Inc d/b/a EDL",56113,Tessman Road,7,TX,ERCO,Landfill Gas,LFG,IC,1.4,1.4,,,2021,5
17543,South Carolina Public Service Authority,56120,Lee County Landfill,L4,SC,SC,Landfill Gas,LFG,GT,5.5,5.2,,,2025,12
17543,South Carolina Public Service Authority,56121,Anderson Regional Landfill,A2,SC,DUK,Landfill Gas,LFG,IC,1.6,1.5,,,2023,1
17543,South Carolina Public Service Authority,56121,Anderson Regional Landfill,A3,SC,DUK,Landfill Gas,LFG,IC,1.6,1.5,,,2023,1
60558,"Rock County Energy Center, LLC",56123,Minwind 3-9,1,MN,MISO,Onshore Wind Turbine,WND,WT,11.5,11.6,,,2022,7
49777,SP Fiber Technologies NW LLC,56124,SPFT - Newberg Cogen,GT1,OR,PGE,Natural Gas Fired Combustion Turbine,NG,GT,54.0,41.6,,,2008,12
49777,SP Fiber Technologies NW LLC,56124,SPFT - Newberg Cogen,GT2,OR,PGE,Natural Gas Fired Combustion Turbine,NG,GT,54.0,41.6,,,2007,5
49777,SP Fiber Technologies NW LLC,56124,SPFT - Newberg Cogen,TG1,OR,PGE,Wood/Wood Waste Biomass,WDS,ST,12.5,4.5,,,2015,11
49777,SP Fiber Technologies NW LLC,56124,SPFT - Newberg Cogen,TG2,OR,PGE,Wood/Wood Waste Biomass,WDS,ST,42.8,11.9,,,2016,1
11460,City of Macon - (MO),56126,Sub 2 Generating Station,1,MO,AECI,Petroleum Liquids,DFO,IC,1.8,1.8,,,2023,5
11460,City of Macon - (MO),56126,Sub 2 Generating Station,2,MO,AECI,Petroleum Liquids,DFO,IC,1.8,1.8,,,2023,5
11460,City of Macon - (MO),56128,Sub 3 Generating Station,1,MO,AECI,Petroleum Liquids,DFO,IC,1.8,1.8,,,2023,5
11460,City of Macon - (MO),56128,Sub 3 Generating Station,2,MO,AECI,Petroleum Liquids,DFO,IC,1.8,1.8,,,2023,5
11460,City of Macon - (MO),56128,Sub 3 Generating Station,3,MO,AECI,Petroleum Liquids,DFO,IC,1.8,1.8,,,2023,5
11460,City of Macon - (MO),56128,Sub 3 Generating Station,4,MO,AECI,Petroleum Liquids,DFO,IC,1.8,1.8,,,2023,5
17543,South Carolina Public Service Authority,56130,Cornell Dubilier,1,SC,SC,Petroleum Liquids,DFO,IC,2.9,,,,2009,5
49785,"Groveton Paper Board, Inc",56140,Groveton Paper Board,TUR1,NH,,Natural Gas Fired Combustion Turbine,NG,GT,5.0,4.0,,,2006,12
49785,"Groveton Paper Board, Inc",56140,Groveton Paper Board,TUR2,NH,,Natural Gas Fired Combustion Turbine,NG,GT,5.0,4.0,,,2006,12
59496,ALLETE Clean Energy,56142,"Chanarambie Power Partners, LLC",WND1,MN,MISO,Onshore Wind Turbine,WND,WT,85.5,85.5,,,2022,12
219,Alaska Power and Telephone Co,56146,False Island,3,AK,,Petroleum Liquids,DFO,IC,0.3,0.3,,,2007,9
219,Alaska Power and Telephone Co,56147,Viking,1,AK,,Petroleum Liquids,DFO,IC,1.0,1.0,,,2017,1
4716,Dairyland Power Coop,56149,Seven Mile Creek LFG,1,WI,MISO,Landfill Gas,LFG,IC,1.0,0.8,,,2017,5
4716,Dairyland Power Coop,56149,Seven Mile Creek LFG,2,WI,MISO,Landfill Gas,LFG,IC,1.0,0.8,,,2017,5
4716,Dairyland Power Coop,56149,Seven Mile Creek LFG,3,WI,MISO,Landfill Gas,LFG,IC,1.0,0.8,,,2017,5
4716,Dairyland Power Coop,56149,Seven Mile Creek LFG,4,WI,MISO,Landfill Gas,LFG,IC,1.0,1.0,,,2017,5
59496,ALLETE Clean Energy,56153,Viking Wind Partners,1,MN,MISO,Onshore Wind Turbine,WND,WT,12.0,12.0,,,2022,12
49805,Kennecott Utah Copper,56163,Kennecott Power Plant,1,UT,PACE,Conventional Steam Coal,BIT,ST,50.0,50.0,,,2016,10
49805,Kennecott Utah Copper,56163,Kennecott Power Plant,2,UT,PACE,Conventional Steam Coal,BIT,ST,25.0,25.0,,,2016,10
49805,Kennecott Utah Copper,56163,Kennecott Power Plant,3,UT,PACE,Conventional Steam Coal,BIT,ST,25.0,25.0,,,2016,10
49805,Kennecott Utah Copper,56163,Kennecott Power Plant,4,UT,PACE,Conventional Steam Coal,BIT,ST,82.0,75.0,,,2019,12
57252,MM Colton Genco,56167,Colton Plant,UNT1,CA,CISO,Landfill Gas,LFG,IC,1.3,1.3,,,2013,10
49812,NEO Freehold Gen LLC,56169,NEO Freehold Gen LLC,UNT1,NJ,PJM,Natural Gas Internal Combustion Engine,NG,IC,1.1,1.1,,,2017,12
49812,NEO Freehold Gen LLC,56169,NEO Freehold Gen LLC,UNT2,NJ,PJM,Natural Gas Internal Combustion Engine,NG,IC,1.1,1.1,,,2017,12
57253,NM Mid Valley Genco LLC,56170,Mid Valley Plant,UNT1,CA,CISO,Landfill Gas,LFG,IC,1.3,1.3,,,2016,12
57253,NM Mid Valley Genco LLC,56170,Mid Valley Plant,UNT2,CA,CISO,Landfill Gas,LFG,IC,1.3,1.3,,,2016,12
57254,MM Milliken Genco LLC,56171,Milliken Plant,UNT1,CA,CISO,Landfill Gas,LFG,IC,1.1,1.1,,,2014,5
57254,MM Milliken Genco LLC,56171,Milliken Plant,UNT2,CA,CISO,Landfill Gas,LFG,IC,1.1,1.1,,,2014,5
4362,Corn Belt Energy Corporation,56176,BNWRD,1,IL,MISO,Petroleum Liquids,DFO,IC,2.0,1.8,,,2014,10
49831,Unilin Flooring NC LLC-Columbia Flooring,56182,Columbia Flooring Melbourne,Kato,AR,MISO,Wood/Wood Waste Biomass,WDS,ST,2.0,1.7,,,2019,11
12807,Michigan South Central Power Agency,56183,Modular Power LLC,1,MI,,Petroleum Liquids,DFO,IC,1.6,1.6,,,2006,10
12807,Michigan South Central Power Agency,56183,Modular Power LLC,2,MI,,Petroleum Liquids,DFO,IC,1.8,1.8,,,2006,10
12807,Michigan South Central Power Agency,56183,Modular Power LLC,3,MI,,Petroleum Liquids,DFO,IC,1.6,1.6,,,2006,10
12807,Michigan South Central Power Agency,56183,Modular Power LLC,4,MI,,Petroleum Liquids,DFO,IC,1.6,1.6,,,2006,10
12807,Michigan South Central Power Agency,56183,Modular Power LLC,5,MI,,Petroleum Liquids,DFO,IC,1.8,1.8,,,2006,10
12807,Michigan South Central Power Agency,56183,Modular Power LLC,6,MI,,Petroleum Liquids,DFO,IC,1.6,1.6,,,2006,10
12807,Michigan South Central Power Agency,56183,Modular Power LLC,7,MI,,Petroleum Liquids,DFO,IC,1.6,1.6,,,2006,10
12807,Michigan South Central Power Agency,56183,Modular Power LLC,8,MI,,Petroleum Liquids,DFO,IC,1.6,1.6,,,2006,10
12807,Michigan South Central Power Agency,56183,Modular Power LLC,9,MI,,Petroleum Liquids,DFO,IC,1.6,1.6,,,2006,10
49840,"Waterside Power, LLC",56189,"Waterside Power, LLC",1,CT,ISNE,Petroleum Liquids,DFO,GT,23.2,23.2,,,2004,5
49840,"Waterside Power, LLC",56189,"Waterside Power, LLC",2,CT,ISNE,Petroleum Liquids,DFO,GT,23.2,23.2,,,2004,5
49840,"Waterside Power, LLC",56189,"Waterside Power, LLC",6,CT,ISNE,Petroleum Liquids,DFO,GT,23.2,23.2,,,2006,2
49841,Colville Indian Plywood & Veneer,56191,Colville Indian Plywood & Veneer,Gen1,WA,DOPD,Wood/Wood Waste Biomass,WDS,ST,6.3,5.0,,,2013,12
49841,Colville Indian Plywood & Veneer,56191,Colville Indian Plywood & Veneer,Gen2,WA,DOPD,Wood/Wood Waste Biomass,WDS,ST,9.4,7.5,,,2013,12
49858,Smithfield-Kinston Division,56197,Smithfield,GEN1,NC,,Petroleum Liquids,DFO,IC,1.8,1.4,,,2008,5
49858,Smithfield-Kinston Division,56197,Smithfield,GEN2,NC,,Petroleum Liquids,DFO,IC,1.8,1.4,,,2008,5
57170,"EDF Renewable Asset Holdings, Inc.",56213,Patterson Pass,WND1,CA,CISO,Onshore Wind Turbine,WND,WT,8.1,8.1,,,2014,10
57170,"EDF Renewable Asset Holdings, Inc.",56213,Patterson Pass,WND2,CA,CISO,Onshore Wind Turbine,WND,WT,13.8,13.8,,,2014,10
56599,Wind Energy America Inc,56216,L J Trust,LJT2,IA,MISO,Onshore Wind Turbine,WND,WT,2.0,2.0,,,2015,12
56599,Wind Energy America Inc,56217,NAE Shaokatan Power,SPP2,MN,MISO,Onshore Wind Turbine,WND,WT,0.8,0.8,,,2013,5
56599,Wind Energy America Inc,56217,NAE Shaokatan Power,SPP3,MN,MISO,Onshore Wind Turbine,WND,WT,0.8,0.8,,,2013,5
56599,Wind Energy America Inc,56218,Zachary Ridge LLC,ZR2,IA,MISO,Onshore Wind Turbine,WND,WT,2.0,2.0,,,2015,12
22500,"Evergy Kansas Central, Inc",56219,Westar Wind,J1,KS,SWPP,Onshore Wind Turbine,WND,WT,0.7,0.0,,,2008,12
22500,"Evergy Kansas Central, Inc",56219,Westar Wind,J2,KS,SWPP,Onshore Wind Turbine,WND,WT,0.7,0.0,,,2008,12
28541,Clatskanie Peoples Util Dist,56223,Alden Bailey Power Plant,LOKI,OR,BPAT,Natural Gas Fired Combustion Turbine,NG,GT,10.9,9.8,,,2021,11
49903,Aeolus Wind LLC,56225,Aeolus Wind Facility,V90,TX,SWPP,Onshore Wind Turbine,WND,WT,3.0,3.0,,,2022,1
40577,"American Mun Power-Ohio, Inc",56226,Bowling Green Wind,1,OH,PJM,Onshore Wind Turbine,WND,WT,1.8,1.8,,,2025,3
40577,"American Mun Power-Ohio, Inc",56226,Bowling Green Wind,2,OH,PJM,Onshore Wind Turbine,WND,WT,1.8,1.8,,,2025,3
40577,"American Mun Power-Ohio, Inc",56226,Bowling Green Wind,3,OH,PJM,Onshore Wind Turbine,WND,WT,1.8,1.8,,,2025,3
40577,"American Mun Power-Ohio, Inc",56226,Bowling Green Wind,4,OH,PJM,Onshore Wind Turbine,WND,WT,1.8,1.8,,,2025,3
50109,DeKalb Regional Health System,56231,Emory Hillandale Hospital,03,GA,SOCO,Petroleum Liquids,DFO,IC,1.5,1.5,,,2003,8
58200,Prairie Lakes Municipal Solid Waste Auth,56243,Perham Incinerator,1,MN,MISO,Municipal Solid Waste,MSW,ST,4.5,0.8,,,2018,8
49982,Veolia Energy-OKC,56246,Veolia Energy-OKC,CR4,OK,,Natural Gas Fired Combustion Turbine,NG,GT,0.5,0.4,,,2009,11
66753,"Ryan Companies US, Inc.",56247,West Group Data Center F,1,MN,MISO,Petroleum Liquids,DFO,IC,2.0,0.6,,,2024,12
66753,"Ryan Companies US, Inc.",56247,West Group Data Center F,2,MN,MISO,Petroleum Liquids,DFO,IC,2.0,0.6,,,2024,12
66753,"Ryan Companies US, Inc.",56247,West Group Data Center F,3,MN,MISO,Petroleum Liquids,DFO,IC,2.0,0.6,,,2024,12
66753,"Ryan Companies US, Inc.",56247,West Group Data Center F,4,MN,MISO,Petroleum Liquids,DFO,IC,2.0,0.6,,,2024,12
4180,Connecticut Mun Elec Engy Coop,56256,"John Street 1, 3, 4 & 5",JS 1,CT,ISNE,Petroleum Liquids,DFO,IC,1.8,2.0,,,2011,2
4180,Connecticut Mun Elec Engy Coop,56256,"John Street 1, 3, 4 & 5",JS 3,CT,ISNE,Petroleum Liquids,DFO,IC,1.8,2.0,,,2018,2
4180,Connecticut Mun Elec Engy Coop,56256,"John Street 1, 3, 4 & 5",JS 4,CT,ISNE,Petroleum Liquids,DFO,IC,1.8,2.0,,,2018,2
4180,Connecticut Mun Elec Engy Coop,56256,"John Street 1, 3, 4 & 5",JS 5,CT,ISNE,Petroleum Liquids,DFO,IC,1.8,2.0,,,2018,2
57062,Apex Power Contracting and Consulting,56257,"Cytec 1, 2 & 3",CY 1,CT,,Petroleum Liquids,DFO,IC,1.8,1.8,,,2011,7
57062,Apex Power Contracting and Consulting,56257,"Cytec 1, 2 & 3",CY 2,CT,,Petroleum Liquids,DFO,IC,1.8,1.8,,,2011,7
57062,Apex Power Contracting and Consulting,56257,"Cytec 1, 2 & 3",CY 3,CT,,Petroleum Liquids,DFO,IC,1.8,1.8,,,2011,7
20858,WPPI Energy,56266,WPPI Hartford DG,1,WI,MISO,Petroleum Liquids,DFO,IC,1.1,1.1,,,2020,4
5580,"East Kentucky Power Coop, Inc",56279,Laurel Ridge LFGTE,1,KY,PJM,Landfill Gas,LFG,IC,0.8,0.8,,,2023,8
5580,"East Kentucky Power Coop, Inc",56279,Laurel Ridge LFGTE,2,KY,PJM,Landfill Gas,LFG,IC,0.8,0.8,,,2023,8
5580,"East Kentucky Power Coop, Inc",56279,Laurel Ridge LFGTE,3,KY,PJM,Landfill Gas,LFG,IC,0.8,0.8,,,2023,8
5580,"East Kentucky Power Coop, Inc",56279,Laurel Ridge LFGTE,4,KY,PJM,Landfill Gas,LFG,IC,0.8,0.8,,,2023,8
5580,"East Kentucky Power Coop, Inc",56279,Laurel Ridge LFGTE,5,KY,PJM,Landfill Gas,LFG,IC,0.8,0.8,,,2023,8
50047,"Alpena Power Generation,  LLC",56282,Calcite,CA1,MI,,Petroleum Liquids,DFO,IC,1.8,1.8,,,2005,12
50047,"Alpena Power Generation,  LLC",56282,Calcite,CA10,MI,,Petroleum Liquids,DFO,IC,1.8,1.8,,,2005,12
50047,"Alpena Power Generation,  LLC",56282,Calcite,CA2,MI,,Petroleum Liquids,DFO,IC,1.8,1.8,,,2005,12
50047,"Alpena Power Generation,  LLC",56282,Calcite,CA3,MI,,Petroleum Liquids,DFO,IC,1.8,1.8,,,2005,12
50047,"Alpena Power Generation,  LLC",56282,Calcite,CA4,MI,,Petroleum Liquids,DFO,IC,1.8,1.8,,,2005,12
50047,"Alpena Power Generation,  LLC",56282,Calcite,CA5,MI,,Petroleum Liquids,DFO,IC,1.8,1.8,,,2005,12
50047,"Alpena Power Generation,  LLC",56282,Calcite,CA6,MI,,Petroleum Liquids,DFO,IC,1.8,1.8,,,2005,12
50047,"Alpena Power Generation,  LLC",56282,Calcite,CA7,MI,,Petroleum Liquids,DFO,IC,1.8,1.8,,,2005,12
50047,"Alpena Power Generation,  LLC",56282,Calcite,CA8,MI,,Petroleum Liquids,DFO,IC,1.8,1.8,,,2005,12
50047,"Alpena Power Generation,  LLC",56282,Calcite,CA9,MI,,Petroleum Liquids,DFO,IC,1.8,1.8,,,2005,12
50045,Phillips 66 Company,56284,Santa Maria EPG,EPG,CA,CISO,Other Gases,OG,ST,5.5,5.3,,,2022,12
50047,"Alpena Power Generation,  LLC",56285,Lake Winyah,LW1,MI,,Petroleum Liquids,DFO,IC,1.8,1.8,,,2005,12
50047,"Alpena Power Generation,  LLC",56285,Lake Winyah,LW10,MI,,Petroleum Liquids,DFO,IC,1.8,1.8,,,2005,12
50047,"Alpena Power Generation,  LLC",56285,Lake Winyah,LW2,MI,,Petroleum Liquids,DFO,IC,1.8,1.8,,,2005,12
50047,"Alpena Power Generation,  LLC",56285,Lake Winyah,LW3,MI,,Petroleum Liquids,DFO,IC,1.8,1.8,,,2005,12
50047,"Alpena Power Generation,  LLC",56285,Lake Winyah,LW4,MI,,Petroleum Liquids,DFO,IC,1.8,1.8,,,2005,12
50047,"Alpena Power Generation,  LLC",56285,Lake Winyah,LW5,MI,,Petroleum Liquids,DFO,IC,1.8,1.8,,,2005,12
50047,"Alpena Power Generation,  LLC",56285,Lake Winyah,LW6,MI,,Petroleum Liquids,DFO,IC,1.8,1.8,,,2005,12
50047,"Alpena Power Generation,  LLC",56285,Lake Winyah,LW7,MI,,Petroleum Liquids,DFO,IC,1.8,1.8,,,2005,12
50047,"Alpena Power Generation,  LLC",56285,Lake Winyah,LW8,MI,,Petroleum Liquids,DFO,IC,1.8,1.8,,,2005,12
50047,"Alpena Power Generation,  LLC",56285,Lake Winyah,LW9,MI,,Petroleum Liquids,DFO,IC,1.8,1.8,,,2005,12
50047,"Alpena Power Generation,  LLC",56286,Alpena Long Lake,LL1,MI,,Petroleum Liquids,DFO,IC,1.8,1.8,,,2006,3
50047,"Alpena Power Generation,  LLC",56286,Alpena Long Lake,LL2,MI,,Petroleum Liquids,DFO,IC,1.8,1.8,,,2006,3
50047,"Alpena Power Generation,  LLC",56286,Alpena Long Lake,LL3,MI,,Petroleum Liquids,DFO,IC,1.8,1.8,,,2006,3
50047,"Alpena Power Generation,  LLC",56286,Alpena Long Lake,LL4,MI,,Petroleum Liquids,DFO,IC,1.8,1.8,,,2006,3
50047,"Alpena Power Generation,  LLC",56286,Alpena Long Lake,LL5,MI,,Petroleum Liquids,DFO,IC,1.8,1.8,,,2006,3
50047,"Alpena Power Generation,  LLC",56287,Alpena Rockport,RP1,MI,,Petroleum Liquids,DFO,IC,1.8,1.8,,,2005,12
50047,"Alpena Power Generation,  LLC",56287,Alpena Rockport,RP2,MI,,Petroleum Liquids,DFO,IC,1.8,1.8,,,2005,12
50047,"Alpena Power Generation,  LLC",56287,Alpena Rockport,RP3,MI,,Petroleum Liquids,DFO,IC,1.8,1.8,,,2005,12
50047,"Alpena Power Generation,  LLC",56287,Alpena Rockport,RP4,MI,,Petroleum Liquids,DFO,IC,1.8,1.8,,,2005,12
50047,"Alpena Power Generation,  LLC",56287,Alpena Rockport,RP5,MI,,Petroleum Liquids,DFO,IC,1.8,1.8,,,2005,12
50147,US Geothermal Inc.,56317,Raft River Geothermal Power Plant,1,ID,BPAT,Geothermal,GEO,BT,18.0,10.0,,,2025,3
50152,"Fauquier Landfill Gas, LLC",56318,Fauquier Landfill Gas,1,VA,PJM,Landfill Gas,LFG,IC,1.0,1.0,,,2016,1
50152,"Fauquier Landfill Gas, LLC",56318,Fauquier Landfill Gas,2,VA,PJM,Landfill Gas,LFG,IC,1.0,1.0,,,2016,1
19547,Hawaiian Electric Co Inc,56330,Ewa Nui Substation DG,DG1,HI,,Petroleum Liquids,DFO,IC,1.6,1.6,,,2010,4
19547,Hawaiian Electric Co Inc,56330,Ewa Nui Substation DG,DG2,HI,,Petroleum Liquids,DFO,IC,1.6,1.6,,,2010,4
19547,Hawaiian Electric Co Inc,56330,Ewa Nui Substation DG,DG3,HI,,Petroleum Liquids,DFO,IC,1.6,1.6,,,2010,4
19547,Hawaiian Electric Co Inc,56330,Ewa Nui Substation DG,DG4,HI,,Petroleum Liquids,DFO,IC,1.6,1.6,,,2010,4
19547,Hawaiian Electric Co Inc,56330,Ewa Nui Substation DG,DG5,HI,,Petroleum Liquids,DFO,IC,1.6,1.6,,,2010,4
19547,Hawaiian Electric Co Inc,56330,Ewa Nui Substation DG,DG6,HI,,Petroleum Liquids,DFO,IC,1.6,1.6,,,2010,4
19547,Hawaiian Electric Co Inc,56331,Iwilei Tank Farm DG,DG1,HI,,Petroleum Liquids,DFO,IC,1.6,1.6,,,2010,4
19547,Hawaiian Electric Co Inc,56331,Iwilei Tank Farm DG,DG2,HI,,Petroleum Liquids,DFO,IC,1.6,1.6,,,2010,4
19547,Hawaiian Electric Co Inc,56331,Iwilei Tank Farm DG,DG3,HI,,Petroleum Liquids,DFO,IC,1.6,1.6,,,2010,4
19547,Hawaiian Electric Co Inc,56332,Helemano Substation DG,DG1,HI,,Petroleum Liquids,DFO,IC,1.6,1.6,,,2010,4
19547,Hawaiian Electric Co Inc,56332,Helemano Substation DG,DG2,HI,,Petroleum Liquids,DFO,IC,1.6,1.6,,,2010,4
19547,Hawaiian Electric Co Inc,56332,Helemano Substation DG,DG3,HI,,Petroleum Liquids,DFO,IC,1.6,1.6,,,2010,4
4794,City of Danville - (VA),56363,Danville New Design Plant,GEN 1,VA,PJM,Petroleum Liquids,DFO,IC,1.8,1.2,,,2024,9
4794,City of Danville - (VA),56365,Danville Westover Plant,GEN1,VA,PJM,Petroleum Liquids,DFO,IC,1.8,1.2,,,2020,7
1015,Austin Energy,56373,Domain Integrated Energy System,DOMG1,TX,ERCO,Natural Gas Fired Combustion Turbine,NG,GT,5.0,5.0,,,2013,2
9209,Illinois Rural Electric Coop,56376,Pike County Wind Power,WTG1,IL,MISO,Onshore Wind Turbine,WND,WT,1.7,1.7,,,2025,11
54767,West Texas Renewables LP,56402,Westex Windpower Facility,1,TX,ERCO,Onshore Wind Turbine,WND,WT,7.0,7.0,,,2013,12
60540,31st Street Energy LLC,56417,Westchester Gas Recovery,W1,IL,PJM,Landfill Gas,LFG,IC,1.8,1.8,,,2018,8
60540,31st Street Energy LLC,56417,Westchester Gas Recovery,W2,IL,PJM,Landfill Gas,LFG,IC,1.8,1.8,,,2018,8
54808,Sexton Energy LLC,56418,Des Plaines Gas Recovery,DP1,IL,PJM,Landfill Gas,LFG,IC,1.8,1.8,,,2017,1
54808,Sexton Energy LLC,56418,Des Plaines Gas Recovery,DP2,IL,PJM,Landfill Gas,LFG,IC,1.8,1.8,,,2017,1
54878,Oregon Environmental Industries LLC,56461,Dry Creek LFG to Energy Project,DC1,OR,PACW,Landfill Gas,LFG,IC,1.6,1.5,,,2026,7
54878,Oregon Environmental Industries LLC,56461,Dry Creek LFG to Energy Project,DC2,OR,PACW,Landfill Gas,LFG,IC,1.6,1.5,,,2026,7
7096,City of Geneva - (IL),56462,Geneva Generation Facility,GEN6,IL,PJM,Petroleum Liquids,DFO,IC,2.0,1.4,,,2011,11
11560,City of Manassas - (VA),56491,Dean Drive Area Electric Generators,PG1,VA,PJM,Petroleum Liquids,DFO,IC,1.6,1.6,,,2019,3
11560,City of Manassas - (VA),56491,Dean Drive Area Electric Generators,PG2,VA,PJM,Petroleum Liquids,DFO,IC,1.6,1.6,,,2019,3
49893,Invenergy Services LLC,56493,Buffalo Mountain Energy Center,4,TN,TVA,Onshore Wind Turbine,WND,WT,27.0,27.0,,,2024,12
57249,"NextEra Renewable Fuels, LLC",56511,Pennsauken Landfill,GEN2,NJ,PJM,Landfill Gas,LFG,IC,0.9,0.9,,,2018,2
57249,"NextEra Renewable Fuels, LLC",56511,Pennsauken Landfill,GEN3,NJ,PJM,Landfill Gas,LFG,IC,0.9,0.9,,,2012,5
66725,Whitemarsh Continuing Care Retirement Community,56513,Whitemarsh Central Utility Plant,CGE,PA,PJM,Natural Gas Internal Combustion Engine,NG,IC,1.6,1.6,,,2022,5
19547,Hawaiian Electric Co Inc,56514,Kalaeoloa Pole Yard DG,DG1,HI,,Petroleum Liquids,DFO,IC,1.6,1.6,,,2010,4
19547,Hawaiian Electric Co Inc,56514,Kalaeoloa Pole Yard DG,DG2,HI,,Petroleum Liquids,DFO,IC,1.6,1.6,,,2010,4
19547,Hawaiian Electric Co Inc,56514,Kalaeoloa Pole Yard DG,DG3,HI,,Petroleum Liquids,DFO,IC,1.6,1.6,,,2010,4
19547,Hawaiian Electric Co Inc,56515,CEIP Substation Distributed Generation,DG1,HI,,Petroleum Liquids,DFO,IC,1.6,1.6,,,2010,4
19547,Hawaiian Electric Co Inc,56515,CEIP Substation Distributed Generation,DG2,HI,,Petroleum Liquids,DFO,IC,1.6,1.6,,,2010,4
19547,Hawaiian Electric Co Inc,56515,CEIP Substation Distributed Generation,DG3,HI,,Petroleum Liquids,DFO,IC,1.6,1.6,,,2010,4
54842,WM Renewable Energy LLC,56521,Lake Mills Gas Recovery,GEN6,IA,MISO,Landfill Gas,LFG,IC,0.8,0.8,,,2017,9
54842,WM Renewable Energy LLC,56523,Two Pine Landfill Gas Recovery,GEN6,AR,MISO,Landfill Gas,LFG,IC,0.8,0.8,,,2017,8
54842,WM Renewable Energy LLC,56524,Austin Gas Recovery,GEN4,TX,ERCO,Landfill Gas,LFG,IC,1.6,1.6,,,2019,2
54842,WM Renewable Energy LLC,56525,Timberline Trail Gas Recovery,GEN1,WI,MISO,Landfill Gas,LFG,IC,0.8,0.8,,,2014,11
54842,WM Renewable Energy LLC,56525,Timberline Trail Gas Recovery,GEN6,WI,MISO,Landfill Gas,LFG,IC,0.8,0.8,,,2011,10
54842,WM Renewable Energy LLC,56525,Timberline Trail Gas Recovery,GEN7,WI,MISO,Landfill Gas,LFG,IC,0.8,0.8,,,2011,10
54842,WM Renewable Energy LLC,56528,Skyline Gas Recovery,GEN1,TX,ERCO,Landfill Gas,LFG,IC,1.6,1.6,,,2019,11
54842,WM Renewable Energy LLC,56528,Skyline Gas Recovery,GEN2,TX,ERCO,Landfill Gas,LFG,IC,1.6,1.6,,,2019,11
54842,WM Renewable Energy LLC,56528,Skyline Gas Recovery,GEN3,TX,ERCO,Landfill Gas,LFG,IC,1.6,1.6,,,2019,11
54842,WM Renewable Energy LLC,56528,Skyline Gas Recovery,GEN4,TX,ERCO,Landfill Gas,LFG,IC,1.6,1.6,,,2019,11
55733,Waste Management Energy Solutions Inc,56533,Bradley Gas Recovery,GEN1,CA,LDWP,Landfill Gas,LFG,IC,1.3,1.3,,,2013,5
55733,Waste Management Energy Solutions Inc,56533,Bradley Gas Recovery,GEN2,CA,LDWP,Landfill Gas,LFG,IC,1.3,1.3,,,2013,5
55733,Waste Management Energy Solutions Inc,56533,Bradley Gas Recovery,GEN3,CA,LDWP,Landfill Gas,LFG,IC,1.3,1.3,,,2013,5
55733,Waste Management Energy Solutions Inc,56533,Bradley Gas Recovery,GEN4,CA,LDWP,Landfill Gas,LFG,IC,1.3,1.3,,,2013,5
55733,Waste Management Energy Solutions Inc,56533,Bradley Gas Recovery,GEN5,CA,LDWP,Landfill Gas,LFG,IC,1.3,1.3,,,2013,5
55733,Waste Management Energy Solutions Inc,56534,El Sobrante Gas Recovery,GEN1,CA,CISO,Landfill Gas,LFG,IC,1.3,1.3,,,2016,9
55733,Waste Management Energy Solutions Inc,56534,El Sobrante Gas Recovery,GEN2,CA,CISO,Landfill Gas,LFG,IC,1.3,1.3,,,2016,9
55733,Waste Management Energy Solutions Inc,56534,El Sobrante Gas Recovery,GEN3,CA,CISO,Landfill Gas,LFG,IC,1.3,1.3,,,2016,9
55733,Waste Management Energy Solutions Inc,56535,Waste Management Simi Valley LFGTE,GEN1,CA,CISO,Landfill Gas,LFG,IC,1.3,1.3,,,2016,9
55733,Waste Management Energy Solutions Inc,56535,Waste Management Simi Valley LFGTE,GEN2,CA,CISO,Landfill Gas,LFG,IC,1.3,1.3,,,2016,9
9267,"Hoosier Energy R E C, Inc",56539,Clark-Floyd Landfill Gas Generating,ICG1,IN,MISO,Landfill Gas,LFG,IC,1.1,1.0,,,2018,7
9267,"Hoosier Energy R E C, Inc",56539,Clark-Floyd Landfill Gas Generating,ICG2,IN,MISO,Landfill Gas,LFG,IC,1.1,1.0,,,2018,7
9267,"Hoosier Energy R E C, Inc",56539,Clark-Floyd Landfill Gas Generating,ICG3,IN,MISO,Landfill Gas,LFG,IC,1.4,1.4,,,2018,7
34691,Ormat Nevada Inc,56541,Galena 3 Geothermal Power Plant,GEN1,NV,NEVP,Geothermal,GEO,BT,15.0,10.0,,,2018,1
34691,Ormat Nevada Inc,56541,Galena 3 Geothermal Power Plant,GEN2,NV,NEVP,Geothermal,GEO,BT,15.0,10.0,,,2018,1
55838,"Exelon Wind 1, LLC",56557,EXC Wind 1,1,TX,SWPP,Onshore Wind Turbine,WND,WT,10.0,10.0,,,2017,6
55837,"Exelon Wind 2, LLC",56558,EXC Wind 2,JDW2,TX,SWPP,Onshore Wind Turbine,WND,WT,10.0,10.0,,,2017,6
55836,"Exelon Wind 3, LLC",56559,EXC Wind 3,JDW3,TX,SWPP,Onshore Wind Turbine,WND,WT,10.0,10.0,,,2017,6
55795,Bethlehem Renewable Energy LLC,56572,Bethlehem Renewable Energy LLC,1,PA,PJM,Landfill Gas,LFG,GT,5.5,3.7,,,2019,8
6205,City of Farmington - (MO),56597,Elm Street Substation Generators,EP04,MO,MISO,Petroleum Liquids,DFO,IC,2.0,,,,2012,3
6205,City of Farmington - (MO),56598,Walton Street Substation,EP05,MO,MISO,Petroleum Liquids,DFO,IC,2.0,,,,2012,3
6205,City of Farmington - (MO),56598,Walton Street Substation,EP06,MO,MISO,Petroleum Liquids,DFO,IC,2.0,,,,2012,3
6205,City of Farmington - (MO),56599,Jefferson Street Substation,EP08,MO,MISO,Petroleum Liquids,DFO,IC,2.0,,,,2012,3
6205,City of Farmington - (MO),56599,Jefferson Street Substation,EP09,MO,MISO,Petroleum Liquids,DFO,IC,2.0,,,,2012,3
6205,City of Farmington - (MO),56599,Jefferson Street Substation,EP10,MO,MISO,Petroleum Liquids,DFO,IC,2.0,,,,2012,3
55847,Snyder Wind Farm LLC,56602,Snyder Wind Farm,SNY1,TX,ERCO,Onshore Wind Turbine,WND,WT,63.0,63.0,,,2021,12
27075,San Diego County Water Auth,56615,Rancho Penasquitos,G100,CA,CISO,Conventional Hydroelectric,WAT,HY,4.6,3.6,,,2022,10
19281,Turlock Irrigation District,56631,Turlock Irrigation District Fuel Cell,TFC,CA,TIDC,Other Waste Biomass,OBG,FC,1.2,1.1,,,2012,2
55894,Worcester County Renewable Energy  LLC,56641,Worcester County Renewable Energy,1,MD,PJM,Landfill Gas,LFG,IC,1.0,1.0,,,2013,4
55894,Worcester County Renewable Energy  LLC,56641,Worcester County Renewable Energy,2,MD,PJM,Landfill Gas,LFG,IC,1.0,1.0,,,2013,4
5906,EDF Renewable Services Inc,56646,Chandler Hills Wind Farm,1,MN,MISO,Onshore Wind Turbine,WND,WT,2.0,2.0,,,2019,10
55917,National Institutes of Health,56668,NIH Cogeneration Facility,CGTG,MD,PJM,Natural Gas Fired Combustion Turbine,NG,GT,22.0,21.3,,,2018,10
55923,Planergy Ramsey Methane LLC,56672,Planergy Ramsey Methane LLC,1,MN,,Landfill Gas,LFG,IC,1.6,1.6,,,2010,5
55938,Industrial Power Generating Company LLC,56692,Rockville 1 & 2,1A,VA,PJM,Petroleum Liquids,DFO,IC,0.3,0.3,,,2023,3
55938,Industrial Power Generating Company LLC,56692,Rockville 1 & 2,1B,VA,PJM,Petroleum Liquids,DFO,IC,0.3,0.3,,,2023,3
55938,Industrial Power Generating Company LLC,56692,Rockville 1 & 2,1C,VA,PJM,Petroleum Liquids,DFO,IC,0.3,0.3,,,2023,3
55938,Industrial Power Generating Company LLC,56692,Rockville 1 & 2,1D,VA,PJM,Petroleum Liquids,DFO,IC,0.3,0.3,,,2023,3
55938,Industrial Power Generating Company LLC,56692,Rockville 1 & 2,1E,VA,PJM,Petroleum Liquids,DFO,IC,0.3,0.3,,,2023,3
55938,Industrial Power Generating Company LLC,56692,Rockville 1 & 2,1F,VA,PJM,Petroleum Liquids,DFO,IC,0.3,0.3,,,2023,3
55938,Industrial Power Generating Company LLC,56692,Rockville 1 & 2,1G,VA,PJM,Petroleum Liquids,DFO,IC,0.3,0.3,,,2023,12
55938,Industrial Power Generating Company LLC,56692,Rockville 1 & 2,1H,VA,PJM,Petroleum Liquids,DFO,IC,0.3,0.3,,,2023,12
55938,Industrial Power Generating Company LLC,56692,Rockville 1 & 2,1I,VA,PJM,Petroleum Liquids,DFO,IC,0.3,0.3,,,2023,12
55938,Industrial Power Generating Company LLC,56692,Rockville 1 & 2,1J,VA,PJM,Petroleum Liquids,DFO,IC,0.3,0.3,,,2023,12
55938,Industrial Power Generating Company LLC,56692,Rockville 1 & 2,1K,VA,PJM,Petroleum Liquids,DFO,IC,0.3,0.3,,,2023,12
55938,Industrial Power Generating Company LLC,56692,Rockville 1 & 2,1L,VA,PJM,Petroleum Liquids,DFO,IC,0.3,0.3,,,2023,12
55938,Industrial Power Generating Company LLC,56692,Rockville 1 & 2,1M,VA,PJM,Petroleum Liquids,DFO,IC,0.3,0.3,,,2023,12
55938,Industrial Power Generating Company LLC,56692,Rockville 1 & 2,1N,VA,PJM,Petroleum Liquids,DFO,IC,0.3,0.3,,,2023,12
55938,Industrial Power Generating Company LLC,56692,Rockville 1 & 2,1O,VA,PJM,Petroleum Liquids,DFO,IC,0.3,0.3,,,2023,12
55938,Industrial Power Generating Company LLC,56692,Rockville 1 & 2,2A,VA,PJM,Petroleum Liquids,DFO,IC,0.3,0.3,,,2023,12
55938,Industrial Power Generating Company LLC,56692,Rockville 1 & 2,2B,VA,PJM,Petroleum Liquids,DFO,IC,0.3,0.3,,,2023,12
55938,Industrial Power Generating Company LLC,56692,Rockville 1 & 2,2C,VA,PJM,Petroleum Liquids,DFO,IC,0.3,0.3,,,2023,12
55938,Industrial Power Generating Company LLC,56692,Rockville 1 & 2,2D,VA,PJM,Petroleum Liquids,DFO,IC,0.3,0.3,,,2023,12
55938,Industrial Power Generating Company LLC,56692,Rockville 1 & 2,2E,VA,PJM,Petroleum Liquids,DFO,IC,0.3,0.3,,,2023,12
55938,Industrial Power Generating Company LLC,56692,Rockville 1 & 2,2F,VA,PJM,Petroleum Liquids,DFO,IC,0.3,0.3,,,2023,12
55938,Industrial Power Generating Company LLC,56692,Rockville 1 & 2,2G,VA,PJM,Petroleum Liquids,DFO,IC,0.3,0.3,,,2023,12
55938,Industrial Power Generating Company LLC,56692,Rockville 1 & 2,2H,VA,PJM,Petroleum Liquids,DFO,IC,0.3,0.3,,,2023,12
55938,Industrial Power Generating Company LLC,56692,Rockville 1 & 2,2I,VA,PJM,Petroleum Liquids,DFO,IC,0.3,0.3,,,2023,12
55938,Industrial Power Generating Company LLC,56692,Rockville 1 & 2,2J,VA,PJM,Petroleum Liquids,DFO,IC,0.3,0.3,,,2023,12
55938,Industrial Power Generating Company LLC,56692,Rockville 1 & 2,2K,VA,PJM,Petroleum Liquids,DFO,IC,0.3,0.3,,,2023,12
55938,Industrial Power Generating Company LLC,56692,Rockville 1 & 2,2L,VA,PJM,Petroleum Liquids,DFO,IC,0.3,0.3,,,2023,12
55938,Industrial Power Generating Company LLC,56692,Rockville 1 & 2,2M,VA,PJM,Petroleum Liquids,DFO,IC,0.3,0.3,,,2023,12
55938,Industrial Power Generating Company LLC,56692,Rockville 1 & 2,2N,VA,PJM,Petroleum Liquids,DFO,IC,0.3,0.3,,,2023,12
55938,Industrial Power Generating Company LLC,56692,Rockville 1 & 2,2O,VA,PJM,Petroleum Liquids,DFO,IC,0.3,0.3,,,2023,12
55938,Industrial Power Generating Company LLC,56692,Rockville 1 & 2,2P,VA,PJM,Petroleum Liquids,DFO,IC,0.3,0.3,,,2023,12
55938,Industrial Power Generating Company LLC,56692,Rockville 1 & 2,2Q,VA,PJM,Petroleum Liquids,DFO,IC,0.3,0.3,,,2023,12
55938,Industrial Power Generating Company LLC,56692,Rockville 1 & 2,2R,VA,PJM,Petroleum Liquids,DFO,IC,0.3,0.3,,,2023,12
55938,Industrial Power Generating Company LLC,56692,Rockville 1 & 2,2S,VA,PJM,Petroleum Liquids,DFO,IC,0.3,0.3,,,2023,12
55938,Industrial Power Generating Company LLC,56692,Rockville 1 & 2,2T,VA,PJM,Petroleum Liquids,DFO,IC,0.3,0.3,,,2023,12
55938,Industrial Power Generating Company LLC,56692,Rockville 1 & 2,2U,VA,PJM,Petroleum Liquids,DFO,IC,0.3,0.3,,,2023,12
55938,Industrial Power Generating Company LLC,56693,Virginia Beach,1,VA,PJM,Landfill Gas,LFG,IC,0.3,0.3,,,2024,5
55938,Industrial Power Generating Company LLC,56693,Virginia Beach,10,VA,PJM,Landfill Gas,LFG,IC,0.3,0.3,,,2024,5
55938,Industrial Power Generating Company LLC,56693,Virginia Beach,11,VA,PJM,Landfill Gas,LFG,IC,0.3,0.3,,,2024,5
55938,Industrial Power Generating Company LLC,56693,Virginia Beach,12,VA,PJM,Landfill Gas,LFG,IC,0.3,0.3,,,2024,5
55938,Industrial Power Generating Company LLC,56693,Virginia Beach,13,VA,PJM,Landfill Gas,LFG,IC,0.3,0.3,,,2024,5
55938,Industrial Power Generating Company LLC,56693,Virginia Beach,14,VA,PJM,Landfill Gas,LFG,IC,0.3,0.3,,,2024,5
55938,Industrial Power Generating Company LLC,56693,Virginia Beach,15,VA,PJM,Landfill Gas,LFG,IC,0.3,0.3,,,2024,5
55938,Industrial Power Generating Company LLC,56693,Virginia Beach,16,VA,PJM,Landfill Gas,LFG,IC,0.3,0.3,,,2024,5
55938,Industrial Power Generating Company LLC,56693,Virginia Beach,17,VA,PJM,Landfill Gas,LFG,IC,0.3,0.3,,,2024,5
55938,Industrial Power Generating Company LLC,56693,Virginia Beach,18,VA,PJM,Landfill Gas,LFG,IC,0.3,0.3,,,2024,5
55938,Industrial Power Generating Company LLC,56693,Virginia Beach,19,VA,PJM,Landfill Gas,LFG,IC,0.3,0.3,,,2024,5
55938,Industrial Power Generating Company LLC,56693,Virginia Beach,2,VA,PJM,Landfill Gas,LFG,IC,0.3,0.3,,,2024,5
55938,Industrial Power Generating Company LLC,56693,Virginia Beach,20,VA,PJM,Landfill Gas,LFG,IC,0.3,0.3,,,2024,5
55938,Industrial Power Generating Company LLC,56693,Virginia Beach,21,VA,PJM,Landfill Gas,LFG,IC,0.3,0.3,,,2024,5
55938,Industrial Power Generating Company LLC,56693,Virginia Beach,22,VA,PJM,Landfill Gas,LFG,IC,0.3,0.3,,,2024,5
55938,Industrial Power Generating Company LLC,56693,Virginia Beach,23,VA,PJM,Landfill Gas,LFG,IC,0.3,0.3,,,2024,5
55938,Industrial Power Generating Company LLC,56693,Virginia Beach,24,VA,PJM,Landfill Gas,LFG,IC,0.3,0.3,,,2024,5
55938,Industrial Power Generating Company LLC,56693,Virginia Beach,25,VA,PJM,Landfill Gas,LFG,IC,0.3,0.3,,,2024,5
55938,Industrial Power Generating Company LLC,56693,Virginia Beach,26,VA,PJM,Landfill Gas,LFG,IC,0.3,0.3,,,2024,5
55938,Industrial Power Generating Company LLC,56693,Virginia Beach,27,VA,PJM,Landfill Gas,LFG,IC,0.3,0.3,,,2024,5
55938,Industrial Power Generating Company LLC,56693,Virginia Beach,28,VA,PJM,Landfill Gas,LFG,IC,0.3,0.3,,,2024,5
55938,Industrial Power Generating Company LLC,56693,Virginia Beach,29,VA,PJM,Landfill Gas,LFG,IC,0.3,0.3,,,2024,5
55938,Industrial Power Generating Company LLC,56693,Virginia Beach,3,VA,PJM,Landfill Gas,LFG,IC,0.3,0.3,,,2024,5
55938,Industrial Power Generating Company LLC,56693,Virginia Beach,30,VA,PJM,Landfill Gas,LFG,IC,0.3,0.3,,,2024,5
55938,Industrial Power Generating Company LLC,56693,Virginia Beach,31,VA,PJM,Landfill Gas,LFG,IC,0.3,0.3,,,2024,5
55938,Industrial Power Generating Company LLC,56693,Virginia Beach,32,VA,PJM,Landfill Gas,LFG,IC,0.3,0.3,,,2024,5
55938,Industrial Power Generating Company LLC,56693,Virginia Beach,33,VA,PJM,Landfill Gas,LFG,IC,0.3,0.3,,,2024,5
55938,Industrial Power Generating Company LLC,56693,Virginia Beach,34,VA,PJM,Landfill Gas,LFG,IC,0.3,0.3,,,2024,5
55938,Industrial Power Generating Company LLC,56693,Virginia Beach,35,VA,PJM,Landfill Gas,LFG,IC,0.3,0.3,,,2024,5
55938,Industrial Power Generating Company LLC,56693,Virginia Beach,36,VA,PJM,Landfill Gas,LFG,IC,0.3,0.3,,,2024,5
55938,Industrial Power Generating Company LLC,56693,Virginia Beach,4,VA,PJM,Landfill Gas,LFG,IC,0.3,0.3,,,2024,5
55938,Industrial Power Generating Company LLC,56693,Virginia Beach,5,VA,PJM,Landfill Gas,LFG,IC,0.3,0.3,,,2024,5
55938,Industrial Power Generating Company LLC,56693,Virginia Beach,6,VA,PJM,Landfill Gas,LFG,IC,0.3,0.3,,,2024,5
55938,Industrial Power Generating Company LLC,56693,Virginia Beach,7,VA,PJM,Landfill Gas,LFG,IC,0.3,0.3,,,2024,5
55938,Industrial Power Generating Company LLC,56693,Virginia Beach,8,VA,PJM,Landfill Gas,LFG,IC,0.3,0.3,,,2024,5
55938,Industrial Power Generating Company LLC,56693,Virginia Beach,9,VA,PJM,Landfill Gas,LFG,IC,0.3,0.3,,,2024,5
62811,Sherbino Mesa I Windfarm LLC,56779,Sherbino I Wind Farm,1,TX,ERCO,Onshore Wind Turbine,WND,WT,150.0,150.0,,,2021,1
55969,Winnebago Energy Center LLC,56780,Winnebago Energy Center LLC,1,IL,PJM,Landfill Gas,LFG,IC,1.6,1.6,,,2014,10
55969,Winnebago Energy Center LLC,56780,Winnebago Energy Center LLC,2,IL,PJM,Landfill Gas,LFG,IC,1.6,1.6,,,2014,10
55969,Winnebago Energy Center LLC,56780,Winnebago Energy Center LLC,3,IL,PJM,Landfill Gas,LFG,IC,1.6,1.6,,,2014,10
55969,Winnebago Energy Center LLC,56780,Winnebago Energy Center LLC,4,IL,PJM,Landfill Gas,LFG,IC,1.6,1.6,,,2014,10
8797,Hull Municipal Light Plant - (MA),56800,Hull Wind II,HW2,MA,ISNE,Onshore Wind Turbine,WND,WT,1.8,1.8,,,2025,12
56046,High Plains Wind Power LLC,56834,High Plains,1,TX,SWPP,Onshore Wind Turbine,WND,WT,10.0,10.0,,,2020,3
59828,Solid Waste Authority of Central Ohio,56863,Model Gas Power Station,1,OH,PJM,Landfill Gas,LFG,IC,1.4,1.4,,,2023,2
59828,Solid Waste Authority of Central Ohio,56863,Model Gas Power Station,2,OH,PJM,Landfill Gas,LFG,IC,1.4,1.4,,,2023,2
55858,"Energy Developments, Inc d/b/a EDL",56864,Covel Gardens Gas Recovery,1,TX,ERCO,Landfill Gas,LFG,IC,1.6,1.6,,,2023,12
55858,"Energy Developments, Inc d/b/a EDL",56864,Covel Gardens Gas Recovery,2,TX,ERCO,Landfill Gas,LFG,IC,1.6,1.6,,,2023,12
55858,"Energy Developments, Inc d/b/a EDL",56864,Covel Gardens Gas Recovery,3,TX,ERCO,Landfill Gas,LFG,IC,1.6,1.6,,,2023,12
55858,"Energy Developments, Inc d/b/a EDL",56864,Covel Gardens Gas Recovery,4,TX,ERCO,Landfill Gas,LFG,IC,1.6,1.6,,,2023,12
55858,"Energy Developments, Inc d/b/a EDL",56864,Covel Gardens Gas Recovery,5,TX,ERCO,Landfill Gas,LFG,IC,1.6,1.6,,,2023,12
55858,"Energy Developments, Inc d/b/a EDL",56864,Covel Gardens Gas Recovery,6,TX,ERCO,Landfill Gas,LFG,IC,1.6,1.6,,,2023,12
55858,"Energy Developments, Inc d/b/a EDL",56865,Ottawa County Project,1,OH,PJM,Landfill Gas,LFG,IC,1.4,1.4,,,2022,5
55858,"Energy Developments, Inc d/b/a EDL",56865,Ottawa County Project,2,OH,PJM,Landfill Gas,LFG,IC,1.4,1.4,,,2022,5
55858,"Energy Developments, Inc d/b/a EDL",56866,Middle Point Landfill Gas Recovery,1,TN,TVA,Landfill Gas,LFG,IC,1.4,1.4,,,2011,12
55858,"Energy Developments, Inc d/b/a EDL",56866,Middle Point Landfill Gas Recovery,2,TN,TVA,Landfill Gas,LFG,IC,1.4,1.4,,,2011,12
55858,"Energy Developments, Inc d/b/a EDL",56867,Roberts Road Power Plant,1,GA,SOCO,Landfill Gas,LFG,IC,1.4,1.4,,,2012,3
55858,"Energy Developments, Inc d/b/a EDL",56868,Carbon Limestone,1,OH,PJM,Landfill Gas,LFG,IC,1.4,1.4,,,2022,12
55858,"Energy Developments, Inc d/b/a EDL",56868,Carbon Limestone,10,OH,PJM,Landfill Gas,LFG,IC,1.4,1.4,,,2022,12
55858,"Energy Developments, Inc d/b/a EDL",56868,Carbon Limestone,11,OH,PJM,Landfill Gas,LFG,IC,1.4,1.4,,,2022,12
55858,"Energy Developments, Inc d/b/a EDL",56868,Carbon Limestone,12,OH,PJM,Landfill Gas,LFG,IC,1.4,1.4,,,2022,12
55858,"Energy Developments, Inc d/b/a EDL",56868,Carbon Limestone,13,OH,PJM,Landfill Gas,LFG,IC,1.4,1.4,,,2022,12
55858,"Energy Developments, Inc d/b/a EDL",56868,Carbon Limestone,14,OH,PJM,Landfill Gas,LFG,IC,1.4,1.4,,,2022,12
55858,"Energy Developments, Inc d/b/a EDL",56868,Carbon Limestone,15,OH,PJM,Landfill Gas,LFG,IC,1.4,1.4,,,2022,12
55858,"Energy Developments, Inc d/b/a EDL",56868,Carbon Limestone,16,OH,PJM,Landfill Gas,LFG,IC,1.4,1.4,,,2022,12
55858,"Energy Developments, Inc d/b/a EDL",56868,Carbon Limestone,17,OH,PJM,Landfill Gas,LFG,IC,1.6,1.6,,,2022,12
55858,"Energy Developments, Inc d/b/a EDL",56868,Carbon Limestone,18,OH,PJM,Landfill Gas,LFG,IC,1.6,1.6,,,2022,12
55858,"Energy Developments, Inc d/b/a EDL",56868,Carbon Limestone,2,OH,PJM,Landfill Gas,LFG,IC,1.4,1.4,,,2022,12
55858,"Energy Developments, Inc d/b/a EDL",56868,Carbon Limestone,3,OH,PJM,Landfill Gas,LFG,IC,1.4,1.4,,,2022,12
55858,"Energy Developments, Inc d/b/a EDL",56868,Carbon Limestone,4,OH,PJM,Landfill Gas,LFG,IC,1.4,1.4,,,2022,12
55858,"Energy Developments, Inc d/b/a EDL",56868,Carbon Limestone,5,OH,PJM,Landfill Gas,LFG,IC,1.4,1.4,,,2022,12
55858,"Energy Developments, Inc d/b/a EDL",56868,Carbon Limestone,6,OH,PJM,Landfill Gas,LFG,IC,1.4,1.4,,,2022,12
55858,"Energy Developments, Inc d/b/a EDL",56868,Carbon Limestone,7,OH,PJM,Landfill Gas,LFG,IC,1.4,1.4,,,2022,12
55858,"Energy Developments, Inc d/b/a EDL",56868,Carbon Limestone,8,OH,PJM,Landfill Gas,LFG,IC,1.4,1.4,,,2022,12
55858,"Energy Developments, Inc d/b/a EDL",56868,Carbon Limestone,9,OH,PJM,Landfill Gas,LFG,IC,1.4,1.4,,,2022,12
55858,"Energy Developments, Inc d/b/a EDL",56869,Loraine County Project,1,OH,PJM,Landfill Gas,LFG,IC,1.4,1.4,,,2023,2
55858,"Energy Developments, Inc d/b/a EDL",56869,Loraine County Project,10,OH,PJM,Landfill Gas,LFG,IC,1.6,1.6,,,2023,2
55858,"Energy Developments, Inc d/b/a EDL",56869,Loraine County Project,11,OH,PJM,Landfill Gas,LFG,IC,1.6,1.6,,,2023,2
55858,"Energy Developments, Inc d/b/a EDL",56869,Loraine County Project,12,OH,PJM,Landfill Gas,LFG,IC,1.6,1.6,,,2023,2
55858,"Energy Developments, Inc d/b/a EDL",56869,Loraine County Project,13,OH,PJM,Landfill Gas,LFG,IC,1.6,1.6,,,2023,2
55858,"Energy Developments, Inc d/b/a EDL",56869,Loraine County Project,14,OH,PJM,Landfill Gas,LFG,IC,1.6,1.6,,,2023,2
55858,"Energy Developments, Inc d/b/a EDL",56869,Loraine County Project,15,OH,PJM,Landfill Gas,LFG,IC,1.6,1.6,,,2023,2
55858,"Energy Developments, Inc d/b/a EDL",56869,Loraine County Project,16,OH,PJM,Landfill Gas,LFG,IC,1.6,1.6,,,2023,2
55858,"Energy Developments, Inc d/b/a EDL",56869,Loraine County Project,17,OH,PJM,Landfill Gas,LFG,IC,1.6,1.6,,,2023,2
55858,"Energy Developments, Inc d/b/a EDL",56869,Loraine County Project,18,OH,PJM,Landfill Gas,LFG,IC,1.6,1.6,,,2023,2
55858,"Energy Developments, Inc d/b/a EDL",56869,Loraine County Project,2,OH,PJM,Landfill Gas,LFG,IC,1.4,1.4,,,2023,2
55858,"Energy Developments, Inc d/b/a EDL",56869,Loraine County Project,3,OH,PJM,Landfill Gas,LFG,IC,1.4,1.4,,,2023,2
55858,"Energy Developments, Inc d/b/a EDL",56869,Loraine County Project,4,OH,PJM,Landfill Gas,LFG,IC,1.4,1.4,,,2023,2
55858,"Energy Developments, Inc d/b/a EDL",56869,Loraine County Project,5,OH,PJM,Landfill Gas,LFG,IC,1.4,1.4,,,2023,2
55858,"Energy Developments, Inc d/b/a EDL",56869,Loraine County Project,6,OH,PJM,Landfill Gas,LFG,IC,1.4,1.4,,,2023,2
55858,"Energy Developments, Inc d/b/a EDL",56869,Loraine County Project,7,OH,PJM,Landfill Gas,LFG,IC,1.4,1.4,,,2023,2
55858,"Energy Developments, Inc d/b/a EDL",56869,Loraine County Project,8,OH,PJM,Landfill Gas,LFG,IC,1.4,1.4,,,2023,2
55858,"Energy Developments, Inc d/b/a EDL",56869,Loraine County Project,9,OH,PJM,Landfill Gas,LFG,IC,1.6,1.6,,,2023,2
55858,"Energy Developments, Inc d/b/a EDL",56871,Zion Landfill Gas to Energy Facility,1,IL,PJM,Landfill Gas,LFG,IC,1.4,1.4,,,2021,1
55858,"Energy Developments, Inc d/b/a EDL",56871,Zion Landfill Gas to Energy Facility,2,IL,PJM,Landfill Gas,LFG,IC,1.4,1.4,,,2021,1
55858,"Energy Developments, Inc d/b/a EDL",56871,Zion Landfill Gas to Energy Facility,3,IL,PJM,Landfill Gas,LFG,IC,1.4,1.4,,,2021,1
55858,"Energy Developments, Inc d/b/a EDL",56871,Zion Landfill Gas to Energy Facility,4,IL,PJM,Landfill Gas,LFG,IC,1.4,1.4,,,2021,1
55858,"Energy Developments, Inc d/b/a EDL",56871,Zion Landfill Gas to Energy Facility,5,IL,PJM,Landfill Gas,LFG,IC,1.4,1.4,,,2021,1
56081,Southeastern Chester County Refuse Auth,56873,SECCRA Community Landfill,2,PA,PJM,Landfill Gas,LFG,IC,1.1,1.1,,,2010,11
56082,Biofuels Power Corporation,56881,Oak Ridge North Power,1,TX,,Other Waste Biomass,OBL,IC,1.6,1.6,,,2009,12
56082,Biofuels Power Corporation,56881,Oak Ridge North Power,2,TX,,Other Waste Biomass,OBL,IC,1.6,1.6,,,2009,12
56082,Biofuels Power Corporation,56881,Oak Ridge North Power,3,TX,,Other Waste Biomass,OBL,IC,1.6,1.6,,,2009,12
56082,Biofuels Power Corporation,56882,Woodlands Area Power Project,1,TX,,Other Waste Biomass,OBL,GT,11.0,7.8,,,2009,12
57249,"NextEra Renewable Fuels, LLC",56891,Moretown,GEN 1,VT,ISNE,Landfill Gas,LFG,IC,1.6,1.6,,,2017,1
57249,"NextEra Renewable Fuels, LLC",56891,Moretown,GEN 2,VT,ISNE,Landfill Gas,LFG,IC,1.6,1.6,,,2023,12
6957,"Garkane Energy Coop, Inc",56899,IRC Generator Facility,290,AZ,WALC,Petroleum Liquids,DFO,IC,1.5,1.5,,,2021,9
6957,"Garkane Energy Coop, Inc",56899,IRC Generator Facility,291,AZ,WALC,Petroleum Liquids,DFO,IC,1.5,1.5,,,2021,9
19391,"Hunlock Creek Generating, LLC",56911,Broad Mountain,GEN1,PA,PJM,Landfill Gas,LFG,GT,5.5,4.1,,,2023,10
19391,"Hunlock Creek Generating, LLC",56911,Broad Mountain,GEN2,PA,PJM,Landfill Gas,LFG,GT,5.5,4.1,,,2023,10
56128,SAS Institute Inc,56915,SAS Solar Farm,1,NC,CPLE,Solar Photovoltaic,SUN,PV,0.5,0.5,,,2025,12
56128,SAS Institute Inc,56915,SAS Solar Farm,2,NC,CPLE,Solar Photovoltaic,SUN,PV,0.5,0.5,,,2025,12
56148,Aspen Power LLC,56931,Aspen Biomass Power Plant,GEN7,TX,ERCO,Wood/Wood Waste Biomass,WDS,ST,44.0,50.0,,,2015,9
56175,Fairbanks Morse Engine,56937,Fairbanks Morse Engine,GEN7,WI,MISO,Petroleum Liquids,DFO,IC,3.1,3.1,,,2007,9
56175,Fairbanks Morse Engine,56937,Fairbanks Morse Engine,IPE,WI,MISO,Petroleum Liquids,DFO,IC,1.5,1.5,,,2021,11
56207,Ausra CA I LLC,56943,Ausra Kimberlina Solar Generation,1,CA,CISO,Solar Thermal without Energy Storage,SUN,ST,5.0,3.5,,,2014,9
58523,Enerdyne Power Systems Inc,56951,Enoree Phase II Landfill Gas Recovery,1,SC,DUK,Landfill Gas,LFG,IC,1.6,1.5,,,2024,7
58523,Enerdyne Power Systems Inc,56951,Enoree Phase II Landfill Gas Recovery,2,SC,DUK,Landfill Gas,LFG,IC,1.6,1.5,,,2024,7
17609,Southern California Edison Co,56976,Solar Photovoltaic Project #01,S1A,CA,CISO,Solar Photovoltaic,SUN,PV,0.5,0.5,,,2011,11
17609,Southern California Edison Co,56976,Solar Photovoltaic Project #01,S1B,CA,CISO,Solar Photovoltaic,SUN,PV,0.5,0.5,,,2011,11
17609,Southern California Edison Co,56976,Solar Photovoltaic Project #01,S1C,CA,CISO,Solar Photovoltaic,SUN,PV,0.5,0.5,,,2011,11
17609,Southern California Edison Co,56976,Solar Photovoltaic Project #01,S1D,CA,CISO,Solar Photovoltaic,SUN,PV,0.5,0.5,,,2011,11
5580,"East Kentucky Power Coop, Inc",56977,Mason County LFGTE,1,KY,PJM,Landfill Gas,LFG,IC,2.0,1.6,,,2015,2
56268,City of Rock Island,56978,Sears Hydroelectric Plant,1,IL,MISO,Conventional Hydroelectric,WAT,HY,0.4,0.3,,,2021,3
56268,City of Rock Island,56978,Sears Hydroelectric Plant,2,IL,MISO,Conventional Hydroelectric,WAT,HY,0.4,0.3,,,2021,3
56268,City of Rock Island,56978,Sears Hydroelectric Plant,3,IL,MISO,Conventional Hydroelectric,WAT,HY,0.3,0.3,,,2021,3
56268,City of Rock Island,56978,Sears Hydroelectric Plant,4,IL,MISO,Conventional Hydroelectric,WAT,HY,0.3,0.3,,,2021,3
34466,Casella Waste Systems,56987,Hyland LFGTE Facility,GEN1,NY,NYIS,Landfill Gas,LFG,IC,1.6,1.6,,,2025,6
34466,Casella Waste Systems,56987,Hyland LFGTE Facility,GEN2,NY,NYIS,Landfill Gas,LFG,IC,1.6,1.6,,,2025,6
34466,Casella Waste Systems,56987,Hyland LFGTE Facility,GEN3,NY,NYIS,Landfill Gas,LFG,IC,1.6,1.6,,,2025,6
17609,Southern California Edison Co,56996,Solar Photovoltaic Project #02,S1A,CA,CISO,Solar Photovoltaic,SUN,PV,0.5,0.5,,,2023,12
17609,Southern California Edison Co,56996,Solar Photovoltaic Project #02,S1B,CA,CISO,Solar Photovoltaic,SUN,PV,0.5,0.5,,,2023,12
56306,DeKalb County GA,57013,DeKalb County Green Energy Facility,1,GA,SOCO,Landfill Gas,LFG,IC,1.6,1.6,,,2015,6
56306,DeKalb County GA,57013,DeKalb County Green Energy Facility,2,GA,SOCO,Landfill Gas,LFG,IC,1.6,1.6,,,2015,6
54842,WM Renewable Energy LLC,57020,Westside Landfill Gas Recovery,GEN3,TX,ERCO,Landfill Gas,LFG,IC,1.6,1.6,,,2017,10
54842,WM Renewable Energy LLC,57021,Waste Management Madison County LFGTE,GEN1,NY,NYIS,Landfill Gas,LFG,IC,1.6,1.6,,,2022,12
14328,Pacific Gas & Electric Co.,57042,CSU East Bay,1,CA,CISO,Other Natural Gas,NG,FC,1.4,1.4,,,2021,5
14328,Pacific Gas & Electric Co.,57043,SF State University,1,CA,CISO,Other Natural Gas,NG,FC,0.2,0.2,,,2021,5
14328,Pacific Gas & Electric Co.,57043,SF State University,2,CA,CISO,Other Natural Gas,NG,FC,1.4,1.4,,,2021,5
221,"Alaska Village Elec Coop, Inc",57051,Noatak,UNIT4,AK,,Petroleum Liquids,DFO,IC,0.5,0.5,,,2022,6
221,"Alaska Village Elec Coop, Inc",57051,Noatak,UNIT5,AK,,Petroleum Liquids,DFO,IC,0.4,0.4,,,2015,8
221,"Alaska Village Elec Coop, Inc",57052,Savoonga,UNIT2,AK,,Petroleum Liquids,DFO,IC,0.5,0.5,,,2019,5
221,"Alaska Village Elec Coop, Inc",57053,Alakanuk,UNIT1,AK,,Petroleum Liquids,DFO,IC,0.4,0.4,,,2016,8
221,"Alaska Village Elec Coop, Inc",57053,Alakanuk,UNIT2,AK,,Petroleum Liquids,DFO,IC,0.5,0.5,,,2016,8
221,"Alaska Village Elec Coop, Inc",57053,Alakanuk,UNIT3,AK,,Petroleum Liquids,DFO,IC,0.4,0.4,,,2016,8
221,"Alaska Village Elec Coop, Inc",57055,Stebbins,UNIT1,AK,,Petroleum Liquids,DFO,IC,0.5,0.5,,,2014,3
221,"Alaska Village Elec Coop, Inc",57055,Stebbins,UNIT2,AK,,Petroleum Liquids,DFO,IC,0.4,0.4,,,2014,3
221,"Alaska Village Elec Coop, Inc",57055,Stebbins,UNIT3,AK,,Petroleum Liquids,DFO,IC,0.3,0.3,,,2014,3
221,"Alaska Village Elec Coop, Inc",57057,Quinhagak,UNIT1,AK,,Petroleum Liquids,DFO,IC,0.4,0.4,,,2023,2
221,"Alaska Village Elec Coop, Inc",57057,Quinhagak,UNIT3,AK,,Petroleum Liquids,DFO,IC,0.4,0.4,,,2019,8
221,"Alaska Village Elec Coop, Inc",57058,Pilot Station,UNIT1,AK,,Petroleum Liquids,DFO,IC,0.4,0.4,,,2018,4
221,"Alaska Village Elec Coop, Inc",57058,Pilot Station,UNIT3,AK,,Petroleum Liquids,DFO,IC,0.3,0.3,,,2022,7
221,"Alaska Village Elec Coop, Inc",57060,Elim,UNIT2,AK,,Petroleum Liquids,DFO,IC,0.4,0.4,,,2024,7
221,"Alaska Village Elec Coop, Inc",57060,Elim,UNIT3,AK,,Petroleum Liquids,DFO,IC,1.0,0.5,,,2019,6
221,"Alaska Village Elec Coop, Inc",57061,St. Michael,UNIT1,AK,,Petroleum Liquids,DFO,IC,0.5,0.5,,,2015,8
221,"Alaska Village Elec Coop, Inc",57061,St. Michael,UNIT2,AK,,Petroleum Liquids,DFO,IC,0.3,0.3,,,2015,8
221,"Alaska Village Elec Coop, Inc",57061,St. Michael,UNIT3,AK,,Petroleum Liquids,DFO,IC,0.2,0.2,,,2015,8
221,"Alaska Village Elec Coop, Inc",57062,Gambell,1A,AK,,Petroleum Liquids,DFO,IC,0.3,0.3,,,2022,7
221,"Alaska Village Elec Coop, Inc",57062,Gambell,UNIT1,AK,,Petroleum Liquids,DFO,IC,0.3,0.3,,,2006,8
221,"Alaska Village Elec Coop, Inc",57065,Kivalina,UNIT4,AK,,Petroleum Liquids,DFO,IC,0.4,0.4,,,2023,12
221,"Alaska Village Elec Coop, Inc",57066,Kasigluk,UNIT1,AK,,Petroleum Liquids,DFO,IC,0.4,0.4,,,2017,12
221,"Alaska Village Elec Coop, Inc",57067,Toksook Bay,UNIT1,AK,,Petroleum Liquids,DFO,IC,0.4,0.4,,,2019,9
5063,City of Denton - (TX),57071,Denton Power LLC,1,TX,ERCO,Landfill Gas,LFG,IC,1.6,1.6,,,2020,9
56367,Columbus Water Works,57076,South Columbus Water Resource Facility,GEN1,GA,SOCO,Other Waste Biomass,OBG,IC,1.8,1.8,,,2018,12
56367,Columbus Water Works,57076,South Columbus Water Resource Facility,GEN2,GA,SOCO,Other Waste Biomass,OBG,IC,1.8,1.8,,,2018,12
59155,"Evergreen Wind, LLC",57087,Kahuku Wind Power LLC,2,HI,,Batteries,MWH,BA,15.0,15.0,,,2013,8
59348,WestRock (WA),57099,WestRock (WA),STG1,WA,TPWR,Wood/Wood Waste Biomass,BLQ,ST,64.0,55.0,,,2023,11
56406,Newark America,57103,Newark America Mill,1,MA,ISNE,Natural Gas Steam Turbine,NG,ST,6.3,3.0,,,2024,12
56411,Grays Harbor Paper LP,57105,Grays Harbor Paper LP,1ST,WA,,Wood/Wood Waste Biomass,WDS,ST,3.0,3.0,,,2011,6
56411,Grays Harbor Paper LP,57105,Grays Harbor Paper LP,2ST,WA,,Wood/Wood Waste Biomass,WDS,ST,6.3,5.0,,,2011,6
56411,Grays Harbor Paper LP,57105,Grays Harbor Paper LP,3ST,WA,,Wood/Wood Waste Biomass,WDS,ST,7.5,7.5,,,2011,6
56440,G2 Energy LLC,57128,G2 Energy Marion LLC,357,FL,FPC,Landfill Gas,LFG,IC,1.6,1.5,,,2026,3
56440,G2 Energy LLC,57128,G2 Energy Marion LLC,358,FL,FPC,Landfill Gas,LFG,IC,1.6,1.5,,,2021,11
56438,"Delaware County Electric Coop, Inc",57129,Catskill Mts Energy Corporation,G1,NY,NYIS,Landfill Gas,LFG,IC,1.1,1.1,,,2013,1
56469,Midcoast G&P (Oklahoma) LP,57132,Nine Mile Gas Processing Plant,1,OK,SWPP,Natural Gas Internal Combustion Engine,NG,IC,2.8,2.0,,,2016,8
56469,Midcoast G&P (Oklahoma) LP,57132,Nine Mile Gas Processing Plant,2,OK,SWPP,Natural Gas Internal Combustion Engine,NG,IC,2.8,2.1,,,2016,8
56469,Midcoast G&P (Oklahoma) LP,57132,Nine Mile Gas Processing Plant,3,OK,SWPP,Natural Gas Internal Combustion Engine,NG,IC,2.8,2.1,,,2016,8
34691,Ormat Nevada Inc,57134,OREG 4 Peetz,1,CO,WACM,All Other,WH,OT,4.5,3.0,,,2024,6
56492,Estate of Maricopa Solar LLC,57140,Maricopa Solar,01,AZ,,Solar Thermal without Energy Storage,SUN,ST,1.5,1.5,,,2011,9
59186,Mesquite Lake Water & Power Plant 1,57154,Mesquite Lake Water & Power Plant 1,1209,CA,IID,Wood/Wood Waste Biomass,WDS,ST,18.1,13.0,,,2022,12
11217,Los Angeles County Sanitation,57163,Calabasas Gas to Energy Facility,GEN2,CA,CISO,Landfill Gas,LFG,GT,4.6,3.3,,,2018,8
54842,WM Renewable Energy LLC,57169,Waste Management Piedmont LFGTE Project,GEN2,NC,DUK,Landfill Gas,LFG,IC,0.8,0.8,,,2023,5
12199,Montana-Dakota Utilities Co,57172,Glen Ullin Station 6,1,ND,MISO,All Other,WH,ST,5.3,5.3,,,2026,6
56498,Weaver Bridgewater Dairy,57173,Bridgewater Dairy Anaerobic Digester,1,OH,PJM,Other Waste Biomass,OBG,IC,0.6,0.6,,,2021,1
56498,Weaver Bridgewater Dairy,57173,Bridgewater Dairy Anaerobic Digester,2,OH,PJM,Other Waste Biomass,OBG,IC,0.6,0.6,,,2021,1
57249,"NextEra Renewable Fuels, LLC",57183,PPL Glendon LFGTE Plant,1,PA,PJM,Landfill Gas,LFG,IC,1.6,1.6,,,2021,12
57249,"NextEra Renewable Fuels, LLC",57183,PPL Glendon LFGTE Plant,2,PA,PJM,Landfill Gas,LFG,IC,1.6,1.6,,,2021,12
56584,PSEG Solar Hackettstown LLC,57204,PSEG Hackettstown,1,NJ,PJM,Solar Photovoltaic,SUN,PV,2.0,2.0,,,2024,9
66753,"Ryan Companies US, Inc.",57208,Thomson Reuters Data Center Bldg H,1,MN,MISO,Petroleum Liquids,DFO,IC,2.0,0.6,,,2024,12
66753,"Ryan Companies US, Inc.",57208,Thomson Reuters Data Center Bldg H,2,MN,MISO,Petroleum Liquids,DFO,IC,2.0,0.6,,,2024,12
66753,"Ryan Companies US, Inc.",57208,Thomson Reuters Data Center Bldg H,3,MN,MISO,Petroleum Liquids,DFO,IC,2.0,0.6,,,2024,12
66753,"Ryan Companies US, Inc.",57208,Thomson Reuters Data Center Bldg H,4,MN,MISO,Petroleum Liquids,DFO,IC,2.0,0.6,,,2024,12
17609,Southern California Edison Co,57217,Solar Photovoltaic Project #03,S003A,CA,CISO,Solar Photovoltaic,SUN,PV,0.5,0.5,,,2023,12
17609,Southern California Edison Co,57217,Solar Photovoltaic Project #03,S003B,CA,CISO,Solar Photovoltaic,SUN,PV,0.5,0.5,,,2023,12
17609,Southern California Edison Co,57219,Solar Photovoltaic Project #05,S005A,CA,CISO,Solar Photovoltaic,SUN,PV,0.5,0.5,,,2023,12
17609,Southern California Edison Co,57219,Solar Photovoltaic Project #05,S005B,CA,CISO,Solar Photovoltaic,SUN,PV,0.5,0.5,,,2023,12
17609,Southern California Edison Co,57219,Solar Photovoltaic Project #05,S005C,CA,CISO,Solar Photovoltaic,SUN,PV,0.5,0.5,,,2023,12
17609,Southern California Edison Co,57219,Solar Photovoltaic Project #05,S005D,CA,CISO,Solar Photovoltaic,SUN,PV,0.5,0.5,,,2023,12
17609,Southern California Edison Co,57219,Solar Photovoltaic Project #05,S005E,CA,CISO,Solar Photovoltaic,SUN,PV,0.5,0.5,,,2023,12
17609,Southern California Edison Co,57220,Solar Photovoltaic Project #06,S006A,CA,CISO,Solar Photovoltaic,SUN,PV,0.5,0.5,,,2023,12
17609,Southern California Edison Co,57220,Solar Photovoltaic Project #06,S006B,CA,CISO,Solar Photovoltaic,SUN,PV,0.5,0.5,,,2023,12
17609,Southern California Edison Co,57220,Solar Photovoltaic Project #06,S006C,CA,CISO,Solar Photovoltaic,SUN,PV,0.5,0.5,,,2023,12
17609,Southern California Edison Co,57220,Solar Photovoltaic Project #06,S006D,CA,CISO,Solar Photovoltaic,SUN,PV,0.5,0.5,,,2023,12
17609,Southern California Edison Co,57221,Solar Photovoltaic Project #07,S007A,CA,CISO,Solar Photovoltaic,SUN,PV,0.5,0.5,,,2023,12
17609,Southern California Edison Co,57221,Solar Photovoltaic Project #07,S007B,CA,CISO,Solar Photovoltaic,SUN,PV,0.5,0.5,,,2023,12
17609,Southern California Edison Co,57221,Solar Photovoltaic Project #07,S007C,CA,CISO,Solar Photovoltaic,SUN,PV,0.5,0.5,,,2023,12
17609,Southern California Edison Co,57221,Solar Photovoltaic Project #07,S007D,CA,CISO,Solar Photovoltaic,SUN,PV,0.5,0.5,,,2023,12
17609,Southern California Edison Co,57221,Solar Photovoltaic Project #07,S007E,CA,CISO,Solar Photovoltaic,SUN,PV,0.5,0.5,,,2023,12
17609,Southern California Edison Co,57222,Solar Photovoltaic Project #08,S008A,CA,CISO,Solar Photovoltaic,SUN,PV,0.5,0.5,,,2023,12
17609,Southern California Edison Co,57222,Solar Photovoltaic Project #08,S008B,CA,CISO,Solar Photovoltaic,SUN,PV,0.5,0.5,,,2023,12
17609,Southern California Edison Co,57222,Solar Photovoltaic Project #08,S008C,CA,CISO,Solar Photovoltaic,SUN,PV,0.5,0.5,,,2023,12
17609,Southern California Edison Co,57222,Solar Photovoltaic Project #08,S008D,CA,CISO,Solar Photovoltaic,SUN,PV,0.5,0.5,,,2023,12
17609,Southern California Edison Co,57223,Solar Photovoltaic Project #09,S009A,CA,CISO,Solar Photovoltaic,SUN,PV,0.5,0.5,,,2023,12
17609,Southern California Edison Co,57223,Solar Photovoltaic Project #09,S009B,CA,CISO,Solar Photovoltaic,SUN,PV,0.5,0.5,,,2023,12
17609,Southern California Edison Co,57224,Solar Photovoltaic Project #10,S010A,CA,CISO,Solar Photovoltaic,SUN,PV,0.5,0.5,,,2023,12
17609,Southern California Edison Co,57224,Solar Photovoltaic Project #10,S010B,CA,CISO,Solar Photovoltaic,SUN,PV,0.5,0.5,,,2023,12
17609,Southern California Edison Co,57224,Solar Photovoltaic Project #10,S010C,CA,CISO,Solar Photovoltaic,SUN,PV,0.5,0.5,,,2023,12
17609,Southern California Edison Co,57225,Solar Photovoltaic Project #11,S011A,CA,CISO,Solar Photovoltaic,SUN,PV,0.5,0.5,,,2023,12
17609,Southern California Edison Co,57225,Solar Photovoltaic Project #11,S011B,CA,CISO,Solar Photovoltaic,SUN,PV,0.5,0.5,,,2023,12
17609,Southern California Edison Co,57225,Solar Photovoltaic Project #11,S011C,CA,CISO,Solar Photovoltaic,SUN,PV,0.5,0.5,,,2023,12
17609,Southern California Edison Co,57225,Solar Photovoltaic Project #11,S011D,CA,CISO,Solar Photovoltaic,SUN,PV,0.5,0.5,,,2023,12
17609,Southern California Edison Co,57225,Solar Photovoltaic Project #11,S011E,CA,CISO,Solar Photovoltaic,SUN,PV,0.5,0.5,,,2023,12
17609,Southern California Edison Co,57225,Solar Photovoltaic Project #11,S011F,CA,CISO,Solar Photovoltaic,SUN,PV,0.5,0.5,,,2023,12
17609,Southern California Edison Co,57225,Solar Photovoltaic Project #11,S011G,CA,CISO,Solar Photovoltaic,SUN,PV,0.5,0.5,,,2023,12
17609,Southern California Edison Co,57226,Solar Photovoltaic Project #12,S012A,CA,CISO,Solar Photovoltaic,SUN,PV,0.5,0.5,,,2023,12
17609,Southern California Edison Co,57227,Solar Photovoltaic Project #13,S013A,CA,CISO,Solar Photovoltaic,SUN,PV,0.5,0.5,,,2023,12
17609,Southern California Edison Co,57227,Solar Photovoltaic Project #13,S013B,CA,CISO,Solar Photovoltaic,SUN,PV,0.5,0.5,,,2023,12
17609,Southern California Edison Co,57227,Solar Photovoltaic Project #13,S013C,CA,CISO,Solar Photovoltaic,SUN,PV,0.5,0.5,,,2023,12
17609,Southern California Edison Co,57227,Solar Photovoltaic Project #13,S013D,CA,CISO,Solar Photovoltaic,SUN,PV,0.5,0.5,,,2023,12
17609,Southern California Edison Co,57227,Solar Photovoltaic Project #13,S013E,CA,CISO,Solar Photovoltaic,SUN,PV,0.5,0.5,,,2023,12
17609,Southern California Edison Co,57227,Solar Photovoltaic Project #13,S013F,CA,CISO,Solar Photovoltaic,SUN,PV,0.5,0.5,,,2023,12
17609,Southern California Edison Co,57227,Solar Photovoltaic Project #13,S013G,CA,CISO,Solar Photovoltaic,SUN,PV,0.5,0.5,,,2023,12
17609,Southern California Edison Co,57229,Solar Photovoltaic Project #15,S015A,CA,CISO,Solar Photovoltaic,SUN,PV,0.5,0.5,,,2023,12
17609,Southern California Edison Co,57229,Solar Photovoltaic Project #15,S015B,CA,CISO,Solar Photovoltaic,SUN,PV,0.5,0.5,,,2023,12
17609,Southern California Edison Co,57229,Solar Photovoltaic Project #15,S015C,CA,CISO,Solar Photovoltaic,SUN,PV,0.5,0.5,,,2023,12
17609,Southern California Edison Co,57229,Solar Photovoltaic Project #15,S015D,CA,CISO,Solar Photovoltaic,SUN,PV,0.5,0.5,,,2023,12
17609,Southern California Edison Co,57229,Solar Photovoltaic Project #15,S015E,CA,CISO,Solar Photovoltaic,SUN,PV,0.5,0.5,,,2023,12
17609,Southern California Edison Co,57229,Solar Photovoltaic Project #15,S015F,CA,CISO,Solar Photovoltaic,SUN,PV,0.5,0.5,,,2023,12
17609,Southern California Edison Co,57229,Solar Photovoltaic Project #15,S015G,CA,CISO,Solar Photovoltaic,SUN,PV,0.5,0.5,,,2023,12
17609,Southern California Edison Co,57230,Solar Photovoltaic Project #16,S016A,CA,CISO,Solar Photovoltaic,SUN,PV,0.5,0.5,,,2023,12
17609,Southern California Edison Co,57230,Solar Photovoltaic Project #16,S016B,CA,CISO,Solar Photovoltaic,SUN,PV,0.5,0.5,,,2023,12
17609,Southern California Edison Co,57230,Solar Photovoltaic Project #16,S016C,CA,CISO,Solar Photovoltaic,SUN,PV,0.5,0.5,,,2023,12
17609,Southern California Edison Co,57231,Solar Photovoltaic Project #17,S017A,CA,CISO,Solar Photovoltaic,SUN,PV,0.5,0.5,,,2023,12
17609,Southern California Edison Co,57231,Solar Photovoltaic Project #17,S017B,CA,CISO,Solar Photovoltaic,SUN,PV,0.5,0.5,,,2023,12
17609,Southern California Edison Co,57231,Solar Photovoltaic Project #17,S017C,CA,CISO,Solar Photovoltaic,SUN,PV,0.5,0.5,,,2023,12
17609,Southern California Edison Co,57231,Solar Photovoltaic Project #17,S017D,CA,CISO,Solar Photovoltaic,SUN,PV,0.5,0.5,,,2023,12
17609,Southern California Edison Co,57231,Solar Photovoltaic Project #17,S017E,CA,CISO,Solar Photovoltaic,SUN,PV,0.5,0.5,,,2023,12
17609,Southern California Edison Co,57231,Solar Photovoltaic Project #17,S017F,CA,CISO,Solar Photovoltaic,SUN,PV,0.5,0.5,,,2023,12
17609,Southern California Edison Co,57231,Solar Photovoltaic Project #17,S017G,CA,CISO,Solar Photovoltaic,SUN,PV,0.5,0.5,,,2023,12
17609,Southern California Edison Co,57232,Solar Photovoltaic Project #18,S018A,CA,CISO,Solar Photovoltaic,SUN,PV,0.5,0.5,,,2023,12
17609,Southern California Edison Co,57232,Solar Photovoltaic Project #18,S018B,CA,CISO,Solar Photovoltaic,SUN,PV,0.5,0.5,,,2023,12
17609,Southern California Edison Co,57232,Solar Photovoltaic Project #18,S018C,CA,CISO,Solar Photovoltaic,SUN,PV,0.5,0.5,,,2023,12
17609,Southern California Edison Co,57236,Solar Photovoltaic Project #23,S023A,CA,CISO,Solar Photovoltaic,SUN,PV,0.5,0.5,,,2023,12
17609,Southern California Edison Co,57236,Solar Photovoltaic Project #23,S023B,CA,CISO,Solar Photovoltaic,SUN,PV,0.5,0.5,,,2023,12
17609,Southern California Edison Co,57236,Solar Photovoltaic Project #23,S023C,CA,CISO,Solar Photovoltaic,SUN,PV,0.5,0.5,,,2023,12
17609,Southern California Edison Co,57236,Solar Photovoltaic Project #23,S023D,CA,CISO,Solar Photovoltaic,SUN,PV,0.5,0.5,,,2023,12
17609,Southern California Edison Co,57236,Solar Photovoltaic Project #23,S023E,CA,CISO,Solar Photovoltaic,SUN,PV,0.5,0.5,,,2023,12
17609,Southern California Edison Co,57237,Solar Photovoltaic Project #22,S022A,CA,CISO,Solar Photovoltaic,SUN,PV,0.5,0.5,,,2023,12
17609,Southern California Edison Co,57237,Solar Photovoltaic Project #22,S022B,CA,CISO,Solar Photovoltaic,SUN,PV,0.5,0.5,,,2023,12
17609,Southern California Edison Co,57237,Solar Photovoltaic Project #22,S022C,CA,CISO,Solar Photovoltaic,SUN,PV,0.5,0.5,,,2023,12
17609,Southern California Edison Co,57237,Solar Photovoltaic Project #22,S022D,CA,CISO,Solar Photovoltaic,SUN,PV,0.5,0.5,,,2023,12
17609,Southern California Edison Co,57245,Solar Photovoltaic Project #26,S026A,CA,CISO,Solar Photovoltaic,SUN,PV,0.5,0.5,,,2023,12
17609,Southern California Edison Co,57245,Solar Photovoltaic Project #26,S026B,CA,CISO,Solar Photovoltaic,SUN,PV,0.5,0.5,,,2023,12
17609,Southern California Edison Co,57245,Solar Photovoltaic Project #26,S026C,CA,CISO,Solar Photovoltaic,SUN,PV,0.5,0.5,,,2023,12
17609,Southern California Edison Co,57245,Solar Photovoltaic Project #26,S026D,CA,CISO,Solar Photovoltaic,SUN,PV,0.5,0.5,,,2023,12
17609,Southern California Edison Co,57245,Solar Photovoltaic Project #26,S026E,CA,CISO,Solar Photovoltaic,SUN,PV,0.5,0.5,,,2023,12
17609,Southern California Edison Co,57245,Solar Photovoltaic Project #26,S026F,CA,CISO,Solar Photovoltaic,SUN,PV,0.5,0.5,,,2023,12
17609,Southern California Edison Co,57245,Solar Photovoltaic Project #26,S026G,CA,CISO,Solar Photovoltaic,SUN,PV,0.5,0.5,,,2023,12
17609,Southern California Edison Co,57245,Solar Photovoltaic Project #26,S026H,CA,CISO,Solar Photovoltaic,SUN,PV,0.5,0.5,,,2023,12
17609,Southern California Edison Co,57245,Solar Photovoltaic Project #26,S026I,CA,CISO,Solar Photovoltaic,SUN,PV,0.5,0.5,,,2023,12
17609,Southern California Edison Co,57245,Solar Photovoltaic Project #26,S026J,CA,CISO,Solar Photovoltaic,SUN,PV,0.5,0.5,,,2023,12
17609,Southern California Edison Co,57245,Solar Photovoltaic Project #26,SO26K,CA,CISO,Solar Photovoltaic,SUN,PV,0.5,0.5,,,2023,12
17609,Southern California Edison Co,57245,Solar Photovoltaic Project #26,SO26L,CA,CISO,Solar Photovoltaic,SUN,PV,0.5,0.5,,,2023,12
17609,Southern California Edison Co,57246,Solar Photovoltaic Project #27,S027A,CA,CISO,Solar Photovoltaic,SUN,PV,0.5,0.5,,,2023,12
17609,Southern California Edison Co,57246,Solar Photovoltaic Project #27,S027B,CA,CISO,Solar Photovoltaic,SUN,PV,0.5,0.5,,,2023,12
17609,Southern California Edison Co,57246,Solar Photovoltaic Project #27,S027C,CA,CISO,Solar Photovoltaic,SUN,PV,0.5,0.5,,,2023,12
17609,Southern California Edison Co,57246,Solar Photovoltaic Project #27,S027D,CA,CISO,Solar Photovoltaic,SUN,PV,0.5,0.5,,,2023,12
17609,Southern California Edison Co,57247,Solar Photovoltaic Project #28,S028A,CA,CISO,Solar Photovoltaic,SUN,PV,0.5,0.5,,,2023,12
17609,Southern California Edison Co,57247,Solar Photovoltaic Project #28,S028B,CA,CISO,Solar Photovoltaic,SUN,PV,0.5,0.5,,,2023,12
17609,Southern California Edison Co,57247,Solar Photovoltaic Project #28,S028C,CA,CISO,Solar Photovoltaic,SUN,PV,0.5,0.5,,,2023,12
17609,Southern California Edison Co,57247,Solar Photovoltaic Project #28,S028D,CA,CISO,Solar Photovoltaic,SUN,PV,0.5,0.5,,,2023,12
17609,Southern California Edison Co,57247,Solar Photovoltaic Project #28,S028E,CA,CISO,Solar Photovoltaic,SUN,PV,0.5,0.5,,,2023,12
17609,Southern California Edison Co,57247,Solar Photovoltaic Project #28,S028F,CA,CISO,Solar Photovoltaic,SUN,PV,0.5,0.5,,,2023,12
17609,Southern California Edison Co,57247,Solar Photovoltaic Project #28,S028G,CA,CISO,Solar Photovoltaic,SUN,PV,0.5,0.5,,,2023,12
56630,Texico Wind LP,57258,Texico Wind Ranch LP,1,NM,SWPP,Onshore Wind Turbine,WND,WT,0.7,0.7,,,2023,2
56630,Texico Wind LP,57258,Texico Wind Ranch LP,2,NM,SWPP,Onshore Wind Turbine,WND,WT,0.6,0.6,,,2023,2
56630,Texico Wind LP,57258,Texico Wind Ranch LP,3,NM,SWPP,Onshore Wind Turbine,WND,WT,0.6,0.6,,,2023,2
56629,Lubbock Wind LLC,57259,Lubbock Wind Ranch,1,TX,SWPP,Onshore Wind Turbine,WND,WT,2.5,2.5,,,2019,12
56629,Lubbock Wind LLC,57259,Lubbock Wind Ranch,2,TX,SWPP,Onshore Wind Turbine,WND,WT,2.5,2.5,,,2019,12
56629,Lubbock Wind LLC,57259,Lubbock Wind Ranch,3,TX,SWPP,Onshore Wind Turbine,WND,WT,2.5,2.5,,,2019,12
65609,Everpoint Services Inc,57263,Little Pringle I Wind Farm,LP1,TX,SWPP,Onshore Wind Turbine,WND,WT,10.0,10.0,,,2022,2
65609,Everpoint Services Inc,57264,Little Pringle II Wind Farm,LP2,TX,SWPP,Onshore Wind Turbine,WND,WT,10.0,10.0,,,2022,2
2770,Terra-Gen Operating Co-Wind,57301,Dutch Wind Energy,DEC,CA,CISO,Onshore Wind Turbine,WND,WT,8.0,8.0,,,2020,2
57320,Konoike Pacific,57310,1420 Coil Av #C,1,CA,LDWP,Solar Photovoltaic,SUN,PV,1.3,1.3,,,2022,1
56679,Sierra SunTower LLC,57323,Sierra SunTower Solar Gen Station,UNIT1,CA,CISO,Solar Thermal without Energy Storage,SUN,ST,7.5,3.2,,,2014,12
5416,"Duke Energy Carolinas, LLC",57334,DE Solar 10240 Old Dowd Rd,PV01,NC,DUK,Solar Photovoltaic,SUN,PV,1.9,1.9,,,2026,6
5416,"Duke Energy Carolinas, LLC",57335,DE Solar 657 Brigham Rd,PV01,NC,DUK,Solar Photovoltaic,SUN,PV,1.3,1.3,,,2026,6
5416,"Duke Energy Carolinas, LLC",57336,DE Solar 1725 Drywall Dr,PV01,NC,DUK,Solar Photovoltaic,SUN,PV,1.0,1.0,,,2025,7
58992,"AgPower DCD, LLC",57344,Cargill Dry Creek Biofactory,GS1,ID,IPCO,Other Waste Biomass,OBG,IC,0.8,0.8,,,2020,9
58992,"AgPower DCD, LLC",57344,Cargill Dry Creek Biofactory,GS2,ID,IPCO,Other Waste Biomass,OBG,IC,0.8,0.8,,,2020,9
58992,"AgPower DCD, LLC",57344,Cargill Dry Creek Biofactory,GS3,ID,IPCO,Other Waste Biomass,OBG,IC,0.8,0.8,,,2020,9
56690,Town of Portsmouth,57350,Portsmouth Wind Turbine,WTG-1,RI,ISNE,Onshore Wind Turbine,WND,WT,1.5,1.5,,,2016,3
56694,Thermo No 1 BE 01 LLC,57353,Thermo No 1,1,UT,PACE,Geothermal,GEO,BT,14.0,11.0,,,2013,3
63989,"Mas Durham Power, LLC",57365,"Mas Durham Power, LLC",1C,NC,DUK,Landfill Gas,LFG,IC,1.1,1.1,,,2018,10
65245,"Terreva Wayne County RNG, LLC",57366,"Terreva Wayne County RNG, LLC",1A,NC,CPLE,Landfill Gas,LFG,IC,1.1,1.1,,,2024,5
65245,"Terreva Wayne County RNG, LLC",57366,"Terreva Wayne County RNG, LLC",1B,NC,CPLE,Landfill Gas,LFG,IC,1.1,1.1,,,2024,5
65245,"Terreva Wayne County RNG, LLC",57366,"Terreva Wayne County RNG, LLC",1C,NC,CPLE,Landfill Gas,LFG,IC,1.1,1.1,,,2021,1
54842,WM Renewable Energy LLC,57406,Prairie View IL,GEN1,IL,PJM,Landfill Gas,LFG,IC,1.6,1.6,,,2022,7
54842,WM Renewable Energy LLC,57406,Prairie View IL,GEN2,IL,PJM,Landfill Gas,LFG,IC,1.6,1.6,,,2022,7
54842,WM Renewable Energy LLC,57406,Prairie View IL,GEN3,IL,PJM,Landfill Gas,LFG,IC,1.6,1.6,,,2022,7
56748,RP1 Fuel Cell LLC,57419,RPI Fuel Cell LLC,0001,CA,CISO,Other Waste Biomass,OBG,FC,3.0,1.0,,,2019,12
56749,UTS SJ1 LLC,57420,UTS SJ1 LLC,0001,CA,CISO,Other Natural Gas,NG,FC,1.5,1.4,,,2019,12
56753,AgPower Jerome LLC,57425,Double A Digester,1,ID,IPCO,Other Waste Biomass,OBG,IC,1.5,1.5,,,2019,12
56753,AgPower Jerome LLC,57425,Double A Digester,2,ID,IPCO,Other Waste Biomass,OBG,IC,1.5,1.5,,,2019,12
56753,AgPower Jerome LLC,57425,Double A Digester,3,ID,IPCO,Other Waste Biomass,OBG,IC,1.5,1.5,,,2019,12
56756,Bellefontaine Gas Producers LLC,57433,Bellefontaine Gas Producers LLC,1,OH,PJM,Landfill Gas,LFG,IC,1.6,1.6,,,2019,12
56756,Bellefontaine Gas Producers LLC,57433,Bellefontaine Gas Producers LLC,2,OH,PJM,Landfill Gas,LFG,IC,1.6,1.6,,,2019,12
56756,Bellefontaine Gas Producers LLC,57433,Bellefontaine Gas Producers LLC,3,OH,PJM,Landfill Gas,LFG,IC,1.6,1.6,,,2019,12
34691,Ormat Nevada Inc,57446,McGinness Hills,OEC23,NV,NEVP,Geothermal,GEO,BT,12.0,8.0,,,2023,8
61012,AES Distributed Energy,57447,Laurel Mountain Hybrid,2,WV,PJM,Batteries,MWH,BA,16.0,16.0,,,2025,7
56785,The Westervelt Co,57467,Westervelt Moundville Cogen,TG1,AL,SOCO,Wood/Wood Waste Biomass,WDS,ST,13.0,8.2,,,2023,11
56774,S Montana Elec Gen and Trans Coop Inc,57480,Highwood Generating Station,GTG1,MT,NWMT,Natural Gas Fired Combustion Turbine,NG,GT,42.6,40.5,,,2015,8
56814,Black Creek Renewable Energy LLC,57492,Sampson County Disposal,GEN1,NC,CPLE,Landfill Gas,LFG,IC,1.6,1.6,,,2021,3
56814,Black Creek Renewable Energy LLC,57492,Sampson County Disposal,GEN2,NC,CPLE,Landfill Gas,LFG,IC,1.6,1.6,,,2021,3
56814,Black Creek Renewable Energy LLC,57492,Sampson County Disposal,GEN3,NC,CPLE,Landfill Gas,LFG,IC,1.6,1.6,,,2021,3
56814,Black Creek Renewable Energy LLC,57492,Sampson County Disposal,GEN4,NC,CPLE,Landfill Gas,LFG,IC,1.6,1.6,,,2021,3
56814,Black Creek Renewable Energy LLC,57492,Sampson County Disposal,GEN5,NC,CPLE,Landfill Gas,LFG,IC,1.6,1.6,,,2021,3
56814,Black Creek Renewable Energy LLC,57492,Sampson County Disposal,GEN6,NC,CPLE,Landfill Gas,LFG,IC,1.6,1.6,,,2021,3
56829,McKinney LFG LLC,57508,McKinney LFG,GEN1,TX,ERCO,Landfill Gas,LFG,IC,1.6,1.4,,,2016,3
56829,McKinney LFG LLC,57508,McKinney LFG,GEN2,TX,ERCO,Landfill Gas,LFG,IC,1.6,1.4,,,2016,3
56833,Central Ohio BioEnergy,57513,Central Ohio BioEnergy Plant #1,COBE1,OH,,Other Waste Biomass,OBG,IC,1.0,0.9,,,2011,11
56627,DeWind Co.,57516,KODE Novus I,NOVUS,OK,SWPP,Onshore Wind Turbine,WND,WT,80.0,80.0,,,2022,1
56627,DeWind Co.,57517,DeWind Frisco,FRISC,TX,SWPP,Onshore Wind Turbine,WND,WT,20.0,20.0,,,2023,11
56856,Trexlertown Solar Array North and South,57519,Trexlertown Solar Array North and South,GEN1,PA,PJM,Solar Photovoltaic,SUN,PV,1.9,1.9,,,2023,2
17609,Southern California Edison Co,57534,Solar Photovoltaic Project #32,S32A,CA,CISO,Solar Photovoltaic,SUN,PV,0.5,0.5,,,2023,12
17609,Southern California Edison Co,57534,Solar Photovoltaic Project #32,S32B,CA,CISO,Solar Photovoltaic,SUN,PV,0.5,0.5,,,2023,12
17609,Southern California Edison Co,57534,Solar Photovoltaic Project #32,S32C,CA,CISO,Solar Photovoltaic,SUN,PV,0.5,0.5,,,2023,12
17609,Southern California Edison Co,57535,Solar Photovoltaic Project #33,S33A,CA,CISO,Solar Photovoltaic,SUN,PV,0.5,0.5,,,2023,12
17609,Southern California Edison Co,57535,Solar Photovoltaic Project #33,S33B,CA,CISO,Solar Photovoltaic,SUN,PV,0.5,0.5,,,2023,12
17609,Southern California Edison Co,57540,Solar Photovoltaic Project #44,S44A,CA,CISO,Solar Photovoltaic,SUN,PV,0.5,0.5,,,2019,7
17609,Southern California Edison Co,57540,Solar Photovoltaic Project #44,S44B,CA,CISO,Solar Photovoltaic,SUN,PV,0.5,0.5,,,2019,7
17609,Southern California Edison Co,57540,Solar Photovoltaic Project #44,S44C,CA,CISO,Solar Photovoltaic,SUN,PV,0.5,0.5,,,2019,7
17609,Southern California Edison Co,57540,Solar Photovoltaic Project #44,S44D,CA,CISO,Solar Photovoltaic,SUN,PV,0.5,0.5,,,2019,7
17609,Southern California Edison Co,57540,Solar Photovoltaic Project #44,S44E,CA,CISO,Solar Photovoltaic,SUN,PV,0.5,0.5,,,2019,7
17609,Southern California Edison Co,57540,Solar Photovoltaic Project #44,S44F,CA,CISO,Solar Photovoltaic,SUN,PV,0.5,0.5,,,2019,7
17609,Southern California Edison Co,57540,Solar Photovoltaic Project #44,S44G,CA,CISO,Solar Photovoltaic,SUN,PV,0.5,0.5,,,2019,7
17609,Southern California Edison Co,57540,Solar Photovoltaic Project #44,S44H,CA,CISO,Solar Photovoltaic,SUN,PV,0.5,0.5,,,2019,7
17609,Southern California Edison Co,57540,Solar Photovoltaic Project #44,S44I,CA,CISO,Solar Photovoltaic,SUN,PV,0.5,0.5,,,2019,7
17609,Southern California Edison Co,57540,Solar Photovoltaic Project #44,S44J,CA,CISO,Solar Photovoltaic,SUN,PV,0.5,0.5,,,2019,7
17609,Southern California Edison Co,57540,Solar Photovoltaic Project #44,S44K,CA,CISO,Solar Photovoltaic,SUN,PV,0.5,0.5,,,2019,7
17609,Southern California Edison Co,57540,Solar Photovoltaic Project #44,S44L,CA,CISO,Solar Photovoltaic,SUN,PV,0.5,0.5,,,2019,7
17609,Southern California Edison Co,57540,Solar Photovoltaic Project #44,S44M,CA,CISO,Solar Photovoltaic,SUN,PV,0.5,0.5,,,2019,7
17609,Southern California Edison Co,57540,Solar Photovoltaic Project #44,S44N,CA,CISO,Solar Photovoltaic,SUN,PV,0.5,0.5,,,2019,7
17609,Southern California Edison Co,57540,Solar Photovoltaic Project #44,S44O,CA,CISO,Solar Photovoltaic,SUN,PV,0.5,0.5,,,2019,7
17609,Southern California Edison Co,57540,Solar Photovoltaic Project #44,S44P,CA,CISO,Solar Photovoltaic,SUN,PV,0.5,0.5,,,2019,7
17609,Southern California Edison Co,57544,Cal State Univ San Bernardino FC01,FC01,CA,CISO,Other Natural Gas,NG,FC,1.4,1.4,,,2023,12
56905,Clearlight Energy Sanger LLC,57564,Algonquin Power Sanger LLC,STG,CA,CISO,Natural Gas Fired Combined Cycle,NG,CA,12.5,12.5,,,2012,3
58270,GE Wind Energy LLC,57566,GE - Tehachapi,1.6PR,CA,CISO,Onshore Wind Turbine,WND,WT,1.6,1.6,,,2013,9
58270,GE Wind Energy LLC,57566,GE - Tehachapi,1.7SF,CA,CISO,Onshore Wind Turbine,WND,WT,1.8,1.8,,,2019,12
58270,GE Wind Energy LLC,57566,GE - Tehachapi,2.5P2,CA,CISO,Onshore Wind Turbine,WND,WT,2.5,2.5,,,2020,1
58270,GE Wind Energy LLC,57566,GE - Tehachapi,2.8P3,CA,CISO,Onshore Wind Turbine,WND,WT,2.8,2.8,,,2020,1
56918,University of California San Diego,57584,University of California San Diego Hybri,BS1,CA,CISO,Batteries,MWH,BA,2.5,2.5,,,2025,6
56921,Charleston Clean Energy LLC,57587,The Charleston Clean Energy Facility,1,WV,PJM,Landfill Gas,LFG,IC,1.1,1.1,,,2015,12
56921,Charleston Clean Energy LLC,57587,The Charleston Clean Energy Facility,2,WV,PJM,Landfill Gas,LFG,IC,1.1,1.1,,,2015,12
56929,Alliance Star Energy LLC,57592,Sheraton SD East Tower,45,CA,CISO,Other Natural Gas,NG,FC,0.3,0.3,,,2014,10
56929,Alliance Star Energy LLC,57592,Sheraton SD East Tower,47,CA,CISO,Other Natural Gas,NG,FC,0.3,0.3,,,2014,10
56929,Alliance Star Energy LLC,57592,Sheraton SD East Tower,50,CA,CISO,Other Natural Gas,NG,FC,0.3,0.3,,,2014,10
56929,Alliance Star Energy LLC,57592,Sheraton SD East Tower,51,CA,CISO,Other Natural Gas,NG,FC,0.3,0.3,,,2014,10
56953,"Bos Dairy, LLC",57625,"Bos Dairy, LLC",BOS1,IN,MISO,Other Waste Biomass,OBG,IC,0.4,0.3,,,2015,8
56953,"Bos Dairy, LLC",57625,"Bos Dairy, LLC",BOS2,IN,MISO,Natural Gas Internal Combustion Engine,NG,IC,0.7,0.6,,,2020,2
56953,"Bos Dairy, LLC",57625,"Bos Dairy, LLC",BOS3,IN,MISO,Natural Gas Internal Combustion Engine,NG,IC,0.4,0.3,,,2020,3
56953,"Bos Dairy, LLC",57625,"Bos Dairy, LLC",BOS4,IN,MISO,Natural Gas Internal Combustion Engine,NG,IC,1.0,0.9,,,2026,7
60545,City of Auburn - (NY),57636,Auburn LFG Energy Facility,2,NY,NYIS,Landfill Gas,LFG,IC,1.1,1.1,,,2014,4
56855,Performance Services,57637,Union City Wind Turbine,1,IN,PJM,Onshore Wind Turbine,WND,WT,1.0,1.0,,,2023,3
56855,Performance Services,57638,Randolph Eastern School Wind Turbine,1,IN,PJM,Onshore Wind Turbine,WND,WT,1.0,1.0,,,2023,3
56968,Oregon State University,57653,Oregon State University Energy Center,STG,OR,BPAT,Natural Gas Fired Combined Cycle,NG,CA,1.0,0.5,,,2023,6
56981,Town of Falmouth,57654,Town of Falmouth WWTP,WIND1,MA,ISNE,Onshore Wind Turbine,WND,WT,1.7,0.8,,,2017,6
56981,Town of Falmouth,57654,Town of Falmouth WWTP,WIND2,MA,ISNE,Onshore Wind Turbine,WND,WT,1.7,0.8,,,2017,6
59184,Humphrey Realty,57685,Rinehart,1,FL,FPC,Solar Photovoltaic,SUN,PV,10.0,10.0,,,2021,1
57015,Third Taxing District of Norwalk,57689,Norden 1-3,NORD1,CT,ISNE,Petroleum Liquids,DFO,IC,2.0,2.0,,,2025,5
57015,Third Taxing District of Norwalk,57689,Norden 1-3,NORD2,CT,ISNE,Petroleum Liquids,DFO,IC,2.0,2.0,,,2025,5
57015,Third Taxing District of Norwalk,57689,Norden 1-3,NORD3,CT,ISNE,Petroleum Liquids,DFO,IC,2.0,2.0,,,2025,5
57031,Beacon Power LLC,57711,Beacon Power Flywheel System 1,TYN1,MA,ISNE,Flywheels,MWH,FW,1.0,1.0,,,2015,3
57031,Beacon Power LLC,57712,Beacon Power Flywheel System 2,TYN2,MA,ISNE,Flywheels,MWH,FW,2.0,2.0,,,2016,8
57032,UTAS Aerostructures,57713,"Rohr Inc., a Collins Aerospace Company",151,CA,CISO,Natural Gas Internal Combustion Engine,NG,IC,3.2,3.2,,,2018,9
57032,UTAS Aerostructures,57713,"Rohr Inc., a Collins Aerospace Company",152,CA,CISO,Natural Gas Internal Combustion Engine,NG,IC,3.2,3.2,,,2018,9
57032,UTAS Aerostructures,57713,"Rohr Inc., a Collins Aerospace Company",153,CA,CISO,Natural Gas Internal Combustion Engine,NG,IC,3.2,3.2,,,2018,9
57033,City of Palo Alto,57714,City of Palo Alto,GEN1,CA,CISO,Natural Gas Internal Combustion Engine,NG,IC,1.1,1.1,,,2024,1
57033,City of Palo Alto,57714,City of Palo Alto,GEN2,CA,CISO,Natural Gas Internal Combustion Engine,NG,IC,1.1,1.1,,,2024,1
57033,City of Palo Alto,57714,City of Palo Alto,GEN3,CA,CISO,Natural Gas Internal Combustion Engine,NG,IC,1.1,1.1,,,2024,1
57033,City of Palo Alto,57714,City of Palo Alto,GEN4,CA,CISO,Natural Gas Internal Combustion Engine,NG,IC,1.1,1.1,,,2024,1
27075,San Diego County Water Auth,57729,Lake Hodges Hydroelectric Facility,1,CA,CISO,Hydroelectric Pumped Storage,WAT,PS,21.0,21.0,,,2024,11
27075,San Diego County Water Auth,57729,Lake Hodges Hydroelectric Facility,2,CA,CISO,Hydroelectric Pumped Storage,WAT,PS,21.0,21.0,,,2024,11
11208,Los Angeles Department of Water & Power,57730,Lopez Canyon,1,CA,LDWP,Landfill Gas,LFG,GT,1.5,1.5,,,2015,4
57047,BioFuels Point Loma LLC,57735,UCSD Fuel Cell Plant,UCSD,CA,CISO,Other Natural Gas,NG,FC,3.0,2.8,,,2021,12
57054,Suzlon Project VIII LLC,57741,Suzlon Project VIII LLC,SP111,TX,SWPP,Onshore Wind Turbine,WND,WT,2.1,2.1,,,2020,7
57054,Suzlon Project VIII LLC,57741,Suzlon Project VIII LLC,SP95,TX,SWPP,Onshore Wind Turbine,WND,WT,2.1,2.1,,,2015,4
57054,Suzlon Project VIII LLC,57741,Suzlon Project VIII LLC,SP97,TX,SWPP,Onshore Wind Turbine,WND,WT,2.1,2.1,,,2020,7
59936,Georgia-Pacific Consumer Operations (Camas) LLC,57759,Consumer Operations LLC,STG1,WA,PACW,Natural Gas Steam Turbine,NG,ST,61.5,16.3,,,2018,4
61012,AES Distributed Energy,57765,Arizona Western College PV,GV1,AZ,AZPS,Solar Photovoltaic,SUN,PV,0.5,0.5,,,2014,10
61012,AES Distributed Energy,57765,Arizona Western College PV,GV2,AZ,AZPS,Solar Photovoltaic,SUN,PV,0.5,0.5,,,2014,10
57047,BioFuels Point Loma LLC,57770,South Bay Fuel Cell Plant,SBFC,CA,CISO,Other Natural Gas,NG,FC,1.5,1.4,,,2021,12
57101,FC Landfill Energy,57786,FC Landfill Energy,UNIT1,MD,PJM,Landfill Gas,LFG,IC,1.1,1.0,,,2018,7
57101,FC Landfill Energy,57786,FC Landfill Energy,UNIT2,MD,PJM,Landfill Gas,LFG,IC,1.1,1.0,,,2018,7
57108,The County of Sonoma,57793,Sonoma County Fuel Cell,FC-1,CA,CISO,Other Natural Gas,NG,FC,1.4,1.4,,,2020,12
57123,Middlebury College Biomass,57804,Middlebury College,1,VT,ISNE,Wood/Wood Waste Biomass,WDS,ST,0.2,0.1,,,2011,10
56778,Bloom Energy 2009 PPA,57807,Coca Cola American Canyon,COK01,CA,CISO,Other Natural Gas,NG,FC,1.1,1.0,,,2020,11
57128,Bloom Energy,57808,Lockheed Martin Sunnyvale,LOK00,CA,CISO,Other Natural Gas,NG,FC,1.1,1.0,,,2022,1
57128,Bloom Energy,57811,Adobe San Jose,ADB00,CA,CISO,Other Natural Gas,NG,FC,0.8,0.8,,,2017,2
57128,Bloom Energy,57811,Adobe San Jose,ADB01,CA,CISO,Other Natural Gas,NG,FC,0.4,0.4,,,2017,3
57146,Tulsa LFG LLC,57828,Tulsa LFG LLC,GEN1,OK,SWPP,Landfill Gas,LFG,IC,1.6,1.4,,,2021,5
57146,Tulsa LFG LLC,57828,Tulsa LFG LLC,GEN2,OK,SWPP,Landfill Gas,LFG,IC,1.6,1.4,,,2016,11
57148,Glendale Energy LLC,57829,Glendale Energy Power Plant,GLEN1,AZ,AZPS,Landfill Gas,LFG,IC,1.4,1.4,,,2019,6
57148,Glendale Energy LLC,57829,Glendale Energy Power Plant,GLEN2,AZ,AZPS,Landfill Gas,LFG,IC,1.4,1.4,,,2019,6
40211,"Wabash Valley Power Assn, Inc",57842,Wabash Valley Power IGCC,1,IN,MISO,Petroleum Coke,SGP,CA,112.5,85.0,,,2016,5
57172,SC Landfill Energy LLC,57843,SC Landfill Energy LLC,GEN1,NJ,PJM,Landfill Gas,LFG,IC,1.9,1.8,,,2020,6
57173,AC Landfill Energy LLC,57845,AC Landfill Energy LLC,UNIT1,NJ,PJM,Landfill Gas,LFG,IC,1.6,1.5,,,2021,9
57173,AC Landfill Energy LLC,57845,AC Landfill Energy LLC,UNIT2,NJ,PJM,Landfill Gas,LFG,IC,1.9,1.8,,,2021,9
57173,AC Landfill Energy LLC,57845,AC Landfill Energy LLC,UNIT3,NJ,PJM,Landfill Gas,LFG,IC,1.9,1.8,,,2016,12
57174,SX Landfill Energy LLC,57846,SX Landfill Energy LLC,UNIT1,NJ,PJM,Landfill Gas,LFG,IC,1.6,1.5,,,2020,6
57174,SX Landfill Energy LLC,57846,SX Landfill Energy LLC,UNIT2,NJ,PJM,Landfill Gas,LFG,IC,1.6,1.5,,,2020,6
57175,BC Landfill Energy LLC,57847,BC Landfill Energy LLC,UNIT1,NJ,PJM,Landfill Gas,LFG,IC,1.5,1.4,,,2020,6
57175,BC Landfill Energy LLC,57847,BC Landfill Energy LLC,UNIT2,NJ,PJM,Landfill Gas,LFG,IC,1.5,1.4,,,2020,6
57175,BC Landfill Energy LLC,57847,BC Landfill Energy LLC,UNIT3,NJ,PJM,Landfill Gas,LFG,IC,1.5,1.4,,,2020,6
57175,BC Landfill Energy LLC,57847,BC Landfill Energy LLC,UNIT4,NJ,PJM,Landfill Gas,LFG,IC,1.5,1.4,,,2020,6
57175,BC Landfill Energy LLC,57847,BC Landfill Energy LLC,UNIT5,NJ,PJM,Landfill Gas,LFG,IC,1.5,1.4,,,2020,6
61944,MN8 Energy LLC,57848,WC Landfill Energy LLC,GEN1,NJ,PJM,Landfill Gas,LFG,IC,2.0,0.0,,,2016,12
11208,Los Angeles Department of Water & Power,57854,North Hollywood,1PT1,CA,LDWP,Conventional Hydroelectric,WAT,HY,1.8,1.8,,,2024,10
11208,Los Angeles Department of Water & Power,57854,North Hollywood,1PT2,CA,LDWP,Conventional Hydroelectric,WAT,HY,1.8,1.8,,,2024,10
11208,Los Angeles Department of Water & Power,57854,North Hollywood,1PT3,CA,LDWP,Conventional Hydroelectric,WAT,HY,1.8,1.8,,,2024,10
11208,Los Angeles Department of Water & Power,57854,North Hollywood,2T1,CA,LDWP,Conventional Hydroelectric,WAT,HY,1.2,1.2,,,2021,8
11208,Los Angeles Department of Water & Power,57854,North Hollywood,2T2,CA,LDWP,Conventional Hydroelectric,WAT,HY,1.2,1.2,,,2021,8
11208,Los Angeles Department of Water & Power,57854,North Hollywood,2T3,CA,LDWP,Conventional Hydroelectric,WAT,HY,0.5,0.5,,,2016,2
11208,Los Angeles Department of Water & Power,57854,North Hollywood,3T1,CA,LDWP,Conventional Hydroelectric,WAT,HY,0.5,0.5,,,2024,10
11208,Los Angeles Department of Water & Power,57854,North Hollywood,3T2,CA,LDWP,Conventional Hydroelectric,WAT,HY,0.2,0.2,,,2024,10
57183,Shasta Renewable Resources LLC,57857,Shasta Renewable Resources Plant,1,CA,CISO,Wood/Wood Waste Biomass,WDS,ST,5.5,5.5,,,2017,12
61944,MN8 Energy LLC,57863,McKee City Solar Phase 2,UNIT1,NJ,PJM,Solar Photovoltaic,SUN,PV,2.4,2.4,,,2025,1
57196,Trinity Oaks Energy LLC,57877,Trinity Oaks Energy,UNT1,TX,ERCO,Landfill Gas,LFG,IC,1.6,1.5,,,2014,7
57196,Trinity Oaks Energy LLC,57877,Trinity Oaks Energy,UNT2,TX,ERCO,Landfill Gas,LFG,IC,1.6,1.5,,,2014,7
57195,Fort Worth Methane LLC,57878,Fort Worth Methane,UNT1,TX,ERCO,Landfill Gas,LFG,IC,1.6,1.5,,,2014,7
56627,DeWind Co.,57889,KODE Novus II,NOVII,OK,SWPP,Onshore Wind Turbine,WND,WT,40.0,40.0,,,2022,1
17609,Southern California Edison Co,57900,Solar Photovoltaic Project #48,S48A,CA,CISO,Solar Photovoltaic,SUN,PV,0.5,0.5,,,2023,12
17609,Southern California Edison Co,57900,Solar Photovoltaic Project #48,S48B,CA,CISO,Solar Photovoltaic,SUN,PV,0.5,0.5,,,2023,12
17609,Southern California Edison Co,57900,Solar Photovoltaic Project #48,S48C,CA,CISO,Solar Photovoltaic,SUN,PV,0.5,0.5,,,2023,12
17609,Southern California Edison Co,57900,Solar Photovoltaic Project #48,S48D,CA,CISO,Solar Photovoltaic,SUN,PV,0.5,0.5,,,2023,12
17609,Southern California Edison Co,57900,Solar Photovoltaic Project #48,S48E,CA,CISO,Solar Photovoltaic,SUN,PV,0.5,0.5,,,2023,12
17609,Southern California Edison Co,57900,Solar Photovoltaic Project #48,S48F,CA,CISO,Solar Photovoltaic,SUN,PV,0.5,0.5,,,2023,12
17609,Southern California Edison Co,57900,Solar Photovoltaic Project #48,S48G,CA,CISO,Solar Photovoltaic,SUN,PV,0.5,0.5,,,2023,12
17609,Southern California Edison Co,57900,Solar Photovoltaic Project #48,S48H,CA,CISO,Solar Photovoltaic,SUN,PV,0.5,0.5,,,2023,12
17609,Southern California Edison Co,57900,Solar Photovoltaic Project #48,S48I,CA,CISO,Solar Photovoltaic,SUN,PV,0.5,0.5,,,2023,12
17609,Southern California Edison Co,57900,Solar Photovoltaic Project #48,S48J,CA,CISO,Solar Photovoltaic,SUN,PV,0.5,0.5,,,2023,12
57279,California Portland Cement Co,57907,Colton Plant,1,CA,CISO,Conventional Steam Coal,BIT,ST,15.0,14.3,,,2015,4
57279,California Portland Cement Co,57907,Colton Plant,2,CA,CISO,Conventional Steam Coal,BIT,ST,15.0,14.3,,,2015,4
57296,Sidney Sugars Incorporated,57914,Sidney MT Plant,1,MT,NWMT,Conventional Steam Coal,LIG,ST,2.0,2.0,,,2023,1
57296,Sidney Sugars Incorporated,57914,Sidney MT Plant,2,MT,NWMT,Conventional Steam Coal,LIG,ST,2.0,2.0,,,2023,1
57300,Bayer CropScience,57917,Bayer CropScience Institute Plant,1,WV,PJM,Conventional Steam Coal,BIT,ST,6.3,6.3,,,2015,9
57300,Bayer CropScience,57917,Bayer CropScience Institute Plant,2,WV,PJM,Conventional Steam Coal,BIT,ST,6.3,6.3,,,2015,10
57303,State of Illinois,57918,Jacksonville Developmental Center,1,IL,MISO,Conventional Steam Coal,BIT,ST,0.7,0.7,,,2013,3
57303,State of Illinois,57918,Jacksonville Developmental Center,2,IL,MISO,Conventional Steam Coal,BIT,ST,0.7,0.7,,,2013,3
57303,State of Illinois,57918,Jacksonville Developmental Center,3,IL,MISO,Conventional Steam Coal,BIT,ST,2.0,2.0,,,2013,3
57305,Wright Patterson AFB,57926,Heat Plant 770,HP,OH,PJM,Natural Gas Steam Turbine,NG,ST,1.2,0.0,,,2018,2
57305,Wright Patterson AFB,57926,Heat Plant 770,LP,OH,PJM,Natural Gas Steam Turbine,NG,ST,0.8,0.0,,,2018,2
57281,University of Cincinnati,57929,East Campus Utility Plant,STG,OH,PJM,Natural Gas Steam Turbine,NG,ST,1.3,1.2,,,2024,3
57310,General Motors LLC,57932,Wentzville Assembly & Contiguous,GEN1,MO,MISO,Natural Gas Steam Turbine,NG,ST,3.0,3.0,,,2016,12
57316,Miller Coors LLC,57936,Albany Brewery,GEN1,GA,SOCO,Conventional Steam Coal,SUB,ST,6.0,2.5,,,2015,1
57315,Western Sugar Cooperative,57937,Western Sugar Coop - Scottsbluff,SCBF,NE,SWPP,Natural Gas Steam Turbine,NG,ST,5.3,5.3,,,2022,4
57313,Tesla Inc.,57939,Walmart Casa Grande,1,AZ,AZPS,Solar Photovoltaic,SUN,PV,1.0,1.0,,,2023,9
57313,Tesla Inc.,57939,Walmart Casa Grande,2,AZ,AZPS,Solar Photovoltaic,SUN,PV,1.0,1.0,,,2023,9
57317,Wausau Paper Middletown,57940,Wausau Paper Middletown,G3,OH,PJM,Conventional Steam Coal,BIT,ST,7.5,7.5,,,2019,9
57322,Naval Facilities Engineering Command,57944,Goddard Steam Plant,1,MD,PJM,Petroleum Liquids,RFO,ST,6.2,5.0,,,2015,9
57322,Naval Facilities Engineering Command,57944,Goddard Steam Plant,2,MD,PJM,Petroleum Liquids,RFO,ST,6.2,5.0,,,2015,9
59344,Energy Transfer Field Services LLC,57952,Woodall Gas Plant,GEN1,TX,SWPP,Natural Gas Internal Combustion Engine,NG,IC,1.0,1.0,,,2020,3
59344,Energy Transfer Field Services LLC,57952,Woodall Gas Plant,GEN2,TX,SWPP,Natural Gas Internal Combustion Engine,NG,IC,1.0,1.0,,,2020,3
59344,Energy Transfer Field Services LLC,57952,Woodall Gas Plant,GEN3,TX,SWPP,Natural Gas Internal Combustion Engine,NG,IC,1.0,1.0,,,2020,3
57329,DTE Silver Grove LLC,57955,Silver Grove,1,KY,PJM,Natural Gas Fired Combustion Turbine,NG,GT,5.2,4.3,,,2013,8
57315,Western Sugar Cooperative,57967,Western Sugar Coop - Torrington,GEGEN,WY,WACM,Natural Gas Steam Turbine,NG,ST,2.0,2.0,,,2019,2
57348,AES ES Westover LLC,57972,AES Johnson City,JCP1,NY,NYIS,Batteries,MWH,BA,8.0,8.0,,,2013,5
57389,IKEA Property Inc,58016,IKEA Westhampton 061,PV,NJ,PJM,Solar Photovoltaic,SUN,PV,1.8,1.8,,,2023,8
57400,"Evergreen Community Power, LLC",58023,Evergreen Community Power,ECP,PA,PJM,Wood/Wood Waste Biomass,WDS,ST,33.0,25.0,,,2018,5
57414,Eli Lilly and Company,58043,Lilly Technical Center,1,IN,MISO,Petroleum Liquids,DFO,IC,1.0,1.0,,,2022,7
57414,Eli Lilly and Company,58043,Lilly Technical Center,2,IN,MISO,Petroleum Liquids,DFO,IC,1.0,1.0,,,2022,7
57414,Eli Lilly and Company,58043,Lilly Technical Center,5,IN,MISO,All Other,PUR,ST,1.0,1.0,,,2018,12
57416,"Acciona Energy USA Global, LLC",58044,"Anchor Wind, LLC",GEN1,IA,MISO,Onshore Wind Turbine,WND,WT,6.0,5.9,,,2025,1
57424,Miller Coors Eden LLC,58050,Miller Coors Eden LLC,TRB1,NC,DUK,Conventional Steam Coal,BIT,ST,5.5,5.0,,,2012,1
57425,Vitro Architectural Glass (PA),58051,Vitro Architectural Glass (PA),L1,PA,PJM,Petroleum Liquids,DFO,IC,2.0,2.0,,,2021,11
57434,T&M Limited Partnership,58055,Windy Ridge Generating Facility,1,IN,MISO,Other Waste Biomass,OBG,IC,0.7,0.6,,,2018,5
57434,T&M Limited Partnership,58055,Windy Ridge Generating Facility,2,IN,MISO,Other Waste Biomass,OBG,IC,0.7,0.6,,,2018,6
63952,"Irwindale Brew Yard, LLC",58056,"Irwindale Brew Yard, LLC",JEN2,CA,CISO,Other Waste Biomass,OBG,IC,0.5,0.6,,,2021,8
63952,"Irwindale Brew Yard, LLC",58056,"Irwindale Brew Yard, LLC",PV,CA,CISO,Solar Photovoltaic,SUN,PV,2.5,0.8,,,2025,4
57438,Paramount Petroleum Corporation,58058,Paramount Refinery,1,CA,CISO,Natural Gas Fired Combustion Turbine,NG,GT,6.7,6.5,,,2022,12
57437,MillerCoors LLC Trenton Brewery,58059,MillerCoors Trenton Brewery,GE,OH,PJM,Conventional Steam Coal,BIT,ST,13.8,8.0,,,2013,10
57437,MillerCoors LLC Trenton Brewery,58059,MillerCoors Trenton Brewery,MURR,OH,PJM,Conventional Steam Coal,BIT,ST,8.0,3.0,,,2013,10
57440,"SABIC IP Mt. Vernon, LLC",58063,SABIC Innovative Plastics Mt. Vernon,1,IN,MISO,Conventional Steam Coal,BIT,ST,5.5,3.0,,,2017,1
57450,"Martin Midstream Partnership,LP",58077,"Cross Oil Refining & Marketing, Inc",CROSS,AR,MISO,Natural Gas Fired Combustion Turbine,NG,GT,3.5,3.5,,,2015,3
57463,Kimberly-Clark Worldwide Inc,58083,Fullerton Mill CHP,GTG1,CA,CISO,Natural Gas Fired Combined Cycle,NG,CT,19.0,12.0,,,2020,2
57463,Kimberly-Clark Worldwide Inc,58083,Fullerton Mill CHP,STG1,CA,CISO,Natural Gas Fired Combined Cycle,NG,CA,2.0,1.0,,,2020,2
57492,Georgia-Pacific Toledo LLC,58109,Georgia-Pacific Toledo Mill,TG1,OR,BPAT,Wood/Wood Waste Biomass,BLQ,ST,18.5,18.4,,,2013,4
57494,TDX North Slope Generating Inc.,58117,TNSG South Plant,12,AK,,Natural Gas Internal Combustion Engine,NG,IC,0.6,0.6,,,2012,1
58082,Prairies Edge Dairy Farms LLC,58129,Prairies Edge Generating Facility,GEN1,IN,MISO,Natural Gas Internal Combustion Engine,NG,IC,1.1,0.8,,,2022,6
58098,New Energy One LLC,58142,Rock Creek Dairy,CHP1,ID,IPCO,Other Waste Biomass,OBG,IC,1.6,1.6,,,2022,9
58098,New Energy One LLC,58142,Rock Creek Dairy,CHP2,ID,IPCO,Other Waste Biomass,OBG,IC,1.6,1.6,,,2022,9
58113,"Texas A&M, Utilities & Energy Services",58151,Central Utility Plant - Texas A&M,STG04,TX,ERCO,Natural Gas Fired Combined Cycle,NG,CA,5.0,5.0,,,2021,4
58110,SUNY Old Westbury College,58156,SUNY Old Westbury College,GE,NY,NYIS,Natural Gas Internal Combustion Engine,NG,IC,1.8,1.8,,,2022,3
58133,Mercy Medical Center,58163,Mercy Medical Center,1,NY,NYIS,Petroleum Liquids,DFO,IC,0.1,0.1,,,2020,9
58133,Mercy Medical Center,58163,Mercy Medical Center,2,NY,NYIS,Petroleum Liquids,DFO,IC,0.4,0.4,,,2015,12
58133,Mercy Medical Center,58163,Mercy Medical Center,3,NY,NYIS,Petroleum Liquids,DFO,IC,0.4,0.4,,,2018,12
58133,Mercy Medical Center,58163,Mercy Medical Center,4,NY,NYIS,Petroleum Liquids,DFO,IC,0.7,0.7,,,2020,10
58133,Mercy Medical Center,58163,Mercy Medical Center,5,NY,NYIS,Petroleum Liquids,DFO,IC,0.3,0.3,,,2020,12
58133,Mercy Medical Center,58163,Mercy Medical Center,6,NY,NYIS,Petroleum Liquids,DFO,IC,0.2,0.2,,,2020,10
58133,Mercy Medical Center,58163,Mercy Medical Center,7,NY,NYIS,Petroleum Liquids,DFO,IC,0.3,0.3,,,2020,7
58105,University of Redlands,58168,Energy Center,EC01,CA,CISO,Natural Gas Internal Combustion Engine,NG,IC,1.5,1.5,,,2019,2
58140,San Bernardino Comm College Dist,58170,Crafton Hills College Solar Farm,GEN1,CA,CISO,Solar Photovoltaic,SUN,PV,1.3,1.3,,,2023,9
58147,Connecticut Valley Hospital,58176,Connecticut Valley Hospital Plant,ST#1,CT,ISNE,Natural Gas Fired Combined Cycle,NG,CA,0.7,0.7,,,2013,3
58147,Connecticut Valley Hospital,58176,Connecticut Valley Hospital Plant,ST#2,CT,ISNE,Natural Gas Fired Combined Cycle,NG,CA,0.5,0.5,,,2013,3
58147,Connecticut Valley Hospital,58176,Connecticut Valley Hospital Plant,ST#3,CT,ISNE,Natural Gas Fired Combined Cycle,NG,CA,0.5,0.5,,,2013,3
58100,Middle Tennessee State University,58179,MTSU Power Co-Gen Plant,SG-01,TN,TVA,Petroleum Liquids,DFO,IC,2.0,2.0,,,2016,11
58100,Middle Tennessee State University,58179,MTSU Power Co-Gen Plant,SG-02,TN,TVA,Petroleum Liquids,DFO,IC,2.0,2.0,,,2016,11
58100,Middle Tennessee State University,58179,MTSU Power Co-Gen Plant,SG-03,TN,TVA,Petroleum Liquids,DFO,IC,2.0,2.0,,,2016,11
58100,Middle Tennessee State University,58179,MTSU Power Co-Gen Plant,SG-04,TN,TVA,Petroleum Liquids,DFO,IC,2.0,2.0,,,2016,11
58100,Middle Tennessee State University,58179,MTSU Power Co-Gen Plant,SG-05,TN,TVA,Petroleum Liquids,DFO,IC,2.0,2.0,,,2016,11
58157,Prairie Horizon Agri Energy LLC,58183,Prairie Horizon Agri Energy,T5687,KS,SWPP,Natural Gas Steam Turbine,NG,ST,1.8,0.9,,,2013,6
58152,Amherst College,58185,Amherst College Co Gen,STG,MA,ISNE,Natural Gas Steam Turbine,NG,ST,0.5,0.5,,,2021,6
58153,US Magnesium,58191,US Magnesium,GT1,UT,PACE,Natural Gas Fired Combustion Turbine,NG,GT,16.0,11.0,,,2025,12
58153,US Magnesium,58191,US Magnesium,GT2,UT,PACE,Natural Gas Fired Combustion Turbine,NG,GT,16.0,11.0,,,2025,12
58153,US Magnesium,58191,US Magnesium,GT3,UT,PACE,Natural Gas Fired Combustion Turbine,NG,GT,16.0,11.0,,,2025,12
58159,Penn State University,58194,West Campus Steam Plant,WC 2,PA,PJM,Conventional Steam Coal,BIT,ST,2.5,0.5,,,2015,3
58159,Penn State University,58194,West Campus Steam Plant,WC 3,PA,PJM,Conventional Steam Coal,BIT,ST,3.5,0.6,,,2015,3
58170,Cargill Salt Hersey,58196,Cargill Salt Hersey,ST1,MI,MISO,Natural Gas Steam Turbine,NG,ST,2.1,2.1,,,2025,5
58173,Almatis Burnside Inc.,58200,Burnside Alumina Plant,GEN1,LA,MISO,Natural Gas Steam Turbine,NG,ST,4.0,4.0,,,2020,8
58173,Almatis Burnside Inc.,58200,Burnside Alumina Plant,GEN2,LA,MISO,Natural Gas Steam Turbine,NG,ST,4.0,4.0,,,2020,8
58173,Almatis Burnside Inc.,58200,Burnside Alumina Plant,GEN3,LA,MISO,Natural Gas Steam Turbine,NG,ST,4.0,4.0,,,2020,8
5416,"Duke Energy Carolinas, LLC",58212,Buzzard Roost GT,10,SC,DUK,Natural Gas Fired Combustion Turbine,NG,GT,17.8,0.0,,,2012,10
5416,"Duke Energy Carolinas, LLC",58212,Buzzard Roost GT,11,SC,DUK,Natural Gas Fired Combustion Turbine,NG,GT,17.8,0.0,,,2012,10
5416,"Duke Energy Carolinas, LLC",58212,Buzzard Roost GT,12,SC,DUK,Natural Gas Fired Combustion Turbine,NG,GT,17.8,0.0,,,2012,10
5416,"Duke Energy Carolinas, LLC",58212,Buzzard Roost GT,13,SC,DUK,Natural Gas Fired Combustion Turbine,NG,GT,17.8,0.0,,,2012,10
5416,"Duke Energy Carolinas, LLC",58212,Buzzard Roost GT,14,SC,DUK,Natural Gas Fired Combustion Turbine,NG,GT,17.8,0.0,,,2012,10
5416,"Duke Energy Carolinas, LLC",58212,Buzzard Roost GT,15,SC,DUK,Natural Gas Fired Combustion Turbine,NG,GT,17.8,0.0,,,2012,10
5416,"Duke Energy Carolinas, LLC",58212,Buzzard Roost GT,6,SC,DUK,Natural Gas Fired Combustion Turbine,NG,GT,22.7,0.0,,,2012,10
5416,"Duke Energy Carolinas, LLC",58212,Buzzard Roost GT,7,SC,DUK,Natural Gas Fired Combustion Turbine,NG,GT,22.7,0.0,,,2012,10
5416,"Duke Energy Carolinas, LLC",58212,Buzzard Roost GT,8,SC,DUK,Natural Gas Fired Combustion Turbine,NG,GT,22.7,0.0,,,2012,10
5416,"Duke Energy Carolinas, LLC",58212,Buzzard Roost GT,9,SC,DUK,Natural Gas Fired Combustion Turbine,NG,GT,22.7,0.0,,,2012,10
58183,J.R. Simplot Company,58216,J.R. Simplot Company,1,CA,CISO,All Other,WH,ST,4.0,3.2,,,2024,1
58186,GL Dairy Biogas LLC,58219,GL Dairy Biogas,1426,WI,MISO,Other Waste Biomass,OBG,IC,1.4,1.4,,,2021,11
58186,GL Dairy Biogas LLC,58219,GL Dairy Biogas,633,WI,MISO,Other Waste Biomass,OBG,IC,0.6,0.6,,,2021,6
58189,"Oak Tree Farm Dairy, Inc.",58221,Oak Tree Farm Dairy Facility,1,NY,NYIS,Petroleum Liquids,DFO,IC,0.4,0.3,,,2013,7
58189,"Oak Tree Farm Dairy, Inc.",58221,Oak Tree Farm Dairy Facility,2,NY,NYIS,Petroleum Liquids,DFO,IC,0.4,0.3,,,2013,7
58189,"Oak Tree Farm Dairy, Inc.",58221,Oak Tree Farm Dairy Facility,3,NY,NYIS,Petroleum Liquids,DFO,IC,0.4,0.3,,,2013,7
58189,"Oak Tree Farm Dairy, Inc.",58221,Oak Tree Farm Dairy Facility,4,NY,NYIS,Petroleum Liquids,DFO,IC,0.4,0.3,,,2013,7
58197,Newberry Solar 1 LLC,58226,Newberry Solar 1 LLC,1,CA,CISO,Solar Photovoltaic,SUN,PV,1.5,1.5,,,2024,2
58202,Energy Alternatives Wholesale LLC,58229,Lake Marion,GEN1,MN,MISO,Petroleum Liquids,DFO,IC,8.8,8.8,,,2018,11
58202,Energy Alternatives Wholesale LLC,58230,Hastings,GEN1,MN,MISO,Petroleum Liquids,DFO,IC,8.8,8.8,,,2018,11
63330,"Televison City Studios, LLC.",58253,CBS Television City,GEN2,CA,LDWP,Other Natural Gas,NG,FC,0.4,0.4,,,2023,9
63330,"Televison City Studios, LLC.",58253,CBS Television City,GEN3,CA,LDWP,Other Natural Gas,NG,FC,0.4,0.4,,,2023,9
63330,"Televison City Studios, LLC.",58253,CBS Television City,GEN4,CA,LDWP,Other Natural Gas,NG,FC,0.4,0.4,,,2023,9
11204,Los Alamos County - (NM),58256,Los Alamos PV Site,2,NM,PNM,Batteries,MWH,BA,1.0,1.0,,,2019,11
11204,Los Alamos County - (NM),58256,Los Alamos PV Site,3,NM,PNM,Batteries,MWH,BA,0.8,0.8,,,2019,11
57369,"Apple, Inc",58264,Apple Data Center - Fuel Cell 1&2,FC1,NC,DUK,Landfill Gas,LFG,FC,5.0,4.8,,,2021,11
57369,"Apple, Inc",58264,Apple Data Center - Fuel Cell 1&2,FC2,NC,DUK,Landfill Gas,LFG,FC,5.5,5.2,,,2021,11
58247,National Centers for Animal Health,58265,NCAH Central Utility Plant,EP-2,IA,MISO,Petroleum Liquids,DFO,IC,0.6,0.6,,,2014,9
58247,National Centers for Animal Health,58265,NCAH Central Utility Plant,EP-6,IA,MISO,Petroleum Liquids,DFO,IC,0.8,0.8,,,2023,8
58247,National Centers for Animal Health,58265,NCAH Central Utility Plant,S-7A,IA,MISO,Natural Gas Fired Combustion Turbine,NG,GT,1.0,1.0,,,2018,1
19541,University of North Carolina,58268,UNC-CH LFG Facility,LFG1,NC,DUK,Landfill Gas,LFG,IC,1.0,1.0,,,2020,7
50158,Innovative Energy Systems Inc,58295,SREC Bath LFGTE,GEN1,NY,NYIS,Landfill Gas,LFG,IC,1.6,1.6,,,2019,4
50158,Innovative Energy Systems Inc,58295,SREC Bath LFGTE,GEN2,NY,NYIS,Landfill Gas,LFG,IC,1.6,1.6,,,2019,4
57128,Bloom Energy,58296,Roll Delano 2,ROL6,CA,CISO,Other Natural Gas,NG,FC,1.6,1.6,,,2023,12
57128,Bloom Energy,58297,Roll Delano,ROL4,CA,CISO,Other Natural Gas,NG,FC,1.2,1.2,,,2023,12
57128,Bloom Energy,58298,Roll Lost Hills,ROL3,CA,CISO,Other Natural Gas,NG,FC,1.1,1.0,,,2023,12
57128,Bloom Energy,58299,Xilinx San Jose,XLX,CA,CISO,Other Natural Gas,NG,FC,1.1,1.0,,,2020,9
57128,Bloom Energy,58300,Honda Torrance,HON,CA,CISO,Other Natural Gas,NG,FC,1.1,1.0,,,2023,3
57128,Bloom Energy,58301,Juniper Networks Sunnyvale,JPR,CA,CISO,Other Natural Gas,NG,FC,1.1,1.0,,,2024,12
58341,McKinley Paper Co. - Washington Mill,58352,McKinley Paper Co. - Washington Mill,G-11,WA,BPAT,Wood/Wood Waste Biomass,WDS,ST,20.0,12.6,,,2017,4
58300,Ameresco Select Inc,58365,CJTS Energy Center,UNIT1,CT,ISNE,Other Natural Gas,NG,FC,0.2,0.2,,,2014,7
58300,Ameresco Select Inc,58365,CJTS Energy Center,UNIT2,CT,ISNE,Other Natural Gas,NG,FC,0.2,0.2,,,2014,7
58300,Ameresco Select Inc,58365,CJTS Energy Center,UNIT3,CT,ISNE,Other Natural Gas,NG,FC,0.2,0.2,,,2014,7
58300,Ameresco Select Inc,58365,CJTS Energy Center,UNIT4,CT,ISNE,Other Natural Gas,NG,FC,0.2,0.2,,,2013,4
58300,Ameresco Select Inc,58365,CJTS Energy Center,UNIT5,CT,ISNE,Other Natural Gas,NG,FC,0.2,0.2,,,2014,7
58300,Ameresco Select Inc,58365,CJTS Energy Center,UNIT6,CT,ISNE,Other Natural Gas,NG,FC,0.2,0.2,,,2013,4
58300,Ameresco Select Inc,58365,CJTS Energy Center,UNIT7,CT,ISNE,Other Natural Gas,NG,FC,0.4,0.4,,,2023,9
66969,"TMF-RIG, LLC",58382,Threemile Digester,GEN1,OR,PACW,Natural Gas Internal Combustion Engine,NG,IC,1.6,1.6,,,2026,3
66969,"TMF-RIG, LLC",58382,Threemile Digester,GEN2,OR,PACW,Natural Gas Internal Combustion Engine,NG,IC,1.6,1.6,,,2026,3
66969,"TMF-RIG, LLC",58382,Threemile Digester,GEN3,OR,PACW,Natural Gas Internal Combustion Engine,NG,IC,1.6,1.6,,,2026,1
58384,Clemson University - Main Campus,58400,Central Energy Facility,GT02,SC,DUK,Natural Gas Fired Combustion Turbine,NG,GT,4.5,2.5,,,2018,7
58418,State Fair Community College,58421,Missouri Center for Waste to Energy,320,MO,SWPP,Landfill Gas,LFG,IC,1.0,1.0,,,2018,11
58418,State Fair Community College,58421,Missouri Center for Waste to Energy,420,MO,SWPP,Landfill Gas,LFG,IC,1.4,1.4,,,2018,11
58416,"California State University, Northridge",58422,CSU Northridge Plant,63,CA,LDWP,Other Natural Gas,NG,FC,0.3,0.3,,,2018,8
58416,"California State University, Northridge",58422,CSU Northridge Plant,64,CA,LDWP,Other Natural Gas,NG,FC,0.3,0.3,,,2018,8
58416,"California State University, Northridge",58422,CSU Northridge Plant,65,CA,LDWP,Other Natural Gas,NG,FC,0.3,0.3,,,2018,8
58416,"California State University, Northridge",58422,CSU Northridge Plant,67,CA,LDWP,Other Natural Gas,NG,FC,0.3,0.3,,,2018,8
58416,"California State University, Northridge",58422,CSU Northridge Plant,CP1,CA,LDWP,Natural Gas Fired Combustion Turbine,NG,GT,0.2,0.2,,,2018,8
58420,Harbor Wind Tenant LLC,58424,Harbor Wind LLC,1,TX,ERCO,Onshore Wind Turbine,WND,WT,9.0,9.0,,,2019,8
59413,Crestmark Bank,58440,CBS Studio Center,9560,CA,LDWP,Other Natural Gas,NG,FC,0.4,0.4,,,2023,9
59413,Crestmark Bank,58440,CBS Studio Center,9580,CA,LDWP,Other Natural Gas,NG,FC,0.4,0.4,,,2023,9
59413,Crestmark Bank,58440,CBS Studio Center,9581,CA,LDWP,Other Natural Gas,NG,FC,0.4,0.4,,,2023,9
59413,Crestmark Bank,58440,CBS Studio Center,9583,CA,LDWP,Other Natural Gas,NG,FC,0.4,0.4,,,2023,9
59413,Crestmark Bank,58440,CBS Studio Center,9585,CA,LDWP,Other Natural Gas,NG,FC,0.4,0.4,,,2023,9
59413,Crestmark Bank,58440,CBS Studio Center,9587,CA,LDWP,Other Natural Gas,NG,FC,0.4,0.4,,,2023,9
58437,ACI Energy Partners LLC,58442,ACI Energy Partners LLC,GEN1,NJ,PJM,Natural Gas Fired Combustion Turbine,NG,GT,7.8,7.2,,,2014,9
57369,"Apple, Inc",58466,Mesa Solar Array,MSA1,AZ,SRP,Solar Photovoltaic,SUN,PV,4.0,4.0,,,2016,3
58462,Battery Utility of Ohio LLC,58475,Battery Utility of Ohio,BOU,OH,PJM,Batteries,MWH,BA,4.0,4.0,,,2023,10
58487,Montefiore Medical Center Moses Division,58507,Montefieor Medical Center Moses Division,EMG05,NY,NYIS,Petroleum Liquids,DFO,IC,0.5,0.5,,,2015,6
58487,Montefiore Medical Center Moses Division,58507,Montefieor Medical Center Moses Division,ES007,NY,NYIS,Natural Gas Fired Combustion Turbine,NG,GT,3.5,3.5,,,2017,6
58494,WSACC,58518,WSACC Power Generation Facility,1,NC,DUK,Other Waste Biomass,SLW,ST,1.9,0.8,,,2016,5
58489,OCI Energy LLC,58537,OCI Alamo Solar I Hybrid,ASTRO,TX,ERCO,Batteries,MWH,BA,1.0,1.0,,,2022,11
62639,"Rosendale Renewable Energy, LLC",58555,Oshkosh Foundation Rosedale Biodigester LLC,95100,WI,MISO,Other Waste Biomass,OBG,IC,1.4,1.4,,,2019,5
58535,Eagle Valley Clean Energy LLC,58574,Eagle Valley Clean Energy LLC Biomass,01,CO,PSCO,Wood/Wood Waste Biomass,WDS,ST,12.6,12.6,,,2024,3
13781,Northern States Power Co - Minnesota,58579,Laverne Battery,1,MN,MISO,Batteries,MWH,BA,1.1,1.0,,,2019,12
58544,Sierra Nevada Brewing Co,58585,Sierra Nevada Brewing Co Hybrid,FCE,CA,CISO,Other Natural Gas,NG,FC,1.0,1.0,,,2015,5
58550,"Indeck Energy-Alexandria, LLC",58595,Indeck Energy-Alexandria,GEN1,NH,ISNE,Wood/Wood Waste Biomass,WDS,ST,16.0,15.2,,,2021,7
58566,Abengoa Bioenergy Biomass of Kansas,58613,Synata Hugoton,STG,KS,SWPP,Natural Gas Steam Turbine,NG,ST,21.9,6.0,,,2019,1
58549,County of Alameda GSA - (CA),58625,Santa Rita Jail Hybrid,SRJBA,CA,CISO,Batteries,MWH,BA,2.0,2.0,,,2023,1
58549,County of Alameda GSA - (CA),58625,Santa Rita Jail Hybrid,SRJFC,CA,CISO,Other Natural Gas,NG,FC,1.0,1.0,,,2013,12
58549,County of Alameda GSA - (CA),58625,Santa Rita Jail Hybrid,SRJPV,CA,CISO,Solar Photovoltaic,SUN,PV,0.8,0.7,,,2014,1
10071,Kauai Island Utility Cooperative,58639,KRS I Anahola Solar Hybrid,B5B6,HI,,Batteries,MWH,BA,6.0,6.0,,,2022,12
10071,Kauai Island Utility Cooperative,58640,KRS II Koloa Solar,BESS3,HI,,Batteries,MWH,BA,1.5,1.5,,,2018,5
58595,INEOS New Planet BioEnergy,58648,Indian River BioEnergy Center,ST803,FL,FPC,Natural Gas Steam Turbine,NG,ST,6.4,6.4,,,2016,10
58605,Holsum Elm Dairy,58663,Holsum Elm Dairy,GEN1,WI,MISO,Other Waste Biomass,OBG,IC,0.6,0.6,,,2019,12
58605,Holsum Elm Dairy,58663,Holsum Elm Dairy,GEN2,WI,MISO,Other Waste Biomass,OBG,IC,0.6,0.6,,,2019,12
61484,"Powergen Development Group, LLC",58815,Hilton NY Co Gen Plant,1,NY,NYIS,Natural Gas Internal Combustion Engine,NG,IC,1.8,1.8,,,2022,7
58700,Port Arthur Steam Energy LP,58823,Port Arthur Steam Energy,STG,TX,MISO,All Other,WH,ST,5.0,5.0,,,2018,6
58702,Fluence,58826,AES ES Tait,TTES,OH,PJM,Batteries,MWH,BA,20.0,20.0,,,2017,12
58793,Missouri University of Science and Technology,58923,Missouri S&T - Power Plant,1000,MO,MISO,Petroleum Liquids,DFO,IC,1.0,1.0,,,2018,12
58793,Missouri University of Science and Technology,58923,Missouri S&T - Power Plant,500K,MO,MISO,Conventional Steam Coal,BIT,ST,0.5,0.2,,,2014,5
58809,Simonds Saw LLC,58945,Simonds,GEN 1,MA,ISNE,Natural Gas Internal Combustion Engine,NG,IC,0.6,0.6,,,2019,12
58809,Simonds Saw LLC,58945,Simonds,GEN 2,MA,ISNE,Natural Gas Internal Combustion Engine,NG,IC,0.6,0.6,,,2019,12
58809,Simonds Saw LLC,58945,Simonds,GEN 3,MA,ISNE,Natural Gas Internal Combustion Engine,NG,IC,0.6,0.6,,,2019,12
61968,5 Research Parkway Wallingford LLC,58948,Bristol Myers Squibb Wallingford,DG12,CT,ISNE,Petroleum Liquids,DFO,IC,0.9,0.8,,,2018,3
61968,5 Research Parkway Wallingford LLC,58948,Bristol Myers Squibb Wallingford,DG3,CT,ISNE,Petroleum Liquids,DFO,IC,2.0,1.8,,,2018,3
61968,5 Research Parkway Wallingford LLC,58948,Bristol Myers Squibb Wallingford,SOL,CT,ISNE,Natural Gas Fired Combustion Turbine,NG,GT,4.8,4.6,,,2018,3
58834,CH4 Power Inc,58967,IDE 1 LLC,UNIT1,ID,IPCO,Other Waste Biomass,OBG,IC,0.8,0.8,,,2015,12
58834,CH4 Power Inc,58967,IDE 1 LLC,UNIT2,ID,IPCO,Other Waste Biomass,OBG,IC,0.8,0.8,,,2015,12
58834,CH4 Power Inc,58967,IDE 1 LLC,UNIT3,ID,IPCO,Other Waste Biomass,OBG,IC,0.8,0.8,,,2015,12
58834,CH4 Power Inc,58968,IDE 2 LLC,UNIT1,ID,IPCO,Other Waste Biomass,OBG,IC,1.5,1.5,,,2015,12
58834,CH4 Power Inc,58968,IDE 2 LLC,UNIT2,ID,IPCO,Other Waste Biomass,OBG,IC,1.5,1.5,,,2015,12
58834,CH4 Power Inc,58968,IDE 2 LLC,UNIT3,ID,IPCO,Other Waste Biomass,OBG,IC,1.5,1.5,,,2015,12
58834,CH4 Power Inc,58969,IDE 3 LLC,UNIT1,ID,IPCO,Other Waste Biomass,OBG,IC,0.8,0.8,,,2015,12
58834,CH4 Power Inc,58969,IDE 3 LLC,UNIT2,ID,IPCO,Other Waste Biomass,OBG,IC,0.8,0.8,,,2015,12
58834,CH4 Power Inc,58970,IDE 4 LLC,UNIT1,ID,IPCO,Other Waste Biomass,OBG,IC,1.1,1.1,,,2015,12
58834,CH4 Power Inc,58970,IDE 4 LLC,UNIT2,ID,IPCO,Other Waste Biomass,OBG,IC,1.1,1.1,,,2015,12
58834,CH4 Power Inc,58970,IDE 4 LLC,UNIT3,ID,IPCO,Other Waste Biomass,OBG,IC,1.1,1.1,,,2015,12
58834,CH4 Power Inc,58971,California Dairy Energy I LLC,UNIT1,CA,CISO,Other Waste Biomass,OBG,IC,1.1,1.1,,,2015,12
58834,CH4 Power Inc,58971,California Dairy Energy I LLC,UNIT2,CA,CISO,Other Waste Biomass,OBG,IC,1.1,1.1,,,2015,12
58834,CH4 Power Inc,58971,California Dairy Energy I LLC,UNIT3,CA,CISO,Other Waste Biomass,OBG,IC,1.1,1.1,,,2015,12
58845,Pine Tree Landfill,58993,Pine Tree Landfill Gas to Energy,3201,ME,ISNE,Landfill Gas,LFG,IC,1.1,0.9,,,2020,3
58845,Pine Tree Landfill,58993,Pine Tree Landfill Gas to Energy,3202,ME,ISNE,Landfill Gas,LFG,IC,1.1,0.9,,,2021,1
58845,Pine Tree Landfill,58993,Pine Tree Landfill Gas to Energy,3203,ME,ISNE,Landfill Gas,LFG,IC,1.1,0.9,,,2021,1
58867,Kingston Wind Independence,59022,Kingston Wind Independence,1,MA,ISNE,Onshore Wind Turbine,WND,WT,2.0,2.0,,,2022,7
58866,Ipswich Wind Independence,59023,Ipswich Wind Independence,GEN 1,MA,ISNE,Onshore Wind Turbine,WND,WT,2.0,2.0,,,2019,12
57130,Janssen Pharmaceutical Co,59055,Rariton OMP,CHP1,NJ,PJM,Natural Gas Internal Combustion Engine,NG,IC,3.0,3.0,,,2024,3
58892,Wooster Renewable Energy LLC,59072,Wooster Renewable Energy,WRE 1,OH,PJM,Other Waste Biomass,OBG,IC,1.0,1.0,,,2021,6
58893,Xeres Ventures LLC,59074,"SC 1 Data Center, Phase 2",EG8A,CA,CISO,Petroleum Liquids,DFO,IC,2.2,2.2,,,2020,4
58929,Cape May County Municipal - (NJ),59116,Woodbine Landfill Plant,V1022,NJ,PJM,Landfill Gas,LFG,IC,1.1,1.0,,,2023,3
58929,Cape May County Municipal - (NJ),59116,Woodbine Landfill Plant,V1023,NJ,PJM,Landfill Gas,LFG,IC,1.1,1.0,,,2022,8
58948,Manatee County Utilities Department,59142,Manatee County LFGTE,IC1,FL,FPL,Landfill Gas,LFG,IC,1.6,1.6,,,2019,11
58969,Harvest Power Orlando LLC,59151,Harvest Power Orlando,CHP 1,FL,FPC,Other Waste Biomass,OBG,IC,1.6,1.6,,,2020,7
58969,Harvest Power Orlando LLC,59151,Harvest Power Orlando,CHP 2,FL,FPC,Other Waste Biomass,OBG,IC,1.6,1.6,,,2020,7
14328,Pacific Gas & Electric Co.,59256,Vaca Dixon Battery Storage System,BAT1,CA,CISO,Batteries,MWH,BA,2.0,2.0,,,2021,7
14328,Pacific Gas & Electric Co.,59257,Yerba Buena,YB1,CA,CISO,Batteries,MWH,BA,4.0,4.0,,,2021,7
59093,"Hidden View Dairy, LLC",59260,"Hidden View Dairy, LLC",HV1,IN,MISO,Other Waste Biomass,OBG,IC,0.9,0.7,,,2019,6
59093,"Hidden View Dairy, LLC",59260,"Hidden View Dairy, LLC",HV2,IN,MISO,Other Waste Biomass,OBG,IC,0.4,0.3,,,2016,5
59093,"Hidden View Dairy, LLC",59260,"Hidden View Dairy, LLC",HV2-2,IN,MISO,Other Waste Biomass,OBG,IC,0.8,0.7,,,2021,6
57128,Bloom Energy,59261,Verizon-Torrance,VZ300,CA,LDWP,Other Natural Gas,NG,FC,1.0,1.0,,,2023,12
57128,Bloom Energy,59281,eBay - South Jordan,EBY00,UT,PACE,Other Natural Gas,NG,FC,6.0,6.0,,,2020,7
57128,Bloom Energy,59281,eBay - South Jordan,EBY03,UT,PACE,Other Natural Gas,NG,FC,3.8,3.8,,,2020,7
57128,Bloom Energy,59282,Green Machine,BBX00,MD,PJM,Other Natural Gas,NG,FC,1.7,1.6,,,2016,9
59148,BP Helios Plaza,59378,Helios Plaza CHP Plant,GEN1,TX,ERCO,Natural Gas Fired Combustion Turbine,NG,GT,4.6,4.3,,,2017,11
59173,City of Tulare Water Pollution Control - (CA),59395,City of Tulare Water Facility,C2550,CA,CISO,Other Waste Biomass,OBG,IC,0.5,0.4,,,2018,12
59173,City of Tulare Water Pollution Control - (CA),59395,City of Tulare Water Facility,DFC30,CA,CISO,Other Waste Biomass,OBG,FC,1.4,1.1,,,2017,8
59173,City of Tulare Water Pollution Control - (CA),59395,City of Tulare Water Facility,PV302,CA,CISO,Solar Photovoltaic,SUN,PV,0.1,0.1,,,2016,12
13559,North American Natural Res,59436,Lennon Generating,3,MI,MISO,Landfill Gas,LFG,IC,0.8,0.8,,,2017,8
13559,North American Natural Res,59436,Lennon Generating,4,MI,MISO,Landfill Gas,LFG,IC,0.8,0.8,,,2017,8
13559,North American Natural Res,59436,Lennon Generating,5,MI,MISO,Landfill Gas,LFG,IC,0.8,0.8,,,2017,8
13559,North American Natural Res,59436,Lennon Generating,6,MI,MISO,Landfill Gas,LFG,IC,0.8,0.8,,,2017,8
59213,Maas Energy Works,59447,Pacific Rim Dairy Digester,00001,CA,CISO,Other Waste Biomass,OBG,IC,1.0,1.0,,,2018,7
59218,East. Michigan Univ. Heating Plant,59452,East. Michigan Univ. Heating Plant,COGEN,MI,MISO,Natural Gas Fired Combustion Turbine,NG,GT,3.5,4.1,,,2016,4
59219,Albany Medical Center,59453,Albany Medical Ctr Cogen Plant,GTG1,NY,NYIS,Natural Gas Fired Combustion Turbine,NG,GT,4.6,4.0,,,2020,6
59219,Albany Medical Center,59453,Albany Medical Ctr Cogen Plant,GTG1A,NY,NYIS,Natural Gas Fired Combustion Turbine,NG,GT,4.3,4.0,,,2024,10
59222,Qualcomm Incorporated,59456,P Plant,P-TG4,CA,CISO,Natural Gas Fired Combustion Turbine,NG,GT,4.6,4.0,,,2024,7
59222,Qualcomm Incorporated,59456,P Plant,P-TG5,CA,CISO,Natural Gas Fired Combustion Turbine,NG,GT,4.6,4.0,,,2023,11
59222,Qualcomm Incorporated,59457,Q Plant,Q-TG1,CA,CISO,Natural Gas Fired Combustion Turbine,NG,GT,4.6,4.0,,,2023,4
59878,Clean Fuel Partners Dane,59559,Clean Fuel Dane Community Digester,GEN#1,WI,MISO,Other Waste Biomass,OBG,IC,1.0,1.0,,,2020,5
59878,Clean Fuel Partners Dane,59559,Clean Fuel Dane Community Digester,GEN#2,WI,MISO,Other Waste Biomass,OBG,IC,1.0,1.0,,,2020,5
17609,Southern California Edison Co,59661,Tehachapi Energy Storage Project,TSP1,CA,CISO,Batteries,MWH,BA,8.0,8.0,,,2022,12
63438,Foxconn,59683,Foxconn Ohio,12345,OH,PJM,Solar Photovoltaic,SUN,PV,2.2,1.7,,,2025,11
59452,"Ingenco Renewable Development, LLC",59688,Wake County LFG Facility,E1,NC,CPLE,Landfill Gas,LFG,IC,0.3,0.3,,,2024,1
59452,"Ingenco Renewable Development, LLC",59688,Wake County LFG Facility,E10,NC,CPLE,Landfill Gas,LFG,IC,0.3,0.3,,,2024,1
59452,"Ingenco Renewable Development, LLC",59688,Wake County LFG Facility,E11,NC,CPLE,Landfill Gas,LFG,IC,0.3,0.3,,,2024,1
59452,"Ingenco Renewable Development, LLC",59688,Wake County LFG Facility,E12,NC,CPLE,Landfill Gas,LFG,IC,0.3,0.3,,,2024,1
59452,"Ingenco Renewable Development, LLC",59688,Wake County LFG Facility,E13,NC,CPLE,Landfill Gas,LFG,IC,0.3,0.3,,,2024,1
59452,"Ingenco Renewable Development, LLC",59688,Wake County LFG Facility,E14,NC,CPLE,Landfill Gas,LFG,IC,0.3,0.3,,,2024,1
59452,"Ingenco Renewable Development, LLC",59688,Wake County LFG Facility,E15,NC,CPLE,Landfill Gas,LFG,IC,0.3,0.3,,,2024,1
59452,"Ingenco Renewable Development, LLC",59688,Wake County LFG Facility,E16,NC,CPLE,Landfill Gas,LFG,IC,0.3,0.3,,,2024,1
59452,"Ingenco Renewable Development, LLC",59688,Wake County LFG Facility,E17,NC,CPLE,Landfill Gas,LFG,IC,0.3,0.3,,,2024,1
59452,"Ingenco Renewable Development, LLC",59688,Wake County LFG Facility,E18,NC,CPLE,Landfill Gas,LFG,IC,0.3,0.3,,,2024,1
59452,"Ingenco Renewable Development, LLC",59688,Wake County LFG Facility,E19,NC,CPLE,Landfill Gas,LFG,IC,0.3,0.3,,,2024,1
59452,"Ingenco Renewable Development, LLC",59688,Wake County LFG Facility,E2,NC,CPLE,Landfill Gas,LFG,IC,0.3,0.3,,,2024,1
59452,"Ingenco Renewable Development, LLC",59688,Wake County LFG Facility,E20,NC,CPLE,Landfill Gas,LFG,IC,0.3,0.3,,,2024,1
59452,"Ingenco Renewable Development, LLC",59688,Wake County LFG Facility,E21,NC,CPLE,Landfill Gas,LFG,IC,0.3,0.3,,,2024,1
59452,"Ingenco Renewable Development, LLC",59688,Wake County LFG Facility,E22,NC,CPLE,Landfill Gas,LFG,IC,0.3,0.3,,,2024,1
59452,"Ingenco Renewable Development, LLC",59688,Wake County LFG Facility,E23,NC,CPLE,Landfill Gas,LFG,IC,0.3,0.3,,,2024,1
59452,"Ingenco Renewable Development, LLC",59688,Wake County LFG Facility,E24,NC,CPLE,Landfill Gas,LFG,IC,0.3,0.3,,,2024,1
59452,"Ingenco Renewable Development, LLC",59688,Wake County LFG Facility,E25,NC,CPLE,Landfill Gas,LFG,IC,0.3,0.3,,,2024,1
59452,"Ingenco Renewable Development, LLC",59688,Wake County LFG Facility,E26,NC,CPLE,Landfill Gas,LFG,IC,0.3,0.3,,,2024,1
59452,"Ingenco Renewable Development, LLC",59688,Wake County LFG Facility,E27,NC,CPLE,Landfill Gas,LFG,IC,0.3,0.3,,,2024,1
59452,"Ingenco Renewable Development, LLC",59688,Wake County LFG Facility,E28,NC,CPLE,Landfill Gas,LFG,IC,0.3,0.3,,,2024,1
59452,"Ingenco Renewable Development, LLC",59688,Wake County LFG Facility,E29,NC,CPLE,Landfill Gas,LFG,IC,0.3,0.3,,,2024,1
59452,"Ingenco Renewable Development, LLC",59688,Wake County LFG Facility,E3,NC,CPLE,Landfill Gas,LFG,IC,0.3,0.3,,,2024,1
59452,"Ingenco Renewable Development, LLC",59688,Wake County LFG Facility,E30,NC,CPLE,Landfill Gas,LFG,IC,0.3,0.3,,,2024,1
59452,"Ingenco Renewable Development, LLC",59688,Wake County LFG Facility,E4,NC,CPLE,Landfill Gas,LFG,IC,0.3,0.3,,,2024,1
59452,"Ingenco Renewable Development, LLC",59688,Wake County LFG Facility,E5,NC,CPLE,Landfill Gas,LFG,IC,0.3,0.3,,,2024,1
59452,"Ingenco Renewable Development, LLC",59688,Wake County LFG Facility,E6,NC,CPLE,Landfill Gas,LFG,IC,0.3,0.3,,,2024,1
59452,"Ingenco Renewable Development, LLC",59688,Wake County LFG Facility,E7,NC,CPLE,Landfill Gas,LFG,IC,0.3,0.3,,,2024,1
59452,"Ingenco Renewable Development, LLC",59688,Wake County LFG Facility,E8,NC,CPLE,Landfill Gas,LFG,IC,0.3,0.3,,,2024,1
59452,"Ingenco Renewable Development, LLC",59688,Wake County LFG Facility,E9,NC,CPLE,Landfill Gas,LFG,IC,0.3,0.3,,,2024,1
59484,Framingham State University,59717,Framingham State University Plant,MSC,MA,ISNE,Natural Gas Internal Combustion Engine,NG,IC,0.1,0.3,,,2015,12
59484,Framingham State University,59717,Framingham State University Plant,TOW1,MA,ISNE,Petroleum Liquids,DFO,IC,0.2,0.2,,,2023,6
59504,Kirkwood Community College,59735,Kirkwood Wind Turbine,KCC01,IA,MISO,Onshore Wind Turbine,WND,WT,2.5,0.7,,,2025,6
59526,State Correctnl Inst Laurel Highlands,59759,Glades Pike Generation Plant,CAT1,PA,PJM,Landfill Gas,LFG,IC,1.6,1.6,,,2026,5
59526,State Correctnl Inst Laurel Highlands,59759,Glades Pike Generation Plant,CAT2,PA,PJM,Landfill Gas,LFG,IC,1.6,1.6,,,2026,5
59526,State Correctnl Inst Laurel Highlands,59759,Glades Pike Generation Plant,SOLAR,PA,PJM,Landfill Gas,LFG,GT,3.3,2.3,,,2021,1
9267,"Hoosier Energy R E C, Inc",59792,Orchard Hills Renewable Energy Station,1,IL,PJM,Landfill Gas,LFG,IC,2.7,2.2,,,2022,3
9267,"Hoosier Energy R E C, Inc",59792,Orchard Hills Renewable Energy Station,2,IL,PJM,Landfill Gas,LFG,IC,2.7,2.2,,,2022,3
9267,"Hoosier Energy R E C, Inc",59792,Orchard Hills Renewable Energy Station,3,IL,PJM,Landfill Gas,LFG,IC,2.7,2.2,,,2022,3
9267,"Hoosier Energy R E C, Inc",59792,Orchard Hills Renewable Energy Station,4,IL,PJM,Landfill Gas,LFG,IC,2.7,2.2,,,2022,3
9267,"Hoosier Energy R E C, Inc",59792,Orchard Hills Renewable Energy Station,5,IL,PJM,Landfill Gas,LFG,IC,2.7,2.2,,,2022,3
9267,"Hoosier Energy R E C, Inc",59792,Orchard Hills Renewable Energy Station,6,IL,PJM,Landfill Gas,LFG,IC,2.7,2.2,,,2022,3
57128,Bloom Energy,59800,Amazon San Bernardino,AMZ00,CA,CISO,Other Natural Gas,NG,FC,1.1,1.0,,,2023,9
57128,Bloom Energy,59801,IBM Southbury,IBM00,CT,ISNE,Other Natural Gas,NG,FC,1.1,1.0,,,2023,12
57128,Bloom Energy,59804,Starbucks - Evolution Fresh,SBK00,CA,CISO,Other Natural Gas,NG,FC,1.1,1.0,,,2024,6
57128,Bloom Energy,59805,Yahoo! - HQ,YAH00,CA,CISO,Other Natural Gas,NG,FC,1.1,1.0,,,2024,7
59591,Town of Munster,59808,Munster Landfill Gas-to-Energy,GEN1,IN,MISO,Landfill Gas,LFG,IC,1.1,1.1,,,2024,12
58303,Energy Systems Group LLC,59809,Mountain Home Energy Center,GEN1,TN,TVA,Natural Gas Internal Combustion Engine,NG,IC,3.2,3.2,,,2022,5
59606,Westminster Place,59830,Westminster Place,GEN1,IL,PJM,Natural Gas Fired Combustion Turbine,NG,GT,2.4,2.4,,,2014,1
56975,"Luminace Solar Maryland, LLC",59841,General Motors Corp at White Marsh MD,PV1,MD,PJM,Solar Photovoltaic,SUN,PV,1.0,1.0,,,2021,5
59667,NAVFAC Midlant PWD Great Lakes,59884,Great Lakes Central Power Plant,GTG-1,IL,PJM,Natural Gas Fired Combustion Turbine,NG,GT,5.5,4.5,,,2015,9
59667,NAVFAC Midlant PWD Great Lakes,59884,Great Lakes Central Power Plant,GTG-2,IL,PJM,Natural Gas Fired Combustion Turbine,NG,GT,5.5,4.5,,,2015,9
59667,NAVFAC Midlant PWD Great Lakes,59884,Great Lakes Central Power Plant,STG-1,IL,PJM,Natural Gas Steam Turbine,NG,ST,1.5,0.5,,,2015,9
59667,NAVFAC Midlant PWD Great Lakes,59884,Great Lakes Central Power Plant,STG-2,IL,PJM,Natural Gas Steam Turbine,NG,ST,1.5,0.5,,,2015,9
59685,JPMorgan Chase Bank,59922,South Campus Solar,SG333,DE,PJM,Solar Photovoltaic,SUN,PV,0.3,0.3,,,2018,4
59685,JPMorgan Chase Bank,59922,South Campus Solar,SG500,DE,PJM,Solar Photovoltaic,SUN,PV,0.5,0.5,,,2018,4
59688,"FCPC Renewable Generation, LLC",59931,FCPC Renewable Generation,GEN1,WI,MISO,Other Waste Biomass,OBG,IC,1.1,1.0,,,2021,12
59688,"FCPC Renewable Generation, LLC",59931,FCPC Renewable Generation,GEN2,WI,MISO,Other Waste Biomass,OBG,IC,1.1,1.0,,,2021,12
59712,AES Tait LLC,59949,AES Warrior Run Energy Storage Project,BESS1,MD,PJM,Batteries,MWH,BA,11.0,5.0,,,2024,10
59718,West Chicago Battery Storage LLC,59959,Elwood Energy Storage Center,WCBS,IL,PJM,Batteries,MWH,BA,19.8,19.8,,,2022,7
59717,Joliet Battery Storage LLC,59960,Jake Energy Storage Center,JBS,IL,PJM,Batteries,MWH,BA,19.8,19.8,,,2022,7
3046,Duke Energy Progress - (NC),59966,Camp Lejeune Solar and Energy Storage,ES1,NC,DUK,Batteries,MWH,BA,11.0,11.0,,,2023,12
733,Appalachian Power Co,59995,AEP Milton NaS,1,WV,PJM,Batteries,MWH,BA,2.0,2.0,,,2021,4
17470,PUD No 1 of Snohomish County - (WA),60016,MESA 1,A,WA,BPAT,Batteries,MWH,BA,1.0,1.0,,,2025,8
17470,PUD No 1 of Snohomish County - (WA),60016,MESA 1,B,WA,BPAT,Batteries,MWH,BA,1.0,1.0,,,2025,8
17470,PUD No 1 of Snohomish County - (WA),60021,MESA 2,MESA2,WA,BPAT,Batteries,MWH,BA,2.4,2.2,,,2020,12
59849,Dinuba Energy,60100,Dinuba Energy,G-1,CA,CISO,Wood/Wood Waste Biomass,WDS,ST,11.5,11.5,,,2024,7
59892,"UCI Fuel Cell, LLC",60120,UCI Fuel Cell,MB-16,CA,CISO,Other Natural Gas,NG,FC,1.4,1.4,,,2022,8
63754,Innolith Snook LLC,60213,NA 1(Hagerstown),MPSHG,MD,PJM,Batteries,MWH,BA,2.0,2.0,,,2020,2
59452,"Ingenco Renewable Development, LLC",60222,Bristol Plant,A1,VA,TVA,Landfill Gas,LFG,IC,0.3,0.3,,,2024,6
59452,"Ingenco Renewable Development, LLC",60222,Bristol Plant,A2,VA,TVA,Landfill Gas,LFG,IC,0.3,0.3,,,2024,6
59452,"Ingenco Renewable Development, LLC",60222,Bristol Plant,A3,VA,TVA,Landfill Gas,LFG,IC,0.3,0.3,,,2024,6
59452,"Ingenco Renewable Development, LLC",60222,Bristol Plant,A4,VA,TVA,Landfill Gas,LFG,IC,0.3,0.3,,,2024,6
59452,"Ingenco Renewable Development, LLC",60222,Bristol Plant,A5,VA,TVA,Landfill Gas,LFG,IC,0.3,0.3,,,2024,6
59452,"Ingenco Renewable Development, LLC",60222,Bristol Plant,A6,VA,TVA,Landfill Gas,LFG,IC,0.3,0.3,,,2024,6
59452,"Ingenco Renewable Development, LLC",60222,Bristol Plant,B1,VA,TVA,Landfill Gas,LFG,IC,0.3,0.3,,,2019,6
59452,"Ingenco Renewable Development, LLC",60222,Bristol Plant,B2,VA,TVA,Landfill Gas,LFG,IC,0.3,0.3,,,2019,6
59452,"Ingenco Renewable Development, LLC",60222,Bristol Plant,B3,VA,TVA,Landfill Gas,LFG,IC,0.3,0.3,,,2019,6
59452,"Ingenco Renewable Development, LLC",60222,Bristol Plant,B4,VA,TVA,Landfill Gas,LFG,IC,0.3,0.3,,,2019,6
59452,"Ingenco Renewable Development, LLC",60222,Bristol Plant,B5,VA,TVA,Landfill Gas,LFG,IC,0.3,0.3,,,2019,6
59452,"Ingenco Renewable Development, LLC",60222,Bristol Plant,B6,VA,TVA,Landfill Gas,LFG,IC,0.3,0.3,,,2019,6
59452,"Ingenco Renewable Development, LLC",60222,Bristol Plant,C1,VA,TVA,Landfill Gas,LFG,IC,0.3,0.3,,,2024,6
59452,"Ingenco Renewable Development, LLC",60222,Bristol Plant,C2,VA,TVA,Landfill Gas,LFG,IC,0.3,0.3,,,2024,6
59452,"Ingenco Renewable Development, LLC",60222,Bristol Plant,C3,VA,TVA,Landfill Gas,LFG,IC,0.3,0.3,,,2024,6
59452,"Ingenco Renewable Development, LLC",60222,Bristol Plant,C4,VA,TVA,Landfill Gas,LFG,IC,0.3,0.3,,,2024,6
59452,"Ingenco Renewable Development, LLC",60222,Bristol Plant,C5,VA,TVA,Landfill Gas,LFG,IC,0.3,0.3,,,2024,6
59452,"Ingenco Renewable Development, LLC",60222,Bristol Plant,C6,VA,TVA,Landfill Gas,LFG,IC,0.3,0.3,,,2024,6
221,"Alaska Village Elec Coop, Inc",60243,Ambler,1,AK,,Petroleum Liquids,DFO,IC,0.4,0.4,,,2020,8
221,"Alaska Village Elec Coop, Inc",60245,New Stuyahok,2,AK,,Petroleum Liquids,DFO,IC,0.5,0.5,,,2023,12
221,"Alaska Village Elec Coop, Inc",60245,New Stuyahok,3,AK,,Petroleum Liquids,DFO,IC,0.5,0.5,,,2020,12
221,"Alaska Village Elec Coop, Inc",60260,Brevig Mission,3,AK,NA,Petroleum Liquids,DFO,IC,0.5,0.5,,,2018,1
60094,"Clinton Battery Utility, LLC",60297,Clinton Battery,1,OH,PJM,Batteries,MWH,BA,10.0,5.0,,,2026,2
61279,"HH Management, LLC",60321,Windpark Unlimited 2,EXIS2,CA,CISO,Onshore Wind Turbine,WND,WT,16.1,16.1,,,2019,11
60146,Ameresco Federal Solutions,60349,"Hill AFB LFG Facility, Bldg #737",LFGG1,UT,PACE,Landfill Gas,LFG,IC,0.6,0.6,,,2025,1
60146,Ameresco Federal Solutions,60349,"Hill AFB LFG Facility, Bldg #737",LFGG2,UT,PACE,Landfill Gas,LFG,IC,0.7,0.7,,,2025,1
60146,Ameresco Federal Solutions,60349,"Hill AFB LFG Facility, Bldg #737",LFGG3,UT,PACE,Landfill Gas,LFG,IC,1.0,0.9,,,2025,1
15248,Portland General Electric Co,60441,Salem Smart Power Center,SSPC,OR,PGE,Batteries,MWH,BA,5.0,5.0,,,2024,7
60262,Electrical Power worX Corp,60479,LIRR Malverne Wayside Energy Storage Sys,BA1,NY,NYIS,Batteries,MWH,BA,1.0,1.0,,,2015,6
60262,Electrical Power worX Corp,60479,LIRR Malverne Wayside Energy Storage Sys,BA2,NY,NYIS,Batteries,MWH,BA,1.0,1.0,,,2015,6
60268,"Hartz Solar, LLC",60499,Jefferson Avenue,1,NJ,PJM,Solar Photovoltaic,SUN,PV,1.7,1.7,,,2022,6
50174,Electric Transmission Texas LLC,60506,ETT Presidio NaS Battery,BOB,TX,ERCO,Batteries,MWH,BA,4.0,4.0,,,2023,3
7140,Georgia Power Co,60561,Cedartown Battery Energy Storage Project,1,GA,SOCO,Batteries,MWH,BA,1.0,1.0,,,2022,9
60336,SDGE Batteries,60566,Pala Energy Storage Yard,SES1,CA,CISO,Batteries,MWH,BA,0.5,0.5,,,2021,12
9324,Indiana Michigan Power Co,60617,AEP Churubusco NaS,1,IN,PJM,Batteries,MWH,BA,2.0,2.0,,,2021,2
14006,Ohio Power Co,60618,AEP Bluffton NaS,1,OH,PJM,Batteries,MWH,BA,2.0,2.0,,,2021,2
60394,"Willey Battery Utility, LLC",60660,Willey Battery Utility,WBU,OH,PJM,Batteries,MWH,BA,6.0,6.0,,,2025,9
20169,Avista Corp,60675,Turner Energy Storage Project,TES,WA,AVA,Batteries,MWH,BA,1.2,1.2,,,2018,9
59370,"ENERGYneering Solutions, Inc",60696,Nodal Power,1,NM,EPE,Landfill Gas,LFG,IC,1.6,1.6,,,2025,2
59370,"ENERGYneering Solutions, Inc",60696,Nodal Power,2,NM,EPE,Landfill Gas,LFG,IC,1.6,1.6,,,2025,2
17609,Southern California Edison Co,60699,DESI-1 Battery Energy Storage Facility,DESI1,CA,CISO,Batteries,MWH,BA,2.4,2.4,,,2024,4
61944,MN8 Energy LLC,60709,IFF Hazlet,ROOF,NJ,PJM,Solar Photovoltaic,SUN,PV,0.6,0.6,,,2015,5
61198,esVolta LP,60760,PPA Grand,PE101,CA,CISO,Batteries,MWH,BA,2.0,2.0,,,2025,9
60960,Deutsche Bank,60803,Deutsche Bank- Piscataway Solar,DBPIS,NJ,PJM,Solar Photovoltaic,SUN,PV,1.0,1.0,,,2022,5
60961,"Gemini Technologies Services, Inc.",60804,"Gemini Technologies Services, Inc. Solar",DBGAT,NJ,PJM,Solar Photovoltaic,SUN,PV,1.3,1.2,,,2022,11
58702,Fluence,60811,AES ADA Energy Storage Array,ADA,PA,PJM,Batteries,MWH,BA,2.0,2.0,,,2018,8
60658,Pacific Ethanol Stockton,61027,Pacific Ethanol Stockton Cogen Plant,PESCT,CA,CISO,Natural Gas Fired Combustion Turbine,NG,GT,4.8,3.6,,,2019,7
17043,City of Shelby - (OH),61076,City of Shelby Electric Distribution,PSG1,OH,PJM,Petroleum Liquids,DFO,IC,1.8,1.8,,,2019,4
60777,Mill Solar 1 LLC,61160,MILL SOLAR 1,MILL1,NC,DUK,Solar Photovoltaic,SUN,PV,1.4,1.4,,,2023,5
60752,RB Manufacturing LLC,61162,RB Manufacturing LLC Belle Mead NJ,RBBM,NJ,PJM,Solar Photovoltaic,SUN,PV,1.5,1.4,,,2020,8
9778,Johnson County Rural E M C,61266,Orme Park Water Treatment Plant,ORME,IN,MISO,Petroleum Liquids,DFO,IC,1.5,1.5,,,2018,8
60995,Tarrant Regional Water District,61355,Arlington Outlet Hydroelectric Generator,HY1,TX,ERCO,Conventional Hydroelectric,WAT,HY,1.3,1.3,,,2025,7
54888,NRG Texas Power LLC,61362,NRG Elbow Creek Energy Storage Project,ECBS,TX,ERCO,Batteries,MWH,BA,2.0,2.0,,,2024,11
61013,Northern Westchester Hospital,61378,Northern Westchester Hospital,4,NY,NYIS,Petroleum Liquids,DFO,IC,0.8,0.8,,,2023,2
61013,Northern Westchester Hospital,61378,Northern Westchester Hospital,5,NY,NYIS,Petroleum Liquids,DFO,IC,0.8,0.8,,,2023,2
61049,NYC-HH Coney Island Hospital,61413,NYC-HH - CONEY ISLAND HOSPITAL,GEN4,NY,NYIS,Petroleum Liquids,DFO,IC,0.3,0.3,,,2023,6
61053,Mount Sinai Hospital,61416,The Mount Sinai Hospital,GP9,NY,NYIS,Petroleum Liquids,DFO,IC,0.9,0.9,,,2021,5
15466,Public Service Co of Colorado,61439,Panasonic Carport Solar Hybrid,PANBS,CO,PSCO,Batteries,MWH,BA,1.0,1.0,,,2022,9
61099,First Citizens Bank,61491,First Citizens Bank,FCB,NC,CPLE,Solar Photovoltaic,SUN,PV,1.5,1.5,,,2018,11
61100,E-Volve Energy Holdings LLC,61493,E-Volve Energy Holdings LLC,SEALY,TX,ERCO,Solar Photovoltaic,SUN,PV,1.2,1.2,,,2025,12
61165,Mount Sinai Beth Israel,61569,Mount Sinai Beth Israel,EGEN2,NY,NYIS,Petroleum Liquids,DFO,IC,0.3,0.3,,,2014,1
61165,Mount Sinai Beth Israel,61569,Mount Sinai Beth Israel,EGEN3,NY,NYIS,Petroleum Liquids,DFO,IC,1.0,1.0,,,2019,8
61165,Mount Sinai Beth Israel,61569,Mount Sinai Beth Israel,EGEN6,NY,NYIS,Petroleum Liquids,DFO,IC,0.3,0.3,,,2020,1
61237,"Golden Renewable Energy, LLC",61632,"Golden Renewable Energy, LLC",GREMC,IA,MISO,Natural Gas Fired Combustion Turbine,NG,GT,4.3,4.3,,,2018,8
13478,"Entergy New Orleans, LLC",61647,ENO Paterson Solar,NOSPB,LA,MISO,Batteries,MWH,BA,0.5,0.5,,,2023,12
61266,"Fiber Recovery, Inc",61652,"Fiber Recovery, Inc.",ENG1,WI,MISO,Landfill Gas,LFG,IC,0.8,0.8,,,2024,11
61266,"Fiber Recovery, Inc",61652,"Fiber Recovery, Inc.",ENG2,WI,MISO,Landfill Gas,LFG,IC,0.8,0.8,,,2024,11
61266,"Fiber Recovery, Inc",61652,"Fiber Recovery, Inc.",ENG3,WI,MISO,Landfill Gas,LFG,IC,0.8,0.8,,,2024,11
17833,City Utilities of Springfield - (MO),61679,Cox Battery Energy Storage,1,MO,SWPP,Batteries,MWH,BA,1.2,1.2,,,2023,12
219,Alaska Power and Telephone Co,61685,Slana Generating Station,2,AK,NA,Petroleum Liquids,DFO,IC,0.4,0.4,,,2024,2
219,Alaska Power and Telephone Co,61685,Slana Generating Station,3,AK,NA,Petroleum Liquids,DFO,IC,0.4,0.4,,,2021,1
57249,"NextEra Renewable Fuels, LLC",61777,Brevard,ENG4,FL,FPL,Landfill Gas,LFG,IC,1.6,1.6,,,2019,7
57249,"NextEra Renewable Fuels, LLC",61777,Brevard,ENG5,FL,FPL,Landfill Gas,LFG,IC,1.6,1.6,,,2020,5
61402,Hernando Energy,61779,Hernando,ENG1,FL,SEC,Landfill Gas,LFG,IC,1.6,1.6,,,2025,10
57249,"NextEra Renewable Fuels, LLC",61780,Seminole Energy,ENG4,FL,FPL,Landfill Gas,LFG,IC,1.6,1.6,,,2019,12
61204,"Today's Power, Inc.",61839,FECC Solar Benton,FECC1,AR,MISO,Solar Photovoltaic,SUN,PV,1.0,1.0,,,2024,9
61470,"PYCO Industries, Inc.",61848,"PYCO Industries, Inc. Wind Farm",WT1,TX,ERCO,Onshore Wind Turbine,WND,WT,10.0,3.0,,,2023,12
19547,Hawaiian Electric Co Inc,61851,Campbell Industrial Park BESS,CIPB1,HI,HECO,Batteries,MWH,BA,1.0,1.0,,,2020,2
803,Arizona Public Service Co,61913,Punkin Center Battery Storage,B1,AZ,AZPS,Batteries,MWH,BA,2.0,2.0,,,2019,4
61584,Brooklyn Hospital Center,62002,Brooklyn Hospital Center,SR4,NY,NYIS,Petroleum Liquids,DFO,IC,0.5,0.6,,,2022,9
61595,Holsum Irish Dairy,62019,Holsum Irish Dairy,GEN 1,WI,MISO,Other Waste Biomass,OBG,IC,0.5,0.5,,,2020,1
61595,Holsum Irish Dairy,62019,Holsum Irish Dairy,GEN 2,WI,MISO,Other Waste Biomass,OBG,IC,0.5,0.5,,,2020,1
61618,Kingsbrook Jewish Medical Center,62050,Kingsbrook Jewish Medical Center,115WA,NY,NYIS,Petroleum Liquids,DFO,IC,0.1,0.1,,,2019,8
61619,St Johns Riverside Hospital,62051,St Johns Riverside Hospital,EG200,NY,NYIS,Petroleum Liquids,DFO,IC,0.2,0.2,,,2021,5
61619,St Johns Riverside Hospital,62051,St Johns Riverside Hospital,EG300,NY,NYIS,Petroleum Liquids,DFO,IC,0.3,0.3,,,2021,5
61619,St Johns Riverside Hospital,62051,St Johns Riverside Hospital,EG400,NY,NYIS,Petroleum Liquids,DFO,IC,0.4,0.4,,,2021,5
61802,Westchester County Medical Center - (NY),62270,Westchester County Medical Center,CAT04,NY,NYIS,Petroleum Liquids,DFO,IC,0.7,0.7,,,2025,3
61802,Westchester County Medical Center - (NY),62270,Westchester County Medical Center,CATN1,NY,NYIS,Petroleum Liquids,DFO,IC,0.7,0.7,,,2025,3
61802,Westchester County Medical Center - (NY),62270,Westchester County Medical Center,CATN2,NY,NYIS,Petroleum Liquids,DFO,IC,0.7,0.7,,,2025,3
61802,Westchester County Medical Center - (NY),62270,Westchester County Medical Center,CATN3,NY,NYIS,Petroleum Liquids,DFO,IC,0.7,0.7,,,2025,3
61802,Westchester County Medical Center - (NY),62270,Westchester County Medical Center,CATR4,NY,NYIS,Petroleum Liquids,DFO,IC,0.3,0.3,,,2020,12
61802,Westchester County Medical Center - (NY),62270,Westchester County Medical Center,DT250,NY,NYIS,Petroleum Liquids,DFO,IC,0.3,0.3,,,2020,1
61936,Albert Einstein College of Medicine,62398,Albert Einstein College of Medicine,CM111,NY,NYIS,Petroleum Liquids,DFO,IC,0.2,0.2,,,2021,12
61947,NYP-Hudson Valley Hospital Center,62421,NYP-Hudson Valley Hospital Center,300DS,NY,NYIS,Petroleum Liquids,DFO,IC,0.3,0.3,,,2019,6
61948,Regeneron Pharmaceuticals Inc.,62423,Regeneron Pharmaceuticals Inc.,777NG,NY,NYIS,Natural Gas Internal Combustion Engine,NG,IC,0.4,0.4,,,2021,4
61948,Regeneron Pharmaceuticals Inc.,62423,Regeneron Pharmaceuticals Inc.,778NG,NY,NYIS,Natural Gas Internal Combustion Engine,NG,IC,0.2,0.2,,,2021,4
60791,Monroe County - (NY),62424,Iola Powerhouse & Cogeneration Facility,1,NY,NYIS,Natural Gas Internal Combustion Engine,NG,IC,1.4,1.4,,,2021,6
60791,Monroe County - (NY),62424,Iola Powerhouse & Cogeneration Facility,2,NY,NYIS,Natural Gas Internal Combustion Engine,NG,IC,1.4,1.4,,,2021,6
60791,Monroe County - (NY),62424,Iola Powerhouse & Cogeneration Facility,3,NY,NYIS,Natural Gas Internal Combustion Engine,NG,IC,1.4,1.4,,,2021,6
61956,Mount Sinai South Nassau Hospital,62447,Mount Sinai South Nassau Hospital,1,NY,NYIS,Petroleum Liquids,DFO,IC,1.1,1.1,,,2020,2
61956,Mount Sinai South Nassau Hospital,62447,Mount Sinai South Nassau Hospital,2,NY,NYIS,Petroleum Liquids,DFO,IC,0.8,0.8,,,2020,2
61971,Mt. Sinai- Morningside,62453,Mt. Sinai- Morningside,EG1,NY,NYIS,Petroleum Liquids,DFO,IC,0.2,0.3,,,2025,1
61971,Mt. Sinai- Morningside,62453,Mt. Sinai- Morningside,EG2,NY,NYIS,Petroleum Liquids,DFO,IC,0.3,0.3,,,2025,1
57128,Bloom Energy,62455,Digital Fairfield,DGR01,CT,ISNE,Other Natural Gas,NG,FC,2.0,2.0,,,2024,6
62112,Atlantic Health System,62622,Overlook Medical Center,CHPS1,NJ,PJM,Natural Gas Internal Combustion Engine,NG,IC,1.0,1.0,,,2021,10
62112,Atlantic Health System,62622,Overlook Medical Center,CHPS2,NJ,PJM,Natural Gas Internal Combustion Engine,NG,IC,1.0,1.0,,,2022,9
62657,Harbec Energy,62736,Harbec Energy,250KW,NY,NYIS,Onshore Wind Turbine,WND,WT,0.3,0.3,,,2025,11
62657,Harbec Energy,62736,Harbec Energy,850KW,NY,NYIS,Onshore Wind Turbine,WND,WT,0.9,0.9,,,2025,11
62657,Harbec Energy,62736,Harbec Energy,CPH,NY,NYIS,Natural Gas Fired Combustion Turbine,NG,GT,0.5,0.5,,,2025,11
62645,General Services Administration - Region 8,62782,Pembina Land Port of Entry Wind Turbine,PEMWT,ND,MISO,Onshore Wind Turbine,WND,WT,1.0,0.8,,,2022,1
62777,Burrstone Energy Center,62920,Burrstone Energy Center,CG-1,NY,NYIS,Natural Gas Internal Combustion Engine,NG,IC,1.1,1.1,,,2024,8
62777,Burrstone Energy Center,62920,Burrstone Energy Center,CG-2,NY,NYIS,Natural Gas Internal Combustion Engine,NG,IC,1.1,1.1,,,2024,8
62777,Burrstone Energy Center,62920,Burrstone Energy Center,CG-3,NY,NYIS,Natural Gas Internal Combustion Engine,NG,IC,1.1,1.1,,,2024,8
62777,Burrstone Energy Center,62920,Burrstone Energy Center,CG-4,NY,NYIS,Natural Gas Internal Combustion Engine,NG,IC,0.3,0.3,,,2024,8
62901,Hannibal Board of Public Works Power Plant,63097,Hannibal - Oakwood Substation,EP-01,MO,MISO,Petroleum Liquids,DFO,IC,2.0,1.8,,,2021,7
62901,Hannibal Board of Public Works Power Plant,63097,Hannibal - Oakwood Substation,EP-02,MO,MISO,Petroleum Liquids,DFO,IC,2.0,1.8,,,2021,7
62901,Hannibal Board of Public Works Power Plant,63097,Hannibal - Oakwood Substation,EP-03,MO,MISO,Petroleum Liquids,DFO,IC,2.0,1.8,,,2021,7
62901,Hannibal Board of Public Works Power Plant,63097,Hannibal - Oakwood Substation,EP-04,MO,MISO,Petroleum Liquids,DFO,IC,2.0,1.8,,,2021,7
62901,Hannibal Board of Public Works Power Plant,63097,Hannibal - Oakwood Substation,EP-05,MO,MISO,Petroleum Liquids,DFO,IC,2.0,1.8,,,2021,7
62901,Hannibal Board of Public Works Power Plant,63097,Hannibal - Oakwood Substation,EP-06,MO,MISO,Petroleum Liquids,DFO,IC,2.0,1.8,,,2021,7
62901,Hannibal Board of Public Works Power Plant,63097,Hannibal - Oakwood Substation,EP-07,MO,MISO,Petroleum Liquids,DFO,IC,2.0,1.8,,,2021,7
62901,Hannibal Board of Public Works Power Plant,63097,Hannibal - Oakwood Substation,EP-08,MO,MISO,Petroleum Liquids,DFO,IC,2.0,1.8,,,2021,7
62901,Hannibal Board of Public Works Power Plant,63098,Hannibal - Water Treatment Plant,EP-09,MO,AECI,Petroleum Liquids,DFO,IC,2.0,1.8,,,2021,7
62901,Hannibal Board of Public Works Power Plant,63099,Hannibal - Wastewater Treatment Plant,EP-10,MO,MISO,Petroleum Liquids,DFO,IC,2.0,1.8,,,2021,7
63274,Vassar Brothers Medical Center,63550,Vassar Brothers Medical Center,SC-67,NY,NYIS,Petroleum Liquids,DFO,IC,0.3,0.3,,,2020,11
63277,Richmond University Medical Center,63553,Richmond University Medical Center,CU750,NY,NYIS,Petroleum Liquids,DFO,IC,0.8,0.8,,,2020,1
63291,NYPH - Lawrence,63580,NYP-Westchester,CM175,NY,NYIS,Petroleum Liquids,DFO,IC,0.2,0.2,,,2023,1
63325,Montefiore-New Rochelle,63602,Montefiore-New Rochelle,EG150,NY,NYIS,Petroleum Liquids,DFO,IC,0.2,0.2,,,2021,9
57128,Bloom Energy,63604,Extreme San Ignacio,EXN02,CA,CISO,Other Natural Gas,NG,FC,1.0,1.0,,,2024,6
57128,Bloom Energy,63607,Extreme Via Del Oro,EXN01,CA,CISO,Other Natural Gas,NG,FC,1.2,1.2,,,2024,3
63378,St. Mary's Hospital For Children,63669,St. Mary's Hospital For Children,CHP,NY,NYIS,Natural Gas Internal Combustion Engine,NG,IC,0.3,0.3,,,2023,12
63392,Norwalk Hospital,63673,Norwalk Hospital Plant,EU-01,CT,ISNE,Natural Gas Fired Combustion Turbine,NG,GT,1.3,1.2,,,2014,5
63392,Norwalk Hospital,63673,Norwalk Hospital Plant,EU-02,CT,ISNE,Natural Gas Fired Combustion Turbine,NG,GT,1.3,1.2,,,2020,3
63392,Norwalk Hospital,63673,Norwalk Hospital Plant,EU-12,CT,ISNE,Natural Gas Internal Combustion Engine,NG,IC,3.0,2.5,,,2025,1
13559,North American Natural Res,63709,Autumn Hills Generating Facility,1,MI,MISO,Landfill Gas,LFG,IC,0.8,0.8,,,2024,5
13559,North American Natural Res,63709,Autumn Hills Generating Facility,2,MI,MISO,Landfill Gas,LFG,IC,1.6,1.6,,,2024,5
13559,North American Natural Res,63709,Autumn Hills Generating Facility,3,MI,MISO,Landfill Gas,LFG,IC,1.6,1.6,,,2024,5
63873,Lincoln Medical and Mental Health Center,64291,Lincoln Medical and Mental Health Center,B1,NY,NYIS,Petroleum Liquids,DFO,IC,1.0,1.0,,,2024,5
63873,Lincoln Medical and Mental Health Center,64291,Lincoln Medical and Mental Health Center,B2,NY,NYIS,Petroleum Liquids,DFO,IC,1.0,1.0,,,2026,2
64093,White Plains Hospital Medical Center,64440,White Plains Hospital Medical Center,ENG1A,NY,NYIS,Petroleum Liquids,DFO,IC,0.5,0.5,,,2023,11
64093,White Plains Hospital Medical Center,64440,White Plains Hospital Medical Center,ENGN1,NY,NYIS,Petroleum Liquids,DFO,IC,0.3,0.3,,,2021,9
64211,3 MW LLC,64592,3 MW LLC,GEN1,CO,WACM,Other Gases,OG,IC,1.0,1.0,,,2023,8
64211,3 MW LLC,64592,3 MW LLC,GEN2,CO,WACM,Other Gases,OG,IC,1.0,1.0,,,2023,8
64211,3 MW LLC,64592,3 MW LLC,GEN3,CO,WACM,Other Gases,OG,IC,1.0,1.0,,,2023,8
64429,North Wales Diesel,64983,North Wales Diesel,GEN1,PA,PJM,Petroleum Liquids,DFO,IC,1.8,1.5,,,2024,12
64429,North Wales Diesel,64983,North Wales Diesel,GEN2,PA,PJM,Petroleum Liquids,DFO,IC,1.8,1.5,,,2024,12
64429,North Wales Diesel,64983,North Wales Diesel,GEN3,PA,PJM,Petroleum Liquids,DFO,IC,1.8,1.5,,,2024,12
64429,North Wales Diesel,64983,North Wales Diesel,GEN4,PA,PJM,Petroleum Liquids,DFO,IC,1.8,1.5,,,2024,12
64456,Orange Cove Irrigation District,65033,Kings River Syphon,UNIT1,CA,CISO,Conventional Hydroelectric,WAT,HY,0.3,0.2,,,2024,10
64456,Orange Cove Irrigation District,65033,Kings River Syphon,UNIT2,CA,CISO,Conventional Hydroelectric,WAT,HY,0.3,0.2,,,2024,10
64456,Orange Cove Irrigation District,65033,Kings River Syphon,UNIT3,CA,CISO,Conventional Hydroelectric,WAT,HY,0.3,0.2,,,2024,10
64456,Orange Cove Irrigation District,65033,Kings River Syphon,UNIT4,CA,CISO,Conventional Hydroelectric,WAT,HY,0.4,0.2,,,2024,10
57128,Bloom Energy,65203,Beckton Dickenson - San Jose,BDB01,CA,CISO,Other Natural Gas,NG,FC,1.0,1.0,,,2024,6
12653,"Lanyard Power Holdings, LLC",65284,Dickerson,2,MD,PJM,Conventional Steam Coal,BIT,ST,196.0,173.0,,,2020,8
12653,"Lanyard Power Holdings, LLC",65284,Dickerson,3,MD,PJM,Conventional Steam Coal,BIT,ST,196.0,173.0,,,2020,8
12653,"Lanyard Power Holdings, LLC",65284,Dickerson,ST1,MD,PJM,Conventional Steam Coal,BIT,ST,196.0,173.0,,,2020,8
12653,"Lanyard Power Holdings, LLC",65285,Chalk Point Steam,ST1,MD,PJM,Conventional Steam Coal,BIT,ST,364.0,333.1,,,2021,6
12653,"Lanyard Power Holdings, LLC",65285,Chalk Point Steam,ST2,MD,PJM,Conventional Steam Coal,BIT,ST,364.0,336.9,,,2021,6
64807,"Herrema Dairy, LLC",65494,Herrema Dairy,HER1,IN,MISO,Natural Gas Internal Combustion Engine,NG,IC,1.5,0.8,,,2023,12
64807,"Herrema Dairy, LLC",65494,Herrema Dairy,HER2,IN,MISO,Natural Gas Internal Combustion Engine,NG,IC,1.5,0.8,,,2025,1
66971,"Anatolian Energy, LLC",65838,Hoef's Road Storage,HOEFS,TX,ERCO,Batteries,MWH,BA,2.0,2.0,,,2024,3
65395,Ameresco HCE Solar LLC,66271,Ameresco HCE Solar LLC,HCEBA,CO,PSCO,Batteries,MWH,BA,5.8,5.8,,,2024,8
65861,"Enel X North America, Inc",66967,Gateway BESS,S049,NY,NYIS,Batteries,MWH,BA,4.8,4.8,,,2024,8
14840,City of Peru - (IL),68752,City of Peru Water Street Generating Sta,3,IL,MISO,Petroleum Liquids,DFO,IC,1.8,1.8,,,2010,11
14840,City of Peru - (IL),68752,City of Peru Water Street Generating Sta,4,IL,MISO,Natural Gas Steam Turbine,NG,ST,7.5,8.6,,,2002,5
14840,City of Peru - (IL),68752,City of Peru Water Street Generating Sta,IC1,IL,MISO,Petroleum Liquids,DFO,IC,6.3,6.0,,,2011,12
14840,City of Peru - (IL),68752,City of Peru Water Street Generating Sta,IC2,IL,MISO,Petroleum Liquids,DFO,IC,1.8,1.8,,,2010,11
14840,City of Peru - (IL),68752,City of Peru Water Street Generating Sta,IC3,IL,MISO,Petroleum Liquids,DFO,IC,1.8,1.8,,,2011,4
67818,"MPH Elwood, LLC",69979,MPH Elwood,GT1,IL,PJM,Natural Gas Fired Combustion Turbine,NG,GT,192.0,150.0,,,2026,6
67818,"MPH Elwood, LLC",69979,MPH Elwood,GT2,IL,PJM,Natural Gas Fired Combustion Turbine,NG,GT,192.0,150.0,,,2026,6
67818,"MPH Elwood, LLC",69979,MPH Elwood,GT3,IL,PJM,Natural Gas Fired Combustion Turbine,NG,GT,192.0,150.0,,,2026,5
67818,"MPH Elwood, LLC",69979,MPH Elwood,GT4,IL,PJM,Natural Gas Fired Combustion Turbine,NG,GT,192.0,150.0,,,2026,5
,Puerto Rico Water Resources Authority,,Bonus,1,PR,,Nuclear,NUC,ST,18.0,17.0,,,1968,6
,Carolina Power & Light Company,,CVTR,1,SC,,Nuclear,NUC,ST,19.0,17.0,,,1967,1
,Rural Cooperative Power Association,,Elk River,1,MN,,Nuclear,NUC,ST,24.0,22.0,,,1968,2
,Public Service Company of Colorado,,Fort St. Vrain,1,CO,,Nuclear,NUC,ST,342.0,330.0,,,1989,8
,Nebraska Public Power District,,Hallam,1,NE,,Nuclear,NUC,ST,84.0,75.0,,,1964,9
,Entergy Nuclear,,Indian Point 1,1,NY,NYIS,Nuclear,NUC,ST,277.0,257.0,,,1974,10
,Northern States Power Co,,Pathfinder,1,SD,,Nuclear,NUC,ST,63.0,59.0,,,1967,10
,City of Piqua,,Piqua,1,OH,,Nuclear,NUC,ST,12.0,12.0,,,1966,1
,Saxton Nuclear Experimental Corporation,,Saxton,1,PA,,Nuclear,NUC,ST,3.0,3.0,,,1972,5
,U.S. Department of Energy and Duquesne Light Company,,Shippingport,1,PA,,Nuclear,NUC,ST,68.0,60.0,,,1982,10
,Long Island Power Authority,,Shoreham,1,NY,,Nuclear,NUC,ST,849.0,820.0,,,1989,6
,General Electric,,Vallecitos Nuclear Center,1,CA,,Nuclear,NUC,ST,24.0,24.0,,,1963,12
