concept,tag,taxonomy,unit,start,end,val,fy,fp,form,filed,accn,frame
capex,PaymentsToAcquireProductiveAssets,us-gaap,USD,2019-01-28,2019-10-27,344000000.0,2021,Q3,10-Q,2020-11-18,0001045810-20-000189,
capex,PaymentsToAcquireProductiveAssets,us-gaap,USD,2020-01-27,2020-04-26,155000000.0,2022,Q1,10-Q,2021-05-26,0001045810-21-000064,CY2020Q1
capex,PaymentsToAcquireProductiveAssets,us-gaap,USD,2020-01-27,2020-07-26,372000000.0,2022,Q2,10-Q,2021-08-20,0001045810-21-000131,
capex,PaymentsToAcquireProductiveAssets,us-gaap,USD,2020-01-27,2020-10-25,845000000.0,2021,Q3,10-Q,2020-11-18,0001045810-20-000189,
capex,PaymentsToAcquireProductiveAssets,us-gaap,USD,2020-01-27,2020-10-25,845000000.0,2022,Q3,10-Q,2021-11-22,0001045810-21-000163,
capex,PaymentsToAcquireProductiveAssets,us-gaap,USD,2021-02-01,2021-05-02,298000000.0,2022,Q1,10-Q,2021-05-26,0001045810-21-000064,CY2021Q1
capex,PaymentsToAcquireProductiveAssets,us-gaap,USD,2021-02-01,2021-08-01,481000000.0,2022,Q2,10-Q,2021-08-20,0001045810-21-000131,
capex,PaymentsToAcquireProductiveAssets,us-gaap,USD,2021-02-01,2021-10-31,703000000.0,2022,Q3,10-Q,2021-11-22,0001045810-21-000163,
capex,PaymentsToAcquireProductiveAssets,us-gaap,USD,2021-02-01,2022-01-30,976000000.0,2024,FY,10-K,2024-02-21,0001045810-24-000029,CY2021
capex,PaymentsToAcquireProductiveAssets,us-gaap,USD,2022-01-31,2022-10-30,1324000000.0,2024,Q3,10-Q,2023-11-21,0001045810-23-000227,
capex,PaymentsToAcquireProductiveAssets,us-gaap,USD,2022-01-31,2023-01-29,1833000000.0,2024,FY,10-K,2024-02-21,0001045810-24-000029,
capex,PaymentsToAcquireProductiveAssets,us-gaap,USD,2022-01-31,2023-01-29,1833000000.0,2025,FY,10-K,2025-02-26,0001045810-25-000023,CY2022
capex,PaymentsToAcquireProductiveAssets,us-gaap,USD,2023-01-30,2023-04-30,248000000.0,2025,Q1,10-Q,2024-05-29,0001045810-24-000124,CY2023Q1
capex,PaymentsToAcquireProductiveAssets,us-gaap,USD,2023-01-30,2023-07-30,537000000.0,2025,Q2,10-Q,2024-08-28,0001045810-24-000264,
capex,PaymentsToAcquireProductiveAssets,us-gaap,USD,2023-01-30,2023-10-29,815000000.0,2024,Q3,10-Q,2023-11-21,0001045810-23-000227,
capex,PaymentsToAcquireProductiveAssets,us-gaap,USD,2023-01-30,2023-10-29,815000000.0,2025,Q3,10-Q,2024-11-20,0001045810-24-000316,
capex,PaymentsToAcquireProductiveAssets,us-gaap,USD,2023-01-30,2024-01-28,1069000000.0,2024,FY,10-K,2024-02-21,0001045810-24-000029,
capex,PaymentsToAcquireProductiveAssets,us-gaap,USD,2023-01-30,2024-01-28,1069000000.0,2025,FY,10-K,2025-02-26,0001045810-25-000023,
capex,PaymentsToAcquireProductiveAssets,us-gaap,USD,2023-01-30,2024-01-28,1069000000.0,2026,FY,10-K,2026-02-25,0001045810-26-000021,CY2023
capex,PaymentsToAcquireProductiveAssets,us-gaap,USD,2024-01-29,2024-04-28,369000000.0,2025,Q1,10-Q,2024-05-29,0001045810-24-000124,
capex,PaymentsToAcquireProductiveAssets,us-gaap,USD,2024-01-29,2024-04-28,369000000.0,2026,Q1,10-Q,2025-05-28,0001045810-25-000116,CY2024Q1
capex,PaymentsToAcquireProductiveAssets,us-gaap,USD,2024-01-29,2024-07-28,1346000000.0,2025,Q2,10-Q,2024-08-28,0001045810-24-000264,
capex,PaymentsToAcquireProductiveAssets,us-gaap,USD,2024-01-29,2024-07-28,1346000000.0,2026,Q2,10-Q,2025-08-27,0001045810-25-000209,
capex,PaymentsToAcquireProductiveAssets,us-gaap,USD,2024-01-29,2024-10-27,2159000000.0,2025,Q3,10-Q,2024-11-20,0001045810-24-000316,
capex,PaymentsToAcquireProductiveAssets,us-gaap,USD,2024-01-29,2024-10-27,2159000000.0,2026,Q3,10-Q,2025-11-19,0001045810-25-000230,
capex,PaymentsToAcquireProductiveAssets,us-gaap,USD,2024-01-29,2025-01-26,3236000000.0,2025,FY,10-K,2025-02-26,0001045810-25-000023,
capex,PaymentsToAcquireProductiveAssets,us-gaap,USD,2024-01-29,2025-01-26,3236000000.0,2026,FY,10-K,2026-02-25,0001045810-26-000021,CY2024
capex,PaymentsToAcquireProductiveAssets,us-gaap,USD,2025-01-27,2025-04-27,1227000000.0,2026,Q1,10-Q,2025-05-28,0001045810-25-000116,
capex,PaymentsToAcquireProductiveAssets,us-gaap,USD,2025-01-27,2025-04-27,1227000000.0,2027,Q1,10-Q,2026-05-20,0001045810-26-000052,CY2025Q1
capex,PaymentsToAcquireProductiveAssets,us-gaap,USD,2025-01-27,2025-07-27,3122000000.0,2026,Q2,10-Q,2025-08-27,0001045810-25-000209,
capex,PaymentsToAcquireProductiveAssets,us-gaap,USD,2025-01-27,2025-07-27,3122000000.0,2027,Q2,10-Q,2026-08-26,0001045810-26-000075,
capex,PaymentsToAcquireProductiveAssets,us-gaap,USD,2025-01-27,2025-10-26,4758000000.0,2026,Q3,10-Q,2025-11-19,0001045810-25-000230,
capex,PaymentsToAcquireProductiveAssets,us-gaap,USD,2025-01-27,2026-01-25,6042000000.0,2026,FY,10-K,2026-02-25,0001045810-26-000021,CY2025
capex,PaymentsToAcquireProductiveAssets,us-gaap,USD,2026-01-26,2026-04-26,1757000000.0,2027,Q1,10-Q,2026-05-20,0001045810-26-000052,CY2026Q1
capex,PaymentsToAcquireProductiveAssets,us-gaap,USD,2026-01-26,2026-07-26,4434000000.0,2027,Q2,10-Q,2026-08-26,0001045810-26-000075,
cash,CashAndCashEquivalentsAtCarryingValue,us-gaap,USD,,2007-01-28,544414000.0,2010,FY,10-K,2010-03-18,0001045810-10-000006,CY2006Q4I
cash,CashAndCashEquivalentsAtCarryingValue,us-gaap,USD,,2008-01-25,726969000.0,2009,Q2,10-Q,2009-08-20,0001045810-09-000024,CY2007Q4I
cash,CashAndCashEquivalentsAtCarryingValue,us-gaap,USD,,2008-01-27,726969000.0,2009,Q3,10-Q,2009-11-19,0001045810-09-000036,
cash,CashAndCashEquivalentsAtCarryingValue,us-gaap,USD,,2008-01-27,726969000.0,2010,FY,10-K,2010-03-18,0001045810-10-000006,
cash,CashAndCashEquivalentsAtCarryingValue,us-gaap,USD,,2008-01-27,726969000.0,2010,FY,10-K,2011-03-16,0001045810-11-000015,
cash,CashAndCashEquivalentsAtCarryingValue,us-gaap,USD,,2008-07-27,719143000.0,2009,Q2,10-Q,2009-08-20,0001045810-09-000024,CY2008Q2I
cash,CashAndCashEquivalentsAtCarryingValue,us-gaap,USD,,2008-10-26,461253000.0,2009,Q3,10-Q,2009-11-19,0001045810-09-000036,CY2008Q3I
cash,CashAndCashEquivalentsAtCarryingValue,us-gaap,USD,,2009-01-25,417688000.0,2009,Q2,10-Q,2009-08-20,0001045810-09-000024,
cash,CashAndCashEquivalentsAtCarryingValue,us-gaap,USD,,2009-01-25,417688000.0,2009,Q3,10-Q,2009-11-19,0001045810-09-000036,
cash,CashAndCashEquivalentsAtCarryingValue,us-gaap,USD,,2009-01-25,417688000.0,2010,FY,10-K,2010-03-18,0001045810-10-000006,
cash,CashAndCashEquivalentsAtCarryingValue,us-gaap,USD,,2009-01-25,417688000.0,2010,Q2,10-Q,2010-05-21,0001045810-10-000018,
cash,CashAndCashEquivalentsAtCarryingValue,us-gaap,USD,,2009-01-25,417688000.0,2010,Q3,10-Q,2010-08-30,0001045810-10-000029,
cash,CashAndCashEquivalentsAtCarryingValue,us-gaap,USD,,2009-01-25,417688000.0,2010,Q3,10-Q,2010-12-07,0001045810-10-000045,
cash,CashAndCashEquivalentsAtCarryingValue,us-gaap,USD,,2009-01-25,417688000.0,2010,FY,10-K,2011-03-16,0001045810-11-000015,
cash,CashAndCashEquivalentsAtCarryingValue,us-gaap,USD,,2009-01-25,417688000.0,2011,FY,10-K,2012-03-13,0001045810-12-000013,CY2008Q4I
cash,CashAndCashEquivalentsAtCarryingValue,us-gaap,USD,,2009-01-26,417688000.0,2009,Q2,10-Q,2009-08-20,0001045810-09-000024,
cash,CashAndCashEquivalentsAtCarryingValue,us-gaap,USD,,2009-04-26,512274000.0,2010,Q2,10-Q,2010-05-21,0001045810-10-000018,CY2009Q1I
cash,CashAndCashEquivalentsAtCarryingValue,us-gaap,USD,,2009-07-26,523785000.0,2009,Q2,10-Q,2009-08-20,0001045810-09-000024,
cash,CashAndCashEquivalentsAtCarryingValue,us-gaap,USD,,2009-07-26,523785000.0,2010,Q3,10-Q,2010-08-30,0001045810-10-000029,CY2009Q2I
cash,CashAndCashEquivalentsAtCarryingValue,us-gaap,USD,,2009-10-25,614490000.0,2009,Q3,10-Q,2009-11-19,0001045810-09-000036,
cash,CashAndCashEquivalentsAtCarryingValue,us-gaap,USD,,2009-10-25,614490000.0,2010,Q3,10-Q,2010-12-07,0001045810-10-000045,CY2009Q3I
cash,CashAndCashEquivalentsAtCarryingValue,us-gaap,USD,,2010-01-31,447221000.0,2010,FY,10-K,2010-03-18,0001045810-10-000006,
cash,CashAndCashEquivalentsAtCarryingValue,us-gaap,USD,,2010-01-31,447221000.0,2010,Q2,10-Q,2010-05-21,0001045810-10-000018,
cash,CashAndCashEquivalentsAtCarryingValue,us-gaap,USD,,2010-01-31,447221000.0,2010,Q3,10-Q,2010-08-30,0001045810-10-000029,
cash,CashAndCashEquivalentsAtCarryingValue,us-gaap,USD,,2010-01-31,447221000.0,2010,Q3,10-Q,2010-12-07,0001045810-10-000045,
cash,CashAndCashEquivalentsAtCarryingValue,us-gaap,USD,,2010-01-31,447221000.0,2010,FY,10-K,2011-03-16,0001045810-11-000015,
cash,CashAndCashEquivalentsAtCarryingValue,us-gaap,USD,,2010-01-31,447221000.0,2011,Q1,10-Q,2011-05-27,0001045810-11-000031,
cash,CashAndCashEquivalentsAtCarryingValue,us-gaap,USD,,2010-01-31,447221000.0,2011,Q2,10-Q,2011-08-25,0001045810-11-000046,
cash,CashAndCashEquivalentsAtCarryingValue,us-gaap,USD,,2010-01-31,447221000.0,2011,Q3,10-Q,2011-11-22,0001045810-11-000056,
cash,CashAndCashEquivalentsAtCarryingValue,us-gaap,USD,,2010-01-31,447221000.0,2011,FY,10-K,2012-03-13,0001045810-12-000013,
cash,CashAndCashEquivalentsAtCarryingValue,us-gaap,USD,,2010-01-31,447221000.0,2012,FY,10-K,2013-03-12,0001045810-13-000008,CY2009Q4I
cash,CashAndCashEquivalentsAtCarryingValue,us-gaap,USD,,2010-05-02,447262000.0,2010,Q2,10-Q,2010-05-21,0001045810-10-000018,
cash,CashAndCashEquivalentsAtCarryingValue,us-gaap,USD,,2010-05-02,447262000.0,2011,Q1,10-Q,2011-05-27,0001045810-11-000031,CY2010Q1I
cash,CashAndCashEquivalentsAtCarryingValue,us-gaap,USD,,2010-08-01,377003000.0,2010,Q3,10-Q,2010-08-30,0001045810-10-000029,
cash,CashAndCashEquivalentsAtCarryingValue,us-gaap,USD,,2010-08-01,377003000.0,2011,Q2,10-Q,2011-08-25,0001045810-11-000046,CY2010Q2I
cash,CashAndCashEquivalentsAtCarryingValue,us-gaap,USD,,2010-10-31,451174000.0,2010,Q3,10-Q,2010-12-07,0001045810-10-000045,
cash,CashAndCashEquivalentsAtCarryingValue,us-gaap,USD,,2010-10-31,451174000.0,2011,Q3,10-Q,2011-11-22,0001045810-11-000056,CY2010Q3I
cash,CashAndCashEquivalentsAtCarryingValue,us-gaap,USD,,2011-01-30,665361000.0,2010,FY,10-K,2011-03-16,0001045810-11-000015,
cash,CashAndCashEquivalentsAtCarryingValue,us-gaap,USD,,2011-01-30,665361000.0,2011,Q1,10-Q,2011-05-27,0001045810-11-000031,
cash,CashAndCashEquivalentsAtCarryingValue,us-gaap,USD,,2011-01-30,665361000.0,2011,Q2,10-Q,2011-08-25,0001045810-11-000046,
cash,CashAndCashEquivalentsAtCarryingValue,us-gaap,USD,,2011-01-30,665361000.0,2011,Q3,10-Q,2011-11-22,0001045810-11-000056,
cash,CashAndCashEquivalentsAtCarryingValue,us-gaap,USD,,2011-01-30,665361000.0,2011,FY,10-K,2012-03-13,0001045810-12-000013,
cash,CashAndCashEquivalentsAtCarryingValue,us-gaap,USD,,2011-01-30,665361000.0,2012,Q1,10-Q,2012-05-23,0001045810-12-000027,
cash,CashAndCashEquivalentsAtCarryingValue,us-gaap,USD,,2011-01-30,665361000.0,2012,Q2,10-Q,2012-08-22,0001045810-12-000036,
cash,CashAndCashEquivalentsAtCarryingValue,us-gaap,USD,,2011-01-30,665361000.0,2012,Q3,10-Q,2012-11-19,0001045810-12-000060,
cash,CashAndCashEquivalentsAtCarryingValue,us-gaap,USD,,2011-01-30,665361000.0,2012,FY,10-K,2013-03-12,0001045810-13-000008,
cash,CashAndCashEquivalentsAtCarryingValue,us-gaap,USD,,2011-01-30,665361000.0,2013,FY,10-K,2014-03-13,0001045810-14-000030,CY2010Q4I
cash,CashAndCashEquivalentsAtCarryingValue,us-gaap,USD,,2011-05-01,683633000.0,2011,Q1,10-Q,2011-05-27,0001045810-11-000031,
cash,CashAndCashEquivalentsAtCarryingValue,us-gaap,USD,,2011-05-01,683633000.0,2012,Q1,10-Q,2012-05-23,0001045810-12-000027,CY2011Q1I
cash,CashAndCashEquivalentsAtCarryingValue,us-gaap,USD,,2011-07-31,532614000.0,2011,Q2,10-Q,2011-08-25,0001045810-11-000046,
cash,CashAndCashEquivalentsAtCarryingValue,us-gaap,USD,,2011-07-31,532614000.0,2012,Q2,10-Q,2012-08-22,0001045810-12-000036,CY2011Q2I
cash,CashAndCashEquivalentsAtCarryingValue,us-gaap,USD,,2011-10-30,566816000.0,2011,Q3,10-Q,2011-11-22,0001045810-11-000056,
cash,CashAndCashEquivalentsAtCarryingValue,us-gaap,USD,,2011-10-30,566816000.0,2012,Q3,10-Q,2012-11-19,0001045810-12-000060,CY2011Q3I
cash,CashAndCashEquivalentsAtCarryingValue,us-gaap,USD,,2012-01-29,667876000.0,2011,FY,10-K,2012-03-13,0001045810-12-000013,
cash,CashAndCashEquivalentsAtCarryingValue,us-gaap,USD,,2012-01-29,667876000.0,2012,Q1,10-Q,2012-05-23,0001045810-12-000027,
cash,CashAndCashEquivalentsAtCarryingValue,us-gaap,USD,,2012-01-29,667876000.0,2012,Q2,10-Q,2012-08-22,0001045810-12-000036,
cash,CashAndCashEquivalentsAtCarryingValue,us-gaap,USD,,2012-01-29,667876000.0,2012,Q3,10-Q,2012-11-19,0001045810-12-000060,
cash,CashAndCashEquivalentsAtCarryingValue,us-gaap,USD,,2012-01-29,667876000.0,2012,FY,10-K,2013-03-12,0001045810-13-000008,
cash,CashAndCashEquivalentsAtCarryingValue,us-gaap,USD,,2012-01-29,667876000.0,2013,Q1,10-Q,2013-05-22,0001045810-13-000054,
cash,CashAndCashEquivalentsAtCarryingValue,us-gaap,USD,,2012-01-29,667876000.0,2013,Q2,10-Q,2013-08-21,0001045810-13-000075,
cash,CashAndCashEquivalentsAtCarryingValue,us-gaap,USD,,2012-01-29,667876000.0,2013,Q3,10-Q,2013-11-19,0001045810-13-000109,
cash,CashAndCashEquivalentsAtCarryingValue,us-gaap,USD,,2012-01-29,667876000.0,2013,FY,10-K,2014-03-13,0001045810-14-000030,
cash,CashAndCashEquivalentsAtCarryingValue,us-gaap,USD,,2012-01-29,667876000.0,2015,FY,10-K,2015-03-12,0001045810-15-000036,CY2011Q4I
cash,CashAndCashEquivalentsAtCarryingValue,us-gaap,USD,,2012-04-29,369135000.0,2012,Q1,10-Q,2012-05-23,0001045810-12-000027,
cash,CashAndCashEquivalentsAtCarryingValue,us-gaap,USD,,2012-04-29,369135000.0,2013,Q1,10-Q,2013-05-22,0001045810-13-000054,CY2012Q1I
cash,CashAndCashEquivalentsAtCarryingValue,us-gaap,USD,,2012-07-29,499618000.0,2012,Q2,10-Q,2012-08-22,0001045810-12-000036,
cash,CashAndCashEquivalentsAtCarryingValue,us-gaap,USD,,2012-07-29,499618000.0,2013,Q2,10-Q,2013-08-21,0001045810-13-000075,CY2012Q2I
cash,CashAndCashEquivalentsAtCarryingValue,us-gaap,USD,,2012-10-28,525388000.0,2012,Q3,10-Q,2012-11-19,0001045810-12-000060,
cash,CashAndCashEquivalentsAtCarryingValue,us-gaap,USD,,2012-10-28,525388000.0,2013,Q3,10-Q,2013-11-19,0001045810-13-000109,CY2012Q3I
cash,CashAndCashEquivalentsAtCarryingValue,us-gaap,USD,,2013-01-27,732786000.0,2012,FY,10-K,2013-03-12,0001045810-13-000008,
cash,CashAndCashEquivalentsAtCarryingValue,us-gaap,USD,,2013-01-27,732786000.0,2013,Q1,10-Q,2013-05-22,0001045810-13-000054,
cash,CashAndCashEquivalentsAtCarryingValue,us-gaap,USD,,2013-01-27,732786000.0,2013,Q2,10-Q,2013-08-21,0001045810-13-000075,
cash,CashAndCashEquivalentsAtCarryingValue,us-gaap,USD,,2013-01-27,732786000.0,2013,Q3,10-Q,2013-11-19,0001045810-13-000109,
cash,CashAndCashEquivalentsAtCarryingValue,us-gaap,USD,,2013-01-27,732786000.0,2013,FY,10-K,2014-03-13,0001045810-14-000030,
cash,CashAndCashEquivalentsAtCarryingValue,us-gaap,USD,,2013-01-27,732786000.0,2014,Q1,10-Q,2014-05-21,0001045810-14-000085,
cash,CashAndCashEquivalentsAtCarryingValue,us-gaap,USD,,2013-01-27,732786000.0,2015,Q2,10-Q,2014-08-20,0001045810-14-000158,
cash,CashAndCashEquivalentsAtCarryingValue,us-gaap,USD,,2013-01-27,732786000.0,2015,Q3,10-Q,2014-11-19,0001045810-14-000188,
cash,CashAndCashEquivalentsAtCarryingValue,us-gaap,USD,,2013-01-27,732786000.0,2015,FY,10-K,2015-03-12,0001045810-15-000036,
cash,CashAndCashEquivalentsAtCarryingValue,us-gaap,USD,,2013-01-27,733000000.0,2016,FY,10-K,2016-03-17,0001045810-16-000205,CY2012Q4I
cash,CashAndCashEquivalentsAtCarryingValue,us-gaap,USD,,2013-04-28,561423000.0,2013,Q1,10-Q,2013-05-22,0001045810-13-000054,
cash,CashAndCashEquivalentsAtCarryingValue,us-gaap,USD,,2013-04-28,561423000.0,2014,Q1,10-Q,2014-05-21,0001045810-14-000085,CY2013Q1I
cash,CashAndCashEquivalentsAtCarryingValue,us-gaap,USD,,2013-07-28,591321000.0,2013,Q2,10-Q,2013-08-21,0001045810-13-000075,
cash,CashAndCashEquivalentsAtCarryingValue,us-gaap,USD,,2013-07-28,591321000.0,2015,Q2,10-Q,2014-08-20,0001045810-14-000158,CY2013Q2I
cash,CashAndCashEquivalentsAtCarryingValue,us-gaap,USD,,2013-10-27,562084000.0,2013,Q3,10-Q,2013-11-19,0001045810-13-000109,
cash,CashAndCashEquivalentsAtCarryingValue,us-gaap,USD,,2013-10-27,562084000.0,2015,Q3,10-Q,2014-11-19,0001045810-14-000188,CY2013Q3I
cash,CashAndCashEquivalentsAtCarryingValue,us-gaap,USD,,2014-01-26,1151587000.0,2013,FY,10-K,2014-03-13,0001045810-14-000030,
cash,CashAndCashEquivalentsAtCarryingValue,us-gaap,USD,,2014-01-26,1151587000.0,2014,Q1,10-Q,2014-05-21,0001045810-14-000085,
cash,CashAndCashEquivalentsAtCarryingValue,us-gaap,USD,,2014-01-26,1151587000.0,2015,Q2,10-Q,2014-08-20,0001045810-14-000158,
cash,CashAndCashEquivalentsAtCarryingValue,us-gaap,USD,,2014-01-26,1151587000.0,2015,Q3,10-Q,2014-11-19,0001045810-14-000188,
cash,CashAndCashEquivalentsAtCarryingValue,us-gaap,USD,,2014-01-26,1151587000.0,2015,FY,10-K,2015-03-12,0001045810-15-000036,
cash,CashAndCashEquivalentsAtCarryingValue,us-gaap,USD,,2014-01-26,1152000000.0,2016,Q1,10-Q,2015-05-20,0001045810-15-000097,
cash,CashAndCashEquivalentsAtCarryingValue,us-gaap,USD,,2014-01-26,1152000000.0,2016,Q2,10-Q,2015-08-19,0001045810-15-000143,
cash,CashAndCashEquivalentsAtCarryingValue,us-gaap,USD,,2014-01-26,1152000000.0,2016,Q3,10-Q,2015-11-18,0001045810-15-000173,
cash,CashAndCashEquivalentsAtCarryingValue,us-gaap,USD,,2014-01-26,1152000000.0,2016,FY,10-K,2016-03-17,0001045810-16-000205,
cash,CashAndCashEquivalentsAtCarryingValue,us-gaap,USD,,2014-01-26,1152000000.0,2017,FY,10-K,2017-03-01,0001045810-17-000027,CY2013Q4I
cash,CashAndCashEquivalentsAtCarryingValue,us-gaap,USD,,2014-04-27,509165000.0,2014,Q1,10-Q,2014-05-21,0001045810-14-000085,
cash,CashAndCashEquivalentsAtCarryingValue,us-gaap,USD,,2014-04-27,509000000.0,2016,Q1,10-Q,2015-05-20,0001045810-15-000097,CY2014Q1I
cash,CashAndCashEquivalentsAtCarryingValue,us-gaap,USD,,2014-07-27,515092000.0,2015,Q2,10-Q,2014-08-20,0001045810-14-000158,
cash,CashAndCashEquivalentsAtCarryingValue,us-gaap,USD,,2014-07-27,515000000.0,2016,Q2,10-Q,2015-08-19,0001045810-15-000143,CY2014Q2I
cash,CashAndCashEquivalentsAtCarryingValue,us-gaap,USD,,2014-10-26,394683000.0,2015,Q3,10-Q,2014-11-19,0001045810-14-000188,
cash,CashAndCashEquivalentsAtCarryingValue,us-gaap,USD,,2014-10-26,395000000.0,2016,Q3,10-Q,2015-11-18,0001045810-15-000173,CY2014Q3I
cash,CashAndCashEquivalentsAtCarryingValue,us-gaap,USD,,2015-01-25,496654000.0,2015,FY,10-K,2015-03-12,0001045810-15-000036,
cash,CashAndCashEquivalentsAtCarryingValue,us-gaap,USD,,2015-01-25,497000000.0,2016,Q1,10-Q,2015-05-20,0001045810-15-000097,
cash,CashAndCashEquivalentsAtCarryingValue,us-gaap,USD,,2015-01-25,497000000.0,2016,Q2,10-Q,2015-08-19,0001045810-15-000143,
cash,CashAndCashEquivalentsAtCarryingValue,us-gaap,USD,,2015-01-25,497000000.0,2016,Q3,10-Q,2015-11-18,0001045810-15-000173,
cash,CashAndCashEquivalentsAtCarryingValue,us-gaap,USD,,2015-01-25,497000000.0,2016,FY,10-K,2016-03-17,0001045810-16-000205,
cash,CashAndCashEquivalentsAtCarryingValue,us-gaap,USD,,2015-01-25,497000000.0,2017,Q1,10-Q,2016-05-25,0001045810-16-000275,
cash,CashAndCashEquivalentsAtCarryingValue,us-gaap,USD,,2015-01-25,497000000.0,2017,Q2,10-Q,2016-08-23,0001045810-16-000300,
cash,CashAndCashEquivalentsAtCarryingValue,us-gaap,USD,,2015-01-25,497000000.0,2017,Q3,10-Q,2016-11-22,0001045810-16-000353,
cash,CashAndCashEquivalentsAtCarryingValue,us-gaap,USD,,2015-01-25,497000000.0,2017,FY,10-K,2017-03-01,0001045810-17-000027,
cash,CashAndCashEquivalentsAtCarryingValue,us-gaap,USD,,2015-01-25,497000000.0,2018,FY,10-K,2018-02-28,0001045810-18-000010,CY2014Q4I
cash,CashAndCashEquivalentsAtCarryingValue,us-gaap,USD,,2015-04-26,464000000.0,2016,Q1,10-Q,2015-05-20,0001045810-15-000097,
cash,CashAndCashEquivalentsAtCarryingValue,us-gaap,USD,,2015-04-26,464000000.0,2017,Q1,10-Q,2016-05-25,0001045810-16-000275,CY2015Q1I
cash,CashAndCashEquivalentsAtCarryingValue,us-gaap,USD,,2015-07-26,435000000.0,2016,Q2,10-Q,2015-08-19,0001045810-15-000143,
cash,CashAndCashEquivalentsAtCarryingValue,us-gaap,USD,,2015-07-26,435000000.0,2017,Q2,10-Q,2016-08-23,0001045810-16-000300,CY2015Q2I
cash,CashAndCashEquivalentsAtCarryingValue,us-gaap,USD,,2015-10-25,471000000.0,2016,Q3,10-Q,2015-11-18,0001045810-15-000173,
cash,CashAndCashEquivalentsAtCarryingValue,us-gaap,USD,,2015-10-25,471000000.0,2017,Q3,10-Q,2016-11-22,0001045810-16-000353,CY2015Q3I
cash,CashAndCashEquivalentsAtCarryingValue,us-gaap,USD,,2016-01-31,596000000.0,2016,FY,10-K,2016-03-17,0001045810-16-000205,
cash,CashAndCashEquivalentsAtCarryingValue,us-gaap,USD,,2016-01-31,596000000.0,2017,Q1,10-Q,2016-05-25,0001045810-16-000275,
cash,CashAndCashEquivalentsAtCarryingValue,us-gaap,USD,,2016-01-31,596000000.0,2017,Q2,10-Q,2016-08-23,0001045810-16-000300,
cash,CashAndCashEquivalentsAtCarryingValue,us-gaap,USD,,2016-01-31,596000000.0,2017,Q3,10-Q,2016-11-22,0001045810-16-000353,
cash,CashAndCashEquivalentsAtCarryingValue,us-gaap,USD,,2016-01-31,596000000.0,2017,FY,10-K,2017-03-01,0001045810-17-000027,
cash,CashAndCashEquivalentsAtCarryingValue,us-gaap,USD,,2016-01-31,596000000.0,2018,Q1,10-Q,2017-05-23,0001045810-17-000075,
cash,CashAndCashEquivalentsAtCarryingValue,us-gaap,USD,,2016-01-31,596000000.0,2018,Q2,10-Q,2017-08-23,0001045810-17-000123,
cash,CashAndCashEquivalentsAtCarryingValue,us-gaap,USD,,2016-01-31,596000000.0,2018,Q3,10-Q,2017-11-21,0001045810-17-000172,
cash,CashAndCashEquivalentsAtCarryingValue,us-gaap,USD,,2016-01-31,596000000.0,2018,FY,10-K,2018-02-28,0001045810-18-000010,
cash,CashAndCashEquivalentsAtCarryingValue,us-gaap,USD,,2016-01-31,596000000.0,2019,FY,10-K,2019-02-21,0001045810-19-000023,CY2015Q4I
cash,CashAndCashEquivalentsAtCarryingValue,us-gaap,USD,,2016-05-01,547000000.0,2017,Q1,10-Q,2016-05-25,0001045810-16-000275,
cash,CashAndCashEquivalentsAtCarryingValue,us-gaap,USD,,2016-05-01,547000000.0,2018,Q1,10-Q,2017-05-23,0001045810-17-000075,CY2016Q1I
cash,CashAndCashEquivalentsAtCarryingValue,us-gaap,USD,,2016-07-31,426000000.0,2017,Q2,10-Q,2016-08-23,0001045810-16-000300,
cash,CashAndCashEquivalentsAtCarryingValue,us-gaap,USD,,2016-07-31,426000000.0,2018,Q2,10-Q,2017-08-23,0001045810-17-000123,CY2016Q2I
cash,CashAndCashEquivalentsAtCarryingValue,us-gaap,USD,,2016-10-30,1940000000.0,2017,Q3,10-Q,2016-11-22,0001045810-16-000353,
cash,CashAndCashEquivalentsAtCarryingValue,us-gaap,USD,,2016-10-30,1940000000.0,2018,Q3,10-Q,2017-11-21,0001045810-17-000172,CY2016Q3I
cash,CashAndCashEquivalentsAtCarryingValue,us-gaap,USD,,2017-01-29,1766000000.0,2017,FY,10-K,2017-03-01,0001045810-17-000027,
cash,CashAndCashEquivalentsAtCarryingValue,us-gaap,USD,,2017-01-29,1766000000.0,2018,Q1,10-Q,2017-05-23,0001045810-17-000075,
cash,CashAndCashEquivalentsAtCarryingValue,us-gaap,USD,,2017-01-29,1766000000.0,2018,Q2,10-Q,2017-08-23,0001045810-17-000123,
cash,CashAndCashEquivalentsAtCarryingValue,us-gaap,USD,,2017-01-29,1766000000.0,2018,Q3,10-Q,2017-11-21,0001045810-17-000172,
cash,CashAndCashEquivalentsAtCarryingValue,us-gaap,USD,,2017-01-29,1766000000.0,2018,FY,10-K,2018-02-28,0001045810-18-000010,
cash,CashAndCashEquivalentsAtCarryingValue,us-gaap,USD,,2017-01-29,1766000000.0,2019,Q1,10-Q,2018-05-22,0001045810-18-000080,
cash,CashAndCashEquivalentsAtCarryingValue,us-gaap,USD,,2017-01-29,1766000000.0,2019,Q2,10-Q,2018-08-16,0001045810-18-000114,
cash,CashAndCashEquivalentsAtCarryingValue,us-gaap,USD,,2017-01-29,1766000000.0,2019,Q3,10-Q,2018-11-15,0001045810-18-000150,
cash,CashAndCashEquivalentsAtCarryingValue,us-gaap,USD,,2017-01-29,1766000000.0,2019,FY,10-K,2019-02-21,0001045810-19-000023,CY2016Q4I
cash,CashAndCashEquivalentsAtCarryingValue,us-gaap,USD,,2017-04-30,1989000000.0,2018,Q1,10-Q,2017-05-23,0001045810-17-000075,
cash,CashAndCashEquivalentsAtCarryingValue,us-gaap,USD,,2017-04-30,1989000000.0,2019,Q1,10-Q,2018-05-22,0001045810-18-000080,CY2017Q1I
cash,CashAndCashEquivalentsAtCarryingValue,us-gaap,USD,,2017-07-30,1988000000.0,2018,Q2,10-Q,2017-08-23,0001045810-17-000123,
cash,CashAndCashEquivalentsAtCarryingValue,us-gaap,USD,,2017-07-30,1988000000.0,2019,Q2,10-Q,2018-08-16,0001045810-18-000114,CY2017Q2I
cash,CashAndCashEquivalentsAtCarryingValue,us-gaap,USD,,2017-10-29,2802000000.0,2018,Q3,10-Q,2017-11-21,0001045810-17-000172,
cash,CashAndCashEquivalentsAtCarryingValue,us-gaap,USD,,2017-10-29,2802000000.0,2019,Q3,10-Q,2018-11-15,0001045810-18-000150,CY2017Q3I
cash,CashAndCashEquivalentsAtCarryingValue,us-gaap,USD,,2018-01-28,4002000000.0,2018,FY,10-K,2018-02-28,0001045810-18-000010,
cash,CashAndCashEquivalentsAtCarryingValue,us-gaap,USD,,2018-01-28,4002000000.0,2019,Q1,10-Q,2018-05-22,0001045810-18-000080,
cash,CashAndCashEquivalentsAtCarryingValue,us-gaap,USD,,2018-01-28,4002000000.0,2019,Q2,10-Q,2018-08-16,0001045810-18-000114,
cash,CashAndCashEquivalentsAtCarryingValue,us-gaap,USD,,2018-01-28,4002000000.0,2019,Q3,10-Q,2018-11-15,0001045810-18-000150,
cash,CashAndCashEquivalentsAtCarryingValue,us-gaap,USD,,2018-01-28,4002000000.0,2019,FY,10-K,2019-02-21,0001045810-19-000023,CY2017Q4I
cash,CashAndCashEquivalentsAtCarryingValue,us-gaap,USD,,2018-04-29,765000000.0,2019,Q1,10-Q,2018-05-22,0001045810-18-000080,CY2018Q1I
cash,CashAndCashEquivalentsAtCarryingValue,us-gaap,USD,,2018-07-29,718000000.0,2019,Q2,10-Q,2018-08-16,0001045810-18-000114,CY2018Q2I
cash,CashAndCashEquivalentsAtCarryingValue,us-gaap,USD,,2018-10-28,721000000.0,2019,Q3,10-Q,2018-11-15,0001045810-18-000150,CY2018Q3I
cash,CashAndCashEquivalentsAtCarryingValue,us-gaap,USD,,2019-01-27,782000000.0,2019,FY,10-K,2019-02-21,0001045810-19-000023,
cash,CashAndCashEquivalentsAtCarryingValue,us-gaap,USD,,2019-01-27,782000000.0,2020,Q1,10-Q,2019-05-16,0001045810-19-000079,
cash,CashAndCashEquivalentsAtCarryingValue,us-gaap,USD,,2019-01-27,782000000.0,2020,Q2,10-Q,2019-08-15,0001045810-19-000144,
cash,CashAndCashEquivalentsAtCarryingValue,us-gaap,USD,,2019-01-27,782000000.0,2020,Q3,10-Q,2019-11-14,0001045810-19-000170,
cash,CashAndCashEquivalentsAtCarryingValue,us-gaap,USD,,2019-01-27,782000000.0,2020,FY,10-K,2020-02-20,0001045810-20-000010,CY2018Q4I
cash,CashAndCashEquivalentsAtCarryingValue,us-gaap,USD,,2019-04-28,2772000000.0,2020,Q1,10-Q,2019-05-16,0001045810-19-000079,CY2019Q1I
cash,CashAndCashEquivalentsAtCarryingValue,us-gaap,USD,,2019-07-28,7105000000.0,2020,Q2,10-Q,2019-08-15,0001045810-19-000144,CY2019Q2I
cash,CashAndCashEquivalentsAtCarryingValue,us-gaap,USD,,2019-10-27,9765000000.0,2020,Q3,10-Q,2019-11-14,0001045810-19-000170,CY2019Q3I
cash,CashAndCashEquivalentsAtCarryingValue,us-gaap,USD,,2020-01-26,10896000000.0,2020,FY,10-K,2020-02-20,0001045810-20-000010,
cash,CashAndCashEquivalentsAtCarryingValue,us-gaap,USD,,2020-01-26,10896000000.0,2020,Q1,10-Q,2020-05-21,0001045810-20-000065,
cash,CashAndCashEquivalentsAtCarryingValue,us-gaap,USD,,2020-01-26,10896000000.0,2020,Q2,10-Q,2020-08-19,0001045810-20-000147,
cash,CashAndCashEquivalentsAtCarryingValue,us-gaap,USD,,2020-01-26,10896000000.0,2021,Q3,10-Q,2020-11-18,0001045810-20-000189,
cash,CashAndCashEquivalentsAtCarryingValue,us-gaap,USD,,2020-01-26,10896000000.0,2021,FY,10-K,2021-02-26,0001045810-21-000010,CY2019Q4I
cash,CashAndCashEquivalentsAtCarryingValue,us-gaap,USD,,2020-04-26,15494000000.0,2020,Q1,10-Q,2020-05-21,0001045810-20-000065,CY2020Q1I
cash,CashAndCashEquivalentsAtCarryingValue,us-gaap,USD,,2020-07-26,3274000000.0,2020,Q2,10-Q,2020-08-19,0001045810-20-000147,CY2020Q2I
cash,CashAndCashEquivalentsAtCarryingValue,us-gaap,USD,,2020-10-25,2251000000.0,2021,Q3,10-Q,2020-11-18,0001045810-20-000189,CY2020Q3I
cash,CashAndCashEquivalentsAtCarryingValue,us-gaap,USD,,2021-01-31,847000000.0,2021,FY,10-K,2021-02-26,0001045810-21-000010,
cash,CashAndCashEquivalentsAtCarryingValue,us-gaap,USD,,2021-01-31,847000000.0,2022,Q1,10-Q,2021-05-26,0001045810-21-000064,
cash,CashAndCashEquivalentsAtCarryingValue,us-gaap,USD,,2021-01-31,847000000.0,2022,Q2,10-Q,2021-08-20,0001045810-21-000131,
cash,CashAndCashEquivalentsAtCarryingValue,us-gaap,USD,,2021-01-31,847000000.0,2022,Q3,10-Q,2021-11-22,0001045810-21-000163,
cash,CashAndCashEquivalentsAtCarryingValue,us-gaap,USD,,2021-01-31,847000000.0,2022,FY,10-K,2022-03-18,0001045810-22-000036,CY2020Q4I
cash,CashAndCashEquivalentsAtCarryingValue,us-gaap,USD,,2021-05-02,978000000.0,2022,Q1,10-Q,2021-05-26,0001045810-21-000064,CY2021Q1I
cash,CashAndCashEquivalentsAtCarryingValue,us-gaap,USD,,2021-08-01,5628000000.0,2022,Q2,10-Q,2021-08-20,0001045810-21-000131,CY2021Q2I
cash,CashAndCashEquivalentsAtCarryingValue,us-gaap,USD,,2021-10-31,1288000000.0,2022,Q3,10-Q,2021-11-22,0001045810-21-000163,CY2021Q3I
cash,CashAndCashEquivalentsAtCarryingValue,us-gaap,USD,,2022-01-30,1990000000.0,2022,FY,10-K,2022-03-18,0001045810-22-000036,
cash,CashAndCashEquivalentsAtCarryingValue,us-gaap,USD,,2022-01-30,1990000000.0,2023,Q1,10-Q,2022-05-27,0001045810-22-000079,
cash,CashAndCashEquivalentsAtCarryingValue,us-gaap,USD,,2022-01-30,1990000000.0,2023,Q2,10-Q,2022-08-31,0001045810-22-000147,
cash,CashAndCashEquivalentsAtCarryingValue,us-gaap,USD,,2022-01-30,1990000000.0,2023,Q3,10-Q,2022-11-18,0001045810-22-000166,
cash,CashAndCashEquivalentsAtCarryingValue,us-gaap,USD,,2022-01-30,1990000000.0,2023,FY,10-K,2023-02-24,0001045810-23-000017,CY2021Q4I
cash,CashAndCashEquivalentsAtCarryingValue,us-gaap,USD,,2022-05-01,3887000000.0,2023,Q1,10-Q,2022-05-27,0001045810-22-000079,CY2022Q1I
cash,CashAndCashEquivalentsAtCarryingValue,us-gaap,USD,,2022-07-31,3013000000.0,2023,Q2,10-Q,2022-08-31,0001045810-22-000147,
cash,CashAndCashEquivalentsAtCarryingValue,us-gaap,USD,,2022-07-31,3013000000.0,2024,Q2,10-Q,2023-08-28,0001045810-23-000175,CY2022Q2I
cash,CashAndCashEquivalentsAtCarryingValue,us-gaap,USD,,2022-10-30,2800000000.0,2023,Q3,10-Q,2022-11-18,0001045810-22-000166,CY2022Q3I
cash,CashAndCashEquivalentsAtCarryingValue,us-gaap,USD,,2023-01-29,3389000000.0,2023,FY,10-K,2023-02-24,0001045810-23-000017,
cash,CashAndCashEquivalentsAtCarryingValue,us-gaap,USD,,2023-01-29,3389000000.0,2024,Q1,10-Q,2023-05-26,0001045810-23-000093,
cash,CashAndCashEquivalentsAtCarryingValue,us-gaap,USD,,2023-01-29,3389000000.0,2024,Q2,10-Q,2023-08-28,0001045810-23-000175,
cash,CashAndCashEquivalentsAtCarryingValue,us-gaap,USD,,2023-01-29,3389000000.0,2024,Q3,10-Q,2023-11-21,0001045810-23-000227,
cash,CashAndCashEquivalentsAtCarryingValue,us-gaap,USD,,2023-01-29,3389000000.0,2024,FY,10-K,2024-02-21,0001045810-24-000029,CY2022Q4I
cash,CashAndCashEquivalentsAtCarryingValue,us-gaap,USD,,2023-04-30,5079000000.0,2024,Q1,10-Q,2023-05-26,0001045810-23-000093,CY2023Q1I
cash,CashAndCashEquivalentsAtCarryingValue,us-gaap,USD,,2023-07-30,5783000000.0,2024,Q2,10-Q,2023-08-28,0001045810-23-000175,
cash,CashAndCashEquivalentsAtCarryingValue,us-gaap,USD,,2023-07-30,5783000000.0,2025,Q2,10-Q,2024-08-28,0001045810-24-000264,CY2023Q2I
cash,CashAndCashEquivalentsAtCarryingValue,us-gaap,USD,,2023-10-29,5519000000.0,2024,Q3,10-Q,2023-11-21,0001045810-23-000227,CY2023Q3I
cash,CashAndCashEquivalentsAtCarryingValue,us-gaap,USD,,2024-01-28,7280000000.0,2024,FY,10-K,2024-02-21,0001045810-24-000029,
cash,CashAndCashEquivalentsAtCarryingValue,us-gaap,USD,,2024-01-28,7280000000.0,2025,Q1,10-Q,2024-05-29,0001045810-24-000124,
cash,CashAndCashEquivalentsAtCarryingValue,us-gaap,USD,,2024-01-28,7280000000.0,2025,Q2,10-Q,2024-08-28,0001045810-24-000264,
cash,CashAndCashEquivalentsAtCarryingValue,us-gaap,USD,,2024-01-28,7280000000.0,2025,Q3,10-Q,2024-11-20,0001045810-24-000316,
cash,CashAndCashEquivalentsAtCarryingValue,us-gaap,USD,,2024-01-28,7280000000.0,2025,FY,10-K,2025-02-26,0001045810-25-000023,CY2023Q4I
cash,CashAndCashEquivalentsAtCarryingValue,us-gaap,USD,,2024-04-28,7587000000.0,2025,Q1,10-Q,2024-05-29,0001045810-24-000124,CY2024Q1I
cash,CashAndCashEquivalentsAtCarryingValue,us-gaap,USD,,2024-07-28,8563000000.0,2025,Q2,10-Q,2024-08-28,0001045810-24-000264,CY2024Q2I
cash,CashAndCashEquivalentsAtCarryingValue,us-gaap,USD,,2024-10-27,9107000000.0,2025,Q3,10-Q,2024-11-20,0001045810-24-000316,CY2024Q3I
cash,CashAndCashEquivalentsAtCarryingValue,us-gaap,USD,,2025-01-26,8589000000.0,2025,FY,10-K,2025-02-26,0001045810-25-000023,
cash,CashAndCashEquivalentsAtCarryingValue,us-gaap,USD,,2025-01-26,8589000000.0,2026,Q1,10-Q,2025-05-28,0001045810-25-000116,
cash,CashAndCashEquivalentsAtCarryingValue,us-gaap,USD,,2025-01-26,8589000000.0,2026,Q2,10-Q,2025-08-27,0001045810-25-000209,
cash,CashAndCashEquivalentsAtCarryingValue,us-gaap,USD,,2025-01-26,8589000000.0,2026,Q3,10-Q,2025-11-19,0001045810-25-000230,
cash,CashAndCashEquivalentsAtCarryingValue,us-gaap,USD,,2025-01-26,8589000000.0,2026,FY,10-K,2026-02-25,0001045810-26-000021,CY2024Q4I
cash,CashAndCashEquivalentsAtCarryingValue,us-gaap,USD,,2025-04-27,15234000000.0,2026,Q1,10-Q,2025-05-28,0001045810-25-000116,CY2025Q1I
cash,CashAndCashEquivalentsAtCarryingValue,us-gaap,USD,,2025-07-27,11639000000.0,2026,Q2,10-Q,2025-08-27,0001045810-25-000209,CY2025Q2I
cash,CashAndCashEquivalentsAtCarryingValue,us-gaap,USD,,2025-10-26,11486000000.0,2026,Q3,10-Q,2025-11-19,0001045810-25-000230,CY2025Q3I
cash,CashAndCashEquivalentsAtCarryingValue,us-gaap,USD,,2026-01-25,10605000000.0,2026,FY,10-K,2026-02-25,0001045810-26-000021,
cash,CashAndCashEquivalentsAtCarryingValue,us-gaap,USD,,2026-01-25,10605000000.0,2027,Q1,10-Q,2026-05-20,0001045810-26-000052,
cash,CashAndCashEquivalentsAtCarryingValue,us-gaap,USD,,2026-01-25,10605000000.0,2027,Q2,10-Q,2026-08-26,0001045810-26-000075,CY2025Q4I
cash,CashAndCashEquivalentsAtCarryingValue,us-gaap,USD,,2026-04-26,13237000000.0,2027,Q1,10-Q,2026-05-20,0001045810-26-000052,CY2026Q1I
cash,CashAndCashEquivalentsAtCarryingValue,us-gaap,USD,,2026-07-26,22443000000.0,2027,Q2,10-Q,2026-08-26,0001045810-26-000075,CY2026Q2I
cfo,NetCashProvidedByUsedInOperatingActivities,us-gaap,USD,2007-01-29,2008-01-27,1270196000.0,2010,FY,10-K,2010-03-18,0001045810-10-000006,CY2007
cfo,NetCashProvidedByUsedInOperatingActivities,us-gaap,USD,2008-01-25,2008-07-27,226202000.0,2009,Q2,10-Q,2009-08-20,0001045810-09-000024,
cfo,NetCashProvidedByUsedInOperatingActivities,us-gaap,USD,2008-01-28,2008-10-26,269205000.0,2009,Q3,10-Q,2009-11-19,0001045810-09-000036,
cfo,NetCashProvidedByUsedInOperatingActivities,us-gaap,USD,2008-01-28,2009-01-25,249360000.0,2010,FY,10-K,2010-03-18,0001045810-10-000006,
cfo,NetCashProvidedByUsedInOperatingActivities,us-gaap,USD,2008-01-28,2009-01-25,249360000.0,2010,FY,10-K,2011-03-16,0001045810-11-000015,CY2008
cfo,NetCashProvidedByUsedInOperatingActivities,us-gaap,USD,2009-01-26,2009-04-26,142128000.0,2010,Q2,10-Q,2010-05-21,0001045810-10-000018,CY2009Q1
cfo,NetCashProvidedByUsedInOperatingActivities,us-gaap,USD,2009-01-25,2009-07-26,277245000.0,2009,Q2,10-Q,2009-08-20,0001045810-09-000024,
cfo,NetCashProvidedByUsedInOperatingActivities,us-gaap,USD,2009-01-26,2009-07-26,277245000.0,2010,Q3,10-Q,2010-08-30,0001045810-10-000029,
cfo,NetCashProvidedByUsedInOperatingActivities,us-gaap,USD,2009-01-26,2009-10-25,418562000.0,2009,Q3,10-Q,2009-11-19,0001045810-09-000036,
cfo,NetCashProvidedByUsedInOperatingActivities,us-gaap,USD,2009-01-26,2009-10-25,418562000.0,2010,Q3,10-Q,2010-12-07,0001045810-10-000045,
cfo,NetCashProvidedByUsedInOperatingActivities,us-gaap,USD,2009-01-26,2010-01-31,487807000.0,2010,FY,10-K,2010-03-18,0001045810-10-000006,
cfo,NetCashProvidedByUsedInOperatingActivities,us-gaap,USD,2009-01-26,2010-01-31,487807000.0,2010,FY,10-K,2011-03-16,0001045810-11-000015,
cfo,NetCashProvidedByUsedInOperatingActivities,us-gaap,USD,2009-01-26,2010-01-31,487807000.0,2011,FY,10-K,2012-03-13,0001045810-12-000013,CY2009
cfo,NetCashProvidedByUsedInOperatingActivities,us-gaap,USD,2010-02-01,2010-05-02,-5397000.0,2010,Q2,10-Q,2010-05-21,0001045810-10-000018,
cfo,NetCashProvidedByUsedInOperatingActivities,us-gaap,USD,2010-02-01,2010-05-02,-5397000.0,2011,Q1,10-Q,2011-05-27,0001045810-11-000031,CY2010Q1
cfo,NetCashProvidedByUsedInOperatingActivities,us-gaap,USD,2010-02-01,2010-08-01,28947000.0,2010,Q3,10-Q,2010-08-30,0001045810-10-000029,
cfo,NetCashProvidedByUsedInOperatingActivities,us-gaap,USD,2010-02-01,2010-08-01,28947000.0,2011,Q2,10-Q,2011-08-25,0001045810-11-000046,
cfo,NetCashProvidedByUsedInOperatingActivities,us-gaap,USD,2010-02-01,2010-10-31,241124000.0,2010,Q3,10-Q,2010-12-07,0001045810-10-000045,
cfo,NetCashProvidedByUsedInOperatingActivities,us-gaap,USD,2010-02-01,2010-10-31,241124000.0,2011,Q3,10-Q,2011-11-22,0001045810-11-000056,
cfo,NetCashProvidedByUsedInOperatingActivities,us-gaap,USD,2010-02-01,2011-01-30,675797000.0,2010,FY,10-K,2011-03-16,0001045810-11-000015,
cfo,NetCashProvidedByUsedInOperatingActivities,us-gaap,USD,2010-02-01,2011-01-30,675797000.0,2011,FY,10-K,2012-03-13,0001045810-12-000013,
cfo,NetCashProvidedByUsedInOperatingActivities,us-gaap,USD,2010-02-01,2011-01-30,675797000.0,2012,FY,10-K,2013-03-12,0001045810-13-000008,CY2010
cfo,NetCashProvidedByUsedInOperatingActivities,us-gaap,USD,2011-01-31,2011-05-01,172200000.0,2011,Q1,10-Q,2011-05-27,0001045810-11-000031,
cfo,NetCashProvidedByUsedInOperatingActivities,us-gaap,USD,2011-01-31,2011-05-01,172200000.0,2012,Q1,10-Q,2012-05-23,0001045810-12-000027,CY2011Q1
cfo,NetCashProvidedByUsedInOperatingActivities,us-gaap,USD,2011-01-31,2011-07-31,254221000.0,2011,Q2,10-Q,2011-08-25,0001045810-11-000046,
cfo,NetCashProvidedByUsedInOperatingActivities,us-gaap,USD,2011-01-31,2011-07-31,254221000.0,2012,Q2,10-Q,2012-08-22,0001045810-12-000036,
cfo,NetCashProvidedByUsedInOperatingActivities,us-gaap,USD,2011-01-31,2011-10-30,498638000.0,2011,Q3,10-Q,2011-11-22,0001045810-11-000056,
cfo,NetCashProvidedByUsedInOperatingActivities,us-gaap,USD,2011-01-31,2011-10-30,498638000.0,2012,Q3,10-Q,2012-11-19,0001045810-12-000060,
cfo,NetCashProvidedByUsedInOperatingActivities,us-gaap,USD,2011-01-31,2012-01-29,909156000.0,2011,FY,10-K,2012-03-13,0001045810-12-000013,
cfo,NetCashProvidedByUsedInOperatingActivities,us-gaap,USD,2011-01-31,2012-01-29,909156000.0,2012,FY,10-K,2013-03-12,0001045810-13-000008,
cfo,NetCashProvidedByUsedInOperatingActivities,us-gaap,USD,2011-01-31,2012-01-29,909156000.0,2013,FY,10-K,2014-03-13,0001045810-14-000030,CY2011
cfo,NetCashProvidedByUsedInOperatingActivities,us-gaap,USD,2012-01-30,2012-04-29,-9208000.0,2012,Q1,10-Q,2012-05-23,0001045810-12-000027,
cfo,NetCashProvidedByUsedInOperatingActivities,us-gaap,USD,2012-01-30,2012-04-29,-9208000.0,2013,Q1,10-Q,2013-05-22,0001045810-13-000054,CY2012Q1
cfo,NetCashProvidedByUsedInOperatingActivities,us-gaap,USD,2012-01-30,2012-07-29,191678000.0,2012,Q2,10-Q,2012-08-22,0001045810-12-000036,
cfo,NetCashProvidedByUsedInOperatingActivities,us-gaap,USD,2012-01-30,2012-07-29,191678000.0,2013,Q2,10-Q,2013-08-21,0001045810-13-000075,
cfo,NetCashProvidedByUsedInOperatingActivities,us-gaap,USD,2012-01-30,2012-10-28,373163000.0,2012,Q3,10-Q,2012-11-19,0001045810-12-000060,
cfo,NetCashProvidedByUsedInOperatingActivities,us-gaap,USD,2012-01-30,2012-10-28,373163000.0,2013,Q3,10-Q,2013-11-19,0001045810-13-000109,
cfo,NetCashProvidedByUsedInOperatingActivities,us-gaap,USD,2012-01-30,2013-01-27,824172000.0,2012,FY,10-K,2013-03-12,0001045810-13-000008,
cfo,NetCashProvidedByUsedInOperatingActivities,us-gaap,USD,2012-01-30,2013-01-27,824172000.0,2013,FY,10-K,2014-03-13,0001045810-14-000030,
cfo,NetCashProvidedByUsedInOperatingActivities,us-gaap,USD,2012-01-30,2013-01-27,824172000.0,2015,FY,10-K,2015-03-12,0001045810-15-000036,CY2012
cfo,NetCashProvidedByUsedInOperatingActivities,us-gaap,USD,2013-01-28,2013-04-28,175650000.0,2013,Q1,10-Q,2013-05-22,0001045810-13-000054,
cfo,NetCashProvidedByUsedInOperatingActivities,us-gaap,USD,2013-01-28,2013-04-28,175650000.0,2014,Q1,10-Q,2014-05-21,0001045810-14-000085,CY2013Q1
cfo,NetCashProvidedByUsedInOperatingActivities,us-gaap,USD,2013-01-28,2013-07-28,272119000.0,2013,Q2,10-Q,2013-08-21,0001045810-13-000075,
cfo,NetCashProvidedByUsedInOperatingActivities,us-gaap,USD,2013-01-28,2013-07-28,272119000.0,2015,Q2,10-Q,2014-08-20,0001045810-14-000158,
cfo,NetCashProvidedByUsedInOperatingActivities,us-gaap,USD,2013-01-28,2013-10-27,434434000.0,2013,Q3,10-Q,2013-11-19,0001045810-13-000109,
cfo,NetCashProvidedByUsedInOperatingActivities,us-gaap,USD,2013-01-28,2013-10-27,434434000.0,2015,Q3,10-Q,2014-11-19,0001045810-14-000188,
cfo,NetCashProvidedByUsedInOperatingActivities,us-gaap,USD,2013-01-28,2014-01-26,835146000.0,2013,FY,10-K,2014-03-13,0001045810-14-000030,
cfo,NetCashProvidedByUsedInOperatingActivities,us-gaap,USD,2013-01-28,2014-01-26,835146000.0,2015,FY,10-K,2015-03-12,0001045810-15-000036,
cfo,NetCashProvidedByUsedInOperatingActivities,us-gaap,USD,2013-01-28,2014-01-26,835000000.0,2016,FY,10-K,2016-03-17,0001045810-16-000205,CY2013
cfo,NetCashProvidedByUsedInOperatingActivities,us-gaap,USD,2014-01-27,2014-04-27,151022000.0,2014,Q1,10-Q,2014-05-21,0001045810-14-000085,
cfo,NetCashProvidedByUsedInOperatingActivities,us-gaap,USD,2014-01-27,2014-04-27,151000000.0,2016,Q1,10-Q,2015-05-20,0001045810-15-000097,CY2014Q1
cfo,NetCashProvidedByUsedInOperatingActivities,us-gaap,USD,2014-01-27,2014-07-27,247304000.0,2015,Q2,10-Q,2014-08-20,0001045810-14-000158,
cfo,NetCashProvidedByUsedInOperatingActivities,us-gaap,USD,2014-01-27,2014-07-27,247000000.0,2016,Q2,10-Q,2015-08-19,0001045810-15-000143,
cfo,NetCashProvidedByUsedInOperatingActivities,us-gaap,USD,2014-01-27,2014-10-26,462927000.0,2015,Q3,10-Q,2014-11-19,0001045810-14-000188,
cfo,NetCashProvidedByUsedInOperatingActivities,us-gaap,USD,2014-01-27,2014-10-26,463000000.0,2016,Q3,10-Q,2015-11-18,0001045810-15-000173,
cfo,NetCashProvidedByUsedInOperatingActivities,us-gaap,USD,2014-01-27,2015-01-25,905656000.0,2015,FY,10-K,2015-03-12,0001045810-15-000036,
cfo,NetCashProvidedByUsedInOperatingActivities,us-gaap,USD,2014-01-27,2015-01-25,906000000.0,2016,FY,10-K,2016-03-17,0001045810-16-000205,
cfo,NetCashProvidedByUsedInOperatingActivities,us-gaap,USD,2014-01-27,2015-01-25,906000000.0,2017,FY,10-K,2017-03-01,0001045810-17-000027,CY2014
cfo,NetCashProvidedByUsedInOperatingActivities,us-gaap,USD,2015-01-26,2015-04-26,246000000.0,2016,Q1,10-Q,2015-05-20,0001045810-15-000097,
cfo,NetCashProvidedByUsedInOperatingActivities,us-gaap,USD,2015-01-26,2015-04-26,246000000.0,2017,Q1,10-Q,2016-05-25,0001045810-16-000275,CY2015Q1
cfo,NetCashProvidedByUsedInOperatingActivities,us-gaap,USD,2015-01-26,2015-07-26,409000000.0,2016,Q2,10-Q,2015-08-19,0001045810-15-000143,
cfo,NetCashProvidedByUsedInOperatingActivities,us-gaap,USD,2015-01-26,2015-07-26,409000000.0,2017,Q2,10-Q,2016-08-23,0001045810-16-000300,
cfo,NetCashProvidedByUsedInOperatingActivities,us-gaap,USD,2015-01-26,2015-10-25,664000000.0,2016,Q3,10-Q,2015-11-18,0001045810-15-000173,
cfo,NetCashProvidedByUsedInOperatingActivities,us-gaap,USD,2015-01-26,2015-10-25,664000000.0,2017,Q3,10-Q,2016-11-22,0001045810-16-000353,
cfo,NetCashProvidedByUsedInOperatingActivities,us-gaap,USD,2015-01-26,2016-01-31,1175000000.0,2016,FY,10-K,2016-03-17,0001045810-16-000205,
cfo,NetCashProvidedByUsedInOperatingActivities,us-gaap,USD,2015-01-26,2016-01-31,1175000000.0,2017,FY,10-K,2017-03-01,0001045810-17-000027,
cfo,NetCashProvidedByUsedInOperatingActivities,us-gaap,USD,2015-01-26,2016-01-31,1175000000.0,2018,FY,10-K,2018-02-28,0001045810-18-000010,CY2015
cfo,NetCashProvidedByUsedInOperatingActivities,us-gaap,USD,2016-02-01,2016-05-01,309000000.0,2017,Q1,10-Q,2016-05-25,0001045810-16-000275,
cfo,NetCashProvidedByUsedInOperatingActivities,us-gaap,USD,2016-02-01,2016-05-01,318000000.0,2017,Q3,10-Q,2016-11-22,0001045810-16-000353,
cfo,NetCashProvidedByUsedInOperatingActivities,us-gaap,USD,2016-02-01,2016-05-01,318000000.0,2017,FY,10-K,2017-03-01,0001045810-17-000027,
cfo,NetCashProvidedByUsedInOperatingActivities,us-gaap,USD,2016-02-01,2016-05-01,319000000.0,2018,Q1,10-Q,2017-05-23,0001045810-17-000075,CY2016Q1
cfo,NetCashProvidedByUsedInOperatingActivities,us-gaap,USD,2016-02-01,2016-07-31,493000000.0,2017,Q2,10-Q,2016-08-23,0001045810-16-000300,
cfo,NetCashProvidedByUsedInOperatingActivities,us-gaap,USD,2016-02-01,2016-07-31,519000000.0,2017,Q3,10-Q,2016-11-22,0001045810-16-000353,
cfo,NetCashProvidedByUsedInOperatingActivities,us-gaap,USD,2016-05-02,2016-07-31,201000000.0,2017,Q3,10-Q,2016-11-22,0001045810-16-000353,
cfo,NetCashProvidedByUsedInOperatingActivities,us-gaap,USD,2016-02-01,2016-07-31,519000000.0,2017,FY,10-K,2017-03-01,0001045810-17-000027,
cfo,NetCashProvidedByUsedInOperatingActivities,us-gaap,USD,2016-05-02,2016-07-31,201000000.0,2017,FY,10-K,2017-03-01,0001045810-17-000027,CY2016Q2
cfo,NetCashProvidedByUsedInOperatingActivities,us-gaap,USD,2016-02-01,2016-07-31,519000000.0,2018,Q2,10-Q,2017-08-23,0001045810-17-000123,
cfo,NetCashProvidedByUsedInOperatingActivities,us-gaap,USD,2016-02-01,2016-10-30,951000000.0,2017,Q3,10-Q,2016-11-22,0001045810-16-000353,
cfo,NetCashProvidedByUsedInOperatingActivities,us-gaap,USD,2016-02-01,2016-10-30,951000000.0,2018,Q3,10-Q,2017-11-21,0001045810-17-000172,
cfo,NetCashProvidedByUsedInOperatingActivities,us-gaap,USD,2016-02-01,2017-01-29,1672000000.0,2017,FY,10-K,2017-03-01,0001045810-17-000027,
cfo,NetCashProvidedByUsedInOperatingActivities,us-gaap,USD,2016-02-01,2017-01-29,1672000000.0,2018,FY,10-K,2018-02-28,0001045810-18-000010,
cfo,NetCashProvidedByUsedInOperatingActivities,us-gaap,USD,2016-02-01,2017-01-29,1672000000.0,2019,FY,10-K,2019-02-21,0001045810-19-000023,CY2016
cfo,NetCashProvidedByUsedInOperatingActivities,us-gaap,USD,2017-01-30,2017-04-30,282000000.0,2018,Q1,10-Q,2017-05-23,0001045810-17-000075,
cfo,NetCashProvidedByUsedInOperatingActivities,us-gaap,USD,2017-01-30,2017-04-30,282000000.0,2019,Q1,10-Q,2018-05-22,0001045810-18-000080,CY2017Q1
cfo,NetCashProvidedByUsedInOperatingActivities,us-gaap,USD,2017-01-30,2017-07-30,987000000.0,2018,Q2,10-Q,2017-08-23,0001045810-17-000123,
cfo,NetCashProvidedByUsedInOperatingActivities,us-gaap,USD,2017-01-30,2017-07-30,987000000.0,2019,Q2,10-Q,2018-08-16,0001045810-18-000114,
cfo,NetCashProvidedByUsedInOperatingActivities,us-gaap,USD,2017-01-30,2017-10-29,2144000000.0,2018,Q3,10-Q,2017-11-21,0001045810-17-000172,
cfo,NetCashProvidedByUsedInOperatingActivities,us-gaap,USD,2017-01-30,2017-10-29,2144000000.0,2019,Q3,10-Q,2018-11-15,0001045810-18-000150,
cfo,NetCashProvidedByUsedInOperatingActivities,us-gaap,USD,2017-01-30,2018-01-28,3502000000.0,2018,FY,10-K,2018-02-28,0001045810-18-000010,
cfo,NetCashProvidedByUsedInOperatingActivities,us-gaap,USD,2017-01-30,2018-01-28,3502000000.0,2019,FY,10-K,2019-02-21,0001045810-19-000023,
cfo,NetCashProvidedByUsedInOperatingActivities,us-gaap,USD,2017-01-30,2018-01-28,3502000000.0,2020,FY,10-K,2020-02-20,0001045810-20-000010,CY2017
cfo,NetCashProvidedByUsedInOperatingActivities,us-gaap,USD,2018-01-29,2018-04-29,1445000000.0,2019,Q1,10-Q,2018-05-22,0001045810-18-000080,
cfo,NetCashProvidedByUsedInOperatingActivities,us-gaap,USD,2018-01-29,2018-04-29,1445000000.0,2020,Q1,10-Q,2019-05-16,0001045810-19-000079,CY2018Q1
cfo,NetCashProvidedByUsedInOperatingActivities,us-gaap,USD,2018-01-29,2018-07-29,2358000000.0,2019,Q2,10-Q,2018-08-16,0001045810-18-000114,
cfo,NetCashProvidedByUsedInOperatingActivities,us-gaap,USD,2018-01-29,2018-07-29,2358000000.0,2020,Q2,10-Q,2019-08-15,0001045810-19-000144,
cfo,NetCashProvidedByUsedInOperatingActivities,us-gaap,USD,2018-01-29,2018-10-28,2845000000.0,2019,Q3,10-Q,2018-11-15,0001045810-18-000150,
cfo,NetCashProvidedByUsedInOperatingActivities,us-gaap,USD,2018-01-29,2018-10-28,2845000000.0,2020,Q3,10-Q,2019-11-14,0001045810-19-000170,
cfo,NetCashProvidedByUsedInOperatingActivities,us-gaap,USD,2018-01-29,2019-01-27,3743000000.0,2019,FY,10-K,2019-02-21,0001045810-19-000023,
cfo,NetCashProvidedByUsedInOperatingActivities,us-gaap,USD,2018-01-29,2019-01-27,3743000000.0,2020,FY,10-K,2020-02-20,0001045810-20-000010,
cfo,NetCashProvidedByUsedInOperatingActivities,us-gaap,USD,2018-01-29,2019-01-27,3743000000.0,2021,FY,10-K,2021-02-26,0001045810-21-000010,CY2018
cfo,NetCashProvidedByUsedInOperatingActivities,us-gaap,USD,2019-01-28,2019-04-28,720000000.0,2020,Q1,10-Q,2019-05-16,0001045810-19-000079,
cfo,NetCashProvidedByUsedInOperatingActivities,us-gaap,USD,2019-01-28,2019-04-28,720000000.0,2020,Q1,10-Q,2020-05-21,0001045810-20-000065,CY2019Q1
cfo,NetCashProvidedByUsedInOperatingActivities,us-gaap,USD,2019-01-28,2019-07-28,1656000000.0,2020,Q2,10-Q,2019-08-15,0001045810-19-000144,
cfo,NetCashProvidedByUsedInOperatingActivities,us-gaap,USD,2019-01-28,2019-07-28,1656000000.0,2020,Q2,10-Q,2020-08-19,0001045810-20-000147,
cfo,NetCashProvidedByUsedInOperatingActivities,us-gaap,USD,2019-01-28,2019-10-27,3296000000.0,2020,Q3,10-Q,2019-11-14,0001045810-19-000170,
cfo,NetCashProvidedByUsedInOperatingActivities,us-gaap,USD,2019-01-28,2019-10-27,3296000000.0,2021,Q3,10-Q,2020-11-18,0001045810-20-000189,
cfo,NetCashProvidedByUsedInOperatingActivities,us-gaap,USD,2019-01-28,2020-01-26,4761000000.0,2020,FY,10-K,2020-02-20,0001045810-20-000010,
cfo,NetCashProvidedByUsedInOperatingActivities,us-gaap,USD,2019-01-28,2020-01-26,4761000000.0,2021,FY,10-K,2021-02-26,0001045810-21-000010,
cfo,NetCashProvidedByUsedInOperatingActivities,us-gaap,USD,2019-01-28,2020-01-26,4761000000.0,2022,FY,10-K,2022-03-18,0001045810-22-000036,CY2019
cfo,NetCashProvidedByUsedInOperatingActivities,us-gaap,USD,2020-01-27,2020-04-26,909000000.0,2020,Q1,10-Q,2020-05-21,0001045810-20-000065,
cfo,NetCashProvidedByUsedInOperatingActivities,us-gaap,USD,2020-01-27,2020-04-26,909000000.0,2022,Q1,10-Q,2021-05-26,0001045810-21-000064,CY2020Q1
cfo,NetCashProvidedByUsedInOperatingActivities,us-gaap,USD,2020-01-27,2020-07-26,2476000000.0,2020,Q2,10-Q,2020-08-19,0001045810-20-000147,
cfo,NetCashProvidedByUsedInOperatingActivities,us-gaap,USD,2020-01-27,2020-07-26,2476000000.0,2022,Q2,10-Q,2021-08-20,0001045810-21-000131,
cfo,NetCashProvidedByUsedInOperatingActivities,us-gaap,USD,2020-01-27,2020-10-25,3755000000.0,2021,Q3,10-Q,2020-11-18,0001045810-20-000189,
cfo,NetCashProvidedByUsedInOperatingActivities,us-gaap,USD,2020-01-27,2020-10-25,3755000000.0,2022,Q3,10-Q,2021-11-22,0001045810-21-000163,
cfo,NetCashProvidedByUsedInOperatingActivities,us-gaap,USD,2020-01-27,2021-01-31,5822000000.0,2021,FY,10-K,2021-02-26,0001045810-21-000010,
cfo,NetCashProvidedByUsedInOperatingActivities,us-gaap,USD,2020-01-27,2021-01-31,5822000000.0,2022,FY,10-K,2022-03-18,0001045810-22-000036,
cfo,NetCashProvidedByUsedInOperatingActivities,us-gaap,USD,2020-01-27,2021-01-31,5822000000.0,2023,FY,10-K,2023-02-24,0001045810-23-000017,CY2020
cfo,NetCashProvidedByUsedInOperatingActivities,us-gaap,USD,2021-02-01,2021-05-02,1874000000.0,2022,Q1,10-Q,2021-05-26,0001045810-21-000064,
cfo,NetCashProvidedByUsedInOperatingActivities,us-gaap,USD,2021-02-01,2021-05-02,1874000000.0,2023,Q1,10-Q,2022-05-27,0001045810-22-000079,CY2021Q1
cfo,NetCashProvidedByUsedInOperatingActivities,us-gaap,USD,2021-02-01,2021-08-01,4556000000.0,2022,Q2,10-Q,2021-08-20,0001045810-21-000131,
cfo,NetCashProvidedByUsedInOperatingActivities,us-gaap,USD,2021-02-01,2021-08-01,4556000000.0,2023,Q2,10-Q,2022-08-31,0001045810-22-000147,
cfo,NetCashProvidedByUsedInOperatingActivities,us-gaap,USD,2021-02-01,2021-10-31,6075000000.0,2022,Q3,10-Q,2021-11-22,0001045810-21-000163,
cfo,NetCashProvidedByUsedInOperatingActivities,us-gaap,USD,2021-02-01,2021-10-31,6075000000.0,2023,Q3,10-Q,2022-11-18,0001045810-22-000166,
cfo,NetCashProvidedByUsedInOperatingActivities,us-gaap,USD,2021-02-01,2022-01-30,9108000000.0,2022,FY,10-K,2022-03-18,0001045810-22-000036,
cfo,NetCashProvidedByUsedInOperatingActivities,us-gaap,USD,2021-02-01,2022-01-30,9108000000.0,2023,FY,10-K,2023-02-24,0001045810-23-000017,
cfo,NetCashProvidedByUsedInOperatingActivities,us-gaap,USD,2021-02-01,2022-01-30,9108000000.0,2024,FY,10-K,2024-02-21,0001045810-24-000029,CY2021
cfo,NetCashProvidedByUsedInOperatingActivities,us-gaap,USD,2022-01-31,2022-05-01,1731000000.0,2023,Q1,10-Q,2022-05-27,0001045810-22-000079,
cfo,NetCashProvidedByUsedInOperatingActivities,us-gaap,USD,2022-01-31,2022-05-01,1731000000.0,2024,Q1,10-Q,2023-05-26,0001045810-23-000093,CY2022Q1
cfo,NetCashProvidedByUsedInOperatingActivities,us-gaap,USD,2022-01-31,2022-07-31,3001000000.0,2023,Q2,10-Q,2022-08-31,0001045810-22-000147,
cfo,NetCashProvidedByUsedInOperatingActivities,us-gaap,USD,2022-01-31,2022-07-31,3001000000.0,2024,Q2,10-Q,2023-08-28,0001045810-23-000175,
cfo,NetCashProvidedByUsedInOperatingActivities,us-gaap,USD,2022-01-31,2022-10-30,3393000000.0,2023,Q3,10-Q,2022-11-18,0001045810-22-000166,
cfo,NetCashProvidedByUsedInOperatingActivities,us-gaap,USD,2022-01-31,2022-10-30,3393000000.0,2024,Q3,10-Q,2023-11-21,0001045810-23-000227,
cfo,NetCashProvidedByUsedInOperatingActivities,us-gaap,USD,2022-01-31,2023-01-29,5641000000.0,2023,FY,10-K,2023-02-24,0001045810-23-000017,
cfo,NetCashProvidedByUsedInOperatingActivities,us-gaap,USD,2022-01-31,2023-01-29,5641000000.0,2024,FY,10-K,2024-02-21,0001045810-24-000029,
cfo,NetCashProvidedByUsedInOperatingActivities,us-gaap,USD,2022-01-31,2023-01-29,5641000000.0,2025,FY,10-K,2025-02-26,0001045810-25-000023,CY2022
cfo,NetCashProvidedByUsedInOperatingActivities,us-gaap,USD,2023-01-30,2023-04-30,2911000000.0,2024,Q1,10-Q,2023-05-26,0001045810-23-000093,
cfo,NetCashProvidedByUsedInOperatingActivities,us-gaap,USD,2023-01-30,2023-04-30,2911000000.0,2025,Q1,10-Q,2024-05-29,0001045810-24-000124,CY2023Q1
cfo,NetCashProvidedByUsedInOperatingActivities,us-gaap,USD,2023-01-30,2023-07-30,9259000000.0,2024,Q2,10-Q,2023-08-28,0001045810-23-000175,
cfo,NetCashProvidedByUsedInOperatingActivities,us-gaap,USD,2023-01-30,2023-07-30,9259000000.0,2025,Q2,10-Q,2024-08-28,0001045810-24-000264,
cfo,NetCashProvidedByUsedInOperatingActivities,us-gaap,USD,2023-01-30,2023-10-29,16591000000.0,2024,Q3,10-Q,2023-11-21,0001045810-23-000227,
cfo,NetCashProvidedByUsedInOperatingActivities,us-gaap,USD,2023-01-30,2023-10-29,16591000000.0,2025,Q3,10-Q,2024-11-20,0001045810-24-000316,
cfo,NetCashProvidedByUsedInOperatingActivities,us-gaap,USD,2023-01-30,2024-01-28,28090000000.0,2024,FY,10-K,2024-02-21,0001045810-24-000029,
cfo,NetCashProvidedByUsedInOperatingActivities,us-gaap,USD,2023-01-30,2024-01-28,28090000000.0,2025,FY,10-K,2025-02-26,0001045810-25-000023,
cfo,NetCashProvidedByUsedInOperatingActivities,us-gaap,USD,2023-01-30,2024-01-28,28090000000.0,2026,FY,10-K,2026-02-25,0001045810-26-000021,CY2023
cfo,NetCashProvidedByUsedInOperatingActivities,us-gaap,USD,2024-01-29,2024-04-28,15345000000.0,2025,Q1,10-Q,2024-05-29,0001045810-24-000124,
cfo,NetCashProvidedByUsedInOperatingActivities,us-gaap,USD,2024-01-29,2024-04-28,15345000000.0,2026,Q1,10-Q,2025-05-28,0001045810-25-000116,CY2024Q1
cfo,NetCashProvidedByUsedInOperatingActivities,us-gaap,USD,2024-01-29,2024-07-28,29833000000.0,2025,Q2,10-Q,2024-08-28,0001045810-24-000264,
cfo,NetCashProvidedByUsedInOperatingActivities,us-gaap,USD,2024-01-29,2024-07-28,29833000000.0,2026,Q2,10-Q,2025-08-27,0001045810-25-000209,
cfo,NetCashProvidedByUsedInOperatingActivities,us-gaap,USD,2024-01-29,2024-10-27,47460000000.0,2025,Q3,10-Q,2024-11-20,0001045810-24-000316,
cfo,NetCashProvidedByUsedInOperatingActivities,us-gaap,USD,2024-01-29,2024-10-27,47460000000.0,2026,Q3,10-Q,2025-11-19,0001045810-25-000230,
cfo,NetCashProvidedByUsedInOperatingActivities,us-gaap,USD,2024-01-29,2025-01-26,64089000000.0,2025,FY,10-K,2025-02-26,0001045810-25-000023,
cfo,NetCashProvidedByUsedInOperatingActivities,us-gaap,USD,2024-01-29,2025-01-26,64089000000.0,2026,FY,10-K,2026-02-25,0001045810-26-000021,CY2024
cfo,NetCashProvidedByUsedInOperatingActivities,us-gaap,USD,2025-01-27,2025-04-27,27414000000.0,2026,Q1,10-Q,2025-05-28,0001045810-25-000116,
cfo,NetCashProvidedByUsedInOperatingActivities,us-gaap,USD,2025-01-27,2025-04-27,27414000000.0,2027,Q1,10-Q,2026-05-20,0001045810-26-000052,CY2025Q1
cfo,NetCashProvidedByUsedInOperatingActivities,us-gaap,USD,2025-01-27,2025-07-27,42779000000.0,2026,Q2,10-Q,2025-08-27,0001045810-25-000209,
cfo,NetCashProvidedByUsedInOperatingActivities,us-gaap,USD,2025-01-27,2025-07-27,42779000000.0,2027,Q2,10-Q,2026-08-26,0001045810-26-000075,
cfo,NetCashProvidedByUsedInOperatingActivities,us-gaap,USD,2025-01-27,2025-10-26,66530000000.0,2026,Q3,10-Q,2025-11-19,0001045810-25-000230,
cfo,NetCashProvidedByUsedInOperatingActivities,us-gaap,USD,2025-01-27,2026-01-25,102718000000.0,2026,FY,10-K,2026-02-25,0001045810-26-000021,CY2025
cfo,NetCashProvidedByUsedInOperatingActivities,us-gaap,USD,2026-01-26,2026-04-26,50344000000.0,2027,Q1,10-Q,2026-05-20,0001045810-26-000052,CY2026Q1
cfo,NetCashProvidedByUsedInOperatingActivities,us-gaap,USD,2026-01-26,2026-07-26,74421000000.0,2027,Q2,10-Q,2026-08-26,0001045810-26-000075,
cost_of_revenue,CostOfRevenue,us-gaap,USD,2007-01-29,2008-01-27,2228580000.0,2010,FY,10-K,2010-03-18,0001045810-10-000006,CY2007
cost_of_revenue,CostOfRevenue,us-gaap,USD,2008-01-25,2008-07-27,1381304000.0,2009,Q2,10-Q,2009-08-20,0001045810-09-000024,
cost_of_revenue,CostOfRevenue,us-gaap,USD,2008-04-27,2008-07-27,742759000.0,2009,Q2,10-Q,2009-08-20,0001045810-09-000024,CY2008Q2
cost_of_revenue,CostOfRevenue,us-gaap,USD,2008-01-28,2008-10-26,1911116000.0,2009,Q3,10-Q,2009-11-19,0001045810-09-000036,
cost_of_revenue,CostOfRevenue,us-gaap,USD,2008-07-28,2008-10-26,529812000.0,2009,Q3,10-Q,2009-11-19,0001045810-09-000036,CY2008Q3
cost_of_revenue,CostOfRevenue,us-gaap,USD,2008-01-28,2009-01-25,2250590000.0,2010,FY,10-K,2010-03-18,0001045810-10-000006,
cost_of_revenue,CostOfRevenue,us-gaap,USD,2008-01-28,2009-01-25,2250590000.0,2010,FY,10-K,2011-03-16,0001045810-11-000015,CY2008
cost_of_revenue,CostOfRevenue,us-gaap,USD,2009-01-26,2009-04-26,474535000.0,2010,Q2,10-Q,2010-05-21,0001045810-10-000018,
cost_of_revenue,CostOfRevenue,us-gaap,USD,2009-01-26,2009-04-26,474535000.0,2010,FY,10-K,2011-03-16,0001045810-11-000015,CY2009Q1
cost_of_revenue,CostOfRevenue,us-gaap,USD,2009-01-25,2009-07-26,1094332000.0,2009,Q2,10-Q,2009-08-20,0001045810-09-000024,
cost_of_revenue,CostOfRevenue,us-gaap,USD,2009-04-27,2009-07-26,619797000.0,2009,Q2,10-Q,2009-08-20,0001045810-09-000024,
cost_of_revenue,CostOfRevenue,us-gaap,USD,2009-01-26,2009-07-26,1094332000.0,2010,Q3,10-Q,2010-08-30,0001045810-10-000029,
cost_of_revenue,CostOfRevenue,us-gaap,USD,2009-04-27,2009-07-26,619797000.0,2010,Q3,10-Q,2010-08-30,0001045810-10-000029,
cost_of_revenue,CostOfRevenue,us-gaap,USD,2009-04-27,2009-07-26,619797000.0,2010,FY,10-K,2011-03-16,0001045810-11-000015,CY2009Q2
cost_of_revenue,CostOfRevenue,us-gaap,USD,2009-01-26,2009-10-25,1605755000.0,2009,Q3,10-Q,2009-11-19,0001045810-09-000036,
cost_of_revenue,CostOfRevenue,us-gaap,USD,2009-07-27,2009-10-25,511423000.0,2009,Q3,10-Q,2009-11-19,0001045810-09-000036,
cost_of_revenue,CostOfRevenue,us-gaap,USD,2009-01-26,2009-10-25,1605755000.0,2010,Q3,10-Q,2010-12-07,0001045810-10-000045,
cost_of_revenue,CostOfRevenue,us-gaap,USD,2009-07-27,2009-10-25,511423000.0,2010,Q3,10-Q,2010-12-07,0001045810-10-000045,
cost_of_revenue,CostOfRevenue,us-gaap,USD,2009-07-27,2009-10-25,511423000.0,2010,FY,10-K,2011-03-16,0001045810-11-000015,CY2009Q3
cost_of_revenue,CostOfRevenue,us-gaap,USD,2009-01-26,2010-01-31,2149522000.0,2010,FY,10-K,2010-03-18,0001045810-10-000006,
cost_of_revenue,CostOfRevenue,us-gaap,USD,2009-01-26,2010-01-31,2149522000.0,2010,FY,10-K,2011-03-16,0001045810-11-000015,
cost_of_revenue,CostOfRevenue,us-gaap,USD,2009-10-26,2010-01-31,543767000.0,2010,FY,10-K,2011-03-16,0001045810-11-000015,CY2009Q4
cost_of_revenue,CostOfRevenue,us-gaap,USD,2009-01-26,2010-01-31,2149522000.0,2011,FY,10-K,2012-03-13,0001045810-12-000013,CY2009
cost_of_revenue,CostOfRevenue,us-gaap,USD,2010-02-01,2010-05-02,545436000.0,2010,Q2,10-Q,2010-05-21,0001045810-10-000018,
cost_of_revenue,CostOfRevenue,us-gaap,USD,2010-02-01,2010-05-02,545436000.0,2010,FY,10-K,2011-03-16,0001045810-11-000015,
cost_of_revenue,CostOfRevenue,us-gaap,USD,2010-02-01,2010-05-02,545436000.0,2011,Q1,10-Q,2011-05-27,0001045810-11-000031,
cost_of_revenue,CostOfRevenue,us-gaap,USD,2010-02-01,2010-05-02,545436000.0,2011,FY,10-K,2012-03-13,0001045810-12-000013,CY2010Q1
cost_of_revenue,CostOfRevenue,us-gaap,USD,2010-05-03,2010-07-31,676916000.0,2011,FY,10-K,2012-03-13,0001045810-12-000013,CY2010Q2
cost_of_revenue,CostOfRevenue,us-gaap,USD,2010-02-01,2010-08-01,1222352000.0,2010,Q3,10-Q,2010-08-30,0001045810-10-000029,
cost_of_revenue,CostOfRevenue,us-gaap,USD,2010-05-03,2010-08-01,676916000.0,2010,Q3,10-Q,2010-08-30,0001045810-10-000029,
cost_of_revenue,CostOfRevenue,us-gaap,USD,2010-05-03,2010-08-01,676916000.0,2010,FY,10-K,2011-03-16,0001045810-11-000015,
cost_of_revenue,CostOfRevenue,us-gaap,USD,2010-02-01,2010-08-01,1222352000.0,2011,Q2,10-Q,2011-08-25,0001045810-11-000046,
cost_of_revenue,CostOfRevenue,us-gaap,USD,2010-05-03,2010-08-01,676916000.0,2011,Q2,10-Q,2011-08-25,0001045810-11-000046,
cost_of_revenue,CostOfRevenue,us-gaap,USD,2010-02-01,2010-10-31,1674202000.0,2010,Q3,10-Q,2010-12-07,0001045810-10-000045,
cost_of_revenue,CostOfRevenue,us-gaap,USD,2010-08-02,2010-10-31,451850000.0,2010,Q3,10-Q,2010-12-07,0001045810-10-000045,
cost_of_revenue,CostOfRevenue,us-gaap,USD,2010-08-02,2010-10-31,451850000.0,2010,FY,10-K,2011-03-16,0001045810-11-000015,
cost_of_revenue,CostOfRevenue,us-gaap,USD,2010-02-01,2010-10-31,1674202000.0,2011,Q3,10-Q,2011-11-22,0001045810-11-000056,
cost_of_revenue,CostOfRevenue,us-gaap,USD,2010-08-02,2010-10-31,451850000.0,2011,Q3,10-Q,2011-11-22,0001045810-11-000056,
cost_of_revenue,CostOfRevenue,us-gaap,USD,2010-08-02,2010-10-31,451850000.0,2011,FY,10-K,2012-03-13,0001045810-12-000013,CY2010Q3
cost_of_revenue,CostOfRevenue,us-gaap,USD,2010-02-01,2011-01-30,2134219000.0,2010,FY,10-K,2011-03-16,0001045810-11-000015,
cost_of_revenue,CostOfRevenue,us-gaap,USD,2010-11-01,2011-01-30,460017000.0,2010,FY,10-K,2011-03-16,0001045810-11-000015,
cost_of_revenue,CostOfRevenue,us-gaap,USD,2010-02-01,2011-01-30,2134219000.0,2011,FY,10-K,2012-03-13,0001045810-12-000013,
cost_of_revenue,CostOfRevenue,us-gaap,USD,2010-11-01,2011-01-30,460017000.0,2011,FY,10-K,2012-03-13,0001045810-12-000013,CY2010Q4
cost_of_revenue,CostOfRevenue,us-gaap,USD,2010-02-01,2011-01-30,2134219000.0,2012,FY,10-K,2013-03-12,0001045810-13-000008,CY2010
cost_of_revenue,CostOfRevenue,us-gaap,USD,2011-01-31,2011-05-01,477536000.0,2011,Q1,10-Q,2011-05-27,0001045810-11-000031,
cost_of_revenue,CostOfRevenue,us-gaap,USD,2011-01-31,2011-05-01,477536000.0,2011,FY,10-K,2012-03-13,0001045810-12-000013,
cost_of_revenue,CostOfRevenue,us-gaap,USD,2011-01-31,2011-05-01,477536000.0,2012,Q1,10-Q,2012-05-23,0001045810-12-000027,
cost_of_revenue,CostOfRevenue,us-gaap,USD,2011-01-31,2011-05-01,477536000.0,2012,FY,10-K,2013-03-12,0001045810-13-000008,CY2011Q1
cost_of_revenue,CostOfRevenue,us-gaap,USD,2011-01-31,2011-07-31,968769000.0,2011,Q2,10-Q,2011-08-25,0001045810-11-000046,
cost_of_revenue,CostOfRevenue,us-gaap,USD,2011-05-02,2011-07-31,491233000.0,2011,Q2,10-Q,2011-08-25,0001045810-11-000046,
cost_of_revenue,CostOfRevenue,us-gaap,USD,2011-05-02,2011-07-31,491233000.0,2011,FY,10-K,2012-03-13,0001045810-12-000013,
cost_of_revenue,CostOfRevenue,us-gaap,USD,2011-01-31,2011-07-31,968769000.0,2012,Q2,10-Q,2012-08-22,0001045810-12-000036,
cost_of_revenue,CostOfRevenue,us-gaap,USD,2011-05-02,2011-07-31,491233000.0,2012,Q2,10-Q,2012-08-22,0001045810-12-000036,
cost_of_revenue,CostOfRevenue,us-gaap,USD,2011-05-02,2011-07-31,491233000.0,2012,FY,10-K,2013-03-12,0001045810-13-000008,CY2011Q2
cost_of_revenue,CostOfRevenue,us-gaap,USD,2011-01-31,2011-10-30,1478232000.0,2011,Q3,10-Q,2011-11-22,0001045810-11-000056,
cost_of_revenue,CostOfRevenue,us-gaap,USD,2011-08-01,2011-10-30,509463000.0,2011,Q3,10-Q,2011-11-22,0001045810-11-000056,
cost_of_revenue,CostOfRevenue,us-gaap,USD,2011-08-01,2011-10-30,509463000.0,2011,FY,10-K,2012-03-13,0001045810-12-000013,
cost_of_revenue,CostOfRevenue,us-gaap,USD,2011-01-31,2011-10-30,1478232000.0,2012,Q3,10-Q,2012-11-19,0001045810-12-000060,
cost_of_revenue,CostOfRevenue,us-gaap,USD,2011-08-01,2011-10-30,509463000.0,2012,Q3,10-Q,2012-11-19,0001045810-12-000060,
cost_of_revenue,CostOfRevenue,us-gaap,USD,2011-08-01,2011-10-30,509463000.0,2012,FY,10-K,2013-03-12,0001045810-13-000008,CY2011Q3
cost_of_revenue,CostOfRevenue,us-gaap,USD,2011-01-31,2012-01-29,1941413000.0,2011,FY,10-K,2012-03-13,0001045810-12-000013,
cost_of_revenue,CostOfRevenue,us-gaap,USD,2011-10-31,2012-01-29,463181000.0,2011,FY,10-K,2012-03-13,0001045810-12-000013,
cost_of_revenue,CostOfRevenue,us-gaap,USD,2011-01-31,2012-01-29,1941413000.0,2012,FY,10-K,2013-03-12,0001045810-13-000008,
cost_of_revenue,CostOfRevenue,us-gaap,USD,2011-10-31,2012-01-29,463181000.0,2012,FY,10-K,2013-03-12,0001045810-13-000008,CY2011Q4
cost_of_revenue,CostOfRevenue,us-gaap,USD,2011-01-31,2012-01-29,1941413000.0,2013,FY,10-K,2014-03-13,0001045810-14-000030,CY2011
cost_of_revenue,CostOfRevenue,us-gaap,USD,2012-01-30,2012-04-29,461513000.0,2012,Q1,10-Q,2012-05-23,0001045810-12-000027,
cost_of_revenue,CostOfRevenue,us-gaap,USD,2012-01-30,2012-04-29,461513000.0,2012,FY,10-K,2013-03-12,0001045810-13-000008,
cost_of_revenue,CostOfRevenue,us-gaap,USD,2012-01-30,2012-04-29,461513000.0,2013,Q1,10-Q,2013-05-22,0001045810-13-000054,
cost_of_revenue,CostOfRevenue,us-gaap,USD,2012-01-30,2012-04-29,461513000.0,2013,FY,10-K,2014-03-13,0001045810-14-000030,CY2012Q1
cost_of_revenue,CostOfRevenue,us-gaap,USD,2012-01-30,2012-07-29,965064000.0,2012,Q2,10-Q,2012-08-22,0001045810-12-000036,
cost_of_revenue,CostOfRevenue,us-gaap,USD,2012-04-30,2012-07-29,503551000.0,2012,Q2,10-Q,2012-08-22,0001045810-12-000036,
cost_of_revenue,CostOfRevenue,us-gaap,USD,2012-04-30,2012-07-29,503551000.0,2012,FY,10-K,2013-03-12,0001045810-13-000008,
cost_of_revenue,CostOfRevenue,us-gaap,USD,2012-01-30,2012-07-29,965064000.0,2013,Q2,10-Q,2013-08-21,0001045810-13-000075,
cost_of_revenue,CostOfRevenue,us-gaap,USD,2012-04-30,2012-07-29,503551000.0,2013,Q2,10-Q,2013-08-21,0001045810-13-000075,
cost_of_revenue,CostOfRevenue,us-gaap,USD,2012-04-30,2012-07-29,503551000.0,2013,FY,10-K,2014-03-13,0001045810-14-000030,CY2012Q2
cost_of_revenue,CostOfRevenue,us-gaap,USD,2012-01-30,2012-10-28,1532516000.0,2012,Q3,10-Q,2012-11-19,0001045810-12-000060,
cost_of_revenue,CostOfRevenue,us-gaap,USD,2012-07-30,2012-10-28,567452000.0,2012,Q3,10-Q,2012-11-19,0001045810-12-000060,
cost_of_revenue,CostOfRevenue,us-gaap,USD,2012-07-30,2012-10-28,567452000.0,2012,FY,10-K,2013-03-12,0001045810-13-000008,
cost_of_revenue,CostOfRevenue,us-gaap,USD,2012-01-30,2012-10-28,1532516000.0,2013,Q3,10-Q,2013-11-19,0001045810-13-000109,
cost_of_revenue,CostOfRevenue,us-gaap,USD,2012-07-30,2012-10-28,567452000.0,2013,Q3,10-Q,2013-11-19,0001045810-13-000109,
cost_of_revenue,CostOfRevenue,us-gaap,USD,2012-07-30,2012-10-28,567452000.0,2013,FY,10-K,2014-03-13,0001045810-14-000030,CY2012Q3
cost_of_revenue,CostOfRevenue,us-gaap,USD,2012-01-30,2013-01-27,2053816000.0,2012,FY,10-K,2013-03-12,0001045810-13-000008,
cost_of_revenue,CostOfRevenue,us-gaap,USD,2012-10-29,2013-01-27,521300000.0,2012,FY,10-K,2013-03-12,0001045810-13-000008,
cost_of_revenue,CostOfRevenue,us-gaap,USD,2012-01-30,2013-01-27,2053816000.0,2013,FY,10-K,2014-03-13,0001045810-14-000030,
cost_of_revenue,CostOfRevenue,us-gaap,USD,2012-10-29,2013-01-27,521300000.0,2013,FY,10-K,2014-03-13,0001045810-14-000030,CY2012Q4
cost_of_revenue,CostOfRevenue,us-gaap,USD,2012-01-30,2013-01-27,2053816000.0,2015,FY,10-K,2015-03-12,0001045810-15-000036,CY2012
cost_of_revenue,CostOfRevenue,us-gaap,USD,2013-01-28,2013-04-28,436171000.0,2013,Q1,10-Q,2013-05-22,0001045810-13-000054,
cost_of_revenue,CostOfRevenue,us-gaap,USD,2013-01-28,2013-04-28,436171000.0,2013,FY,10-K,2014-03-13,0001045810-14-000030,
cost_of_revenue,CostOfRevenue,us-gaap,USD,2013-01-28,2013-04-28,436171000.0,2014,Q1,10-Q,2014-05-21,0001045810-14-000085,
cost_of_revenue,CostOfRevenue,us-gaap,USD,2013-01-28,2013-04-28,436171000.0,2015,FY,10-K,2015-03-12,0001045810-15-000036,CY2013Q1
cost_of_revenue,CostOfRevenue,us-gaap,USD,2013-01-28,2013-07-28,867871000.0,2013,Q2,10-Q,2013-08-21,0001045810-13-000075,
cost_of_revenue,CostOfRevenue,us-gaap,USD,2013-04-29,2013-07-28,431700000.0,2013,Q2,10-Q,2013-08-21,0001045810-13-000075,
cost_of_revenue,CostOfRevenue,us-gaap,USD,2013-04-29,2013-07-28,431700000.0,2013,FY,10-K,2014-03-13,0001045810-14-000030,
cost_of_revenue,CostOfRevenue,us-gaap,USD,2013-01-28,2013-07-28,867871000.0,2015,Q2,10-Q,2014-08-20,0001045810-14-000158,
cost_of_revenue,CostOfRevenue,us-gaap,USD,2013-04-29,2013-07-28,431700000.0,2015,Q2,10-Q,2014-08-20,0001045810-14-000158,
cost_of_revenue,CostOfRevenue,us-gaap,USD,2013-04-29,2013-07-28,431700000.0,2015,FY,10-K,2015-03-12,0001045810-15-000036,CY2013Q2
cost_of_revenue,CostOfRevenue,us-gaap,USD,2013-01-28,2013-10-27,1337423000.0,2013,Q3,10-Q,2013-11-19,0001045810-13-000109,
cost_of_revenue,CostOfRevenue,us-gaap,USD,2013-07-29,2013-10-27,469552000.0,2013,Q3,10-Q,2013-11-19,0001045810-13-000109,
cost_of_revenue,CostOfRevenue,us-gaap,USD,2013-07-29,2013-10-27,469552000.0,2013,FY,10-K,2014-03-13,0001045810-14-000030,
cost_of_revenue,CostOfRevenue,us-gaap,USD,2013-01-28,2013-10-27,1337423000.0,2015,Q3,10-Q,2014-11-19,0001045810-14-000188,
cost_of_revenue,CostOfRevenue,us-gaap,USD,2013-07-29,2013-10-27,469552000.0,2015,Q3,10-Q,2014-11-19,0001045810-14-000188,
cost_of_revenue,CostOfRevenue,us-gaap,USD,2013-07-29,2013-10-27,469552000.0,2015,FY,10-K,2015-03-12,0001045810-15-000036,CY2013Q3
cost_of_revenue,CostOfRevenue,us-gaap,USD,2013-01-28,2014-01-26,1862399000.0,2013,FY,10-K,2014-03-13,0001045810-14-000030,
cost_of_revenue,CostOfRevenue,us-gaap,USD,2013-10-28,2014-01-26,524976000.0,2013,FY,10-K,2014-03-13,0001045810-14-000030,
cost_of_revenue,CostOfRevenue,us-gaap,USD,2013-01-28,2014-01-26,1862399000.0,2015,FY,10-K,2015-03-12,0001045810-15-000036,
cost_of_revenue,CostOfRevenue,us-gaap,USD,2013-10-28,2014-01-26,524976000.0,2015,FY,10-K,2015-03-12,0001045810-15-000036,CY2013Q4
cost_of_revenue,CostOfRevenue,us-gaap,USD,2013-01-28,2014-01-26,1862000000.0,2016,FY,10-K,2016-03-17,0001045810-16-000205,CY2013
cost_of_revenue,CostOfRevenue,us-gaap,USD,2014-01-27,2014-04-27,498585000.0,2014,Q1,10-Q,2014-05-21,0001045810-14-000085,
cost_of_revenue,CostOfRevenue,us-gaap,USD,2014-01-27,2014-04-27,498585000.0,2015,FY,10-K,2015-03-12,0001045810-15-000036,
cost_of_revenue,CostOfRevenue,us-gaap,USD,2014-01-27,2014-04-27,499000000.0,2016,Q1,10-Q,2015-05-20,0001045810-15-000097,
cost_of_revenue,CostOfRevenue,us-gaap,USD,2014-01-27,2014-04-27,499000000.0,2016,FY,10-K,2016-03-17,0001045810-16-000205,CY2014Q1
cost_of_revenue,CostOfRevenue,us-gaap,USD,2014-01-27,2014-07-27,982435000.0,2015,Q2,10-Q,2014-08-20,0001045810-14-000158,
cost_of_revenue,CostOfRevenue,us-gaap,USD,2014-04-28,2014-07-27,483850000.0,2015,Q2,10-Q,2014-08-20,0001045810-14-000158,
cost_of_revenue,CostOfRevenue,us-gaap,USD,2014-04-28,2014-07-27,483850000.0,2015,FY,10-K,2015-03-12,0001045810-15-000036,
cost_of_revenue,CostOfRevenue,us-gaap,USD,2014-01-27,2014-07-27,983000000.0,2016,Q2,10-Q,2015-08-19,0001045810-15-000143,
cost_of_revenue,CostOfRevenue,us-gaap,USD,2014-04-28,2014-07-27,484000000.0,2016,Q2,10-Q,2015-08-19,0001045810-15-000143,
cost_of_revenue,CostOfRevenue,us-gaap,USD,2014-04-28,2014-07-27,484000000.0,2016,FY,10-K,2016-03-17,0001045810-16-000205,CY2014Q2
cost_of_revenue,CostOfRevenue,us-gaap,USD,2014-01-27,2014-10-26,1531119000.0,2015,Q3,10-Q,2014-11-19,0001045810-14-000188,
cost_of_revenue,CostOfRevenue,us-gaap,USD,2014-07-28,2014-10-26,548684000.0,2015,Q3,10-Q,2014-11-19,0001045810-14-000188,
cost_of_revenue,CostOfRevenue,us-gaap,USD,2014-07-28,2014-10-26,548684000.0,2015,FY,10-K,2015-03-12,0001045810-15-000036,
cost_of_revenue,CostOfRevenue,us-gaap,USD,2014-01-27,2014-10-26,1531000000.0,2016,Q3,10-Q,2015-11-18,0001045810-15-000173,
cost_of_revenue,CostOfRevenue,us-gaap,USD,2014-07-28,2014-10-26,549000000.0,2016,Q3,10-Q,2015-11-18,0001045810-15-000173,
cost_of_revenue,CostOfRevenue,us-gaap,USD,2014-07-28,2014-10-26,548000000.0,2016,FY,10-K,2016-03-17,0001045810-16-000205,CY2014Q3
cost_of_revenue,CostOfRevenue,us-gaap,USD,2014-01-27,2015-01-25,2082030000.0,2015,FY,10-K,2015-03-12,0001045810-15-000036,
cost_of_revenue,CostOfRevenue,us-gaap,USD,2014-10-27,2015-01-25,550911000.0,2015,FY,10-K,2015-03-12,0001045810-15-000036,
cost_of_revenue,CostOfRevenue,us-gaap,USD,2014-01-27,2015-01-25,2083000000.0,2016,FY,10-K,2016-03-17,0001045810-16-000205,
cost_of_revenue,CostOfRevenue,us-gaap,USD,2014-10-27,2015-01-25,552000000.0,2016,FY,10-K,2016-03-17,0001045810-16-000205,CY2014Q4
cost_of_revenue,CostOfRevenue,us-gaap,USD,2014-01-27,2015-01-25,2083000000.0,2017,FY,10-K,2017-03-01,0001045810-17-000027,CY2014
cost_of_revenue,CostOfRevenue,us-gaap,USD,2015-01-26,2015-04-26,498000000.0,2016,Q1,10-Q,2015-05-20,0001045810-15-000097,
cost_of_revenue,CostOfRevenue,us-gaap,USD,2015-01-26,2015-04-26,498000000.0,2016,FY,10-K,2016-03-17,0001045810-16-000205,
cost_of_revenue,CostOfRevenue,us-gaap,USD,2015-01-26,2015-04-26,498000000.0,2017,Q1,10-Q,2016-05-25,0001045810-16-000275,
cost_of_revenue,CostOfRevenue,us-gaap,USD,2015-01-26,2015-04-26,498000000.0,2017,FY,10-K,2017-03-01,0001045810-17-000027,CY2015Q1
cost_of_revenue,CostOfRevenue,us-gaap,USD,2015-01-26,2015-07-26,1018000000.0,2016,Q2,10-Q,2015-08-19,0001045810-15-000143,
cost_of_revenue,CostOfRevenue,us-gaap,USD,2015-04-27,2015-07-26,519000000.0,2016,Q2,10-Q,2015-08-19,0001045810-15-000143,
cost_of_revenue,CostOfRevenue,us-gaap,USD,2015-04-27,2015-07-26,519000000.0,2016,FY,10-K,2016-03-17,0001045810-16-000205,
cost_of_revenue,CostOfRevenue,us-gaap,USD,2015-01-26,2015-07-26,1018000000.0,2017,Q2,10-Q,2016-08-23,0001045810-16-000300,
cost_of_revenue,CostOfRevenue,us-gaap,USD,2015-04-27,2015-07-26,519000000.0,2017,Q2,10-Q,2016-08-23,0001045810-16-000300,
cost_of_revenue,CostOfRevenue,us-gaap,USD,2015-04-27,2015-07-26,519000000.0,2017,FY,10-K,2017-03-01,0001045810-17-000027,CY2015Q2
cost_of_revenue,CostOfRevenue,us-gaap,USD,2015-01-26,2015-10-25,1589000000.0,2016,Q3,10-Q,2015-11-18,0001045810-15-000173,
cost_of_revenue,CostOfRevenue,us-gaap,USD,2015-07-27,2015-10-25,571000000.0,2016,Q3,10-Q,2015-11-18,0001045810-15-000173,
cost_of_revenue,CostOfRevenue,us-gaap,USD,2015-07-27,2015-10-25,572000000.0,2016,FY,10-K,2016-03-17,0001045810-16-000205,
cost_of_revenue,CostOfRevenue,us-gaap,USD,2015-01-26,2015-10-25,1589000000.0,2017,Q3,10-Q,2016-11-22,0001045810-16-000353,
cost_of_revenue,CostOfRevenue,us-gaap,USD,2015-07-27,2015-10-25,571000000.0,2017,Q3,10-Q,2016-11-22,0001045810-16-000353,
cost_of_revenue,CostOfRevenue,us-gaap,USD,2015-07-27,2015-10-25,572000000.0,2017,FY,10-K,2017-03-01,0001045810-17-000027,CY2015Q3
cost_of_revenue,CostOfRevenue,us-gaap,USD,2015-01-26,2016-01-31,2199000000.0,2016,FY,10-K,2016-03-17,0001045810-16-000205,
cost_of_revenue,CostOfRevenue,us-gaap,USD,2015-10-26,2016-01-31,610000000.0,2016,FY,10-K,2016-03-17,0001045810-16-000205,
cost_of_revenue,CostOfRevenue,us-gaap,USD,2015-01-26,2016-01-31,2199000000.0,2017,FY,10-K,2017-03-01,0001045810-17-000027,
cost_of_revenue,CostOfRevenue,us-gaap,USD,2015-10-26,2016-01-31,610000000.0,2017,FY,10-K,2017-03-01,0001045810-17-000027,CY2015Q4
cost_of_revenue,CostOfRevenue,us-gaap,USD,2015-01-26,2016-01-31,2199000000.0,2018,FY,10-K,2018-02-28,0001045810-18-000010,CY2015
cost_of_revenue,CostOfRevenue,us-gaap,USD,2016-02-01,2016-05-01,554000000.0,2017,Q1,10-Q,2016-05-25,0001045810-16-000275,
cost_of_revenue,CostOfRevenue,us-gaap,USD,2016-02-01,2016-05-01,554000000.0,2017,FY,10-K,2017-03-01,0001045810-17-000027,
cost_of_revenue,CostOfRevenue,us-gaap,USD,2016-02-01,2016-05-01,554000000.0,2018,Q1,10-Q,2017-05-23,0001045810-17-000075,
cost_of_revenue,CostOfRevenue,us-gaap,USD,2016-02-01,2016-05-01,554000000.0,2018,FY,10-K,2018-02-28,0001045810-18-000010,CY2016Q1
cost_of_revenue,CostOfRevenue,us-gaap,USD,2016-02-01,2016-07-31,1156000000.0,2017,Q2,10-Q,2016-08-23,0001045810-16-000300,
cost_of_revenue,CostOfRevenue,us-gaap,USD,2016-05-02,2016-07-31,602000000.0,2017,Q2,10-Q,2016-08-23,0001045810-16-000300,
cost_of_revenue,CostOfRevenue,us-gaap,USD,2016-05-02,2016-07-31,602000000.0,2017,FY,10-K,2017-03-01,0001045810-17-000027,
cost_of_revenue,CostOfRevenue,us-gaap,USD,2016-02-01,2016-07-31,1156000000.0,2018,Q2,10-Q,2017-08-23,0001045810-17-000123,
cost_of_revenue,CostOfRevenue,us-gaap,USD,2016-05-02,2016-07-31,602000000.0,2018,Q2,10-Q,2017-08-23,0001045810-17-000123,
cost_of_revenue,CostOfRevenue,us-gaap,USD,2016-05-02,2016-07-31,602000000.0,2018,FY,10-K,2018-02-28,0001045810-18-000010,CY2016Q2
cost_of_revenue,CostOfRevenue,us-gaap,USD,2016-02-01,2016-10-30,1977000000.0,2017,Q3,10-Q,2016-11-22,0001045810-16-000353,
cost_of_revenue,CostOfRevenue,us-gaap,USD,2016-08-01,2016-10-30,821000000.0,2017,Q3,10-Q,2016-11-22,0001045810-16-000353,
cost_of_revenue,CostOfRevenue,us-gaap,USD,2016-08-01,2016-10-30,821000000.0,2017,FY,10-K,2017-03-01,0001045810-17-000027,
cost_of_revenue,CostOfRevenue,us-gaap,USD,2016-02-01,2016-10-30,1977000000.0,2018,Q3,10-Q,2017-11-21,0001045810-17-000172,
cost_of_revenue,CostOfRevenue,us-gaap,USD,2016-08-01,2016-10-30,821000000.0,2018,Q3,10-Q,2017-11-21,0001045810-17-000172,
cost_of_revenue,CostOfRevenue,us-gaap,USD,2016-08-01,2016-10-30,821000000.0,2018,FY,10-K,2018-02-28,0001045810-18-000010,CY2016Q3
cost_of_revenue,CostOfRevenue,us-gaap,USD,2016-02-01,2017-01-29,2847000000.0,2017,FY,10-K,2017-03-01,0001045810-17-000027,
cost_of_revenue,CostOfRevenue,us-gaap,USD,2016-10-31,2017-01-29,870000000.0,2017,FY,10-K,2017-03-01,0001045810-17-000027,
cost_of_revenue,CostOfRevenue,us-gaap,USD,2016-02-01,2017-01-29,2847000000.0,2018,FY,10-K,2018-02-28,0001045810-18-000010,CY2016
cost_of_revenue,CostOfRevenue,us-gaap,USD,2016-10-31,2017-01-29,870000000.0,2018,FY,10-K,2018-02-28,0001045810-18-000010,CY2016Q4
cost_of_revenue,CostOfRevenue,us-gaap,USD,2017-01-30,2017-04-30,787000000.0,2018,Q1,10-Q,2017-05-23,0001045810-17-000075,
cost_of_revenue,CostOfRevenue,us-gaap,USD,2017-01-30,2017-04-30,787000000.0,2018,FY,10-K,2018-02-28,0001045810-18-000010,
cost_of_revenue,CostOfRevenue,us-gaap,USD,2017-01-30,2017-04-30,787000000.0,2019,Q1,10-Q,2018-05-22,0001045810-18-000080,CY2017Q1
cost_of_revenue,CostOfRevenue,us-gaap,USD,2017-01-30,2017-07-30,1715000000.0,2018,Q2,10-Q,2017-08-23,0001045810-17-000123,
cost_of_revenue,CostOfRevenue,us-gaap,USD,2017-05-01,2017-07-30,928000000.0,2018,Q2,10-Q,2017-08-23,0001045810-17-000123,
cost_of_revenue,CostOfRevenue,us-gaap,USD,2017-01-30,2017-07-30,928000000.0,2018,FY,10-K,2018-02-28,0001045810-18-000010,
cost_of_revenue,CostOfRevenue,us-gaap,USD,2017-01-30,2017-07-30,1715000000.0,2019,Q2,10-Q,2018-08-16,0001045810-18-000114,
cost_of_revenue,CostOfRevenue,us-gaap,USD,2017-05-01,2017-07-30,928000000.0,2019,Q2,10-Q,2018-08-16,0001045810-18-000114,CY2017Q2
cost_of_revenue,CostOfRevenue,us-gaap,USD,2017-01-30,2017-10-29,2782000000.0,2018,Q3,10-Q,2017-11-21,0001045810-17-000172,
cost_of_revenue,CostOfRevenue,us-gaap,USD,2017-07-31,2017-10-29,1067000000.0,2018,Q3,10-Q,2017-11-21,0001045810-17-000172,
cost_of_revenue,CostOfRevenue,us-gaap,USD,2017-07-31,2017-10-29,1067000000.0,2018,FY,10-K,2018-02-28,0001045810-18-000010,
cost_of_revenue,CostOfRevenue,us-gaap,USD,2017-01-30,2017-10-29,2782000000.0,2019,Q3,10-Q,2018-11-15,0001045810-18-000150,
cost_of_revenue,CostOfRevenue,us-gaap,USD,2017-07-31,2017-10-29,1067000000.0,2019,Q3,10-Q,2018-11-15,0001045810-18-000150,CY2017Q3
cost_of_revenue,CostOfRevenue,us-gaap,USD,2017-01-30,2018-01-28,3892000000.0,2018,FY,10-K,2018-02-28,0001045810-18-000010,CY2017
cost_of_revenue,CostOfRevenue,us-gaap,USD,2017-10-30,2018-01-28,1110000000.0,2018,FY,10-K,2018-02-28,0001045810-18-000010,CY2017Q4
cost_of_revenue,CostOfRevenue,us-gaap,USD,2018-01-29,2018-04-29,1139000000.0,2019,Q1,10-Q,2018-05-22,0001045810-18-000080,
cost_of_revenue,CostOfRevenue,us-gaap,USD,2018-01-29,2018-04-29,1139000000.0,2020,Q1,10-Q,2019-05-16,0001045810-19-000079,CY2018Q1
cost_of_revenue,CostOfRevenue,us-gaap,USD,2018-01-29,2018-07-29,2287000000.0,2019,Q2,10-Q,2018-08-16,0001045810-18-000114,
cost_of_revenue,CostOfRevenue,us-gaap,USD,2018-04-30,2018-07-29,1148000000.0,2019,Q2,10-Q,2018-08-16,0001045810-18-000114,
cost_of_revenue,CostOfRevenue,us-gaap,USD,2018-01-29,2018-07-29,2287000000.0,2020,Q2,10-Q,2019-08-15,0001045810-19-000144,
cost_of_revenue,CostOfRevenue,us-gaap,USD,2018-04-30,2018-07-29,1148000000.0,2020,Q2,10-Q,2019-08-15,0001045810-19-000144,CY2018Q2
cost_of_revenue,CostOfRevenue,us-gaap,USD,2018-01-29,2018-10-28,3547000000.0,2019,Q3,10-Q,2018-11-15,0001045810-18-000150,
cost_of_revenue,CostOfRevenue,us-gaap,USD,2018-07-30,2018-10-28,1260000000.0,2019,Q3,10-Q,2018-11-15,0001045810-18-000150,
cost_of_revenue,CostOfRevenue,us-gaap,USD,2018-01-29,2018-10-28,3547000000.0,2020,Q3,10-Q,2019-11-14,0001045810-19-000170,
cost_of_revenue,CostOfRevenue,us-gaap,USD,2018-07-30,2018-10-28,1260000000.0,2020,Q3,10-Q,2019-11-14,0001045810-19-000170,CY2018Q3
cost_of_revenue,CostOfRevenue,us-gaap,USD,2019-01-28,2019-04-28,924000000.0,2020,Q1,10-Q,2019-05-16,0001045810-19-000079,
cost_of_revenue,CostOfRevenue,us-gaap,USD,2019-01-28,2019-04-28,924000000.0,2020,Q1,10-Q,2020-05-21,0001045810-20-000065,CY2019Q1
cost_of_revenue,CostOfRevenue,us-gaap,USD,2019-01-28,2019-07-28,1962000000.0,2020,Q2,10-Q,2019-08-15,0001045810-19-000144,
cost_of_revenue,CostOfRevenue,us-gaap,USD,2019-04-29,2019-07-28,1038000000.0,2020,Q2,10-Q,2019-08-15,0001045810-19-000144,
cost_of_revenue,CostOfRevenue,us-gaap,USD,2019-01-28,2019-07-28,1962000000.0,2020,Q2,10-Q,2020-08-19,0001045810-20-000147,
cost_of_revenue,CostOfRevenue,us-gaap,USD,2019-04-29,2019-07-28,1038000000.0,2020,Q2,10-Q,2020-08-19,0001045810-20-000147,CY2019Q2
cost_of_revenue,CostOfRevenue,us-gaap,USD,2019-01-28,2019-10-27,3060000000.0,2020,Q3,10-Q,2019-11-14,0001045810-19-000170,
cost_of_revenue,CostOfRevenue,us-gaap,USD,2019-07-29,2019-10-27,1098000000.0,2020,Q3,10-Q,2019-11-14,0001045810-19-000170,
cost_of_revenue,CostOfRevenue,us-gaap,USD,2019-01-28,2019-10-27,3060000000.0,2021,Q3,10-Q,2020-11-18,0001045810-20-000189,
cost_of_revenue,CostOfRevenue,us-gaap,USD,2019-07-29,2019-10-27,1098000000.0,2021,Q3,10-Q,2020-11-18,0001045810-20-000189,CY2019Q3
cost_of_revenue,CostOfRevenue,us-gaap,USD,2019-01-28,2020-01-26,4150000000.0,2022,FY,10-K,2022-03-18,0001045810-22-000036,CY2019
cost_of_revenue,CostOfRevenue,us-gaap,USD,2020-01-27,2020-04-26,1076000000.0,2020,Q1,10-Q,2020-05-21,0001045810-20-000065,
cost_of_revenue,CostOfRevenue,us-gaap,USD,2020-01-27,2020-04-26,1076000000.0,2022,Q1,10-Q,2021-05-26,0001045810-21-000064,CY2020Q1
cost_of_revenue,CostOfRevenue,us-gaap,USD,2020-01-27,2020-07-26,2667000000.0,2020,Q2,10-Q,2020-08-19,0001045810-20-000147,
cost_of_revenue,CostOfRevenue,us-gaap,USD,2020-04-27,2020-07-26,1591000000.0,2020,Q2,10-Q,2020-08-19,0001045810-20-000147,
cost_of_revenue,CostOfRevenue,us-gaap,USD,2020-01-27,2020-07-26,2667000000.0,2022,Q2,10-Q,2021-08-20,0001045810-21-000131,
cost_of_revenue,CostOfRevenue,us-gaap,USD,2020-04-27,2020-07-26,1591000000.0,2022,Q2,10-Q,2021-08-20,0001045810-21-000131,CY2020Q2
cost_of_revenue,CostOfRevenue,us-gaap,USD,2020-01-27,2020-10-25,4432000000.0,2021,Q3,10-Q,2020-11-18,0001045810-20-000189,
cost_of_revenue,CostOfRevenue,us-gaap,USD,2020-07-27,2020-10-25,1766000000.0,2021,Q3,10-Q,2020-11-18,0001045810-20-000189,
cost_of_revenue,CostOfRevenue,us-gaap,USD,2020-01-27,2020-10-25,4432000000.0,2022,Q3,10-Q,2021-11-22,0001045810-21-000163,
cost_of_revenue,CostOfRevenue,us-gaap,USD,2020-07-27,2020-10-25,1766000000.0,2022,Q3,10-Q,2021-11-22,0001045810-21-000163,CY2020Q3
cost_of_revenue,CostOfRevenue,us-gaap,USD,2020-01-27,2021-01-31,6279000000.0,2022,FY,10-K,2022-03-18,0001045810-22-000036,
cost_of_revenue,CostOfRevenue,us-gaap,USD,2020-01-27,2021-01-31,6279000000.0,2023,FY,10-K,2023-02-24,0001045810-23-000017,CY2020
cost_of_revenue,CostOfRevenue,us-gaap,USD,2021-02-01,2021-05-02,2032000000.0,2022,Q1,10-Q,2021-05-26,0001045810-21-000064,
cost_of_revenue,CostOfRevenue,us-gaap,USD,2021-02-01,2021-05-02,2032000000.0,2023,Q1,10-Q,2022-05-27,0001045810-22-000079,CY2021Q1
cost_of_revenue,CostOfRevenue,us-gaap,USD,2021-02-01,2021-08-01,4324000000.0,2022,Q2,10-Q,2021-08-20,0001045810-21-000131,
cost_of_revenue,CostOfRevenue,us-gaap,USD,2021-05-03,2021-08-01,2292000000.0,2022,Q2,10-Q,2021-08-20,0001045810-21-000131,
cost_of_revenue,CostOfRevenue,us-gaap,USD,2021-02-01,2021-08-01,4324000000.0,2023,Q2,10-Q,2022-08-31,0001045810-22-000147,
cost_of_revenue,CostOfRevenue,us-gaap,USD,2021-05-03,2021-08-01,2292000000.0,2023,Q2,10-Q,2022-08-31,0001045810-22-000147,CY2021Q2
cost_of_revenue,CostOfRevenue,us-gaap,USD,2021-02-01,2021-10-31,6795000000.0,2022,Q3,10-Q,2021-11-22,0001045810-21-000163,
cost_of_revenue,CostOfRevenue,us-gaap,USD,2021-08-02,2021-10-31,2472000000.0,2022,Q3,10-Q,2021-11-22,0001045810-21-000163,
cost_of_revenue,CostOfRevenue,us-gaap,USD,2021-02-01,2021-10-31,6795000000.0,2023,Q3,10-Q,2022-11-18,0001045810-22-000166,
cost_of_revenue,CostOfRevenue,us-gaap,USD,2021-08-02,2021-10-31,2472000000.0,2023,Q3,10-Q,2022-11-18,0001045810-22-000166,CY2021Q3
cost_of_revenue,CostOfRevenue,us-gaap,USD,2021-02-01,2022-01-30,9439000000.0,2022,FY,10-K,2022-03-18,0001045810-22-000036,
cost_of_revenue,CostOfRevenue,us-gaap,USD,2021-02-01,2022-01-30,9439000000.0,2023,FY,10-K,2023-02-24,0001045810-23-000017,
cost_of_revenue,CostOfRevenue,us-gaap,USD,2021-02-01,2022-01-30,9439000000.0,2024,FY,10-K,2024-02-21,0001045810-24-000029,CY2021
cost_of_revenue,CostOfRevenue,us-gaap,USD,2022-01-31,2022-05-01,2857000000.0,2023,Q1,10-Q,2022-05-27,0001045810-22-000079,
cost_of_revenue,CostOfRevenue,us-gaap,USD,2022-01-31,2022-05-01,2857000000.0,2024,Q1,10-Q,2023-05-26,0001045810-23-000093,CY2022Q1
cost_of_revenue,CostOfRevenue,us-gaap,USD,2022-01-31,2022-07-31,6646000000.0,2023,Q2,10-Q,2022-08-31,0001045810-22-000147,
cost_of_revenue,CostOfRevenue,us-gaap,USD,2022-05-02,2022-07-31,3789000000.0,2023,Q2,10-Q,2022-08-31,0001045810-22-000147,
cost_of_revenue,CostOfRevenue,us-gaap,USD,2022-01-31,2022-07-31,6646000000.0,2024,Q2,10-Q,2023-08-28,0001045810-23-000175,
cost_of_revenue,CostOfRevenue,us-gaap,USD,2022-05-02,2022-07-31,3789000000.0,2024,Q2,10-Q,2023-08-28,0001045810-23-000175,CY2022Q2
cost_of_revenue,CostOfRevenue,us-gaap,USD,2022-01-31,2022-10-30,9400000000.0,2023,Q3,10-Q,2022-11-18,0001045810-22-000166,
cost_of_revenue,CostOfRevenue,us-gaap,USD,2022-08-01,2022-10-30,2754000000.0,2023,Q3,10-Q,2022-11-18,0001045810-22-000166,
cost_of_revenue,CostOfRevenue,us-gaap,USD,2022-01-31,2022-10-30,9400000000.0,2024,Q3,10-Q,2023-11-21,0001045810-23-000227,
cost_of_revenue,CostOfRevenue,us-gaap,USD,2022-08-01,2022-10-30,2754000000.0,2024,Q3,10-Q,2023-11-21,0001045810-23-000227,CY2022Q3
cost_of_revenue,CostOfRevenue,us-gaap,USD,2022-01-31,2023-01-29,11618000000.0,2023,FY,10-K,2023-02-24,0001045810-23-000017,
cost_of_revenue,CostOfRevenue,us-gaap,USD,2022-01-31,2023-01-29,11618000000.0,2024,FY,10-K,2024-02-21,0001045810-24-000029,
cost_of_revenue,CostOfRevenue,us-gaap,USD,2022-01-31,2023-01-29,11618000000.0,2025,FY,10-K,2025-02-26,0001045810-25-000023,CY2022
cost_of_revenue,CostOfRevenue,us-gaap,USD,2023-01-30,2023-04-30,2544000000.0,2024,Q1,10-Q,2023-05-26,0001045810-23-000093,
cost_of_revenue,CostOfRevenue,us-gaap,USD,2023-01-30,2023-04-30,2544000000.0,2025,Q1,10-Q,2024-05-29,0001045810-24-000124,CY2023Q1
cost_of_revenue,CostOfRevenue,us-gaap,USD,2023-01-30,2023-07-30,6589000000.0,2024,Q2,10-Q,2023-08-28,0001045810-23-000175,
cost_of_revenue,CostOfRevenue,us-gaap,USD,2023-05-01,2023-07-30,4045000000.0,2024,Q2,10-Q,2023-08-28,0001045810-23-000175,
cost_of_revenue,CostOfRevenue,us-gaap,USD,2023-01-30,2023-07-30,6589000000.0,2025,Q2,10-Q,2024-08-28,0001045810-24-000264,
cost_of_revenue,CostOfRevenue,us-gaap,USD,2023-05-01,2023-07-30,4045000000.0,2025,Q2,10-Q,2024-08-28,0001045810-24-000264,CY2023Q2
cost_of_revenue,CostOfRevenue,us-gaap,USD,2023-01-30,2023-10-29,11309000000.0,2024,Q3,10-Q,2023-11-21,0001045810-23-000227,
cost_of_revenue,CostOfRevenue,us-gaap,USD,2023-07-31,2023-10-29,4720000000.0,2024,Q3,10-Q,2023-11-21,0001045810-23-000227,
cost_of_revenue,CostOfRevenue,us-gaap,USD,2023-01-30,2023-10-29,11309000000.0,2025,Q3,10-Q,2024-11-20,0001045810-24-000316,
cost_of_revenue,CostOfRevenue,us-gaap,USD,2023-07-31,2023-10-29,4720000000.0,2025,Q3,10-Q,2024-11-20,0001045810-24-000316,CY2023Q3
cost_of_revenue,CostOfRevenue,us-gaap,USD,2023-01-30,2024-01-28,16621000000.0,2024,FY,10-K,2024-02-21,0001045810-24-000029,
cost_of_revenue,CostOfRevenue,us-gaap,USD,2023-01-30,2024-01-28,16621000000.0,2025,FY,10-K,2025-02-26,0001045810-25-000023,
cost_of_revenue,CostOfRevenue,us-gaap,USD,2023-01-30,2024-01-28,16621000000.0,2026,FY,10-K,2026-02-25,0001045810-26-000021,CY2023
cost_of_revenue,CostOfRevenue,us-gaap,USD,2024-01-29,2024-04-28,5638000000.0,2025,Q1,10-Q,2024-05-29,0001045810-24-000124,
cost_of_revenue,CostOfRevenue,us-gaap,USD,2024-01-29,2024-04-28,5638000000.0,2026,Q1,10-Q,2025-05-28,0001045810-25-000116,CY2024Q1
cost_of_revenue,CostOfRevenue,us-gaap,USD,2024-01-29,2024-07-28,13105000000.0,2025,Q2,10-Q,2024-08-28,0001045810-24-000264,
cost_of_revenue,CostOfRevenue,us-gaap,USD,2024-04-29,2024-07-28,7466000000.0,2025,Q2,10-Q,2024-08-28,0001045810-24-000264,
cost_of_revenue,CostOfRevenue,us-gaap,USD,2024-01-29,2024-07-28,13105000000.0,2026,Q2,10-Q,2025-08-27,0001045810-25-000209,
cost_of_revenue,CostOfRevenue,us-gaap,USD,2024-04-29,2024-07-28,7466000000.0,2026,Q2,10-Q,2025-08-27,0001045810-25-000209,CY2024Q2
cost_of_revenue,CostOfRevenue,us-gaap,USD,2024-01-29,2024-10-27,22031000000.0,2025,Q3,10-Q,2024-11-20,0001045810-24-000316,
cost_of_revenue,CostOfRevenue,us-gaap,USD,2024-07-29,2024-10-27,8926000000.0,2025,Q3,10-Q,2024-11-20,0001045810-24-000316,
cost_of_revenue,CostOfRevenue,us-gaap,USD,2024-01-29,2024-10-27,22031000000.0,2026,Q3,10-Q,2025-11-19,0001045810-25-000230,
cost_of_revenue,CostOfRevenue,us-gaap,USD,2024-07-29,2024-10-27,8926000000.0,2026,Q3,10-Q,2025-11-19,0001045810-25-000230,CY2024Q3
cost_of_revenue,CostOfRevenue,us-gaap,USD,2024-01-29,2025-01-26,32639000000.0,2025,FY,10-K,2025-02-26,0001045810-25-000023,
cost_of_revenue,CostOfRevenue,us-gaap,USD,2024-01-29,2025-01-26,32639000000.0,2026,FY,10-K,2026-02-25,0001045810-26-000021,CY2024
cost_of_revenue,CostOfRevenue,us-gaap,USD,2025-01-27,2025-04-27,17394000000.0,2026,Q1,10-Q,2025-05-28,0001045810-25-000116,
cost_of_revenue,CostOfRevenue,us-gaap,USD,2025-01-27,2025-04-27,17394000000.0,2027,Q1,10-Q,2026-05-20,0001045810-26-000052,CY2025Q1
cost_of_revenue,CostOfRevenue,us-gaap,USD,2025-01-27,2025-07-27,30284000000.0,2026,Q2,10-Q,2025-08-27,0001045810-25-000209,
cost_of_revenue,CostOfRevenue,us-gaap,USD,2025-04-28,2025-07-27,12890000000.0,2026,Q2,10-Q,2025-08-27,0001045810-25-000209,
cost_of_revenue,CostOfRevenue,us-gaap,USD,2025-01-27,2025-07-27,30284000000.0,2027,Q2,10-Q,2026-08-26,0001045810-26-000075,
cost_of_revenue,CostOfRevenue,us-gaap,USD,2025-04-28,2025-07-27,12890000000.0,2027,Q2,10-Q,2026-08-26,0001045810-26-000075,CY2025Q2
cost_of_revenue,CostOfRevenue,us-gaap,USD,2025-01-27,2025-10-26,45441000000.0,2026,Q3,10-Q,2025-11-19,0001045810-25-000230,
cost_of_revenue,CostOfRevenue,us-gaap,USD,2025-07-28,2025-10-26,15157000000.0,2026,Q3,10-Q,2025-11-19,0001045810-25-000230,CY2025Q3
cost_of_revenue,CostOfRevenue,us-gaap,USD,2025-01-27,2026-01-25,62475000000.0,2026,FY,10-K,2026-02-25,0001045810-26-000021,CY2025
cost_of_revenue,CostOfRevenue,us-gaap,USD,2026-01-26,2026-04-26,20458000000.0,2027,Q1,10-Q,2026-05-20,0001045810-26-000052,CY2026Q1
cost_of_revenue,CostOfRevenue,us-gaap,USD,2026-01-26,2026-07-26,44538000000.0,2027,Q2,10-Q,2026-08-26,0001045810-26-000075,
cost_of_revenue,CostOfRevenue,us-gaap,USD,2026-04-27,2026-07-26,24079000000.0,2027,Q2,10-Q,2026-08-26,0001045810-26-000075,CY2026Q2
d_and_a,DepreciationDepletionAndAmortization,us-gaap,USD,2019-01-28,2020-01-26,381000000.0,2022,FY,10-K,2022-03-18,0001045810-22-000036,CY2019
d_and_a,DepreciationDepletionAndAmortization,us-gaap,USD,2020-01-27,2020-10-25,810000000.0,2022,Q3,10-Q,2021-11-22,0001045810-21-000163,
d_and_a,DepreciationDepletionAndAmortization,us-gaap,USD,2020-01-27,2021-01-31,1098000000.0,2022,FY,10-K,2022-03-18,0001045810-22-000036,
d_and_a,DepreciationDepletionAndAmortization,us-gaap,USD,2020-01-27,2021-01-31,1098000000.0,2023,FY,10-K,2023-02-24,0001045810-23-000017,CY2020
d_and_a,DepreciationDepletionAndAmortization,us-gaap,USD,2021-02-01,2021-05-02,281000000.0,2023,Q1,10-Q,2022-05-27,0001045810-22-000079,CY2021Q1
d_and_a,DepreciationDepletionAndAmortization,us-gaap,USD,2021-02-01,2021-08-01,567000000.0,2023,Q2,10-Q,2022-08-31,0001045810-22-000147,
d_and_a,DepreciationDepletionAndAmortization,us-gaap,USD,2021-02-01,2021-10-31,865000000.0,2022,Q3,10-Q,2021-11-22,0001045810-21-000163,
d_and_a,DepreciationDepletionAndAmortization,us-gaap,USD,2021-02-01,2021-10-31,865000000.0,2023,Q3,10-Q,2022-11-18,0001045810-22-000166,
d_and_a,DepreciationDepletionAndAmortization,us-gaap,USD,2021-02-01,2022-01-30,1174000000.0,2022,FY,10-K,2022-03-18,0001045810-22-000036,
d_and_a,DepreciationDepletionAndAmortization,us-gaap,USD,2021-02-01,2022-01-30,1174000000.0,2023,FY,10-K,2023-02-24,0001045810-23-000017,
d_and_a,DepreciationDepletionAndAmortization,us-gaap,USD,2021-02-01,2022-01-30,1174000000.0,2024,FY,10-K,2024-02-21,0001045810-24-000029,CY2021
d_and_a,DepreciationDepletionAndAmortization,us-gaap,USD,2022-01-31,2022-05-01,334000000.0,2023,Q1,10-Q,2022-05-27,0001045810-22-000079,
d_and_a,DepreciationDepletionAndAmortization,us-gaap,USD,2022-01-31,2022-05-01,334000000.0,2024,Q1,10-Q,2023-05-26,0001045810-23-000093,CY2022Q1
d_and_a,DepreciationDepletionAndAmortization,us-gaap,USD,2022-01-31,2022-07-31,712000000.0,2023,Q2,10-Q,2022-08-31,0001045810-22-000147,
d_and_a,DepreciationDepletionAndAmortization,us-gaap,USD,2022-01-31,2022-07-31,712000000.0,2024,Q2,10-Q,2023-08-28,0001045810-23-000175,
d_and_a,DepreciationDepletionAndAmortization,us-gaap,USD,2022-01-31,2022-10-30,1118000000.0,2023,Q3,10-Q,2022-11-18,0001045810-22-000166,
d_and_a,DepreciationDepletionAndAmortization,us-gaap,USD,2022-01-31,2022-10-30,1118000000.0,2024,Q3,10-Q,2023-11-21,0001045810-23-000227,
d_and_a,DepreciationDepletionAndAmortization,us-gaap,USD,2022-01-31,2023-01-29,1544000000.0,2023,FY,10-K,2023-02-24,0001045810-23-000017,
d_and_a,DepreciationDepletionAndAmortization,us-gaap,USD,2022-01-31,2023-01-29,1544000000.0,2024,FY,10-K,2024-02-21,0001045810-24-000029,
d_and_a,DepreciationDepletionAndAmortization,us-gaap,USD,2022-01-31,2023-01-29,1544000000.0,2025,FY,10-K,2025-02-26,0001045810-25-000023,CY2022
d_and_a,DepreciationDepletionAndAmortization,us-gaap,USD,2023-01-30,2023-04-30,384000000.0,2024,Q1,10-Q,2023-05-26,0001045810-23-000093,
d_and_a,DepreciationDepletionAndAmortization,us-gaap,USD,2023-01-30,2023-04-30,384000000.0,2025,Q1,10-Q,2024-05-29,0001045810-24-000124,CY2023Q1
d_and_a,DepreciationDepletionAndAmortization,us-gaap,USD,2023-01-30,2023-07-30,749000000.0,2024,Q2,10-Q,2023-08-28,0001045810-23-000175,
d_and_a,DepreciationDepletionAndAmortization,us-gaap,USD,2023-01-30,2023-07-30,749000000.0,2025,Q2,10-Q,2024-08-28,0001045810-24-000264,
d_and_a,DepreciationDepletionAndAmortization,us-gaap,USD,2023-01-30,2023-10-29,1121000000.0,2024,Q3,10-Q,2023-11-21,0001045810-23-000227,
d_and_a,DepreciationDepletionAndAmortization,us-gaap,USD,2023-01-30,2023-10-29,1121000000.0,2025,Q3,10-Q,2024-11-20,0001045810-24-000316,
d_and_a,DepreciationDepletionAndAmortization,us-gaap,USD,2023-01-30,2024-01-28,1508000000.0,2024,FY,10-K,2024-02-21,0001045810-24-000029,
d_and_a,DepreciationDepletionAndAmortization,us-gaap,USD,2023-01-30,2024-01-28,1508000000.0,2025,FY,10-K,2025-02-26,0001045810-25-000023,
d_and_a,DepreciationDepletionAndAmortization,us-gaap,USD,2023-01-30,2024-01-28,1508000000.0,2026,FY,10-K,2026-02-25,0001045810-26-000021,CY2023
d_and_a,DepreciationDepletionAndAmortization,us-gaap,USD,2024-01-29,2024-04-28,410000000.0,2025,Q1,10-Q,2024-05-29,0001045810-24-000124,
d_and_a,DepreciationDepletionAndAmortization,us-gaap,USD,2024-01-29,2024-04-28,410000000.0,2026,Q1,10-Q,2025-05-28,0001045810-25-000116,CY2024Q1
d_and_a,DepreciationDepletionAndAmortization,us-gaap,USD,2024-01-29,2024-07-28,843000000.0,2025,Q2,10-Q,2024-08-28,0001045810-24-000264,
d_and_a,DepreciationDepletionAndAmortization,us-gaap,USD,2024-01-29,2024-07-28,843000000.0,2026,Q2,10-Q,2025-08-27,0001045810-25-000209,
d_and_a,DepreciationDepletionAndAmortization,us-gaap,USD,2024-01-29,2024-10-27,1321000000.0,2025,Q3,10-Q,2024-11-20,0001045810-24-000316,
d_and_a,DepreciationDepletionAndAmortization,us-gaap,USD,2024-01-29,2024-10-27,1321000000.0,2026,Q3,10-Q,2025-11-19,0001045810-25-000230,
d_and_a,DepreciationDepletionAndAmortization,us-gaap,USD,2024-01-29,2025-01-26,1864000000.0,2025,FY,10-K,2025-02-26,0001045810-25-000023,
d_and_a,DepreciationDepletionAndAmortization,us-gaap,USD,2024-01-29,2025-01-26,1864000000.0,2026,FY,10-K,2026-02-25,0001045810-26-000021,CY2024
d_and_a,DepreciationDepletionAndAmortization,us-gaap,USD,2025-01-27,2025-04-27,611000000.0,2026,Q1,10-Q,2025-05-28,0001045810-25-000116,
d_and_a,DepreciationDepletionAndAmortization,us-gaap,USD,2025-01-27,2025-04-27,611000000.0,2027,Q1,10-Q,2026-05-20,0001045810-26-000052,CY2025Q1
d_and_a,DepreciationDepletionAndAmortization,us-gaap,USD,2025-01-27,2025-07-27,1280000000.0,2026,Q2,10-Q,2025-08-27,0001045810-25-000209,
d_and_a,DepreciationDepletionAndAmortization,us-gaap,USD,2025-01-27,2025-07-27,1280000000.0,2027,Q2,10-Q,2026-08-26,0001045810-26-000075,
d_and_a,DepreciationDepletionAndAmortization,us-gaap,USD,2025-01-27,2025-10-26,2031000000.0,2026,Q3,10-Q,2025-11-19,0001045810-25-000230,
d_and_a,DepreciationDepletionAndAmortization,us-gaap,USD,2025-01-27,2026-01-25,2843000000.0,2026,FY,10-K,2026-02-25,0001045810-26-000021,CY2025
d_and_a,DepreciationDepletionAndAmortization,us-gaap,USD,2026-01-26,2026-04-26,997000000.0,2027,Q1,10-Q,2026-05-20,0001045810-26-000052,CY2026Q1
d_and_a,DepreciationDepletionAndAmortization,us-gaap,USD,2026-01-26,2026-07-26,2124000000.0,2027,Q2,10-Q,2026-08-26,0001045810-26-000075,
debt_principal,LongTermDebt,us-gaap,USD,,2013-01-27,0.0,2013,FY,10-K,2014-03-13,0001045810-14-000030,CY2012Q4I
debt_principal,LongTermDebt,us-gaap,USD,,2014-01-26,1356375000.0,2013,FY,10-K,2014-03-13,0001045810-14-000030,
debt_principal,LongTermDebt,us-gaap,USD,,2014-01-26,1356375000.0,2014,Q1,10-Q,2014-05-21,0001045810-14-000085,
debt_principal,LongTermDebt,us-gaap,USD,,2014-01-26,1356375000.0,2015,Q2,10-Q,2014-08-20,0001045810-14-000158,
debt_principal,LongTermDebt,us-gaap,USD,,2014-01-26,1356375000.0,2015,Q3,10-Q,2014-11-19,0001045810-14-000188,
debt_principal,LongTermDebt,us-gaap,USD,,2014-01-26,1356375000.0,2015,FY,10-K,2015-03-12,0001045810-15-000036,CY2013Q4I
debt_principal,LongTermDebt,us-gaap,USD,,2014-04-27,1363276000.0,2014,Q1,10-Q,2014-05-21,0001045810-14-000085,CY2014Q1I
debt_principal,LongTermDebt,us-gaap,USD,,2014-07-27,1370249000.0,2015,Q2,10-Q,2014-08-20,0001045810-14-000158,CY2014Q2I
debt_principal,LongTermDebt,us-gaap,USD,,2014-10-26,1377259000.0,2015,Q3,10-Q,2014-11-19,0001045810-14-000188,CY2014Q3I
debt_principal,LongTermDebt,us-gaap,USD,,2015-01-25,1384342000.0,2015,FY,10-K,2015-03-12,0001045810-15-000036,
debt_principal,LongTermDebt,us-gaap,USD,,2015-01-25,1384000000.0,2016,Q1,10-Q,2015-05-20,0001045810-15-000097,
debt_principal,LongTermDebt,us-gaap,USD,,2015-01-25,1384000000.0,2016,Q2,10-Q,2015-08-19,0001045810-15-000143,
debt_principal,LongTermDebt,us-gaap,USD,,2015-01-25,1384000000.0,2016,Q3,10-Q,2015-11-18,0001045810-15-000173,
debt_principal,LongTermDebt,us-gaap,USD,,2015-01-25,1384000000.0,2016,FY,10-K,2016-03-17,0001045810-16-000205,CY2014Q4I
debt_principal,LongTermDebt,us-gaap,USD,,2015-04-26,1391000000.0,2016,Q1,10-Q,2015-05-20,0001045810-15-000097,CY2015Q1I
debt_principal,LongTermDebt,us-gaap,USD,,2015-07-26,1399000000.0,2016,Q2,10-Q,2015-08-19,0001045810-15-000143,CY2015Q2I
debt_principal,LongTermDebt,us-gaap,USD,,2015-10-25,1406000000.0,2016,Q3,10-Q,2015-11-18,0001045810-15-000173,CY2015Q3I
debt_principal,LongTermDebt,us-gaap,USD,,2016-01-31,1413000000.0,2016,FY,10-K,2016-03-17,0001045810-16-000205,
debt_principal,LongTermDebt,us-gaap,USD,,2016-01-31,0.0,2017,Q3,10-Q,2016-11-22,0001045810-16-000353,
debt_principal,LongTermDebt,us-gaap,USD,,2016-01-31,0.0,2017,FY,10-K,2017-03-01,0001045810-17-000027,CY2015Q4I
debt_principal,LongTermDebt,us-gaap,USD,,2016-10-30,1982000000.0,2017,Q3,10-Q,2016-11-22,0001045810-16-000353,CY2016Q3I
debt_principal,LongTermDebt,us-gaap,USD,,2017-01-29,1983000000.0,2017,FY,10-K,2017-03-01,0001045810-17-000027,
debt_principal,LongTermDebt,us-gaap,USD,,2017-01-29,1983000000.0,2018,Q1,10-Q,2017-05-23,0001045810-17-000075,
debt_principal,LongTermDebt,us-gaap,USD,,2017-01-29,1983000000.0,2018,Q2,10-Q,2017-08-23,0001045810-17-000123,
debt_principal,LongTermDebt,us-gaap,USD,,2017-01-29,1983000000.0,2018,Q3,10-Q,2017-11-21,0001045810-17-000172,
debt_principal,LongTermDebt,us-gaap,USD,,2017-01-29,1983000000.0,2018,FY,10-K,2018-02-28,0001045810-18-000010,CY2016Q4I
debt_principal,LongTermDebt,us-gaap,USD,,2017-04-30,1984000000.0,2018,Q1,10-Q,2017-05-23,0001045810-17-000075,CY2017Q1I
debt_principal,LongTermDebt,us-gaap,USD,,2017-07-30,1984000000.0,2018,Q2,10-Q,2017-08-23,0001045810-17-000123,CY2017Q2I
debt_principal,LongTermDebt,us-gaap,USD,,2017-10-29,1985000000.0,2018,Q3,10-Q,2017-11-21,0001045810-17-000172,CY2017Q3I
debt_principal,LongTermDebt,us-gaap,USD,,2018-01-28,1985000000.0,2018,FY,10-K,2018-02-28,0001045810-18-000010,
debt_principal,LongTermDebt,us-gaap,USD,,2018-01-28,1985000000.0,2019,Q1,10-Q,2018-05-22,0001045810-18-000080,
debt_principal,LongTermDebt,us-gaap,USD,,2018-01-28,1985000000.0,2019,Q2,10-Q,2018-08-16,0001045810-18-000114,
debt_principal,LongTermDebt,us-gaap,USD,,2018-01-28,1985000000.0,2019,Q3,10-Q,2018-11-15,0001045810-18-000150,
debt_principal,LongTermDebt,us-gaap,USD,,2018-01-28,1985000000.0,2019,FY,10-K,2019-02-21,0001045810-19-000023,CY2017Q4I
debt_principal,LongTermDebt,us-gaap,USD,,2018-04-29,1986000000.0,2019,Q1,10-Q,2018-05-22,0001045810-18-000080,CY2018Q1I
debt_principal,LongTermDebt,us-gaap,USD,,2018-07-29,1987000000.0,2019,Q2,10-Q,2018-08-16,0001045810-18-000114,CY2018Q2I
debt_principal,LongTermDebt,us-gaap,USD,,2018-10-28,1987000000.0,2019,Q3,10-Q,2018-11-15,0001045810-18-000150,CY2018Q3I
debt_principal,LongTermDebt,us-gaap,USD,,2019-01-27,1988000000.0,2019,FY,10-K,2019-02-21,0001045810-19-000023,
debt_principal,LongTermDebt,us-gaap,USD,,2019-01-27,1988000000.0,2020,Q1,10-Q,2019-05-16,0001045810-19-000079,
debt_principal,LongTermDebt,us-gaap,USD,,2019-01-27,1988000000.0,2020,Q2,10-Q,2019-08-15,0001045810-19-000144,
debt_principal,LongTermDebt,us-gaap,USD,,2019-01-27,1988000000.0,2020,Q3,10-Q,2019-11-14,0001045810-19-000170,
debt_principal,LongTermDebt,us-gaap,USD,,2019-01-27,1988000000.0,2020,FY,10-K,2020-02-20,0001045810-20-000010,CY2018Q4I
debt_principal,LongTermDebt,us-gaap,USD,,2019-04-28,1988000000.0,2020,Q1,10-Q,2019-05-16,0001045810-19-000079,CY2019Q1I
debt_principal,LongTermDebt,us-gaap,USD,,2019-07-28,1989000000.0,2020,Q2,10-Q,2019-08-15,0001045810-19-000144,CY2019Q2I
debt_principal,LongTermDebt,us-gaap,USD,,2019-10-27,1990000000.0,2020,Q3,10-Q,2019-11-14,0001045810-19-000170,CY2019Q3I
debt_principal,LongTermDebt,us-gaap,USD,,2020-01-26,1991000000.0,2020,FY,10-K,2020-02-20,0001045810-20-000010,
debt_principal,LongTermDebt,us-gaap,USD,,2020-01-26,1991000000.0,2020,Q1,10-Q,2020-05-21,0001045810-20-000065,
debt_principal,LongTermDebt,us-gaap,USD,,2020-01-26,1991000000.0,2020,Q2,10-Q,2020-08-19,0001045810-20-000147,
debt_principal,LongTermDebt,us-gaap,USD,,2020-01-26,1991000000.0,2021,Q3,10-Q,2020-11-18,0001045810-20-000189,
debt_principal,LongTermDebt,us-gaap,USD,,2020-01-26,1991000000.0,2021,FY,10-K,2021-02-26,0001045810-21-000010,CY2019Q4I
debt_principal,LongTermDebt,us-gaap,USD,,2020-04-26,6959000000.0,2020,Q1,10-Q,2020-05-21,0001045810-20-000065,CY2020Q1I
debt_principal,LongTermDebt,us-gaap,USD,,2020-07-26,6960000000.0,2020,Q2,10-Q,2020-08-19,0001045810-20-000147,CY2020Q2I
debt_principal,LongTermDebt,us-gaap,USD,,2020-10-25,6961000000.0,2021,Q3,10-Q,2020-11-18,0001045810-20-000189,CY2020Q3I
debt_principal,LongTermDebt,us-gaap,USD,,2021-01-31,6963000000.0,2021,FY,10-K,2021-02-26,0001045810-21-000010,
debt_principal,LongTermDebt,us-gaap,USD,,2021-01-31,6963000000.0,2022,Q1,10-Q,2021-05-26,0001045810-21-000064,
debt_principal,LongTermDebt,us-gaap,USD,,2021-01-31,6963000000.0,2022,Q2,10-Q,2021-08-20,0001045810-21-000131,
debt_principal,LongTermDebt,us-gaap,USD,,2021-01-31,6963000000.0,2022,Q3,10-Q,2021-11-22,0001045810-21-000163,
debt_principal,LongTermDebt,us-gaap,USD,,2021-01-31,6963000000.0,2022,FY,10-K,2022-03-18,0001045810-22-000036,CY2020Q4I
debt_principal,LongTermDebt,us-gaap,USD,,2021-05-02,6963000000.0,2022,Q1,10-Q,2021-05-26,0001045810-21-000064,CY2021Q1I
debt_principal,LongTermDebt,us-gaap,USD,,2021-08-01,11943000000.0,2022,Q2,10-Q,2021-08-20,0001045810-21-000131,CY2021Q2I
debt_principal,LongTermDebt,us-gaap,USD,,2021-10-31,10944000000.0,2022,Q3,10-Q,2021-11-22,0001045810-21-000163,CY2021Q3I
debt_principal,LongTermDebt,us-gaap,USD,,2022-01-30,10946000000.0,2022,FY,10-K,2022-03-18,0001045810-22-000036,
debt_principal,LongTermDebt,us-gaap,USD,,2022-01-30,10946000000.0,2023,Q1,10-Q,2022-05-27,0001045810-22-000079,
debt_principal,LongTermDebt,us-gaap,USD,,2022-01-30,10946000000.0,2023,Q2,10-Q,2022-08-31,0001045810-22-000147,
debt_principal,LongTermDebt,us-gaap,USD,,2022-01-30,10946000000.0,2023,Q3,10-Q,2022-11-18,0001045810-22-000166,
debt_principal,LongTermDebt,us-gaap,USD,,2022-01-30,10946000000.0,2023,FY,10-K,2023-02-24,0001045810-23-000017,CY2021Q4I
debt_principal,LongTermDebt,us-gaap,USD,,2022-05-01,10947000000.0,2023,Q1,10-Q,2022-05-27,0001045810-22-000079,CY2022Q1I
debt_principal,LongTermDebt,us-gaap,USD,,2022-07-31,10949000000.0,2023,Q2,10-Q,2022-08-31,0001045810-22-000147,CY2022Q2I
debt_principal,LongTermDebt,us-gaap,USD,,2022-10-30,10950000000.0,2023,Q3,10-Q,2022-11-18,0001045810-22-000166,CY2022Q3I
debt_principal,LongTermDebt,us-gaap,USD,,2023-01-29,10953000000.0,2023,FY,10-K,2023-02-24,0001045810-23-000017,
debt_principal,LongTermDebt,us-gaap,USD,,2023-01-29,10953000000.0,2024,Q1,10-Q,2023-05-26,0001045810-23-000093,
debt_principal,LongTermDebt,us-gaap,USD,,2023-01-29,10953000000.0,2024,Q2,10-Q,2023-08-28,0001045810-23-000175,
debt_principal,LongTermDebt,us-gaap,USD,,2023-01-29,10953000000.0,2024,Q3,10-Q,2023-11-21,0001045810-23-000227,
debt_principal,LongTermDebt,us-gaap,USD,,2023-01-29,10953000000.0,2024,FY,10-K,2024-02-21,0001045810-24-000029,CY2022Q4I
debt_principal,LongTermDebt,us-gaap,USD,,2023-04-30,10954000000.0,2024,Q1,10-Q,2023-05-26,0001045810-23-000093,CY2023Q1I
debt_principal,LongTermDebt,us-gaap,USD,,2023-07-30,9705000000.0,2024,Q2,10-Q,2023-08-28,0001045810-23-000175,CY2023Q2I
debt_principal,LongTermDebt,us-gaap,USD,,2023-10-29,9706000000.0,2024,Q3,10-Q,2023-11-21,0001045810-23-000227,CY2023Q3I
debt_principal,LongTermDebt,us-gaap,USD,,2024-01-28,9709000000.0,2024,FY,10-K,2024-02-21,0001045810-24-000029,
debt_principal,LongTermDebt,us-gaap,USD,,2024-01-28,9709000000.0,2025,Q1,10-Q,2024-05-29,0001045810-24-000124,
debt_principal,LongTermDebt,us-gaap,USD,,2024-01-28,9709000000.0,2025,Q2,10-Q,2024-08-28,0001045810-24-000264,
debt_principal,LongTermDebt,us-gaap,USD,,2024-01-28,9709000000.0,2025,Q3,10-Q,2024-11-20,0001045810-24-000316,
debt_principal,LongTermDebt,us-gaap,USD,,2024-01-28,9709000000.0,2025,FY,10-K,2025-02-26,0001045810-25-000023,CY2023Q4I
debt_principal,LongTermDebt,us-gaap,USD,,2024-04-28,9710000000.0,2025,Q1,10-Q,2024-05-29,0001045810-24-000124,CY2024Q1I
debt_principal,LongTermDebt,us-gaap,USD,,2024-07-28,8461000000.0,2025,Q2,10-Q,2024-08-28,0001045810-24-000264,CY2024Q2I
debt_principal,LongTermDebt,us-gaap,USD,,2024-10-27,8462000000.0,2025,Q3,10-Q,2024-11-20,0001045810-24-000316,CY2024Q3I
debt_principal,LongTermDebt,us-gaap,USD,,2025-01-26,8463000000.0,2025,FY,10-K,2025-02-26,0001045810-25-000023,
debt_principal,LongTermDebt,us-gaap,USD,,2025-01-26,8463000000.0,2026,Q1,10-Q,2025-05-28,0001045810-25-000116,
debt_principal,LongTermDebt,us-gaap,USD,,2025-01-26,8463000000.0,2026,Q2,10-Q,2025-08-27,0001045810-25-000209,
debt_principal,LongTermDebt,us-gaap,USD,,2025-01-26,8463000000.0,2026,Q3,10-Q,2025-11-19,0001045810-25-000230,
debt_principal,LongTermDebt,us-gaap,USD,,2025-01-26,8463000000.0,2026,FY,10-K,2026-02-25,0001045810-26-000021,CY2024Q4I
debt_principal,LongTermDebt,us-gaap,USD,,2025-04-27,8464000000.0,2026,Q1,10-Q,2025-05-28,0001045810-25-000116,CY2025Q1I
debt_principal,LongTermDebt,us-gaap,USD,,2025-07-27,8466000000.0,2026,Q2,10-Q,2025-08-27,0001045810-25-000209,CY2025Q2I
debt_principal,LongTermDebt,us-gaap,USD,,2025-10-26,8467000000.0,2026,Q3,10-Q,2025-11-19,0001045810-25-000230,CY2025Q3I
debt_principal,LongTermDebt,us-gaap,USD,,2026-01-25,8468000000.0,2026,FY,10-K,2026-02-25,0001045810-26-000021,
debt_principal,LongTermDebt,us-gaap,USD,,2026-01-25,8468000000.0,2027,Q1,10-Q,2026-05-20,0001045810-26-000052,
debt_principal,LongTermDebt,us-gaap,USD,,2026-01-25,8468000000.0,2027,Q2,10-Q,2026-08-26,0001045810-26-000075,CY2025Q4I
debt_principal,LongTermDebt,us-gaap,USD,,2026-04-26,8470000000.0,2027,Q1,10-Q,2026-05-20,0001045810-26-000052,CY2026Q1I
debt_principal,LongTermDebt,us-gaap,USD,,2026-07-26,33366000000.0,2027,Q2,10-Q,2026-08-26,0001045810-26-000075,CY2026Q2I
debt_proceeds,ProceedsFromIssuanceOfLongTermDebt,us-gaap,USD,2016-09-01,2016-09-30,1980000000.0,2021,FY,10-K,2021-02-26,0001045810-21-000010,CY2016Q3I
debt_proceeds,ProceedsFromIssuanceOfLongTermDebt,us-gaap,USD,2016-02-01,2017-01-29,1980000000.0,2017,FY,10-K,2017-03-01,0001045810-17-000027,CY2016
debt_proceeds,ProceedsFromIssuanceOfLongTermDebt,us-gaap,USD,2017-01-30,2018-01-28,1980000000.0,2018,FY,10-K,2018-02-28,0001045810-18-000010,CY2017
debt_proceeds,ProceedsFromIssuanceOfLongTermDebt,us-gaap,USD,2018-01-29,2019-01-27,1980000000.0,2019,FY,10-K,2019-02-21,0001045810-19-000023,CY2018
debt_proceeds,ProceedsFromIssuanceOfLongTermDebt,us-gaap,USD,2019-01-28,2020-01-26,1980000000.0,2020,FY,10-K,2020-02-20,0001045810-20-000010,CY2019
debt_repayments,RepaymentsOfDebt,us-gaap,USD,2019-01-28,2020-01-26,0.0,2022,FY,10-K,2022-03-18,0001045810-22-000036,CY2019
debt_repayments,RepaymentsOfDebt,us-gaap,USD,2020-01-27,2020-10-25,0.0,2022,Q3,10-Q,2021-11-22,0001045810-21-000163,
debt_repayments,RepaymentsOfDebt,us-gaap,USD,2020-01-27,2021-01-31,0.0,2022,FY,10-K,2022-03-18,0001045810-22-000036,
debt_repayments,RepaymentsOfDebt,us-gaap,USD,2020-01-27,2021-01-31,0.0,2023,FY,10-K,2023-02-24,0001045810-23-000017,CY2020
debt_repayments,RepaymentsOfDebt,us-gaap,USD,2021-02-01,2021-10-31,1000000000.0,2022,Q3,10-Q,2021-11-22,0001045810-21-000163,
debt_repayments,RepaymentsOfDebt,us-gaap,USD,2021-02-01,2021-10-31,1000000000.0,2023,Q3,10-Q,2022-11-18,0001045810-22-000166,
debt_repayments,RepaymentsOfDebt,us-gaap,USD,2021-02-01,2022-01-30,1000000000.0,2022,FY,10-K,2022-03-18,0001045810-22-000036,
debt_repayments,RepaymentsOfDebt,us-gaap,USD,2021-02-01,2022-01-30,1000000000.0,2023,FY,10-K,2023-02-24,0001045810-23-000017,
debt_repayments,RepaymentsOfDebt,us-gaap,USD,2021-02-01,2022-01-30,1000000000.0,2024,FY,10-K,2024-02-21,0001045810-24-000029,CY2021
debt_repayments,RepaymentsOfDebt,us-gaap,USD,2022-01-31,2022-07-31,0.0,2024,Q2,10-Q,2023-08-28,0001045810-23-000175,
debt_repayments,RepaymentsOfDebt,us-gaap,USD,2022-01-31,2022-10-30,0.0,2023,Q3,10-Q,2022-11-18,0001045810-22-000166,
debt_repayments,RepaymentsOfDebt,us-gaap,USD,2022-01-31,2022-10-30,0.0,2024,Q3,10-Q,2023-11-21,0001045810-23-000227,
debt_repayments,RepaymentsOfDebt,us-gaap,USD,2022-01-31,2023-01-29,0.0,2023,FY,10-K,2023-02-24,0001045810-23-000017,
debt_repayments,RepaymentsOfDebt,us-gaap,USD,2022-01-31,2023-01-29,0.0,2024,FY,10-K,2024-02-21,0001045810-24-000029,
debt_repayments,RepaymentsOfDebt,us-gaap,USD,2022-01-31,2023-01-29,0.0,2025,FY,10-K,2025-02-26,0001045810-25-000023,CY2022
debt_repayments,RepaymentsOfDebt,us-gaap,USD,2023-01-30,2023-07-30,1250000000.0,2024,Q2,10-Q,2023-08-28,0001045810-23-000175,
debt_repayments,RepaymentsOfDebt,us-gaap,USD,2023-01-30,2023-07-30,1250000000.0,2025,Q2,10-Q,2024-08-28,0001045810-24-000264,
debt_repayments,RepaymentsOfDebt,us-gaap,USD,2023-01-30,2023-10-29,1250000000.0,2024,Q3,10-Q,2023-11-21,0001045810-23-000227,
debt_repayments,RepaymentsOfDebt,us-gaap,USD,2023-01-30,2023-10-29,1250000000.0,2025,Q3,10-Q,2024-11-20,0001045810-24-000316,
debt_repayments,RepaymentsOfDebt,us-gaap,USD,2023-01-30,2024-01-28,1250000000.0,2024,FY,10-K,2024-02-21,0001045810-24-000029,
debt_repayments,RepaymentsOfDebt,us-gaap,USD,2023-01-30,2024-01-28,1250000000.0,2025,FY,10-K,2025-02-26,0001045810-25-000023,
debt_repayments,RepaymentsOfDebt,us-gaap,USD,2023-01-30,2024-01-28,1250000000.0,2026,FY,10-K,2026-02-25,0001045810-26-000021,CY2023
debt_repayments,RepaymentsOfDebt,us-gaap,USD,2024-01-29,2024-07-28,1250000000.0,2025,Q2,10-Q,2024-08-28,0001045810-24-000264,
debt_repayments,RepaymentsOfDebt,us-gaap,USD,2024-01-29,2024-07-28,1250000000.0,2026,Q2,10-Q,2025-08-27,0001045810-25-000209,
debt_repayments,RepaymentsOfDebt,us-gaap,USD,2024-01-29,2024-10-27,1250000000.0,2025,Q3,10-Q,2024-11-20,0001045810-24-000316,
debt_repayments,RepaymentsOfDebt,us-gaap,USD,2024-01-29,2024-10-27,1250000000.0,2026,Q3,10-Q,2025-11-19,0001045810-25-000230,
debt_repayments,RepaymentsOfDebt,us-gaap,USD,2024-01-29,2025-01-26,1250000000.0,2025,FY,10-K,2025-02-26,0001045810-25-000023,
debt_repayments,RepaymentsOfDebt,us-gaap,USD,2024-01-29,2025-01-26,1250000000.0,2026,FY,10-K,2026-02-25,0001045810-26-000021,CY2024
debt_repayments,RepaymentsOfDebt,us-gaap,USD,2025-01-27,2025-07-27,0.0,2026,Q2,10-Q,2025-08-27,0001045810-25-000209,
debt_repayments,RepaymentsOfDebt,us-gaap,USD,2025-01-27,2025-10-26,0.0,2026,Q3,10-Q,2025-11-19,0001045810-25-000230,
debt_repayments,RepaymentsOfDebt,us-gaap,USD,2025-01-27,2026-01-25,0.0,2026,FY,10-K,2026-02-25,0001045810-26-000021,CY2025
deferred_revenue,ContractWithCustomerLiability,us-gaap,USD,,2018-01-28,63000000.0,2019,Q2,10-Q,2018-08-16,0001045810-18-000114,
deferred_revenue,ContractWithCustomerLiability,us-gaap,USD,,2018-01-28,63000000.0,2019,Q3,10-Q,2018-11-15,0001045810-18-000150,
deferred_revenue,ContractWithCustomerLiability,us-gaap,USD,,2018-01-28,63000000.0,2019,FY,10-K,2019-02-21,0001045810-19-000023,
deferred_revenue,ContractWithCustomerLiability,us-gaap,USD,,2018-01-28,63000000.0,2020,Q2,10-Q,2019-08-15,0001045810-19-000144,
deferred_revenue,ContractWithCustomerLiability,us-gaap,USD,,2018-01-28,63000000.0,2020,Q3,10-Q,2019-11-14,0001045810-19-000170,
deferred_revenue,ContractWithCustomerLiability,us-gaap,USD,,2018-01-28,63000000.0,2020,FY,10-K,2020-02-20,0001045810-20-000010,CY2017Q4I
deferred_revenue,ContractWithCustomerLiability,us-gaap,USD,,2018-07-29,104000000.0,2019,Q2,10-Q,2018-08-16,0001045810-18-000114,
deferred_revenue,ContractWithCustomerLiability,us-gaap,USD,,2018-07-29,104000000.0,2020,Q2,10-Q,2019-08-15,0001045810-19-000144,CY2018Q2I
deferred_revenue,ContractWithCustomerLiability,us-gaap,USD,,2018-10-28,120000000.0,2019,Q3,10-Q,2018-11-15,0001045810-18-000150,
deferred_revenue,ContractWithCustomerLiability,us-gaap,USD,,2018-10-28,120000000.0,2020,Q3,10-Q,2019-11-14,0001045810-19-000170,CY2018Q3I
deferred_revenue,ContractWithCustomerLiability,us-gaap,USD,,2019-01-27,138000000.0,2019,FY,10-K,2019-02-21,0001045810-19-000023,
deferred_revenue,ContractWithCustomerLiability,us-gaap,USD,,2019-01-27,138000000.0,2020,Q2,10-Q,2019-08-15,0001045810-19-000144,
deferred_revenue,ContractWithCustomerLiability,us-gaap,USD,,2019-01-27,138000000.0,2020,Q3,10-Q,2019-11-14,0001045810-19-000170,
deferred_revenue,ContractWithCustomerLiability,us-gaap,USD,,2019-01-27,138000000.0,2020,FY,10-K,2020-02-20,0001045810-20-000010,
deferred_revenue,ContractWithCustomerLiability,us-gaap,USD,,2019-01-27,138000000.0,2020,Q1,10-Q,2020-05-21,0001045810-20-000065,
deferred_revenue,ContractWithCustomerLiability,us-gaap,USD,,2019-01-27,138000000.0,2020,Q2,10-Q,2020-08-19,0001045810-20-000147,
deferred_revenue,ContractWithCustomerLiability,us-gaap,USD,,2019-01-27,138000000.0,2021,Q3,10-Q,2020-11-18,0001045810-20-000189,
deferred_revenue,ContractWithCustomerLiability,us-gaap,USD,,2019-01-27,138000000.0,2021,FY,10-K,2021-02-26,0001045810-21-000010,CY2018Q4I
deferred_revenue,ContractWithCustomerLiability,us-gaap,USD,,2019-04-28,134000000.0,2020,Q1,10-Q,2020-05-21,0001045810-20-000065,CY2019Q1I
deferred_revenue,ContractWithCustomerLiability,us-gaap,USD,,2019-07-28,181000000.0,2020,Q2,10-Q,2019-08-15,0001045810-19-000144,
deferred_revenue,ContractWithCustomerLiability,us-gaap,USD,,2019-07-28,181000000.0,2020,Q2,10-Q,2020-08-19,0001045810-20-000147,CY2019Q2I
deferred_revenue,ContractWithCustomerLiability,us-gaap,USD,,2019-10-27,176000000.0,2020,Q3,10-Q,2019-11-14,0001045810-19-000170,
deferred_revenue,ContractWithCustomerLiability,us-gaap,USD,,2019-10-27,176000000.0,2021,Q3,10-Q,2020-11-18,0001045810-20-000189,CY2019Q3I
deferred_revenue,ContractWithCustomerLiability,us-gaap,USD,,2020-01-26,201000000.0,2020,FY,10-K,2020-02-20,0001045810-20-000010,
deferred_revenue,ContractWithCustomerLiability,us-gaap,USD,,2020-01-26,201000000.0,2020,Q1,10-Q,2020-05-21,0001045810-20-000065,
deferred_revenue,ContractWithCustomerLiability,us-gaap,USD,,2020-01-26,201000000.0,2020,Q2,10-Q,2020-08-19,0001045810-20-000147,
deferred_revenue,ContractWithCustomerLiability,us-gaap,USD,,2020-01-26,201000000.0,2021,Q3,10-Q,2020-11-18,0001045810-20-000189,
deferred_revenue,ContractWithCustomerLiability,us-gaap,USD,,2020-01-26,201000000.0,2021,FY,10-K,2021-02-26,0001045810-21-000010,
deferred_revenue,ContractWithCustomerLiability,us-gaap,USD,,2020-01-26,201000000.0,2022,Q1,10-Q,2021-05-26,0001045810-21-000064,
deferred_revenue,ContractWithCustomerLiability,us-gaap,USD,,2020-01-26,201000000.0,2022,Q2,10-Q,2021-08-20,0001045810-21-000131,
deferred_revenue,ContractWithCustomerLiability,us-gaap,USD,,2020-01-26,201000000.0,2022,Q3,10-Q,2021-11-22,0001045810-21-000163,
deferred_revenue,ContractWithCustomerLiability,us-gaap,USD,,2020-01-26,201000000.0,2022,FY,10-K,2022-03-18,0001045810-22-000036,CY2019Q4I
deferred_revenue,ContractWithCustomerLiability,us-gaap,USD,,2020-04-26,241000000.0,2020,Q1,10-Q,2020-05-21,0001045810-20-000065,
deferred_revenue,ContractWithCustomerLiability,us-gaap,USD,,2020-04-26,241000000.0,2022,Q1,10-Q,2021-05-26,0001045810-21-000064,CY2020Q1I
deferred_revenue,ContractWithCustomerLiability,us-gaap,USD,,2020-07-26,342000000.0,2020,Q2,10-Q,2020-08-19,0001045810-20-000147,
deferred_revenue,ContractWithCustomerLiability,us-gaap,USD,,2020-07-26,342000000.0,2022,Q2,10-Q,2021-08-20,0001045810-21-000131,CY2020Q2I
deferred_revenue,ContractWithCustomerLiability,us-gaap,USD,,2020-10-25,382000000.0,2021,Q3,10-Q,2020-11-18,0001045810-20-000189,
deferred_revenue,ContractWithCustomerLiability,us-gaap,USD,,2020-10-25,382000000.0,2022,Q3,10-Q,2021-11-22,0001045810-21-000163,CY2020Q3I
deferred_revenue,ContractWithCustomerLiability,us-gaap,USD,,2021-01-31,451000000.0,2021,FY,10-K,2021-02-26,0001045810-21-000010,
deferred_revenue,ContractWithCustomerLiability,us-gaap,USD,,2021-01-31,451000000.0,2022,Q1,10-Q,2021-05-26,0001045810-21-000064,
deferred_revenue,ContractWithCustomerLiability,us-gaap,USD,,2021-01-31,451000000.0,2022,Q2,10-Q,2021-08-20,0001045810-21-000131,
deferred_revenue,ContractWithCustomerLiability,us-gaap,USD,,2021-01-31,451000000.0,2022,Q3,10-Q,2021-11-22,0001045810-21-000163,
deferred_revenue,ContractWithCustomerLiability,us-gaap,USD,,2021-01-31,451000000.0,2022,FY,10-K,2022-03-18,0001045810-22-000036,
deferred_revenue,ContractWithCustomerLiability,us-gaap,USD,,2021-01-31,451000000.0,2023,Q1,10-Q,2022-05-27,0001045810-22-000079,
deferred_revenue,ContractWithCustomerLiability,us-gaap,USD,,2021-01-31,451000000.0,2023,Q2,10-Q,2022-08-31,0001045810-22-000147,
deferred_revenue,ContractWithCustomerLiability,us-gaap,USD,,2021-01-31,451000000.0,2023,Q3,10-Q,2022-11-18,0001045810-22-000166,
deferred_revenue,ContractWithCustomerLiability,us-gaap,USD,,2021-01-31,451000000.0,2023,FY,10-K,2023-02-24,0001045810-23-000017,CY2020Q4I
deferred_revenue,ContractWithCustomerLiability,us-gaap,USD,,2021-05-02,506000000.0,2022,Q1,10-Q,2021-05-26,0001045810-21-000064,
deferred_revenue,ContractWithCustomerLiability,us-gaap,USD,,2021-05-02,506000000.0,2023,Q1,10-Q,2022-05-27,0001045810-22-000079,CY2021Q1I
deferred_revenue,ContractWithCustomerLiability,us-gaap,USD,,2021-08-01,490000000.0,2022,Q2,10-Q,2021-08-20,0001045810-21-000131,
deferred_revenue,ContractWithCustomerLiability,us-gaap,USD,,2021-08-01,490000000.0,2023,Q2,10-Q,2022-08-31,0001045810-22-000147,CY2021Q2I
deferred_revenue,ContractWithCustomerLiability,us-gaap,USD,,2021-10-31,489000000.0,2022,Q3,10-Q,2021-11-22,0001045810-21-000163,
deferred_revenue,ContractWithCustomerLiability,us-gaap,USD,,2021-10-31,489000000.0,2023,Q3,10-Q,2022-11-18,0001045810-22-000166,CY2021Q3I
deferred_revenue,ContractWithCustomerLiability,us-gaap,USD,,2022-01-30,502000000.0,2022,FY,10-K,2022-03-18,0001045810-22-000036,
deferred_revenue,ContractWithCustomerLiability,us-gaap,USD,,2022-01-30,502000000.0,2023,Q1,10-Q,2022-05-27,0001045810-22-000079,
deferred_revenue,ContractWithCustomerLiability,us-gaap,USD,,2022-01-30,502000000.0,2023,Q2,10-Q,2022-08-31,0001045810-22-000147,
deferred_revenue,ContractWithCustomerLiability,us-gaap,USD,,2022-01-30,502000000.0,2023,Q3,10-Q,2022-11-18,0001045810-22-000166,
deferred_revenue,ContractWithCustomerLiability,us-gaap,USD,,2022-01-30,502000000.0,2023,FY,10-K,2023-02-24,0001045810-23-000017,
deferred_revenue,ContractWithCustomerLiability,us-gaap,USD,,2022-01-30,502000000.0,2024,Q1,10-Q,2023-05-26,0001045810-23-000093,
deferred_revenue,ContractWithCustomerLiability,us-gaap,USD,,2022-01-30,502000000.0,2024,Q2,10-Q,2023-08-28,0001045810-23-000175,
deferred_revenue,ContractWithCustomerLiability,us-gaap,USD,,2022-01-30,502000000.0,2024,Q3,10-Q,2023-11-21,0001045810-23-000227,
deferred_revenue,ContractWithCustomerLiability,us-gaap,USD,,2022-01-30,502000000.0,2024,FY,10-K,2024-02-21,0001045810-24-000029,CY2021Q4I
deferred_revenue,ContractWithCustomerLiability,us-gaap,USD,,2022-05-01,537000000.0,2023,Q1,10-Q,2022-05-27,0001045810-22-000079,
deferred_revenue,ContractWithCustomerLiability,us-gaap,USD,,2022-05-01,537000000.0,2024,Q1,10-Q,2023-05-26,0001045810-23-000093,CY2022Q1I
deferred_revenue,ContractWithCustomerLiability,us-gaap,USD,,2022-07-31,560000000.0,2023,Q2,10-Q,2022-08-31,0001045810-22-000147,
deferred_revenue,ContractWithCustomerLiability,us-gaap,USD,,2022-07-31,560000000.0,2024,Q2,10-Q,2023-08-28,0001045810-23-000175,CY2022Q2I
deferred_revenue,ContractWithCustomerLiability,us-gaap,USD,,2022-10-30,551000000.0,2023,Q3,10-Q,2022-11-18,0001045810-22-000166,
deferred_revenue,ContractWithCustomerLiability,us-gaap,USD,,2022-10-30,551000000.0,2024,Q3,10-Q,2023-11-21,0001045810-23-000227,CY2022Q3I
deferred_revenue,ContractWithCustomerLiability,us-gaap,USD,,2023-01-29,572000000.0,2023,FY,10-K,2023-02-24,0001045810-23-000017,
deferred_revenue,ContractWithCustomerLiability,us-gaap,USD,,2023-01-29,572000000.0,2024,Q1,10-Q,2023-05-26,0001045810-23-000093,
deferred_revenue,ContractWithCustomerLiability,us-gaap,USD,,2023-01-29,572000000.0,2024,Q2,10-Q,2023-08-28,0001045810-23-000175,
deferred_revenue,ContractWithCustomerLiability,us-gaap,USD,,2023-01-29,572000000.0,2024,Q3,10-Q,2023-11-21,0001045810-23-000227,
deferred_revenue,ContractWithCustomerLiability,us-gaap,USD,,2023-01-29,572000000.0,2024,FY,10-K,2024-02-21,0001045810-24-000029,
deferred_revenue,ContractWithCustomerLiability,us-gaap,USD,,2023-01-29,572000000.0,2025,Q1,10-Q,2024-05-29,0001045810-24-000124,
deferred_revenue,ContractWithCustomerLiability,us-gaap,USD,,2023-01-29,572000000.0,2025,Q2,10-Q,2024-08-28,0001045810-24-000264,
deferred_revenue,ContractWithCustomerLiability,us-gaap,USD,,2023-01-29,572000000.0,2025,Q3,10-Q,2024-11-20,0001045810-24-000316,
deferred_revenue,ContractWithCustomerLiability,us-gaap,USD,,2023-01-29,572000000.0,2025,FY,10-K,2025-02-26,0001045810-25-000023,CY2022Q4I
deferred_revenue,ContractWithCustomerLiability,us-gaap,USD,,2023-04-30,597000000.0,2024,Q1,10-Q,2023-05-26,0001045810-23-000093,
deferred_revenue,ContractWithCustomerLiability,us-gaap,USD,,2023-04-30,597000000.0,2025,Q1,10-Q,2024-05-29,0001045810-24-000124,CY2023Q1I
deferred_revenue,ContractWithCustomerLiability,us-gaap,USD,,2023-07-30,729000000.0,2024,Q2,10-Q,2023-08-28,0001045810-23-000175,
deferred_revenue,ContractWithCustomerLiability,us-gaap,USD,,2023-07-30,729000000.0,2025,Q2,10-Q,2024-08-28,0001045810-24-000264,CY2023Q2I
deferred_revenue,ContractWithCustomerLiability,us-gaap,USD,,2023-10-29,938000000.0,2024,Q3,10-Q,2023-11-21,0001045810-23-000227,
deferred_revenue,ContractWithCustomerLiability,us-gaap,USD,,2023-10-29,938000000.0,2025,Q3,10-Q,2024-11-20,0001045810-24-000316,CY2023Q3I
deferred_revenue,ContractWithCustomerLiability,us-gaap,USD,,2024-01-28,1337000000.0,2024,FY,10-K,2024-02-21,0001045810-24-000029,
deferred_revenue,ContractWithCustomerLiability,us-gaap,USD,,2024-01-28,1337000000.0,2025,Q1,10-Q,2024-05-29,0001045810-24-000124,
deferred_revenue,ContractWithCustomerLiability,us-gaap,USD,,2024-01-28,1337000000.0,2025,Q2,10-Q,2024-08-28,0001045810-24-000264,
deferred_revenue,ContractWithCustomerLiability,us-gaap,USD,,2024-01-28,1337000000.0,2025,Q3,10-Q,2024-11-20,0001045810-24-000316,
deferred_revenue,ContractWithCustomerLiability,us-gaap,USD,,2024-01-28,1337000000.0,2025,FY,10-K,2025-02-26,0001045810-25-000023,
deferred_revenue,ContractWithCustomerLiability,us-gaap,USD,,2024-01-28,1337000000.0,2026,Q1,10-Q,2025-05-28,0001045810-25-000116,
deferred_revenue,ContractWithCustomerLiability,us-gaap,USD,,2024-01-28,1337000000.0,2026,Q2,10-Q,2025-08-27,0001045810-25-000209,
deferred_revenue,ContractWithCustomerLiability,us-gaap,USD,,2024-01-28,1337000000.0,2026,Q3,10-Q,2025-11-19,0001045810-25-000230,
deferred_revenue,ContractWithCustomerLiability,us-gaap,USD,,2024-01-28,1337000000.0,2026,FY,10-K,2026-02-25,0001045810-26-000021,CY2023Q4I
deferred_revenue,ContractWithCustomerLiability,us-gaap,USD,,2024-04-28,1549000000.0,2025,Q1,10-Q,2024-05-29,0001045810-24-000124,
deferred_revenue,ContractWithCustomerLiability,us-gaap,USD,,2024-04-28,1549000000.0,2026,Q1,10-Q,2025-05-28,0001045810-25-000116,CY2024Q1I
deferred_revenue,ContractWithCustomerLiability,us-gaap,USD,,2024-07-28,1721000000.0,2025,Q2,10-Q,2024-08-28,0001045810-24-000264,
deferred_revenue,ContractWithCustomerLiability,us-gaap,USD,,2024-07-28,1721000000.0,2026,Q2,10-Q,2025-08-27,0001045810-25-000209,CY2024Q2I
deferred_revenue,ContractWithCustomerLiability,us-gaap,USD,,2024-10-27,1585000000.0,2025,Q3,10-Q,2024-11-20,0001045810-24-000316,
deferred_revenue,ContractWithCustomerLiability,us-gaap,USD,,2024-10-27,1585000000.0,2026,Q3,10-Q,2025-11-19,0001045810-25-000230,CY2024Q3I
deferred_revenue,ContractWithCustomerLiability,us-gaap,USD,,2025-01-26,1813000000.0,2025,FY,10-K,2025-02-26,0001045810-25-000023,
deferred_revenue,ContractWithCustomerLiability,us-gaap,USD,,2025-01-26,1813000000.0,2026,Q1,10-Q,2025-05-28,0001045810-25-000116,
deferred_revenue,ContractWithCustomerLiability,us-gaap,USD,,2025-01-26,1813000000.0,2026,Q2,10-Q,2025-08-27,0001045810-25-000209,
deferred_revenue,ContractWithCustomerLiability,us-gaap,USD,,2025-01-26,1813000000.0,2026,Q3,10-Q,2025-11-19,0001045810-25-000230,
deferred_revenue,ContractWithCustomerLiability,us-gaap,USD,,2025-01-26,1813000000.0,2026,FY,10-K,2026-02-25,0001045810-26-000021,
deferred_revenue,ContractWithCustomerLiability,us-gaap,USD,,2025-01-26,1813000000.0,2027,Q1,10-Q,2026-05-20,0001045810-26-000052,
deferred_revenue,ContractWithCustomerLiability,us-gaap,USD,,2025-01-26,1813000000.0,2027,Q2,10-Q,2026-08-26,0001045810-26-000075,CY2024Q4I
deferred_revenue,ContractWithCustomerLiability,us-gaap,USD,,2025-04-27,2078000000.0,2026,Q1,10-Q,2025-05-28,0001045810-25-000116,
deferred_revenue,ContractWithCustomerLiability,us-gaap,USD,,2025-04-27,2078000000.0,2027,Q1,10-Q,2026-05-20,0001045810-26-000052,CY2025Q1I
deferred_revenue,ContractWithCustomerLiability,us-gaap,USD,,2025-07-27,2035000000.0,2026,Q2,10-Q,2025-08-27,0001045810-25-000209,
deferred_revenue,ContractWithCustomerLiability,us-gaap,USD,,2025-07-27,2035000000.0,2027,Q2,10-Q,2026-08-26,0001045810-26-000075,CY2025Q2I
deferred_revenue,ContractWithCustomerLiability,us-gaap,USD,,2025-10-26,2413000000.0,2026,Q3,10-Q,2025-11-19,0001045810-25-000230,CY2025Q3I
deferred_revenue,ContractWithCustomerLiability,us-gaap,USD,,2026-01-25,2572000000.0,2026,FY,10-K,2026-02-25,0001045810-26-000021,
deferred_revenue,ContractWithCustomerLiability,us-gaap,USD,,2026-01-25,2572000000.0,2027,Q1,10-Q,2026-05-20,0001045810-26-000052,
deferred_revenue,ContractWithCustomerLiability,us-gaap,USD,,2026-01-25,2572000000.0,2027,Q2,10-Q,2026-08-26,0001045810-26-000075,CY2025Q4I
deferred_revenue,ContractWithCustomerLiability,us-gaap,USD,,2026-04-26,3117000000.0,2027,Q1,10-Q,2026-05-20,0001045810-26-000052,CY2026Q1I
deferred_revenue,ContractWithCustomerLiability,us-gaap,USD,,2026-07-26,6412000000.0,2027,Q2,10-Q,2026-08-26,0001045810-26-000075,CY2026Q2I
deferred_revenue_change,IncreaseDecreaseInContractWithCustomerLiability,us-gaap,USD,2018-01-29,2019-01-27,344000000.0,2019,FY,10-K,2019-02-21,0001045810-19-000023,CY2018
deferred_revenue_recognised,ContractWithCustomerLiabilityRevenueRecognized,us-gaap,USD,2018-01-29,2018-07-29,153000000.0,2019,Q2,10-Q,2018-08-16,0001045810-18-000114,
deferred_revenue_recognised,ContractWithCustomerLiabilityRevenueRecognized,us-gaap,USD,2018-01-29,2018-10-28,214000000.0,2019,Q3,10-Q,2018-11-15,0001045810-18-000150,
deferred_revenue_recognised,ContractWithCustomerLiabilityRevenueRecognized,us-gaap,USD,2018-01-29,2019-01-27,269000000.0,2019,FY,10-K,2019-02-21,0001045810-19-000023,CY2018
deferred_revenue_recognised,ContractWithCustomerLiabilityRevenueRecognized,us-gaap,USD,2019-01-28,2019-04-28,53000000.0,2020,Q1,10-Q,2020-05-21,0001045810-20-000065,CY2019Q1
deferred_revenue_recognised,ContractWithCustomerLiabilityRevenueRecognized,us-gaap,USD,2019-01-28,2019-07-28,118000000.0,2020,Q2,10-Q,2020-08-19,0001045810-20-000147,
deferred_revenue_recognised,ContractWithCustomerLiabilityRevenueRecognized,us-gaap,USD,2019-01-28,2019-10-27,199000000.0,2021,Q3,10-Q,2020-11-18,0001045810-20-000189,
deferred_revenue_recognised,ContractWithCustomerLiabilityRevenueRecognized,us-gaap,USD,2020-01-27,2020-04-26,70000000.0,2020,Q1,10-Q,2020-05-21,0001045810-20-000065,
deferred_revenue_recognised,ContractWithCustomerLiabilityRevenueRecognized,us-gaap,USD,2020-01-27,2020-04-26,70000000.0,2022,Q1,10-Q,2021-05-26,0001045810-21-000064,CY2020Q1
deferred_revenue_recognised,ContractWithCustomerLiabilityRevenueRecognized,us-gaap,USD,2020-01-27,2020-07-26,147000000.0,2020,Q2,10-Q,2020-08-19,0001045810-20-000147,
deferred_revenue_recognised,ContractWithCustomerLiabilityRevenueRecognized,us-gaap,USD,2020-01-27,2020-07-26,147000000.0,2022,Q2,10-Q,2021-08-20,0001045810-21-000131,
deferred_revenue_recognised,ContractWithCustomerLiabilityRevenueRecognized,us-gaap,USD,2020-01-27,2020-10-25,255000000.0,2021,Q3,10-Q,2020-11-18,0001045810-20-000189,
deferred_revenue_recognised,ContractWithCustomerLiabilityRevenueRecognized,us-gaap,USD,2021-02-01,2021-05-02,123000000.0,2022,Q1,10-Q,2021-05-26,0001045810-21-000064,CY2021Q1
deferred_revenue_recognised,ContractWithCustomerLiabilityRevenueRecognized,us-gaap,USD,2021-02-01,2021-08-01,362000000.0,2022,Q2,10-Q,2021-08-20,0001045810-21-000131,
deferred_revenue_recognised,ContractWithCustomerLiabilityRevenueRecognized,us-gaap,USD,2022-01-31,2023-01-29,282000000.0,2024,FY,10-K,2024-02-21,0001045810-24-000029,CY2022
deferred_revenue_recognised,ContractWithCustomerLiabilityRevenueRecognized,us-gaap,USD,2023-01-30,2023-07-30,199000000.0,2025,Q2,10-Q,2024-08-28,0001045810-24-000264,
deferred_revenue_recognised,ContractWithCustomerLiabilityRevenueRecognized,us-gaap,USD,2023-01-30,2023-10-29,256000000.0,2025,Q3,10-Q,2024-11-20,0001045810-24-000316,
deferred_revenue_recognised,ContractWithCustomerLiabilityRevenueRecognized,us-gaap,USD,2023-01-30,2024-01-28,338000000.0,2024,FY,10-K,2024-02-21,0001045810-24-000029,
deferred_revenue_recognised,ContractWithCustomerLiabilityRevenueRecognized,us-gaap,USD,2023-01-30,2024-01-28,338000000.0,2025,FY,10-K,2025-02-26,0001045810-25-000023,CY2023
deferred_revenue_recognised,ContractWithCustomerLiabilityRevenueRecognized,us-gaap,USD,2024-01-29,2024-04-28,188000000.0,2025,Q1,10-Q,2024-05-29,0001045810-24-000124,
deferred_revenue_recognised,ContractWithCustomerLiabilityRevenueRecognized,us-gaap,USD,2024-01-29,2024-04-28,188000000.0,2026,Q1,10-Q,2025-05-28,0001045810-25-000116,CY2024Q1
deferred_revenue_recognised,ContractWithCustomerLiabilityRevenueRecognized,us-gaap,USD,2024-01-29,2024-07-28,323000000.0,2025,Q2,10-Q,2024-08-28,0001045810-24-000264,
deferred_revenue_recognised,ContractWithCustomerLiabilityRevenueRecognized,us-gaap,USD,2024-01-29,2024-07-28,323000000.0,2026,Q2,10-Q,2025-08-27,0001045810-25-000209,
deferred_revenue_recognised,ContractWithCustomerLiabilityRevenueRecognized,us-gaap,USD,2024-01-29,2024-10-27,585000000.0,2025,Q3,10-Q,2024-11-20,0001045810-24-000316,
deferred_revenue_recognised,ContractWithCustomerLiabilityRevenueRecognized,us-gaap,USD,2024-01-29,2024-10-27,585000000.0,2026,Q3,10-Q,2025-11-19,0001045810-25-000230,
deferred_revenue_recognised,ContractWithCustomerLiabilityRevenueRecognized,us-gaap,USD,2024-01-29,2025-01-26,729000000.0,2025,FY,10-K,2025-02-26,0001045810-25-000023,
deferred_revenue_recognised,ContractWithCustomerLiabilityRevenueRecognized,us-gaap,USD,2024-01-29,2025-01-26,729000000.0,2026,FY,10-K,2026-02-25,0001045810-26-000021,CY2024
deferred_revenue_recognised,ContractWithCustomerLiabilityRevenueRecognized,us-gaap,USD,2025-01-27,2025-04-27,265000000.0,2026,Q1,10-Q,2025-05-28,0001045810-25-000116,
deferred_revenue_recognised,ContractWithCustomerLiabilityRevenueRecognized,us-gaap,USD,2025-01-27,2025-04-27,265000000.0,2027,Q1,10-Q,2026-05-20,0001045810-26-000052,CY2025Q1
deferred_revenue_recognised,ContractWithCustomerLiabilityRevenueRecognized,us-gaap,USD,2025-01-27,2025-07-27,479000000.0,2026,Q2,10-Q,2025-08-27,0001045810-25-000209,
deferred_revenue_recognised,ContractWithCustomerLiabilityRevenueRecognized,us-gaap,USD,2025-01-27,2025-07-27,479000000.0,2027,Q2,10-Q,2026-08-26,0001045810-26-000075,
deferred_revenue_recognised,ContractWithCustomerLiabilityRevenueRecognized,us-gaap,USD,2025-01-27,2025-10-26,650000000.0,2026,Q3,10-Q,2025-11-19,0001045810-25-000230,
deferred_revenue_recognised,ContractWithCustomerLiabilityRevenueRecognized,us-gaap,USD,2025-01-27,2026-01-25,974000000.0,2026,FY,10-K,2026-02-25,0001045810-26-000021,CY2025
deferred_revenue_recognised,ContractWithCustomerLiabilityRevenueRecognized,us-gaap,USD,2026-01-26,2026-04-26,451000000.0,2027,Q1,10-Q,2026-05-20,0001045810-26-000052,CY2026Q1
deferred_revenue_recognised,ContractWithCustomerLiabilityRevenueRecognized,us-gaap,USD,2026-01-26,2026-07-26,758000000.0,2027,Q2,10-Q,2026-08-26,0001045810-26-000075,
interest_expense,InterestExpenseNonoperating,us-gaap,USD,2022-01-31,2023-01-29,262000000.0,2025,FY,10-K,2025-02-26,0001045810-25-000023,CY2022
interest_expense,InterestExpenseNonoperating,us-gaap,USD,2023-01-30,2023-07-30,131000000.0,2025,Q2,10-Q,2024-08-28,0001045810-24-000264,
interest_expense,InterestExpenseNonoperating,us-gaap,USD,2023-05-01,2023-07-30,65000000.0,2025,Q2,10-Q,2024-08-28,0001045810-24-000264,CY2023Q2
interest_expense,InterestExpenseNonoperating,us-gaap,USD,2023-01-30,2023-10-29,194000000.0,2025,Q3,10-Q,2024-11-20,0001045810-24-000316,
interest_expense,InterestExpenseNonoperating,us-gaap,USD,2023-07-31,2023-10-29,63000000.0,2025,Q3,10-Q,2024-11-20,0001045810-24-000316,CY2023Q3
interest_expense,InterestExpenseNonoperating,us-gaap,USD,2023-01-30,2024-01-28,257000000.0,2025,FY,10-K,2025-02-26,0001045810-25-000023,
interest_expense,InterestExpenseNonoperating,us-gaap,USD,2023-01-30,2024-01-28,257000000.0,2026,FY,10-K,2026-02-25,0001045810-26-000021,CY2023
interest_expense,InterestExpenseNonoperating,us-gaap,USD,2024-01-29,2024-04-28,64000000.0,2026,Q1,10-Q,2025-05-28,0001045810-25-000116,CY2024Q1
interest_expense,InterestExpenseNonoperating,us-gaap,USD,2024-01-29,2024-07-28,125000000.0,2025,Q2,10-Q,2024-08-28,0001045810-24-000264,
interest_expense,InterestExpenseNonoperating,us-gaap,USD,2024-04-29,2024-07-28,61000000.0,2025,Q2,10-Q,2024-08-28,0001045810-24-000264,
interest_expense,InterestExpenseNonoperating,us-gaap,USD,2024-01-29,2024-07-28,125000000.0,2026,Q2,10-Q,2025-08-27,0001045810-25-000209,
interest_expense,InterestExpenseNonoperating,us-gaap,USD,2024-04-29,2024-07-28,61000000.0,2026,Q2,10-Q,2025-08-27,0001045810-25-000209,CY2024Q2
interest_expense,InterestExpenseNonoperating,us-gaap,USD,2024-01-29,2024-10-27,186000000.0,2025,Q3,10-Q,2024-11-20,0001045810-24-000316,
interest_expense,InterestExpenseNonoperating,us-gaap,USD,2024-07-29,2024-10-27,61000000.0,2025,Q3,10-Q,2024-11-20,0001045810-24-000316,
interest_expense,InterestExpenseNonoperating,us-gaap,USD,2024-01-29,2024-10-27,186000000.0,2026,Q3,10-Q,2025-11-19,0001045810-25-000230,
interest_expense,InterestExpenseNonoperating,us-gaap,USD,2024-07-29,2024-10-27,61000000.0,2026,Q3,10-Q,2025-11-19,0001045810-25-000230,CY2024Q3
interest_expense,InterestExpenseNonoperating,us-gaap,USD,2024-01-29,2025-01-26,247000000.0,2025,FY,10-K,2025-02-26,0001045810-25-000023,
interest_expense,InterestExpenseNonoperating,us-gaap,USD,2024-01-29,2025-01-26,247000000.0,2026,FY,10-K,2026-02-25,0001045810-26-000021,CY2024
interest_expense,InterestExpenseNonoperating,us-gaap,USD,2025-01-27,2025-04-27,63000000.0,2026,Q1,10-Q,2025-05-28,0001045810-25-000116,
interest_expense,InterestExpenseNonoperating,us-gaap,USD,2025-01-27,2025-04-27,63000000.0,2027,Q1,10-Q,2026-05-20,0001045810-26-000052,CY2025Q1
interest_expense,InterestExpenseNonoperating,us-gaap,USD,2025-01-27,2025-07-27,124000000.0,2026,Q2,10-Q,2025-08-27,0001045810-25-000209,
interest_expense,InterestExpenseNonoperating,us-gaap,USD,2025-04-28,2025-07-27,62000000.0,2026,Q2,10-Q,2025-08-27,0001045810-25-000209,
interest_expense,InterestExpenseNonoperating,us-gaap,USD,2025-01-27,2025-07-27,124000000.0,2027,Q2,10-Q,2026-08-26,0001045810-26-000075,
interest_expense,InterestExpenseNonoperating,us-gaap,USD,2025-04-28,2025-07-27,62000000.0,2027,Q2,10-Q,2026-08-26,0001045810-26-000075,CY2025Q2
interest_expense,InterestExpenseNonoperating,us-gaap,USD,2025-01-27,2025-10-26,186000000.0,2026,Q3,10-Q,2025-11-19,0001045810-25-000230,
interest_expense,InterestExpenseNonoperating,us-gaap,USD,2025-07-28,2025-10-26,61000000.0,2026,Q3,10-Q,2025-11-19,0001045810-25-000230,CY2025Q3
interest_expense,InterestExpenseNonoperating,us-gaap,USD,2025-01-27,2026-01-25,259000000.0,2026,FY,10-K,2026-02-25,0001045810-26-000021,CY2025
interest_expense,InterestExpenseNonoperating,us-gaap,USD,2026-01-26,2026-04-26,102000000.0,2027,Q1,10-Q,2026-05-20,0001045810-26-000052,CY2026Q1
interest_expense,InterestExpenseNonoperating,us-gaap,USD,2026-01-26,2026-07-26,329000000.0,2027,Q2,10-Q,2026-08-26,0001045810-26-000075,
interest_expense,InterestExpenseNonoperating,us-gaap,USD,2026-04-27,2026-07-26,227000000.0,2027,Q2,10-Q,2026-08-26,0001045810-26-000075,CY2026Q2
interest_expense_debt,InterestExpenseDebt,us-gaap,USD,2013-01-28,2013-07-28,0.0,2015,Q2,10-Q,2014-08-20,0001045810-14-000158,
interest_expense_debt,InterestExpenseDebt,us-gaap,USD,2013-04-29,2013-07-28,0.0,2015,Q2,10-Q,2014-08-20,0001045810-14-000158,CY2013Q2
interest_expense_debt,InterestExpenseDebt,us-gaap,USD,2013-01-28,2013-10-27,0.0,2015,Q3,10-Q,2014-11-19,0001045810-14-000188,
interest_expense_debt,InterestExpenseDebt,us-gaap,USD,2013-07-29,2013-10-27,0.0,2015,Q3,10-Q,2014-11-19,0001045810-14-000188,CY2013Q3
interest_expense_debt,InterestExpenseDebt,us-gaap,USD,2013-01-28,2014-01-26,7134000.0,2015,FY,10-K,2015-03-12,0001045810-15-000036,
interest_expense_debt,InterestExpenseDebt,us-gaap,USD,2013-01-28,2014-01-26,7000000.0,2016,FY,10-K,2016-03-17,0001045810-16-000205,CY2013
interest_expense_debt,InterestExpenseDebt,us-gaap,USD,2014-01-27,2014-04-27,11000000.0,2016,Q1,10-Q,2015-05-20,0001045810-15-000097,CY2014Q1
interest_expense_debt,InterestExpenseDebt,us-gaap,USD,2014-01-27,2014-07-27,21471000.0,2015,Q2,10-Q,2014-08-20,0001045810-14-000158,
interest_expense_debt,InterestExpenseDebt,us-gaap,USD,2014-04-28,2014-07-27,10772000.0,2015,Q2,10-Q,2014-08-20,0001045810-14-000158,
interest_expense_debt,InterestExpenseDebt,us-gaap,USD,2014-01-27,2014-07-27,22000000.0,2016,Q2,10-Q,2015-08-19,0001045810-15-000143,
interest_expense_debt,InterestExpenseDebt,us-gaap,USD,2014-04-28,2014-07-27,11000000.0,2016,Q2,10-Q,2015-08-19,0001045810-15-000143,CY2014Q2
interest_expense_debt,InterestExpenseDebt,us-gaap,USD,2014-01-27,2014-10-26,32280000.0,2015,Q3,10-Q,2014-11-19,0001045810-14-000188,
interest_expense_debt,InterestExpenseDebt,us-gaap,USD,2014-07-28,2014-10-26,10809000.0,2015,Q3,10-Q,2014-11-19,0001045810-14-000188,
interest_expense_debt,InterestExpenseDebt,us-gaap,USD,2014-01-27,2014-10-26,32000000.0,2016,Q3,10-Q,2015-11-18,0001045810-15-000173,
interest_expense_debt,InterestExpenseDebt,us-gaap,USD,2014-07-28,2014-10-26,11000000.0,2016,Q3,10-Q,2015-11-18,0001045810-15-000173,CY2014Q3
interest_expense_debt,InterestExpenseDebt,us-gaap,USD,2014-01-27,2015-01-25,43162000.0,2015,FY,10-K,2015-03-12,0001045810-15-000036,
interest_expense_debt,InterestExpenseDebt,us-gaap,USD,2014-01-27,2015-01-25,43000000.0,2016,FY,10-K,2016-03-17,0001045810-16-000205,
interest_expense_debt,InterestExpenseDebt,us-gaap,USD,2014-01-27,2015-01-25,43000000.0,2017,FY,10-K,2017-03-01,0001045810-17-000027,CY2014
interest_expense_debt,InterestExpenseDebt,us-gaap,USD,2015-01-26,2015-04-26,11000000.0,2016,Q1,10-Q,2015-05-20,0001045810-15-000097,
interest_expense_debt,InterestExpenseDebt,us-gaap,USD,2015-01-26,2015-04-26,11000000.0,2017,Q1,10-Q,2016-05-25,0001045810-16-000275,CY2015Q1
interest_expense_debt,InterestExpenseDebt,us-gaap,USD,2015-01-26,2015-07-26,22000000.0,2016,Q2,10-Q,2015-08-19,0001045810-15-000143,
interest_expense_debt,InterestExpenseDebt,us-gaap,USD,2015-04-27,2015-07-26,11000000.0,2016,Q2,10-Q,2015-08-19,0001045810-15-000143,
interest_expense_debt,InterestExpenseDebt,us-gaap,USD,2015-01-26,2015-07-26,22000000.0,2017,Q2,10-Q,2016-08-23,0001045810-16-000300,
interest_expense_debt,InterestExpenseDebt,us-gaap,USD,2015-04-27,2015-07-26,11000000.0,2017,Q2,10-Q,2016-08-23,0001045810-16-000300,CY2015Q2
interest_expense_debt,InterestExpenseDebt,us-gaap,USD,2015-01-26,2015-10-25,33000000.0,2016,Q3,10-Q,2015-11-18,0001045810-15-000173,
interest_expense_debt,InterestExpenseDebt,us-gaap,USD,2015-07-27,2015-10-25,11000000.0,2016,Q3,10-Q,2015-11-18,0001045810-15-000173,
interest_expense_debt,InterestExpenseDebt,us-gaap,USD,2015-01-26,2015-10-25,33000000.0,2017,Q3,10-Q,2016-11-22,0001045810-16-000353,
interest_expense_debt,InterestExpenseDebt,us-gaap,USD,2015-07-27,2015-10-25,11000000.0,2017,Q3,10-Q,2016-11-22,0001045810-16-000353,CY2015Q3
interest_expense_debt,InterestExpenseDebt,us-gaap,USD,2015-01-26,2016-01-31,44000000.0,2016,FY,10-K,2016-03-17,0001045810-16-000205,
interest_expense_debt,InterestExpenseDebt,us-gaap,USD,2015-01-26,2016-01-31,44000000.0,2017,FY,10-K,2017-03-01,0001045810-17-000027,
interest_expense_debt,InterestExpenseDebt,us-gaap,USD,2015-01-26,2016-01-31,44000000.0,2018,FY,10-K,2018-02-28,0001045810-18-000010,CY2015
interest_expense_debt,InterestExpenseDebt,us-gaap,USD,2016-02-01,2016-05-01,12000000.0,2017,Q1,10-Q,2016-05-25,0001045810-16-000275,
interest_expense_debt,InterestExpenseDebt,us-gaap,USD,2016-02-01,2016-05-01,12000000.0,2018,Q1,10-Q,2017-05-23,0001045810-17-000075,CY2016Q1
interest_expense_debt,InterestExpenseDebt,us-gaap,USD,2016-02-01,2016-07-31,22000000.0,2017,Q2,10-Q,2016-08-23,0001045810-16-000300,
interest_expense_debt,InterestExpenseDebt,us-gaap,USD,2016-05-02,2016-07-31,11000000.0,2017,Q2,10-Q,2016-08-23,0001045810-16-000300,
interest_expense_debt,InterestExpenseDebt,us-gaap,USD,2016-02-01,2016-07-31,22000000.0,2018,Q2,10-Q,2017-08-23,0001045810-17-000123,
interest_expense_debt,InterestExpenseDebt,us-gaap,USD,2016-05-02,2016-07-31,11000000.0,2018,Q2,10-Q,2017-08-23,0001045810-17-000123,CY2016Q2
interest_expense_debt,InterestExpenseDebt,us-gaap,USD,2016-02-01,2016-10-30,30000000.0,2017,Q3,10-Q,2016-11-22,0001045810-16-000353,
interest_expense_debt,InterestExpenseDebt,us-gaap,USD,2016-08-01,2016-10-30,8000000.0,2017,Q3,10-Q,2016-11-22,0001045810-16-000353,
interest_expense_debt,InterestExpenseDebt,us-gaap,USD,2016-02-01,2016-10-30,30000000.0,2018,Q3,10-Q,2017-11-21,0001045810-17-000172,
interest_expense_debt,InterestExpenseDebt,us-gaap,USD,2016-08-01,2016-10-30,8000000.0,2018,Q3,10-Q,2017-11-21,0001045810-17-000172,CY2016Q3
interest_expense_debt,InterestExpenseDebt,us-gaap,USD,2016-02-01,2017-01-29,33000000.0,2017,FY,10-K,2017-03-01,0001045810-17-000027,
interest_expense_debt,InterestExpenseDebt,us-gaap,USD,2016-02-01,2017-01-29,33000000.0,2018,FY,10-K,2018-02-28,0001045810-18-000010,CY2016
interest_expense_debt,InterestExpenseDebt,us-gaap,USD,2017-01-30,2017-04-30,1000000.0,2018,Q1,10-Q,2017-05-23,0001045810-17-000075,CY2017Q1
interest_expense_debt,InterestExpenseDebt,us-gaap,USD,2017-01-30,2017-07-30,2000000.0,2018,Q2,10-Q,2017-08-23,0001045810-17-000123,
interest_expense_debt,InterestExpenseDebt,us-gaap,USD,2017-05-01,2017-07-30,1000000.0,2018,Q2,10-Q,2017-08-23,0001045810-17-000123,CY2017Q2
interest_expense_debt,InterestExpenseDebt,us-gaap,USD,2017-01-30,2017-10-29,2000000.0,2018,Q3,10-Q,2017-11-21,0001045810-17-000172,
interest_expense_debt,InterestExpenseDebt,us-gaap,USD,2017-07-31,2017-10-29,0.0,2018,Q3,10-Q,2017-11-21,0001045810-17-000172,CY2017Q3
interest_expense_debt,InterestExpenseDebt,us-gaap,USD,2017-01-30,2018-01-28,2000000.0,2018,FY,10-K,2018-02-28,0001045810-18-000010,CY2017
long_term_debt,LongTermDebt,us-gaap,USD,,2013-01-27,0.0,2013,FY,10-K,2014-03-13,0001045810-14-000030,CY2012Q4I
long_term_debt,LongTermDebt,us-gaap,USD,,2014-01-26,1356375000.0,2013,FY,10-K,2014-03-13,0001045810-14-000030,
long_term_debt,LongTermDebt,us-gaap,USD,,2014-01-26,1356375000.0,2014,Q1,10-Q,2014-05-21,0001045810-14-000085,
long_term_debt,LongTermDebt,us-gaap,USD,,2014-01-26,1356375000.0,2015,Q2,10-Q,2014-08-20,0001045810-14-000158,
long_term_debt,LongTermDebt,us-gaap,USD,,2014-01-26,1356375000.0,2015,Q3,10-Q,2014-11-19,0001045810-14-000188,
long_term_debt,LongTermDebt,us-gaap,USD,,2014-01-26,1356375000.0,2015,FY,10-K,2015-03-12,0001045810-15-000036,CY2013Q4I
long_term_debt,LongTermDebt,us-gaap,USD,,2014-04-27,1363276000.0,2014,Q1,10-Q,2014-05-21,0001045810-14-000085,CY2014Q1I
long_term_debt,LongTermDebt,us-gaap,USD,,2014-07-27,1370249000.0,2015,Q2,10-Q,2014-08-20,0001045810-14-000158,CY2014Q2I
long_term_debt,LongTermDebt,us-gaap,USD,,2014-10-26,1377259000.0,2015,Q3,10-Q,2014-11-19,0001045810-14-000188,CY2014Q3I
long_term_debt,LongTermDebt,us-gaap,USD,,2015-01-25,1384342000.0,2015,FY,10-K,2015-03-12,0001045810-15-000036,
long_term_debt,LongTermDebt,us-gaap,USD,,2015-01-25,1384000000.0,2016,Q1,10-Q,2015-05-20,0001045810-15-000097,
long_term_debt,LongTermDebt,us-gaap,USD,,2015-01-25,1384000000.0,2016,Q2,10-Q,2015-08-19,0001045810-15-000143,
long_term_debt,LongTermDebt,us-gaap,USD,,2015-01-25,1384000000.0,2016,Q3,10-Q,2015-11-18,0001045810-15-000173,
long_term_debt,LongTermDebt,us-gaap,USD,,2015-01-25,1384000000.0,2016,FY,10-K,2016-03-17,0001045810-16-000205,CY2014Q4I
long_term_debt,LongTermDebt,us-gaap,USD,,2015-04-26,1391000000.0,2016,Q1,10-Q,2015-05-20,0001045810-15-000097,CY2015Q1I
long_term_debt,LongTermDebt,us-gaap,USD,,2015-07-26,1399000000.0,2016,Q2,10-Q,2015-08-19,0001045810-15-000143,CY2015Q2I
long_term_debt,LongTermDebt,us-gaap,USD,,2015-10-25,1406000000.0,2016,Q3,10-Q,2015-11-18,0001045810-15-000173,CY2015Q3I
long_term_debt,LongTermDebt,us-gaap,USD,,2016-01-31,1413000000.0,2016,FY,10-K,2016-03-17,0001045810-16-000205,
long_term_debt,LongTermDebt,us-gaap,USD,,2016-01-31,0.0,2017,Q3,10-Q,2016-11-22,0001045810-16-000353,
long_term_debt,LongTermDebt,us-gaap,USD,,2016-01-31,0.0,2017,FY,10-K,2017-03-01,0001045810-17-000027,CY2015Q4I
long_term_debt,LongTermDebt,us-gaap,USD,,2016-10-30,1982000000.0,2017,Q3,10-Q,2016-11-22,0001045810-16-000353,CY2016Q3I
long_term_debt,LongTermDebt,us-gaap,USD,,2017-01-29,1983000000.0,2017,FY,10-K,2017-03-01,0001045810-17-000027,
long_term_debt,LongTermDebt,us-gaap,USD,,2017-01-29,1983000000.0,2018,Q1,10-Q,2017-05-23,0001045810-17-000075,
long_term_debt,LongTermDebt,us-gaap,USD,,2017-01-29,1983000000.0,2018,Q2,10-Q,2017-08-23,0001045810-17-000123,
long_term_debt,LongTermDebt,us-gaap,USD,,2017-01-29,1983000000.0,2018,Q3,10-Q,2017-11-21,0001045810-17-000172,
long_term_debt,LongTermDebt,us-gaap,USD,,2017-01-29,1983000000.0,2018,FY,10-K,2018-02-28,0001045810-18-000010,CY2016Q4I
long_term_debt,LongTermDebt,us-gaap,USD,,2017-04-30,1984000000.0,2018,Q1,10-Q,2017-05-23,0001045810-17-000075,CY2017Q1I
long_term_debt,LongTermDebt,us-gaap,USD,,2017-07-30,1984000000.0,2018,Q2,10-Q,2017-08-23,0001045810-17-000123,CY2017Q2I
long_term_debt,LongTermDebt,us-gaap,USD,,2017-10-29,1985000000.0,2018,Q3,10-Q,2017-11-21,0001045810-17-000172,CY2017Q3I
long_term_debt,LongTermDebt,us-gaap,USD,,2018-01-28,1985000000.0,2018,FY,10-K,2018-02-28,0001045810-18-000010,
long_term_debt,LongTermDebt,us-gaap,USD,,2018-01-28,1985000000.0,2019,Q1,10-Q,2018-05-22,0001045810-18-000080,
long_term_debt,LongTermDebt,us-gaap,USD,,2018-01-28,1985000000.0,2019,Q2,10-Q,2018-08-16,0001045810-18-000114,
long_term_debt,LongTermDebt,us-gaap,USD,,2018-01-28,1985000000.0,2019,Q3,10-Q,2018-11-15,0001045810-18-000150,
long_term_debt,LongTermDebt,us-gaap,USD,,2018-01-28,1985000000.0,2019,FY,10-K,2019-02-21,0001045810-19-000023,CY2017Q4I
long_term_debt,LongTermDebt,us-gaap,USD,,2018-04-29,1986000000.0,2019,Q1,10-Q,2018-05-22,0001045810-18-000080,CY2018Q1I
long_term_debt,LongTermDebt,us-gaap,USD,,2018-07-29,1987000000.0,2019,Q2,10-Q,2018-08-16,0001045810-18-000114,CY2018Q2I
long_term_debt,LongTermDebt,us-gaap,USD,,2018-10-28,1987000000.0,2019,Q3,10-Q,2018-11-15,0001045810-18-000150,CY2018Q3I
long_term_debt,LongTermDebt,us-gaap,USD,,2019-01-27,1988000000.0,2019,FY,10-K,2019-02-21,0001045810-19-000023,
long_term_debt,LongTermDebt,us-gaap,USD,,2019-01-27,1988000000.0,2020,Q1,10-Q,2019-05-16,0001045810-19-000079,
long_term_debt,LongTermDebt,us-gaap,USD,,2019-01-27,1988000000.0,2020,Q2,10-Q,2019-08-15,0001045810-19-000144,
long_term_debt,LongTermDebt,us-gaap,USD,,2019-01-27,1988000000.0,2020,Q3,10-Q,2019-11-14,0001045810-19-000170,
long_term_debt,LongTermDebt,us-gaap,USD,,2019-01-27,1988000000.0,2020,FY,10-K,2020-02-20,0001045810-20-000010,CY2018Q4I
long_term_debt,LongTermDebt,us-gaap,USD,,2019-04-28,1988000000.0,2020,Q1,10-Q,2019-05-16,0001045810-19-000079,CY2019Q1I
long_term_debt,LongTermDebt,us-gaap,USD,,2019-07-28,1989000000.0,2020,Q2,10-Q,2019-08-15,0001045810-19-000144,CY2019Q2I
long_term_debt,LongTermDebt,us-gaap,USD,,2019-10-27,1990000000.0,2020,Q3,10-Q,2019-11-14,0001045810-19-000170,CY2019Q3I
long_term_debt,LongTermDebt,us-gaap,USD,,2020-01-26,1991000000.0,2020,FY,10-K,2020-02-20,0001045810-20-000010,
long_term_debt,LongTermDebt,us-gaap,USD,,2020-01-26,1991000000.0,2020,Q1,10-Q,2020-05-21,0001045810-20-000065,
long_term_debt,LongTermDebt,us-gaap,USD,,2020-01-26,1991000000.0,2020,Q2,10-Q,2020-08-19,0001045810-20-000147,
long_term_debt,LongTermDebt,us-gaap,USD,,2020-01-26,1991000000.0,2021,Q3,10-Q,2020-11-18,0001045810-20-000189,
long_term_debt,LongTermDebt,us-gaap,USD,,2020-01-26,1991000000.0,2021,FY,10-K,2021-02-26,0001045810-21-000010,CY2019Q4I
long_term_debt,LongTermDebt,us-gaap,USD,,2020-04-26,6959000000.0,2020,Q1,10-Q,2020-05-21,0001045810-20-000065,CY2020Q1I
long_term_debt,LongTermDebt,us-gaap,USD,,2020-07-26,6960000000.0,2020,Q2,10-Q,2020-08-19,0001045810-20-000147,CY2020Q2I
long_term_debt,LongTermDebt,us-gaap,USD,,2020-10-25,6961000000.0,2021,Q3,10-Q,2020-11-18,0001045810-20-000189,CY2020Q3I
long_term_debt,LongTermDebt,us-gaap,USD,,2021-01-31,6963000000.0,2021,FY,10-K,2021-02-26,0001045810-21-000010,
long_term_debt,LongTermDebt,us-gaap,USD,,2021-01-31,6963000000.0,2022,Q1,10-Q,2021-05-26,0001045810-21-000064,
long_term_debt,LongTermDebt,us-gaap,USD,,2021-01-31,6963000000.0,2022,Q2,10-Q,2021-08-20,0001045810-21-000131,
long_term_debt,LongTermDebt,us-gaap,USD,,2021-01-31,6963000000.0,2022,Q3,10-Q,2021-11-22,0001045810-21-000163,
long_term_debt,LongTermDebt,us-gaap,USD,,2021-01-31,6963000000.0,2022,FY,10-K,2022-03-18,0001045810-22-000036,CY2020Q4I
long_term_debt,LongTermDebt,us-gaap,USD,,2021-05-02,6963000000.0,2022,Q1,10-Q,2021-05-26,0001045810-21-000064,CY2021Q1I
long_term_debt,LongTermDebt,us-gaap,USD,,2021-08-01,11943000000.0,2022,Q2,10-Q,2021-08-20,0001045810-21-000131,CY2021Q2I
long_term_debt,LongTermDebt,us-gaap,USD,,2021-10-31,10944000000.0,2022,Q3,10-Q,2021-11-22,0001045810-21-000163,CY2021Q3I
long_term_debt,LongTermDebt,us-gaap,USD,,2022-01-30,10946000000.0,2022,FY,10-K,2022-03-18,0001045810-22-000036,
long_term_debt,LongTermDebt,us-gaap,USD,,2022-01-30,10946000000.0,2023,Q1,10-Q,2022-05-27,0001045810-22-000079,
long_term_debt,LongTermDebt,us-gaap,USD,,2022-01-30,10946000000.0,2023,Q2,10-Q,2022-08-31,0001045810-22-000147,
long_term_debt,LongTermDebt,us-gaap,USD,,2022-01-30,10946000000.0,2023,Q3,10-Q,2022-11-18,0001045810-22-000166,
long_term_debt,LongTermDebt,us-gaap,USD,,2022-01-30,10946000000.0,2023,FY,10-K,2023-02-24,0001045810-23-000017,CY2021Q4I
long_term_debt,LongTermDebt,us-gaap,USD,,2022-05-01,10947000000.0,2023,Q1,10-Q,2022-05-27,0001045810-22-000079,CY2022Q1I
long_term_debt,LongTermDebt,us-gaap,USD,,2022-07-31,10949000000.0,2023,Q2,10-Q,2022-08-31,0001045810-22-000147,CY2022Q2I
long_term_debt,LongTermDebt,us-gaap,USD,,2022-10-30,10950000000.0,2023,Q3,10-Q,2022-11-18,0001045810-22-000166,CY2022Q3I
long_term_debt,LongTermDebt,us-gaap,USD,,2023-01-29,10953000000.0,2023,FY,10-K,2023-02-24,0001045810-23-000017,
long_term_debt,LongTermDebt,us-gaap,USD,,2023-01-29,10953000000.0,2024,Q1,10-Q,2023-05-26,0001045810-23-000093,
long_term_debt,LongTermDebt,us-gaap,USD,,2023-01-29,10953000000.0,2024,Q2,10-Q,2023-08-28,0001045810-23-000175,
long_term_debt,LongTermDebt,us-gaap,USD,,2023-01-29,10953000000.0,2024,Q3,10-Q,2023-11-21,0001045810-23-000227,
long_term_debt,LongTermDebt,us-gaap,USD,,2023-01-29,10953000000.0,2024,FY,10-K,2024-02-21,0001045810-24-000029,CY2022Q4I
long_term_debt,LongTermDebt,us-gaap,USD,,2023-04-30,10954000000.0,2024,Q1,10-Q,2023-05-26,0001045810-23-000093,CY2023Q1I
long_term_debt,LongTermDebt,us-gaap,USD,,2023-07-30,9705000000.0,2024,Q2,10-Q,2023-08-28,0001045810-23-000175,CY2023Q2I
long_term_debt,LongTermDebt,us-gaap,USD,,2023-10-29,9706000000.0,2024,Q3,10-Q,2023-11-21,0001045810-23-000227,CY2023Q3I
long_term_debt,LongTermDebt,us-gaap,USD,,2024-01-28,9709000000.0,2024,FY,10-K,2024-02-21,0001045810-24-000029,
long_term_debt,LongTermDebt,us-gaap,USD,,2024-01-28,9709000000.0,2025,Q1,10-Q,2024-05-29,0001045810-24-000124,
long_term_debt,LongTermDebt,us-gaap,USD,,2024-01-28,9709000000.0,2025,Q2,10-Q,2024-08-28,0001045810-24-000264,
long_term_debt,LongTermDebt,us-gaap,USD,,2024-01-28,9709000000.0,2025,Q3,10-Q,2024-11-20,0001045810-24-000316,
long_term_debt,LongTermDebt,us-gaap,USD,,2024-01-28,9709000000.0,2025,FY,10-K,2025-02-26,0001045810-25-000023,CY2023Q4I
long_term_debt,LongTermDebt,us-gaap,USD,,2024-04-28,9710000000.0,2025,Q1,10-Q,2024-05-29,0001045810-24-000124,CY2024Q1I
long_term_debt,LongTermDebt,us-gaap,USD,,2024-07-28,8461000000.0,2025,Q2,10-Q,2024-08-28,0001045810-24-000264,CY2024Q2I
long_term_debt,LongTermDebt,us-gaap,USD,,2024-10-27,8462000000.0,2025,Q3,10-Q,2024-11-20,0001045810-24-000316,CY2024Q3I
long_term_debt,LongTermDebt,us-gaap,USD,,2025-01-26,8463000000.0,2025,FY,10-K,2025-02-26,0001045810-25-000023,
long_term_debt,LongTermDebt,us-gaap,USD,,2025-01-26,8463000000.0,2026,Q1,10-Q,2025-05-28,0001045810-25-000116,
long_term_debt,LongTermDebt,us-gaap,USD,,2025-01-26,8463000000.0,2026,Q2,10-Q,2025-08-27,0001045810-25-000209,
long_term_debt,LongTermDebt,us-gaap,USD,,2025-01-26,8463000000.0,2026,Q3,10-Q,2025-11-19,0001045810-25-000230,
long_term_debt,LongTermDebt,us-gaap,USD,,2025-01-26,8463000000.0,2026,FY,10-K,2026-02-25,0001045810-26-000021,CY2024Q4I
long_term_debt,LongTermDebt,us-gaap,USD,,2025-04-27,8464000000.0,2026,Q1,10-Q,2025-05-28,0001045810-25-000116,CY2025Q1I
long_term_debt,LongTermDebt,us-gaap,USD,,2025-07-27,8466000000.0,2026,Q2,10-Q,2025-08-27,0001045810-25-000209,CY2025Q2I
long_term_debt,LongTermDebt,us-gaap,USD,,2025-10-26,8467000000.0,2026,Q3,10-Q,2025-11-19,0001045810-25-000230,CY2025Q3I
long_term_debt,LongTermDebt,us-gaap,USD,,2026-01-25,8468000000.0,2026,FY,10-K,2026-02-25,0001045810-26-000021,
long_term_debt,LongTermDebt,us-gaap,USD,,2026-01-25,8468000000.0,2027,Q1,10-Q,2026-05-20,0001045810-26-000052,
long_term_debt,LongTermDebt,us-gaap,USD,,2026-01-25,8468000000.0,2027,Q2,10-Q,2026-08-26,0001045810-26-000075,CY2025Q4I
long_term_debt,LongTermDebt,us-gaap,USD,,2026-04-26,8470000000.0,2027,Q1,10-Q,2026-05-20,0001045810-26-000052,CY2026Q1I
long_term_debt,LongTermDebt,us-gaap,USD,,2026-07-26,33366000000.0,2027,Q2,10-Q,2026-08-26,0001045810-26-000075,CY2026Q2I
net_income,NetIncomeLoss,us-gaap,USD,2007-01-29,2008-01-27,797645000.0,2010,FY,10-K,2010-03-18,0001045810-10-000006,CY2007
net_income,NetIncomeLoss,us-gaap,USD,2008-01-25,2008-07-27,55876000.0,2009,Q2,10-Q,2009-08-20,0001045810-09-000024,
net_income,NetIncomeLoss,us-gaap,USD,2008-04-27,2008-07-27,-120929000.0,2009,Q2,10-Q,2009-08-20,0001045810-09-000024,CY2008Q2
net_income,NetIncomeLoss,us-gaap,USD,2008-01-28,2008-10-26,117624000.0,2009,Q3,10-Q,2009-11-19,0001045810-09-000036,
net_income,NetIncomeLoss,us-gaap,USD,2008-07-28,2008-10-26,61748000.0,2009,Q3,10-Q,2009-11-19,0001045810-09-000036,CY2008Q3
net_income,NetIncomeLoss,us-gaap,USD,2008-01-28,2009-01-25,-30041000.0,2010,FY,10-K,2010-03-18,0001045810-10-000006,
net_income,NetIncomeLoss,us-gaap,USD,2008-01-28,2009-01-25,-30041000.0,2010,FY,10-K,2011-03-16,0001045810-11-000015,CY2008
net_income,NetIncomeLoss,us-gaap,USD,2009-01-26,2009-04-26,-201338000.0,2010,Q2,10-Q,2010-05-21,0001045810-10-000018,
net_income,NetIncomeLoss,us-gaap,USD,2009-01-26,2009-04-26,-201338000.0,2010,FY,10-K,2011-03-16,0001045810-11-000015,CY2009Q1
net_income,NetIncomeLoss,us-gaap,USD,2009-01-25,2009-07-26,-306640000.0,2009,Q2,10-Q,2009-08-20,0001045810-09-000024,
net_income,NetIncomeLoss,us-gaap,USD,2009-04-27,2009-07-26,-105302000.0,2009,Q2,10-Q,2009-08-20,0001045810-09-000024,
net_income,NetIncomeLoss,us-gaap,USD,2009-01-26,2009-07-26,-306640000.0,2010,Q3,10-Q,2010-08-30,0001045810-10-000029,
net_income,NetIncomeLoss,us-gaap,USD,2009-04-27,2009-07-26,-105302000.0,2010,Q3,10-Q,2010-08-30,0001045810-10-000029,
net_income,NetIncomeLoss,us-gaap,USD,2009-04-27,2009-07-26,-105302000.0,2010,FY,10-K,2011-03-16,0001045810-11-000015,CY2009Q2
net_income,NetIncomeLoss,us-gaap,USD,2009-01-26,2009-10-25,-199063000.0,2009,Q3,10-Q,2009-11-19,0001045810-09-000036,
net_income,NetIncomeLoss,us-gaap,USD,2009-07-27,2009-10-25,107577000.0,2009,Q3,10-Q,2009-11-19,0001045810-09-000036,
net_income,NetIncomeLoss,us-gaap,USD,2009-01-26,2009-10-25,-199063000.0,2010,Q3,10-Q,2010-12-07,0001045810-10-000045,
net_income,NetIncomeLoss,us-gaap,USD,2009-07-27,2009-10-25,107577000.0,2010,Q3,10-Q,2010-12-07,0001045810-10-000045,
net_income,NetIncomeLoss,us-gaap,USD,2009-07-27,2009-10-25,107577000.0,2010,FY,10-K,2011-03-16,0001045810-11-000015,CY2009Q3
net_income,NetIncomeLoss,us-gaap,USD,2009-01-26,2010-01-31,-67987000.0,2010,FY,10-K,2010-03-18,0001045810-10-000006,
net_income,NetIncomeLoss,us-gaap,USD,2009-01-26,2010-01-31,-67987000.0,2010,FY,10-K,2011-03-16,0001045810-11-000015,
net_income,NetIncomeLoss,us-gaap,USD,2009-10-26,2010-01-31,131076000.0,2010,FY,10-K,2011-03-16,0001045810-11-000015,CY2009Q4
net_income,NetIncomeLoss,us-gaap,USD,2009-01-26,2010-01-31,-67987000.0,2011,FY,10-K,2012-03-13,0001045810-12-000013,CY2009
net_income,NetIncomeLoss,us-gaap,USD,2010-02-01,2010-05-02,137594000.0,2010,Q2,10-Q,2010-05-21,0001045810-10-000018,
net_income,NetIncomeLoss,us-gaap,USD,2010-02-01,2010-05-02,137594000.0,2010,FY,10-K,2011-03-16,0001045810-11-000015,
net_income,NetIncomeLoss,us-gaap,USD,2010-02-01,2010-05-02,137594000.0,2011,Q1,10-Q,2011-05-27,0001045810-11-000031,
net_income,NetIncomeLoss,us-gaap,USD,2010-02-01,2010-05-02,137594000.0,2011,FY,10-K,2012-03-13,0001045810-12-000013,CY2010Q1
net_income,NetIncomeLoss,us-gaap,USD,2010-05-03,2010-07-31,-140961000.0,2011,FY,10-K,2012-03-13,0001045810-12-000013,CY2010Q2
net_income,NetIncomeLoss,us-gaap,USD,2010-02-01,2010-08-01,-3367000.0,2010,Q3,10-Q,2010-08-30,0001045810-10-000029,
net_income,NetIncomeLoss,us-gaap,USD,2010-05-03,2010-08-01,-140961000.0,2010,Q3,10-Q,2010-08-30,0001045810-10-000029,
net_income,NetIncomeLoss,us-gaap,USD,2010-05-03,2010-08-01,-140961000.0,2010,FY,10-K,2011-03-16,0001045810-11-000015,
net_income,NetIncomeLoss,us-gaap,USD,2010-02-01,2010-08-01,-3367000.0,2011,Q2,10-Q,2011-08-25,0001045810-11-000046,
net_income,NetIncomeLoss,us-gaap,USD,2010-05-03,2010-08-01,-140961000.0,2011,Q2,10-Q,2011-08-25,0001045810-11-000046,
net_income,NetIncomeLoss,us-gaap,USD,2010-02-01,2010-10-31,81495000.0,2010,Q3,10-Q,2010-12-07,0001045810-10-000045,
net_income,NetIncomeLoss,us-gaap,USD,2010-08-02,2010-10-31,84862000.0,2010,Q3,10-Q,2010-12-07,0001045810-10-000045,
net_income,NetIncomeLoss,us-gaap,USD,2010-08-02,2010-10-31,84862000.0,2010,FY,10-K,2011-03-16,0001045810-11-000015,
net_income,NetIncomeLoss,us-gaap,USD,2010-02-01,2010-10-31,81495000.0,2011,Q3,10-Q,2011-11-22,0001045810-11-000056,
net_income,NetIncomeLoss,us-gaap,USD,2010-08-02,2010-10-31,84862000.0,2011,Q3,10-Q,2011-11-22,0001045810-11-000056,
net_income,NetIncomeLoss,us-gaap,USD,2010-08-02,2010-10-31,84862000.0,2011,FY,10-K,2012-03-13,0001045810-12-000013,CY2010Q3
net_income,NetIncomeLoss,us-gaap,USD,2010-02-01,2011-01-30,253146000.0,2010,FY,10-K,2011-03-16,0001045810-11-000015,
net_income,NetIncomeLoss,us-gaap,USD,2010-11-01,2011-01-30,171651000.0,2010,FY,10-K,2011-03-16,0001045810-11-000015,
net_income,NetIncomeLoss,us-gaap,USD,2010-02-01,2011-01-30,253146000.0,2011,FY,10-K,2012-03-13,0001045810-12-000013,
net_income,NetIncomeLoss,us-gaap,USD,2010-11-01,2011-01-30,171651000.0,2011,FY,10-K,2012-03-13,0001045810-12-000013,CY2010Q4
net_income,NetIncomeLoss,us-gaap,USD,2010-02-01,2011-01-30,253146000.0,2012,FY,10-K,2013-03-12,0001045810-13-000008,CY2010
net_income,NetIncomeLoss,us-gaap,USD,2011-01-31,2011-05-01,135219000.0,2011,Q1,10-Q,2011-05-27,0001045810-11-000031,
net_income,NetIncomeLoss,us-gaap,USD,2011-01-31,2011-05-01,135219000.0,2011,FY,10-K,2012-03-13,0001045810-12-000013,
net_income,NetIncomeLoss,us-gaap,USD,2011-01-31,2011-05-01,135219000.0,2012,Q1,10-Q,2012-05-23,0001045810-12-000027,
net_income,NetIncomeLoss,us-gaap,USD,2011-01-31,2011-05-01,135219000.0,2012,FY,10-K,2013-03-12,0001045810-13-000008,CY2011Q1
net_income,NetIncomeLoss,us-gaap,USD,2011-01-31,2011-07-31,286792000.0,2011,Q2,10-Q,2011-08-25,0001045810-11-000046,
net_income,NetIncomeLoss,us-gaap,USD,2011-05-02,2011-07-31,151573000.0,2011,Q2,10-Q,2011-08-25,0001045810-11-000046,
net_income,NetIncomeLoss,us-gaap,USD,2011-05-02,2011-07-31,151573000.0,2011,FY,10-K,2012-03-13,0001045810-12-000013,
net_income,NetIncomeLoss,us-gaap,USD,2011-01-31,2011-07-31,286792000.0,2012,Q2,10-Q,2012-08-22,0001045810-12-000036,
net_income,NetIncomeLoss,us-gaap,USD,2011-05-02,2011-07-31,151573000.0,2012,Q2,10-Q,2012-08-22,0001045810-12-000036,
net_income,NetIncomeLoss,us-gaap,USD,2011-05-02,2011-07-31,151573000.0,2012,FY,10-K,2013-03-12,0001045810-13-000008,CY2011Q2
net_income,NetIncomeLoss,us-gaap,USD,2011-01-31,2011-10-30,465065000.0,2011,Q3,10-Q,2011-11-22,0001045810-11-000056,
net_income,NetIncomeLoss,us-gaap,USD,2011-08-01,2011-10-30,178273000.0,2011,Q3,10-Q,2011-11-22,0001045810-11-000056,
net_income,NetIncomeLoss,us-gaap,USD,2011-08-01,2011-10-30,178273000.0,2011,FY,10-K,2012-03-13,0001045810-12-000013,
net_income,NetIncomeLoss,us-gaap,USD,2011-01-31,2011-10-30,465065000.0,2012,Q3,10-Q,2012-11-19,0001045810-12-000060,
net_income,NetIncomeLoss,us-gaap,USD,2011-08-01,2011-10-30,178273000.0,2012,Q3,10-Q,2012-11-19,0001045810-12-000060,
net_income,NetIncomeLoss,us-gaap,USD,2011-08-01,2011-10-30,178273000.0,2012,FY,10-K,2013-03-12,0001045810-13-000008,CY2011Q3
net_income,NetIncomeLoss,us-gaap,USD,2011-01-31,2012-01-29,581090000.0,2011,FY,10-K,2012-03-13,0001045810-12-000013,
net_income,NetIncomeLoss,us-gaap,USD,2011-10-31,2012-01-29,116025000.0,2011,FY,10-K,2012-03-13,0001045810-12-000013,
net_income,NetIncomeLoss,us-gaap,USD,2011-01-31,2012-01-29,581090000.0,2012,FY,10-K,2013-03-12,0001045810-13-000008,
net_income,NetIncomeLoss,us-gaap,USD,2011-10-31,2012-01-29,116025000.0,2012,FY,10-K,2013-03-12,0001045810-13-000008,CY2011Q4
net_income,NetIncomeLoss,us-gaap,USD,2011-01-31,2012-01-29,581090000.0,2013,FY,10-K,2014-03-13,0001045810-14-000030,CY2011
net_income,NetIncomeLoss,us-gaap,USD,2012-01-30,2012-04-29,60437000.0,2012,Q1,10-Q,2012-05-23,0001045810-12-000027,
net_income,NetIncomeLoss,us-gaap,USD,2012-01-30,2012-04-29,60437000.0,2012,FY,10-K,2013-03-12,0001045810-13-000008,
net_income,NetIncomeLoss,us-gaap,USD,2012-01-30,2012-04-29,60437000.0,2013,Q1,10-Q,2013-05-22,0001045810-13-000054,
net_income,NetIncomeLoss,us-gaap,USD,2012-01-30,2012-04-29,60437000.0,2013,FY,10-K,2014-03-13,0001045810-14-000030,CY2012Q1
net_income,NetIncomeLoss,us-gaap,USD,2012-01-30,2012-07-29,179483000.0,2012,Q2,10-Q,2012-08-22,0001045810-12-000036,
net_income,NetIncomeLoss,us-gaap,USD,2012-04-30,2012-07-29,119046000.0,2012,Q2,10-Q,2012-08-22,0001045810-12-000036,
net_income,NetIncomeLoss,us-gaap,USD,2012-04-30,2012-07-29,119046000.0,2012,FY,10-K,2013-03-12,0001045810-13-000008,
net_income,NetIncomeLoss,us-gaap,USD,2012-01-30,2012-07-29,179483000.0,2013,Q2,10-Q,2013-08-21,0001045810-13-000075,
net_income,NetIncomeLoss,us-gaap,USD,2012-04-30,2012-07-29,119046000.0,2013,Q2,10-Q,2013-08-21,0001045810-13-000075,
net_income,NetIncomeLoss,us-gaap,USD,2012-04-30,2012-07-29,119046000.0,2013,FY,10-K,2014-03-13,0001045810-14-000030,CY2012Q2
net_income,NetIncomeLoss,us-gaap,USD,2012-01-30,2012-10-28,388563000.0,2012,Q3,10-Q,2012-11-19,0001045810-12-000060,
net_income,NetIncomeLoss,us-gaap,USD,2012-07-30,2012-10-28,209080000.0,2012,Q3,10-Q,2012-11-19,0001045810-12-000060,
net_income,NetIncomeLoss,us-gaap,USD,2012-07-30,2012-10-28,209080000.0,2012,FY,10-K,2013-03-12,0001045810-13-000008,
net_income,NetIncomeLoss,us-gaap,USD,2012-01-30,2012-10-28,388563000.0,2013,Q3,10-Q,2013-11-19,0001045810-13-000109,
net_income,NetIncomeLoss,us-gaap,USD,2012-07-30,2012-10-28,209080000.0,2013,Q3,10-Q,2013-11-19,0001045810-13-000109,
net_income,NetIncomeLoss,us-gaap,USD,2012-07-30,2012-10-28,209080000.0,2013,FY,10-K,2014-03-13,0001045810-14-000030,CY2012Q3
net_income,NetIncomeLoss,us-gaap,USD,2012-01-30,2013-01-27,562536000.0,2012,FY,10-K,2013-03-12,0001045810-13-000008,
net_income,NetIncomeLoss,us-gaap,USD,2012-10-29,2013-01-27,173973000.0,2012,FY,10-K,2013-03-12,0001045810-13-000008,
net_income,NetIncomeLoss,us-gaap,USD,2012-01-30,2013-01-27,562536000.0,2013,FY,10-K,2014-03-13,0001045810-14-000030,
net_income,NetIncomeLoss,us-gaap,USD,2012-10-29,2013-01-27,173973000.0,2013,FY,10-K,2014-03-13,0001045810-14-000030,CY2012Q4
net_income,NetIncomeLoss,us-gaap,USD,2012-01-30,2013-01-27,562536000.0,2015,FY,10-K,2015-03-12,0001045810-15-000036,CY2012
net_income,NetIncomeLoss,us-gaap,USD,2013-01-28,2013-04-28,77891000.0,2013,Q1,10-Q,2013-05-22,0001045810-13-000054,
net_income,NetIncomeLoss,us-gaap,USD,2013-01-28,2013-04-28,77891000.0,2013,FY,10-K,2014-03-13,0001045810-14-000030,
net_income,NetIncomeLoss,us-gaap,USD,2013-01-28,2013-04-28,77891000.0,2014,Q1,10-Q,2014-05-21,0001045810-14-000085,
net_income,NetIncomeLoss,us-gaap,USD,2013-01-28,2013-04-28,77891000.0,2015,FY,10-K,2015-03-12,0001045810-15-000036,CY2013Q1
net_income,NetIncomeLoss,us-gaap,USD,2013-01-28,2013-07-28,174339000.0,2013,Q2,10-Q,2013-08-21,0001045810-13-000075,
net_income,NetIncomeLoss,us-gaap,USD,2013-04-29,2013-07-28,96448000.0,2013,Q2,10-Q,2013-08-21,0001045810-13-000075,
net_income,NetIncomeLoss,us-gaap,USD,2013-04-29,2013-07-28,96448000.0,2013,FY,10-K,2014-03-13,0001045810-14-000030,
net_income,NetIncomeLoss,us-gaap,USD,2013-01-28,2013-07-28,174339000.0,2015,Q2,10-Q,2014-08-20,0001045810-14-000158,
net_income,NetIncomeLoss,us-gaap,USD,2013-04-29,2013-07-28,96448000.0,2015,Q2,10-Q,2014-08-20,0001045810-14-000158,
net_income,NetIncomeLoss,us-gaap,USD,2013-04-29,2013-07-28,96448000.0,2015,FY,10-K,2015-03-12,0001045810-15-000036,CY2013Q2
net_income,NetIncomeLoss,us-gaap,USD,2013-01-28,2013-10-27,293073000.0,2013,Q3,10-Q,2013-11-19,0001045810-13-000109,
net_income,NetIncomeLoss,us-gaap,USD,2013-07-29,2013-10-27,118734000.0,2013,Q3,10-Q,2013-11-19,0001045810-13-000109,
net_income,NetIncomeLoss,us-gaap,USD,2013-07-29,2013-10-27,118734000.0,2013,FY,10-K,2014-03-13,0001045810-14-000030,
net_income,NetIncomeLoss,us-gaap,USD,2013-01-28,2013-10-27,293073000.0,2015,Q3,10-Q,2014-11-19,0001045810-14-000188,
net_income,NetIncomeLoss,us-gaap,USD,2013-07-29,2013-10-27,118734000.0,2015,Q3,10-Q,2014-11-19,0001045810-14-000188,
net_income,NetIncomeLoss,us-gaap,USD,2013-07-29,2013-10-27,118734000.0,2015,FY,10-K,2015-03-12,0001045810-15-000036,CY2013Q3
net_income,NetIncomeLoss,us-gaap,USD,2013-01-28,2014-01-26,439990000.0,2013,FY,10-K,2014-03-13,0001045810-14-000030,
net_income,NetIncomeLoss,us-gaap,USD,2013-10-28,2014-01-26,146917000.0,2013,FY,10-K,2014-03-13,0001045810-14-000030,
net_income,NetIncomeLoss,us-gaap,USD,2013-01-28,2014-01-26,439990000.0,2015,FY,10-K,2015-03-12,0001045810-15-000036,
net_income,NetIncomeLoss,us-gaap,USD,2013-10-28,2014-01-26,146917000.0,2015,FY,10-K,2015-03-12,0001045810-15-000036,CY2013Q4
net_income,NetIncomeLoss,us-gaap,USD,2013-01-28,2014-01-26,440000000.0,2016,FY,10-K,2016-03-17,0001045810-16-000205,CY2013
net_income,NetIncomeLoss,us-gaap,USD,2014-01-27,2014-04-27,136516000.0,2014,Q1,10-Q,2014-05-21,0001045810-14-000085,
net_income,NetIncomeLoss,us-gaap,USD,2014-01-27,2014-04-27,136516000.0,2015,FY,10-K,2015-03-12,0001045810-15-000036,
net_income,NetIncomeLoss,us-gaap,USD,2014-01-27,2014-04-27,137000000.0,2016,Q1,10-Q,2015-05-20,0001045810-15-000097,
net_income,NetIncomeLoss,us-gaap,USD,2014-01-27,2014-04-27,137000000.0,2016,FY,10-K,2016-03-17,0001045810-16-000205,CY2014Q1
net_income,NetIncomeLoss,us-gaap,USD,2014-01-27,2014-07-27,264492000.0,2015,Q2,10-Q,2014-08-20,0001045810-14-000158,
net_income,NetIncomeLoss,us-gaap,USD,2014-04-28,2014-07-27,127976000.0,2015,Q2,10-Q,2014-08-20,0001045810-14-000158,
net_income,NetIncomeLoss,us-gaap,USD,2014-04-28,2014-07-27,127976000.0,2015,FY,10-K,2015-03-12,0001045810-15-000036,
net_income,NetIncomeLoss,us-gaap,USD,2014-01-27,2014-07-27,265000000.0,2016,Q2,10-Q,2015-08-19,0001045810-15-000143,
net_income,NetIncomeLoss,us-gaap,USD,2014-04-28,2014-07-27,128000000.0,2016,Q2,10-Q,2015-08-19,0001045810-15-000143,
net_income,NetIncomeLoss,us-gaap,USD,2014-04-28,2014-07-27,128000000.0,2016,FY,10-K,2016-03-17,0001045810-16-000205,CY2014Q2
net_income,NetIncomeLoss,us-gaap,USD,2014-01-27,2014-10-26,437459000.0,2015,Q3,10-Q,2014-11-19,0001045810-14-000188,
net_income,NetIncomeLoss,us-gaap,USD,2014-07-28,2014-10-26,172967000.0,2015,Q3,10-Q,2014-11-19,0001045810-14-000188,
net_income,NetIncomeLoss,us-gaap,USD,2014-07-28,2014-10-26,172967000.0,2015,FY,10-K,2015-03-12,0001045810-15-000036,
net_income,NetIncomeLoss,us-gaap,USD,2014-01-27,2014-10-26,437000000.0,2016,Q3,10-Q,2015-11-18,0001045810-15-000173,
net_income,NetIncomeLoss,us-gaap,USD,2014-07-28,2014-10-26,173000000.0,2016,Q3,10-Q,2015-11-18,0001045810-15-000173,
net_income,NetIncomeLoss,us-gaap,USD,2014-07-28,2014-10-26,173000000.0,2016,FY,10-K,2016-03-17,0001045810-16-000205,CY2014Q3
net_income,NetIncomeLoss,us-gaap,USD,2014-01-27,2015-01-25,630587000.0,2015,FY,10-K,2015-03-12,0001045810-15-000036,
net_income,NetIncomeLoss,us-gaap,USD,2014-10-27,2015-01-25,193128000.0,2015,FY,10-K,2015-03-12,0001045810-15-000036,
net_income,NetIncomeLoss,us-gaap,USD,2014-01-27,2015-01-25,631000000.0,2016,FY,10-K,2016-03-17,0001045810-16-000205,
net_income,NetIncomeLoss,us-gaap,USD,2014-10-27,2015-01-25,193000000.0,2016,FY,10-K,2016-03-17,0001045810-16-000205,CY2014Q4
net_income,NetIncomeLoss,us-gaap,USD,2014-01-27,2015-01-25,631000000.0,2017,FY,10-K,2017-03-01,0001045810-17-000027,CY2014
net_income,NetIncomeLoss,us-gaap,USD,2015-01-26,2015-04-26,134000000.0,2016,Q1,10-Q,2015-05-20,0001045810-15-000097,
net_income,NetIncomeLoss,us-gaap,USD,2015-01-26,2015-04-26,134000000.0,2016,FY,10-K,2016-03-17,0001045810-16-000205,
net_income,NetIncomeLoss,us-gaap,USD,2015-01-26,2015-04-26,134000000.0,2017,Q1,10-Q,2016-05-25,0001045810-16-000275,
net_income,NetIncomeLoss,us-gaap,USD,2015-01-26,2015-04-26,134000000.0,2017,FY,10-K,2017-03-01,0001045810-17-000027,CY2015Q1
net_income,NetIncomeLoss,us-gaap,USD,2015-01-26,2015-07-26,160000000.0,2016,Q2,10-Q,2015-08-19,0001045810-15-000143,
net_income,NetIncomeLoss,us-gaap,USD,2015-04-27,2015-07-26,26000000.0,2016,Q2,10-Q,2015-08-19,0001045810-15-000143,
net_income,NetIncomeLoss,us-gaap,USD,2015-04-27,2015-07-26,26000000.0,2016,FY,10-K,2016-03-17,0001045810-16-000205,
net_income,NetIncomeLoss,us-gaap,USD,2015-01-26,2015-07-26,160000000.0,2017,Q2,10-Q,2016-08-23,0001045810-16-000300,
net_income,NetIncomeLoss,us-gaap,USD,2015-04-27,2015-07-26,26000000.0,2017,Q2,10-Q,2016-08-23,0001045810-16-000300,
net_income,NetIncomeLoss,us-gaap,USD,2015-04-27,2015-07-26,26000000.0,2017,FY,10-K,2017-03-01,0001045810-17-000027,CY2015Q2
net_income,NetIncomeLoss,us-gaap,USD,2015-01-26,2015-10-25,406000000.0,2016,Q3,10-Q,2015-11-18,0001045810-15-000173,
net_income,NetIncomeLoss,us-gaap,USD,2015-07-27,2015-10-25,246000000.0,2016,Q3,10-Q,2015-11-18,0001045810-15-000173,
net_income,NetIncomeLoss,us-gaap,USD,2015-07-27,2015-10-25,247000000.0,2016,FY,10-K,2016-03-17,0001045810-16-000205,
net_income,NetIncomeLoss,us-gaap,USD,2015-01-26,2015-10-25,406000000.0,2017,Q3,10-Q,2016-11-22,0001045810-16-000353,
net_income,NetIncomeLoss,us-gaap,USD,2015-07-27,2015-10-25,246000000.0,2017,Q3,10-Q,2016-11-22,0001045810-16-000353,
net_income,NetIncomeLoss,us-gaap,USD,2015-07-27,2015-10-25,247000000.0,2017,FY,10-K,2017-03-01,0001045810-17-000027,CY2015Q3
net_income,NetIncomeLoss,us-gaap,USD,2015-01-26,2016-01-31,614000000.0,2016,FY,10-K,2016-03-17,0001045810-16-000205,
net_income,NetIncomeLoss,us-gaap,USD,2015-10-26,2016-01-31,207000000.0,2016,FY,10-K,2016-03-17,0001045810-16-000205,
net_income,NetIncomeLoss,us-gaap,USD,2015-01-26,2016-01-31,614000000.0,2017,FY,10-K,2017-03-01,0001045810-17-000027,
net_income,NetIncomeLoss,us-gaap,USD,2015-10-26,2016-01-31,207000000.0,2017,FY,10-K,2017-03-01,0001045810-17-000027,CY2015Q4
net_income,NetIncomeLoss,us-gaap,USD,2015-01-26,2016-01-31,614000000.0,2018,FY,10-K,2018-02-28,0001045810-18-000010,CY2015
net_income,NetIncomeLoss,us-gaap,USD,2016-02-01,2016-05-01,196000000.0,2017,Q1,10-Q,2016-05-25,0001045810-16-000275,
net_income,NetIncomeLoss,us-gaap,USD,2016-02-01,2016-05-01,208000000.0,2017,Q3,10-Q,2016-11-22,0001045810-16-000353,
net_income,NetIncomeLoss,us-gaap,USD,2016-02-01,2016-05-01,208000000.0,2017,FY,10-K,2017-03-01,0001045810-17-000027,
net_income,NetIncomeLoss,us-gaap,USD,2016-02-01,2016-05-01,208000000.0,2018,Q1,10-Q,2017-05-23,0001045810-17-000075,
net_income,NetIncomeLoss,us-gaap,USD,2016-02-01,2016-05-01,208000000.0,2018,FY,10-K,2018-02-28,0001045810-18-000010,CY2016Q1
net_income,NetIncomeLoss,us-gaap,USD,2016-02-01,2016-07-31,449000000.0,2017,Q2,10-Q,2016-08-23,0001045810-16-000300,
net_income,NetIncomeLoss,us-gaap,USD,2016-05-02,2016-07-31,253000000.0,2017,Q2,10-Q,2016-08-23,0001045810-16-000300,
net_income,NetIncomeLoss,us-gaap,USD,2016-02-01,2016-07-31,469000000.0,2017,Q3,10-Q,2016-11-22,0001045810-16-000353,
net_income,NetIncomeLoss,us-gaap,USD,2016-05-02,2016-07-31,261000000.0,2017,Q3,10-Q,2016-11-22,0001045810-16-000353,
net_income,NetIncomeLoss,us-gaap,USD,2016-02-01,2016-07-31,469000000.0,2017,FY,10-K,2017-03-01,0001045810-17-000027,
net_income,NetIncomeLoss,us-gaap,USD,2016-05-02,2016-07-31,261000000.0,2017,FY,10-K,2017-03-01,0001045810-17-000027,
net_income,NetIncomeLoss,us-gaap,USD,2016-02-01,2016-07-31,469000000.0,2018,Q2,10-Q,2017-08-23,0001045810-17-000123,
net_income,NetIncomeLoss,us-gaap,USD,2016-05-02,2016-07-31,261000000.0,2018,Q2,10-Q,2017-08-23,0001045810-17-000123,
net_income,NetIncomeLoss,us-gaap,USD,2016-05-02,2016-07-31,261000000.0,2018,FY,10-K,2018-02-28,0001045810-18-000010,CY2016Q2
net_income,NetIncomeLoss,us-gaap,USD,2016-02-01,2016-10-30,1012000000.0,2017,Q3,10-Q,2016-11-22,0001045810-16-000353,
net_income,NetIncomeLoss,us-gaap,USD,2016-08-01,2016-10-30,542000000.0,2017,Q3,10-Q,2016-11-22,0001045810-16-000353,
net_income,NetIncomeLoss,us-gaap,USD,2016-08-01,2016-10-30,542000000.0,2017,FY,10-K,2017-03-01,0001045810-17-000027,
net_income,NetIncomeLoss,us-gaap,USD,2016-02-01,2016-10-30,1012000000.0,2018,Q3,10-Q,2017-11-21,0001045810-17-000172,
net_income,NetIncomeLoss,us-gaap,USD,2016-08-01,2016-10-30,542000000.0,2018,Q3,10-Q,2017-11-21,0001045810-17-000172,
net_income,NetIncomeLoss,us-gaap,USD,2016-08-01,2016-10-30,542000000.0,2018,FY,10-K,2018-02-28,0001045810-18-000010,CY2016Q3
net_income,NetIncomeLoss,us-gaap,USD,2016-02-01,2017-01-29,1666000000.0,2017,FY,10-K,2017-03-01,0001045810-17-000027,
net_income,NetIncomeLoss,us-gaap,USD,2016-10-31,2017-01-29,655000000.0,2017,FY,10-K,2017-03-01,0001045810-17-000027,
net_income,NetIncomeLoss,us-gaap,USD,2016-02-01,2017-01-29,1666000000.0,2018,FY,10-K,2018-02-28,0001045810-18-000010,
net_income,NetIncomeLoss,us-gaap,USD,2016-10-31,2017-01-29,655000000.0,2018,FY,10-K,2018-02-28,0001045810-18-000010,CY2016Q4
net_income,NetIncomeLoss,us-gaap,USD,2016-02-01,2017-01-29,1666000000.0,2019,FY,10-K,2019-02-21,0001045810-19-000023,CY2016
net_income,NetIncomeLoss,us-gaap,USD,2017-01-30,2017-04-30,507000000.0,2018,Q1,10-Q,2017-05-23,0001045810-17-000075,
net_income,NetIncomeLoss,us-gaap,USD,2017-01-30,2017-04-30,507000000.0,2018,FY,10-K,2018-02-28,0001045810-18-000010,
net_income,NetIncomeLoss,us-gaap,USD,2017-01-30,2017-04-30,507000000.0,2019,Q1,10-Q,2018-05-22,0001045810-18-000080,
net_income,NetIncomeLoss,us-gaap,USD,2017-01-30,2017-04-30,507000000.0,2019,FY,10-K,2019-02-21,0001045810-19-000023,CY2017Q1
net_income,NetIncomeLoss,us-gaap,USD,2017-01-30,2017-07-30,1091000000.0,2018,Q2,10-Q,2017-08-23,0001045810-17-000123,
net_income,NetIncomeLoss,us-gaap,USD,2017-05-01,2017-07-30,583000000.0,2018,Q2,10-Q,2017-08-23,0001045810-17-000123,
net_income,NetIncomeLoss,us-gaap,USD,2017-01-30,2017-07-30,583000000.0,2018,FY,10-K,2018-02-28,0001045810-18-000010,
net_income,NetIncomeLoss,us-gaap,USD,2017-01-30,2017-07-30,1091000000.0,2019,Q2,10-Q,2018-08-16,0001045810-18-000114,
net_income,NetIncomeLoss,us-gaap,USD,2017-05-01,2017-07-30,583000000.0,2019,Q2,10-Q,2018-08-16,0001045810-18-000114,
net_income,NetIncomeLoss,us-gaap,USD,2017-05-01,2017-07-30,583000000.0,2019,FY,10-K,2019-02-21,0001045810-19-000023,CY2017Q2
net_income,NetIncomeLoss,us-gaap,USD,2017-01-30,2017-10-29,1928000000.0,2018,Q3,10-Q,2017-11-21,0001045810-17-000172,
net_income,NetIncomeLoss,us-gaap,USD,2017-07-31,2017-10-29,838000000.0,2018,Q3,10-Q,2017-11-21,0001045810-17-000172,
net_income,NetIncomeLoss,us-gaap,USD,2017-07-31,2017-10-29,838000000.0,2018,FY,10-K,2018-02-28,0001045810-18-000010,
net_income,NetIncomeLoss,us-gaap,USD,2017-01-30,2017-10-29,1928000000.0,2019,Q3,10-Q,2018-11-15,0001045810-18-000150,
net_income,NetIncomeLoss,us-gaap,USD,2017-07-31,2017-10-29,838000000.0,2019,Q3,10-Q,2018-11-15,0001045810-18-000150,
net_income,NetIncomeLoss,us-gaap,USD,2017-07-31,2017-10-29,838000000.0,2019,FY,10-K,2019-02-21,0001045810-19-000023,CY2017Q3
net_income,NetIncomeLoss,us-gaap,USD,2017-01-30,2018-01-28,3047000000.0,2018,FY,10-K,2018-02-28,0001045810-18-000010,
net_income,NetIncomeLoss,us-gaap,USD,2017-10-30,2018-01-28,1118000000.0,2018,FY,10-K,2018-02-28,0001045810-18-000010,
net_income,NetIncomeLoss,us-gaap,USD,2017-01-30,2018-01-28,3047000000.0,2019,FY,10-K,2019-02-21,0001045810-19-000023,
net_income,NetIncomeLoss,us-gaap,USD,2017-10-30,2018-01-28,1118000000.0,2019,FY,10-K,2019-02-21,0001045810-19-000023,CY2017Q4
net_income,NetIncomeLoss,us-gaap,USD,2017-01-30,2018-01-28,3047000000.0,2020,FY,10-K,2020-02-20,0001045810-20-000010,CY2017
net_income,NetIncomeLoss,us-gaap,USD,2018-01-29,2018-04-29,1244000000.0,2019,Q1,10-Q,2018-05-22,0001045810-18-000080,
net_income,NetIncomeLoss,us-gaap,USD,2018-01-29,2018-04-29,1244000000.0,2019,FY,10-K,2019-02-21,0001045810-19-000023,
net_income,NetIncomeLoss,us-gaap,USD,2018-01-29,2018-04-29,1244000000.0,2020,Q1,10-Q,2019-05-16,0001045810-19-000079,
net_income,NetIncomeLoss,us-gaap,USD,2018-01-29,2018-04-29,1244000000.0,2020,FY,10-K,2020-02-20,0001045810-20-000010,CY2018Q1
net_income,NetIncomeLoss,us-gaap,USD,2018-01-29,2018-07-29,2345000000.0,2019,Q2,10-Q,2018-08-16,0001045810-18-000114,
net_income,NetIncomeLoss,us-gaap,USD,2018-04-30,2018-07-29,1101000000.0,2019,Q2,10-Q,2018-08-16,0001045810-18-000114,
net_income,NetIncomeLoss,us-gaap,USD,2018-04-30,2018-07-29,1101000000.0,2019,FY,10-K,2019-02-21,0001045810-19-000023,
net_income,NetIncomeLoss,us-gaap,USD,2018-01-29,2018-07-29,2345000000.0,2020,Q2,10-Q,2019-08-15,0001045810-19-000144,
net_income,NetIncomeLoss,us-gaap,USD,2018-04-30,2018-07-29,1101000000.0,2020,Q2,10-Q,2019-08-15,0001045810-19-000144,
net_income,NetIncomeLoss,us-gaap,USD,2018-04-30,2018-07-29,1101000000.0,2020,FY,10-K,2020-02-20,0001045810-20-000010,CY2018Q2
net_income,NetIncomeLoss,us-gaap,USD,2018-01-29,2018-10-28,3575000000.0,2019,Q3,10-Q,2018-11-15,0001045810-18-000150,
net_income,NetIncomeLoss,us-gaap,USD,2018-07-30,2018-10-28,1230000000.0,2019,Q3,10-Q,2018-11-15,0001045810-18-000150,
net_income,NetIncomeLoss,us-gaap,USD,2018-07-30,2018-10-28,1230000000.0,2019,FY,10-K,2019-02-21,0001045810-19-000023,
net_income,NetIncomeLoss,us-gaap,USD,2018-01-29,2018-10-28,3575000000.0,2020,Q3,10-Q,2019-11-14,0001045810-19-000170,
net_income,NetIncomeLoss,us-gaap,USD,2018-07-30,2018-10-28,1230000000.0,2020,Q3,10-Q,2019-11-14,0001045810-19-000170,
net_income,NetIncomeLoss,us-gaap,USD,2018-07-30,2018-10-28,1230000000.0,2020,FY,10-K,2020-02-20,0001045810-20-000010,CY2018Q3
net_income,NetIncomeLoss,us-gaap,USD,2018-01-29,2019-01-27,4141000000.0,2019,FY,10-K,2019-02-21,0001045810-19-000023,
net_income,NetIncomeLoss,us-gaap,USD,2018-10-29,2019-01-27,567000000.0,2019,FY,10-K,2019-02-21,0001045810-19-000023,
net_income,NetIncomeLoss,us-gaap,USD,2018-01-29,2019-01-27,4141000000.0,2020,FY,10-K,2020-02-20,0001045810-20-000010,
net_income,NetIncomeLoss,us-gaap,USD,2018-10-29,2019-01-27,567000000.0,2020,FY,10-K,2020-02-20,0001045810-20-000010,CY2018Q4
net_income,NetIncomeLoss,us-gaap,USD,2018-01-29,2019-01-27,4141000000.0,2021,FY,10-K,2021-02-26,0001045810-21-000010,CY2018
net_income,NetIncomeLoss,us-gaap,USD,2019-01-28,2019-04-28,394000000.0,2020,Q1,10-Q,2019-05-16,0001045810-19-000079,
net_income,NetIncomeLoss,us-gaap,USD,2019-01-28,2019-04-28,394000000.0,2020,FY,10-K,2020-02-20,0001045810-20-000010,
net_income,NetIncomeLoss,us-gaap,USD,2019-01-28,2019-04-28,394000000.0,2020,Q1,10-Q,2020-05-21,0001045810-20-000065,CY2019Q1
net_income,NetIncomeLoss,us-gaap,USD,2019-01-28,2019-07-28,947000000.0,2020,Q2,10-Q,2019-08-15,0001045810-19-000144,
net_income,NetIncomeLoss,us-gaap,USD,2019-04-29,2019-07-28,552000000.0,2020,Q2,10-Q,2019-08-15,0001045810-19-000144,
net_income,NetIncomeLoss,us-gaap,USD,2019-04-29,2019-07-28,552000000.0,2020,FY,10-K,2020-02-20,0001045810-20-000010,
net_income,NetIncomeLoss,us-gaap,USD,2019-01-28,2019-07-28,947000000.0,2020,Q2,10-Q,2020-08-19,0001045810-20-000147,
net_income,NetIncomeLoss,us-gaap,USD,2019-04-29,2019-07-28,552000000.0,2020,Q2,10-Q,2020-08-19,0001045810-20-000147,CY2019Q2
net_income,NetIncomeLoss,us-gaap,USD,2019-01-28,2019-10-27,1845000000.0,2020,Q3,10-Q,2019-11-14,0001045810-19-000170,
net_income,NetIncomeLoss,us-gaap,USD,2019-07-29,2019-10-27,899000000.0,2020,Q3,10-Q,2019-11-14,0001045810-19-000170,
net_income,NetIncomeLoss,us-gaap,USD,2019-07-29,2019-10-27,899000000.0,2020,FY,10-K,2020-02-20,0001045810-20-000010,
net_income,NetIncomeLoss,us-gaap,USD,2019-01-28,2019-10-27,1845000000.0,2021,Q3,10-Q,2020-11-18,0001045810-20-000189,
net_income,NetIncomeLoss,us-gaap,USD,2019-07-29,2019-10-27,899000000.0,2021,Q3,10-Q,2020-11-18,0001045810-20-000189,CY2019Q3
net_income,NetIncomeLoss,us-gaap,USD,2019-01-28,2020-01-26,2796000000.0,2020,FY,10-K,2020-02-20,0001045810-20-000010,
net_income,NetIncomeLoss,us-gaap,USD,2019-10-28,2020-01-26,950000000.0,2020,FY,10-K,2020-02-20,0001045810-20-000010,CY2019Q4
net_income,NetIncomeLoss,us-gaap,USD,2019-01-28,2020-01-26,2796000000.0,2021,FY,10-K,2021-02-26,0001045810-21-000010,
net_income,NetIncomeLoss,us-gaap,USD,2019-01-28,2020-01-26,2796000000.0,2022,FY,10-K,2022-03-18,0001045810-22-000036,CY2019
net_income,NetIncomeLoss,us-gaap,USD,2020-01-27,2020-04-26,917000000.0,2020,Q1,10-Q,2020-05-21,0001045810-20-000065,
net_income,NetIncomeLoss,us-gaap,USD,2020-01-27,2020-04-26,917000000.0,2022,Q1,10-Q,2021-05-26,0001045810-21-000064,CY2020Q1
net_income,NetIncomeLoss,us-gaap,USD,2020-01-27,2020-07-26,1539000000.0,2020,Q2,10-Q,2020-08-19,0001045810-20-000147,
net_income,NetIncomeLoss,us-gaap,USD,2020-04-27,2020-07-26,622000000.0,2020,Q2,10-Q,2020-08-19,0001045810-20-000147,
net_income,NetIncomeLoss,us-gaap,USD,2020-01-27,2020-07-26,1539000000.0,2022,Q2,10-Q,2021-08-20,0001045810-21-000131,
net_income,NetIncomeLoss,us-gaap,USD,2020-04-27,2020-07-26,622000000.0,2022,Q2,10-Q,2021-08-20,0001045810-21-000131,CY2020Q2
net_income,NetIncomeLoss,us-gaap,USD,2020-01-27,2020-10-25,2875000000.0,2021,Q3,10-Q,2020-11-18,0001045810-20-000189,
net_income,NetIncomeLoss,us-gaap,USD,2020-07-27,2020-10-25,1336000000.0,2021,Q3,10-Q,2020-11-18,0001045810-20-000189,
net_income,NetIncomeLoss,us-gaap,USD,2020-01-27,2020-10-25,2875000000.0,2022,Q3,10-Q,2021-11-22,0001045810-21-000163,
net_income,NetIncomeLoss,us-gaap,USD,2020-07-27,2020-10-25,1336000000.0,2022,Q3,10-Q,2021-11-22,0001045810-21-000163,CY2020Q3
net_income,NetIncomeLoss,us-gaap,USD,2020-01-27,2021-01-31,4332000000.0,2021,FY,10-K,2021-02-26,0001045810-21-000010,
net_income,NetIncomeLoss,us-gaap,USD,2020-01-27,2021-01-31,4332000000.0,2022,FY,10-K,2022-03-18,0001045810-22-000036,
net_income,NetIncomeLoss,us-gaap,USD,2020-01-27,2021-01-31,4332000000.0,2023,FY,10-K,2023-02-24,0001045810-23-000017,CY2020
net_income,NetIncomeLoss,us-gaap,USD,2021-02-01,2021-05-02,1912000000.0,2022,Q1,10-Q,2021-05-26,0001045810-21-000064,
net_income,NetIncomeLoss,us-gaap,USD,2021-02-01,2021-05-02,1912000000.0,2023,Q1,10-Q,2022-05-27,0001045810-22-000079,CY2021Q1
net_income,NetIncomeLoss,us-gaap,USD,2021-02-01,2021-08-01,4285000000.0,2022,Q2,10-Q,2021-08-20,0001045810-21-000131,
net_income,NetIncomeLoss,us-gaap,USD,2021-05-03,2021-08-01,2374000000.0,2022,Q2,10-Q,2021-08-20,0001045810-21-000131,
net_income,NetIncomeLoss,us-gaap,USD,2021-02-01,2021-08-01,4285000000.0,2023,Q2,10-Q,2022-08-31,0001045810-22-000147,
net_income,NetIncomeLoss,us-gaap,USD,2021-05-03,2021-08-01,2374000000.0,2023,Q2,10-Q,2022-08-31,0001045810-22-000147,CY2021Q2
net_income,NetIncomeLoss,us-gaap,USD,2021-02-01,2021-10-31,6749000000.0,2022,Q3,10-Q,2021-11-22,0001045810-21-000163,
net_income,NetIncomeLoss,us-gaap,USD,2021-08-02,2021-10-31,2464000000.0,2022,Q3,10-Q,2021-11-22,0001045810-21-000163,
net_income,NetIncomeLoss,us-gaap,USD,2021-02-01,2021-10-31,6749000000.0,2023,Q3,10-Q,2022-11-18,0001045810-22-000166,
net_income,NetIncomeLoss,us-gaap,USD,2021-08-02,2021-10-31,2464000000.0,2023,Q3,10-Q,2022-11-18,0001045810-22-000166,CY2021Q3
net_income,NetIncomeLoss,us-gaap,USD,2021-02-01,2022-01-30,9752000000.0,2022,FY,10-K,2022-03-18,0001045810-22-000036,
net_income,NetIncomeLoss,us-gaap,USD,2021-02-01,2022-01-30,9752000000.0,2023,FY,10-K,2023-02-24,0001045810-23-000017,
net_income,NetIncomeLoss,us-gaap,USD,2021-02-01,2022-01-30,9752000000.0,2024,FY,10-K,2024-02-21,0001045810-24-000029,
net_income,NetIncomeLoss,us-gaap,USD,2021-02-01,2022-01-30,9752000000.0,,,DEF 14A,2026-05-12,0001045810-26-000036,CY2021
net_income,NetIncomeLoss,us-gaap,USD,2022-01-31,2022-05-01,1618000000.0,2023,Q1,10-Q,2022-05-27,0001045810-22-000079,
net_income,NetIncomeLoss,us-gaap,USD,2022-01-31,2022-05-01,1618000000.0,2024,Q1,10-Q,2023-05-26,0001045810-23-000093,CY2022Q1
net_income,NetIncomeLoss,us-gaap,USD,2022-01-31,2022-07-31,2274000000.0,2023,Q2,10-Q,2022-08-31,0001045810-22-000147,
net_income,NetIncomeLoss,us-gaap,USD,2022-05-02,2022-07-31,656000000.0,2023,Q2,10-Q,2022-08-31,0001045810-22-000147,
net_income,NetIncomeLoss,us-gaap,USD,2022-01-31,2022-07-31,2274000000.0,2024,Q2,10-Q,2023-08-28,0001045810-23-000175,
net_income,NetIncomeLoss,us-gaap,USD,2022-05-02,2022-07-31,656000000.0,2024,Q2,10-Q,2023-08-28,0001045810-23-000175,CY2022Q2
net_income,NetIncomeLoss,us-gaap,USD,2022-01-31,2022-10-30,2954000000.0,2023,Q3,10-Q,2022-11-18,0001045810-22-000166,
net_income,NetIncomeLoss,us-gaap,USD,2022-08-01,2022-10-30,680000000.0,2023,Q3,10-Q,2022-11-18,0001045810-22-000166,
net_income,NetIncomeLoss,us-gaap,USD,2022-01-31,2022-10-30,2954000000.0,2024,Q3,10-Q,2023-11-21,0001045810-23-000227,
net_income,NetIncomeLoss,us-gaap,USD,2022-08-01,2022-10-30,680000000.0,2024,Q3,10-Q,2023-11-21,0001045810-23-000227,CY2022Q3
net_income,NetIncomeLoss,us-gaap,USD,2022-01-31,2023-01-29,4368000000.0,2023,FY,10-K,2023-02-24,0001045810-23-000017,
net_income,NetIncomeLoss,us-gaap,USD,2022-01-31,2023-01-29,4368000000.0,2024,FY,10-K,2024-02-21,0001045810-24-000029,
net_income,NetIncomeLoss,us-gaap,USD,2022-01-31,2023-01-29,4368000000.0,2025,FY,10-K,2025-02-26,0001045810-25-000023,
net_income,NetIncomeLoss,us-gaap,USD,2022-01-31,2023-01-29,4368000000.0,,,DEF 14A,2026-05-12,0001045810-26-000036,CY2022
net_income,NetIncomeLoss,us-gaap,USD,2023-01-30,2023-04-30,2043000000.0,2024,Q1,10-Q,2023-05-26,0001045810-23-000093,
net_income,NetIncomeLoss,us-gaap,USD,2023-01-30,2023-04-30,2043000000.0,2025,Q1,10-Q,2024-05-29,0001045810-24-000124,CY2023Q1
net_income,NetIncomeLoss,us-gaap,USD,2023-01-30,2023-07-30,8232000000.0,2024,Q2,10-Q,2023-08-28,0001045810-23-000175,
net_income,NetIncomeLoss,us-gaap,USD,2023-05-01,2023-07-30,6188000000.0,2024,Q2,10-Q,2023-08-28,0001045810-23-000175,
net_income,NetIncomeLoss,us-gaap,USD,2023-01-30,2023-07-30,8232000000.0,2025,Q2,10-Q,2024-08-28,0001045810-24-000264,
net_income,NetIncomeLoss,us-gaap,USD,2023-05-01,2023-07-30,6188000000.0,2025,Q2,10-Q,2024-08-28,0001045810-24-000264,CY2023Q2
net_income,NetIncomeLoss,us-gaap,USD,2023-01-30,2023-10-29,17475000000.0,2024,Q3,10-Q,2023-11-21,0001045810-23-000227,
net_income,NetIncomeLoss,us-gaap,USD,2023-07-31,2023-10-29,9243000000.0,2024,Q3,10-Q,2023-11-21,0001045810-23-000227,
net_income,NetIncomeLoss,us-gaap,USD,2023-01-30,2023-10-29,17475000000.0,2025,Q3,10-Q,2024-11-20,0001045810-24-000316,
net_income,NetIncomeLoss,us-gaap,USD,2023-07-31,2023-10-29,9243000000.0,2025,Q3,10-Q,2024-11-20,0001045810-24-000316,CY2023Q3
net_income,NetIncomeLoss,us-gaap,USD,2023-01-30,2024-01-28,29760000000.0,2024,FY,10-K,2024-02-21,0001045810-24-000029,
net_income,NetIncomeLoss,us-gaap,USD,2023-01-30,2024-01-28,29760000000.0,2025,FY,10-K,2025-02-26,0001045810-25-000023,
net_income,NetIncomeLoss,us-gaap,USD,2023-01-30,2024-01-28,29760000000.0,2026,FY,10-K,2026-02-25,0001045810-26-000021,
net_income,NetIncomeLoss,us-gaap,USD,2023-01-30,2024-01-28,29760000000.0,,,DEF 14A,2026-05-12,0001045810-26-000036,CY2023
net_income,NetIncomeLoss,us-gaap,USD,2024-01-29,2024-04-28,14881000000.0,2025,Q1,10-Q,2024-05-29,0001045810-24-000124,
net_income,NetIncomeLoss,us-gaap,USD,2024-01-29,2024-04-28,14881000000.0,2026,Q1,10-Q,2025-05-28,0001045810-25-000116,CY2024Q1
net_income,NetIncomeLoss,us-gaap,USD,2024-01-29,2024-07-28,31480000000.0,2025,Q2,10-Q,2024-08-28,0001045810-24-000264,
net_income,NetIncomeLoss,us-gaap,USD,2024-04-29,2024-07-28,16599000000.0,2025,Q2,10-Q,2024-08-28,0001045810-24-000264,
net_income,NetIncomeLoss,us-gaap,USD,2024-01-29,2024-07-28,31480000000.0,2026,Q2,10-Q,2025-08-27,0001045810-25-000209,
net_income,NetIncomeLoss,us-gaap,USD,2024-04-29,2024-07-28,16599000000.0,2026,Q2,10-Q,2025-08-27,0001045810-25-000209,CY2024Q2
net_income,NetIncomeLoss,us-gaap,USD,2024-01-29,2024-10-27,50789000000.0,2025,Q3,10-Q,2024-11-20,0001045810-24-000316,
net_income,NetIncomeLoss,us-gaap,USD,2024-07-29,2024-10-27,19309000000.0,2025,Q3,10-Q,2024-11-20,0001045810-24-000316,
net_income,NetIncomeLoss,us-gaap,USD,2024-01-29,2024-10-27,50789000000.0,2026,Q3,10-Q,2025-11-19,0001045810-25-000230,
net_income,NetIncomeLoss,us-gaap,USD,2024-07-29,2024-10-27,19309000000.0,2026,Q3,10-Q,2025-11-19,0001045810-25-000230,CY2024Q3
net_income,NetIncomeLoss,us-gaap,USD,2024-01-29,2025-01-26,72880000000.0,2025,FY,10-K,2025-02-26,0001045810-25-000023,
net_income,NetIncomeLoss,us-gaap,USD,2024-01-29,2025-01-26,72880000000.0,2026,FY,10-K,2026-02-25,0001045810-26-000021,
net_income,NetIncomeLoss,us-gaap,USD,2024-01-29,2025-01-26,72880000000.0,,,DEF 14A,2026-05-12,0001045810-26-000036,CY2024
net_income,NetIncomeLoss,us-gaap,USD,2025-01-27,2025-04-27,18775000000.0,2026,Q1,10-Q,2025-05-28,0001045810-25-000116,
net_income,NetIncomeLoss,us-gaap,USD,2025-01-27,2025-04-27,18775000000.0,2027,Q1,10-Q,2026-05-20,0001045810-26-000052,CY2025Q1
net_income,NetIncomeLoss,us-gaap,USD,2025-01-27,2025-07-27,45197000000.0,2026,Q2,10-Q,2025-08-27,0001045810-25-000209,
net_income,NetIncomeLoss,us-gaap,USD,2025-04-28,2025-07-27,26422000000.0,2026,Q2,10-Q,2025-08-27,0001045810-25-000209,
net_income,NetIncomeLoss,us-gaap,USD,2025-01-27,2025-07-27,45197000000.0,2027,Q2,10-Q,2026-08-26,0001045810-26-000075,
net_income,NetIncomeLoss,us-gaap,USD,2025-04-28,2025-07-27,26422000000.0,2027,Q2,10-Q,2026-08-26,0001045810-26-000075,CY2025Q2
net_income,NetIncomeLoss,us-gaap,USD,2025-01-27,2025-10-26,77107000000.0,2026,Q3,10-Q,2025-11-19,0001045810-25-000230,
net_income,NetIncomeLoss,us-gaap,USD,2025-07-28,2025-10-26,31910000000.0,2026,Q3,10-Q,2025-11-19,0001045810-25-000230,CY2025Q3
net_income,NetIncomeLoss,us-gaap,USD,2025-01-27,2026-01-25,120067000000.0,2026,FY,10-K,2026-02-25,0001045810-26-000021,
net_income,NetIncomeLoss,us-gaap,USD,2025-01-27,2026-01-25,120067000000.0,,,DEF 14A,2026-05-12,0001045810-26-000036,CY2025
net_income,NetIncomeLoss,us-gaap,USD,2026-01-26,2026-04-26,58321000000.0,2027,Q1,10-Q,2026-05-20,0001045810-26-000052,CY2026Q1
net_income,NetIncomeLoss,us-gaap,USD,2026-01-26,2026-07-26,118010000000.0,2027,Q2,10-Q,2026-08-26,0001045810-26-000075,
net_income,NetIncomeLoss,us-gaap,USD,2026-04-27,2026-07-26,59688000000.0,2027,Q2,10-Q,2026-08-26,0001045810-26-000075,CY2026Q2
operating_income,OperatingIncomeLoss,us-gaap,USD,2007-01-29,2008-01-27,836346000.0,2010,FY,10-K,2010-03-18,0001045810-10-000006,CY2007
operating_income,OperatingIncomeLoss,us-gaap,USD,2008-01-25,2008-07-27,47587000.0,2009,Q2,10-Q,2009-08-20,0001045810-09-000024,
operating_income,OperatingIncomeLoss,us-gaap,USD,2008-04-27,2008-07-27,-155392000.0,2009,Q2,10-Q,2009-08-20,0001045810-09-000024,CY2008Q2
operating_income,OperatingIncomeLoss,us-gaap,USD,2008-01-28,2008-10-26,104383000.0,2009,Q3,10-Q,2009-11-19,0001045810-09-000036,
operating_income,OperatingIncomeLoss,us-gaap,USD,2008-07-28,2008-10-26,56796000.0,2009,Q3,10-Q,2009-11-19,0001045810-09-000036,CY2008Q3
operating_income,OperatingIncomeLoss,us-gaap,USD,2008-01-28,2009-01-25,-70700000.0,2010,FY,10-K,2010-03-18,0001045810-10-000006,
operating_income,OperatingIncomeLoss,us-gaap,USD,2008-01-28,2009-01-25,-70700000.0,2010,FY,10-K,2011-03-16,0001045810-11-000015,CY2008
operating_income,OperatingIncomeLoss,us-gaap,USD,2009-01-26,2009-04-26,-230965000.0,2010,Q2,10-Q,2010-05-21,0001045810-10-000018,CY2009Q1
operating_income,OperatingIncomeLoss,us-gaap,USD,2009-01-25,2009-07-26,-341072000.0,2009,Q2,10-Q,2009-08-20,0001045810-09-000024,
operating_income,OperatingIncomeLoss,us-gaap,USD,2009-04-27,2009-07-26,-110107000.0,2009,Q2,10-Q,2009-08-20,0001045810-09-000024,
operating_income,OperatingIncomeLoss,us-gaap,USD,2009-01-26,2009-07-26,-341072000.0,2010,Q3,10-Q,2010-08-30,0001045810-10-000029,
operating_income,OperatingIncomeLoss,us-gaap,USD,2009-04-27,2009-07-26,-110107000.0,2010,Q3,10-Q,2010-08-30,0001045810-10-000029,CY2009Q2
operating_income,OperatingIncomeLoss,us-gaap,USD,2009-01-26,2009-10-25,-233227000.0,2009,Q3,10-Q,2009-11-19,0001045810-09-000036,
operating_income,OperatingIncomeLoss,us-gaap,USD,2009-07-27,2009-10-25,107845000.0,2009,Q3,10-Q,2009-11-19,0001045810-09-000036,
operating_income,OperatingIncomeLoss,us-gaap,USD,2009-01-26,2009-10-25,-233227000.0,2010,Q3,10-Q,2010-12-07,0001045810-10-000045,
operating_income,OperatingIncomeLoss,us-gaap,USD,2009-07-27,2009-10-25,107845000.0,2010,Q3,10-Q,2010-12-07,0001045810-10-000045,CY2009Q3
operating_income,OperatingIncomeLoss,us-gaap,USD,2009-01-26,2010-01-31,-98945000.0,2010,FY,10-K,2010-03-18,0001045810-10-000006,
operating_income,OperatingIncomeLoss,us-gaap,USD,2009-01-26,2010-01-31,-98945000.0,2010,FY,10-K,2011-03-16,0001045810-11-000015,
operating_income,OperatingIncomeLoss,us-gaap,USD,2009-01-26,2010-01-31,-98945000.0,2011,FY,10-K,2012-03-13,0001045810-12-000013,CY2009
operating_income,OperatingIncomeLoss,us-gaap,USD,2010-02-01,2010-05-02,147393000.0,2010,Q2,10-Q,2010-05-21,0001045810-10-000018,
operating_income,OperatingIncomeLoss,us-gaap,USD,2010-02-01,2010-05-02,147393000.0,2011,Q1,10-Q,2011-05-27,0001045810-11-000031,CY2010Q1
operating_income,OperatingIncomeLoss,us-gaap,USD,2010-02-01,2010-08-01,-27814000.0,2010,Q3,10-Q,2010-08-30,0001045810-10-000029,
operating_income,OperatingIncomeLoss,us-gaap,USD,2010-05-03,2010-08-01,-175207000.0,2010,Q3,10-Q,2010-08-30,0001045810-10-000029,
operating_income,OperatingIncomeLoss,us-gaap,USD,2010-02-01,2010-08-01,-27814000.0,2011,Q2,10-Q,2011-08-25,0001045810-11-000046,
operating_income,OperatingIncomeLoss,us-gaap,USD,2010-05-03,2010-08-01,-175207000.0,2011,Q2,10-Q,2011-08-25,0001045810-11-000046,CY2010Q2
operating_income,OperatingIncomeLoss,us-gaap,USD,2010-02-01,2010-10-31,75969000.0,2010,Q3,10-Q,2010-12-07,0001045810-10-000045,
operating_income,OperatingIncomeLoss,us-gaap,USD,2010-08-02,2010-10-31,103783000.0,2010,Q3,10-Q,2010-12-07,0001045810-10-000045,
operating_income,OperatingIncomeLoss,us-gaap,USD,2010-02-01,2010-10-31,75969000.0,2011,Q3,10-Q,2011-11-22,0001045810-11-000056,
operating_income,OperatingIncomeLoss,us-gaap,USD,2010-08-02,2010-10-31,103783000.0,2011,Q3,10-Q,2011-11-22,0001045810-11-000056,CY2010Q3
operating_income,OperatingIncomeLoss,us-gaap,USD,2010-02-01,2011-01-30,255747000.0,2010,FY,10-K,2011-03-16,0001045810-11-000015,
operating_income,OperatingIncomeLoss,us-gaap,USD,2010-02-01,2011-01-30,255747000.0,2011,FY,10-K,2012-03-13,0001045810-12-000013,
operating_income,OperatingIncomeLoss,us-gaap,USD,2010-02-01,2011-01-30,255747000.0,2012,FY,10-K,2013-03-12,0001045810-13-000008,CY2010
operating_income,OperatingIncomeLoss,us-gaap,USD,2011-01-31,2011-05-01,154862000.0,2011,Q1,10-Q,2011-05-27,0001045810-11-000031,
operating_income,OperatingIncomeLoss,us-gaap,USD,2011-01-31,2011-05-01,154862000.0,2012,Q1,10-Q,2012-05-23,0001045810-12-000027,CY2011Q1
operating_income,OperatingIncomeLoss,us-gaap,USD,2011-01-31,2011-07-31,328892000.0,2011,Q2,10-Q,2011-08-25,0001045810-11-000046,
operating_income,OperatingIncomeLoss,us-gaap,USD,2011-05-02,2011-07-31,174030000.0,2011,Q2,10-Q,2011-08-25,0001045810-11-000046,
operating_income,OperatingIncomeLoss,us-gaap,USD,2011-01-31,2011-07-31,328892000.0,2012,Q2,10-Q,2012-08-22,0001045810-12-000036,
operating_income,OperatingIncomeLoss,us-gaap,USD,2011-05-02,2011-07-31,174030000.0,2012,Q2,10-Q,2012-08-22,0001045810-12-000036,CY2011Q2
operating_income,OperatingIncomeLoss,us-gaap,USD,2011-01-31,2011-10-30,525982000.0,2011,Q3,10-Q,2011-11-22,0001045810-11-000056,
operating_income,OperatingIncomeLoss,us-gaap,USD,2011-08-01,2011-10-30,197090000.0,2011,Q3,10-Q,2011-11-22,0001045810-11-000056,
operating_income,OperatingIncomeLoss,us-gaap,USD,2011-01-31,2011-10-30,525982000.0,2012,Q3,10-Q,2012-11-19,0001045810-12-000060,
operating_income,OperatingIncomeLoss,us-gaap,USD,2011-08-01,2011-10-30,197090000.0,2012,Q3,10-Q,2012-11-19,0001045810-12-000060,CY2011Q3
operating_income,OperatingIncomeLoss,us-gaap,USD,2011-01-31,2012-01-29,648299000.0,2011,FY,10-K,2012-03-13,0001045810-12-000013,
operating_income,OperatingIncomeLoss,us-gaap,USD,2011-01-31,2012-01-29,648299000.0,2012,FY,10-K,2013-03-12,0001045810-13-000008,
operating_income,OperatingIncomeLoss,us-gaap,USD,2011-01-31,2012-01-29,648299000.0,2013,FY,10-K,2014-03-13,0001045810-14-000030,CY2011
operating_income,OperatingIncomeLoss,us-gaap,USD,2012-01-30,2012-04-29,72826000.0,2012,Q1,10-Q,2012-05-23,0001045810-12-000027,
operating_income,OperatingIncomeLoss,us-gaap,USD,2012-01-30,2012-04-29,72826000.0,2013,Q1,10-Q,2013-05-22,0001045810-13-000054,CY2012Q1
operating_income,OperatingIncomeLoss,us-gaap,USD,2012-01-30,2012-07-29,212449000.0,2012,Q2,10-Q,2012-08-22,0001045810-12-000036,
operating_income,OperatingIncomeLoss,us-gaap,USD,2012-04-30,2012-07-29,139623000.0,2012,Q2,10-Q,2012-08-22,0001045810-12-000036,
operating_income,OperatingIncomeLoss,us-gaap,USD,2012-01-30,2012-07-29,212449000.0,2013,Q2,10-Q,2013-08-21,0001045810-13-000075,
operating_income,OperatingIncomeLoss,us-gaap,USD,2012-04-30,2012-07-29,139623000.0,2013,Q2,10-Q,2013-08-21,0001045810-13-000075,CY2012Q2
operating_income,OperatingIncomeLoss,us-gaap,USD,2012-01-30,2012-10-28,464666000.0,2012,Q3,10-Q,2012-11-19,0001045810-12-000060,
operating_income,OperatingIncomeLoss,us-gaap,USD,2012-07-30,2012-10-28,252217000.0,2012,Q3,10-Q,2012-11-19,0001045810-12-000060,
operating_income,OperatingIncomeLoss,us-gaap,USD,2012-01-30,2012-10-28,464666000.0,2013,Q3,10-Q,2013-11-19,0001045810-13-000109,
operating_income,OperatingIncomeLoss,us-gaap,USD,2012-07-30,2012-10-28,252217000.0,2013,Q3,10-Q,2013-11-19,0001045810-13-000109,CY2012Q3
operating_income,OperatingIncomeLoss,us-gaap,USD,2012-01-30,2013-01-27,648239000.0,2012,FY,10-K,2013-03-12,0001045810-13-000008,
operating_income,OperatingIncomeLoss,us-gaap,USD,2012-01-30,2013-01-27,648239000.0,2013,FY,10-K,2014-03-13,0001045810-14-000030,
operating_income,OperatingIncomeLoss,us-gaap,USD,2012-01-30,2013-01-27,648239000.0,2015,FY,10-K,2015-03-12,0001045810-15-000036,CY2012
operating_income,OperatingIncomeLoss,us-gaap,USD,2013-01-28,2013-04-28,82781000.0,2013,Q1,10-Q,2013-05-22,0001045810-13-000054,
operating_income,OperatingIncomeLoss,us-gaap,USD,2013-01-28,2013-04-28,82781000.0,2014,Q1,10-Q,2014-05-21,0001045810-14-000085,CY2013Q1
operating_income,OperatingIncomeLoss,us-gaap,USD,2013-01-28,2013-07-28,188315000.0,2013,Q2,10-Q,2013-08-21,0001045810-13-000075,
operating_income,OperatingIncomeLoss,us-gaap,USD,2013-04-29,2013-07-28,105534000.0,2013,Q2,10-Q,2013-08-21,0001045810-13-000075,
operating_income,OperatingIncomeLoss,us-gaap,USD,2013-01-28,2013-07-28,188315000.0,2015,Q2,10-Q,2014-08-20,0001045810-14-000158,
operating_income,OperatingIncomeLoss,us-gaap,USD,2013-04-29,2013-07-28,105534000.0,2015,Q2,10-Q,2014-08-20,0001045810-14-000158,CY2013Q2
operating_income,OperatingIncomeLoss,us-gaap,USD,2013-01-28,2013-10-27,329303000.0,2013,Q3,10-Q,2013-11-19,0001045810-13-000109,
operating_income,OperatingIncomeLoss,us-gaap,USD,2013-07-29,2013-10-27,140988000.0,2013,Q3,10-Q,2013-11-19,0001045810-13-000109,
operating_income,OperatingIncomeLoss,us-gaap,USD,2013-01-28,2013-10-27,329303000.0,2015,Q3,10-Q,2014-11-19,0001045810-14-000188,
operating_income,OperatingIncomeLoss,us-gaap,USD,2013-07-29,2013-10-27,140988000.0,2015,Q3,10-Q,2014-11-19,0001045810-14-000188,CY2013Q3
operating_income,OperatingIncomeLoss,us-gaap,USD,2013-01-28,2014-01-26,496227000.0,2013,FY,10-K,2014-03-13,0001045810-14-000030,
operating_income,OperatingIncomeLoss,us-gaap,USD,2013-01-28,2014-01-26,496227000.0,2015,FY,10-K,2015-03-12,0001045810-15-000036,
operating_income,OperatingIncomeLoss,us-gaap,USD,2013-01-28,2014-01-26,496000000.0,2016,FY,10-K,2016-03-17,0001045810-16-000205,CY2013
operating_income,OperatingIncomeLoss,us-gaap,USD,2014-01-27,2014-04-27,151359000.0,2014,Q1,10-Q,2014-05-21,0001045810-14-000085,
operating_income,OperatingIncomeLoss,us-gaap,USD,2014-01-27,2014-04-27,151000000.0,2016,Q1,10-Q,2015-05-20,0001045810-15-000097,CY2014Q1
operating_income,OperatingIncomeLoss,us-gaap,USD,2014-01-27,2014-07-27,314538000.0,2015,Q2,10-Q,2014-08-20,0001045810-14-000158,
operating_income,OperatingIncomeLoss,us-gaap,USD,2014-04-28,2014-07-27,163179000.0,2015,Q2,10-Q,2014-08-20,0001045810-14-000158,
operating_income,OperatingIncomeLoss,us-gaap,USD,2014-01-27,2014-07-27,314000000.0,2016,Q2,10-Q,2015-08-19,0001045810-15-000143,
operating_income,OperatingIncomeLoss,us-gaap,USD,2014-04-28,2014-07-27,163000000.0,2016,Q2,10-Q,2015-08-19,0001045810-15-000143,CY2014Q2
operating_income,OperatingIncomeLoss,us-gaap,USD,2014-01-27,2014-10-26,527853000.0,2015,Q3,10-Q,2014-11-19,0001045810-14-000188,
operating_income,OperatingIncomeLoss,us-gaap,USD,2014-07-28,2014-10-26,213315000.0,2015,Q3,10-Q,2014-11-19,0001045810-14-000188,
operating_income,OperatingIncomeLoss,us-gaap,USD,2014-01-27,2014-10-26,528000000.0,2016,Q3,10-Q,2015-11-18,0001045810-15-000173,
operating_income,OperatingIncomeLoss,us-gaap,USD,2014-07-28,2014-10-26,213000000.0,2016,Q3,10-Q,2015-11-18,0001045810-15-000173,CY2014Q3
operating_income,OperatingIncomeLoss,us-gaap,USD,2014-01-27,2015-01-25,758989000.0,2015,FY,10-K,2015-03-12,0001045810-15-000036,
operating_income,OperatingIncomeLoss,us-gaap,USD,2014-01-27,2015-01-25,759000000.0,2016,FY,10-K,2016-03-17,0001045810-16-000205,
operating_income,OperatingIncomeLoss,us-gaap,USD,2014-01-27,2015-01-25,759000000.0,2017,FY,10-K,2017-03-01,0001045810-17-000027,CY2014
operating_income,OperatingIncomeLoss,us-gaap,USD,2015-01-26,2015-04-26,176000000.0,2016,Q1,10-Q,2015-05-20,0001045810-15-000097,
operating_income,OperatingIncomeLoss,us-gaap,USD,2015-01-26,2015-04-26,176000000.0,2017,Q1,10-Q,2016-05-25,0001045810-16-000275,CY2015Q1
operating_income,OperatingIncomeLoss,us-gaap,USD,2015-01-26,2015-07-26,250000000.0,2016,Q2,10-Q,2015-08-19,0001045810-15-000143,
operating_income,OperatingIncomeLoss,us-gaap,USD,2015-04-27,2015-07-26,76000000.0,2016,Q2,10-Q,2015-08-19,0001045810-15-000143,
operating_income,OperatingIncomeLoss,us-gaap,USD,2015-01-26,2015-07-26,250000000.0,2017,Q2,10-Q,2016-08-23,0001045810-16-000300,
operating_income,OperatingIncomeLoss,us-gaap,USD,2015-04-27,2015-07-26,76000000.0,2017,Q2,10-Q,2016-08-23,0001045810-16-000300,CY2015Q2
operating_income,OperatingIncomeLoss,us-gaap,USD,2015-01-26,2015-10-25,495000000.0,2016,Q3,10-Q,2015-11-18,0001045810-15-000173,
operating_income,OperatingIncomeLoss,us-gaap,USD,2015-07-27,2015-10-25,245000000.0,2016,Q3,10-Q,2015-11-18,0001045810-15-000173,
operating_income,OperatingIncomeLoss,us-gaap,USD,2015-01-26,2015-10-25,495000000.0,2017,Q3,10-Q,2016-11-22,0001045810-16-000353,
operating_income,OperatingIncomeLoss,us-gaap,USD,2015-07-27,2015-10-25,245000000.0,2017,Q3,10-Q,2016-11-22,0001045810-16-000353,CY2015Q3
operating_income,OperatingIncomeLoss,us-gaap,USD,2015-01-26,2016-01-31,747000000.0,2016,FY,10-K,2016-03-17,0001045810-16-000205,
operating_income,OperatingIncomeLoss,us-gaap,USD,2015-01-26,2016-01-31,747000000.0,2017,FY,10-K,2017-03-01,0001045810-17-000027,
operating_income,OperatingIncomeLoss,us-gaap,USD,2015-01-26,2016-01-31,747000000.0,2018,FY,10-K,2018-02-28,0001045810-18-000010,CY2015
operating_income,OperatingIncomeLoss,us-gaap,USD,2016-02-01,2016-05-01,245000000.0,2017,Q1,10-Q,2016-05-25,0001045810-16-000275,
operating_income,OperatingIncomeLoss,us-gaap,USD,2016-02-01,2016-05-01,245000000.0,2018,Q1,10-Q,2017-05-23,0001045810-17-000075,CY2016Q1
operating_income,OperatingIncomeLoss,us-gaap,USD,2016-02-01,2016-07-31,561000000.0,2017,Q2,10-Q,2016-08-23,0001045810-16-000300,
operating_income,OperatingIncomeLoss,us-gaap,USD,2016-05-02,2016-07-31,317000000.0,2017,Q2,10-Q,2016-08-23,0001045810-16-000300,
operating_income,OperatingIncomeLoss,us-gaap,USD,2016-02-01,2016-07-31,561000000.0,2018,Q2,10-Q,2017-08-23,0001045810-17-000123,
operating_income,OperatingIncomeLoss,us-gaap,USD,2016-05-02,2016-07-31,317000000.0,2018,Q2,10-Q,2017-08-23,0001045810-17-000123,CY2016Q2
operating_income,OperatingIncomeLoss,us-gaap,USD,2016-02-01,2016-10-30,1201000000.0,2017,Q3,10-Q,2016-11-22,0001045810-16-000353,
operating_income,OperatingIncomeLoss,us-gaap,USD,2016-08-01,2016-10-30,639000000.0,2017,Q3,10-Q,2016-11-22,0001045810-16-000353,
operating_income,OperatingIncomeLoss,us-gaap,USD,2016-02-01,2016-10-30,1201000000.0,2018,Q3,10-Q,2017-11-21,0001045810-17-000172,
operating_income,OperatingIncomeLoss,us-gaap,USD,2016-08-01,2016-10-30,639000000.0,2018,Q3,10-Q,2017-11-21,0001045810-17-000172,CY2016Q3
operating_income,OperatingIncomeLoss,us-gaap,USD,2016-02-01,2017-01-29,1934000000.0,2017,FY,10-K,2017-03-01,0001045810-17-000027,
operating_income,OperatingIncomeLoss,us-gaap,USD,2016-02-01,2017-01-29,1934000000.0,2018,FY,10-K,2018-02-28,0001045810-18-000010,
operating_income,OperatingIncomeLoss,us-gaap,USD,2016-02-01,2017-01-29,1934000000.0,2019,FY,10-K,2019-02-21,0001045810-19-000023,CY2016
operating_income,OperatingIncomeLoss,us-gaap,USD,2017-01-30,2017-04-30,554000000.0,2018,Q1,10-Q,2017-05-23,0001045810-17-000075,
operating_income,OperatingIncomeLoss,us-gaap,USD,2017-01-30,2017-04-30,554000000.0,2019,Q1,10-Q,2018-05-22,0001045810-18-000080,CY2017Q1
operating_income,OperatingIncomeLoss,us-gaap,USD,2017-01-30,2017-07-30,1242000000.0,2018,Q2,10-Q,2017-08-23,0001045810-17-000123,
operating_income,OperatingIncomeLoss,us-gaap,USD,2017-05-01,2017-07-30,688000000.0,2018,Q2,10-Q,2017-08-23,0001045810-17-000123,
operating_income,OperatingIncomeLoss,us-gaap,USD,2017-01-30,2017-07-30,1242000000.0,2019,Q2,10-Q,2018-08-16,0001045810-18-000114,
operating_income,OperatingIncomeLoss,us-gaap,USD,2017-05-01,2017-07-30,688000000.0,2019,Q2,10-Q,2018-08-16,0001045810-18-000114,CY2017Q2
operating_income,OperatingIncomeLoss,us-gaap,USD,2017-01-30,2017-10-29,2137000000.0,2018,Q3,10-Q,2017-11-21,0001045810-17-000172,
operating_income,OperatingIncomeLoss,us-gaap,USD,2017-07-31,2017-10-29,895000000.0,2018,Q3,10-Q,2017-11-21,0001045810-17-000172,
operating_income,OperatingIncomeLoss,us-gaap,USD,2017-01-30,2017-10-29,2137000000.0,2019,Q3,10-Q,2018-11-15,0001045810-18-000150,
operating_income,OperatingIncomeLoss,us-gaap,USD,2017-07-31,2017-10-29,895000000.0,2019,Q3,10-Q,2018-11-15,0001045810-18-000150,CY2017Q3
operating_income,OperatingIncomeLoss,us-gaap,USD,2017-01-30,2018-01-28,3210000000.0,2018,FY,10-K,2018-02-28,0001045810-18-000010,
operating_income,OperatingIncomeLoss,us-gaap,USD,2017-01-30,2018-01-28,3210000000.0,2019,FY,10-K,2019-02-21,0001045810-19-000023,
operating_income,OperatingIncomeLoss,us-gaap,USD,2017-01-30,2018-01-28,3210000000.0,2020,FY,10-K,2020-02-20,0001045810-20-000010,CY2017
operating_income,OperatingIncomeLoss,us-gaap,USD,2018-01-29,2018-04-29,1295000000.0,2019,Q1,10-Q,2018-05-22,0001045810-18-000080,
operating_income,OperatingIncomeLoss,us-gaap,USD,2018-01-29,2018-04-29,1295000000.0,2020,Q1,10-Q,2019-05-16,0001045810-19-000079,CY2018Q1
operating_income,OperatingIncomeLoss,us-gaap,USD,2018-01-29,2018-07-29,2452000000.0,2019,Q2,10-Q,2018-08-16,0001045810-18-000114,
operating_income,OperatingIncomeLoss,us-gaap,USD,2018-04-30,2018-07-29,1157000000.0,2019,Q2,10-Q,2018-08-16,0001045810-18-000114,
operating_income,OperatingIncomeLoss,us-gaap,USD,2018-01-29,2018-07-29,2452000000.0,2020,Q2,10-Q,2019-08-15,0001045810-19-000144,
operating_income,OperatingIncomeLoss,us-gaap,USD,2018-04-30,2018-07-29,1157000000.0,2020,Q2,10-Q,2019-08-15,0001045810-19-000144,CY2018Q2
operating_income,OperatingIncomeLoss,us-gaap,USD,2018-01-29,2018-10-28,3510000000.0,2019,Q3,10-Q,2018-11-15,0001045810-18-000150,
operating_income,OperatingIncomeLoss,us-gaap,USD,2018-07-30,2018-10-28,1058000000.0,2019,Q3,10-Q,2018-11-15,0001045810-18-000150,
operating_income,OperatingIncomeLoss,us-gaap,USD,2018-01-29,2018-10-28,3510000000.0,2020,Q3,10-Q,2019-11-14,0001045810-19-000170,
operating_income,OperatingIncomeLoss,us-gaap,USD,2018-07-30,2018-10-28,1058000000.0,2020,Q3,10-Q,2019-11-14,0001045810-19-000170,CY2018Q3
operating_income,OperatingIncomeLoss,us-gaap,USD,2018-01-29,2019-01-27,3804000000.0,2019,FY,10-K,2019-02-21,0001045810-19-000023,
operating_income,OperatingIncomeLoss,us-gaap,USD,2018-01-29,2019-01-27,3804000000.0,2020,FY,10-K,2020-02-20,0001045810-20-000010,
operating_income,OperatingIncomeLoss,us-gaap,USD,2018-01-29,2019-01-27,3804000000.0,2021,FY,10-K,2021-02-26,0001045810-21-000010,CY2018
operating_income,OperatingIncomeLoss,us-gaap,USD,2019-01-28,2019-04-28,358000000.0,2020,Q1,10-Q,2019-05-16,0001045810-19-000079,
operating_income,OperatingIncomeLoss,us-gaap,USD,2019-01-28,2019-04-28,358000000.0,2020,Q1,10-Q,2020-05-21,0001045810-20-000065,CY2019Q1
operating_income,OperatingIncomeLoss,us-gaap,USD,2019-01-28,2019-07-28,929000000.0,2020,Q2,10-Q,2019-08-15,0001045810-19-000144,
operating_income,OperatingIncomeLoss,us-gaap,USD,2019-04-29,2019-07-28,571000000.0,2020,Q2,10-Q,2019-08-15,0001045810-19-000144,
operating_income,OperatingIncomeLoss,us-gaap,USD,2019-01-28,2019-07-28,929000000.0,2020,Q2,10-Q,2020-08-19,0001045810-20-000147,
operating_income,OperatingIncomeLoss,us-gaap,USD,2019-04-29,2019-07-28,571000000.0,2020,Q2,10-Q,2020-08-19,0001045810-20-000147,CY2019Q2
operating_income,OperatingIncomeLoss,us-gaap,USD,2019-01-28,2019-10-27,1856000000.0,2020,Q3,10-Q,2019-11-14,0001045810-19-000170,
operating_income,OperatingIncomeLoss,us-gaap,USD,2019-07-29,2019-10-27,927000000.0,2020,Q3,10-Q,2019-11-14,0001045810-19-000170,
operating_income,OperatingIncomeLoss,us-gaap,USD,2019-01-28,2019-10-27,1856000000.0,2021,Q3,10-Q,2020-11-18,0001045810-20-000189,
operating_income,OperatingIncomeLoss,us-gaap,USD,2019-07-29,2019-10-27,927000000.0,2021,Q3,10-Q,2020-11-18,0001045810-20-000189,CY2019Q3
operating_income,OperatingIncomeLoss,us-gaap,USD,2019-01-28,2020-01-26,2846000000.0,2020,FY,10-K,2020-02-20,0001045810-20-000010,
operating_income,OperatingIncomeLoss,us-gaap,USD,2019-01-28,2020-01-26,2846000000.0,2021,FY,10-K,2021-02-26,0001045810-21-000010,
operating_income,OperatingIncomeLoss,us-gaap,USD,2019-01-28,2020-01-26,2846000000.0,2022,FY,10-K,2022-03-18,0001045810-22-000036,CY2019
operating_income,OperatingIncomeLoss,us-gaap,USD,2020-01-27,2020-04-26,976000000.0,2020,Q1,10-Q,2020-05-21,0001045810-20-000065,
operating_income,OperatingIncomeLoss,us-gaap,USD,2020-01-27,2020-04-26,976000000.0,2022,Q1,10-Q,2021-05-26,0001045810-21-000064,CY2020Q1
operating_income,OperatingIncomeLoss,us-gaap,USD,2020-01-27,2020-07-26,1627000000.0,2020,Q2,10-Q,2020-08-19,0001045810-20-000147,
operating_income,OperatingIncomeLoss,us-gaap,USD,2020-04-27,2020-07-26,651000000.0,2020,Q2,10-Q,2020-08-19,0001045810-20-000147,
operating_income,OperatingIncomeLoss,us-gaap,USD,2020-01-27,2020-07-26,1627000000.0,2022,Q2,10-Q,2021-08-20,0001045810-21-000131,
operating_income,OperatingIncomeLoss,us-gaap,USD,2020-04-27,2020-07-26,651000000.0,2022,Q2,10-Q,2021-08-20,0001045810-21-000131,CY2020Q2
operating_income,OperatingIncomeLoss,us-gaap,USD,2020-01-27,2020-10-25,3025000000.0,2021,Q3,10-Q,2020-11-18,0001045810-20-000189,
operating_income,OperatingIncomeLoss,us-gaap,USD,2020-07-27,2020-10-25,1398000000.0,2021,Q3,10-Q,2020-11-18,0001045810-20-000189,
operating_income,OperatingIncomeLoss,us-gaap,USD,2020-01-27,2020-10-25,3025000000.0,2022,Q3,10-Q,2021-11-22,0001045810-21-000163,
operating_income,OperatingIncomeLoss,us-gaap,USD,2020-07-27,2020-10-25,1398000000.0,2022,Q3,10-Q,2021-11-22,0001045810-21-000163,CY2020Q3
operating_income,OperatingIncomeLoss,us-gaap,USD,2020-01-27,2021-01-31,4532000000.0,2021,FY,10-K,2021-02-26,0001045810-21-000010,
operating_income,OperatingIncomeLoss,us-gaap,USD,2020-01-27,2021-01-31,4532000000.0,2022,FY,10-K,2022-03-18,0001045810-22-000036,
operating_income,OperatingIncomeLoss,us-gaap,USD,2020-01-27,2021-01-31,4532000000.0,2023,FY,10-K,2023-02-24,0001045810-23-000017,CY2020
operating_income,OperatingIncomeLoss,us-gaap,USD,2021-02-01,2021-05-02,1956000000.0,2022,Q1,10-Q,2021-05-26,0001045810-21-000064,
operating_income,OperatingIncomeLoss,us-gaap,USD,2021-02-01,2021-05-02,1956000000.0,2023,Q1,10-Q,2022-05-27,0001045810-22-000079,CY2021Q1
operating_income,OperatingIncomeLoss,us-gaap,USD,2021-02-01,2021-08-01,4400000000.0,2022,Q2,10-Q,2021-08-20,0001045810-21-000131,
operating_income,OperatingIncomeLoss,us-gaap,USD,2021-05-03,2021-08-01,2444000000.0,2022,Q2,10-Q,2021-08-20,0001045810-21-000131,
operating_income,OperatingIncomeLoss,us-gaap,USD,2021-02-01,2021-08-01,4400000000.0,2023,Q2,10-Q,2022-08-31,0001045810-22-000147,
operating_income,OperatingIncomeLoss,us-gaap,USD,2021-05-03,2021-08-01,2444000000.0,2023,Q2,10-Q,2022-08-31,0001045810-22-000147,CY2021Q2
operating_income,OperatingIncomeLoss,us-gaap,USD,2021-02-01,2021-10-31,7071000000.0,2022,Q3,10-Q,2021-11-22,0001045810-21-000163,
operating_income,OperatingIncomeLoss,us-gaap,USD,2021-08-02,2021-10-31,2671000000.0,2022,Q3,10-Q,2021-11-22,0001045810-21-000163,
operating_income,OperatingIncomeLoss,us-gaap,USD,2021-02-01,2021-10-31,7071000000.0,2023,Q3,10-Q,2022-11-18,0001045810-22-000166,
operating_income,OperatingIncomeLoss,us-gaap,USD,2021-08-02,2021-10-31,2671000000.0,2023,Q3,10-Q,2022-11-18,0001045810-22-000166,CY2021Q3
operating_income,OperatingIncomeLoss,us-gaap,USD,2021-02-01,2022-01-30,10041000000.0,2022,FY,10-K,2022-03-18,0001045810-22-000036,
operating_income,OperatingIncomeLoss,us-gaap,USD,2021-02-01,2022-01-30,10041000000.0,2023,FY,10-K,2023-02-24,0001045810-23-000017,
operating_income,OperatingIncomeLoss,us-gaap,USD,2021-02-01,2022-01-30,10041000000.0,2024,FY,10-K,2024-02-21,0001045810-24-000029,CY2021
operating_income,OperatingIncomeLoss,us-gaap,USD,2022-01-31,2022-05-01,1868000000.0,2023,Q1,10-Q,2022-05-27,0001045810-22-000079,
operating_income,OperatingIncomeLoss,us-gaap,USD,2022-01-31,2022-05-01,1868000000.0,2024,Q1,10-Q,2023-05-26,0001045810-23-000093,CY2022Q1
operating_income,OperatingIncomeLoss,us-gaap,USD,2022-01-31,2022-07-31,2367000000.0,2023,Q2,10-Q,2022-08-31,0001045810-22-000147,
operating_income,OperatingIncomeLoss,us-gaap,USD,2022-05-02,2022-07-31,499000000.0,2023,Q2,10-Q,2022-08-31,0001045810-22-000147,
operating_income,OperatingIncomeLoss,us-gaap,USD,2022-01-31,2022-07-31,2367000000.0,2024,Q2,10-Q,2023-08-28,0001045810-23-000175,
operating_income,OperatingIncomeLoss,us-gaap,USD,2022-05-02,2022-07-31,499000000.0,2024,Q2,10-Q,2023-08-28,0001045810-23-000175,CY2022Q2
operating_income,OperatingIncomeLoss,us-gaap,USD,2022-01-31,2022-10-30,2968000000.0,2023,Q3,10-Q,2022-11-18,0001045810-22-000166,
operating_income,OperatingIncomeLoss,us-gaap,USD,2022-08-01,2022-10-30,601000000.0,2023,Q3,10-Q,2022-11-18,0001045810-22-000166,
operating_income,OperatingIncomeLoss,us-gaap,USD,2022-01-31,2022-10-30,2968000000.0,2024,Q3,10-Q,2023-11-21,0001045810-23-000227,
operating_income,OperatingIncomeLoss,us-gaap,USD,2022-08-01,2022-10-30,601000000.0,2024,Q3,10-Q,2023-11-21,0001045810-23-000227,CY2022Q3
operating_income,OperatingIncomeLoss,us-gaap,USD,2022-01-31,2023-01-29,4224000000.0,2023,FY,10-K,2023-02-24,0001045810-23-000017,
operating_income,OperatingIncomeLoss,us-gaap,USD,2022-01-31,2023-01-29,4224000000.0,2024,FY,10-K,2024-02-21,0001045810-24-000029,
operating_income,OperatingIncomeLoss,us-gaap,USD,2022-01-31,2023-01-29,4224000000.0,2025,FY,10-K,2025-02-26,0001045810-25-000023,CY2022
operating_income,OperatingIncomeLoss,us-gaap,USD,2023-01-30,2023-04-30,2140000000.0,2024,Q1,10-Q,2023-05-26,0001045810-23-000093,
operating_income,OperatingIncomeLoss,us-gaap,USD,2023-01-30,2023-04-30,2140000000.0,2025,Q1,10-Q,2024-05-29,0001045810-24-000124,CY2023Q1
operating_income,OperatingIncomeLoss,us-gaap,USD,2023-01-30,2023-07-30,8941000000.0,2024,Q2,10-Q,2023-08-28,0001045810-23-000175,
operating_income,OperatingIncomeLoss,us-gaap,USD,2023-05-01,2023-07-30,6800000000.0,2024,Q2,10-Q,2023-08-28,0001045810-23-000175,
operating_income,OperatingIncomeLoss,us-gaap,USD,2023-01-30,2023-07-30,8941000000.0,2025,Q2,10-Q,2024-08-28,0001045810-24-000264,
operating_income,OperatingIncomeLoss,us-gaap,USD,2023-05-01,2023-07-30,6800000000.0,2025,Q2,10-Q,2024-08-28,0001045810-24-000264,CY2023Q2
operating_income,OperatingIncomeLoss,us-gaap,USD,2023-01-30,2023-10-29,19358000000.0,2024,Q3,10-Q,2023-11-21,0001045810-23-000227,
operating_income,OperatingIncomeLoss,us-gaap,USD,2023-07-31,2023-10-29,10417000000.0,2024,Q3,10-Q,2023-11-21,0001045810-23-000227,
operating_income,OperatingIncomeLoss,us-gaap,USD,2023-01-30,2023-10-29,19358000000.0,2025,Q3,10-Q,2024-11-20,0001045810-24-000316,
operating_income,OperatingIncomeLoss,us-gaap,USD,2023-07-31,2023-10-29,10417000000.0,2025,Q3,10-Q,2024-11-20,0001045810-24-000316,CY2023Q3
operating_income,OperatingIncomeLoss,us-gaap,USD,2023-01-30,2024-01-28,32972000000.0,2024,FY,10-K,2024-02-21,0001045810-24-000029,
operating_income,OperatingIncomeLoss,us-gaap,USD,2023-01-30,2024-01-28,32972000000.0,2025,FY,10-K,2025-02-26,0001045810-25-000023,
operating_income,OperatingIncomeLoss,us-gaap,USD,2023-01-30,2024-01-28,32972000000.0,2026,FY,10-K,2026-02-25,0001045810-26-000021,CY2023
operating_income,OperatingIncomeLoss,us-gaap,USD,2024-01-29,2024-04-28,16909000000.0,2025,Q1,10-Q,2024-05-29,0001045810-24-000124,
operating_income,OperatingIncomeLoss,us-gaap,USD,2024-01-29,2024-04-28,16909000000.0,2026,Q1,10-Q,2025-05-28,0001045810-25-000116,CY2024Q1
operating_income,OperatingIncomeLoss,us-gaap,USD,2024-01-29,2024-07-28,35551000000.0,2025,Q2,10-Q,2024-08-28,0001045810-24-000264,
operating_income,OperatingIncomeLoss,us-gaap,USD,2024-04-29,2024-07-28,18642000000.0,2025,Q2,10-Q,2024-08-28,0001045810-24-000264,
operating_income,OperatingIncomeLoss,us-gaap,USD,2024-01-29,2024-07-28,35551000000.0,2026,Q2,10-Q,2025-08-27,0001045810-25-000209,
operating_income,OperatingIncomeLoss,us-gaap,USD,2024-04-29,2024-07-28,18642000000.0,2026,Q2,10-Q,2025-08-27,0001045810-25-000209,CY2024Q2
operating_income,OperatingIncomeLoss,us-gaap,USD,2024-01-29,2024-10-27,57419000000.0,2025,Q3,10-Q,2024-11-20,0001045810-24-000316,
operating_income,OperatingIncomeLoss,us-gaap,USD,2024-07-29,2024-10-27,21869000000.0,2025,Q3,10-Q,2024-11-20,0001045810-24-000316,
operating_income,OperatingIncomeLoss,us-gaap,USD,2024-01-29,2024-10-27,57419000000.0,2026,Q3,10-Q,2025-11-19,0001045810-25-000230,
operating_income,OperatingIncomeLoss,us-gaap,USD,2024-07-29,2024-10-27,21869000000.0,2026,Q3,10-Q,2025-11-19,0001045810-25-000230,CY2024Q3
operating_income,OperatingIncomeLoss,us-gaap,USD,2024-01-29,2025-01-26,81453000000.0,2025,FY,10-K,2025-02-26,0001045810-25-000023,
operating_income,OperatingIncomeLoss,us-gaap,USD,2024-01-29,2025-01-26,81453000000.0,2026,FY,10-K,2026-02-25,0001045810-26-000021,CY2024
operating_income,OperatingIncomeLoss,us-gaap,USD,2025-01-27,2025-04-27,21638000000.0,2026,Q1,10-Q,2025-05-28,0001045810-25-000116,
operating_income,OperatingIncomeLoss,us-gaap,USD,2025-01-27,2025-04-27,21638000000.0,2027,Q1,10-Q,2026-05-20,0001045810-26-000052,CY2025Q1
operating_income,OperatingIncomeLoss,us-gaap,USD,2025-01-27,2025-07-27,50078000000.0,2026,Q2,10-Q,2025-08-27,0001045810-25-000209,
operating_income,OperatingIncomeLoss,us-gaap,USD,2025-04-28,2025-07-27,28440000000.0,2026,Q2,10-Q,2025-08-27,0001045810-25-000209,
operating_income,OperatingIncomeLoss,us-gaap,USD,2025-01-27,2025-07-27,50078000000.0,2027,Q2,10-Q,2026-08-26,0001045810-26-000075,
operating_income,OperatingIncomeLoss,us-gaap,USD,2025-04-28,2025-07-27,28440000000.0,2027,Q2,10-Q,2026-08-26,0001045810-26-000075,CY2025Q2
operating_income,OperatingIncomeLoss,us-gaap,USD,2025-01-27,2025-10-26,86088000000.0,2026,Q3,10-Q,2025-11-19,0001045810-25-000230,
operating_income,OperatingIncomeLoss,us-gaap,USD,2025-07-28,2025-10-26,36010000000.0,2026,Q3,10-Q,2025-11-19,0001045810-25-000230,CY2025Q3
operating_income,OperatingIncomeLoss,us-gaap,USD,2025-01-27,2026-01-25,130387000000.0,2026,FY,10-K,2026-02-25,0001045810-26-000021,CY2025
operating_income,OperatingIncomeLoss,us-gaap,USD,2026-01-26,2026-04-26,53536000000.0,2027,Q1,10-Q,2026-05-20,0001045810-26-000052,CY2026Q1
operating_income,OperatingIncomeLoss,us-gaap,USD,2026-01-26,2026-07-26,117270000000.0,2027,Q2,10-Q,2026-08-26,0001045810-26-000075,
operating_income,OperatingIncomeLoss,us-gaap,USD,2026-04-27,2026-07-26,63734000000.0,2027,Q2,10-Q,2026-08-26,0001045810-26-000075,CY2026Q2
ppe_net,PropertyPlantAndEquipmentNet,us-gaap,USD,,2009-01-25,625798000.0,2009,Q2,10-Q,2009-08-20,0001045810-09-000024,
ppe_net,PropertyPlantAndEquipmentNet,us-gaap,USD,,2009-01-25,625798000.0,2009,Q3,10-Q,2009-11-19,0001045810-09-000036,
ppe_net,PropertyPlantAndEquipmentNet,us-gaap,USD,,2009-01-25,625798000.0,2010,FY,10-K,2010-03-18,0001045810-10-000006,CY2008Q4I
ppe_net,PropertyPlantAndEquipmentNet,us-gaap,USD,,2009-07-26,582914000.0,2009,Q2,10-Q,2009-08-20,0001045810-09-000024,CY2009Q2I
ppe_net,PropertyPlantAndEquipmentNet,us-gaap,USD,,2009-10-25,565296000.0,2009,Q3,10-Q,2009-11-19,0001045810-09-000036,CY2009Q3I
ppe_net,PropertyPlantAndEquipmentNet,us-gaap,USD,,2010-01-31,571858000.0,2010,FY,10-K,2010-03-18,0001045810-10-000006,
ppe_net,PropertyPlantAndEquipmentNet,us-gaap,USD,,2010-01-31,571858000.0,2010,Q2,10-Q,2010-05-21,0001045810-10-000018,
ppe_net,PropertyPlantAndEquipmentNet,us-gaap,USD,,2010-01-31,571858000.0,2010,Q3,10-Q,2010-08-30,0001045810-10-000029,
ppe_net,PropertyPlantAndEquipmentNet,us-gaap,USD,,2010-01-31,571858000.0,2010,Q3,10-Q,2010-12-07,0001045810-10-000045,
ppe_net,PropertyPlantAndEquipmentNet,us-gaap,USD,,2010-01-31,571858000.0,2010,FY,10-K,2011-03-16,0001045810-11-000015,CY2009Q4I
ppe_net,PropertyPlantAndEquipmentNet,us-gaap,USD,,2010-05-02,548916000.0,2010,Q2,10-Q,2010-05-21,0001045810-10-000018,CY2010Q1I
ppe_net,PropertyPlantAndEquipmentNet,us-gaap,USD,,2010-08-01,542216000.0,2010,Q3,10-Q,2010-08-30,0001045810-10-000029,CY2010Q2I
ppe_net,PropertyPlantAndEquipmentNet,us-gaap,USD,,2010-10-31,585672000.0,2010,Q3,10-Q,2010-12-07,0001045810-10-000045,CY2010Q3I
ppe_net,PropertyPlantAndEquipmentNet,us-gaap,USD,,2011-01-30,568857000.0,2010,FY,10-K,2011-03-16,0001045810-11-000015,
ppe_net,PropertyPlantAndEquipmentNet,us-gaap,USD,,2011-01-30,568857000.0,2011,Q1,10-Q,2011-05-27,0001045810-11-000031,
ppe_net,PropertyPlantAndEquipmentNet,us-gaap,USD,,2011-01-30,568857000.0,2011,Q2,10-Q,2011-08-25,0001045810-11-000046,
ppe_net,PropertyPlantAndEquipmentNet,us-gaap,USD,,2011-01-30,568857000.0,2011,Q3,10-Q,2011-11-22,0001045810-11-000056,
ppe_net,PropertyPlantAndEquipmentNet,us-gaap,USD,,2011-01-30,568857000.0,2011,FY,10-K,2012-03-13,0001045810-12-000013,CY2010Q4I
ppe_net,PropertyPlantAndEquipmentNet,us-gaap,USD,,2011-05-01,553366000.0,2011,Q1,10-Q,2011-05-27,0001045810-11-000031,CY2011Q1I
ppe_net,PropertyPlantAndEquipmentNet,us-gaap,USD,,2011-07-31,550896000.0,2011,Q2,10-Q,2011-08-25,0001045810-11-000046,CY2011Q2I
ppe_net,PropertyPlantAndEquipmentNet,us-gaap,USD,,2011-10-30,551757000.0,2011,Q3,10-Q,2011-11-22,0001045810-11-000056,CY2011Q3I
ppe_net,PropertyPlantAndEquipmentNet,us-gaap,USD,,2012-01-29,560072000.0,2011,FY,10-K,2012-03-13,0001045810-12-000013,
ppe_net,PropertyPlantAndEquipmentNet,us-gaap,USD,,2012-01-29,560072000.0,2012,Q1,10-Q,2012-05-23,0001045810-12-000027,
ppe_net,PropertyPlantAndEquipmentNet,us-gaap,USD,,2012-01-29,560072000.0,2012,Q2,10-Q,2012-08-22,0001045810-12-000036,
ppe_net,PropertyPlantAndEquipmentNet,us-gaap,USD,,2012-01-29,560072000.0,2012,Q3,10-Q,2012-11-19,0001045810-12-000060,
ppe_net,PropertyPlantAndEquipmentNet,us-gaap,USD,,2012-01-29,560072000.0,2012,FY,10-K,2013-03-12,0001045810-13-000008,CY2011Q4I
ppe_net,PropertyPlantAndEquipmentNet,us-gaap,USD,,2012-04-29,553541000.0,2012,Q1,10-Q,2012-05-23,0001045810-12-000027,CY2012Q1I
ppe_net,PropertyPlantAndEquipmentNet,us-gaap,USD,,2012-07-29,574056000.0,2012,Q2,10-Q,2012-08-22,0001045810-12-000036,CY2012Q2I
ppe_net,PropertyPlantAndEquipmentNet,us-gaap,USD,,2012-10-28,566540000.0,2012,Q3,10-Q,2012-11-19,0001045810-12-000060,CY2012Q3I
ppe_net,PropertyPlantAndEquipmentNet,us-gaap,USD,,2013-01-27,576144000.0,2012,FY,10-K,2013-03-12,0001045810-13-000008,
ppe_net,PropertyPlantAndEquipmentNet,us-gaap,USD,,2013-01-27,576144000.0,2013,Q1,10-Q,2013-05-22,0001045810-13-000054,
ppe_net,PropertyPlantAndEquipmentNet,us-gaap,USD,,2013-01-27,576144000.0,2013,Q2,10-Q,2013-08-21,0001045810-13-000075,
ppe_net,PropertyPlantAndEquipmentNet,us-gaap,USD,,2013-01-27,576144000.0,2013,Q3,10-Q,2013-11-19,0001045810-13-000109,
ppe_net,PropertyPlantAndEquipmentNet,us-gaap,USD,,2013-01-27,576144000.0,2013,FY,10-K,2014-03-13,0001045810-14-000030,CY2012Q4I
ppe_net,PropertyPlantAndEquipmentNet,us-gaap,USD,,2013-04-28,588023000.0,2013,Q1,10-Q,2013-05-22,0001045810-13-000054,CY2013Q1I
ppe_net,PropertyPlantAndEquipmentNet,us-gaap,USD,,2013-07-28,578948000.0,2013,Q2,10-Q,2013-08-21,0001045810-13-000075,CY2013Q2I
ppe_net,PropertyPlantAndEquipmentNet,us-gaap,USD,,2013-10-27,595418000.0,2013,Q3,10-Q,2013-11-19,0001045810-13-000109,CY2013Q3I
ppe_net,PropertyPlantAndEquipmentNet,us-gaap,USD,,2014-01-26,582740000.0,2013,FY,10-K,2014-03-13,0001045810-14-000030,
ppe_net,PropertyPlantAndEquipmentNet,us-gaap,USD,,2014-01-26,582740000.0,2014,Q1,10-Q,2014-05-21,0001045810-14-000085,
ppe_net,PropertyPlantAndEquipmentNet,us-gaap,USD,,2014-01-26,582740000.0,2015,Q2,10-Q,2014-08-20,0001045810-14-000158,
ppe_net,PropertyPlantAndEquipmentNet,us-gaap,USD,,2014-01-26,582740000.0,2015,Q3,10-Q,2014-11-19,0001045810-14-000188,
ppe_net,PropertyPlantAndEquipmentNet,us-gaap,USD,,2014-01-26,582740000.0,2015,FY,10-K,2015-03-12,0001045810-15-000036,CY2013Q4I
ppe_net,PropertyPlantAndEquipmentNet,us-gaap,USD,,2014-04-27,570802000.0,2014,Q1,10-Q,2014-05-21,0001045810-14-000085,CY2014Q1I
ppe_net,PropertyPlantAndEquipmentNet,us-gaap,USD,,2014-07-27,556911000.0,2015,Q2,10-Q,2014-08-20,0001045810-14-000158,CY2014Q2I
ppe_net,PropertyPlantAndEquipmentNet,us-gaap,USD,,2014-10-26,566601000.0,2015,Q3,10-Q,2014-11-19,0001045810-14-000188,CY2014Q3I
ppe_net,PropertyPlantAndEquipmentNet,us-gaap,USD,,2015-01-25,557282000.0,2015,FY,10-K,2015-03-12,0001045810-15-000036,
ppe_net,PropertyPlantAndEquipmentNet,us-gaap,USD,,2015-01-25,557000000.0,2016,Q1,10-Q,2015-05-20,0001045810-15-000097,
ppe_net,PropertyPlantAndEquipmentNet,us-gaap,USD,,2015-01-25,557000000.0,2016,Q2,10-Q,2015-08-19,0001045810-15-000143,
ppe_net,PropertyPlantAndEquipmentNet,us-gaap,USD,,2015-01-25,557000000.0,2016,Q3,10-Q,2015-11-18,0001045810-15-000173,
ppe_net,PropertyPlantAndEquipmentNet,us-gaap,USD,,2015-01-25,557000000.0,2016,FY,10-K,2016-03-17,0001045810-16-000205,CY2014Q4I
ppe_net,PropertyPlantAndEquipmentNet,us-gaap,USD,,2015-04-26,547000000.0,2016,Q1,10-Q,2015-05-20,0001045810-15-000097,CY2015Q1I
ppe_net,PropertyPlantAndEquipmentNet,us-gaap,USD,,2015-07-26,497000000.0,2016,Q2,10-Q,2015-08-19,0001045810-15-000143,CY2015Q2I
ppe_net,PropertyPlantAndEquipmentNet,us-gaap,USD,,2015-10-25,477000000.0,2016,Q3,10-Q,2015-11-18,0001045810-15-000173,CY2015Q3I
ppe_net,PropertyPlantAndEquipmentNet,us-gaap,USD,,2016-01-31,466000000.0,2016,FY,10-K,2016-03-17,0001045810-16-000205,
ppe_net,PropertyPlantAndEquipmentNet,us-gaap,USD,,2016-01-31,466000000.0,2017,Q1,10-Q,2016-05-25,0001045810-16-000275,
ppe_net,PropertyPlantAndEquipmentNet,us-gaap,USD,,2016-01-31,466000000.0,2017,Q2,10-Q,2016-08-23,0001045810-16-000300,
ppe_net,PropertyPlantAndEquipmentNet,us-gaap,USD,,2016-01-31,466000000.0,2017,Q3,10-Q,2016-11-22,0001045810-16-000353,
ppe_net,PropertyPlantAndEquipmentNet,us-gaap,USD,,2016-01-31,466000000.0,2017,FY,10-K,2017-03-01,0001045810-17-000027,CY2015Q4I
ppe_net,PropertyPlantAndEquipmentNet,us-gaap,USD,,2016-05-01,479000000.0,2017,Q1,10-Q,2016-05-25,0001045810-16-000275,CY2016Q1I
ppe_net,PropertyPlantAndEquipmentNet,us-gaap,USD,,2016-07-31,485000000.0,2017,Q2,10-Q,2016-08-23,0001045810-16-000300,CY2016Q2I
ppe_net,PropertyPlantAndEquipmentNet,us-gaap,USD,,2016-10-30,503000000.0,2017,Q3,10-Q,2016-11-22,0001045810-16-000353,CY2016Q3I
ppe_net,PropertyPlantAndEquipmentNet,us-gaap,USD,,2017-01-29,521000000.0,2017,FY,10-K,2017-03-01,0001045810-17-000027,
ppe_net,PropertyPlantAndEquipmentNet,us-gaap,USD,,2017-01-29,521000000.0,2018,Q1,10-Q,2017-05-23,0001045810-17-000075,
ppe_net,PropertyPlantAndEquipmentNet,us-gaap,USD,,2017-01-29,521000000.0,2018,Q2,10-Q,2017-08-23,0001045810-17-000123,
ppe_net,PropertyPlantAndEquipmentNet,us-gaap,USD,,2017-01-29,521000000.0,2018,Q3,10-Q,2017-11-21,0001045810-17-000172,
ppe_net,PropertyPlantAndEquipmentNet,us-gaap,USD,,2017-01-29,521000000.0,2018,FY,10-K,2018-02-28,0001045810-18-000010,CY2016Q4I
ppe_net,PropertyPlantAndEquipmentNet,us-gaap,USD,,2017-04-30,539000000.0,2018,Q1,10-Q,2017-05-23,0001045810-17-000075,CY2017Q1I
ppe_net,PropertyPlantAndEquipmentNet,us-gaap,USD,,2017-07-30,578000000.0,2018,Q2,10-Q,2017-08-23,0001045810-17-000123,CY2017Q2I
ppe_net,PropertyPlantAndEquipmentNet,us-gaap,USD,,2017-10-29,600000000.0,2018,Q3,10-Q,2017-11-21,0001045810-17-000172,CY2017Q3I
ppe_net,PropertyPlantAndEquipmentNet,us-gaap,USD,,2018-01-28,997000000.0,2018,FY,10-K,2018-02-28,0001045810-18-000010,
ppe_net,PropertyPlantAndEquipmentNet,us-gaap,USD,,2018-01-28,997000000.0,2019,Q1,10-Q,2018-05-22,0001045810-18-000080,
ppe_net,PropertyPlantAndEquipmentNet,us-gaap,USD,,2018-01-28,997000000.0,2019,Q2,10-Q,2018-08-16,0001045810-18-000114,
ppe_net,PropertyPlantAndEquipmentNet,us-gaap,USD,,2018-01-28,997000000.0,2019,Q3,10-Q,2018-11-15,0001045810-18-000150,
ppe_net,PropertyPlantAndEquipmentNet,us-gaap,USD,,2018-01-28,997000000.0,2019,FY,10-K,2019-02-21,0001045810-19-000023,CY2017Q4I
ppe_net,PropertyPlantAndEquipmentNet,us-gaap,USD,,2018-04-29,1066000000.0,2019,Q1,10-Q,2018-05-22,0001045810-18-000080,CY2018Q1I
ppe_net,PropertyPlantAndEquipmentNet,us-gaap,USD,,2018-07-29,1162000000.0,2019,Q2,10-Q,2018-08-16,0001045810-18-000114,CY2018Q2I
ppe_net,PropertyPlantAndEquipmentNet,us-gaap,USD,,2018-10-28,1292000000.0,2019,Q3,10-Q,2018-11-15,0001045810-18-000150,CY2018Q3I
ppe_net,PropertyPlantAndEquipmentNet,us-gaap,USD,,2019-01-27,1404000000.0,2019,FY,10-K,2019-02-21,0001045810-19-000023,
ppe_net,PropertyPlantAndEquipmentNet,us-gaap,USD,,2019-01-27,1404000000.0,2020,Q1,10-Q,2019-05-16,0001045810-19-000079,
ppe_net,PropertyPlantAndEquipmentNet,us-gaap,USD,,2019-01-27,1404000000.0,2020,Q2,10-Q,2019-08-15,0001045810-19-000144,
ppe_net,PropertyPlantAndEquipmentNet,us-gaap,USD,,2019-01-27,1404000000.0,2020,Q3,10-Q,2019-11-14,0001045810-19-000170,
ppe_net,PropertyPlantAndEquipmentNet,us-gaap,USD,,2019-01-27,1404000000.0,2020,FY,10-K,2020-02-20,0001045810-20-000010,CY2018Q4I
ppe_net,PropertyPlantAndEquipmentNet,us-gaap,USD,,2019-04-28,1473000000.0,2020,Q1,10-Q,2019-05-16,0001045810-19-000079,CY2019Q1I
ppe_net,PropertyPlantAndEquipmentNet,us-gaap,USD,,2019-07-28,1484000000.0,2020,Q2,10-Q,2019-08-15,0001045810-19-000144,CY2019Q2I
ppe_net,PropertyPlantAndEquipmentNet,us-gaap,USD,,2019-10-27,1517000000.0,2020,Q3,10-Q,2019-11-14,0001045810-19-000170,CY2019Q3I
ppe_net,PropertyPlantAndEquipmentNet,us-gaap,USD,,2020-01-26,1674000000.0,2020,FY,10-K,2020-02-20,0001045810-20-000010,
ppe_net,PropertyPlantAndEquipmentNet,us-gaap,USD,,2020-01-26,1674000000.0,2020,Q1,10-Q,2020-05-21,0001045810-20-000065,
ppe_net,PropertyPlantAndEquipmentNet,us-gaap,USD,,2020-01-26,1674000000.0,2020,Q2,10-Q,2020-08-19,0001045810-20-000147,
ppe_net,PropertyPlantAndEquipmentNet,us-gaap,USD,,2020-01-26,1674000000.0,2021,Q3,10-Q,2020-11-18,0001045810-20-000189,
ppe_net,PropertyPlantAndEquipmentNet,us-gaap,USD,,2020-01-26,1674000000.0,2021,FY,10-K,2021-02-26,0001045810-21-000010,CY2019Q4I
ppe_net,PropertyPlantAndEquipmentNet,us-gaap,USD,,2020-04-26,1715000000.0,2020,Q1,10-Q,2020-05-21,0001045810-20-000065,CY2020Q1I
ppe_net,PropertyPlantAndEquipmentNet,us-gaap,USD,,2020-07-26,1964000000.0,2020,Q2,10-Q,2020-08-19,0001045810-20-000147,CY2020Q2I
ppe_net,PropertyPlantAndEquipmentNet,us-gaap,USD,,2020-10-25,2059000000.0,2021,Q3,10-Q,2020-11-18,0001045810-20-000189,CY2020Q3I
ppe_net,PropertyPlantAndEquipmentNet,us-gaap,USD,,2021-01-31,2149000000.0,2021,FY,10-K,2021-02-26,0001045810-21-000010,
ppe_net,PropertyPlantAndEquipmentNet,us-gaap,USD,,2021-01-31,2149000000.0,2022,Q1,10-Q,2021-05-26,0001045810-21-000064,
ppe_net,PropertyPlantAndEquipmentNet,us-gaap,USD,,2021-01-31,2149000000.0,2022,Q2,10-Q,2021-08-20,0001045810-21-000131,
ppe_net,PropertyPlantAndEquipmentNet,us-gaap,USD,,2021-01-31,2149000000.0,2022,Q3,10-Q,2021-11-22,0001045810-21-000163,
ppe_net,PropertyPlantAndEquipmentNet,us-gaap,USD,,2021-01-31,2149000000.0,2022,FY,10-K,2022-03-18,0001045810-22-000036,CY2020Q4I
ppe_net,PropertyPlantAndEquipmentNet,us-gaap,USD,,2021-05-02,2268000000.0,2022,Q1,10-Q,2021-05-26,0001045810-21-000064,CY2021Q1I
ppe_net,PropertyPlantAndEquipmentNet,us-gaap,USD,,2021-08-01,2364000000.0,2022,Q2,10-Q,2021-08-20,0001045810-21-000131,CY2021Q2I
ppe_net,PropertyPlantAndEquipmentNet,us-gaap,USD,,2021-10-31,2509000000.0,2022,Q3,10-Q,2021-11-22,0001045810-21-000163,CY2021Q3I
ppe_net,PropertyPlantAndEquipmentNet,us-gaap,USD,,2022-01-30,2778000000.0,2022,FY,10-K,2022-03-18,0001045810-22-000036,
ppe_net,PropertyPlantAndEquipmentNet,us-gaap,USD,,2022-01-30,2778000000.0,2023,Q1,10-Q,2022-05-27,0001045810-22-000079,
ppe_net,PropertyPlantAndEquipmentNet,us-gaap,USD,,2022-01-30,2778000000.0,2023,Q2,10-Q,2022-08-31,0001045810-22-000147,
ppe_net,PropertyPlantAndEquipmentNet,us-gaap,USD,,2022-01-30,2778000000.0,2023,Q3,10-Q,2022-11-18,0001045810-22-000166,
ppe_net,PropertyPlantAndEquipmentNet,us-gaap,USD,,2022-01-30,2778000000.0,2023,FY,10-K,2023-02-24,0001045810-23-000017,CY2021Q4I
ppe_net,PropertyPlantAndEquipmentNet,us-gaap,USD,,2022-05-01,2916000000.0,2023,Q1,10-Q,2022-05-27,0001045810-22-000079,CY2022Q1I
ppe_net,PropertyPlantAndEquipmentNet,us-gaap,USD,,2022-07-31,3233000000.0,2023,Q2,10-Q,2022-08-31,0001045810-22-000147,CY2022Q2I
ppe_net,PropertyPlantAndEquipmentNet,us-gaap,USD,,2022-10-30,3774000000.0,2023,Q3,10-Q,2022-11-18,0001045810-22-000166,CY2022Q3I
ppe_net,PropertyPlantAndEquipmentNet,us-gaap,USD,,2023-01-29,3807000000.0,2023,FY,10-K,2023-02-24,0001045810-23-000017,
ppe_net,PropertyPlantAndEquipmentNet,us-gaap,USD,,2023-01-29,3807000000.0,2024,Q1,10-Q,2023-05-26,0001045810-23-000093,
ppe_net,PropertyPlantAndEquipmentNet,us-gaap,USD,,2023-01-29,3807000000.0,2024,Q2,10-Q,2023-08-28,0001045810-23-000175,
ppe_net,PropertyPlantAndEquipmentNet,us-gaap,USD,,2023-01-29,3807000000.0,2024,Q3,10-Q,2023-11-21,0001045810-23-000227,
ppe_net,PropertyPlantAndEquipmentNet,us-gaap,USD,,2023-01-29,3807000000.0,2024,FY,10-K,2024-02-21,0001045810-24-000029,CY2022Q4I
ppe_net,PropertyPlantAndEquipmentNet,us-gaap,USD,,2023-04-30,3740000000.0,2024,Q1,10-Q,2023-05-26,0001045810-23-000093,CY2023Q1I
ppe_net,PropertyPlantAndEquipmentNet,us-gaap,USD,,2023-07-30,3799000000.0,2024,Q2,10-Q,2023-08-28,0001045810-23-000175,CY2023Q2I
ppe_net,PropertyPlantAndEquipmentNet,us-gaap,USD,,2023-10-29,3844000000.0,2024,Q3,10-Q,2023-11-21,0001045810-23-000227,CY2023Q3I
ppe_net,PropertyPlantAndEquipmentNet,us-gaap,USD,,2024-01-28,3914000000.0,2024,FY,10-K,2024-02-21,0001045810-24-000029,
ppe_net,PropertyPlantAndEquipmentNet,us-gaap,USD,,2024-01-28,3914000000.0,2025,Q1,10-Q,2024-05-29,0001045810-24-000124,
ppe_net,PropertyPlantAndEquipmentNet,us-gaap,USD,,2024-01-28,3914000000.0,2025,Q2,10-Q,2024-08-28,0001045810-24-000264,
ppe_net,PropertyPlantAndEquipmentNet,us-gaap,USD,,2024-01-28,3914000000.0,2025,Q3,10-Q,2024-11-20,0001045810-24-000316,
ppe_net,PropertyPlantAndEquipmentNet,us-gaap,USD,,2024-01-28,3914000000.0,2025,FY,10-K,2025-02-26,0001045810-25-000023,CY2023Q4I
ppe_net,PropertyPlantAndEquipmentNet,us-gaap,USD,,2024-04-28,4006000000.0,2025,Q1,10-Q,2024-05-29,0001045810-24-000124,CY2024Q1I
ppe_net,PropertyPlantAndEquipmentNet,us-gaap,USD,,2024-07-28,4885000000.0,2025,Q2,10-Q,2024-08-28,0001045810-24-000264,CY2024Q2I
ppe_net,PropertyPlantAndEquipmentNet,us-gaap,USD,,2024-10-27,5343000000.0,2025,Q3,10-Q,2024-11-20,0001045810-24-000316,CY2024Q3I
ppe_net,PropertyPlantAndEquipmentNet,us-gaap,USD,,2025-01-26,6283000000.0,2025,FY,10-K,2025-02-26,0001045810-25-000023,
ppe_net,PropertyPlantAndEquipmentNet,us-gaap,USD,,2025-01-26,6283000000.0,2026,Q1,10-Q,2025-05-28,0001045810-25-000116,
ppe_net,PropertyPlantAndEquipmentNet,us-gaap,USD,,2025-01-26,6283000000.0,2026,Q2,10-Q,2025-08-27,0001045810-25-000209,
ppe_net,PropertyPlantAndEquipmentNet,us-gaap,USD,,2025-01-26,6283000000.0,2026,Q3,10-Q,2025-11-19,0001045810-25-000230,
ppe_net,PropertyPlantAndEquipmentNet,us-gaap,USD,,2025-01-26,6283000000.0,2026,FY,10-K,2026-02-25,0001045810-26-000021,CY2024Q4I
ppe_net,PropertyPlantAndEquipmentNet,us-gaap,USD,,2025-04-27,7136000000.0,2026,Q1,10-Q,2025-05-28,0001045810-25-000116,CY2025Q1I
ppe_net,PropertyPlantAndEquipmentNet,us-gaap,USD,,2025-07-27,9141000000.0,2026,Q2,10-Q,2025-08-27,0001045810-25-000209,CY2025Q2I
ppe_net,PropertyPlantAndEquipmentNet,us-gaap,USD,,2025-10-26,9780000000.0,2026,Q3,10-Q,2025-11-19,0001045810-25-000230,CY2025Q3I
ppe_net,PropertyPlantAndEquipmentNet,us-gaap,USD,,2026-01-25,10383000000.0,2026,FY,10-K,2026-02-25,0001045810-26-000021,
ppe_net,PropertyPlantAndEquipmentNet,us-gaap,USD,,2026-01-25,10383000000.0,2027,Q1,10-Q,2026-05-20,0001045810-26-000052,
ppe_net,PropertyPlantAndEquipmentNet,us-gaap,USD,,2026-01-25,10383000000.0,2027,Q2,10-Q,2026-08-26,0001045810-26-000075,CY2025Q4I
ppe_net,PropertyPlantAndEquipmentNet,us-gaap,USD,,2026-04-26,12403000000.0,2027,Q1,10-Q,2026-05-20,0001045810-26-000052,CY2026Q1I
ppe_net,PropertyPlantAndEquipmentNet,us-gaap,USD,,2026-07-26,14285000000.0,2027,Q2,10-Q,2026-08-26,0001045810-26-000075,CY2026Q2I
receivables,AccountsReceivableNetCurrent,us-gaap,USD,,2009-01-25,318435000.0,2009,Q2,10-Q,2009-08-20,0001045810-09-000024,
receivables,AccountsReceivableNetCurrent,us-gaap,USD,,2009-01-25,318435000.0,2009,Q3,10-Q,2009-11-19,0001045810-09-000036,
receivables,AccountsReceivableNetCurrent,us-gaap,USD,,2009-01-25,318435000.0,2010,FY,10-K,2010-03-18,0001045810-10-000006,CY2008Q4I
receivables,AccountsReceivableNetCurrent,us-gaap,USD,,2009-07-26,351960000.0,2009,Q2,10-Q,2009-08-20,0001045810-09-000024,CY2009Q2I
receivables,AccountsReceivableNetCurrent,us-gaap,USD,,2009-10-25,397820000.0,2009,Q3,10-Q,2009-11-19,0001045810-09-000036,CY2009Q3I
receivables,AccountsReceivableNetCurrent,us-gaap,USD,,2010-01-31,374963000.0,2010,FY,10-K,2010-03-18,0001045810-10-000006,
receivables,AccountsReceivableNetCurrent,us-gaap,USD,,2010-01-31,374963000.0,2010,Q2,10-Q,2010-05-21,0001045810-10-000018,
receivables,AccountsReceivableNetCurrent,us-gaap,USD,,2010-01-31,374963000.0,2010,Q3,10-Q,2010-08-30,0001045810-10-000029,
receivables,AccountsReceivableNetCurrent,us-gaap,USD,,2010-01-31,374963000.0,2010,Q3,10-Q,2010-12-07,0001045810-10-000045,
receivables,AccountsReceivableNetCurrent,us-gaap,USD,,2010-01-31,374963000.0,2010,FY,10-K,2011-03-16,0001045810-11-000015,CY2009Q4I
receivables,AccountsReceivableNetCurrent,us-gaap,USD,,2010-05-02,529663000.0,2010,Q2,10-Q,2010-05-21,0001045810-10-000018,CY2010Q1I
receivables,AccountsReceivableNetCurrent,us-gaap,USD,,2010-08-01,395934000.0,2010,Q3,10-Q,2010-08-30,0001045810-10-000029,CY2010Q2I
receivables,AccountsReceivableNetCurrent,us-gaap,USD,,2010-10-31,399502000.0,2010,Q3,10-Q,2010-12-07,0001045810-10-000045,CY2010Q3I
receivables,AccountsReceivableNetCurrent,us-gaap,USD,,2011-01-30,348770000.0,2010,FY,10-K,2011-03-16,0001045810-11-000015,
receivables,AccountsReceivableNetCurrent,us-gaap,USD,,2011-01-30,348770000.0,2011,Q1,10-Q,2011-05-27,0001045810-11-000031,
receivables,AccountsReceivableNetCurrent,us-gaap,USD,,2011-01-30,348770000.0,2011,Q2,10-Q,2011-08-25,0001045810-11-000046,
receivables,AccountsReceivableNetCurrent,us-gaap,USD,,2011-01-30,348770000.0,2011,Q3,10-Q,2011-11-22,0001045810-11-000056,
receivables,AccountsReceivableNetCurrent,us-gaap,USD,,2011-01-30,348770000.0,2011,FY,10-K,2012-03-13,0001045810-12-000013,CY2010Q4I
receivables,AccountsReceivableNetCurrent,us-gaap,USD,,2011-05-01,343202000.0,2011,Q1,10-Q,2011-05-27,0001045810-11-000031,CY2011Q1I
receivables,AccountsReceivableNetCurrent,us-gaap,USD,,2011-07-31,419944000.0,2011,Q2,10-Q,2011-08-25,0001045810-11-000046,CY2011Q2I
receivables,AccountsReceivableNetCurrent,us-gaap,USD,,2011-10-30,371261000.0,2011,Q3,10-Q,2011-11-22,0001045810-11-000056,CY2011Q3I
receivables,AccountsReceivableNetCurrent,us-gaap,USD,,2012-01-29,336143000.0,2011,FY,10-K,2012-03-13,0001045810-12-000013,
receivables,AccountsReceivableNetCurrent,us-gaap,USD,,2012-01-29,336143000.0,2012,Q1,10-Q,2012-05-23,0001045810-12-000027,
receivables,AccountsReceivableNetCurrent,us-gaap,USD,,2012-01-29,336143000.0,2012,Q2,10-Q,2012-08-22,0001045810-12-000036,
receivables,AccountsReceivableNetCurrent,us-gaap,USD,,2012-01-29,336143000.0,2012,Q3,10-Q,2012-11-19,0001045810-12-000060,
receivables,AccountsReceivableNetCurrent,us-gaap,USD,,2012-01-29,336143000.0,2012,FY,10-K,2013-03-12,0001045810-13-000008,CY2011Q4I
receivables,AccountsReceivableNetCurrent,us-gaap,USD,,2012-04-29,411155000.0,2012,Q1,10-Q,2012-05-23,0001045810-12-000027,CY2012Q1I
receivables,AccountsReceivableNetCurrent,us-gaap,USD,,2012-07-29,445312000.0,2012,Q2,10-Q,2012-08-22,0001045810-12-000036,CY2012Q2I
receivables,AccountsReceivableNetCurrent,us-gaap,USD,,2012-10-28,444944000.0,2012,Q3,10-Q,2012-11-19,0001045810-12-000060,CY2012Q3I
receivables,AccountsReceivableNetCurrent,us-gaap,USD,,2013-01-27,454252000.0,2012,FY,10-K,2013-03-12,0001045810-13-000008,
receivables,AccountsReceivableNetCurrent,us-gaap,USD,,2013-01-27,454252000.0,2013,Q1,10-Q,2013-05-22,0001045810-13-000054,
receivables,AccountsReceivableNetCurrent,us-gaap,USD,,2013-01-27,454252000.0,2013,Q2,10-Q,2013-08-21,0001045810-13-000075,
receivables,AccountsReceivableNetCurrent,us-gaap,USD,,2013-01-27,454252000.0,2013,Q3,10-Q,2013-11-19,0001045810-13-000109,
receivables,AccountsReceivableNetCurrent,us-gaap,USD,,2013-01-27,454252000.0,2013,FY,10-K,2014-03-13,0001045810-14-000030,CY2012Q4I
receivables,AccountsReceivableNetCurrent,us-gaap,USD,,2013-04-28,346998000.0,2013,Q1,10-Q,2013-05-22,0001045810-13-000054,CY2013Q1I
receivables,AccountsReceivableNetCurrent,us-gaap,USD,,2013-07-28,418123000.0,2013,Q2,10-Q,2013-08-21,0001045810-13-000075,CY2013Q2I
receivables,AccountsReceivableNetCurrent,us-gaap,USD,,2013-10-27,447631000.0,2013,Q3,10-Q,2013-11-19,0001045810-13-000109,CY2013Q3I
receivables,AccountsReceivableNetCurrent,us-gaap,USD,,2014-01-26,426357000.0,2013,FY,10-K,2014-03-13,0001045810-14-000030,
receivables,AccountsReceivableNetCurrent,us-gaap,USD,,2014-01-26,426357000.0,2014,Q1,10-Q,2014-05-21,0001045810-14-000085,
receivables,AccountsReceivableNetCurrent,us-gaap,USD,,2014-01-26,426357000.0,2015,Q2,10-Q,2014-08-20,0001045810-14-000158,
receivables,AccountsReceivableNetCurrent,us-gaap,USD,,2014-01-26,426357000.0,2015,Q3,10-Q,2014-11-19,0001045810-14-000188,
receivables,AccountsReceivableNetCurrent,us-gaap,USD,,2014-01-26,426357000.0,2015,FY,10-K,2015-03-12,0001045810-15-000036,CY2013Q4I
receivables,AccountsReceivableNetCurrent,us-gaap,USD,,2014-04-27,396438000.0,2014,Q1,10-Q,2014-05-21,0001045810-14-000085,CY2014Q1I
receivables,AccountsReceivableNetCurrent,us-gaap,USD,,2014-07-27,469625000.0,2015,Q2,10-Q,2014-08-20,0001045810-14-000158,CY2014Q2I
receivables,AccountsReceivableNetCurrent,us-gaap,USD,,2014-10-26,563400000.0,2015,Q3,10-Q,2014-11-19,0001045810-14-000188,CY2014Q3I
receivables,AccountsReceivableNetCurrent,us-gaap,USD,,2015-01-25,473637000.0,2015,FY,10-K,2015-03-12,0001045810-15-000036,
receivables,AccountsReceivableNetCurrent,us-gaap,USD,,2015-01-25,474000000.0,2016,Q1,10-Q,2015-05-20,0001045810-15-000097,
receivables,AccountsReceivableNetCurrent,us-gaap,USD,,2015-01-25,474000000.0,2016,Q2,10-Q,2015-08-19,0001045810-15-000143,
receivables,AccountsReceivableNetCurrent,us-gaap,USD,,2015-01-25,474000000.0,2016,Q3,10-Q,2015-11-18,0001045810-15-000173,
receivables,AccountsReceivableNetCurrent,us-gaap,USD,,2015-01-25,474000000.0,2016,FY,10-K,2016-03-17,0001045810-16-000205,CY2014Q4I
receivables,AccountsReceivableNetCurrent,us-gaap,USD,,2015-04-26,455000000.0,2016,Q1,10-Q,2015-05-20,0001045810-15-000097,CY2015Q1I
receivables,AccountsReceivableNetCurrent,us-gaap,USD,,2015-07-26,514000000.0,2016,Q2,10-Q,2015-08-19,0001045810-15-000143,CY2015Q2I
receivables,AccountsReceivableNetCurrent,us-gaap,USD,,2015-10-25,536000000.0,2016,Q3,10-Q,2015-11-18,0001045810-15-000173,CY2015Q3I
receivables,AccountsReceivableNetCurrent,us-gaap,USD,,2016-01-31,505000000.0,2016,FY,10-K,2016-03-17,0001045810-16-000205,
receivables,AccountsReceivableNetCurrent,us-gaap,USD,,2016-01-31,505000000.0,2017,Q1,10-Q,2016-05-25,0001045810-16-000275,
receivables,AccountsReceivableNetCurrent,us-gaap,USD,,2016-01-31,505000000.0,2017,Q2,10-Q,2016-08-23,0001045810-16-000300,
receivables,AccountsReceivableNetCurrent,us-gaap,USD,,2016-01-31,505000000.0,2017,Q3,10-Q,2016-11-22,0001045810-16-000353,
receivables,AccountsReceivableNetCurrent,us-gaap,USD,,2016-01-31,505000000.0,2017,FY,10-K,2017-03-01,0001045810-17-000027,CY2015Q4I
receivables,AccountsReceivableNetCurrent,us-gaap,USD,,2016-05-01,523000000.0,2017,Q1,10-Q,2016-05-25,0001045810-16-000275,CY2016Q1I
receivables,AccountsReceivableNetCurrent,us-gaap,USD,,2016-07-31,644000000.0,2017,Q2,10-Q,2016-08-23,0001045810-16-000300,CY2016Q2I
receivables,AccountsReceivableNetCurrent,us-gaap,USD,,2016-10-30,833000000.0,2017,Q3,10-Q,2016-11-22,0001045810-16-000353,CY2016Q3I
receivables,AccountsReceivableNetCurrent,us-gaap,USD,,2017-01-29,826000000.0,2017,FY,10-K,2017-03-01,0001045810-17-000027,
receivables,AccountsReceivableNetCurrent,us-gaap,USD,,2017-01-29,826000000.0,2018,Q1,10-Q,2017-05-23,0001045810-17-000075,
receivables,AccountsReceivableNetCurrent,us-gaap,USD,,2017-01-29,826000000.0,2018,Q2,10-Q,2017-08-23,0001045810-17-000123,
receivables,AccountsReceivableNetCurrent,us-gaap,USD,,2017-01-29,826000000.0,2018,Q3,10-Q,2017-11-21,0001045810-17-000172,
receivables,AccountsReceivableNetCurrent,us-gaap,USD,,2017-01-29,826000000.0,2018,FY,10-K,2018-02-28,0001045810-18-000010,CY2016Q4I
receivables,AccountsReceivableNetCurrent,us-gaap,USD,,2017-04-30,976000000.0,2018,Q1,10-Q,2017-05-23,0001045810-17-000075,CY2017Q1I
receivables,AccountsReceivableNetCurrent,us-gaap,USD,,2017-07-30,1213000000.0,2018,Q2,10-Q,2017-08-23,0001045810-17-000123,CY2017Q2I
receivables,AccountsReceivableNetCurrent,us-gaap,USD,,2017-10-29,1167000000.0,2018,Q3,10-Q,2017-11-21,0001045810-17-000172,CY2017Q3I
receivables,AccountsReceivableNetCurrent,us-gaap,USD,,2018-01-28,1265000000.0,2018,FY,10-K,2018-02-28,0001045810-18-000010,
receivables,AccountsReceivableNetCurrent,us-gaap,USD,,2018-01-28,1265000000.0,2019,Q1,10-Q,2018-05-22,0001045810-18-000080,
receivables,AccountsReceivableNetCurrent,us-gaap,USD,,2018-01-28,1265000000.0,2019,Q2,10-Q,2018-08-16,0001045810-18-000114,
receivables,AccountsReceivableNetCurrent,us-gaap,USD,,2018-01-28,1265000000.0,2019,Q3,10-Q,2018-11-15,0001045810-18-000150,
receivables,AccountsReceivableNetCurrent,us-gaap,USD,,2018-01-28,1265000000.0,2019,FY,10-K,2019-02-21,0001045810-19-000023,CY2017Q4I
receivables,AccountsReceivableNetCurrent,us-gaap,USD,,2018-04-29,1220000000.0,2019,Q1,10-Q,2018-05-22,0001045810-18-000080,CY2018Q1I
receivables,AccountsReceivableNetCurrent,us-gaap,USD,,2018-07-29,1662000000.0,2019,Q2,10-Q,2018-08-16,0001045810-18-000114,CY2018Q2I
receivables,AccountsReceivableNetCurrent,us-gaap,USD,,2018-10-28,2219000000.0,2019,Q3,10-Q,2018-11-15,0001045810-18-000150,CY2018Q3I
receivables,AccountsReceivableNetCurrent,us-gaap,USD,,2019-01-27,1424000000.0,2019,FY,10-K,2019-02-21,0001045810-19-000023,
receivables,AccountsReceivableNetCurrent,us-gaap,USD,,2019-01-27,1424000000.0,2020,Q1,10-Q,2019-05-16,0001045810-19-000079,
receivables,AccountsReceivableNetCurrent,us-gaap,USD,,2019-01-27,1424000000.0,2020,Q2,10-Q,2019-08-15,0001045810-19-000144,
receivables,AccountsReceivableNetCurrent,us-gaap,USD,,2019-01-27,1424000000.0,2020,Q3,10-Q,2019-11-14,0001045810-19-000170,
receivables,AccountsReceivableNetCurrent,us-gaap,USD,,2019-01-27,1424000000.0,2020,FY,10-K,2020-02-20,0001045810-20-000010,CY2018Q4I
receivables,AccountsReceivableNetCurrent,us-gaap,USD,,2019-04-28,1242000000.0,2020,Q1,10-Q,2019-05-16,0001045810-19-000079,CY2019Q1I
receivables,AccountsReceivableNetCurrent,us-gaap,USD,,2019-07-28,1561000000.0,2020,Q2,10-Q,2019-08-15,0001045810-19-000144,CY2019Q2I
receivables,AccountsReceivableNetCurrent,us-gaap,USD,,2019-10-27,1455000000.0,2020,Q3,10-Q,2019-11-14,0001045810-19-000170,CY2019Q3I
receivables,AccountsReceivableNetCurrent,us-gaap,USD,,2020-01-26,1657000000.0,2020,FY,10-K,2020-02-20,0001045810-20-000010,
receivables,AccountsReceivableNetCurrent,us-gaap,USD,,2020-01-26,1657000000.0,2020,Q1,10-Q,2020-05-21,0001045810-20-000065,
receivables,AccountsReceivableNetCurrent,us-gaap,USD,,2020-01-26,1657000000.0,2020,Q2,10-Q,2020-08-19,0001045810-20-000147,
receivables,AccountsReceivableNetCurrent,us-gaap,USD,,2020-01-26,1657000000.0,2021,Q3,10-Q,2020-11-18,0001045810-20-000189,
receivables,AccountsReceivableNetCurrent,us-gaap,USD,,2020-01-26,1657000000.0,2021,FY,10-K,2021-02-26,0001045810-21-000010,CY2019Q4I
receivables,AccountsReceivableNetCurrent,us-gaap,USD,,2020-04-26,1907000000.0,2020,Q1,10-Q,2020-05-21,0001045810-20-000065,CY2020Q1I
receivables,AccountsReceivableNetCurrent,us-gaap,USD,,2020-07-26,2084000000.0,2020,Q2,10-Q,2020-08-19,0001045810-20-000147,CY2020Q2I
receivables,AccountsReceivableNetCurrent,us-gaap,USD,,2020-10-25,2546000000.0,2021,Q3,10-Q,2020-11-18,0001045810-20-000189,CY2020Q3I
receivables,AccountsReceivableNetCurrent,us-gaap,USD,,2021-01-31,2429000000.0,2021,FY,10-K,2021-02-26,0001045810-21-000010,
receivables,AccountsReceivableNetCurrent,us-gaap,USD,,2021-01-31,2429000000.0,2022,Q1,10-Q,2021-05-26,0001045810-21-000064,
receivables,AccountsReceivableNetCurrent,us-gaap,USD,,2021-01-31,2429000000.0,2022,Q2,10-Q,2021-08-20,0001045810-21-000131,
receivables,AccountsReceivableNetCurrent,us-gaap,USD,,2021-01-31,2429000000.0,2022,Q3,10-Q,2021-11-22,0001045810-21-000163,
receivables,AccountsReceivableNetCurrent,us-gaap,USD,,2021-01-31,2429000000.0,2022,FY,10-K,2022-03-18,0001045810-22-000036,CY2020Q4I
receivables,AccountsReceivableNetCurrent,us-gaap,USD,,2021-05-02,3024000000.0,2022,Q1,10-Q,2021-05-26,0001045810-21-000064,CY2021Q1I
receivables,AccountsReceivableNetCurrent,us-gaap,USD,,2021-08-01,3586000000.0,2022,Q2,10-Q,2021-08-20,0001045810-21-000131,CY2021Q2I
receivables,AccountsReceivableNetCurrent,us-gaap,USD,,2021-10-31,3954000000.0,2022,Q3,10-Q,2021-11-22,0001045810-21-000163,CY2021Q3I
receivables,AccountsReceivableNetCurrent,us-gaap,USD,,2022-01-30,4650000000.0,2022,FY,10-K,2022-03-18,0001045810-22-000036,
receivables,AccountsReceivableNetCurrent,us-gaap,USD,,2022-01-30,4650000000.0,2023,Q1,10-Q,2022-05-27,0001045810-22-000079,
receivables,AccountsReceivableNetCurrent,us-gaap,USD,,2022-01-30,4650000000.0,2023,Q2,10-Q,2022-08-31,0001045810-22-000147,
receivables,AccountsReceivableNetCurrent,us-gaap,USD,,2022-01-30,4650000000.0,2023,Q3,10-Q,2022-11-18,0001045810-22-000166,
receivables,AccountsReceivableNetCurrent,us-gaap,USD,,2022-01-30,4650000000.0,2023,FY,10-K,2023-02-24,0001045810-23-000017,CY2021Q4I
receivables,AccountsReceivableNetCurrent,us-gaap,USD,,2022-05-01,5438000000.0,2023,Q1,10-Q,2022-05-27,0001045810-22-000079,CY2022Q1I
receivables,AccountsReceivableNetCurrent,us-gaap,USD,,2022-07-31,5317000000.0,2023,Q2,10-Q,2022-08-31,0001045810-22-000147,CY2022Q2I
receivables,AccountsReceivableNetCurrent,us-gaap,USD,,2022-10-30,4908000000.0,2023,Q3,10-Q,2022-11-18,0001045810-22-000166,CY2022Q3I
receivables,AccountsReceivableNetCurrent,us-gaap,USD,,2023-01-29,3827000000.0,2023,FY,10-K,2023-02-24,0001045810-23-000017,
receivables,AccountsReceivableNetCurrent,us-gaap,USD,,2023-01-29,3827000000.0,2024,Q1,10-Q,2023-05-26,0001045810-23-000093,
receivables,AccountsReceivableNetCurrent,us-gaap,USD,,2023-01-29,3827000000.0,2024,Q2,10-Q,2023-08-28,0001045810-23-000175,
receivables,AccountsReceivableNetCurrent,us-gaap,USD,,2023-01-29,3827000000.0,2024,Q3,10-Q,2023-11-21,0001045810-23-000227,
receivables,AccountsReceivableNetCurrent,us-gaap,USD,,2023-01-29,3827000000.0,2024,FY,10-K,2024-02-21,0001045810-24-000029,CY2022Q4I
receivables,AccountsReceivableNetCurrent,us-gaap,USD,,2023-04-30,4080000000.0,2024,Q1,10-Q,2023-05-26,0001045810-23-000093,CY2023Q1I
receivables,AccountsReceivableNetCurrent,us-gaap,USD,,2023-07-30,7066000000.0,2024,Q2,10-Q,2023-08-28,0001045810-23-000175,CY2023Q2I
receivables,AccountsReceivableNetCurrent,us-gaap,USD,,2023-10-29,8309000000.0,2024,Q3,10-Q,2023-11-21,0001045810-23-000227,CY2023Q3I
receivables,AccountsReceivableNetCurrent,us-gaap,USD,,2024-01-28,9999000000.0,2024,FY,10-K,2024-02-21,0001045810-24-000029,
receivables,AccountsReceivableNetCurrent,us-gaap,USD,,2024-01-28,9999000000.0,2025,Q1,10-Q,2024-05-29,0001045810-24-000124,
receivables,AccountsReceivableNetCurrent,us-gaap,USD,,2024-01-28,9999000000.0,2025,Q2,10-Q,2024-08-28,0001045810-24-000264,
receivables,AccountsReceivableNetCurrent,us-gaap,USD,,2024-01-28,9999000000.0,2025,Q3,10-Q,2024-11-20,0001045810-24-000316,
receivables,AccountsReceivableNetCurrent,us-gaap,USD,,2024-01-28,9999000000.0,2025,FY,10-K,2025-02-26,0001045810-25-000023,CY2023Q4I
receivables,AccountsReceivableNetCurrent,us-gaap,USD,,2024-04-28,12365000000.0,2025,Q1,10-Q,2024-05-29,0001045810-24-000124,CY2024Q1I
receivables,AccountsReceivableNetCurrent,us-gaap,USD,,2024-07-28,14132000000.0,2025,Q2,10-Q,2024-08-28,0001045810-24-000264,CY2024Q2I
receivables,AccountsReceivableNetCurrent,us-gaap,USD,,2024-10-27,17693000000.0,2025,Q3,10-Q,2024-11-20,0001045810-24-000316,CY2024Q3I
receivables,AccountsReceivableNetCurrent,us-gaap,USD,,2025-01-26,23065000000.0,2025,FY,10-K,2025-02-26,0001045810-25-000023,
receivables,AccountsReceivableNetCurrent,us-gaap,USD,,2025-01-26,23065000000.0,2026,Q1,10-Q,2025-05-28,0001045810-25-000116,
receivables,AccountsReceivableNetCurrent,us-gaap,USD,,2025-01-26,23065000000.0,2026,Q2,10-Q,2025-08-27,0001045810-25-000209,
receivables,AccountsReceivableNetCurrent,us-gaap,USD,,2025-01-26,23065000000.0,2026,Q3,10-Q,2025-11-19,0001045810-25-000230,
receivables,AccountsReceivableNetCurrent,us-gaap,USD,,2025-01-26,23065000000.0,2026,FY,10-K,2026-02-25,0001045810-26-000021,CY2024Q4I
receivables,AccountsReceivableNetCurrent,us-gaap,USD,,2025-04-27,22132000000.0,2026,Q1,10-Q,2025-05-28,0001045810-25-000116,CY2025Q1I
receivables,AccountsReceivableNetCurrent,us-gaap,USD,,2025-07-27,27808000000.0,2026,Q2,10-Q,2025-08-27,0001045810-25-000209,CY2025Q2I
receivables,AccountsReceivableNetCurrent,us-gaap,USD,,2025-10-26,33391000000.0,2026,Q3,10-Q,2025-11-19,0001045810-25-000230,CY2025Q3I
receivables,AccountsReceivableNetCurrent,us-gaap,USD,,2026-01-25,38466000000.0,2026,FY,10-K,2026-02-25,0001045810-26-000021,
receivables,AccountsReceivableNetCurrent,us-gaap,USD,,2026-01-25,38466000000.0,2027,Q1,10-Q,2026-05-20,0001045810-26-000052,
receivables,AccountsReceivableNetCurrent,us-gaap,USD,,2026-01-25,38466000000.0,2027,Q2,10-Q,2026-08-26,0001045810-26-000075,CY2025Q4I
receivables,AccountsReceivableNetCurrent,us-gaap,USD,,2026-04-26,40710000000.0,2027,Q1,10-Q,2026-05-20,0001045810-26-000052,CY2026Q1I
receivables,AccountsReceivableNetCurrent,us-gaap,USD,,2026-07-26,63059000000.0,2027,Q2,10-Q,2026-08-26,0001045810-26-000075,CY2026Q2I
revenue,Revenues,us-gaap,USD,2007-01-29,2008-01-27,4097860000.0,2010,FY,10-K,2010-03-18,0001045810-10-000006,CY2007
revenue,Revenues,us-gaap,USD,2008-01-25,2008-07-27,2046064000.0,2009,Q2,10-Q,2009-08-20,0001045810-09-000024,
revenue,Revenues,us-gaap,USD,2008-04-27,2008-07-27,892676000.0,2009,Q2,10-Q,2009-08-20,0001045810-09-000024,CY2008Q2
revenue,Revenues,us-gaap,USD,2008-01-28,2008-10-26,2943719000.0,2009,Q3,10-Q,2009-11-19,0001045810-09-000036,
revenue,Revenues,us-gaap,USD,2008-07-28,2008-10-26,897655000.0,2009,Q3,10-Q,2009-11-19,0001045810-09-000036,CY2008Q3
revenue,Revenues,us-gaap,USD,2008-01-28,2009-01-25,3424859000.0,2010,FY,10-K,2010-03-18,0001045810-10-000006,
revenue,Revenues,us-gaap,USD,2008-01-28,2009-01-25,3424859000.0,2010,FY,10-K,2011-03-16,0001045810-11-000015,CY2008
revenue,Revenues,us-gaap,USD,2009-01-26,2009-04-26,664231000.0,2010,Q2,10-Q,2010-05-21,0001045810-10-000018,
revenue,Revenues,us-gaap,USD,2009-01-26,2009-04-26,664231000.0,2010,FY,10-K,2011-03-16,0001045810-11-000015,CY2009Q1
revenue,Revenues,us-gaap,USD,2009-01-25,2009-07-26,1440751000.0,2009,Q2,10-Q,2009-08-20,0001045810-09-000024,
revenue,Revenues,us-gaap,USD,2009-04-27,2009-07-26,776520000.0,2009,Q2,10-Q,2009-08-20,0001045810-09-000024,
revenue,Revenues,us-gaap,USD,2009-01-26,2009-07-26,1440751000.0,2010,Q3,10-Q,2010-08-30,0001045810-10-000029,
revenue,Revenues,us-gaap,USD,2009-04-27,2009-07-26,776520000.0,2010,Q3,10-Q,2010-08-30,0001045810-10-000029,
revenue,Revenues,us-gaap,USD,2009-04-27,2009-07-26,776520000.0,2010,FY,10-K,2011-03-16,0001045810-11-000015,CY2009Q2
revenue,Revenues,us-gaap,USD,2009-01-26,2009-10-25,2343957000.0,2009,Q3,10-Q,2009-11-19,0001045810-09-000036,
revenue,Revenues,us-gaap,USD,2009-07-27,2009-10-25,903206000.0,2009,Q3,10-Q,2009-11-19,0001045810-09-000036,
revenue,Revenues,us-gaap,USD,2009-01-26,2009-10-25,2343957000.0,2010,Q3,10-Q,2010-12-07,0001045810-10-000045,
revenue,Revenues,us-gaap,USD,2009-07-27,2009-10-25,903206000.0,2010,Q3,10-Q,2010-12-07,0001045810-10-000045,
revenue,Revenues,us-gaap,USD,2009-07-27,2009-10-25,903206000.0,2010,FY,10-K,2011-03-16,0001045810-11-000015,CY2009Q3
revenue,Revenues,us-gaap,USD,2009-01-26,2010-01-31,3326445000.0,2010,FY,10-K,2010-03-18,0001045810-10-000006,
revenue,Revenues,us-gaap,USD,2009-01-26,2010-01-31,3326445000.0,2010,FY,10-K,2011-03-16,0001045810-11-000015,
revenue,Revenues,us-gaap,USD,2009-10-26,2010-01-31,982488000.0,2010,FY,10-K,2011-03-16,0001045810-11-000015,CY2009Q4
revenue,Revenues,us-gaap,USD,2009-01-26,2010-01-31,3326445000.0,2011,FY,10-K,2012-03-13,0001045810-12-000013,CY2009
revenue,Revenues,us-gaap,USD,2010-02-01,2010-05-02,1001813000.0,2010,Q2,10-Q,2010-05-21,0001045810-10-000018,
revenue,Revenues,us-gaap,USD,2010-02-01,2010-05-02,1001813000.0,2010,FY,10-K,2011-03-16,0001045810-11-000015,
revenue,Revenues,us-gaap,USD,2010-02-01,2010-05-02,1001813000.0,2011,Q1,10-Q,2011-05-27,0001045810-11-000031,
revenue,Revenues,us-gaap,USD,2010-02-01,2010-05-02,1001813000.0,2011,FY,10-K,2012-03-13,0001045810-12-000013,CY2010Q1
revenue,Revenues,us-gaap,USD,2010-05-03,2010-07-31,811208000.0,2011,FY,10-K,2012-03-13,0001045810-12-000013,CY2010Q2
revenue,Revenues,us-gaap,USD,2010-02-01,2010-08-01,1813021000.0,2010,Q3,10-Q,2010-08-30,0001045810-10-000029,
revenue,Revenues,us-gaap,USD,2010-05-03,2010-08-01,811208000.0,2010,Q3,10-Q,2010-08-30,0001045810-10-000029,
revenue,Revenues,us-gaap,USD,2010-05-03,2010-08-01,811208000.0,2010,FY,10-K,2011-03-16,0001045810-11-000015,
revenue,Revenues,us-gaap,USD,2010-02-01,2010-08-01,1813021000.0,2011,Q2,10-Q,2011-08-25,0001045810-11-000046,
revenue,Revenues,us-gaap,USD,2010-05-03,2010-08-01,811208000.0,2011,Q2,10-Q,2011-08-25,0001045810-11-000046,
revenue,Revenues,us-gaap,USD,2010-02-01,2010-10-31,2656933000.0,2010,Q3,10-Q,2010-12-07,0001045810-10-000045,
revenue,Revenues,us-gaap,USD,2010-08-02,2010-10-31,843912000.0,2010,Q3,10-Q,2010-12-07,0001045810-10-000045,
revenue,Revenues,us-gaap,USD,2010-08-02,2010-10-31,843912000.0,2010,FY,10-K,2011-03-16,0001045810-11-000015,
revenue,Revenues,us-gaap,USD,2010-02-01,2010-10-31,2656933000.0,2011,Q3,10-Q,2011-11-22,0001045810-11-000056,
revenue,Revenues,us-gaap,USD,2010-08-02,2010-10-31,843912000.0,2011,Q3,10-Q,2011-11-22,0001045810-11-000056,
revenue,Revenues,us-gaap,USD,2010-08-02,2010-10-31,843912000.0,2011,FY,10-K,2012-03-13,0001045810-12-000013,CY2010Q3
revenue,Revenues,us-gaap,USD,2010-02-01,2011-01-30,3543309000.0,2010,FY,10-K,2011-03-16,0001045810-11-000015,
revenue,Revenues,us-gaap,USD,2010-11-01,2011-01-30,886376000.0,2010,FY,10-K,2011-03-16,0001045810-11-000015,
revenue,Revenues,us-gaap,USD,2010-02-01,2011-01-30,3543309000.0,2011,FY,10-K,2012-03-13,0001045810-12-000013,
revenue,Revenues,us-gaap,USD,2010-11-01,2011-01-30,886376000.0,2011,FY,10-K,2012-03-13,0001045810-12-000013,CY2010Q4
revenue,Revenues,us-gaap,USD,2010-02-01,2011-01-30,3543309000.0,2012,FY,10-K,2013-03-12,0001045810-13-000008,CY2010
revenue,Revenues,us-gaap,USD,2011-01-31,2011-05-01,962039000.0,2011,Q1,10-Q,2011-05-27,0001045810-11-000031,
revenue,Revenues,us-gaap,USD,2011-01-31,2011-05-01,962039000.0,2011,FY,10-K,2012-03-13,0001045810-12-000013,
revenue,Revenues,us-gaap,USD,2011-01-31,2011-05-01,962039000.0,2012,Q1,10-Q,2012-05-23,0001045810-12-000027,
revenue,Revenues,us-gaap,USD,2011-01-31,2011-05-01,962039000.0,2012,FY,10-K,2013-03-12,0001045810-13-000008,CY2011Q1
revenue,Revenues,us-gaap,USD,2011-01-31,2011-07-31,1978556000.0,2011,Q2,10-Q,2011-08-25,0001045810-11-000046,
revenue,Revenues,us-gaap,USD,2011-05-02,2011-07-31,1016517000.0,2011,Q2,10-Q,2011-08-25,0001045810-11-000046,
revenue,Revenues,us-gaap,USD,2011-05-02,2011-07-31,1016517000.0,2011,FY,10-K,2012-03-13,0001045810-12-000013,
revenue,Revenues,us-gaap,USD,2011-01-31,2011-07-31,1978556000.0,2012,Q2,10-Q,2012-08-22,0001045810-12-000036,
revenue,Revenues,us-gaap,USD,2011-05-02,2011-07-31,1016517000.0,2012,Q2,10-Q,2012-08-22,0001045810-12-000036,
revenue,Revenues,us-gaap,USD,2011-05-02,2011-07-31,1016517000.0,2012,FY,10-K,2013-03-12,0001045810-13-000008,CY2011Q2
revenue,Revenues,us-gaap,USD,2011-01-31,2011-10-30,3044736000.0,2011,Q3,10-Q,2011-11-22,0001045810-11-000056,
revenue,Revenues,us-gaap,USD,2011-08-01,2011-10-30,1066180000.0,2011,Q3,10-Q,2011-11-22,0001045810-11-000056,
revenue,Revenues,us-gaap,USD,2011-08-01,2011-10-30,1066180000.0,2011,FY,10-K,2012-03-13,0001045810-12-000013,
revenue,Revenues,us-gaap,USD,2011-01-31,2011-10-30,3044736000.0,2012,Q3,10-Q,2012-11-19,0001045810-12-000060,
revenue,Revenues,us-gaap,USD,2011-08-01,2011-10-30,1066180000.0,2012,Q3,10-Q,2012-11-19,0001045810-12-000060,
revenue,Revenues,us-gaap,USD,2011-08-01,2011-10-30,1066180000.0,2012,FY,10-K,2013-03-12,0001045810-13-000008,CY2011Q3
revenue,Revenues,us-gaap,USD,2011-01-31,2012-01-29,3997930000.0,2011,FY,10-K,2012-03-13,0001045810-12-000013,
revenue,Revenues,us-gaap,USD,2011-10-31,2012-01-29,953194000.0,2011,FY,10-K,2012-03-13,0001045810-12-000013,
revenue,Revenues,us-gaap,USD,2011-01-31,2012-01-29,3997930000.0,2012,FY,10-K,2013-03-12,0001045810-13-000008,
revenue,Revenues,us-gaap,USD,2011-10-31,2012-01-29,953194000.0,2012,FY,10-K,2013-03-12,0001045810-13-000008,CY2011Q4
revenue,Revenues,us-gaap,USD,2011-01-31,2012-01-29,3997930000.0,2013,FY,10-K,2014-03-13,0001045810-14-000030,CY2011
revenue,Revenues,us-gaap,USD,2012-01-30,2012-04-29,924877000.0,2012,Q1,10-Q,2012-05-23,0001045810-12-000027,
revenue,Revenues,us-gaap,USD,2012-01-30,2012-04-29,924877000.0,2012,FY,10-K,2013-03-12,0001045810-13-000008,
revenue,Revenues,us-gaap,USD,2012-01-30,2012-04-29,924877000.0,2013,Q1,10-Q,2013-05-22,0001045810-13-000054,
revenue,Revenues,us-gaap,USD,2012-01-30,2012-04-29,924877000.0,2013,FY,10-K,2014-03-13,0001045810-14-000030,CY2012Q1
revenue,Revenues,us-gaap,USD,2012-01-30,2012-07-29,1969147000.0,2012,Q2,10-Q,2012-08-22,0001045810-12-000036,
revenue,Revenues,us-gaap,USD,2012-04-30,2012-07-29,1044270000.0,2012,Q2,10-Q,2012-08-22,0001045810-12-000036,
revenue,Revenues,us-gaap,USD,2012-04-30,2012-07-29,1044270000.0,2012,FY,10-K,2013-03-12,0001045810-13-000008,
revenue,Revenues,us-gaap,USD,2012-01-30,2012-07-29,1969147000.0,2013,Q2,10-Q,2013-08-21,0001045810-13-000075,
revenue,Revenues,us-gaap,USD,2012-04-30,2012-07-29,1044270000.0,2013,Q2,10-Q,2013-08-21,0001045810-13-000075,
revenue,Revenues,us-gaap,USD,2012-04-30,2012-07-29,1044270000.0,2013,FY,10-K,2014-03-13,0001045810-14-000030,CY2012Q2
revenue,Revenues,us-gaap,USD,2012-01-30,2012-10-28,3173257000.0,2012,Q3,10-Q,2012-11-19,0001045810-12-000060,
revenue,Revenues,us-gaap,USD,2012-07-30,2012-10-28,1204110000.0,2012,Q3,10-Q,2012-11-19,0001045810-12-000060,
revenue,Revenues,us-gaap,USD,2012-07-30,2012-10-28,1204110000.0,2012,FY,10-K,2013-03-12,0001045810-13-000008,
revenue,Revenues,us-gaap,USD,2012-01-30,2012-10-28,3173257000.0,2013,Q3,10-Q,2013-11-19,0001045810-13-000109,
revenue,Revenues,us-gaap,USD,2012-07-30,2012-10-28,1204110000.0,2013,Q3,10-Q,2013-11-19,0001045810-13-000109,
revenue,Revenues,us-gaap,USD,2012-07-30,2012-10-28,1204110000.0,2013,FY,10-K,2014-03-13,0001045810-14-000030,CY2012Q3
revenue,Revenues,us-gaap,USD,2012-01-30,2013-01-27,4280159000.0,2012,FY,10-K,2013-03-12,0001045810-13-000008,
revenue,Revenues,us-gaap,USD,2012-10-29,2013-01-27,1106902000.0,2012,FY,10-K,2013-03-12,0001045810-13-000008,
revenue,Revenues,us-gaap,USD,2012-01-30,2013-01-27,4280159000.0,2013,FY,10-K,2014-03-13,0001045810-14-000030,
revenue,Revenues,us-gaap,USD,2012-10-29,2013-01-27,1106902000.0,2013,FY,10-K,2014-03-13,0001045810-14-000030,CY2012Q4
revenue,Revenues,us-gaap,USD,2012-01-30,2013-01-27,4280159000.0,2015,FY,10-K,2015-03-12,0001045810-15-000036,CY2012
revenue,Revenues,us-gaap,USD,2013-01-28,2013-04-28,954739000.0,2013,Q1,10-Q,2013-05-22,0001045810-13-000054,
revenue,Revenues,us-gaap,USD,2013-01-28,2013-04-28,954739000.0,2013,FY,10-K,2014-03-13,0001045810-14-000030,
revenue,Revenues,us-gaap,USD,2013-01-28,2013-04-28,954739000.0,2014,Q1,10-Q,2014-05-21,0001045810-14-000085,
revenue,Revenues,us-gaap,USD,2013-01-28,2013-04-28,954739000.0,2015,FY,10-K,2015-03-12,0001045810-15-000036,CY2013Q1
revenue,Revenues,us-gaap,USD,2013-01-28,2013-07-28,1931977000.0,2013,Q2,10-Q,2013-08-21,0001045810-13-000075,
revenue,Revenues,us-gaap,USD,2013-04-29,2013-07-28,977238000.0,2013,Q2,10-Q,2013-08-21,0001045810-13-000075,
revenue,Revenues,us-gaap,USD,2013-04-29,2013-07-28,977238000.0,2013,FY,10-K,2014-03-13,0001045810-14-000030,
revenue,Revenues,us-gaap,USD,2013-01-28,2013-07-28,1931977000.0,2015,Q2,10-Q,2014-08-20,0001045810-14-000158,
revenue,Revenues,us-gaap,USD,2013-04-29,2013-07-28,977238000.0,2015,Q2,10-Q,2014-08-20,0001045810-14-000158,
revenue,Revenues,us-gaap,USD,2013-04-29,2013-07-28,977238000.0,2015,FY,10-K,2015-03-12,0001045810-15-000036,CY2013Q2
revenue,Revenues,us-gaap,USD,2013-01-28,2013-10-27,2985944000.0,2013,Q3,10-Q,2013-11-19,0001045810-13-000109,
revenue,Revenues,us-gaap,USD,2013-07-29,2013-10-27,1053967000.0,2013,Q3,10-Q,2013-11-19,0001045810-13-000109,
revenue,Revenues,us-gaap,USD,2013-07-29,2013-10-27,1053967000.0,2013,FY,10-K,2014-03-13,0001045810-14-000030,
revenue,Revenues,us-gaap,USD,2013-01-28,2013-10-27,2985944000.0,2015,Q3,10-Q,2014-11-19,0001045810-14-000188,
revenue,Revenues,us-gaap,USD,2013-07-29,2013-10-27,1053967000.0,2015,Q3,10-Q,2014-11-19,0001045810-14-000188,
revenue,Revenues,us-gaap,USD,2013-07-29,2013-10-27,1053967000.0,2015,FY,10-K,2015-03-12,0001045810-15-000036,CY2013Q3
revenue,Revenues,us-gaap,USD,2013-01-28,2014-01-26,4130162000.0,2013,FY,10-K,2014-03-13,0001045810-14-000030,
revenue,Revenues,us-gaap,USD,2013-10-28,2014-01-26,1144218000.0,2013,FY,10-K,2014-03-13,0001045810-14-000030,
revenue,Revenues,us-gaap,USD,2013-01-28,2014-01-26,4130162000.0,2015,FY,10-K,2015-03-12,0001045810-15-000036,
revenue,Revenues,us-gaap,USD,2013-10-28,2014-01-26,1144218000.0,2015,FY,10-K,2015-03-12,0001045810-15-000036,CY2013Q4
revenue,Revenues,us-gaap,USD,2013-01-28,2014-01-26,4130000000.0,2016,FY,10-K,2016-03-17,0001045810-16-000205,CY2013
revenue,Revenues,us-gaap,USD,2014-01-27,2014-04-27,1102787000.0,2014,Q1,10-Q,2014-05-21,0001045810-14-000085,
revenue,Revenues,us-gaap,USD,2014-01-27,2014-04-27,1102787000.0,2015,FY,10-K,2015-03-12,0001045810-15-000036,
revenue,Revenues,us-gaap,USD,2014-01-27,2014-04-27,1103000000.0,2016,Q1,10-Q,2015-05-20,0001045810-15-000097,
revenue,Revenues,us-gaap,USD,2014-01-27,2014-04-27,1103000000.0,2016,FY,10-K,2016-03-17,0001045810-16-000205,CY2014Q1
revenue,Revenues,us-gaap,USD,2014-01-27,2014-07-27,2205611000.0,2015,Q2,10-Q,2014-08-20,0001045810-14-000158,
revenue,Revenues,us-gaap,USD,2014-04-28,2014-07-27,1102824000.0,2015,Q2,10-Q,2014-08-20,0001045810-14-000158,
revenue,Revenues,us-gaap,USD,2014-04-28,2014-07-27,1102824000.0,2015,FY,10-K,2015-03-12,0001045810-15-000036,
revenue,Revenues,us-gaap,USD,2014-01-27,2014-07-27,2206000000.0,2016,Q2,10-Q,2015-08-19,0001045810-15-000143,
revenue,Revenues,us-gaap,USD,2014-04-28,2014-07-27,1103000000.0,2016,Q2,10-Q,2015-08-19,0001045810-15-000143,
revenue,Revenues,us-gaap,USD,2014-04-28,2014-07-27,1103000000.0,2016,FY,10-K,2016-03-17,0001045810-16-000205,CY2014Q2
revenue,Revenues,us-gaap,USD,2014-01-27,2014-10-26,3430993000.0,2015,Q3,10-Q,2014-11-19,0001045810-14-000188,
revenue,Revenues,us-gaap,USD,2014-07-28,2014-10-26,1225382000.0,2015,Q3,10-Q,2014-11-19,0001045810-14-000188,
revenue,Revenues,us-gaap,USD,2014-07-28,2014-10-26,1225382000.0,2015,FY,10-K,2015-03-12,0001045810-15-000036,
revenue,Revenues,us-gaap,USD,2014-01-27,2014-10-26,3431000000.0,2016,Q3,10-Q,2015-11-18,0001045810-15-000173,
revenue,Revenues,us-gaap,USD,2014-07-28,2014-10-26,1225000000.0,2016,Q3,10-Q,2015-11-18,0001045810-15-000173,
revenue,Revenues,us-gaap,USD,2014-07-28,2014-10-26,1225000000.0,2016,FY,10-K,2016-03-17,0001045810-16-000205,CY2014Q3
revenue,Revenues,us-gaap,USD,2014-01-27,2015-01-25,4681507000.0,2015,FY,10-K,2015-03-12,0001045810-15-000036,
revenue,Revenues,us-gaap,USD,2014-10-27,2015-01-25,1250514000.0,2015,FY,10-K,2015-03-12,0001045810-15-000036,
revenue,Revenues,us-gaap,USD,2014-01-27,2015-01-25,4682000000.0,2016,FY,10-K,2016-03-17,0001045810-16-000205,
revenue,Revenues,us-gaap,USD,2014-10-27,2015-01-25,1251000000.0,2016,FY,10-K,2016-03-17,0001045810-16-000205,CY2014Q4
revenue,Revenues,us-gaap,USD,2014-01-27,2015-01-25,4682000000.0,2017,FY,10-K,2017-03-01,0001045810-17-000027,CY2014
revenue,Revenues,us-gaap,USD,2015-01-26,2015-04-26,1151000000.0,2016,Q1,10-Q,2015-05-20,0001045810-15-000097,
revenue,Revenues,us-gaap,USD,2015-01-26,2015-04-26,1151000000.0,2016,FY,10-K,2016-03-17,0001045810-16-000205,
revenue,Revenues,us-gaap,USD,2015-01-26,2015-04-26,1151000000.0,2017,Q1,10-Q,2016-05-25,0001045810-16-000275,
revenue,Revenues,us-gaap,USD,2015-01-26,2015-04-26,1151000000.0,2017,FY,10-K,2017-03-01,0001045810-17-000027,CY2015Q1
revenue,Revenues,us-gaap,USD,2015-01-26,2015-07-26,2304000000.0,2016,Q2,10-Q,2015-08-19,0001045810-15-000143,
revenue,Revenues,us-gaap,USD,2015-04-27,2015-07-26,1153000000.0,2016,Q2,10-Q,2015-08-19,0001045810-15-000143,
revenue,Revenues,us-gaap,USD,2015-04-27,2015-07-26,1153000000.0,2016,FY,10-K,2016-03-17,0001045810-16-000205,
revenue,Revenues,us-gaap,USD,2015-01-26,2015-07-26,2304000000.0,2017,Q2,10-Q,2016-08-23,0001045810-16-000300,
revenue,Revenues,us-gaap,USD,2015-04-27,2015-07-26,1153000000.0,2017,Q2,10-Q,2016-08-23,0001045810-16-000300,
revenue,Revenues,us-gaap,USD,2015-04-27,2015-07-26,1153000000.0,2017,FY,10-K,2017-03-01,0001045810-17-000027,CY2015Q2
revenue,Revenues,us-gaap,USD,2015-01-26,2015-10-25,3609000000.0,2016,Q3,10-Q,2015-11-18,0001045810-15-000173,
revenue,Revenues,us-gaap,USD,2015-07-27,2015-10-25,1305000000.0,2016,Q3,10-Q,2015-11-18,0001045810-15-000173,
revenue,Revenues,us-gaap,USD,2015-07-27,2015-10-25,1305000000.0,2016,FY,10-K,2016-03-17,0001045810-16-000205,
revenue,Revenues,us-gaap,USD,2015-01-26,2015-10-25,3609000000.0,2017,Q3,10-Q,2016-11-22,0001045810-16-000353,
revenue,Revenues,us-gaap,USD,2015-07-27,2015-10-25,1305000000.0,2017,Q3,10-Q,2016-11-22,0001045810-16-000353,
revenue,Revenues,us-gaap,USD,2015-07-27,2015-10-25,1305000000.0,2017,FY,10-K,2017-03-01,0001045810-17-000027,CY2015Q3
revenue,Revenues,us-gaap,USD,2015-01-26,2016-01-31,5010000000.0,2016,FY,10-K,2016-03-17,0001045810-16-000205,
revenue,Revenues,us-gaap,USD,2015-10-26,2016-01-31,1401000000.0,2016,FY,10-K,2016-03-17,0001045810-16-000205,
revenue,Revenues,us-gaap,USD,2015-01-26,2016-01-31,5010000000.0,2017,FY,10-K,2017-03-01,0001045810-17-000027,
revenue,Revenues,us-gaap,USD,2015-10-26,2016-01-31,1401000000.0,2017,FY,10-K,2017-03-01,0001045810-17-000027,CY2015Q4
revenue,Revenues,us-gaap,USD,2015-01-26,2016-01-31,5010000000.0,2018,FY,10-K,2018-02-28,0001045810-18-000010,CY2015
revenue,Revenues,us-gaap,USD,2016-02-01,2016-05-01,1305000000.0,2017,Q1,10-Q,2016-05-25,0001045810-16-000275,
revenue,Revenues,us-gaap,USD,2016-02-01,2016-05-01,1305000000.0,2017,FY,10-K,2017-03-01,0001045810-17-000027,
revenue,Revenues,us-gaap,USD,2016-02-01,2016-05-01,1305000000.0,2018,Q1,10-Q,2017-05-23,0001045810-17-000075,
revenue,Revenues,us-gaap,USD,2016-02-01,2016-05-01,1305000000.0,2018,FY,10-K,2018-02-28,0001045810-18-000010,CY2016Q1
revenue,Revenues,us-gaap,USD,2016-02-01,2016-07-31,2733000000.0,2017,Q2,10-Q,2016-08-23,0001045810-16-000300,
revenue,Revenues,us-gaap,USD,2016-05-02,2016-07-31,1428000000.0,2017,Q2,10-Q,2016-08-23,0001045810-16-000300,
revenue,Revenues,us-gaap,USD,2016-05-02,2016-07-31,1428000000.0,2017,FY,10-K,2017-03-01,0001045810-17-000027,
revenue,Revenues,us-gaap,USD,2016-02-01,2016-07-31,2733000000.0,2018,Q2,10-Q,2017-08-23,0001045810-17-000123,
revenue,Revenues,us-gaap,USD,2016-05-02,2016-07-31,1428000000.0,2018,Q2,10-Q,2017-08-23,0001045810-17-000123,
revenue,Revenues,us-gaap,USD,2016-05-02,2016-07-31,1428000000.0,2018,FY,10-K,2018-02-28,0001045810-18-000010,CY2016Q2
revenue,Revenues,us-gaap,USD,2016-02-01,2016-10-30,4737000000.0,2017,Q3,10-Q,2016-11-22,0001045810-16-000353,
revenue,Revenues,us-gaap,USD,2016-08-01,2016-10-30,2004000000.0,2017,Q3,10-Q,2016-11-22,0001045810-16-000353,
revenue,Revenues,us-gaap,USD,2016-08-01,2016-10-30,2004000000.0,2017,FY,10-K,2017-03-01,0001045810-17-000027,
revenue,Revenues,us-gaap,USD,2016-02-01,2016-10-30,4737000000.0,2018,Q3,10-Q,2017-11-21,0001045810-17-000172,
revenue,Revenues,us-gaap,USD,2016-08-01,2016-10-30,2004000000.0,2018,Q3,10-Q,2017-11-21,0001045810-17-000172,
revenue,Revenues,us-gaap,USD,2016-08-01,2016-10-30,2004000000.0,2018,FY,10-K,2018-02-28,0001045810-18-000010,CY2016Q3
revenue,Revenues,us-gaap,USD,2016-02-01,2017-01-29,6910000000.0,2017,FY,10-K,2017-03-01,0001045810-17-000027,
revenue,Revenues,us-gaap,USD,2016-10-31,2017-01-29,2173000000.0,2017,FY,10-K,2017-03-01,0001045810-17-000027,
revenue,Revenues,us-gaap,USD,2016-02-01,2017-01-29,6910000000.0,2018,FY,10-K,2018-02-28,0001045810-18-000010,CY2016
revenue,Revenues,us-gaap,USD,2016-10-31,2017-01-29,2173000000.0,2018,FY,10-K,2018-02-28,0001045810-18-000010,CY2016Q4
revenue,Revenues,us-gaap,USD,2017-01-30,2017-04-30,1937000000.0,2018,Q1,10-Q,2017-05-23,0001045810-17-000075,
revenue,Revenues,us-gaap,USD,2017-01-30,2017-04-30,1937000000.0,2018,FY,10-K,2018-02-28,0001045810-18-000010,
revenue,Revenues,us-gaap,USD,2017-01-30,2017-04-30,1937000000.0,2019,Q1,10-Q,2018-05-22,0001045810-18-000080,CY2017Q1
revenue,Revenues,us-gaap,USD,2017-01-30,2017-07-30,4167000000.0,2018,Q2,10-Q,2017-08-23,0001045810-17-000123,
revenue,Revenues,us-gaap,USD,2017-05-01,2017-07-30,2230000000.0,2018,Q2,10-Q,2017-08-23,0001045810-17-000123,
revenue,Revenues,us-gaap,USD,2017-01-30,2017-07-30,2230000000.0,2018,FY,10-K,2018-02-28,0001045810-18-000010,
revenue,Revenues,us-gaap,USD,2017-01-30,2017-07-30,4167000000.0,2019,Q2,10-Q,2018-08-16,0001045810-18-000114,
revenue,Revenues,us-gaap,USD,2017-05-01,2017-07-30,2230000000.0,2019,Q2,10-Q,2018-08-16,0001045810-18-000114,CY2017Q2
revenue,Revenues,us-gaap,USD,2017-01-30,2017-10-29,6803000000.0,2018,Q3,10-Q,2017-11-21,0001045810-17-000172,
revenue,Revenues,us-gaap,USD,2017-07-31,2017-10-29,2636000000.0,2018,Q3,10-Q,2017-11-21,0001045810-17-000172,
revenue,Revenues,us-gaap,USD,2017-07-31,2017-10-29,2636000000.0,2018,FY,10-K,2018-02-28,0001045810-18-000010,
revenue,Revenues,us-gaap,USD,2017-01-30,2017-10-29,6803000000.0,2019,Q3,10-Q,2018-11-15,0001045810-18-000150,
revenue,Revenues,us-gaap,USD,2017-07-31,2017-10-29,2636000000.0,2019,Q3,10-Q,2018-11-15,0001045810-18-000150,CY2017Q3
revenue,Revenues,us-gaap,USD,2017-01-30,2018-01-28,9714000000.0,2018,FY,10-K,2018-02-28,0001045810-18-000010,CY2017
revenue,Revenues,us-gaap,USD,2017-10-30,2018-01-28,2911000000.0,2018,FY,10-K,2018-02-28,0001045810-18-000010,CY2017Q4
revenue,Revenues,us-gaap,USD,2018-01-29,2018-04-29,3207000000.0,2019,Q1,10-Q,2018-05-22,0001045810-18-000080,
revenue,Revenues,us-gaap,USD,2018-01-29,2018-04-29,3207000000.0,2020,Q1,10-Q,2019-05-16,0001045810-19-000079,CY2018Q1
revenue,Revenues,us-gaap,USD,2018-01-29,2018-07-29,6330000000.0,2019,Q2,10-Q,2018-08-16,0001045810-18-000114,
revenue,Revenues,us-gaap,USD,2018-04-30,2018-07-29,3123000000.0,2019,Q2,10-Q,2018-08-16,0001045810-18-000114,
revenue,Revenues,us-gaap,USD,2018-01-29,2018-07-29,6330000000.0,2020,Q2,10-Q,2019-08-15,0001045810-19-000144,
revenue,Revenues,us-gaap,USD,2018-04-30,2018-07-29,3123000000.0,2020,Q2,10-Q,2019-08-15,0001045810-19-000144,CY2018Q2
revenue,Revenues,us-gaap,USD,2018-01-29,2018-10-28,9511000000.0,2019,Q3,10-Q,2018-11-15,0001045810-18-000150,
revenue,Revenues,us-gaap,USD,2018-07-30,2018-10-28,3181000000.0,2019,Q3,10-Q,2018-11-15,0001045810-18-000150,
revenue,Revenues,us-gaap,USD,2018-01-29,2018-10-28,9511000000.0,2020,Q3,10-Q,2019-11-14,0001045810-19-000170,
revenue,Revenues,us-gaap,USD,2018-07-30,2018-10-28,3181000000.0,2020,Q3,10-Q,2019-11-14,0001045810-19-000170,CY2018Q3
revenue,Revenues,us-gaap,USD,2019-01-28,2019-04-28,2220000000.0,2020,Q1,10-Q,2019-05-16,0001045810-19-000079,
revenue,Revenues,us-gaap,USD,2019-01-28,2019-04-28,2220000000.0,2020,Q1,10-Q,2020-05-21,0001045810-20-000065,CY2019Q1
revenue,Revenues,us-gaap,USD,2019-01-28,2019-07-28,4799000000.0,2020,Q2,10-Q,2019-08-15,0001045810-19-000144,
revenue,Revenues,us-gaap,USD,2019-04-29,2019-07-28,2579000000.0,2020,Q2,10-Q,2019-08-15,0001045810-19-000144,
revenue,Revenues,us-gaap,USD,2019-01-28,2019-07-28,4799000000.0,2020,Q2,10-Q,2020-08-19,0001045810-20-000147,
revenue,Revenues,us-gaap,USD,2019-04-29,2019-07-28,2579000000.0,2020,Q2,10-Q,2020-08-19,0001045810-20-000147,CY2019Q2
revenue,Revenues,us-gaap,USD,2019-01-28,2019-10-27,7813000000.0,2020,Q3,10-Q,2019-11-14,0001045810-19-000170,
revenue,Revenues,us-gaap,USD,2019-07-29,2019-10-27,3014000000.0,2020,Q3,10-Q,2019-11-14,0001045810-19-000170,
revenue,Revenues,us-gaap,USD,2019-01-28,2019-10-27,7813000000.0,2021,Q3,10-Q,2020-11-18,0001045810-20-000189,
revenue,Revenues,us-gaap,USD,2019-07-29,2019-10-27,3014000000.0,2021,Q3,10-Q,2020-11-18,0001045810-20-000189,CY2019Q3
revenue,Revenues,us-gaap,USD,2019-01-28,2020-01-26,10918000000.0,2022,FY,10-K,2022-03-18,0001045810-22-000036,CY2019
revenue,Revenues,us-gaap,USD,2020-01-27,2020-04-26,3080000000.0,2020,Q1,10-Q,2020-05-21,0001045810-20-000065,
revenue,Revenues,us-gaap,USD,2020-01-27,2020-04-26,3080000000.0,2022,Q1,10-Q,2021-05-26,0001045810-21-000064,CY2020Q1
revenue,Revenues,us-gaap,USD,2020-01-27,2020-07-26,6946000000.0,2020,Q2,10-Q,2020-08-19,0001045810-20-000147,
revenue,Revenues,us-gaap,USD,2020-04-27,2020-07-26,3866000000.0,2020,Q2,10-Q,2020-08-19,0001045810-20-000147,
revenue,Revenues,us-gaap,USD,2020-01-27,2020-07-26,6946000000.0,2022,Q2,10-Q,2021-08-20,0001045810-21-000131,
revenue,Revenues,us-gaap,USD,2020-04-27,2020-07-26,3866000000.0,2022,Q2,10-Q,2021-08-20,0001045810-21-000131,CY2020Q2
revenue,Revenues,us-gaap,USD,2020-01-27,2020-10-25,11672000000.0,2021,Q3,10-Q,2020-11-18,0001045810-20-000189,
revenue,Revenues,us-gaap,USD,2020-07-27,2020-10-25,4726000000.0,2021,Q3,10-Q,2020-11-18,0001045810-20-000189,
revenue,Revenues,us-gaap,USD,2020-01-27,2020-10-25,11672000000.0,2022,Q3,10-Q,2021-11-22,0001045810-21-000163,
revenue,Revenues,us-gaap,USD,2020-07-27,2020-10-25,4726000000.0,2022,Q3,10-Q,2021-11-22,0001045810-21-000163,CY2020Q3
revenue,Revenues,us-gaap,USD,2020-01-27,2021-01-31,16675000000.0,2022,FY,10-K,2022-03-18,0001045810-22-000036,
revenue,Revenues,us-gaap,USD,2020-01-27,2021-01-31,16675000000.0,2023,FY,10-K,2023-02-24,0001045810-23-000017,CY2020
revenue,Revenues,us-gaap,USD,2021-02-01,2021-05-02,5661000000.0,2022,Q1,10-Q,2021-05-26,0001045810-21-000064,
revenue,Revenues,us-gaap,USD,2021-02-01,2021-05-02,5661000000.0,2023,Q1,10-Q,2022-05-27,0001045810-22-000079,CY2021Q1
revenue,Revenues,us-gaap,USD,2021-02-01,2021-08-01,12168000000.0,2022,Q2,10-Q,2021-08-20,0001045810-21-000131,
revenue,Revenues,us-gaap,USD,2021-05-03,2021-08-01,6507000000.0,2022,Q2,10-Q,2021-08-20,0001045810-21-000131,
revenue,Revenues,us-gaap,USD,2021-02-01,2021-08-01,12168000000.0,2023,Q2,10-Q,2022-08-31,0001045810-22-000147,
revenue,Revenues,us-gaap,USD,2021-05-03,2021-08-01,6507000000.0,2023,Q2,10-Q,2022-08-31,0001045810-22-000147,CY2021Q2
revenue,Revenues,us-gaap,USD,2021-02-01,2021-10-31,19271000000.0,2022,Q3,10-Q,2021-11-22,0001045810-21-000163,
revenue,Revenues,us-gaap,USD,2021-08-02,2021-10-31,7103000000.0,2022,Q3,10-Q,2021-11-22,0001045810-21-000163,
revenue,Revenues,us-gaap,USD,2021-02-01,2021-10-31,19271000000.0,2023,Q3,10-Q,2022-11-18,0001045810-22-000166,
revenue,Revenues,us-gaap,USD,2021-08-02,2021-10-31,7103000000.0,2023,Q3,10-Q,2022-11-18,0001045810-22-000166,CY2021Q3
revenue,Revenues,us-gaap,USD,2021-02-01,2022-01-30,26914000000.0,2022,FY,10-K,2022-03-18,0001045810-22-000036,
revenue,Revenues,us-gaap,USD,2021-02-01,2022-01-30,26914000000.0,2023,FY,10-K,2023-02-24,0001045810-23-000017,
revenue,Revenues,us-gaap,USD,2021-02-01,2022-01-30,26914000000.0,2024,FY,10-K,2024-02-21,0001045810-24-000029,CY2021
revenue,Revenues,us-gaap,USD,2022-01-31,2022-05-01,8288000000.0,2023,Q1,10-Q,2022-05-27,0001045810-22-000079,
revenue,Revenues,us-gaap,USD,2022-01-31,2022-05-01,8288000000.0,2024,Q1,10-Q,2023-05-26,0001045810-23-000093,CY2022Q1
revenue,Revenues,us-gaap,USD,2022-01-31,2022-07-31,14992000000.0,2023,Q2,10-Q,2022-08-31,0001045810-22-000147,
revenue,Revenues,us-gaap,USD,2022-05-02,2022-07-31,6704000000.0,2023,Q2,10-Q,2022-08-31,0001045810-22-000147,
revenue,Revenues,us-gaap,USD,2022-01-31,2022-07-31,14992000000.0,2024,Q2,10-Q,2023-08-28,0001045810-23-000175,
revenue,Revenues,us-gaap,USD,2022-05-02,2022-07-31,6704000000.0,2024,Q2,10-Q,2023-08-28,0001045810-23-000175,CY2022Q2
revenue,Revenues,us-gaap,USD,2022-01-31,2022-10-30,20923000000.0,2023,Q3,10-Q,2022-11-18,0001045810-22-000166,
revenue,Revenues,us-gaap,USD,2022-08-01,2022-10-30,5931000000.0,2023,Q3,10-Q,2022-11-18,0001045810-22-000166,
revenue,Revenues,us-gaap,USD,2022-01-31,2022-10-30,20923000000.0,2024,Q3,10-Q,2023-11-21,0001045810-23-000227,
revenue,Revenues,us-gaap,USD,2022-08-01,2022-10-30,5931000000.0,2024,Q3,10-Q,2023-11-21,0001045810-23-000227,CY2022Q3
revenue,Revenues,us-gaap,USD,2022-01-31,2023-01-29,26974000000.0,2023,FY,10-K,2023-02-24,0001045810-23-000017,
revenue,Revenues,us-gaap,USD,2022-01-31,2023-01-29,26974000000.0,2024,FY,10-K,2024-02-21,0001045810-24-000029,
revenue,Revenues,us-gaap,USD,2022-01-31,2023-01-29,26974000000.0,2025,FY,10-K,2025-02-26,0001045810-25-000023,CY2022
revenue,Revenues,us-gaap,USD,2023-01-30,2023-04-30,7192000000.0,2024,Q1,10-Q,2023-05-26,0001045810-23-000093,
revenue,Revenues,us-gaap,USD,2023-01-30,2023-04-30,7192000000.0,2025,Q1,10-Q,2024-05-29,0001045810-24-000124,CY2023Q1
revenue,Revenues,us-gaap,USD,2023-01-30,2023-07-30,20699000000.0,2024,Q2,10-Q,2023-08-28,0001045810-23-000175,
revenue,Revenues,us-gaap,USD,2023-05-01,2023-07-30,13507000000.0,2024,Q2,10-Q,2023-08-28,0001045810-23-000175,
revenue,Revenues,us-gaap,USD,2023-01-30,2023-07-30,20699000000.0,2025,Q2,10-Q,2024-08-28,0001045810-24-000264,
revenue,Revenues,us-gaap,USD,2023-05-01,2023-07-30,13507000000.0,2025,Q2,10-Q,2024-08-28,0001045810-24-000264,CY2023Q2
revenue,Revenues,us-gaap,USD,2023-01-30,2023-10-29,38819000000.0,2024,Q3,10-Q,2023-11-21,0001045810-23-000227,
revenue,Revenues,us-gaap,USD,2023-07-31,2023-10-29,18120000000.0,2024,Q3,10-Q,2023-11-21,0001045810-23-000227,
revenue,Revenues,us-gaap,USD,2023-01-30,2023-10-29,38819000000.0,2025,Q3,10-Q,2024-11-20,0001045810-24-000316,
revenue,Revenues,us-gaap,USD,2023-07-31,2023-10-29,18120000000.0,2025,Q3,10-Q,2024-11-20,0001045810-24-000316,CY2023Q3
revenue,Revenues,us-gaap,USD,2023-01-30,2024-01-28,60922000000.0,2024,FY,10-K,2024-02-21,0001045810-24-000029,
revenue,Revenues,us-gaap,USD,2023-01-30,2024-01-28,60922000000.0,2025,FY,10-K,2025-02-26,0001045810-25-000023,
revenue,Revenues,us-gaap,USD,2023-01-30,2024-01-28,60922000000.0,2026,FY,10-K,2026-02-25,0001045810-26-000021,CY2023
revenue,Revenues,us-gaap,USD,2024-01-29,2024-04-28,26044000000.0,2025,Q1,10-Q,2024-05-29,0001045810-24-000124,
revenue,Revenues,us-gaap,USD,2024-01-29,2024-04-28,26044000000.0,2026,Q1,10-Q,2025-05-28,0001045810-25-000116,CY2024Q1
revenue,Revenues,us-gaap,USD,2024-01-29,2024-07-28,56084000000.0,2025,Q2,10-Q,2024-08-28,0001045810-24-000264,
revenue,Revenues,us-gaap,USD,2024-04-29,2024-07-28,30040000000.0,2025,Q2,10-Q,2024-08-28,0001045810-24-000264,
revenue,Revenues,us-gaap,USD,2024-01-29,2024-07-28,56084000000.0,2026,Q2,10-Q,2025-08-27,0001045810-25-000209,
revenue,Revenues,us-gaap,USD,2024-04-29,2024-07-28,30040000000.0,2026,Q2,10-Q,2025-08-27,0001045810-25-000209,CY2024Q2
revenue,Revenues,us-gaap,USD,2024-01-29,2024-10-27,91166000000.0,2025,Q3,10-Q,2024-11-20,0001045810-24-000316,
revenue,Revenues,us-gaap,USD,2024-07-29,2024-10-27,35082000000.0,2025,Q3,10-Q,2024-11-20,0001045810-24-000316,
revenue,Revenues,us-gaap,USD,2024-01-29,2024-10-27,91166000000.0,2026,Q3,10-Q,2025-11-19,0001045810-25-000230,
revenue,Revenues,us-gaap,USD,2024-07-29,2024-10-27,35082000000.0,2026,Q3,10-Q,2025-11-19,0001045810-25-000230,CY2024Q3
revenue,Revenues,us-gaap,USD,2024-01-29,2025-01-26,130497000000.0,2025,FY,10-K,2025-02-26,0001045810-25-000023,
revenue,Revenues,us-gaap,USD,2024-01-29,2025-01-26,130497000000.0,2026,FY,10-K,2026-02-25,0001045810-26-000021,CY2024
revenue,Revenues,us-gaap,USD,2025-01-27,2025-04-27,44062000000.0,2026,Q1,10-Q,2025-05-28,0001045810-25-000116,
revenue,Revenues,us-gaap,USD,2025-01-27,2025-04-27,44062000000.0,2027,Q1,10-Q,2026-05-20,0001045810-26-000052,CY2025Q1
revenue,Revenues,us-gaap,USD,2025-01-27,2025-07-27,90805000000.0,2026,Q2,10-Q,2025-08-27,0001045810-25-000209,
revenue,Revenues,us-gaap,USD,2025-04-28,2025-07-27,46743000000.0,2026,Q2,10-Q,2025-08-27,0001045810-25-000209,
revenue,Revenues,us-gaap,USD,2025-01-27,2025-07-27,90805000000.0,2027,Q2,10-Q,2026-08-26,0001045810-26-000075,
revenue,Revenues,us-gaap,USD,2025-04-28,2025-07-27,46743000000.0,2027,Q2,10-Q,2026-08-26,0001045810-26-000075,CY2025Q2
revenue,Revenues,us-gaap,USD,2025-01-27,2025-10-26,147811000000.0,2026,Q3,10-Q,2025-11-19,0001045810-25-000230,
revenue,Revenues,us-gaap,USD,2025-07-28,2025-10-26,57006000000.0,2026,Q3,10-Q,2025-11-19,0001045810-25-000230,CY2025Q3
revenue,Revenues,us-gaap,USD,2025-01-27,2026-01-25,215938000000.0,2026,FY,10-K,2026-02-25,0001045810-26-000021,CY2025
revenue,Revenues,us-gaap,USD,2026-01-26,2026-04-26,81615000000.0,2027,Q1,10-Q,2026-05-20,0001045810-26-000052,CY2026Q1
revenue,Revenues,us-gaap,USD,2026-01-26,2026-07-26,177837000000.0,2027,Q2,10-Q,2026-08-26,0001045810-26-000075,
revenue,Revenues,us-gaap,USD,2026-04-27,2026-07-26,96221000000.0,2027,Q2,10-Q,2026-08-26,0001045810-26-000075,CY2026Q2
shares_outstanding,EntityCommonStockSharesOutstanding,dei,shares,,2009-08-17,547800000.0,2009,Q2,10-Q,2009-08-20,0001045810-09-000024,CY2009Q3I
shares_outstanding,EntityCommonStockSharesOutstanding,dei,shares,,2009-11-17,554900000.0,2009,Q3,10-Q,2009-11-19,0001045810-09-000036,CY2009Q4I
shares_outstanding,EntityCommonStockSharesOutstanding,dei,shares,,2010-03-10,566500000.0,2010,FY,10-K,2010-03-18,0001045810-10-000006,CY2010Q1I
shares_outstanding,EntityCommonStockSharesOutstanding,dei,shares,,2010-05-17,572168377.0,2010,Q2,10-Q,2010-05-21,0001045810-10-000018,CY2010Q2I
shares_outstanding,EntityCommonStockSharesOutstanding,dei,shares,,2010-08-25,574028479.0,2010,Q3,10-Q,2010-08-30,0001045810-10-000029,CY2010Q3I
shares_outstanding,EntityCommonStockSharesOutstanding,dei,shares,,2010-11-18,580261256.0,2010,Q3,10-Q,2010-12-07,0001045810-10-000045,CY2010Q4I
shares_outstanding,EntityCommonStockSharesOutstanding,dei,shares,,2011-03-10,591400000.0,2010,FY,10-K,2011-03-16,0001045810-11-000015,CY2011Q1I
shares_outstanding,EntityCommonStockSharesOutstanding,dei,shares,,2011-05-23,600288389.0,2011,Q1,10-Q,2011-05-27,0001045810-11-000031,CY2011Q2I
shares_outstanding,EntityCommonStockSharesOutstanding,dei,shares,,2011-08-19,603727365.0,2011,Q2,10-Q,2011-08-25,0001045810-11-000046,CY2011Q3I
shares_outstanding,EntityCommonStockSharesOutstanding,dei,shares,,2011-11-17,610653436.0,2011,Q3,10-Q,2011-11-22,0001045810-11-000056,CY2011Q4I
shares_outstanding,EntityCommonStockSharesOutstanding,dei,shares,,2012-03-09,616028107.0,2011,FY,10-K,2012-03-13,0001045810-12-000013,CY2012Q1I
shares_outstanding,EntityCommonStockSharesOutstanding,dei,shares,,2012-05-18,618804109.0,2012,Q1,10-Q,2012-05-23,0001045810-12-000027,CY2012Q2I
shares_outstanding,EntityCommonStockSharesOutstanding,dei,shares,,2012-08-17,619476242.0,2012,Q2,10-Q,2012-08-22,0001045810-12-000036,CY2012Q3I
shares_outstanding,EntityCommonStockSharesOutstanding,dei,shares,,2012-11-16,624850798.0,2012,Q3,10-Q,2012-11-19,0001045810-12-000060,CY2012Q4I
shares_outstanding,EntityCommonStockSharesOutstanding,dei,shares,,2013-03-08,615980172.0,2012,FY,10-K,2013-03-12,0001045810-13-000008,CY2013Q1I
shares_outstanding,EntityCommonStockSharesOutstanding,dei,shares,,2013-05-17,577916410.0,2013,Q1,10-Q,2013-05-22,0001045810-13-000054,CY2013Q2I
shares_outstanding,EntityCommonStockSharesOutstanding,dei,shares,,2013-08-16,578598038.0,2013,Q2,10-Q,2013-08-21,0001045810-13-000075,CY2013Q3I
shares_outstanding,EntityCommonStockSharesOutstanding,dei,shares,,2013-11-15,568535613.0,2013,Q3,10-Q,2013-11-19,0001045810-13-000109,CY2013Q4I
shares_outstanding,EntityCommonStockSharesOutstanding,dei,shares,,2014-03-07,554241412.0,2013,FY,10-K,2014-03-13,0001045810-14-000030,CY2014Q1I
shares_outstanding,EntityCommonStockSharesOutstanding,dei,shares,,2014-05-16,557966266.0,2014,Q1,10-Q,2014-05-21,0001045810-14-000085,CY2014Q2I
shares_outstanding,EntityCommonStockSharesOutstanding,dei,shares,,2014-08-15,541915105.0,2015,Q2,10-Q,2014-08-20,0001045810-14-000158,
shares_outstanding,EntityCommonStockSharesOutstanding,dei,shares,,2014-11-14,543536901.0,2015,Q3,10-Q,2014-11-19,0001045810-14-000188,CY2014Q3I
shares_outstanding,EntityCommonStockSharesOutstanding,dei,shares,,2015-03-06,549840211.0,2015,FY,10-K,2015-03-12,0001045810-15-000036,CY2015Q1I
shares_outstanding,EntityCommonStockSharesOutstanding,dei,shares,,2015-05-15,537560128.0,2016,Q1,10-Q,2015-05-20,0001045810-15-000097,
shares_outstanding,EntityCommonStockSharesOutstanding,dei,shares,,2015-08-14,539081160.0,2016,Q2,10-Q,2015-08-19,0001045810-15-000143,CY2015Q2I
shares_outstanding,EntityCommonStockSharesOutstanding,dei,shares,,2015-11-13,538450118.0,2016,Q3,10-Q,2015-11-18,0001045810-15-000173,CY2015Q3I
shares_outstanding,EntityCommonStockSharesOutstanding,dei,shares,,2016-03-11,541641088.0,2016,FY,10-K,2016-03-17,0001045810-16-000205,CY2016Q1I
shares_outstanding,EntityCommonStockSharesOutstanding,dei,shares,,2016-05-23,533924612.0,2017,Q1,10-Q,2016-05-25,0001045810-16-000275,CY2016Q2I
shares_outstanding,EntityCommonStockSharesOutstanding,dei,shares,,2016-08-19,535002186.0,2017,Q2,10-Q,2016-08-23,0001045810-16-000300,CY2016Q3I
shares_outstanding,EntityCommonStockSharesOutstanding,dei,shares,,2016-11-18,539495365.0,2017,Q3,10-Q,2016-11-22,0001045810-16-000353,CY2016Q4I
shares_outstanding,EntityCommonStockSharesOutstanding,dei,shares,,2017-02-24,588632086.0,2017,FY,10-K,2017-03-01,0001045810-17-000027,CY2017Q1I
shares_outstanding,EntityCommonStockSharesOutstanding,dei,shares,,2017-05-19,595129427.0,2018,Q1,10-Q,2017-05-23,0001045810-17-000075,CY2017Q2I
shares_outstanding,EntityCommonStockSharesOutstanding,dei,shares,,2017-08-18,600171277.0,2018,Q2,10-Q,2017-08-23,0001045810-17-000123,CY2017Q3I
shares_outstanding,EntityCommonStockSharesOutstanding,dei,shares,,2017-11-17,605647276.0,2018,Q3,10-Q,2017-11-21,0001045810-17-000172,CY2017Q4I
shares_outstanding,EntityCommonStockSharesOutstanding,dei,shares,,2018-02-26,604636210.0,2018,FY,10-K,2018-02-28,0001045810-18-000010,CY2018Q1I
shares_outstanding,EntityCommonStockSharesOutstanding,dei,shares,,2018-05-18,607171892.0,2019,Q1,10-Q,2018-05-22,0001045810-18-000080,
shares_outstanding,EntityCommonStockSharesOutstanding,dei,shares,,2018-08-10,608000000.0,2019,Q2,10-Q,2018-08-16,0001045810-18-000114,CY2018Q2I
shares_outstanding,EntityCommonStockSharesOutstanding,dei,shares,,2018-11-09,610000000.0,2019,Q3,10-Q,2018-11-15,0001045810-18-000150,CY2018Q3I
shares_outstanding,EntityCommonStockSharesOutstanding,dei,shares,,2019-02-15,606000000.0,2019,FY,10-K,2019-02-21,0001045810-19-000023,
shares_outstanding,EntityCommonStockSharesOutstanding,dei,shares,,2019-05-10,609000000.0,2020,Q1,10-Q,2019-05-16,0001045810-19-000079,CY2019Q1I
shares_outstanding,EntityCommonStockSharesOutstanding,dei,shares,,2019-08-09,609000000.0,2020,Q2,10-Q,2019-08-15,0001045810-19-000144,CY2019Q2I
shares_outstanding,EntityCommonStockSharesOutstanding,dei,shares,,2019-11-08,612000000.0,2020,Q3,10-Q,2019-11-14,0001045810-19-000170,CY2019Q3I
shares_outstanding,EntityCommonStockSharesOutstanding,dei,shares,,2020-02-14,612000000.0,2020,FY,10-K,2020-02-20,0001045810-20-000010,CY2019Q4I
shares_outstanding,EntityCommonStockSharesOutstanding,dei,shares,,2020-05-15,615000000.0,2020,Q1,10-Q,2020-05-21,0001045810-20-000065,CY2020Q1I
shares_outstanding,EntityCommonStockSharesOutstanding,dei,shares,,2020-08-14,617000000.0,2020,Q2,10-Q,2020-08-19,0001045810-20-000147,CY2020Q2I
shares_outstanding,EntityCommonStockSharesOutstanding,dei,shares,,2020-11-13,619000000.0,2021,Q3,10-Q,2020-11-18,0001045810-20-000189,CY2020Q3I
shares_outstanding,EntityCommonStockSharesOutstanding,dei,shares,,2021-02-19,620000000.0,2021,FY,10-K,2021-02-26,0001045810-21-000010,CY2021Q1I
shares_outstanding,EntityCommonStockSharesOutstanding,dei,shares,,2021-05-21,623000000.0,2022,Q1,10-Q,2021-05-26,0001045810-21-000064,CY2021Q2I
shares_outstanding,EntityCommonStockSharesOutstanding,dei,shares,,2021-08-13,2500000000.0,2022,Q2,10-Q,2021-08-20,0001045810-21-000131,
shares_outstanding,EntityCommonStockSharesOutstanding,dei,shares,,2021-11-12,2500000000.0,2022,Q3,10-Q,2021-11-22,0001045810-21-000163,CY2021Q3I
shares_outstanding,EntityCommonStockSharesOutstanding,dei,shares,,2022-03-11,2510000000.0,2022,FY,10-K,2022-03-18,0001045810-22-000036,CY2022Q1I
shares_outstanding,EntityCommonStockSharesOutstanding,dei,shares,,2022-05-20,2500000000.0,2023,Q1,10-Q,2022-05-27,0001045810-22-000079,CY2022Q2I
shares_outstanding,EntityCommonStockSharesOutstanding,dei,shares,,2022-08-19,2490000000.0,2023,Q2,10-Q,2022-08-31,0001045810-22-000147,
shares_outstanding,EntityCommonStockSharesOutstanding,dei,shares,,2022-11-11,2460000000.0,2023,Q3,10-Q,2022-11-18,0001045810-22-000166,CY2022Q3I
shares_outstanding,EntityCommonStockSharesOutstanding,dei,shares,,2023-02-17,2470000000.0,2023,FY,10-K,2023-02-24,0001045810-23-000017,CY2023Q1I
shares_outstanding,EntityCommonStockSharesOutstanding,dei,shares,,2023-05-19,2470000000.0,2024,Q1,10-Q,2023-05-26,0001045810-23-000093,CY2023Q2I
shares_outstanding,EntityCommonStockSharesOutstanding,dei,shares,,2023-08-18,2470000000.0,2024,Q2,10-Q,2023-08-28,0001045810-23-000175,CY2023Q3I
shares_outstanding,EntityCommonStockSharesOutstanding,dei,shares,,2023-11-17,2470000000.0,2024,Q3,10-Q,2023-11-21,0001045810-23-000227,CY2023Q4I
shares_outstanding,EntityCommonStockSharesOutstanding,dei,shares,,2024-02-16,2500000000.0,2024,FY,10-K,2024-02-21,0001045810-24-000029,CY2024Q1I
shares_outstanding,EntityCommonStockSharesOutstanding,dei,shares,,2024-05-24,2460000000.0,2025,Q1,10-Q,2024-05-29,0001045810-24-000124,CY2024Q2I
shares_outstanding,EntityCommonStockSharesOutstanding,dei,shares,,2024-08-23,24530000000.0,2025,Q2,10-Q,2024-08-28,0001045810-24-000264,CY2024Q3I
shares_outstanding,EntityCommonStockSharesOutstanding,dei,shares,,2024-11-15,24490000000.0,2025,Q3,10-Q,2024-11-20,0001045810-24-000316,CY2024Q4I
shares_outstanding,EntityCommonStockSharesOutstanding,dei,shares,,2025-02-21,24400000000.0,2025,FY,10-K,2025-02-26,0001045810-25-000023,CY2025Q1I
shares_outstanding,EntityCommonStockSharesOutstanding,dei,shares,,2025-05-23,24400000000.0,2026,Q1,10-Q,2025-05-28,0001045810-25-000116,CY2025Q2I
shares_outstanding,EntityCommonStockSharesOutstanding,dei,shares,,2025-08-22,24300000000.0,2026,Q2,10-Q,2025-08-27,0001045810-25-000209,CY2025Q3I
shares_outstanding,EntityCommonStockSharesOutstanding,dei,shares,,2025-11-14,24300000000.0,2026,Q3,10-Q,2025-11-19,0001045810-25-000230,
shares_outstanding,EntityCommonStockSharesOutstanding,dei,shares,,2026-02-20,24300000000.0,2026,FY,10-K,2026-02-25,0001045810-26-000021,CY2026Q1I
shares_outstanding,EntityCommonStockSharesOutstanding,dei,shares,,2026-05-15,24200000000.0,2027,Q1,10-Q,2026-05-20,0001045810-26-000052,
shares_outstanding,EntityCommonStockSharesOutstanding,dei,shares,,2026-08-21,24100000000.0,2027,Q2,10-Q,2026-08-26,0001045810-26-000075,CY2026Q3I
