concept,tag,taxonomy,unit,start,end,val,fy,fp,form,filed,accn,frame
capex,PaymentsToAcquirePropertyPlantAndEquipment,us-gaap,USD,2010-01-01,2010-12-31,293000000.0,2012,FY,10-K,2013-02-01,0001326801-13-000003,CY2010
capex,PaymentsToAcquirePropertyPlantAndEquipment,us-gaap,USD,2011-01-01,2011-06-30,285000000.0,2012,Q2,10-Q,2012-07-31,0001193125-12-325997,
capex,PaymentsToAcquirePropertyPlantAndEquipment,us-gaap,USD,2011-01-01,2011-09-30,421000000.0,2012,Q3,10-Q,2012-10-24,0001326801-12-000006,
capex,PaymentsToAcquirePropertyPlantAndEquipment,us-gaap,USD,2011-01-01,2011-12-31,606000000.0,2012,FY,10-K,2013-02-01,0001326801-13-000003,
capex,PaymentsToAcquirePropertyPlantAndEquipment,us-gaap,USD,2011-01-01,2011-12-31,606000000.0,2013,FY,10-K,2014-01-31,0001326801-14-000007,CY2011
capex,PaymentsToAcquirePropertyPlantAndEquipment,us-gaap,USD,2012-01-01,2012-03-31,453000000.0,2013,Q1,10-Q,2013-05-02,0001326801-13-000011,CY2012Q1
capex,PaymentsToAcquirePropertyPlantAndEquipment,us-gaap,USD,2012-01-01,2012-06-30,866000000.0,2012,Q2,10-Q,2012-07-31,0001193125-12-325997,
capex,PaymentsToAcquirePropertyPlantAndEquipment,us-gaap,USD,2012-01-01,2012-06-30,866000000.0,2013,Q2,10-Q,2013-07-25,0001326801-13-000019,
capex,PaymentsToAcquirePropertyPlantAndEquipment,us-gaap,USD,2012-01-01,2012-09-30,1037000000.0,2012,Q3,10-Q,2012-10-24,0001326801-12-000006,
capex,PaymentsToAcquirePropertyPlantAndEquipment,us-gaap,USD,2012-01-01,2012-09-30,1037000000.0,2013,Q3,10-Q,2013-11-01,0001326801-13-000031,
capex,PaymentsToAcquirePropertyPlantAndEquipment,us-gaap,USD,2012-01-01,2012-12-31,1235000000.0,2012,FY,10-K,2013-02-01,0001326801-13-000003,
capex,PaymentsToAcquirePropertyPlantAndEquipment,us-gaap,USD,2012-01-01,2012-12-31,1235000000.0,2013,FY,10-K,2014-01-31,0001326801-14-000007,
capex,PaymentsToAcquirePropertyPlantAndEquipment,us-gaap,USD,2012-01-01,2012-12-31,1235000000.0,2014,FY,10-K,2015-01-29,0001326801-15-000006,CY2012
capex,PaymentsToAcquirePropertyPlantAndEquipment,us-gaap,USD,2013-01-01,2013-03-31,327000000.0,2013,Q1,10-Q,2013-05-02,0001326801-13-000011,
capex,PaymentsToAcquirePropertyPlantAndEquipment,us-gaap,USD,2013-01-01,2013-03-31,327000000.0,2014,Q1,10-Q,2014-04-25,0001326801-14-000023,CY2013Q1
capex,PaymentsToAcquirePropertyPlantAndEquipment,us-gaap,USD,2013-01-01,2013-06-30,595000000.0,2013,Q2,10-Q,2013-07-25,0001326801-13-000019,
capex,PaymentsToAcquirePropertyPlantAndEquipment,us-gaap,USD,2013-01-01,2013-06-30,595000000.0,2014,Q2,10-Q,2014-07-24,0001326801-14-000032,
capex,PaymentsToAcquirePropertyPlantAndEquipment,us-gaap,USD,2013-01-01,2013-09-30,879000000.0,2013,Q3,10-Q,2013-11-01,0001326801-13-000031,
capex,PaymentsToAcquirePropertyPlantAndEquipment,us-gaap,USD,2013-01-01,2013-09-30,879000000.0,2014,Q3,10-Q,2014-10-30,0001326801-14-000068,
capex,PaymentsToAcquirePropertyPlantAndEquipment,us-gaap,USD,2013-01-01,2013-12-31,1362000000.0,2013,FY,10-K,2014-01-31,0001326801-14-000007,
capex,PaymentsToAcquirePropertyPlantAndEquipment,us-gaap,USD,2013-01-01,2013-12-31,1362000000.0,2014,FY,10-K,2015-01-29,0001326801-15-000006,
capex,PaymentsToAcquirePropertyPlantAndEquipment,us-gaap,USD,2013-01-01,2013-12-31,1362000000.0,2015,FY,10-K,2016-01-28,0001326801-16-000043,CY2013
capex,PaymentsToAcquirePropertyPlantAndEquipment,us-gaap,USD,2014-01-01,2014-03-31,363000000.0,2014,Q1,10-Q,2014-04-25,0001326801-14-000023,
capex,PaymentsToAcquirePropertyPlantAndEquipment,us-gaap,USD,2014-01-01,2014-03-31,363000000.0,2015,Q1,10-Q,2015-04-23,0001326801-15-000015,CY2014Q1
capex,PaymentsToAcquirePropertyPlantAndEquipment,us-gaap,USD,2014-01-01,2014-06-30,832000000.0,2014,Q2,10-Q,2014-07-24,0001326801-14-000032,
capex,PaymentsToAcquirePropertyPlantAndEquipment,us-gaap,USD,2014-01-01,2014-06-30,832000000.0,2015,Q2,10-Q,2015-07-31,0001326801-15-000028,
capex,PaymentsToAcquirePropertyPlantAndEquipment,us-gaap,USD,2014-01-01,2014-09-30,1314000000.0,2014,Q3,10-Q,2014-10-30,0001326801-14-000068,
capex,PaymentsToAcquirePropertyPlantAndEquipment,us-gaap,USD,2014-01-01,2014-09-30,1314000000.0,2015,Q3,10-Q,2015-11-05,0001326801-15-000032,
capex,PaymentsToAcquirePropertyPlantAndEquipment,us-gaap,USD,2014-01-01,2014-12-31,1831000000.0,2014,FY,10-K,2015-01-29,0001326801-15-000006,
capex,PaymentsToAcquirePropertyPlantAndEquipment,us-gaap,USD,2014-01-01,2014-12-31,1831000000.0,2015,FY,10-K,2016-01-28,0001326801-16-000043,
capex,PaymentsToAcquirePropertyPlantAndEquipment,us-gaap,USD,2014-01-01,2014-12-31,1831000000.0,2016,FY,10-K,2017-02-03,0001326801-17-000007,CY2014
capex,PaymentsToAcquirePropertyPlantAndEquipment,us-gaap,USD,2015-01-01,2015-03-31,502000000.0,2015,Q1,10-Q,2015-04-23,0001326801-15-000015,
capex,PaymentsToAcquirePropertyPlantAndEquipment,us-gaap,USD,2015-01-01,2015-03-31,502000000.0,2016,Q1,10-Q,2016-04-28,0001326801-16-000067,CY2015Q1
capex,PaymentsToAcquirePropertyPlantAndEquipment,us-gaap,USD,2015-01-01,2015-06-30,1051000000.0,2015,Q2,10-Q,2015-07-31,0001326801-15-000028,
capex,PaymentsToAcquirePropertyPlantAndEquipment,us-gaap,USD,2015-01-01,2015-06-30,1051000000.0,2016,Q2,10-Q,2016-07-28,0001326801-16-000082,
capex,PaymentsToAcquirePropertyPlantAndEquipment,us-gaap,USD,2015-01-01,2015-09-30,1831000000.0,2015,Q3,10-Q,2015-11-05,0001326801-15-000032,
capex,PaymentsToAcquirePropertyPlantAndEquipment,us-gaap,USD,2015-01-01,2015-09-30,1831000000.0,2016,Q3,10-Q,2016-11-03,0001326801-16-000087,
capex,PaymentsToAcquirePropertyPlantAndEquipment,us-gaap,USD,2015-01-01,2015-12-31,2523000000.0,2015,FY,10-K,2016-01-28,0001326801-16-000043,
capex,PaymentsToAcquirePropertyPlantAndEquipment,us-gaap,USD,2015-01-01,2015-12-31,2523000000.0,2016,FY,10-K,2017-02-03,0001326801-17-000007,
capex,PaymentsToAcquirePropertyPlantAndEquipment,us-gaap,USD,2015-01-01,2015-12-31,2523000000.0,2017,FY,10-K,2018-02-01,0001326801-18-000009,CY2015
capex,PaymentsToAcquirePropertyPlantAndEquipment,us-gaap,USD,2016-01-01,2016-03-31,1132000000.0,2016,Q1,10-Q,2016-04-28,0001326801-16-000067,
capex,PaymentsToAcquirePropertyPlantAndEquipment,us-gaap,USD,2016-01-01,2016-03-31,1132000000.0,2017,Q1,10-Q,2017-05-04,0001326801-17-000024,CY2016Q1
capex,PaymentsToAcquirePropertyPlantAndEquipment,us-gaap,USD,2016-01-01,2016-06-30,2127000000.0,2016,Q2,10-Q,2016-07-28,0001326801-16-000082,
capex,PaymentsToAcquirePropertyPlantAndEquipment,us-gaap,USD,2016-01-01,2016-06-30,2127000000.0,2017,Q2,10-Q,2017-07-27,0001326801-17-000038,
capex,PaymentsToAcquirePropertyPlantAndEquipment,us-gaap,USD,2016-01-01,2016-09-30,3222000000.0,2016,Q3,10-Q,2016-11-03,0001326801-16-000087,
capex,PaymentsToAcquirePropertyPlantAndEquipment,us-gaap,USD,2016-01-01,2016-09-30,3222000000.0,2017,Q3,10-Q,2017-11-02,0001326801-17-000053,
capex,PaymentsToAcquirePropertyPlantAndEquipment,us-gaap,USD,2016-01-01,2016-12-31,4491000000.0,2016,FY,10-K,2017-02-03,0001326801-17-000007,
capex,PaymentsToAcquirePropertyPlantAndEquipment,us-gaap,USD,2016-01-01,2016-12-31,4491000000.0,2017,FY,10-K,2018-02-01,0001326801-18-000009,
capex,PaymentsToAcquirePropertyPlantAndEquipment,us-gaap,USD,2016-01-01,2016-12-31,4491000000.0,2018,FY,10-K,2019-01-31,0001326801-19-000009,CY2016
capex,PaymentsToAcquirePropertyPlantAndEquipment,us-gaap,USD,2017-01-01,2017-03-31,1271000000.0,2017,Q1,10-Q,2017-05-04,0001326801-17-000024,
capex,PaymentsToAcquirePropertyPlantAndEquipment,us-gaap,USD,2017-01-01,2017-03-31,1271000000.0,2018,Q1,10-Q,2018-04-26,0001326801-18-000032,CY2017Q1
capex,PaymentsToAcquirePropertyPlantAndEquipment,us-gaap,USD,2017-01-01,2017-06-30,2715000000.0,2017,Q2,10-Q,2017-07-27,0001326801-17-000038,
capex,PaymentsToAcquirePropertyPlantAndEquipment,us-gaap,USD,2017-01-01,2017-06-30,2715000000.0,2018,Q2,10-Q,2018-07-26,0001326801-18-000057,
capex,PaymentsToAcquirePropertyPlantAndEquipment,us-gaap,USD,2017-01-01,2017-09-30,4470000000.0,2017,Q3,10-Q,2017-11-02,0001326801-17-000053,
capex,PaymentsToAcquirePropertyPlantAndEquipment,us-gaap,USD,2017-01-01,2017-09-30,4470000000.0,2018,Q3,10-Q,2018-10-31,0001326801-18-000067,
capex,PaymentsToAcquirePropertyPlantAndEquipment,us-gaap,USD,2017-01-01,2017-12-31,6733000000.0,2017,FY,10-K,2018-02-01,0001326801-18-000009,
capex,PaymentsToAcquirePropertyPlantAndEquipment,us-gaap,USD,2017-01-01,2017-12-31,6733000000.0,2018,FY,10-K,2019-01-31,0001326801-19-000009,
capex,PaymentsToAcquirePropertyPlantAndEquipment,us-gaap,USD,2017-01-01,2017-12-31,6733000000.0,2019,FY,10-K,2020-01-30,0001326801-20-000013,CY2017
capex,PaymentsToAcquirePropertyPlantAndEquipment,us-gaap,USD,2018-01-01,2018-03-31,2812000000.0,2018,Q1,10-Q,2018-04-26,0001326801-18-000032,
capex,PaymentsToAcquirePropertyPlantAndEquipment,us-gaap,USD,2018-01-01,2018-03-31,2812000000.0,2019,Q1,10-Q,2019-04-25,0001326801-19-000037,CY2018Q1
capex,PaymentsToAcquirePropertyPlantAndEquipment,us-gaap,USD,2018-01-01,2018-06-30,6272000000.0,2018,Q2,10-Q,2018-07-26,0001326801-18-000057,
capex,PaymentsToAcquirePropertyPlantAndEquipment,us-gaap,USD,2018-01-01,2018-06-30,6272000000.0,2019,Q2,10-Q,2019-07-25,0001326801-19-000055,
capex,PaymentsToAcquirePropertyPlantAndEquipment,us-gaap,USD,2018-01-01,2018-09-30,9614000000.0,2018,Q3,10-Q,2018-10-31,0001326801-18-000067,
capex,PaymentsToAcquirePropertyPlantAndEquipment,us-gaap,USD,2018-01-01,2018-09-30,9614000000.0,2019,Q3,10-Q,2019-10-31,0001326801-19-000069,
capex,PaymentsToAcquirePropertyPlantAndEquipment,us-gaap,USD,2018-01-01,2018-12-31,13915000000.0,2018,FY,10-K,2019-01-31,0001326801-19-000009,
capex,PaymentsToAcquirePropertyPlantAndEquipment,us-gaap,USD,2018-01-01,2018-12-31,13915000000.0,2019,FY,10-K,2020-01-30,0001326801-20-000013,
capex,PaymentsToAcquirePropertyPlantAndEquipment,us-gaap,USD,2018-01-01,2018-12-31,13915000000.0,2020,FY,10-K,2021-01-28,0001326801-21-000014,CY2018
capex,PaymentsToAcquirePropertyPlantAndEquipment,us-gaap,USD,2019-01-01,2019-03-31,3837000000.0,2019,Q1,10-Q,2019-04-25,0001326801-19-000037,
capex,PaymentsToAcquirePropertyPlantAndEquipment,us-gaap,USD,2019-01-01,2019-03-31,3837000000.0,2020,Q1,10-Q,2020-04-30,0001326801-20-000048,CY2019Q1
capex,PaymentsToAcquirePropertyPlantAndEquipment,us-gaap,USD,2019-01-01,2019-06-30,7470000000.0,2019,Q2,10-Q,2019-07-25,0001326801-19-000055,
capex,PaymentsToAcquirePropertyPlantAndEquipment,us-gaap,USD,2019-01-01,2019-06-30,7470000000.0,2020,Q2,10-Q,2020-07-31,0001326801-20-000076,
capex,PaymentsToAcquirePropertyPlantAndEquipment,us-gaap,USD,2019-01-01,2019-09-30,11002000000.0,2019,Q3,10-Q,2019-10-31,0001326801-19-000069,
capex,PaymentsToAcquirePropertyPlantAndEquipment,us-gaap,USD,2019-01-01,2019-09-30,11002000000.0,2020,Q3,10-Q,2020-10-30,0001326801-20-000084,
capex,PaymentsToAcquirePropertyPlantAndEquipment,us-gaap,USD,2019-01-01,2019-12-31,15102000000.0,2019,FY,10-K,2020-01-30,0001326801-20-000013,
capex,PaymentsToAcquirePropertyPlantAndEquipment,us-gaap,USD,2019-01-01,2019-12-31,15102000000.0,2020,FY,10-K,2021-01-28,0001326801-21-000014,
capex,PaymentsToAcquirePropertyPlantAndEquipment,us-gaap,USD,2019-01-01,2019-12-31,15102000000.0,2021,FY,10-K,2022-02-03,0001326801-22-000018,CY2019
capex,PaymentsToAcquirePropertyPlantAndEquipment,us-gaap,USD,2020-01-01,2020-03-31,3558000000.0,2020,Q1,10-Q,2020-04-30,0001326801-20-000048,
capex,PaymentsToAcquirePropertyPlantAndEquipment,us-gaap,USD,2020-01-01,2020-03-31,3558000000.0,2021,Q1,10-Q,2021-04-29,0001326801-21-000033,CY2020Q1
capex,PaymentsToAcquirePropertyPlantAndEquipment,us-gaap,USD,2020-01-01,2020-06-30,6813000000.0,2020,Q2,10-Q,2020-07-31,0001326801-20-000076,
capex,PaymentsToAcquirePropertyPlantAndEquipment,us-gaap,USD,2020-01-01,2020-06-30,6813000000.0,2021,Q2,10-Q,2021-07-29,0001326801-21-000049,
capex,PaymentsToAcquirePropertyPlantAndEquipment,us-gaap,USD,2020-01-01,2020-09-30,10502000000.0,2020,Q3,10-Q,2020-10-30,0001326801-20-000084,
capex,PaymentsToAcquirePropertyPlantAndEquipment,us-gaap,USD,2020-01-01,2020-09-30,10502000000.0,2021,Q3,10-Q,2021-10-26,0001326801-21-000065,
capex,PaymentsToAcquirePropertyPlantAndEquipment,us-gaap,USD,2020-01-01,2020-12-31,15115000000.0,2020,FY,10-K,2021-01-28,0001326801-21-000014,
capex,PaymentsToAcquirePropertyPlantAndEquipment,us-gaap,USD,2020-01-01,2020-12-31,15115000000.0,2021,FY,10-K,2022-02-03,0001326801-22-000018,
capex,PaymentsToAcquirePropertyPlantAndEquipment,us-gaap,USD,2020-01-01,2020-12-31,15163000000.0,2022,FY,10-K,2023-02-02,0001326801-23-000013,CY2020
capex,PaymentsToAcquirePropertyPlantAndEquipment,us-gaap,USD,2021-01-01,2021-03-31,4272000000.0,2021,Q1,10-Q,2021-04-29,0001326801-21-000033,
capex,PaymentsToAcquirePropertyPlantAndEquipment,us-gaap,USD,2021-01-01,2021-03-31,4303000000.0,2022,Q1,10-Q,2022-04-28,0001326801-22-000057,CY2021Q1
capex,PaymentsToAcquirePropertyPlantAndEquipment,us-gaap,USD,2021-01-01,2021-06-30,8884000000.0,2021,Q2,10-Q,2021-07-29,0001326801-21-000049,
capex,PaymentsToAcquirePropertyPlantAndEquipment,us-gaap,USD,2021-01-01,2021-06-30,8944000000.0,2022,Q2,10-Q,2022-07-28,0001326801-22-000082,
capex,PaymentsToAcquirePropertyPlantAndEquipment,us-gaap,USD,2021-01-01,2021-09-30,13198000000.0,2021,Q3,10-Q,2021-10-26,0001326801-21-000065,
capex,PaymentsToAcquirePropertyPlantAndEquipment,us-gaap,USD,2021-01-01,2021-09-30,13290000000.0,2022,Q3,10-Q,2022-10-27,0001326801-22-000108,
capex,PaymentsToAcquirePropertyPlantAndEquipment,us-gaap,USD,2021-01-01,2021-12-31,18567000000.0,2021,FY,10-K,2022-02-03,0001326801-22-000018,
capex,PaymentsToAcquirePropertyPlantAndEquipment,us-gaap,USD,2021-01-01,2021-12-31,18690000000.0,2022,FY,10-K,2023-02-02,0001326801-23-000013,
capex,PaymentsToAcquirePropertyPlantAndEquipment,us-gaap,USD,2021-01-01,2021-12-31,18690000000.0,2023,FY,10-K,2024-02-02,0001326801-24-000012,CY2021
capex,PaymentsToAcquirePropertyPlantAndEquipment,us-gaap,USD,2022-01-01,2022-03-31,5441000000.0,2022,Q1,10-Q,2022-04-28,0001326801-22-000057,
capex,PaymentsToAcquirePropertyPlantAndEquipment,us-gaap,USD,2022-01-01,2022-03-31,5441000000.0,2023,Q1,10-Q,2023-04-27,0001326801-23-000067,CY2022Q1
capex,PaymentsToAcquirePropertyPlantAndEquipment,us-gaap,USD,2022-01-01,2022-06-30,13013000000.0,2022,Q2,10-Q,2022-07-28,0001326801-22-000082,
capex,PaymentsToAcquirePropertyPlantAndEquipment,us-gaap,USD,2022-01-01,2022-06-30,13013000000.0,2023,Q2,10-Q,2023-07-27,0001326801-23-000093,
capex,PaymentsToAcquirePropertyPlantAndEquipment,us-gaap,USD,2022-01-01,2022-09-30,22388000000.0,2022,Q3,10-Q,2022-10-27,0001326801-22-000108,
capex,PaymentsToAcquirePropertyPlantAndEquipment,us-gaap,USD,2022-01-01,2022-09-30,22388000000.0,2023,Q3,10-Q,2023-10-26,0001326801-23-000103,
capex,PaymentsToAcquirePropertyPlantAndEquipment,us-gaap,USD,2022-01-01,2022-12-31,31431000000.0,2022,FY,10-K,2023-02-02,0001326801-23-000013,
capex,PaymentsToAcquirePropertyPlantAndEquipment,us-gaap,USD,2022-01-01,2022-12-31,31431000000.0,2023,FY,10-K,2024-02-02,0001326801-24-000012,
capex,PaymentsToAcquirePropertyPlantAndEquipment,us-gaap,USD,2022-01-01,2022-12-31,31186000000.0,2024,FY,10-K,2025-01-30,0001326801-25-000017,CY2022
capex,PaymentsToAcquirePropertyPlantAndEquipment,us-gaap,USD,2023-01-01,2023-03-31,6842000000.0,2023,Q1,10-Q,2023-04-27,0001326801-23-000067,
capex,PaymentsToAcquirePropertyPlantAndEquipment,us-gaap,USD,2023-01-01,2023-03-31,6823000000.0,2024,Q1,10-Q,2024-04-25,0001326801-24-000049,CY2023Q1
capex,PaymentsToAcquirePropertyPlantAndEquipment,us-gaap,USD,2023-01-01,2023-06-30,13058000000.0,2023,Q2,10-Q,2023-07-27,0001326801-23-000093,
capex,PaymentsToAcquirePropertyPlantAndEquipment,us-gaap,USD,2023-01-01,2023-06-30,12957000000.0,2024,Q2,10-Q,2024-08-01,0001326801-24-000069,
capex,PaymentsToAcquirePropertyPlantAndEquipment,us-gaap,USD,2023-01-01,2023-09-30,19601000000.0,2023,Q3,10-Q,2023-10-26,0001326801-23-000103,
capex,PaymentsToAcquirePropertyPlantAndEquipment,us-gaap,USD,2023-01-01,2023-09-30,19453000000.0,2024,Q3,10-Q,2024-10-31,0001326801-24-000081,
capex,PaymentsToAcquirePropertyPlantAndEquipment,us-gaap,USD,2023-01-01,2023-12-31,27266000000.0,2023,FY,10-K,2024-02-02,0001326801-24-000012,
capex,PaymentsToAcquirePropertyPlantAndEquipment,us-gaap,USD,2023-01-01,2023-12-31,27045000000.0,2024,FY,10-K,2025-01-30,0001326801-25-000017,
capex,PaymentsToAcquirePropertyPlantAndEquipment,us-gaap,USD,2023-01-01,2023-12-31,27045000000.0,2025,FY,10-K,2026-01-29,0001628280-26-003942,CY2023
capex,PaymentsToAcquirePropertyPlantAndEquipment,us-gaap,USD,2024-01-01,2024-03-31,6400000000.0,2024,Q1,10-Q,2024-04-25,0001326801-24-000049,
capex,PaymentsToAcquirePropertyPlantAndEquipment,us-gaap,USD,2024-01-01,2024-03-31,6400000000.0,2025,Q1,10-Q,2025-05-01,0001326801-25-000054,CY2024Q1
capex,PaymentsToAcquirePropertyPlantAndEquipment,us-gaap,USD,2024-01-01,2024-06-30,14573000000.0,2024,Q2,10-Q,2024-08-01,0001326801-24-000069,
capex,PaymentsToAcquirePropertyPlantAndEquipment,us-gaap,USD,2024-01-01,2024-06-30,14573000000.0,2025,Q2,10-Q,2025-07-31,0001628280-25-036791,
capex,PaymentsToAcquirePropertyPlantAndEquipment,us-gaap,USD,2024-01-01,2024-09-30,22831000000.0,2024,Q3,10-Q,2024-10-31,0001326801-24-000081,
capex,PaymentsToAcquirePropertyPlantAndEquipment,us-gaap,USD,2024-01-01,2024-09-30,22831000000.0,2025,Q3,10-Q,2025-10-30,0001628280-25-047240,
capex,PaymentsToAcquirePropertyPlantAndEquipment,us-gaap,USD,2024-01-01,2024-12-31,37256000000.0,2024,FY,10-K,2025-01-30,0001326801-25-000017,
capex,PaymentsToAcquirePropertyPlantAndEquipment,us-gaap,USD,2024-01-01,2024-12-31,37256000000.0,2025,FY,10-K,2026-01-29,0001628280-26-003942,CY2024
capex,PaymentsToAcquirePropertyPlantAndEquipment,us-gaap,USD,2025-01-01,2025-03-31,12941000000.0,2025,Q1,10-Q,2025-05-01,0001326801-25-000054,
capex,PaymentsToAcquirePropertyPlantAndEquipment,us-gaap,USD,2025-01-01,2025-03-31,12941000000.0,2026,Q1,10-Q,2026-04-30,0001628280-26-028526,CY2025Q1
capex,PaymentsToAcquirePropertyPlantAndEquipment,us-gaap,USD,2025-01-01,2025-06-30,29479000000.0,2025,Q2,10-Q,2025-07-31,0001628280-25-036791,
capex,PaymentsToAcquirePropertyPlantAndEquipment,us-gaap,USD,2025-01-01,2025-06-30,29479000000.0,2026,Q2,10-Q,2026-07-30,0001628280-26-050705,
capex,PaymentsToAcquirePropertyPlantAndEquipment,us-gaap,USD,2025-01-01,2025-09-30,48308000000.0,2025,Q3,10-Q,2025-10-30,0001628280-25-047240,
capex,PaymentsToAcquirePropertyPlantAndEquipment,us-gaap,USD,2025-01-01,2025-12-31,69691000000.0,2025,FY,10-K,2026-01-29,0001628280-26-003942,CY2025
capex,PaymentsToAcquirePropertyPlantAndEquipment,us-gaap,USD,2026-01-01,2026-03-31,18997000000.0,2026,Q1,10-Q,2026-04-30,0001628280-26-028526,CY2026Q1
capex,PaymentsToAcquirePropertyPlantAndEquipment,us-gaap,USD,2026-01-01,2026-06-30,49113000000.0,2026,Q2,10-Q,2026-07-30,0001628280-26-050705,
cash,CashAndCashEquivalentsAtCarryingValue,us-gaap,USD,,2009-12-31,633000000.0,2012,FY,10-K,2013-02-01,0001326801-13-000003,CY2009Q4I
cash,CashAndCashEquivalentsAtCarryingValue,us-gaap,USD,,2010-12-31,1785000000.0,2012,Q2,10-Q,2012-07-31,0001193125-12-325997,
cash,CashAndCashEquivalentsAtCarryingValue,us-gaap,USD,,2010-12-31,1785000000.0,2012,Q3,10-Q,2012-10-24,0001326801-12-000006,
cash,CashAndCashEquivalentsAtCarryingValue,us-gaap,USD,,2010-12-31,1785000000.0,2012,FY,10-K,2013-02-01,0001326801-13-000003,
cash,CashAndCashEquivalentsAtCarryingValue,us-gaap,USD,,2010-12-31,1785000000.0,2013,FY,10-K,2014-01-31,0001326801-14-000007,CY2010Q4I
cash,CashAndCashEquivalentsAtCarryingValue,us-gaap,USD,,2011-06-30,1131000000.0,2012,Q2,10-Q,2012-07-31,0001193125-12-325997,CY2011Q2I
cash,CashAndCashEquivalentsAtCarryingValue,us-gaap,USD,,2011-09-30,906000000.0,2012,Q3,10-Q,2012-10-24,0001326801-12-000006,CY2011Q3I
cash,CashAndCashEquivalentsAtCarryingValue,us-gaap,USD,,2011-12-31,1512000000.0,2012,Q2,10-Q,2012-07-31,0001193125-12-325997,
cash,CashAndCashEquivalentsAtCarryingValue,us-gaap,USD,,2011-12-31,1512000000.0,2012,Q3,10-Q,2012-10-24,0001326801-12-000006,
cash,CashAndCashEquivalentsAtCarryingValue,us-gaap,USD,,2011-12-31,1512000000.0,2012,FY,10-K,2013-02-01,0001326801-13-000003,
cash,CashAndCashEquivalentsAtCarryingValue,us-gaap,USD,,2011-12-31,1512000000.0,2013,Q1,10-Q,2013-05-02,0001326801-13-000011,
cash,CashAndCashEquivalentsAtCarryingValue,us-gaap,USD,,2011-12-31,1512000000.0,2013,Q2,10-Q,2013-07-25,0001326801-13-000019,
cash,CashAndCashEquivalentsAtCarryingValue,us-gaap,USD,,2011-12-31,1512000000.0,2013,Q3,10-Q,2013-11-01,0001326801-13-000031,
cash,CashAndCashEquivalentsAtCarryingValue,us-gaap,USD,,2011-12-31,1512000000.0,2013,FY,10-K,2014-01-31,0001326801-14-000007,
cash,CashAndCashEquivalentsAtCarryingValue,us-gaap,USD,,2011-12-31,1512000000.0,2014,FY,10-K,2015-01-29,0001326801-15-000006,CY2011Q4I
cash,CashAndCashEquivalentsAtCarryingValue,us-gaap,USD,,2012-03-31,1282000000.0,2013,Q1,10-Q,2013-05-02,0001326801-13-000011,CY2012Q1I
cash,CashAndCashEquivalentsAtCarryingValue,us-gaap,USD,,2012-06-30,2098000000.0,2012,Q2,10-Q,2012-07-31,0001193125-12-325997,
cash,CashAndCashEquivalentsAtCarryingValue,us-gaap,USD,,2012-06-30,2098000000.0,2013,Q2,10-Q,2013-07-25,0001326801-13-000019,CY2012Q2I
cash,CashAndCashEquivalentsAtCarryingValue,us-gaap,USD,,2012-09-30,2478000000.0,2012,Q3,10-Q,2012-10-24,0001326801-12-000006,
cash,CashAndCashEquivalentsAtCarryingValue,us-gaap,USD,,2012-09-30,2478000000.0,2013,Q3,10-Q,2013-11-01,0001326801-13-000031,CY2012Q3I
cash,CashAndCashEquivalentsAtCarryingValue,us-gaap,USD,,2012-12-31,2384000000.0,2012,FY,10-K,2013-02-01,0001326801-13-000003,
cash,CashAndCashEquivalentsAtCarryingValue,us-gaap,USD,,2012-12-31,2384000000.0,2013,Q1,10-Q,2013-05-02,0001326801-13-000011,
cash,CashAndCashEquivalentsAtCarryingValue,us-gaap,USD,,2012-12-31,2384000000.0,2013,Q2,10-Q,2013-07-25,0001326801-13-000019,
cash,CashAndCashEquivalentsAtCarryingValue,us-gaap,USD,,2012-12-31,2384000000.0,2013,Q3,10-Q,2013-11-01,0001326801-13-000031,
cash,CashAndCashEquivalentsAtCarryingValue,us-gaap,USD,,2012-12-31,2384000000.0,2013,FY,10-K,2014-01-31,0001326801-14-000007,
cash,CashAndCashEquivalentsAtCarryingValue,us-gaap,USD,,2012-12-31,2384000000.0,2014,Q1,10-Q,2014-04-25,0001326801-14-000023,
cash,CashAndCashEquivalentsAtCarryingValue,us-gaap,USD,,2012-12-31,2384000000.0,2014,Q2,10-Q,2014-07-24,0001326801-14-000032,
cash,CashAndCashEquivalentsAtCarryingValue,us-gaap,USD,,2012-12-31,2384000000.0,2014,Q3,10-Q,2014-10-30,0001326801-14-000068,
cash,CashAndCashEquivalentsAtCarryingValue,us-gaap,USD,,2012-12-31,2384000000.0,2014,FY,10-K,2015-01-29,0001326801-15-000006,
cash,CashAndCashEquivalentsAtCarryingValue,us-gaap,USD,,2012-12-31,2384000000.0,2015,FY,10-K,2016-01-28,0001326801-16-000043,CY2012Q4I
cash,CashAndCashEquivalentsAtCarryingValue,us-gaap,USD,,2013-03-31,2325000000.0,2013,Q1,10-Q,2013-05-02,0001326801-13-000011,
cash,CashAndCashEquivalentsAtCarryingValue,us-gaap,USD,,2013-03-31,2325000000.0,2014,Q1,10-Q,2014-04-25,0001326801-14-000023,CY2013Q1I
cash,CashAndCashEquivalentsAtCarryingValue,us-gaap,USD,,2013-06-30,3001000000.0,2013,Q2,10-Q,2013-07-25,0001326801-13-000019,
cash,CashAndCashEquivalentsAtCarryingValue,us-gaap,USD,,2013-06-30,3001000000.0,2014,Q2,10-Q,2014-07-24,0001326801-14-000032,CY2013Q2I
cash,CashAndCashEquivalentsAtCarryingValue,us-gaap,USD,,2013-09-30,3100000000.0,2013,Q3,10-Q,2013-11-01,0001326801-13-000031,
cash,CashAndCashEquivalentsAtCarryingValue,us-gaap,USD,,2013-09-30,3100000000.0,2014,Q3,10-Q,2014-10-30,0001326801-14-000068,CY2013Q3I
cash,CashAndCashEquivalentsAtCarryingValue,us-gaap,USD,,2013-12-31,3323000000.0,2013,FY,10-K,2014-01-31,0001326801-14-000007,
cash,CashAndCashEquivalentsAtCarryingValue,us-gaap,USD,,2013-12-31,3323000000.0,2014,Q1,10-Q,2014-04-25,0001326801-14-000023,
cash,CashAndCashEquivalentsAtCarryingValue,us-gaap,USD,,2013-12-31,3323000000.0,2014,Q2,10-Q,2014-07-24,0001326801-14-000032,
cash,CashAndCashEquivalentsAtCarryingValue,us-gaap,USD,,2013-12-31,3323000000.0,2014,Q3,10-Q,2014-10-30,0001326801-14-000068,
cash,CashAndCashEquivalentsAtCarryingValue,us-gaap,USD,,2013-12-31,3323000000.0,2014,FY,10-K,2015-01-29,0001326801-15-000006,
cash,CashAndCashEquivalentsAtCarryingValue,us-gaap,USD,,2013-12-31,3323000000.0,2015,Q1,10-Q,2015-04-23,0001326801-15-000015,
cash,CashAndCashEquivalentsAtCarryingValue,us-gaap,USD,,2013-12-31,3323000000.0,2015,Q2,10-Q,2015-07-31,0001326801-15-000028,
cash,CashAndCashEquivalentsAtCarryingValue,us-gaap,USD,,2013-12-31,3323000000.0,2015,Q3,10-Q,2015-11-05,0001326801-15-000032,
cash,CashAndCashEquivalentsAtCarryingValue,us-gaap,USD,,2013-12-31,3323000000.0,2015,FY,10-K,2016-01-28,0001326801-16-000043,
cash,CashAndCashEquivalentsAtCarryingValue,us-gaap,USD,,2013-12-31,3323000000.0,2016,FY,10-K,2017-02-03,0001326801-17-000007,CY2013Q4I
cash,CashAndCashEquivalentsAtCarryingValue,us-gaap,USD,,2014-03-31,2998000000.0,2014,Q1,10-Q,2014-04-25,0001326801-14-000023,
cash,CashAndCashEquivalentsAtCarryingValue,us-gaap,USD,,2014-03-31,2998000000.0,2015,Q1,10-Q,2015-04-23,0001326801-15-000015,CY2014Q1I
cash,CashAndCashEquivalentsAtCarryingValue,us-gaap,USD,,2014-06-30,4384000000.0,2014,Q2,10-Q,2014-07-24,0001326801-14-000032,
cash,CashAndCashEquivalentsAtCarryingValue,us-gaap,USD,,2014-06-30,4384000000.0,2015,Q2,10-Q,2015-07-31,0001326801-15-000028,CY2014Q2I
cash,CashAndCashEquivalentsAtCarryingValue,us-gaap,USD,,2014-09-30,8999000000.0,2014,Q3,10-Q,2014-10-30,0001326801-14-000068,
cash,CashAndCashEquivalentsAtCarryingValue,us-gaap,USD,,2014-09-30,8999000000.0,2015,Q3,10-Q,2015-11-05,0001326801-15-000032,CY2014Q3I
cash,CashAndCashEquivalentsAtCarryingValue,us-gaap,USD,,2014-12-31,4315000000.0,2014,FY,10-K,2015-01-29,0001326801-15-000006,
cash,CashAndCashEquivalentsAtCarryingValue,us-gaap,USD,,2014-12-31,4315000000.0,2015,Q1,10-Q,2015-04-23,0001326801-15-000015,
cash,CashAndCashEquivalentsAtCarryingValue,us-gaap,USD,,2014-12-31,4315000000.0,2015,Q2,10-Q,2015-07-31,0001326801-15-000028,
cash,CashAndCashEquivalentsAtCarryingValue,us-gaap,USD,,2014-12-31,4315000000.0,2015,Q3,10-Q,2015-11-05,0001326801-15-000032,
cash,CashAndCashEquivalentsAtCarryingValue,us-gaap,USD,,2014-12-31,4315000000.0,2015,FY,10-K,2016-01-28,0001326801-16-000043,
cash,CashAndCashEquivalentsAtCarryingValue,us-gaap,USD,,2014-12-31,4315000000.0,2016,Q1,10-Q,2016-04-28,0001326801-16-000067,
cash,CashAndCashEquivalentsAtCarryingValue,us-gaap,USD,,2014-12-31,4315000000.0,2016,Q2,10-Q,2016-07-28,0001326801-16-000082,
cash,CashAndCashEquivalentsAtCarryingValue,us-gaap,USD,,2014-12-31,4315000000.0,2016,Q3,10-Q,2016-11-03,0001326801-16-000087,
cash,CashAndCashEquivalentsAtCarryingValue,us-gaap,USD,,2014-12-31,4315000000.0,2016,FY,10-K,2017-02-03,0001326801-17-000007,
cash,CashAndCashEquivalentsAtCarryingValue,us-gaap,USD,,2014-12-31,4315000000.0,2017,FY,10-K,2018-02-01,0001326801-18-000009,CY2014Q4I
cash,CashAndCashEquivalentsAtCarryingValue,us-gaap,USD,,2015-03-31,3419000000.0,2015,Q1,10-Q,2015-04-23,0001326801-15-000015,
cash,CashAndCashEquivalentsAtCarryingValue,us-gaap,USD,,2015-03-31,3419000000.0,2016,Q1,10-Q,2016-04-28,0001326801-16-000067,CY2015Q1I
cash,CashAndCashEquivalentsAtCarryingValue,us-gaap,USD,,2015-06-30,5123000000.0,2015,Q2,10-Q,2015-07-31,0001326801-15-000028,
cash,CashAndCashEquivalentsAtCarryingValue,us-gaap,USD,,2015-06-30,5123000000.0,2016,Q2,10-Q,2016-07-28,0001326801-16-000082,CY2015Q2I
cash,CashAndCashEquivalentsAtCarryingValue,us-gaap,USD,,2015-09-30,4308000000.0,2015,Q3,10-Q,2015-11-05,0001326801-15-000032,
cash,CashAndCashEquivalentsAtCarryingValue,us-gaap,USD,,2015-09-30,4308000000.0,2016,Q3,10-Q,2016-11-03,0001326801-16-000087,CY2015Q3I
cash,CashAndCashEquivalentsAtCarryingValue,us-gaap,USD,,2015-12-31,4907000000.0,2015,FY,10-K,2016-01-28,0001326801-16-000043,
cash,CashAndCashEquivalentsAtCarryingValue,us-gaap,USD,,2015-12-31,4907000000.0,2016,Q1,10-Q,2016-04-28,0001326801-16-000067,
cash,CashAndCashEquivalentsAtCarryingValue,us-gaap,USD,,2015-12-31,4907000000.0,2016,Q2,10-Q,2016-07-28,0001326801-16-000082,
cash,CashAndCashEquivalentsAtCarryingValue,us-gaap,USD,,2015-12-31,4907000000.0,2016,Q3,10-Q,2016-11-03,0001326801-16-000087,
cash,CashAndCashEquivalentsAtCarryingValue,us-gaap,USD,,2015-12-31,4907000000.0,2016,FY,10-K,2017-02-03,0001326801-17-000007,
cash,CashAndCashEquivalentsAtCarryingValue,us-gaap,USD,,2015-12-31,4907000000.0,2017,Q1,10-Q,2017-05-04,0001326801-17-000024,
cash,CashAndCashEquivalentsAtCarryingValue,us-gaap,USD,,2015-12-31,4907000000.0,2017,Q2,10-Q,2017-07-27,0001326801-17-000038,
cash,CashAndCashEquivalentsAtCarryingValue,us-gaap,USD,,2015-12-31,4907000000.0,2017,Q3,10-Q,2017-11-02,0001326801-17-000053,
cash,CashAndCashEquivalentsAtCarryingValue,us-gaap,USD,,2015-12-31,4907000000.0,2017,FY,10-K,2018-02-01,0001326801-18-000009,CY2015Q4I
cash,CashAndCashEquivalentsAtCarryingValue,us-gaap,USD,,2016-03-31,6456000000.0,2016,Q1,10-Q,2016-04-28,0001326801-16-000067,
cash,CashAndCashEquivalentsAtCarryingValue,us-gaap,USD,,2016-03-31,6456000000.0,2017,Q1,10-Q,2017-05-04,0001326801-17-000024,CY2016Q1I
cash,CashAndCashEquivalentsAtCarryingValue,us-gaap,USD,,2016-06-30,5108000000.0,2016,Q2,10-Q,2016-07-28,0001326801-16-000082,
cash,CashAndCashEquivalentsAtCarryingValue,us-gaap,USD,,2016-06-30,5108000000.0,2017,Q2,10-Q,2017-07-27,0001326801-17-000038,CY2016Q2I
cash,CashAndCashEquivalentsAtCarryingValue,us-gaap,USD,,2016-09-30,6038000000.0,2016,Q3,10-Q,2016-11-03,0001326801-16-000087,
cash,CashAndCashEquivalentsAtCarryingValue,us-gaap,USD,,2016-09-30,6038000000.0,2017,Q3,10-Q,2017-11-02,0001326801-17-000053,CY2016Q3I
cash,CashAndCashEquivalentsAtCarryingValue,us-gaap,USD,,2016-12-31,8903000000.0,2016,FY,10-K,2017-02-03,0001326801-17-000007,
cash,CashAndCashEquivalentsAtCarryingValue,us-gaap,USD,,2016-12-31,8903000000.0,2017,Q1,10-Q,2017-05-04,0001326801-17-000024,
cash,CashAndCashEquivalentsAtCarryingValue,us-gaap,USD,,2016-12-31,8903000000.0,2017,Q2,10-Q,2017-07-27,0001326801-17-000038,
cash,CashAndCashEquivalentsAtCarryingValue,us-gaap,USD,,2016-12-31,8903000000.0,2017,Q3,10-Q,2017-11-02,0001326801-17-000053,
cash,CashAndCashEquivalentsAtCarryingValue,us-gaap,USD,,2016-12-31,8903000000.0,2017,FY,10-K,2018-02-01,0001326801-18-000009,
cash,CashAndCashEquivalentsAtCarryingValue,us-gaap,USD,,2016-12-31,8903000000.0,2018,FY,10-K,2019-01-31,0001326801-19-000009,CY2016Q4I
cash,CashAndCashEquivalentsAtCarryingValue,us-gaap,USD,,2017-03-31,7104000000.0,2017,Q1,10-Q,2017-05-04,0001326801-17-000024,
cash,CashAndCashEquivalentsAtCarryingValue,us-gaap,USD,,2017-03-31,7104000000.0,2018,Q1,10-Q,2018-04-26,0001326801-18-000032,CY2017Q1I
cash,CashAndCashEquivalentsAtCarryingValue,us-gaap,USD,,2017-06-30,6252000000.0,2017,Q2,10-Q,2017-07-27,0001326801-17-000038,
cash,CashAndCashEquivalentsAtCarryingValue,us-gaap,USD,,2017-06-30,6252000000.0,2018,Q2,10-Q,2018-07-26,0001326801-18-000057,CY2017Q2I
cash,CashAndCashEquivalentsAtCarryingValue,us-gaap,USD,,2017-09-30,7201000000.0,2017,Q3,10-Q,2017-11-02,0001326801-17-000053,
cash,CashAndCashEquivalentsAtCarryingValue,us-gaap,USD,,2017-09-30,7201000000.0,2018,Q3,10-Q,2018-10-31,0001326801-18-000067,CY2017Q3I
cash,CashAndCashEquivalentsAtCarryingValue,us-gaap,USD,,2017-12-31,8079000000.0,2017,FY,10-K,2018-02-01,0001326801-18-000009,
cash,CashAndCashEquivalentsAtCarryingValue,us-gaap,USD,,2017-12-31,8079000000.0,2018,Q1,10-Q,2018-04-26,0001326801-18-000032,
cash,CashAndCashEquivalentsAtCarryingValue,us-gaap,USD,,2017-12-31,8079000000.0,2018,Q2,10-Q,2018-07-26,0001326801-18-000057,
cash,CashAndCashEquivalentsAtCarryingValue,us-gaap,USD,,2017-12-31,8079000000.0,2018,Q3,10-Q,2018-10-31,0001326801-18-000067,
cash,CashAndCashEquivalentsAtCarryingValue,us-gaap,USD,,2017-12-31,8079000000.0,2018,FY,10-K,2019-01-31,0001326801-19-000009,
cash,CashAndCashEquivalentsAtCarryingValue,us-gaap,USD,,2017-12-31,8079000000.0,2019,FY,10-K,2020-01-30,0001326801-20-000013,CY2017Q4I
cash,CashAndCashEquivalentsAtCarryingValue,us-gaap,USD,,2018-03-31,12082000000.0,2018,Q1,10-Q,2018-04-26,0001326801-18-000032,
cash,CashAndCashEquivalentsAtCarryingValue,us-gaap,USD,,2018-03-31,12082000000.0,2019,Q1,10-Q,2019-04-25,0001326801-19-000037,CY2018Q1I
cash,CashAndCashEquivalentsAtCarryingValue,us-gaap,USD,,2018-06-30,11552000000.0,2018,Q2,10-Q,2018-07-26,0001326801-18-000057,
cash,CashAndCashEquivalentsAtCarryingValue,us-gaap,USD,,2018-06-30,11552000000.0,2019,Q2,10-Q,2019-07-25,0001326801-19-000055,CY2018Q2I
cash,CashAndCashEquivalentsAtCarryingValue,us-gaap,USD,,2018-09-30,9637000000.0,2018,Q3,10-Q,2018-10-31,0001326801-18-000067,
cash,CashAndCashEquivalentsAtCarryingValue,us-gaap,USD,,2018-09-30,9637000000.0,2019,Q3,10-Q,2019-10-31,0001326801-19-000069,CY2018Q3I
cash,CashAndCashEquivalentsAtCarryingValue,us-gaap,USD,,2018-12-31,10019000000.0,2018,FY,10-K,2019-01-31,0001326801-19-000009,
cash,CashAndCashEquivalentsAtCarryingValue,us-gaap,USD,,2018-12-31,10019000000.0,2019,Q1,10-Q,2019-04-25,0001326801-19-000037,
cash,CashAndCashEquivalentsAtCarryingValue,us-gaap,USD,,2018-12-31,10019000000.0,2019,Q2,10-Q,2019-07-25,0001326801-19-000055,
cash,CashAndCashEquivalentsAtCarryingValue,us-gaap,USD,,2018-12-31,10019000000.0,2019,Q3,10-Q,2019-10-31,0001326801-19-000069,
cash,CashAndCashEquivalentsAtCarryingValue,us-gaap,USD,,2018-12-31,10019000000.0,2019,FY,10-K,2020-01-30,0001326801-20-000013,
cash,CashAndCashEquivalentsAtCarryingValue,us-gaap,USD,,2018-12-31,10019000000.0,2020,FY,10-K,2021-01-28,0001326801-21-000014,CY2018Q4I
cash,CashAndCashEquivalentsAtCarryingValue,us-gaap,USD,,2019-03-31,11076000000.0,2019,Q1,10-Q,2019-04-25,0001326801-19-000037,
cash,CashAndCashEquivalentsAtCarryingValue,us-gaap,USD,,2019-03-31,11076000000.0,2020,Q1,10-Q,2020-04-30,0001326801-20-000048,CY2019Q1I
cash,CashAndCashEquivalentsAtCarryingValue,us-gaap,USD,,2019-06-30,13877000000.0,2019,Q2,10-Q,2019-07-25,0001326801-19-000055,
cash,CashAndCashEquivalentsAtCarryingValue,us-gaap,USD,,2019-06-30,13877000000.0,2020,Q2,10-Q,2020-07-31,0001326801-20-000076,CY2019Q2I
cash,CashAndCashEquivalentsAtCarryingValue,us-gaap,USD,,2019-09-30,15979000000.0,2019,Q3,10-Q,2019-10-31,0001326801-19-000069,
cash,CashAndCashEquivalentsAtCarryingValue,us-gaap,USD,,2019-09-30,15979000000.0,2020,Q3,10-Q,2020-10-30,0001326801-20-000084,CY2019Q3I
cash,CashAndCashEquivalentsAtCarryingValue,us-gaap,USD,,2019-12-31,19079000000.0,2019,FY,10-K,2020-01-30,0001326801-20-000013,
cash,CashAndCashEquivalentsAtCarryingValue,us-gaap,USD,,2019-12-31,19079000000.0,2020,Q1,10-Q,2020-04-30,0001326801-20-000048,
cash,CashAndCashEquivalentsAtCarryingValue,us-gaap,USD,,2019-12-31,19079000000.0,2020,Q2,10-Q,2020-07-31,0001326801-20-000076,
cash,CashAndCashEquivalentsAtCarryingValue,us-gaap,USD,,2019-12-31,19079000000.0,2020,Q3,10-Q,2020-10-30,0001326801-20-000084,
cash,CashAndCashEquivalentsAtCarryingValue,us-gaap,USD,,2019-12-31,19079000000.0,2020,FY,10-K,2021-01-28,0001326801-21-000014,
cash,CashAndCashEquivalentsAtCarryingValue,us-gaap,USD,,2019-12-31,19079000000.0,2021,FY,10-K,2022-02-03,0001326801-22-000018,CY2019Q4I
cash,CashAndCashEquivalentsAtCarryingValue,us-gaap,USD,,2020-03-31,23618000000.0,2020,Q1,10-Q,2020-04-30,0001326801-20-000048,
cash,CashAndCashEquivalentsAtCarryingValue,us-gaap,USD,,2020-03-31,23618000000.0,2021,Q1,10-Q,2021-04-29,0001326801-21-000033,CY2020Q1I
cash,CashAndCashEquivalentsAtCarryingValue,us-gaap,USD,,2020-06-30,21045000000.0,2020,Q2,10-Q,2020-07-31,0001326801-20-000076,
cash,CashAndCashEquivalentsAtCarryingValue,us-gaap,USD,,2020-06-30,21045000000.0,2021,Q2,10-Q,2021-07-29,0001326801-21-000049,CY2020Q2I
cash,CashAndCashEquivalentsAtCarryingValue,us-gaap,USD,,2020-09-30,11617000000.0,2020,Q3,10-Q,2020-10-30,0001326801-20-000084,
cash,CashAndCashEquivalentsAtCarryingValue,us-gaap,USD,,2020-09-30,11617000000.0,2021,Q3,10-Q,2021-10-26,0001326801-21-000065,CY2020Q3I
cash,CashAndCashEquivalentsAtCarryingValue,us-gaap,USD,,2020-12-31,17576000000.0,2020,FY,10-K,2021-01-28,0001326801-21-000014,
cash,CashAndCashEquivalentsAtCarryingValue,us-gaap,USD,,2020-12-31,17576000000.0,2021,Q1,10-Q,2021-04-29,0001326801-21-000033,
cash,CashAndCashEquivalentsAtCarryingValue,us-gaap,USD,,2020-12-31,17576000000.0,2021,Q2,10-Q,2021-07-29,0001326801-21-000049,
cash,CashAndCashEquivalentsAtCarryingValue,us-gaap,USD,,2020-12-31,17576000000.0,2021,Q3,10-Q,2021-10-26,0001326801-21-000065,
cash,CashAndCashEquivalentsAtCarryingValue,us-gaap,USD,,2020-12-31,17576000000.0,2021,FY,10-K,2022-02-03,0001326801-22-000018,
cash,CashAndCashEquivalentsAtCarryingValue,us-gaap,USD,,2020-12-31,17576000000.0,2022,FY,10-K,2023-02-02,0001326801-23-000013,CY2020Q4I
cash,CashAndCashEquivalentsAtCarryingValue,us-gaap,USD,,2021-03-31,19513000000.0,2021,Q1,10-Q,2021-04-29,0001326801-21-000033,
cash,CashAndCashEquivalentsAtCarryingValue,us-gaap,USD,,2021-03-31,19513000000.0,2022,Q1,10-Q,2022-04-28,0001326801-22-000057,CY2021Q1I
cash,CashAndCashEquivalentsAtCarryingValue,us-gaap,USD,,2021-06-30,16186000000.0,2021,Q2,10-Q,2021-07-29,0001326801-21-000049,
cash,CashAndCashEquivalentsAtCarryingValue,us-gaap,USD,,2021-06-30,16186000000.0,2022,Q2,10-Q,2022-07-28,0001326801-22-000082,CY2021Q2I
cash,CashAndCashEquivalentsAtCarryingValue,us-gaap,USD,,2021-09-30,14496000000.0,2021,Q3,10-Q,2021-10-26,0001326801-21-000065,
cash,CashAndCashEquivalentsAtCarryingValue,us-gaap,USD,,2021-09-30,14496000000.0,2022,Q3,10-Q,2022-10-27,0001326801-22-000108,CY2021Q3I
cash,CashAndCashEquivalentsAtCarryingValue,us-gaap,USD,,2021-12-31,16601000000.0,2021,FY,10-K,2022-02-03,0001326801-22-000018,
cash,CashAndCashEquivalentsAtCarryingValue,us-gaap,USD,,2021-12-31,16601000000.0,2022,Q1,10-Q,2022-04-28,0001326801-22-000057,
cash,CashAndCashEquivalentsAtCarryingValue,us-gaap,USD,,2021-12-31,16601000000.0,2022,Q2,10-Q,2022-07-28,0001326801-22-000082,
cash,CashAndCashEquivalentsAtCarryingValue,us-gaap,USD,,2021-12-31,16601000000.0,2022,Q3,10-Q,2022-10-27,0001326801-22-000108,
cash,CashAndCashEquivalentsAtCarryingValue,us-gaap,USD,,2021-12-31,16601000000.0,2022,FY,10-K,2023-02-02,0001326801-23-000013,
cash,CashAndCashEquivalentsAtCarryingValue,us-gaap,USD,,2021-12-31,16601000000.0,2023,FY,10-K,2024-02-02,0001326801-24-000012,CY2021Q4I
cash,CashAndCashEquivalentsAtCarryingValue,us-gaap,USD,,2022-03-31,14886000000.0,2022,Q1,10-Q,2022-04-28,0001326801-22-000057,
cash,CashAndCashEquivalentsAtCarryingValue,us-gaap,USD,,2022-03-31,14886000000.0,2023,Q1,10-Q,2023-04-27,0001326801-23-000067,CY2022Q1I
cash,CashAndCashEquivalentsAtCarryingValue,us-gaap,USD,,2022-06-30,12681000000.0,2022,Q2,10-Q,2022-07-28,0001326801-22-000082,
cash,CashAndCashEquivalentsAtCarryingValue,us-gaap,USD,,2022-06-30,12681000000.0,2023,Q2,10-Q,2023-07-27,0001326801-23-000093,CY2022Q2I
cash,CashAndCashEquivalentsAtCarryingValue,us-gaap,USD,,2022-09-30,14308000000.0,2022,Q3,10-Q,2022-10-27,0001326801-22-000108,
cash,CashAndCashEquivalentsAtCarryingValue,us-gaap,USD,,2022-09-30,14308000000.0,2023,Q3,10-Q,2023-10-26,0001326801-23-000103,CY2022Q3I
cash,CashAndCashEquivalentsAtCarryingValue,us-gaap,USD,,2022-12-31,14681000000.0,2022,FY,10-K,2023-02-02,0001326801-23-000013,
cash,CashAndCashEquivalentsAtCarryingValue,us-gaap,USD,,2022-12-31,14681000000.0,2023,Q1,10-Q,2023-04-27,0001326801-23-000067,
cash,CashAndCashEquivalentsAtCarryingValue,us-gaap,USD,,2022-12-31,14681000000.0,2023,Q2,10-Q,2023-07-27,0001326801-23-000093,
cash,CashAndCashEquivalentsAtCarryingValue,us-gaap,USD,,2022-12-31,14681000000.0,2023,Q3,10-Q,2023-10-26,0001326801-23-000103,
cash,CashAndCashEquivalentsAtCarryingValue,us-gaap,USD,,2022-12-31,14681000000.0,2023,FY,10-K,2024-02-02,0001326801-24-000012,
cash,CashAndCashEquivalentsAtCarryingValue,us-gaap,USD,,2022-12-31,14681000000.0,2024,FY,10-K,2025-01-30,0001326801-25-000017,CY2022Q4I
cash,CashAndCashEquivalentsAtCarryingValue,us-gaap,USD,,2023-03-31,11551000000.0,2023,Q1,10-Q,2023-04-27,0001326801-23-000067,
cash,CashAndCashEquivalentsAtCarryingValue,us-gaap,USD,,2023-03-31,11551000000.0,2024,Q1,10-Q,2024-04-25,0001326801-24-000049,CY2023Q1I
cash,CashAndCashEquivalentsAtCarryingValue,us-gaap,USD,,2023-06-30,28785000000.0,2023,Q2,10-Q,2023-07-27,0001326801-23-000093,
cash,CashAndCashEquivalentsAtCarryingValue,us-gaap,USD,,2023-06-30,28785000000.0,2024,Q2,10-Q,2024-08-01,0001326801-24-000069,CY2023Q2I
cash,CashAndCashEquivalentsAtCarryingValue,us-gaap,USD,,2023-09-30,36890000000.0,2023,Q3,10-Q,2023-10-26,0001326801-23-000103,
cash,CashAndCashEquivalentsAtCarryingValue,us-gaap,USD,,2023-09-30,36890000000.0,2024,Q3,10-Q,2024-10-31,0001326801-24-000081,CY2023Q3I
cash,CashAndCashEquivalentsAtCarryingValue,us-gaap,USD,,2023-12-31,41862000000.0,2023,FY,10-K,2024-02-02,0001326801-24-000012,
cash,CashAndCashEquivalentsAtCarryingValue,us-gaap,USD,,2023-12-31,41862000000.0,2024,Q1,10-Q,2024-04-25,0001326801-24-000049,
cash,CashAndCashEquivalentsAtCarryingValue,us-gaap,USD,,2023-12-31,41862000000.0,2024,Q2,10-Q,2024-08-01,0001326801-24-000069,
cash,CashAndCashEquivalentsAtCarryingValue,us-gaap,USD,,2023-12-31,41862000000.0,2024,Q3,10-Q,2024-10-31,0001326801-24-000081,
cash,CashAndCashEquivalentsAtCarryingValue,us-gaap,USD,,2023-12-31,41862000000.0,2024,FY,10-K,2025-01-30,0001326801-25-000017,
cash,CashAndCashEquivalentsAtCarryingValue,us-gaap,USD,,2023-12-31,41862000000.0,2025,FY,10-K,2026-01-29,0001628280-26-003942,CY2023Q4I
cash,CashAndCashEquivalentsAtCarryingValue,us-gaap,USD,,2024-03-31,32307000000.0,2024,Q1,10-Q,2024-04-25,0001326801-24-000049,
cash,CashAndCashEquivalentsAtCarryingValue,us-gaap,USD,,2024-03-31,32307000000.0,2025,Q1,10-Q,2025-05-01,0001326801-25-000054,CY2024Q1I
cash,CashAndCashEquivalentsAtCarryingValue,us-gaap,USD,,2024-06-30,32045000000.0,2024,Q2,10-Q,2024-08-01,0001326801-24-000069,
cash,CashAndCashEquivalentsAtCarryingValue,us-gaap,USD,,2024-06-30,32045000000.0,2025,Q2,10-Q,2025-07-31,0001628280-25-036791,CY2024Q2I
cash,CashAndCashEquivalentsAtCarryingValue,us-gaap,USD,,2024-09-30,43852000000.0,2024,Q3,10-Q,2024-10-31,0001326801-24-000081,
cash,CashAndCashEquivalentsAtCarryingValue,us-gaap,USD,,2024-09-30,43852000000.0,2025,Q3,10-Q,2025-10-30,0001628280-25-047240,CY2024Q3I
cash,CashAndCashEquivalentsAtCarryingValue,us-gaap,USD,,2024-12-31,43889000000.0,2024,FY,10-K,2025-01-30,0001326801-25-000017,
cash,CashAndCashEquivalentsAtCarryingValue,us-gaap,USD,,2024-12-31,43889000000.0,2025,Q1,10-Q,2025-05-01,0001326801-25-000054,
cash,CashAndCashEquivalentsAtCarryingValue,us-gaap,USD,,2024-12-31,43889000000.0,2025,Q2,10-Q,2025-07-31,0001628280-25-036791,
cash,CashAndCashEquivalentsAtCarryingValue,us-gaap,USD,,2024-12-31,43889000000.0,2025,Q3,10-Q,2025-10-30,0001628280-25-047240,
cash,CashAndCashEquivalentsAtCarryingValue,us-gaap,USD,,2024-12-31,43889000000.0,2025,FY,10-K,2026-01-29,0001628280-26-003942,CY2024Q4I
cash,CashAndCashEquivalentsAtCarryingValue,us-gaap,USD,,2025-03-31,28750000000.0,2025,Q1,10-Q,2025-05-01,0001326801-25-000054,
cash,CashAndCashEquivalentsAtCarryingValue,us-gaap,USD,,2025-03-31,28750000000.0,2026,Q1,10-Q,2026-04-30,0001628280-26-028526,CY2025Q1I
cash,CashAndCashEquivalentsAtCarryingValue,us-gaap,USD,,2025-06-30,12005000000.0,2025,Q2,10-Q,2025-07-31,0001628280-25-036791,
cash,CashAndCashEquivalentsAtCarryingValue,us-gaap,USD,,2025-06-30,12005000000.0,2026,Q2,10-Q,2026-07-30,0001628280-26-050705,CY2025Q2I
cash,CashAndCashEquivalentsAtCarryingValue,us-gaap,USD,,2025-09-30,10187000000.0,2025,Q3,10-Q,2025-10-30,0001628280-25-047240,CY2025Q3I
cash,CashAndCashEquivalentsAtCarryingValue,us-gaap,USD,,2025-12-31,35873000000.0,2025,FY,10-K,2026-01-29,0001628280-26-003942,
cash,CashAndCashEquivalentsAtCarryingValue,us-gaap,USD,,2025-12-31,35873000000.0,2026,Q1,10-Q,2026-04-30,0001628280-26-028526,
cash,CashAndCashEquivalentsAtCarryingValue,us-gaap,USD,,2025-12-31,35873000000.0,2026,Q2,10-Q,2026-07-30,0001628280-26-050705,CY2025Q4I
cash,CashAndCashEquivalentsAtCarryingValue,us-gaap,USD,,2026-03-31,23426000000.0,2026,Q1,10-Q,2026-04-30,0001628280-26-028526,CY2026Q1I
cash,CashAndCashEquivalentsAtCarryingValue,us-gaap,USD,,2026-06-30,15462000000.0,2026,Q2,10-Q,2026-07-30,0001628280-26-050705,CY2026Q2I
cfo,NetCashProvidedByUsedInOperatingActivities,us-gaap,USD,2010-01-01,2010-12-31,698000000.0,2012,FY,10-K,2013-02-01,0001326801-13-000003,CY2010
cfo,NetCashProvidedByUsedInOperatingActivities,us-gaap,USD,2011-01-01,2011-06-30,474000000.0,2012,Q2,10-Q,2012-07-31,0001193125-12-325997,
cfo,NetCashProvidedByUsedInOperatingActivities,us-gaap,USD,2011-01-01,2011-09-30,1039000000.0,2012,Q3,10-Q,2012-10-24,0001326801-12-000006,
cfo,NetCashProvidedByUsedInOperatingActivities,us-gaap,USD,2011-01-01,2011-12-31,1549000000.0,2012,FY,10-K,2013-02-01,0001326801-13-000003,
cfo,NetCashProvidedByUsedInOperatingActivities,us-gaap,USD,2011-01-01,2011-12-31,1549000000.0,2013,FY,10-K,2014-01-31,0001326801-14-000007,CY2011
cfo,NetCashProvidedByUsedInOperatingActivities,us-gaap,USD,2012-01-01,2012-03-31,441000000.0,2013,Q1,10-Q,2013-05-02,0001326801-13-000011,CY2012Q1
cfo,NetCashProvidedByUsedInOperatingActivities,us-gaap,USD,2012-01-01,2012-06-30,683000000.0,2012,Q2,10-Q,2012-07-31,0001193125-12-325997,
cfo,NetCashProvidedByUsedInOperatingActivities,us-gaap,USD,2012-01-01,2012-06-30,681000000.0,2013,Q2,10-Q,2013-07-25,0001326801-13-000019,
cfo,NetCashProvidedByUsedInOperatingActivities,us-gaap,USD,2012-01-01,2012-09-30,931000000.0,2012,Q3,10-Q,2012-10-24,0001326801-12-000006,
cfo,NetCashProvidedByUsedInOperatingActivities,us-gaap,USD,2012-01-01,2012-09-30,931000000.0,2013,Q3,10-Q,2013-11-01,0001326801-13-000031,
cfo,NetCashProvidedByUsedInOperatingActivities,us-gaap,USD,2012-01-01,2012-12-31,1612000000.0,2012,FY,10-K,2013-02-01,0001326801-13-000003,
cfo,NetCashProvidedByUsedInOperatingActivities,us-gaap,USD,2012-01-01,2012-12-31,1612000000.0,2013,FY,10-K,2014-01-31,0001326801-14-000007,
cfo,NetCashProvidedByUsedInOperatingActivities,us-gaap,USD,2012-01-01,2012-12-31,1612000000.0,2014,FY,10-K,2015-01-29,0001326801-15-000006,CY2012
cfo,NetCashProvidedByUsedInOperatingActivities,us-gaap,USD,2013-01-01,2013-03-31,719000000.0,2013,Q1,10-Q,2013-05-02,0001326801-13-000011,
cfo,NetCashProvidedByUsedInOperatingActivities,us-gaap,USD,2013-01-01,2013-03-31,719000000.0,2014,Q1,10-Q,2014-04-25,0001326801-14-000023,CY2013Q1
cfo,NetCashProvidedByUsedInOperatingActivities,us-gaap,USD,2013-01-01,2013-06-30,2041000000.0,2013,Q2,10-Q,2013-07-25,0001326801-13-000019,
cfo,NetCashProvidedByUsedInOperatingActivities,us-gaap,USD,2013-01-01,2013-06-30,2041000000.0,2014,Q2,10-Q,2014-07-24,0001326801-14-000032,
cfo,NetCashProvidedByUsedInOperatingActivities,us-gaap,USD,2013-01-01,2013-09-30,2991000000.0,2013,Q3,10-Q,2013-11-01,0001326801-13-000031,
cfo,NetCashProvidedByUsedInOperatingActivities,us-gaap,USD,2013-01-01,2013-09-30,2991000000.0,2014,Q3,10-Q,2014-10-30,0001326801-14-000068,
cfo,NetCashProvidedByUsedInOperatingActivities,us-gaap,USD,2013-01-01,2013-12-31,4222000000.0,2013,FY,10-K,2014-01-31,0001326801-14-000007,
cfo,NetCashProvidedByUsedInOperatingActivities,us-gaap,USD,2013-01-01,2013-12-31,4222000000.0,2014,FY,10-K,2015-01-29,0001326801-15-000006,
cfo,NetCashProvidedByUsedInOperatingActivities,us-gaap,USD,2013-01-01,2013-12-31,4222000000.0,2015,FY,10-K,2016-01-28,0001326801-16-000043,CY2013
cfo,NetCashProvidedByUsedInOperatingActivities,us-gaap,USD,2014-01-01,2014-03-31,1285000000.0,2014,Q1,10-Q,2014-04-25,0001326801-14-000023,
cfo,NetCashProvidedByUsedInOperatingActivities,us-gaap,USD,2014-01-01,2014-03-31,1285000000.0,2015,Q1,10-Q,2015-04-23,0001326801-15-000015,CY2014Q1
cfo,NetCashProvidedByUsedInOperatingActivities,us-gaap,USD,2014-01-01,2014-06-30,2626000000.0,2014,Q2,10-Q,2014-07-24,0001326801-14-000032,
cfo,NetCashProvidedByUsedInOperatingActivities,us-gaap,USD,2014-01-01,2014-06-30,2626000000.0,2015,Q2,10-Q,2015-07-31,0001326801-15-000028,
cfo,NetCashProvidedByUsedInOperatingActivities,us-gaap,USD,2014-01-01,2014-09-30,3874000000.0,2014,Q3,10-Q,2014-10-30,0001326801-14-000068,
cfo,NetCashProvidedByUsedInOperatingActivities,us-gaap,USD,2014-01-01,2014-09-30,3874000000.0,2015,Q3,10-Q,2015-11-05,0001326801-15-000032,
cfo,NetCashProvidedByUsedInOperatingActivities,us-gaap,USD,2014-01-01,2014-12-31,5457000000.0,2014,FY,10-K,2015-01-29,0001326801-15-000006,
cfo,NetCashProvidedByUsedInOperatingActivities,us-gaap,USD,2014-01-01,2014-12-31,5457000000.0,2015,FY,10-K,2016-01-28,0001326801-16-000043,
cfo,NetCashProvidedByUsedInOperatingActivities,us-gaap,USD,2014-01-01,2014-12-31,7326000000.0,2016,FY,10-K,2017-02-03,0001326801-17-000007,CY2014
cfo,NetCashProvidedByUsedInOperatingActivities,us-gaap,USD,2015-01-01,2015-03-31,1700000000.0,2015,Q1,10-Q,2015-04-23,0001326801-15-000015,
cfo,NetCashProvidedByUsedInOperatingActivities,us-gaap,USD,2015-01-01,2015-03-31,1700000000.0,2016,Q1,10-Q,2016-04-28,0001326801-16-000067,CY2015Q1
cfo,NetCashProvidedByUsedInOperatingActivities,us-gaap,USD,2015-01-01,2015-06-30,3580000000.0,2015,Q2,10-Q,2015-07-31,0001326801-15-000028,
cfo,NetCashProvidedByUsedInOperatingActivities,us-gaap,USD,2015-01-01,2015-06-30,3580000000.0,2016,Q2,10-Q,2016-07-28,0001326801-16-000082,
cfo,NetCashProvidedByUsedInOperatingActivities,us-gaap,USD,2015-01-01,2015-09-30,5772000000.0,2015,Q3,10-Q,2015-11-05,0001326801-15-000032,
cfo,NetCashProvidedByUsedInOperatingActivities,us-gaap,USD,2015-01-01,2015-09-30,5772000000.0,2016,Q3,10-Q,2016-11-03,0001326801-16-000087,
cfo,NetCashProvidedByUsedInOperatingActivities,us-gaap,USD,2015-01-01,2015-12-31,8599000000.0,2015,FY,10-K,2016-01-28,0001326801-16-000043,
cfo,NetCashProvidedByUsedInOperatingActivities,us-gaap,USD,2015-01-01,2015-12-31,10320000000.0,2016,FY,10-K,2017-02-03,0001326801-17-000007,
cfo,NetCashProvidedByUsedInOperatingActivities,us-gaap,USD,2015-01-01,2015-12-31,10320000000.0,2017,FY,10-K,2018-02-01,0001326801-18-000009,CY2015
cfo,NetCashProvidedByUsedInOperatingActivities,us-gaap,USD,2016-01-01,2016-03-31,2983000000.0,2016,Q1,10-Q,2016-04-28,0001326801-16-000067,
cfo,NetCashProvidedByUsedInOperatingActivities,us-gaap,USD,2016-01-01,2016-03-31,3477000000.0,2016,FY,10-K,2017-02-03,0001326801-17-000007,
cfo,NetCashProvidedByUsedInOperatingActivities,us-gaap,USD,2016-01-01,2016-03-31,3477000000.0,2017,Q1,10-Q,2017-05-04,0001326801-17-000024,CY2016Q1
cfo,NetCashProvidedByUsedInOperatingActivities,us-gaap,USD,2016-01-01,2016-06-30,6181000000.0,2016,Q2,10-Q,2016-07-28,0001326801-16-000082,
cfo,NetCashProvidedByUsedInOperatingActivities,us-gaap,USD,2016-01-01,2016-06-30,7142000000.0,2016,FY,10-K,2017-02-03,0001326801-17-000007,
cfo,NetCashProvidedByUsedInOperatingActivities,us-gaap,USD,2016-01-01,2016-06-30,7142000000.0,2017,Q2,10-Q,2017-07-27,0001326801-17-000038,
cfo,NetCashProvidedByUsedInOperatingActivities,us-gaap,USD,2016-01-01,2016-09-30,9758000000.0,2016,Q3,10-Q,2016-11-03,0001326801-16-000087,
cfo,NetCashProvidedByUsedInOperatingActivities,us-gaap,USD,2016-01-01,2016-09-30,11178000000.0,2016,FY,10-K,2017-02-03,0001326801-17-000007,
cfo,NetCashProvidedByUsedInOperatingActivities,us-gaap,USD,2016-01-01,2016-09-30,11178000000.0,2017,Q3,10-Q,2017-11-02,0001326801-17-000053,
cfo,NetCashProvidedByUsedInOperatingActivities,us-gaap,USD,2016-01-01,2016-12-31,16108000000.0,2016,FY,10-K,2017-02-03,0001326801-17-000007,
cfo,NetCashProvidedByUsedInOperatingActivities,us-gaap,USD,2016-01-01,2016-12-31,16108000000.0,2017,FY,10-K,2018-02-01,0001326801-18-000009,
cfo,NetCashProvidedByUsedInOperatingActivities,us-gaap,USD,2016-01-01,2016-12-31,16108000000.0,2018,FY,10-K,2019-01-31,0001326801-19-000009,CY2016
cfo,NetCashProvidedByUsedInOperatingActivities,us-gaap,USD,2017-01-01,2017-03-31,5058000000.0,2017,Q1,10-Q,2017-05-04,0001326801-17-000024,
cfo,NetCashProvidedByUsedInOperatingActivities,us-gaap,USD,2017-01-01,2017-03-31,5058000000.0,2018,Q1,10-Q,2018-04-26,0001326801-18-000032,CY2017Q1
cfo,NetCashProvidedByUsedInOperatingActivities,us-gaap,USD,2017-01-01,2017-06-30,10418000000.0,2017,Q2,10-Q,2017-07-27,0001326801-17-000038,
cfo,NetCashProvidedByUsedInOperatingActivities,us-gaap,USD,2017-01-01,2017-06-30,10418000000.0,2018,Q2,10-Q,2018-07-26,0001326801-18-000057,
cfo,NetCashProvidedByUsedInOperatingActivities,us-gaap,USD,2017-01-01,2017-09-30,16545000000.0,2017,Q3,10-Q,2017-11-02,0001326801-17-000053,
cfo,NetCashProvidedByUsedInOperatingActivities,us-gaap,USD,2017-01-01,2017-09-30,16545000000.0,2018,Q3,10-Q,2018-10-31,0001326801-18-000067,
cfo,NetCashProvidedByUsedInOperatingActivities,us-gaap,USD,2017-01-01,2017-12-31,24216000000.0,2017,FY,10-K,2018-02-01,0001326801-18-000009,
cfo,NetCashProvidedByUsedInOperatingActivities,us-gaap,USD,2017-01-01,2017-12-31,24216000000.0,2018,FY,10-K,2019-01-31,0001326801-19-000009,
cfo,NetCashProvidedByUsedInOperatingActivities,us-gaap,USD,2017-01-01,2017-12-31,24216000000.0,2019,FY,10-K,2020-01-30,0001326801-20-000013,CY2017
cfo,NetCashProvidedByUsedInOperatingActivities,us-gaap,USD,2018-01-01,2018-03-31,7860000000.0,2018,Q1,10-Q,2018-04-26,0001326801-18-000032,
cfo,NetCashProvidedByUsedInOperatingActivities,us-gaap,USD,2018-01-01,2018-03-31,7860000000.0,2019,Q1,10-Q,2019-04-25,0001326801-19-000037,CY2018Q1
cfo,NetCashProvidedByUsedInOperatingActivities,us-gaap,USD,2018-01-01,2018-06-30,14158000000.0,2018,Q2,10-Q,2018-07-26,0001326801-18-000057,
cfo,NetCashProvidedByUsedInOperatingActivities,us-gaap,USD,2018-01-01,2018-06-30,14158000000.0,2019,Q2,10-Q,2019-07-25,0001326801-19-000055,
cfo,NetCashProvidedByUsedInOperatingActivities,us-gaap,USD,2018-01-01,2018-09-30,21656000000.0,2018,Q3,10-Q,2018-10-31,0001326801-18-000067,
cfo,NetCashProvidedByUsedInOperatingActivities,us-gaap,USD,2018-01-01,2018-09-30,21656000000.0,2019,Q3,10-Q,2019-10-31,0001326801-19-000069,
cfo,NetCashProvidedByUsedInOperatingActivities,us-gaap,USD,2018-01-01,2018-12-31,29274000000.0,2018,FY,10-K,2019-01-31,0001326801-19-000009,
cfo,NetCashProvidedByUsedInOperatingActivities,us-gaap,USD,2018-01-01,2018-12-31,29274000000.0,2019,FY,10-K,2020-01-30,0001326801-20-000013,
cfo,NetCashProvidedByUsedInOperatingActivities,us-gaap,USD,2018-01-01,2018-12-31,29274000000.0,2020,FY,10-K,2021-01-28,0001326801-21-000014,CY2018
cfo,NetCashProvidedByUsedInOperatingActivities,us-gaap,USD,2019-01-01,2019-03-31,9308000000.0,2019,Q1,10-Q,2019-04-25,0001326801-19-000037,
cfo,NetCashProvidedByUsedInOperatingActivities,us-gaap,USD,2019-01-01,2019-03-31,9308000000.0,2020,Q1,10-Q,2020-04-30,0001326801-20-000048,CY2019Q1
cfo,NetCashProvidedByUsedInOperatingActivities,us-gaap,USD,2019-01-01,2019-06-30,17924000000.0,2019,Q2,10-Q,2019-07-25,0001326801-19-000055,
cfo,NetCashProvidedByUsedInOperatingActivities,us-gaap,USD,2019-01-01,2019-06-30,17924000000.0,2020,Q2,10-Q,2020-07-31,0001326801-20-000076,
cfo,NetCashProvidedByUsedInOperatingActivities,us-gaap,USD,2019-01-01,2019-09-30,27231000000.0,2019,Q3,10-Q,2019-10-31,0001326801-19-000069,
cfo,NetCashProvidedByUsedInOperatingActivities,us-gaap,USD,2019-01-01,2019-09-30,27231000000.0,2020,Q3,10-Q,2020-10-30,0001326801-20-000084,
cfo,NetCashProvidedByUsedInOperatingActivities,us-gaap,USD,2019-01-01,2019-12-31,36314000000.0,2019,FY,10-K,2020-01-30,0001326801-20-000013,
cfo,NetCashProvidedByUsedInOperatingActivities,us-gaap,USD,2019-01-01,2019-12-31,36314000000.0,2020,FY,10-K,2021-01-28,0001326801-21-000014,
cfo,NetCashProvidedByUsedInOperatingActivities,us-gaap,USD,2019-01-01,2019-12-31,36314000000.0,2021,FY,10-K,2022-02-03,0001326801-22-000018,CY2019
cfo,NetCashProvidedByUsedInOperatingActivities,us-gaap,USD,2020-01-01,2020-03-31,11001000000.0,2020,Q1,10-Q,2020-04-30,0001326801-20-000048,
cfo,NetCashProvidedByUsedInOperatingActivities,us-gaap,USD,2020-01-01,2020-03-31,11001000000.0,2021,Q1,10-Q,2021-04-29,0001326801-21-000033,CY2020Q1
cfo,NetCashProvidedByUsedInOperatingActivities,us-gaap,USD,2020-01-01,2020-06-30,14878000000.0,2020,Q2,10-Q,2020-07-31,0001326801-20-000076,
cfo,NetCashProvidedByUsedInOperatingActivities,us-gaap,USD,2020-01-01,2020-06-30,14878000000.0,2021,Q2,10-Q,2021-07-29,0001326801-21-000049,
cfo,NetCashProvidedByUsedInOperatingActivities,us-gaap,USD,2020-01-01,2020-09-30,24707000000.0,2020,Q3,10-Q,2020-10-30,0001326801-20-000084,
cfo,NetCashProvidedByUsedInOperatingActivities,us-gaap,USD,2020-01-01,2020-09-30,24707000000.0,2021,Q3,10-Q,2021-10-26,0001326801-21-000065,
cfo,NetCashProvidedByUsedInOperatingActivities,us-gaap,USD,2020-01-01,2020-12-31,38747000000.0,2020,FY,10-K,2021-01-28,0001326801-21-000014,
cfo,NetCashProvidedByUsedInOperatingActivities,us-gaap,USD,2020-01-01,2020-12-31,38747000000.0,2021,FY,10-K,2022-02-03,0001326801-22-000018,
cfo,NetCashProvidedByUsedInOperatingActivities,us-gaap,USD,2020-01-01,2020-12-31,38747000000.0,2022,FY,10-K,2023-02-02,0001326801-23-000013,CY2020
cfo,NetCashProvidedByUsedInOperatingActivities,us-gaap,USD,2021-01-01,2021-03-31,12242000000.0,2021,Q1,10-Q,2021-04-29,0001326801-21-000033,
cfo,NetCashProvidedByUsedInOperatingActivities,us-gaap,USD,2021-01-01,2021-03-31,12242000000.0,2022,Q1,10-Q,2022-04-28,0001326801-22-000057,CY2021Q1
cfo,NetCashProvidedByUsedInOperatingActivities,us-gaap,USD,2021-01-01,2021-06-30,25489000000.0,2021,Q2,10-Q,2021-07-29,0001326801-21-000049,
cfo,NetCashProvidedByUsedInOperatingActivities,us-gaap,USD,2021-01-01,2021-06-30,25489000000.0,2022,Q2,10-Q,2022-07-28,0001326801-22-000082,
cfo,NetCashProvidedByUsedInOperatingActivities,us-gaap,USD,2021-01-01,2021-09-30,39579000000.0,2021,Q3,10-Q,2021-10-26,0001326801-21-000065,
cfo,NetCashProvidedByUsedInOperatingActivities,us-gaap,USD,2021-01-01,2021-09-30,39579000000.0,2022,Q3,10-Q,2022-10-27,0001326801-22-000108,
cfo,NetCashProvidedByUsedInOperatingActivities,us-gaap,USD,2021-01-01,2021-12-31,57683000000.0,2021,FY,10-K,2022-02-03,0001326801-22-000018,
cfo,NetCashProvidedByUsedInOperatingActivities,us-gaap,USD,2021-01-01,2021-12-31,57683000000.0,2022,FY,10-K,2023-02-02,0001326801-23-000013,
cfo,NetCashProvidedByUsedInOperatingActivities,us-gaap,USD,2021-01-01,2021-12-31,57683000000.0,2023,FY,10-K,2024-02-02,0001326801-24-000012,CY2021
cfo,NetCashProvidedByUsedInOperatingActivities,us-gaap,USD,2022-01-01,2022-03-31,14076000000.0,2022,Q1,10-Q,2022-04-28,0001326801-22-000057,
cfo,NetCashProvidedByUsedInOperatingActivities,us-gaap,USD,2022-01-01,2022-03-31,14076000000.0,2023,Q1,10-Q,2023-04-27,0001326801-23-000067,CY2022Q1
cfo,NetCashProvidedByUsedInOperatingActivities,us-gaap,USD,2022-01-01,2022-06-30,26272000000.0,2022,Q2,10-Q,2022-07-28,0001326801-22-000082,
cfo,NetCashProvidedByUsedInOperatingActivities,us-gaap,USD,2022-01-01,2022-06-30,26272000000.0,2023,Q2,10-Q,2023-07-27,0001326801-23-000093,
cfo,NetCashProvidedByUsedInOperatingActivities,us-gaap,USD,2022-01-01,2022-09-30,35964000000.0,2022,Q3,10-Q,2022-10-27,0001326801-22-000108,
cfo,NetCashProvidedByUsedInOperatingActivities,us-gaap,USD,2022-01-01,2022-09-30,35964000000.0,2023,Q3,10-Q,2023-10-26,0001326801-23-000103,
cfo,NetCashProvidedByUsedInOperatingActivities,us-gaap,USD,2022-01-01,2022-12-31,50475000000.0,2022,FY,10-K,2023-02-02,0001326801-23-000013,
cfo,NetCashProvidedByUsedInOperatingActivities,us-gaap,USD,2022-01-01,2022-12-31,50475000000.0,2023,FY,10-K,2024-02-02,0001326801-24-000012,
cfo,NetCashProvidedByUsedInOperatingActivities,us-gaap,USD,2022-01-01,2022-12-31,50475000000.0,2024,FY,10-K,2025-01-30,0001326801-25-000017,CY2022
cfo,NetCashProvidedByUsedInOperatingActivities,us-gaap,USD,2023-01-01,2023-03-31,13998000000.0,2023,Q1,10-Q,2023-04-27,0001326801-23-000067,
cfo,NetCashProvidedByUsedInOperatingActivities,us-gaap,USD,2023-01-01,2023-03-31,13998000000.0,2024,Q1,10-Q,2024-04-25,0001326801-24-000049,CY2023Q1
cfo,NetCashProvidedByUsedInOperatingActivities,us-gaap,USD,2023-01-01,2023-06-30,31307000000.0,2023,Q2,10-Q,2023-07-27,0001326801-23-000093,
cfo,NetCashProvidedByUsedInOperatingActivities,us-gaap,USD,2023-01-01,2023-06-30,31307000000.0,2024,Q2,10-Q,2024-08-01,0001326801-24-000069,
cfo,NetCashProvidedByUsedInOperatingActivities,us-gaap,USD,2023-01-01,2023-09-30,51709000000.0,2023,Q3,10-Q,2023-10-26,0001326801-23-000103,
cfo,NetCashProvidedByUsedInOperatingActivities,us-gaap,USD,2023-01-01,2023-09-30,51709000000.0,2024,Q3,10-Q,2024-10-31,0001326801-24-000081,
cfo,NetCashProvidedByUsedInOperatingActivities,us-gaap,USD,2023-01-01,2023-12-31,71113000000.0,2023,FY,10-K,2024-02-02,0001326801-24-000012,
cfo,NetCashProvidedByUsedInOperatingActivities,us-gaap,USD,2023-01-01,2023-12-31,71113000000.0,2024,FY,10-K,2025-01-30,0001326801-25-000017,
cfo,NetCashProvidedByUsedInOperatingActivities,us-gaap,USD,2023-01-01,2023-12-31,71113000000.0,2025,FY,10-K,2026-01-29,0001628280-26-003942,CY2023
cfo,NetCashProvidedByUsedInOperatingActivities,us-gaap,USD,2024-01-01,2024-03-31,19246000000.0,2024,Q1,10-Q,2024-04-25,0001326801-24-000049,
cfo,NetCashProvidedByUsedInOperatingActivities,us-gaap,USD,2024-01-01,2024-03-31,19246000000.0,2025,Q1,10-Q,2025-05-01,0001326801-25-000054,CY2024Q1
cfo,NetCashProvidedByUsedInOperatingActivities,us-gaap,USD,2024-01-01,2024-06-30,38616000000.0,2024,Q2,10-Q,2024-08-01,0001326801-24-000069,
cfo,NetCashProvidedByUsedInOperatingActivities,us-gaap,USD,2024-01-01,2024-06-30,38616000000.0,2025,Q2,10-Q,2025-07-31,0001628280-25-036791,
cfo,NetCashProvidedByUsedInOperatingActivities,us-gaap,USD,2024-01-01,2024-09-30,63340000000.0,2024,Q3,10-Q,2024-10-31,0001326801-24-000081,
cfo,NetCashProvidedByUsedInOperatingActivities,us-gaap,USD,2024-01-01,2024-09-30,63340000000.0,2025,Q3,10-Q,2025-10-30,0001628280-25-047240,
cfo,NetCashProvidedByUsedInOperatingActivities,us-gaap,USD,2024-01-01,2024-12-31,91328000000.0,2024,FY,10-K,2025-01-30,0001326801-25-000017,
cfo,NetCashProvidedByUsedInOperatingActivities,us-gaap,USD,2024-01-01,2024-12-31,91328000000.0,2025,FY,10-K,2026-01-29,0001628280-26-003942,CY2024
cfo,NetCashProvidedByUsedInOperatingActivities,us-gaap,USD,2025-01-01,2025-03-31,24026000000.0,2025,Q1,10-Q,2025-05-01,0001326801-25-000054,
cfo,NetCashProvidedByUsedInOperatingActivities,us-gaap,USD,2025-01-01,2025-03-31,24026000000.0,2026,Q1,10-Q,2026-04-30,0001628280-26-028526,CY2025Q1
cfo,NetCashProvidedByUsedInOperatingActivities,us-gaap,USD,2025-01-01,2025-06-30,49587000000.0,2025,Q2,10-Q,2025-07-31,0001628280-25-036791,
cfo,NetCashProvidedByUsedInOperatingActivities,us-gaap,USD,2025-01-01,2025-06-30,49587000000.0,2026,Q2,10-Q,2026-07-30,0001628280-26-050705,
cfo,NetCashProvidedByUsedInOperatingActivities,us-gaap,USD,2025-01-01,2025-09-30,79586000000.0,2025,Q3,10-Q,2025-10-30,0001628280-25-047240,
cfo,NetCashProvidedByUsedInOperatingActivities,us-gaap,USD,2025-01-01,2025-12-31,115800000000.0,2025,FY,10-K,2026-01-29,0001628280-26-003942,CY2025
cfo,NetCashProvidedByUsedInOperatingActivities,us-gaap,USD,2026-01-01,2026-03-31,32226000000.0,2026,Q1,10-Q,2026-04-30,0001628280-26-028526,CY2026Q1
cfo,NetCashProvidedByUsedInOperatingActivities,us-gaap,USD,2026-01-01,2026-06-30,64088000000.0,2026,Q2,10-Q,2026-07-30,0001628280-26-050705,
cost_of_revenue,CostOfRevenue,us-gaap,USD,2010-01-01,2010-12-31,493000000.0,2012,FY,10-K,2013-02-01,0001326801-13-000003,CY2010
cost_of_revenue,CostOfRevenue,us-gaap,USD,2011-01-01,2011-06-30,377000000.0,2012,Q2,10-Q,2012-07-31,0001193125-12-325997,
cost_of_revenue,CostOfRevenue,us-gaap,USD,2011-04-01,2011-06-30,210000000.0,2012,Q2,10-Q,2012-07-31,0001193125-12-325997,CY2011Q2
cost_of_revenue,CostOfRevenue,us-gaap,USD,2011-01-01,2011-09-30,613000000.0,2012,Q3,10-Q,2012-10-24,0001326801-12-000006,
cost_of_revenue,CostOfRevenue,us-gaap,USD,2011-07-01,2011-09-30,236000000.0,2012,Q3,10-Q,2012-10-24,0001326801-12-000006,CY2011Q3
cost_of_revenue,CostOfRevenue,us-gaap,USD,2011-01-01,2011-12-31,860000000.0,2012,FY,10-K,2013-02-01,0001326801-13-000003,
cost_of_revenue,CostOfRevenue,us-gaap,USD,2011-01-01,2011-12-31,860000000.0,2013,FY,10-K,2014-01-31,0001326801-14-000007,CY2011
cost_of_revenue,CostOfRevenue,us-gaap,USD,2012-01-01,2012-03-31,277000000.0,2013,Q1,10-Q,2013-05-02,0001326801-13-000011,CY2012Q1
cost_of_revenue,CostOfRevenue,us-gaap,USD,2012-01-01,2012-06-30,644000000.0,2012,Q2,10-Q,2012-07-31,0001193125-12-325997,
cost_of_revenue,CostOfRevenue,us-gaap,USD,2012-04-01,2012-06-30,367000000.0,2012,Q2,10-Q,2012-07-31,0001193125-12-325997,
cost_of_revenue,CostOfRevenue,us-gaap,USD,2012-01-01,2012-06-30,644000000.0,2013,Q2,10-Q,2013-07-25,0001326801-13-000019,
cost_of_revenue,CostOfRevenue,us-gaap,USD,2012-04-01,2012-06-30,367000000.0,2013,Q2,10-Q,2013-07-25,0001326801-13-000019,CY2012Q2
cost_of_revenue,CostOfRevenue,us-gaap,USD,2012-01-01,2012-09-30,967000000.0,2012,Q3,10-Q,2012-10-24,0001326801-12-000006,
cost_of_revenue,CostOfRevenue,us-gaap,USD,2012-07-01,2012-09-30,322000000.0,2012,Q3,10-Q,2012-10-24,0001326801-12-000006,
cost_of_revenue,CostOfRevenue,us-gaap,USD,2012-01-01,2012-09-30,967000000.0,2013,Q3,10-Q,2013-11-01,0001326801-13-000031,
cost_of_revenue,CostOfRevenue,us-gaap,USD,2012-07-01,2012-09-30,322000000.0,2013,Q3,10-Q,2013-11-01,0001326801-13-000031,CY2012Q3
cost_of_revenue,CostOfRevenue,us-gaap,USD,2012-01-01,2012-12-31,1364000000.0,2012,FY,10-K,2013-02-01,0001326801-13-000003,
cost_of_revenue,CostOfRevenue,us-gaap,USD,2012-01-01,2012-12-31,1364000000.0,2013,FY,10-K,2014-01-31,0001326801-14-000007,
cost_of_revenue,CostOfRevenue,us-gaap,USD,2012-01-01,2012-12-31,1364000000.0,2014,FY,10-K,2015-01-29,0001326801-15-000006,CY2012
cost_of_revenue,CostOfRevenue,us-gaap,USD,2013-01-01,2013-03-31,413000000.0,2013,Q1,10-Q,2013-05-02,0001326801-13-000011,
cost_of_revenue,CostOfRevenue,us-gaap,USD,2013-01-01,2013-03-31,413000000.0,2014,Q1,10-Q,2014-04-25,0001326801-14-000023,CY2013Q1
cost_of_revenue,CostOfRevenue,us-gaap,USD,2013-01-01,2013-06-30,878000000.0,2013,Q2,10-Q,2013-07-25,0001326801-13-000019,
cost_of_revenue,CostOfRevenue,us-gaap,USD,2013-04-01,2013-06-30,465000000.0,2013,Q2,10-Q,2013-07-25,0001326801-13-000019,
cost_of_revenue,CostOfRevenue,us-gaap,USD,2013-01-01,2013-06-30,878000000.0,2014,Q2,10-Q,2014-07-24,0001326801-14-000032,
cost_of_revenue,CostOfRevenue,us-gaap,USD,2013-04-01,2013-06-30,465000000.0,2014,Q2,10-Q,2014-07-24,0001326801-14-000032,CY2013Q2
cost_of_revenue,CostOfRevenue,us-gaap,USD,2013-01-01,2013-09-30,1384000000.0,2013,Q3,10-Q,2013-11-01,0001326801-13-000031,
cost_of_revenue,CostOfRevenue,us-gaap,USD,2013-07-01,2013-09-30,507000000.0,2013,Q3,10-Q,2013-11-01,0001326801-13-000031,
cost_of_revenue,CostOfRevenue,us-gaap,USD,2013-01-01,2013-09-30,1384000000.0,2014,Q3,10-Q,2014-10-30,0001326801-14-000068,
cost_of_revenue,CostOfRevenue,us-gaap,USD,2013-07-01,2013-09-30,507000000.0,2014,Q3,10-Q,2014-10-30,0001326801-14-000068,CY2013Q3
cost_of_revenue,CostOfRevenue,us-gaap,USD,2013-01-01,2013-12-31,1875000000.0,2013,FY,10-K,2014-01-31,0001326801-14-000007,
cost_of_revenue,CostOfRevenue,us-gaap,USD,2013-01-01,2013-12-31,1875000000.0,2014,FY,10-K,2015-01-29,0001326801-15-000006,
cost_of_revenue,CostOfRevenue,us-gaap,USD,2013-01-01,2013-12-31,1875000000.0,2015,FY,10-K,2016-01-28,0001326801-16-000043,CY2013
cost_of_revenue,CostOfRevenue,us-gaap,USD,2014-01-01,2014-03-31,462000000.0,2014,Q1,10-Q,2014-04-25,0001326801-14-000023,
cost_of_revenue,CostOfRevenue,us-gaap,USD,2014-01-01,2014-03-31,462000000.0,2015,Q1,10-Q,2015-04-23,0001326801-15-000015,CY2014Q1
cost_of_revenue,CostOfRevenue,us-gaap,USD,2014-01-01,2014-06-30,936000000.0,2014,Q2,10-Q,2014-07-24,0001326801-14-000032,
cost_of_revenue,CostOfRevenue,us-gaap,USD,2014-04-01,2014-06-30,473000000.0,2014,Q2,10-Q,2014-07-24,0001326801-14-000032,
cost_of_revenue,CostOfRevenue,us-gaap,USD,2014-01-01,2014-06-30,936000000.0,2015,Q2,10-Q,2015-07-31,0001326801-15-000028,
cost_of_revenue,CostOfRevenue,us-gaap,USD,2014-04-01,2014-06-30,473000000.0,2015,Q2,10-Q,2015-07-31,0001326801-15-000028,CY2014Q2
cost_of_revenue,CostOfRevenue,us-gaap,USD,2014-01-01,2014-09-30,1501000000.0,2014,Q3,10-Q,2014-10-30,0001326801-14-000068,
cost_of_revenue,CostOfRevenue,us-gaap,USD,2014-07-01,2014-09-30,565000000.0,2014,Q3,10-Q,2014-10-30,0001326801-14-000068,
cost_of_revenue,CostOfRevenue,us-gaap,USD,2014-01-01,2014-09-30,1501000000.0,2015,Q3,10-Q,2015-11-05,0001326801-15-000032,
cost_of_revenue,CostOfRevenue,us-gaap,USD,2014-07-01,2014-09-30,565000000.0,2015,Q3,10-Q,2015-11-05,0001326801-15-000032,CY2014Q3
cost_of_revenue,CostOfRevenue,us-gaap,USD,2014-01-01,2014-12-31,2153000000.0,2014,FY,10-K,2015-01-29,0001326801-15-000006,
cost_of_revenue,CostOfRevenue,us-gaap,USD,2014-01-01,2014-12-31,2153000000.0,2015,FY,10-K,2016-01-28,0001326801-16-000043,
cost_of_revenue,CostOfRevenue,us-gaap,USD,2014-01-01,2014-12-31,2153000000.0,2016,FY,10-K,2017-02-03,0001326801-17-000007,CY2014
cost_of_revenue,CostOfRevenue,us-gaap,USD,2015-01-01,2015-03-31,654000000.0,2015,Q1,10-Q,2015-04-23,0001326801-15-000015,
cost_of_revenue,CostOfRevenue,us-gaap,USD,2015-01-01,2015-03-31,654000000.0,2016,Q1,10-Q,2016-04-28,0001326801-16-000067,CY2015Q1
cost_of_revenue,CostOfRevenue,us-gaap,USD,2015-01-01,2015-06-30,1323000000.0,2015,Q2,10-Q,2015-07-31,0001326801-15-000028,
cost_of_revenue,CostOfRevenue,us-gaap,USD,2015-04-01,2015-06-30,668000000.0,2015,Q2,10-Q,2015-07-31,0001326801-15-000028,
cost_of_revenue,CostOfRevenue,us-gaap,USD,2015-01-01,2015-06-30,1323000000.0,2016,Q2,10-Q,2016-07-28,0001326801-16-000082,
cost_of_revenue,CostOfRevenue,us-gaap,USD,2015-04-01,2015-06-30,668000000.0,2016,Q2,10-Q,2016-07-28,0001326801-16-000082,CY2015Q2
cost_of_revenue,CostOfRevenue,us-gaap,USD,2015-01-01,2015-09-30,2043000000.0,2015,Q3,10-Q,2015-11-05,0001326801-15-000032,
cost_of_revenue,CostOfRevenue,us-gaap,USD,2015-07-01,2015-09-30,720000000.0,2015,Q3,10-Q,2015-11-05,0001326801-15-000032,
cost_of_revenue,CostOfRevenue,us-gaap,USD,2015-01-01,2015-09-30,2043000000.0,2016,Q3,10-Q,2016-11-03,0001326801-16-000087,
cost_of_revenue,CostOfRevenue,us-gaap,USD,2015-07-01,2015-09-30,720000000.0,2016,Q3,10-Q,2016-11-03,0001326801-16-000087,CY2015Q3
cost_of_revenue,CostOfRevenue,us-gaap,USD,2015-01-01,2015-12-31,2867000000.0,2015,FY,10-K,2016-01-28,0001326801-16-000043,
cost_of_revenue,CostOfRevenue,us-gaap,USD,2015-01-01,2015-12-31,2867000000.0,2016,FY,10-K,2017-02-03,0001326801-17-000007,
cost_of_revenue,CostOfRevenue,us-gaap,USD,2015-01-01,2015-12-31,2867000000.0,2017,FY,10-K,2018-02-01,0001326801-18-000009,CY2015
cost_of_revenue,CostOfRevenue,us-gaap,USD,2016-01-01,2016-03-31,838000000.0,2016,Q1,10-Q,2016-04-28,0001326801-16-000067,
cost_of_revenue,CostOfRevenue,us-gaap,USD,2016-01-01,2016-03-31,838000000.0,2017,Q1,10-Q,2017-05-04,0001326801-17-000024,CY2016Q1
cost_of_revenue,CostOfRevenue,us-gaap,USD,2016-01-01,2016-06-30,1754000000.0,2016,Q2,10-Q,2016-07-28,0001326801-16-000082,
cost_of_revenue,CostOfRevenue,us-gaap,USD,2016-04-01,2016-06-30,916000000.0,2016,Q2,10-Q,2016-07-28,0001326801-16-000082,
cost_of_revenue,CostOfRevenue,us-gaap,USD,2016-01-01,2016-06-30,1755000000.0,2017,Q2,10-Q,2017-07-27,0001326801-17-000038,
cost_of_revenue,CostOfRevenue,us-gaap,USD,2016-04-01,2016-06-30,917000000.0,2017,Q2,10-Q,2017-07-27,0001326801-17-000038,CY2016Q2
cost_of_revenue,CostOfRevenue,us-gaap,USD,2016-01-01,2016-09-30,2741000000.0,2016,Q3,10-Q,2016-11-03,0001326801-16-000087,
cost_of_revenue,CostOfRevenue,us-gaap,USD,2016-07-01,2016-09-30,987000000.0,2016,Q3,10-Q,2016-11-03,0001326801-16-000087,
cost_of_revenue,CostOfRevenue,us-gaap,USD,2016-01-01,2016-09-30,2742000000.0,2017,Q3,10-Q,2017-11-02,0001326801-17-000053,
cost_of_revenue,CostOfRevenue,us-gaap,USD,2016-07-01,2016-09-30,987000000.0,2017,Q3,10-Q,2017-11-02,0001326801-17-000053,CY2016Q3
cost_of_revenue,CostOfRevenue,us-gaap,USD,2016-01-01,2016-12-31,3789000000.0,2016,FY,10-K,2017-02-03,0001326801-17-000007,
cost_of_revenue,CostOfRevenue,us-gaap,USD,2016-01-01,2016-12-31,3789000000.0,2017,FY,10-K,2018-02-01,0001326801-18-000009,
cost_of_revenue,CostOfRevenue,us-gaap,USD,2016-01-01,2016-12-31,3789000000.0,2018,FY,10-K,2019-01-31,0001326801-19-000009,CY2016
cost_of_revenue,CostOfRevenue,us-gaap,USD,2017-01-01,2017-03-31,1159000000.0,2017,Q1,10-Q,2017-05-04,0001326801-17-000024,
cost_of_revenue,CostOfRevenue,us-gaap,USD,2017-01-01,2017-03-31,1159000000.0,2018,Q1,10-Q,2018-04-26,0001326801-18-000032,CY2017Q1
cost_of_revenue,CostOfRevenue,us-gaap,USD,2017-01-01,2017-06-30,2395000000.0,2017,Q2,10-Q,2017-07-27,0001326801-17-000038,
cost_of_revenue,CostOfRevenue,us-gaap,USD,2017-04-01,2017-06-30,1237000000.0,2017,Q2,10-Q,2017-07-27,0001326801-17-000038,
cost_of_revenue,CostOfRevenue,us-gaap,USD,2017-01-01,2017-06-30,2395000000.0,2018,Q2,10-Q,2018-07-26,0001326801-18-000057,
cost_of_revenue,CostOfRevenue,us-gaap,USD,2017-04-01,2017-06-30,1237000000.0,2018,Q2,10-Q,2018-07-26,0001326801-18-000057,CY2017Q2
cost_of_revenue,CostOfRevenue,us-gaap,USD,2017-01-01,2017-09-30,3843000000.0,2017,Q3,10-Q,2017-11-02,0001326801-17-000053,
cost_of_revenue,CostOfRevenue,us-gaap,USD,2017-07-01,2017-09-30,1448000000.0,2017,Q3,10-Q,2017-11-02,0001326801-17-000053,
cost_of_revenue,CostOfRevenue,us-gaap,USD,2017-01-01,2017-09-30,3843000000.0,2018,Q3,10-Q,2018-10-31,0001326801-18-000067,
cost_of_revenue,CostOfRevenue,us-gaap,USD,2017-07-01,2017-09-30,1448000000.0,2018,Q3,10-Q,2018-10-31,0001326801-18-000067,CY2017Q3
cost_of_revenue,CostOfRevenue,us-gaap,USD,2017-01-01,2017-12-31,5454000000.0,2017,FY,10-K,2018-02-01,0001326801-18-000009,
cost_of_revenue,CostOfRevenue,us-gaap,USD,2017-01-01,2017-12-31,5454000000.0,2018,FY,10-K,2019-01-31,0001326801-19-000009,
cost_of_revenue,CostOfRevenue,us-gaap,USD,2017-01-01,2017-12-31,5454000000.0,2019,FY,10-K,2020-01-30,0001326801-20-000013,CY2017
cost_of_revenue,CostOfRevenue,us-gaap,USD,2018-01-01,2018-03-31,1927000000.0,2018,Q1,10-Q,2018-04-26,0001326801-18-000032,
cost_of_revenue,CostOfRevenue,us-gaap,USD,2018-01-01,2018-03-31,1927000000.0,2019,Q1,10-Q,2019-04-25,0001326801-19-000037,CY2018Q1
cost_of_revenue,CostOfRevenue,us-gaap,USD,2018-01-01,2018-06-30,4141000000.0,2018,Q2,10-Q,2018-07-26,0001326801-18-000057,
cost_of_revenue,CostOfRevenue,us-gaap,USD,2018-04-01,2018-06-30,2214000000.0,2018,Q2,10-Q,2018-07-26,0001326801-18-000057,
cost_of_revenue,CostOfRevenue,us-gaap,USD,2018-01-01,2018-06-30,4141000000.0,2019,Q2,10-Q,2019-07-25,0001326801-19-000055,
cost_of_revenue,CostOfRevenue,us-gaap,USD,2018-04-01,2018-06-30,2214000000.0,2019,Q2,10-Q,2019-07-25,0001326801-19-000055,CY2018Q2
cost_of_revenue,CostOfRevenue,us-gaap,USD,2018-01-01,2018-09-30,6559000000.0,2018,Q3,10-Q,2018-10-31,0001326801-18-000067,
cost_of_revenue,CostOfRevenue,us-gaap,USD,2018-07-01,2018-09-30,2418000000.0,2018,Q3,10-Q,2018-10-31,0001326801-18-000067,
cost_of_revenue,CostOfRevenue,us-gaap,USD,2018-01-01,2018-09-30,6559000000.0,2019,Q3,10-Q,2019-10-31,0001326801-19-000069,
cost_of_revenue,CostOfRevenue,us-gaap,USD,2018-07-01,2018-09-30,2418000000.0,2019,Q3,10-Q,2019-10-31,0001326801-19-000069,CY2018Q3
cost_of_revenue,CostOfRevenue,us-gaap,USD,2018-01-01,2018-12-31,9355000000.0,2018,FY,10-K,2019-01-31,0001326801-19-000009,
cost_of_revenue,CostOfRevenue,us-gaap,USD,2018-01-01,2018-12-31,9355000000.0,2019,FY,10-K,2020-01-30,0001326801-20-000013,
cost_of_revenue,CostOfRevenue,us-gaap,USD,2018-01-01,2018-12-31,9355000000.0,2020,FY,10-K,2021-01-28,0001326801-21-000014,CY2018
cost_of_revenue,CostOfRevenue,us-gaap,USD,2019-01-01,2019-03-31,2816000000.0,2019,Q1,10-Q,2019-04-25,0001326801-19-000037,
cost_of_revenue,CostOfRevenue,us-gaap,USD,2019-01-01,2019-03-31,2816000000.0,2020,Q1,10-Q,2020-04-30,0001326801-20-000048,CY2019Q1
cost_of_revenue,CostOfRevenue,us-gaap,USD,2019-01-01,2019-06-30,6123000000.0,2019,Q2,10-Q,2019-07-25,0001326801-19-000055,
cost_of_revenue,CostOfRevenue,us-gaap,USD,2019-04-01,2019-06-30,3307000000.0,2019,Q2,10-Q,2019-07-25,0001326801-19-000055,
cost_of_revenue,CostOfRevenue,us-gaap,USD,2019-01-01,2019-06-30,6123000000.0,2020,Q2,10-Q,2020-07-31,0001326801-20-000076,
cost_of_revenue,CostOfRevenue,us-gaap,USD,2019-04-01,2019-06-30,3307000000.0,2020,Q2,10-Q,2020-07-31,0001326801-20-000076,CY2019Q2
cost_of_revenue,CostOfRevenue,us-gaap,USD,2019-01-01,2019-09-30,9279000000.0,2019,Q3,10-Q,2019-10-31,0001326801-19-000069,
cost_of_revenue,CostOfRevenue,us-gaap,USD,2019-07-01,2019-09-30,3155000000.0,2019,Q3,10-Q,2019-10-31,0001326801-19-000069,
cost_of_revenue,CostOfRevenue,us-gaap,USD,2019-01-01,2019-09-30,9279000000.0,2020,Q3,10-Q,2020-10-30,0001326801-20-000084,
cost_of_revenue,CostOfRevenue,us-gaap,USD,2019-07-01,2019-09-30,3155000000.0,2020,Q3,10-Q,2020-10-30,0001326801-20-000084,CY2019Q3
cost_of_revenue,CostOfRevenue,us-gaap,USD,2019-01-01,2019-12-31,12770000000.0,2019,FY,10-K,2020-01-30,0001326801-20-000013,
cost_of_revenue,CostOfRevenue,us-gaap,USD,2019-01-01,2019-12-31,12770000000.0,2020,FY,10-K,2021-01-28,0001326801-21-000014,
cost_of_revenue,CostOfRevenue,us-gaap,USD,2019-01-01,2019-12-31,12770000000.0,2021,FY,10-K,2022-02-03,0001326801-22-000018,CY2019
cost_of_revenue,CostOfRevenue,us-gaap,USD,2020-01-01,2020-03-31,3459000000.0,2020,Q1,10-Q,2020-04-30,0001326801-20-000048,
cost_of_revenue,CostOfRevenue,us-gaap,USD,2020-01-01,2020-03-31,3459000000.0,2021,Q1,10-Q,2021-04-29,0001326801-21-000033,CY2020Q1
cost_of_revenue,CostOfRevenue,us-gaap,USD,2020-01-01,2020-06-30,7288000000.0,2020,Q2,10-Q,2020-07-31,0001326801-20-000076,
cost_of_revenue,CostOfRevenue,us-gaap,USD,2020-04-01,2020-06-30,3829000000.0,2020,Q2,10-Q,2020-07-31,0001326801-20-000076,
cost_of_revenue,CostOfRevenue,us-gaap,USD,2020-01-01,2020-06-30,7288000000.0,2021,Q2,10-Q,2021-07-29,0001326801-21-000049,
cost_of_revenue,CostOfRevenue,us-gaap,USD,2020-04-01,2020-06-30,3829000000.0,2021,Q2,10-Q,2021-07-29,0001326801-21-000049,CY2020Q2
cost_of_revenue,CostOfRevenue,us-gaap,USD,2020-01-01,2020-09-30,11482000000.0,2020,Q3,10-Q,2020-10-30,0001326801-20-000084,
cost_of_revenue,CostOfRevenue,us-gaap,USD,2020-07-01,2020-09-30,4194000000.0,2020,Q3,10-Q,2020-10-30,0001326801-20-000084,
cost_of_revenue,CostOfRevenue,us-gaap,USD,2020-01-01,2020-09-30,11482000000.0,2021,Q3,10-Q,2021-10-26,0001326801-21-000065,
cost_of_revenue,CostOfRevenue,us-gaap,USD,2020-07-01,2020-09-30,4194000000.0,2021,Q3,10-Q,2021-10-26,0001326801-21-000065,CY2020Q3
cost_of_revenue,CostOfRevenue,us-gaap,USD,2020-01-01,2020-12-31,16692000000.0,2020,FY,10-K,2021-01-28,0001326801-21-000014,
cost_of_revenue,CostOfRevenue,us-gaap,USD,2020-01-01,2020-12-31,16692000000.0,2021,FY,10-K,2022-02-03,0001326801-22-000018,
cost_of_revenue,CostOfRevenue,us-gaap,USD,2020-01-01,2020-12-31,16692000000.0,2022,FY,10-K,2023-02-02,0001326801-23-000013,CY2020
cost_of_revenue,CostOfRevenue,us-gaap,USD,2021-01-01,2021-03-31,5131000000.0,2021,Q1,10-Q,2021-04-29,0001326801-21-000033,
cost_of_revenue,CostOfRevenue,us-gaap,USD,2021-01-01,2021-03-31,5131000000.0,2022,Q1,10-Q,2022-04-28,0001326801-22-000057,CY2021Q1
cost_of_revenue,CostOfRevenue,us-gaap,USD,2021-01-01,2021-06-30,10530000000.0,2021,Q2,10-Q,2021-07-29,0001326801-21-000049,
cost_of_revenue,CostOfRevenue,us-gaap,USD,2021-04-01,2021-06-30,5399000000.0,2021,Q2,10-Q,2021-07-29,0001326801-21-000049,
cost_of_revenue,CostOfRevenue,us-gaap,USD,2021-01-01,2021-06-30,10530000000.0,2022,Q2,10-Q,2022-07-28,0001326801-22-000082,
cost_of_revenue,CostOfRevenue,us-gaap,USD,2021-04-01,2021-06-30,5399000000.0,2022,Q2,10-Q,2022-07-28,0001326801-22-000082,CY2021Q2
cost_of_revenue,CostOfRevenue,us-gaap,USD,2021-01-01,2021-09-30,16301000000.0,2021,Q3,10-Q,2021-10-26,0001326801-21-000065,
cost_of_revenue,CostOfRevenue,us-gaap,USD,2021-07-01,2021-09-30,5771000000.0,2021,Q3,10-Q,2021-10-26,0001326801-21-000065,
cost_of_revenue,CostOfRevenue,us-gaap,USD,2021-01-01,2021-09-30,16301000000.0,2022,Q3,10-Q,2022-10-27,0001326801-22-000108,
cost_of_revenue,CostOfRevenue,us-gaap,USD,2021-07-01,2021-09-30,5771000000.0,2022,Q3,10-Q,2022-10-27,0001326801-22-000108,CY2021Q3
cost_of_revenue,CostOfRevenue,us-gaap,USD,2021-01-01,2021-12-31,22649000000.0,2021,FY,10-K,2022-02-03,0001326801-22-000018,
cost_of_revenue,CostOfRevenue,us-gaap,USD,2021-01-01,2021-12-31,22649000000.0,2022,FY,10-K,2023-02-02,0001326801-23-000013,
cost_of_revenue,CostOfRevenue,us-gaap,USD,2021-01-01,2021-12-31,22649000000.0,2023,FY,10-K,2024-02-02,0001326801-24-000012,CY2021
cost_of_revenue,CostOfRevenue,us-gaap,USD,2022-01-01,2022-03-31,6005000000.0,2022,Q1,10-Q,2022-04-28,0001326801-22-000057,
cost_of_revenue,CostOfRevenue,us-gaap,USD,2022-01-01,2022-03-31,6005000000.0,2023,Q1,10-Q,2023-04-27,0001326801-23-000067,CY2022Q1
cost_of_revenue,CostOfRevenue,us-gaap,USD,2022-01-01,2022-06-30,11197000000.0,2022,Q2,10-Q,2022-07-28,0001326801-22-000082,
cost_of_revenue,CostOfRevenue,us-gaap,USD,2022-04-01,2022-06-30,5192000000.0,2022,Q2,10-Q,2022-07-28,0001326801-22-000082,
cost_of_revenue,CostOfRevenue,us-gaap,USD,2022-01-01,2022-06-30,11197000000.0,2023,Q2,10-Q,2023-07-27,0001326801-23-000093,
cost_of_revenue,CostOfRevenue,us-gaap,USD,2022-04-01,2022-06-30,5192000000.0,2023,Q2,10-Q,2023-07-27,0001326801-23-000093,CY2022Q2
cost_of_revenue,CostOfRevenue,us-gaap,USD,2022-01-01,2022-09-30,16913000000.0,2022,Q3,10-Q,2022-10-27,0001326801-22-000108,
cost_of_revenue,CostOfRevenue,us-gaap,USD,2022-07-01,2022-09-30,5716000000.0,2022,Q3,10-Q,2022-10-27,0001326801-22-000108,
cost_of_revenue,CostOfRevenue,us-gaap,USD,2022-01-01,2022-09-30,16913000000.0,2023,Q3,10-Q,2023-10-26,0001326801-23-000103,
cost_of_revenue,CostOfRevenue,us-gaap,USD,2022-07-01,2022-09-30,5716000000.0,2023,Q3,10-Q,2023-10-26,0001326801-23-000103,CY2022Q3
cost_of_revenue,CostOfRevenue,us-gaap,USD,2022-01-01,2022-12-31,25249000000.0,2022,FY,10-K,2023-02-02,0001326801-23-000013,
cost_of_revenue,CostOfRevenue,us-gaap,USD,2022-01-01,2022-12-31,25249000000.0,2023,FY,10-K,2024-02-02,0001326801-24-000012,
cost_of_revenue,CostOfRevenue,us-gaap,USD,2022-01-01,2022-12-31,25249000000.0,2024,FY,10-K,2025-01-30,0001326801-25-000017,CY2022
cost_of_revenue,CostOfRevenue,us-gaap,USD,2023-01-01,2023-03-31,6108000000.0,2023,Q1,10-Q,2023-04-27,0001326801-23-000067,
cost_of_revenue,CostOfRevenue,us-gaap,USD,2023-01-01,2023-03-31,6108000000.0,2024,Q1,10-Q,2024-04-25,0001326801-24-000049,CY2023Q1
cost_of_revenue,CostOfRevenue,us-gaap,USD,2023-01-01,2023-06-30,12054000000.0,2023,Q2,10-Q,2023-07-27,0001326801-23-000093,
cost_of_revenue,CostOfRevenue,us-gaap,USD,2023-04-01,2023-06-30,5945000000.0,2023,Q2,10-Q,2023-07-27,0001326801-23-000093,
cost_of_revenue,CostOfRevenue,us-gaap,USD,2023-01-01,2023-06-30,12054000000.0,2024,Q2,10-Q,2024-08-01,0001326801-24-000069,
cost_of_revenue,CostOfRevenue,us-gaap,USD,2023-04-01,2023-06-30,5945000000.0,2024,Q2,10-Q,2024-08-01,0001326801-24-000069,CY2023Q2
cost_of_revenue,CostOfRevenue,us-gaap,USD,2023-01-01,2023-09-30,18264000000.0,2023,Q3,10-Q,2023-10-26,0001326801-23-000103,
cost_of_revenue,CostOfRevenue,us-gaap,USD,2023-07-01,2023-09-30,6210000000.0,2023,Q3,10-Q,2023-10-26,0001326801-23-000103,
cost_of_revenue,CostOfRevenue,us-gaap,USD,2023-01-01,2023-09-30,18264000000.0,2024,Q3,10-Q,2024-10-31,0001326801-24-000081,
cost_of_revenue,CostOfRevenue,us-gaap,USD,2023-07-01,2023-09-30,6210000000.0,2024,Q3,10-Q,2024-10-31,0001326801-24-000081,CY2023Q3
cost_of_revenue,CostOfRevenue,us-gaap,USD,2023-01-01,2023-12-31,25959000000.0,2023,FY,10-K,2024-02-02,0001326801-24-000012,
cost_of_revenue,CostOfRevenue,us-gaap,USD,2023-01-01,2023-12-31,25959000000.0,2024,FY,10-K,2025-01-30,0001326801-25-000017,
cost_of_revenue,CostOfRevenue,us-gaap,USD,2023-01-01,2023-12-31,25959000000.0,2025,FY,10-K,2026-01-29,0001628280-26-003942,CY2023
cost_of_revenue,CostOfRevenue,us-gaap,USD,2024-01-01,2024-03-31,6640000000.0,2024,Q1,10-Q,2024-04-25,0001326801-24-000049,
cost_of_revenue,CostOfRevenue,us-gaap,USD,2024-01-01,2024-03-31,6640000000.0,2025,Q1,10-Q,2025-05-01,0001326801-25-000054,CY2024Q1
cost_of_revenue,CostOfRevenue,us-gaap,USD,2024-01-01,2024-06-30,13948000000.0,2024,Q2,10-Q,2024-08-01,0001326801-24-000069,
cost_of_revenue,CostOfRevenue,us-gaap,USD,2024-04-01,2024-06-30,7308000000.0,2024,Q2,10-Q,2024-08-01,0001326801-24-000069,
cost_of_revenue,CostOfRevenue,us-gaap,USD,2024-01-01,2024-06-30,13948000000.0,2025,Q2,10-Q,2025-07-31,0001628280-25-036791,
cost_of_revenue,CostOfRevenue,us-gaap,USD,2024-04-01,2024-06-30,7308000000.0,2025,Q2,10-Q,2025-07-31,0001628280-25-036791,CY2024Q2
cost_of_revenue,CostOfRevenue,us-gaap,USD,2024-01-01,2024-09-30,21322000000.0,2024,Q3,10-Q,2024-10-31,0001326801-24-000081,
cost_of_revenue,CostOfRevenue,us-gaap,USD,2024-07-01,2024-09-30,7375000000.0,2024,Q3,10-Q,2024-10-31,0001326801-24-000081,
cost_of_revenue,CostOfRevenue,us-gaap,USD,2024-01-01,2024-09-30,21322000000.0,2025,Q3,10-Q,2025-10-30,0001628280-25-047240,
cost_of_revenue,CostOfRevenue,us-gaap,USD,2024-07-01,2024-09-30,7375000000.0,2025,Q3,10-Q,2025-10-30,0001628280-25-047240,CY2024Q3
cost_of_revenue,CostOfRevenue,us-gaap,USD,2024-01-01,2024-12-31,30161000000.0,2024,FY,10-K,2025-01-30,0001326801-25-000017,
cost_of_revenue,CostOfRevenue,us-gaap,USD,2024-01-01,2024-12-31,30161000000.0,2025,FY,10-K,2026-01-29,0001628280-26-003942,CY2024
cost_of_revenue,CostOfRevenue,us-gaap,USD,2025-01-01,2025-03-31,7572000000.0,2025,Q1,10-Q,2025-05-01,0001326801-25-000054,
cost_of_revenue,CostOfRevenue,us-gaap,USD,2025-01-01,2025-03-31,7572000000.0,2026,Q1,10-Q,2026-04-30,0001628280-26-028526,CY2025Q1
cost_of_revenue,CostOfRevenue,us-gaap,USD,2025-01-01,2025-06-30,16063000000.0,2025,Q2,10-Q,2025-07-31,0001628280-25-036791,
cost_of_revenue,CostOfRevenue,us-gaap,USD,2025-04-01,2025-06-30,8491000000.0,2025,Q2,10-Q,2025-07-31,0001628280-25-036791,
cost_of_revenue,CostOfRevenue,us-gaap,USD,2025-01-01,2025-06-30,16063000000.0,2026,Q2,10-Q,2026-07-30,0001628280-26-050705,
cost_of_revenue,CostOfRevenue,us-gaap,USD,2025-04-01,2025-06-30,8491000000.0,2026,Q2,10-Q,2026-07-30,0001628280-26-050705,CY2025Q2
cost_of_revenue,CostOfRevenue,us-gaap,USD,2025-01-01,2025-09-30,25269000000.0,2025,Q3,10-Q,2025-10-30,0001628280-25-047240,
cost_of_revenue,CostOfRevenue,us-gaap,USD,2025-07-01,2025-09-30,9206000000.0,2025,Q3,10-Q,2025-10-30,0001628280-25-047240,CY2025Q3
cost_of_revenue,CostOfRevenue,us-gaap,USD,2025-01-01,2025-12-31,36175000000.0,2025,FY,10-K,2026-01-29,0001628280-26-003942,CY2025
cost_of_revenue,CostOfRevenue,us-gaap,USD,2026-01-01,2026-03-31,10218000000.0,2026,Q1,10-Q,2026-04-30,0001628280-26-028526,CY2026Q1
cost_of_revenue,CostOfRevenue,us-gaap,USD,2026-01-01,2026-06-30,21549000000.0,2026,Q2,10-Q,2026-07-30,0001628280-26-050705,
cost_of_revenue,CostOfRevenue,us-gaap,USD,2026-04-01,2026-06-30,11330000000.0,2026,Q2,10-Q,2026-07-30,0001628280-26-050705,CY2026Q2
d_and_a,DepreciationDepletionAndAmortization,us-gaap,USD,2010-01-01,2010-12-31,139000000.0,2012,FY,10-K,2013-02-01,0001326801-13-000003,CY2010
d_and_a,DepreciationDepletionAndAmortization,us-gaap,USD,2011-01-01,2011-06-30,123000000.0,2012,Q2,10-Q,2012-07-31,0001193125-12-325997,
d_and_a,DepreciationDepletionAndAmortization,us-gaap,USD,2011-01-01,2011-09-30,220000000.0,2012,Q3,10-Q,2012-10-24,0001326801-12-000006,
d_and_a,DepreciationDepletionAndAmortization,us-gaap,USD,2011-01-01,2011-12-31,323000000.0,2012,FY,10-K,2013-02-01,0001326801-13-000003,
d_and_a,DepreciationDepletionAndAmortization,us-gaap,USD,2011-01-01,2011-12-31,323000000.0,2013,FY,10-K,2014-01-31,0001326801-14-000007,CY2011
d_and_a,DepreciationDepletionAndAmortization,us-gaap,USD,2012-01-01,2012-03-31,110000000.0,2013,Q1,10-Q,2013-05-02,0001326801-13-000011,CY2012Q1
d_and_a,DepreciationDepletionAndAmortization,us-gaap,USD,2012-01-01,2012-06-30,249000000.0,2012,Q2,10-Q,2012-07-31,0001193125-12-325997,
d_and_a,DepreciationDepletionAndAmortization,us-gaap,USD,2012-01-01,2012-06-30,249000000.0,2013,Q2,10-Q,2013-07-25,0001326801-13-000019,
d_and_a,DepreciationDepletionAndAmortization,us-gaap,USD,2012-01-01,2012-09-30,425000000.0,2012,Q3,10-Q,2012-10-24,0001326801-12-000006,
d_and_a,DepreciationDepletionAndAmortization,us-gaap,USD,2012-01-01,2012-09-30,425000000.0,2013,Q3,10-Q,2013-11-01,0001326801-13-000031,
d_and_a,DepreciationDepletionAndAmortization,us-gaap,USD,2012-01-01,2012-12-31,649000000.0,2012,FY,10-K,2013-02-01,0001326801-13-000003,
d_and_a,DepreciationDepletionAndAmortization,us-gaap,USD,2012-01-01,2012-12-31,649000000.0,2013,FY,10-K,2014-01-31,0001326801-14-000007,
d_and_a,DepreciationDepletionAndAmortization,us-gaap,USD,2012-01-01,2012-12-31,649000000.0,2014,FY,10-K,2015-01-29,0001326801-15-000006,CY2012
d_and_a,DepreciationDepletionAndAmortization,us-gaap,USD,2013-01-01,2013-03-31,241000000.0,2013,Q1,10-Q,2013-05-02,0001326801-13-000011,
d_and_a,DepreciationDepletionAndAmortization,us-gaap,USD,2013-01-01,2013-03-31,233000000.0,2014,Q1,10-Q,2014-04-25,0001326801-14-000023,CY2013Q1
d_and_a,DepreciationDepletionAndAmortization,us-gaap,USD,2013-01-01,2013-06-30,463000000.0,2013,Q2,10-Q,2013-07-25,0001326801-13-000019,
d_and_a,DepreciationDepletionAndAmortization,us-gaap,USD,2013-01-01,2013-06-30,463000000.0,2014,Q2,10-Q,2014-07-24,0001326801-14-000032,
d_and_a,DepreciationDepletionAndAmortization,us-gaap,USD,2013-01-01,2013-09-30,737000000.0,2013,Q3,10-Q,2013-11-01,0001326801-13-000031,
d_and_a,DepreciationDepletionAndAmortization,us-gaap,USD,2013-01-01,2013-09-30,737000000.0,2014,Q3,10-Q,2014-10-30,0001326801-14-000068,
d_and_a,DepreciationDepletionAndAmortization,us-gaap,USD,2013-01-01,2013-12-31,1011000000.0,2013,FY,10-K,2014-01-31,0001326801-14-000007,
d_and_a,DepreciationDepletionAndAmortization,us-gaap,USD,2013-01-01,2013-12-31,1011000000.0,2014,FY,10-K,2015-01-29,0001326801-15-000006,
d_and_a,DepreciationDepletionAndAmortization,us-gaap,USD,2013-01-01,2013-12-31,1011000000.0,2015,FY,10-K,2016-01-28,0001326801-16-000043,CY2013
d_and_a,DepreciationDepletionAndAmortization,us-gaap,USD,2014-01-01,2014-03-31,264000000.0,2014,Q1,10-Q,2014-04-25,0001326801-14-000023,
d_and_a,DepreciationDepletionAndAmortization,us-gaap,USD,2014-01-01,2014-03-31,264000000.0,2015,Q1,10-Q,2015-04-23,0001326801-15-000015,CY2014Q1
d_and_a,DepreciationDepletionAndAmortization,us-gaap,USD,2014-01-01,2014-06-30,521000000.0,2014,Q2,10-Q,2014-07-24,0001326801-14-000032,
d_and_a,DepreciationDepletionAndAmortization,us-gaap,USD,2014-01-01,2014-06-30,521000000.0,2015,Q2,10-Q,2015-07-31,0001326801-15-000028,
d_and_a,DepreciationDepletionAndAmortization,us-gaap,USD,2014-01-01,2014-09-30,810000000.0,2014,Q3,10-Q,2014-10-30,0001326801-14-000068,
d_and_a,DepreciationDepletionAndAmortization,us-gaap,USD,2014-01-01,2014-09-30,810000000.0,2015,Q3,10-Q,2015-11-05,0001326801-15-000032,
d_and_a,DepreciationDepletionAndAmortization,us-gaap,USD,2014-01-01,2014-12-31,1243000000.0,2014,FY,10-K,2015-01-29,0001326801-15-000006,
d_and_a,DepreciationDepletionAndAmortization,us-gaap,USD,2014-01-01,2014-12-31,1243000000.0,2015,FY,10-K,2016-01-28,0001326801-16-000043,
d_and_a,DepreciationDepletionAndAmortization,us-gaap,USD,2014-01-01,2014-12-31,1243000000.0,2016,FY,10-K,2017-02-03,0001326801-17-000007,CY2014
d_and_a,DepreciationDepletionAndAmortization,us-gaap,USD,2015-01-01,2015-03-31,457000000.0,2015,Q1,10-Q,2015-04-23,0001326801-15-000015,
d_and_a,DepreciationDepletionAndAmortization,us-gaap,USD,2015-01-01,2015-03-31,457000000.0,2016,Q1,10-Q,2016-04-28,0001326801-16-000067,CY2015Q1
d_and_a,DepreciationDepletionAndAmortization,us-gaap,USD,2015-01-01,2015-06-30,916000000.0,2015,Q2,10-Q,2015-07-31,0001326801-15-000028,
d_and_a,DepreciationDepletionAndAmortization,us-gaap,USD,2015-01-01,2015-06-30,916000000.0,2016,Q2,10-Q,2016-07-28,0001326801-16-000082,
d_and_a,DepreciationDepletionAndAmortization,us-gaap,USD,2015-01-01,2015-09-30,1402000000.0,2015,Q3,10-Q,2015-11-05,0001326801-15-000032,
d_and_a,DepreciationDepletionAndAmortization,us-gaap,USD,2015-01-01,2015-09-30,1402000000.0,2016,Q3,10-Q,2016-11-03,0001326801-16-000087,
d_and_a,DepreciationDepletionAndAmortization,us-gaap,USD,2015-01-01,2015-12-31,1945000000.0,2015,FY,10-K,2016-01-28,0001326801-16-000043,
d_and_a,DepreciationDepletionAndAmortization,us-gaap,USD,2015-01-01,2015-12-31,1945000000.0,2016,FY,10-K,2017-02-03,0001326801-17-000007,
d_and_a,DepreciationDepletionAndAmortization,us-gaap,USD,2015-01-01,2015-12-31,1945000000.0,2017,FY,10-K,2018-02-01,0001326801-18-000009,CY2015
d_and_a,DepreciationDepletionAndAmortization,us-gaap,USD,2016-01-01,2016-03-31,552000000.0,2016,Q1,10-Q,2016-04-28,0001326801-16-000067,
d_and_a,DepreciationDepletionAndAmortization,us-gaap,USD,2016-01-01,2016-03-31,552000000.0,2017,Q1,10-Q,2017-05-04,0001326801-17-000024,CY2016Q1
d_and_a,DepreciationDepletionAndAmortization,us-gaap,USD,2016-01-01,2016-06-30,1137000000.0,2016,Q2,10-Q,2016-07-28,0001326801-16-000082,
d_and_a,DepreciationDepletionAndAmortization,us-gaap,USD,2016-01-01,2016-06-30,1137000000.0,2017,Q2,10-Q,2017-07-27,0001326801-17-000038,
d_and_a,DepreciationDepletionAndAmortization,us-gaap,USD,2016-01-01,2016-09-30,1728000000.0,2016,Q3,10-Q,2016-11-03,0001326801-16-000087,
d_and_a,DepreciationDepletionAndAmortization,us-gaap,USD,2016-01-01,2016-09-30,1728000000.0,2017,Q3,10-Q,2017-11-02,0001326801-17-000053,
d_and_a,DepreciationDepletionAndAmortization,us-gaap,USD,2016-01-01,2016-12-31,2342000000.0,2016,FY,10-K,2017-02-03,0001326801-17-000007,
d_and_a,DepreciationDepletionAndAmortization,us-gaap,USD,2016-01-01,2016-12-31,2342000000.0,2017,FY,10-K,2018-02-01,0001326801-18-000009,
d_and_a,DepreciationDepletionAndAmortization,us-gaap,USD,2016-01-01,2016-12-31,2342000000.0,2018,FY,10-K,2019-01-31,0001326801-19-000009,CY2016
d_and_a,DepreciationDepletionAndAmortization,us-gaap,USD,2017-01-01,2017-03-31,671000000.0,2017,Q1,10-Q,2017-05-04,0001326801-17-000024,
d_and_a,DepreciationDepletionAndAmortization,us-gaap,USD,2017-01-01,2017-03-31,671000000.0,2018,Q1,10-Q,2018-04-26,0001326801-18-000032,CY2017Q1
d_and_a,DepreciationDepletionAndAmortization,us-gaap,USD,2017-01-01,2017-06-30,1400000000.0,2017,Q2,10-Q,2017-07-27,0001326801-17-000038,
d_and_a,DepreciationDepletionAndAmortization,us-gaap,USD,2017-01-01,2017-06-30,1400000000.0,2018,Q2,10-Q,2018-07-26,0001326801-18-000057,
d_and_a,DepreciationDepletionAndAmortization,us-gaap,USD,2017-01-01,2017-09-30,2172000000.0,2017,Q3,10-Q,2017-11-02,0001326801-17-000053,
d_and_a,DepreciationDepletionAndAmortization,us-gaap,USD,2017-01-01,2017-09-30,2172000000.0,2018,Q3,10-Q,2018-10-31,0001326801-18-000067,
d_and_a,DepreciationDepletionAndAmortization,us-gaap,USD,2017-01-01,2017-12-31,3025000000.0,2017,FY,10-K,2018-02-01,0001326801-18-000009,
d_and_a,DepreciationDepletionAndAmortization,us-gaap,USD,2017-01-01,2017-12-31,3025000000.0,2018,FY,10-K,2019-01-31,0001326801-19-000009,
d_and_a,DepreciationDepletionAndAmortization,us-gaap,USD,2017-01-01,2017-12-31,3025000000.0,2019,FY,10-K,2020-01-30,0001326801-20-000013,CY2017
d_and_a,DepreciationDepletionAndAmortization,us-gaap,USD,2018-01-01,2018-03-31,949000000.0,2018,Q1,10-Q,2018-04-26,0001326801-18-000032,
d_and_a,DepreciationDepletionAndAmortization,us-gaap,USD,2018-01-01,2018-03-31,949000000.0,2019,Q1,10-Q,2019-04-25,0001326801-19-000037,CY2018Q1
d_and_a,DepreciationDepletionAndAmortization,us-gaap,USD,2018-01-01,2018-06-30,1983000000.0,2018,Q2,10-Q,2018-07-26,0001326801-18-000057,
d_and_a,DepreciationDepletionAndAmortization,us-gaap,USD,2018-01-01,2018-06-30,1983000000.0,2019,Q2,10-Q,2019-07-25,0001326801-19-000055,
d_and_a,DepreciationDepletionAndAmortization,us-gaap,USD,2018-01-01,2018-09-30,3090000000.0,2018,Q3,10-Q,2018-10-31,0001326801-18-000067,
d_and_a,DepreciationDepletionAndAmortization,us-gaap,USD,2018-01-01,2018-09-30,3090000000.0,2019,Q3,10-Q,2019-10-31,0001326801-19-000069,
d_and_a,DepreciationDepletionAndAmortization,us-gaap,USD,2018-01-01,2018-12-31,4315000000.0,2018,FY,10-K,2019-01-31,0001326801-19-000009,
d_and_a,DepreciationDepletionAndAmortization,us-gaap,USD,2018-01-01,2018-12-31,4315000000.0,2019,FY,10-K,2020-01-30,0001326801-20-000013,
d_and_a,DepreciationDepletionAndAmortization,us-gaap,USD,2018-01-01,2018-12-31,4315000000.0,2020,FY,10-K,2021-01-28,0001326801-21-000014,CY2018
d_and_a,DepreciationDepletionAndAmortization,us-gaap,USD,2019-01-01,2019-03-31,1355000000.0,2019,Q1,10-Q,2019-04-25,0001326801-19-000037,
d_and_a,DepreciationDepletionAndAmortization,us-gaap,USD,2019-01-01,2019-03-31,1355000000.0,2020,Q1,10-Q,2020-04-30,0001326801-20-000048,CY2019Q1
d_and_a,DepreciationDepletionAndAmortization,us-gaap,USD,2019-01-01,2019-06-30,2857000000.0,2019,Q2,10-Q,2019-07-25,0001326801-19-000055,
d_and_a,DepreciationDepletionAndAmortization,us-gaap,USD,2019-01-01,2019-06-30,2857000000.0,2020,Q2,10-Q,2020-07-31,0001326801-20-000076,
d_and_a,DepreciationDepletionAndAmortization,us-gaap,USD,2019-01-01,2019-09-30,4273000000.0,2019,Q3,10-Q,2019-10-31,0001326801-19-000069,
d_and_a,DepreciationDepletionAndAmortization,us-gaap,USD,2019-01-01,2019-09-30,4273000000.0,2020,Q3,10-Q,2020-10-30,0001326801-20-000084,
d_and_a,DepreciationDepletionAndAmortization,us-gaap,USD,2019-01-01,2019-12-31,5741000000.0,2019,FY,10-K,2020-01-30,0001326801-20-000013,
d_and_a,DepreciationDepletionAndAmortization,us-gaap,USD,2019-01-01,2019-12-31,5741000000.0,2020,FY,10-K,2021-01-28,0001326801-21-000014,
d_and_a,DepreciationDepletionAndAmortization,us-gaap,USD,2019-01-01,2019-12-31,5741000000.0,2021,FY,10-K,2022-02-03,0001326801-22-000018,CY2019
d_and_a,DepreciationDepletionAndAmortization,us-gaap,USD,2020-01-01,2020-03-31,1597000000.0,2020,Q1,10-Q,2020-04-30,0001326801-20-000048,
d_and_a,DepreciationDepletionAndAmortization,us-gaap,USD,2020-01-01,2020-03-31,1597000000.0,2021,Q1,10-Q,2021-04-29,0001326801-21-000033,CY2020Q1
d_and_a,DepreciationDepletionAndAmortization,us-gaap,USD,2020-01-01,2020-06-30,3301000000.0,2020,Q2,10-Q,2020-07-31,0001326801-20-000076,
d_and_a,DepreciationDepletionAndAmortization,us-gaap,USD,2020-01-01,2020-06-30,3301000000.0,2021,Q2,10-Q,2021-07-29,0001326801-21-000049,
d_and_a,DepreciationDepletionAndAmortization,us-gaap,USD,2020-01-01,2020-09-30,4999000000.0,2020,Q3,10-Q,2020-10-30,0001326801-20-000084,
d_and_a,DepreciationDepletionAndAmortization,us-gaap,USD,2020-01-01,2020-09-30,4999000000.0,2021,Q3,10-Q,2021-10-26,0001326801-21-000065,
d_and_a,DepreciationDepletionAndAmortization,us-gaap,USD,2020-01-01,2020-12-31,6862000000.0,2020,FY,10-K,2021-01-28,0001326801-21-000014,
d_and_a,DepreciationDepletionAndAmortization,us-gaap,USD,2020-01-01,2020-12-31,6862000000.0,2021,FY,10-K,2022-02-03,0001326801-22-000018,
d_and_a,DepreciationDepletionAndAmortization,us-gaap,USD,2020-01-01,2020-12-31,6862000000.0,2022,FY,10-K,2023-02-02,0001326801-23-000013,CY2020
d_and_a,DepreciationDepletionAndAmortization,us-gaap,USD,2021-01-01,2021-03-31,1972000000.0,2021,Q1,10-Q,2021-04-29,0001326801-21-000033,
d_and_a,DepreciationDepletionAndAmortization,us-gaap,USD,2021-01-01,2021-03-31,1972000000.0,2022,Q1,10-Q,2022-04-28,0001326801-22-000057,CY2021Q1
d_and_a,DepreciationDepletionAndAmortization,us-gaap,USD,2021-01-01,2021-06-30,3958000000.0,2021,Q2,10-Q,2021-07-29,0001326801-21-000049,
d_and_a,DepreciationDepletionAndAmortization,us-gaap,USD,2021-01-01,2021-06-30,3958000000.0,2022,Q2,10-Q,2022-07-28,0001326801-22-000082,
d_and_a,DepreciationDepletionAndAmortization,us-gaap,USD,2021-01-01,2021-09-30,5953000000.0,2021,Q3,10-Q,2021-10-26,0001326801-21-000065,
d_and_a,DepreciationDepletionAndAmortization,us-gaap,USD,2021-01-01,2021-09-30,5953000000.0,2022,Q3,10-Q,2022-10-27,0001326801-22-000108,
d_and_a,DepreciationDepletionAndAmortization,us-gaap,USD,2021-01-01,2021-12-31,7967000000.0,2021,FY,10-K,2022-02-03,0001326801-22-000018,
d_and_a,DepreciationDepletionAndAmortization,us-gaap,USD,2021-01-01,2021-12-31,7967000000.0,2022,FY,10-K,2023-02-02,0001326801-23-000013,
d_and_a,DepreciationDepletionAndAmortization,us-gaap,USD,2021-01-01,2021-12-31,7967000000.0,2023,FY,10-K,2024-02-02,0001326801-24-000012,CY2021
d_and_a,DepreciationDepletionAndAmortization,us-gaap,USD,2022-01-01,2022-03-31,2156000000.0,2022,Q1,10-Q,2022-04-28,0001326801-22-000057,
d_and_a,DepreciationDepletionAndAmortization,us-gaap,USD,2022-01-01,2022-03-31,2156000000.0,2023,Q1,10-Q,2023-04-27,0001326801-23-000067,CY2022Q1
d_and_a,DepreciationDepletionAndAmortization,us-gaap,USD,2022-01-01,2022-06-30,4135000000.0,2022,Q2,10-Q,2022-07-28,0001326801-22-000082,
d_and_a,DepreciationDepletionAndAmortization,us-gaap,USD,2022-01-01,2022-06-30,4135000000.0,2023,Q2,10-Q,2023-07-27,0001326801-23-000093,
d_and_a,DepreciationDepletionAndAmortization,us-gaap,USD,2022-01-01,2022-09-30,6310000000.0,2022,Q3,10-Q,2022-10-27,0001326801-22-000108,
d_and_a,DepreciationDepletionAndAmortization,us-gaap,USD,2022-01-01,2022-09-30,6310000000.0,2023,Q3,10-Q,2023-10-26,0001326801-23-000103,
d_and_a,DepreciationDepletionAndAmortization,us-gaap,USD,2022-01-01,2022-12-31,8686000000.0,2022,FY,10-K,2023-02-02,0001326801-23-000013,
d_and_a,DepreciationDepletionAndAmortization,us-gaap,USD,2022-01-01,2022-12-31,8686000000.0,2023,FY,10-K,2024-02-02,0001326801-24-000012,
d_and_a,DepreciationDepletionAndAmortization,us-gaap,USD,2022-01-01,2022-12-31,8686000000.0,2024,FY,10-K,2025-01-30,0001326801-25-000017,CY2022
d_and_a,DepreciationDepletionAndAmortization,us-gaap,USD,2023-01-01,2023-03-31,2524000000.0,2023,Q1,10-Q,2023-04-27,0001326801-23-000067,
d_and_a,DepreciationDepletionAndAmortization,us-gaap,USD,2023-01-01,2023-03-31,2524000000.0,2024,Q1,10-Q,2024-04-25,0001326801-24-000049,CY2023Q1
d_and_a,DepreciationDepletionAndAmortization,us-gaap,USD,2023-01-01,2023-06-30,5147000000.0,2023,Q2,10-Q,2023-07-27,0001326801-23-000093,
d_and_a,DepreciationDepletionAndAmortization,us-gaap,USD,2023-01-01,2023-06-30,5147000000.0,2024,Q2,10-Q,2024-08-01,0001326801-24-000069,
d_and_a,DepreciationDepletionAndAmortization,us-gaap,USD,2023-01-01,2023-09-30,8006000000.0,2023,Q3,10-Q,2023-10-26,0001326801-23-000103,
d_and_a,DepreciationDepletionAndAmortization,us-gaap,USD,2023-01-01,2023-09-30,8006000000.0,2024,Q3,10-Q,2024-10-31,0001326801-24-000081,
d_and_a,DepreciationDepletionAndAmortization,us-gaap,USD,2023-01-01,2023-12-31,11178000000.0,2023,FY,10-K,2024-02-02,0001326801-24-000012,
d_and_a,DepreciationDepletionAndAmortization,us-gaap,USD,2023-01-01,2023-12-31,11178000000.0,2024,FY,10-K,2025-01-30,0001326801-25-000017,
d_and_a,DepreciationDepletionAndAmortization,us-gaap,USD,2023-01-01,2023-12-31,11178000000.0,2025,FY,10-K,2026-01-29,0001628280-26-003942,CY2023
d_and_a,DepreciationDepletionAndAmortization,us-gaap,USD,2024-01-01,2024-03-31,3374000000.0,2024,Q1,10-Q,2024-04-25,0001326801-24-000049,
d_and_a,DepreciationDepletionAndAmortization,us-gaap,USD,2024-01-01,2024-03-31,3374000000.0,2025,Q1,10-Q,2025-05-01,0001326801-25-000054,CY2024Q1
d_and_a,DepreciationDepletionAndAmortization,us-gaap,USD,2024-01-01,2024-06-30,7011000000.0,2024,Q2,10-Q,2024-08-01,0001326801-24-000069,
d_and_a,DepreciationDepletionAndAmortization,us-gaap,USD,2024-01-01,2024-06-30,7011000000.0,2025,Q2,10-Q,2025-07-31,0001628280-25-036791,
d_and_a,DepreciationDepletionAndAmortization,us-gaap,USD,2024-01-01,2024-09-30,11038000000.0,2024,Q3,10-Q,2024-10-31,0001326801-24-000081,
d_and_a,DepreciationDepletionAndAmortization,us-gaap,USD,2024-01-01,2024-09-30,11038000000.0,2025,Q3,10-Q,2025-10-30,0001628280-25-047240,
d_and_a,DepreciationDepletionAndAmortization,us-gaap,USD,2024-01-01,2024-12-31,15498000000.0,2024,FY,10-K,2025-01-30,0001326801-25-000017,
d_and_a,DepreciationDepletionAndAmortization,us-gaap,USD,2024-01-01,2024-12-31,15498000000.0,2025,FY,10-K,2026-01-29,0001628280-26-003942,CY2024
d_and_a,DepreciationDepletionAndAmortization,us-gaap,USD,2025-01-01,2025-03-31,3900000000.0,2025,Q1,10-Q,2025-05-01,0001326801-25-000054,
d_and_a,DepreciationDepletionAndAmortization,us-gaap,USD,2025-01-01,2025-03-31,3900000000.0,2026,Q1,10-Q,2026-04-30,0001628280-26-028526,CY2025Q1
d_and_a,DepreciationDepletionAndAmortization,us-gaap,USD,2025-01-01,2025-06-30,8242000000.0,2025,Q2,10-Q,2025-07-31,0001628280-25-036791,
d_and_a,DepreciationDepletionAndAmortization,us-gaap,USD,2025-01-01,2025-06-30,8242000000.0,2026,Q2,10-Q,2026-07-30,0001628280-26-050705,
d_and_a,DepreciationDepletionAndAmortization,us-gaap,USD,2025-01-01,2025-09-30,13205000000.0,2025,Q3,10-Q,2025-10-30,0001628280-25-047240,
d_and_a,DepreciationDepletionAndAmortization,us-gaap,USD,2025-01-01,2025-12-31,18616000000.0,2025,FY,10-K,2026-01-29,0001628280-26-003942,CY2025
d_and_a,DepreciationDepletionAndAmortization,us-gaap,USD,2026-01-01,2026-03-31,5999000000.0,2026,Q1,10-Q,2026-04-30,0001628280-26-028526,CY2026Q1
d_and_a,DepreciationDepletionAndAmortization,us-gaap,USD,2026-01-01,2026-06-30,12355000000.0,2026,Q2,10-Q,2026-07-30,0001628280-26-050705,
interest_expense,InterestExpenseDebt,us-gaap,USD,2022-01-01,2022-12-31,160000000.0,2023,FY,10-K,2024-02-02,0001326801-24-000012,
interest_expense,InterestExpenseDebt,us-gaap,USD,2022-01-01,2022-12-31,160000000.0,2024,FY,10-K,2025-01-30,0001326801-25-000017,CY2022
interest_expense,InterestExpenseDebt,us-gaap,USD,2023-01-01,2023-03-31,49000000.0,2023,Q1,10-Q,2023-04-27,0001326801-23-000067,CY2023Q1
interest_expense,InterestExpenseDebt,us-gaap,USD,2023-01-01,2023-06-30,159000000.0,2023,Q2,10-Q,2023-07-27,0001326801-23-000093,
interest_expense,InterestExpenseDebt,us-gaap,USD,2023-04-01,2023-06-30,110000000.0,2023,Q2,10-Q,2023-07-27,0001326801-23-000093,CY2023Q2
interest_expense,InterestExpenseDebt,us-gaap,USD,2023-01-01,2023-09-30,291000000.0,2023,Q3,10-Q,2023-10-26,0001326801-23-000103,
interest_expense,InterestExpenseDebt,us-gaap,USD,2023-07-01,2023-09-30,132000000.0,2023,Q3,10-Q,2023-10-26,0001326801-23-000103,
interest_expense,InterestExpenseDebt,us-gaap,USD,2023-01-01,2023-09-30,291000000.0,2024,Q3,10-Q,2024-10-31,0001326801-24-000081,
interest_expense,InterestExpenseDebt,us-gaap,USD,2023-07-01,2023-09-30,132000000.0,2024,Q3,10-Q,2024-10-31,0001326801-24-000081,CY2023Q3
interest_expense,InterestExpenseDebt,us-gaap,USD,2023-01-01,2023-12-31,420000000.0,2023,FY,10-K,2024-02-02,0001326801-24-000012,
interest_expense,InterestExpenseDebt,us-gaap,USD,2023-01-01,2023-12-31,420000000.0,2024,FY,10-K,2025-01-30,0001326801-25-000017,
interest_expense,InterestExpenseDebt,us-gaap,USD,2023-01-01,2023-12-31,420000000.0,2025,FY,10-K,2026-01-29,0001628280-26-003942,CY2023
interest_expense,InterestExpenseDebt,us-gaap,USD,2024-01-01,2024-09-30,440000000.0,2024,Q3,10-Q,2024-10-31,0001326801-24-000081,
interest_expense,InterestExpenseDebt,us-gaap,USD,2024-07-01,2024-09-30,200000000.0,2024,Q3,10-Q,2024-10-31,0001326801-24-000081,CY2024Q3
interest_expense,InterestExpenseDebt,us-gaap,USD,2024-01-01,2024-12-31,683000000.0,2024,FY,10-K,2025-01-30,0001326801-25-000017,
interest_expense,InterestExpenseDebt,us-gaap,USD,2024-01-01,2024-12-31,683000000.0,2025,FY,10-K,2026-01-29,0001628280-26-003942,CY2024
interest_expense,InterestExpenseDebt,us-gaap,USD,2025-01-01,2025-06-30,463000000.0,2026,Q2,10-Q,2026-07-30,0001628280-26-050705,
interest_expense,InterestExpenseDebt,us-gaap,USD,2025-04-01,2025-06-30,232000000.0,2026,Q2,10-Q,2026-07-30,0001628280-26-050705,CY2025Q2
interest_expense,InterestExpenseDebt,us-gaap,USD,2025-01-01,2025-12-31,1090000000.0,2025,FY,10-K,2026-01-29,0001628280-26-003942,CY2025
interest_expense,InterestExpenseDebt,us-gaap,USD,2026-01-01,2026-06-30,1290000000.0,2026,Q2,10-Q,2026-07-30,0001628280-26-050705,
interest_expense,InterestExpenseDebt,us-gaap,USD,2026-04-01,2026-06-30,754000000.0,2026,Q2,10-Q,2026-07-30,0001628280-26-050705,CY2026Q2
long_term_debt,LongTermDebt,us-gaap,USD,,2022-12-31,9923000000.0,2023,Q1,10-Q,2023-04-27,0001326801-23-000067,
long_term_debt,LongTermDebt,us-gaap,USD,,2022-12-31,9923000000.0,2023,Q2,10-Q,2023-07-27,0001326801-23-000093,
long_term_debt,LongTermDebt,us-gaap,USD,,2022-12-31,9923000000.0,2023,Q3,10-Q,2023-10-26,0001326801-23-000103,
long_term_debt,LongTermDebt,us-gaap,USD,,2022-12-31,9923000000.0,2023,FY,10-K,2024-02-02,0001326801-24-000012,CY2022Q4I
long_term_debt,LongTermDebt,us-gaap,USD,,2023-03-31,9925000000.0,2023,Q1,10-Q,2023-04-27,0001326801-23-000067,CY2023Q1I
long_term_debt,LongTermDebt,us-gaap,USD,,2023-06-30,18382000000.0,2023,Q2,10-Q,2023-07-27,0001326801-23-000093,CY2023Q2I
long_term_debt,LongTermDebt,us-gaap,USD,,2023-09-30,18383000000.0,2023,Q3,10-Q,2023-10-26,0001326801-23-000103,CY2023Q3I
long_term_debt,LongTermDebt,us-gaap,USD,,2023-12-31,18385000000.0,2023,FY,10-K,2024-02-02,0001326801-24-000012,
long_term_debt,LongTermDebt,us-gaap,USD,,2023-12-31,18385000000.0,2024,Q3,10-Q,2024-10-31,0001326801-24-000081,
long_term_debt,LongTermDebt,us-gaap,USD,,2023-12-31,18385000000.0,2024,FY,10-K,2025-01-30,0001326801-25-000017,CY2023Q4I
long_term_debt,LongTermDebt,us-gaap,USD,,2024-09-30,28823000000.0,2024,Q3,10-Q,2024-10-31,0001326801-24-000081,CY2024Q3I
long_term_debt,LongTermDebt,us-gaap,USD,,2024-12-31,28826000000.0,2024,FY,10-K,2025-01-30,0001326801-25-000017,
long_term_debt,LongTermDebt,us-gaap,USD,,2024-12-31,28826000000.0,2025,FY,10-K,2026-01-29,0001628280-26-003942,CY2024Q4I
long_term_debt,LongTermDebt,us-gaap,USD,,2025-12-31,58744000000.0,2025,FY,10-K,2026-01-29,0001628280-26-003942,
long_term_debt,LongTermDebt,us-gaap,USD,,2025-12-31,58744000000.0,2026,Q2,10-Q,2026-07-30,0001628280-26-050705,CY2025Q4I
long_term_debt,LongTermDebt,us-gaap,USD,,2026-06-30,83664000000.0,2026,Q2,10-Q,2026-07-30,0001628280-26-050705,CY2026Q2I
net_income,NetIncomeLoss,us-gaap,USD,2010-01-01,2010-12-31,606000000.0,2012,FY,10-K,2013-02-01,0001326801-13-000003,CY2010
net_income,NetIncomeLoss,us-gaap,USD,2011-01-01,2011-06-30,471000000.0,2012,Q2,10-Q,2012-07-31,0001193125-12-325997,
net_income,NetIncomeLoss,us-gaap,USD,2011-04-01,2011-06-30,240000000.0,2012,Q2,10-Q,2012-07-31,0001193125-12-325997,CY2011Q2
net_income,NetIncomeLoss,us-gaap,USD,2011-01-01,2011-09-30,698000000.0,2012,Q3,10-Q,2012-10-24,0001326801-12-000006,
net_income,NetIncomeLoss,us-gaap,USD,2011-07-01,2011-09-30,227000000.0,2012,Q3,10-Q,2012-10-24,0001326801-12-000006,CY2011Q3
net_income,NetIncomeLoss,us-gaap,USD,2011-01-01,2011-12-31,1000000000.0,2012,FY,10-K,2013-02-01,0001326801-13-000003,
net_income,NetIncomeLoss,us-gaap,USD,2011-01-01,2011-12-31,1000000000.0,2013,FY,10-K,2014-01-31,0001326801-14-000007,CY2011
net_income,NetIncomeLoss,us-gaap,USD,2012-01-01,2012-03-31,205000000.0,2013,Q1,10-Q,2013-05-02,0001326801-13-000011,CY2012Q1
net_income,NetIncomeLoss,us-gaap,USD,2012-01-01,2012-06-30,48000000.0,2012,Q2,10-Q,2012-07-31,0001193125-12-325997,
net_income,NetIncomeLoss,us-gaap,USD,2012-04-01,2012-06-30,-157000000.0,2012,Q2,10-Q,2012-07-31,0001193125-12-325997,
net_income,NetIncomeLoss,us-gaap,USD,2012-01-01,2012-06-30,48000000.0,2013,Q2,10-Q,2013-07-25,0001326801-13-000019,
net_income,NetIncomeLoss,us-gaap,USD,2012-04-01,2012-06-30,-157000000.0,2013,Q2,10-Q,2013-07-25,0001326801-13-000019,CY2012Q2
net_income,NetIncomeLoss,us-gaap,USD,2012-01-01,2012-09-30,-11000000.0,2012,Q3,10-Q,2012-10-24,0001326801-12-000006,
net_income,NetIncomeLoss,us-gaap,USD,2012-07-01,2012-09-30,-59000000.0,2012,Q3,10-Q,2012-10-24,0001326801-12-000006,
net_income,NetIncomeLoss,us-gaap,USD,2012-01-01,2012-09-30,-11000000.0,2013,Q3,10-Q,2013-11-01,0001326801-13-000031,
net_income,NetIncomeLoss,us-gaap,USD,2012-07-01,2012-09-30,-59000000.0,2013,Q3,10-Q,2013-11-01,0001326801-13-000031,CY2012Q3
net_income,NetIncomeLoss,us-gaap,USD,2012-01-01,2012-12-31,53000000.0,2012,FY,10-K,2013-02-01,0001326801-13-000003,
net_income,NetIncomeLoss,us-gaap,USD,2012-01-01,2012-12-31,53000000.0,2013,FY,10-K,2014-01-31,0001326801-14-000007,
net_income,NetIncomeLoss,us-gaap,USD,2012-01-01,2012-12-31,53000000.0,2014,FY,10-K,2015-01-29,0001326801-15-000006,CY2012
net_income,NetIncomeLoss,us-gaap,USD,2013-01-01,2013-03-31,219000000.0,2013,Q1,10-Q,2013-05-02,0001326801-13-000011,
net_income,NetIncomeLoss,us-gaap,USD,2013-01-01,2013-03-31,219000000.0,2014,Q1,10-Q,2014-04-25,0001326801-14-000023,CY2013Q1
net_income,NetIncomeLoss,us-gaap,USD,2013-01-01,2013-06-30,552000000.0,2013,Q2,10-Q,2013-07-25,0001326801-13-000019,
net_income,NetIncomeLoss,us-gaap,USD,2013-04-01,2013-06-30,333000000.0,2013,Q2,10-Q,2013-07-25,0001326801-13-000019,
net_income,NetIncomeLoss,us-gaap,USD,2013-01-01,2013-06-30,552000000.0,2014,Q2,10-Q,2014-07-24,0001326801-14-000032,
net_income,NetIncomeLoss,us-gaap,USD,2013-04-01,2013-06-30,333000000.0,2014,Q2,10-Q,2014-07-24,0001326801-14-000032,CY2013Q2
net_income,NetIncomeLoss,us-gaap,USD,2013-01-01,2013-09-30,977000000.0,2013,Q3,10-Q,2013-11-01,0001326801-13-000031,
net_income,NetIncomeLoss,us-gaap,USD,2013-07-01,2013-09-30,425000000.0,2013,Q3,10-Q,2013-11-01,0001326801-13-000031,
net_income,NetIncomeLoss,us-gaap,USD,2013-01-01,2013-09-30,977000000.0,2014,Q3,10-Q,2014-10-30,0001326801-14-000068,
net_income,NetIncomeLoss,us-gaap,USD,2013-07-01,2013-09-30,425000000.0,2014,Q3,10-Q,2014-10-30,0001326801-14-000068,CY2013Q3
net_income,NetIncomeLoss,us-gaap,USD,2013-01-01,2013-12-31,1500000000.0,2013,FY,10-K,2014-01-31,0001326801-14-000007,
net_income,NetIncomeLoss,us-gaap,USD,2013-01-01,2013-12-31,1500000000.0,2014,FY,10-K,2015-01-29,0001326801-15-000006,
net_income,NetIncomeLoss,us-gaap,USD,2013-01-01,2013-12-31,1500000000.0,2015,FY,10-K,2016-01-28,0001326801-16-000043,CY2013
net_income,NetIncomeLoss,us-gaap,USD,2014-01-01,2014-03-31,642000000.0,2014,Q1,10-Q,2014-04-25,0001326801-14-000023,
net_income,NetIncomeLoss,us-gaap,USD,2014-01-01,2014-03-31,642000000.0,2015,Q1,10-Q,2015-04-23,0001326801-15-000015,CY2014Q1
net_income,NetIncomeLoss,us-gaap,USD,2014-01-01,2014-06-30,1433000000.0,2014,Q2,10-Q,2014-07-24,0001326801-14-000032,
net_income,NetIncomeLoss,us-gaap,USD,2014-04-01,2014-06-30,791000000.0,2014,Q2,10-Q,2014-07-24,0001326801-14-000032,
net_income,NetIncomeLoss,us-gaap,USD,2014-01-01,2014-06-30,1433000000.0,2015,Q2,10-Q,2015-07-31,0001326801-15-000028,
net_income,NetIncomeLoss,us-gaap,USD,2014-04-01,2014-06-30,791000000.0,2015,Q2,10-Q,2015-07-31,0001326801-15-000028,CY2014Q2
net_income,NetIncomeLoss,us-gaap,USD,2014-01-01,2014-09-30,2239000000.0,2014,Q3,10-Q,2014-10-30,0001326801-14-000068,
net_income,NetIncomeLoss,us-gaap,USD,2014-07-01,2014-09-30,806000000.0,2014,Q3,10-Q,2014-10-30,0001326801-14-000068,
net_income,NetIncomeLoss,us-gaap,USD,2014-01-01,2014-09-30,2239000000.0,2015,Q3,10-Q,2015-11-05,0001326801-15-000032,
net_income,NetIncomeLoss,us-gaap,USD,2014-07-01,2014-09-30,806000000.0,2015,Q3,10-Q,2015-11-05,0001326801-15-000032,CY2014Q3
net_income,NetIncomeLoss,us-gaap,USD,2014-01-01,2014-12-31,2940000000.0,2014,FY,10-K,2015-01-29,0001326801-15-000006,
net_income,NetIncomeLoss,us-gaap,USD,2014-01-01,2014-12-31,2940000000.0,2015,FY,10-K,2016-01-28,0001326801-16-000043,
net_income,NetIncomeLoss,us-gaap,USD,2014-01-01,2014-12-31,2940000000.0,2016,FY,10-K,2017-02-03,0001326801-17-000007,CY2014
net_income,NetIncomeLoss,us-gaap,USD,2015-01-01,2015-03-31,512000000.0,2015,Q1,10-Q,2015-04-23,0001326801-15-000015,
net_income,NetIncomeLoss,us-gaap,USD,2015-01-01,2015-03-31,512000000.0,2016,Q1,10-Q,2016-04-28,0001326801-16-000067,CY2015Q1
net_income,NetIncomeLoss,us-gaap,USD,2015-01-01,2015-06-30,1231000000.0,2015,Q2,10-Q,2015-07-31,0001326801-15-000028,
net_income,NetIncomeLoss,us-gaap,USD,2015-04-01,2015-06-30,719000000.0,2015,Q2,10-Q,2015-07-31,0001326801-15-000028,
net_income,NetIncomeLoss,us-gaap,USD,2015-01-01,2015-06-30,1231000000.0,2016,Q2,10-Q,2016-07-28,0001326801-16-000082,
net_income,NetIncomeLoss,us-gaap,USD,2015-04-01,2015-06-30,719000000.0,2016,Q2,10-Q,2016-07-28,0001326801-16-000082,CY2015Q2
net_income,NetIncomeLoss,us-gaap,USD,2015-01-01,2015-09-30,2127000000.0,2015,Q3,10-Q,2015-11-05,0001326801-15-000032,
net_income,NetIncomeLoss,us-gaap,USD,2015-07-01,2015-09-30,896000000.0,2015,Q3,10-Q,2015-11-05,0001326801-15-000032,
net_income,NetIncomeLoss,us-gaap,USD,2015-01-01,2015-09-30,2127000000.0,2016,Q3,10-Q,2016-11-03,0001326801-16-000087,
net_income,NetIncomeLoss,us-gaap,USD,2015-07-01,2015-09-30,896000000.0,2016,Q3,10-Q,2016-11-03,0001326801-16-000087,CY2015Q3
net_income,NetIncomeLoss,us-gaap,USD,2015-01-01,2015-12-31,3688000000.0,2015,FY,10-K,2016-01-28,0001326801-16-000043,
net_income,NetIncomeLoss,us-gaap,USD,2015-01-01,2015-12-31,3688000000.0,2016,FY,10-K,2017-02-03,0001326801-17-000007,
net_income,NetIncomeLoss,us-gaap,USD,2015-01-01,2015-12-31,3688000000.0,2017,FY,10-K,2018-02-01,0001326801-18-000009,CY2015
net_income,NetIncomeLoss,us-gaap,USD,2016-01-01,2016-03-31,1510000000.0,2016,Q1,10-Q,2016-04-28,0001326801-16-000067,
net_income,NetIncomeLoss,us-gaap,USD,2016-01-01,2016-03-31,1738000000.0,2016,FY,10-K,2017-02-03,0001326801-17-000007,
net_income,NetIncomeLoss,us-gaap,USD,2016-01-01,2016-03-31,1738000000.0,2017,Q1,10-Q,2017-05-04,0001326801-17-000024,CY2016Q1
net_income,NetIncomeLoss,us-gaap,USD,2016-01-01,2016-06-30,3565000000.0,2016,Q2,10-Q,2016-07-28,0001326801-16-000082,
net_income,NetIncomeLoss,us-gaap,USD,2016-04-01,2016-06-30,2055000000.0,2016,Q2,10-Q,2016-07-28,0001326801-16-000082,
net_income,NetIncomeLoss,us-gaap,USD,2016-04-01,2016-06-30,2283000000.0,2016,FY,10-K,2017-02-03,0001326801-17-000007,
net_income,NetIncomeLoss,us-gaap,USD,2016-01-01,2016-06-30,4021000000.0,2017,Q2,10-Q,2017-07-27,0001326801-17-000038,
net_income,NetIncomeLoss,us-gaap,USD,2016-04-01,2016-06-30,2283000000.0,2017,Q2,10-Q,2017-07-27,0001326801-17-000038,CY2016Q2
net_income,NetIncomeLoss,us-gaap,USD,2016-01-01,2016-09-30,5944000000.0,2016,Q3,10-Q,2016-11-03,0001326801-16-000087,
net_income,NetIncomeLoss,us-gaap,USD,2016-07-01,2016-09-30,2379000000.0,2016,Q3,10-Q,2016-11-03,0001326801-16-000087,
net_income,NetIncomeLoss,us-gaap,USD,2016-07-01,2016-09-30,2627000000.0,2016,FY,10-K,2017-02-03,0001326801-17-000007,
net_income,NetIncomeLoss,us-gaap,USD,2016-01-01,2016-09-30,6648000000.0,2017,Q3,10-Q,2017-11-02,0001326801-17-000053,
net_income,NetIncomeLoss,us-gaap,USD,2016-07-01,2016-09-30,2627000000.0,2017,Q3,10-Q,2017-11-02,0001326801-17-000053,CY2016Q3
net_income,NetIncomeLoss,us-gaap,USD,2016-01-01,2016-12-31,10217000000.0,2016,FY,10-K,2017-02-03,0001326801-17-000007,
net_income,NetIncomeLoss,us-gaap,USD,2016-01-01,2016-12-31,10217000000.0,2017,FY,10-K,2018-02-01,0001326801-18-000009,
net_income,NetIncomeLoss,us-gaap,USD,2016-01-01,2016-12-31,10217000000.0,2018,FY,10-K,2019-01-31,0001326801-19-000009,CY2016
net_income,NetIncomeLoss,us-gaap,USD,2017-01-01,2017-03-31,3064000000.0,2017,Q1,10-Q,2017-05-04,0001326801-17-000024,
net_income,NetIncomeLoss,us-gaap,USD,2017-01-01,2017-03-31,3064000000.0,2018,Q1,10-Q,2018-04-26,0001326801-18-000032,CY2017Q1
net_income,NetIncomeLoss,us-gaap,USD,2017-01-01,2017-06-30,6959000000.0,2017,Q2,10-Q,2017-07-27,0001326801-17-000038,
net_income,NetIncomeLoss,us-gaap,USD,2017-04-01,2017-06-30,3894000000.0,2017,Q2,10-Q,2017-07-27,0001326801-17-000038,
net_income,NetIncomeLoss,us-gaap,USD,2017-01-01,2017-06-30,6959000000.0,2018,Q2,10-Q,2018-07-26,0001326801-18-000057,
net_income,NetIncomeLoss,us-gaap,USD,2017-04-01,2017-06-30,3894000000.0,2018,Q2,10-Q,2018-07-26,0001326801-18-000057,CY2017Q2
net_income,NetIncomeLoss,us-gaap,USD,2017-01-01,2017-09-30,11665000000.0,2017,Q3,10-Q,2017-11-02,0001326801-17-000053,
net_income,NetIncomeLoss,us-gaap,USD,2017-07-01,2017-09-30,4707000000.0,2017,Q3,10-Q,2017-11-02,0001326801-17-000053,
net_income,NetIncomeLoss,us-gaap,USD,2017-01-01,2017-09-30,11665000000.0,2018,Q3,10-Q,2018-10-31,0001326801-18-000067,
net_income,NetIncomeLoss,us-gaap,USD,2017-07-01,2017-09-30,4707000000.0,2018,Q3,10-Q,2018-10-31,0001326801-18-000067,CY2017Q3
net_income,NetIncomeLoss,us-gaap,USD,2017-01-01,2017-12-31,15934000000.0,2017,FY,10-K,2018-02-01,0001326801-18-000009,
net_income,NetIncomeLoss,us-gaap,USD,2017-01-01,2017-12-31,15934000000.0,2018,FY,10-K,2019-01-31,0001326801-19-000009,
net_income,NetIncomeLoss,us-gaap,USD,2017-01-01,2017-12-31,15934000000.0,2019,FY,10-K,2020-01-30,0001326801-20-000013,CY2017
net_income,NetIncomeLoss,us-gaap,USD,2018-01-01,2018-03-31,4988000000.0,2018,Q1,10-Q,2018-04-26,0001326801-18-000032,
net_income,NetIncomeLoss,us-gaap,USD,2018-01-01,2018-03-31,4988000000.0,2019,Q1,10-Q,2019-04-25,0001326801-19-000037,CY2018Q1
net_income,NetIncomeLoss,us-gaap,USD,2018-01-01,2018-06-30,10093000000.0,2018,Q2,10-Q,2018-07-26,0001326801-18-000057,
net_income,NetIncomeLoss,us-gaap,USD,2018-04-01,2018-06-30,5106000000.0,2018,Q2,10-Q,2018-07-26,0001326801-18-000057,
net_income,NetIncomeLoss,us-gaap,USD,2018-01-01,2018-06-30,10093000000.0,2019,Q2,10-Q,2019-07-25,0001326801-19-000055,
net_income,NetIncomeLoss,us-gaap,USD,2018-04-01,2018-06-30,5106000000.0,2019,Q2,10-Q,2019-07-25,0001326801-19-000055,CY2018Q2
net_income,NetIncomeLoss,us-gaap,USD,2018-01-01,2018-09-30,15230000000.0,2018,Q3,10-Q,2018-10-31,0001326801-18-000067,
net_income,NetIncomeLoss,us-gaap,USD,2018-07-01,2018-09-30,5137000000.0,2018,Q3,10-Q,2018-10-31,0001326801-18-000067,
net_income,NetIncomeLoss,us-gaap,USD,2018-01-01,2018-09-30,15230000000.0,2019,Q3,10-Q,2019-10-31,0001326801-19-000069,
net_income,NetIncomeLoss,us-gaap,USD,2018-07-01,2018-09-30,5137000000.0,2019,Q3,10-Q,2019-10-31,0001326801-19-000069,CY2018Q3
net_income,NetIncomeLoss,us-gaap,USD,2018-01-01,2018-12-31,22112000000.0,2018,FY,10-K,2019-01-31,0001326801-19-000009,
net_income,NetIncomeLoss,us-gaap,USD,2018-01-01,2018-12-31,22112000000.0,2019,FY,10-K,2020-01-30,0001326801-20-000013,
net_income,NetIncomeLoss,us-gaap,USD,2018-01-01,2018-12-31,22112000000.0,2020,FY,10-K,2021-01-28,0001326801-21-000014,CY2018
net_income,NetIncomeLoss,us-gaap,USD,2019-01-01,2019-03-31,2429000000.0,2019,Q1,10-Q,2019-04-25,0001326801-19-000037,
net_income,NetIncomeLoss,us-gaap,USD,2019-01-01,2019-03-31,2429000000.0,2020,Q1,10-Q,2020-04-30,0001326801-20-000048,CY2019Q1
net_income,NetIncomeLoss,us-gaap,USD,2019-01-01,2019-06-30,5045000000.0,2019,Q2,10-Q,2019-07-25,0001326801-19-000055,
net_income,NetIncomeLoss,us-gaap,USD,2019-04-01,2019-06-30,2616000000.0,2019,Q2,10-Q,2019-07-25,0001326801-19-000055,
net_income,NetIncomeLoss,us-gaap,USD,2019-01-01,2019-06-30,5045000000.0,2020,Q2,10-Q,2020-07-31,0001326801-20-000076,
net_income,NetIncomeLoss,us-gaap,USD,2019-04-01,2019-06-30,2616000000.0,2020,Q2,10-Q,2020-07-31,0001326801-20-000076,CY2019Q2
net_income,NetIncomeLoss,us-gaap,USD,2019-01-01,2019-09-30,11136000000.0,2019,Q3,10-Q,2019-10-31,0001326801-19-000069,
net_income,NetIncomeLoss,us-gaap,USD,2019-07-01,2019-09-30,6091000000.0,2019,Q3,10-Q,2019-10-31,0001326801-19-000069,
net_income,NetIncomeLoss,us-gaap,USD,2019-01-01,2019-09-30,11136000000.0,2020,Q3,10-Q,2020-10-30,0001326801-20-000084,
net_income,NetIncomeLoss,us-gaap,USD,2019-07-01,2019-09-30,6091000000.0,2020,Q3,10-Q,2020-10-30,0001326801-20-000084,CY2019Q3
net_income,NetIncomeLoss,us-gaap,USD,2019-01-01,2019-12-31,18485000000.0,2019,FY,10-K,2020-01-30,0001326801-20-000013,
net_income,NetIncomeLoss,us-gaap,USD,2019-01-01,2019-12-31,18485000000.0,2020,FY,10-K,2021-01-28,0001326801-21-000014,
net_income,NetIncomeLoss,us-gaap,USD,2019-01-01,2019-12-31,18485000000.0,2021,FY,10-K,2022-02-03,0001326801-22-000018,CY2019
net_income,NetIncomeLoss,us-gaap,USD,2020-01-01,2020-03-31,4902000000.0,2020,Q1,10-Q,2020-04-30,0001326801-20-000048,
net_income,NetIncomeLoss,us-gaap,USD,2020-01-01,2020-03-31,4902000000.0,2021,Q1,10-Q,2021-04-29,0001326801-21-000033,CY2020Q1
net_income,NetIncomeLoss,us-gaap,USD,2020-01-01,2020-06-30,10081000000.0,2020,Q2,10-Q,2020-07-31,0001326801-20-000076,
net_income,NetIncomeLoss,us-gaap,USD,2020-04-01,2020-06-30,5178000000.0,2020,Q2,10-Q,2020-07-31,0001326801-20-000076,
net_income,NetIncomeLoss,us-gaap,USD,2020-01-01,2020-06-30,10081000000.0,2021,Q2,10-Q,2021-07-29,0001326801-21-000049,
net_income,NetIncomeLoss,us-gaap,USD,2020-04-01,2020-06-30,5178000000.0,2021,Q2,10-Q,2021-07-29,0001326801-21-000049,CY2020Q2
net_income,NetIncomeLoss,us-gaap,USD,2020-01-01,2020-09-30,17927000000.0,2020,Q3,10-Q,2020-10-30,0001326801-20-000084,
net_income,NetIncomeLoss,us-gaap,USD,2020-07-01,2020-09-30,7846000000.0,2020,Q3,10-Q,2020-10-30,0001326801-20-000084,
net_income,NetIncomeLoss,us-gaap,USD,2020-01-01,2020-09-30,17927000000.0,2021,Q3,10-Q,2021-10-26,0001326801-21-000065,
net_income,NetIncomeLoss,us-gaap,USD,2020-07-01,2020-09-30,7846000000.0,2021,Q3,10-Q,2021-10-26,0001326801-21-000065,CY2020Q3
net_income,NetIncomeLoss,us-gaap,USD,2020-01-01,2020-12-31,29146000000.0,2020,FY,10-K,2021-01-28,0001326801-21-000014,
net_income,NetIncomeLoss,us-gaap,USD,2020-01-01,2020-12-31,29146000000.0,2021,FY,10-K,2022-02-03,0001326801-22-000018,
net_income,NetIncomeLoss,us-gaap,USD,2020-01-01,2020-12-31,29146000000.0,2022,FY,10-K,2023-02-02,0001326801-23-000013,CY2020
net_income,NetIncomeLoss,us-gaap,USD,2021-01-01,2021-03-31,9497000000.0,2021,Q1,10-Q,2021-04-29,0001326801-21-000033,
net_income,NetIncomeLoss,us-gaap,USD,2021-01-01,2021-03-31,9497000000.0,2022,Q1,10-Q,2022-04-28,0001326801-22-000057,CY2021Q1
net_income,NetIncomeLoss,us-gaap,USD,2021-01-01,2021-06-30,19892000000.0,2021,Q2,10-Q,2021-07-29,0001326801-21-000049,
net_income,NetIncomeLoss,us-gaap,USD,2021-04-01,2021-06-30,10394000000.0,2021,Q2,10-Q,2021-07-29,0001326801-21-000049,
net_income,NetIncomeLoss,us-gaap,USD,2021-01-01,2021-06-30,19892000000.0,2022,Q2,10-Q,2022-07-28,0001326801-22-000082,
net_income,NetIncomeLoss,us-gaap,USD,2021-04-01,2021-06-30,10394000000.0,2022,Q2,10-Q,2022-07-28,0001326801-22-000082,CY2021Q2
net_income,NetIncomeLoss,us-gaap,USD,2021-01-01,2021-09-30,29085000000.0,2021,Q3,10-Q,2021-10-26,0001326801-21-000065,
net_income,NetIncomeLoss,us-gaap,USD,2021-07-01,2021-09-30,9194000000.0,2021,Q3,10-Q,2021-10-26,0001326801-21-000065,
net_income,NetIncomeLoss,us-gaap,USD,2021-01-01,2021-09-30,29085000000.0,2022,Q3,10-Q,2022-10-27,0001326801-22-000108,
net_income,NetIncomeLoss,us-gaap,USD,2021-07-01,2021-09-30,9194000000.0,2022,Q3,10-Q,2022-10-27,0001326801-22-000108,CY2021Q3
net_income,NetIncomeLoss,us-gaap,USD,2021-01-01,2021-12-31,39370000000.0,2021,FY,10-K,2022-02-03,0001326801-22-000018,
net_income,NetIncomeLoss,us-gaap,USD,2021-01-01,2021-12-31,39370000000.0,2022,FY,10-K,2023-02-02,0001326801-23-000013,
net_income,NetIncomeLoss,us-gaap,USD,2021-01-01,2021-12-31,39370000000.0,2023,FY,10-K,2024-02-02,0001326801-24-000012,
net_income,NetIncomeLoss,us-gaap,USD,2021-01-01,2021-12-31,39370000000.0,,,DEF 14A,2026-04-16,0001628280-26-025532,CY2021
net_income,NetIncomeLoss,us-gaap,USD,2022-01-01,2022-03-31,7465000000.0,2022,Q1,10-Q,2022-04-28,0001326801-22-000057,
net_income,NetIncomeLoss,us-gaap,USD,2022-01-01,2022-03-31,7465000000.0,2023,Q1,10-Q,2023-04-27,0001326801-23-000067,CY2022Q1
net_income,NetIncomeLoss,us-gaap,USD,2022-01-01,2022-06-30,14152000000.0,2022,Q2,10-Q,2022-07-28,0001326801-22-000082,
net_income,NetIncomeLoss,us-gaap,USD,2022-04-01,2022-06-30,6687000000.0,2022,Q2,10-Q,2022-07-28,0001326801-22-000082,
net_income,NetIncomeLoss,us-gaap,USD,2022-01-01,2022-06-30,14152000000.0,2023,Q2,10-Q,2023-07-27,0001326801-23-000093,
net_income,NetIncomeLoss,us-gaap,USD,2022-04-01,2022-06-30,6687000000.0,2023,Q2,10-Q,2023-07-27,0001326801-23-000093,CY2022Q2
net_income,NetIncomeLoss,us-gaap,USD,2022-01-01,2022-09-30,18547000000.0,2022,Q3,10-Q,2022-10-27,0001326801-22-000108,
net_income,NetIncomeLoss,us-gaap,USD,2022-07-01,2022-09-30,4395000000.0,2022,Q3,10-Q,2022-10-27,0001326801-22-000108,
net_income,NetIncomeLoss,us-gaap,USD,2022-01-01,2022-09-30,18547000000.0,2023,Q3,10-Q,2023-10-26,0001326801-23-000103,
net_income,NetIncomeLoss,us-gaap,USD,2022-07-01,2022-09-30,4395000000.0,2023,Q3,10-Q,2023-10-26,0001326801-23-000103,CY2022Q3
net_income,NetIncomeLoss,us-gaap,USD,2022-01-01,2022-12-31,23200000000.0,2022,FY,10-K,2023-02-02,0001326801-23-000013,
net_income,NetIncomeLoss,us-gaap,USD,2022-01-01,2022-12-31,23200000000.0,2023,FY,10-K,2024-02-02,0001326801-24-000012,
net_income,NetIncomeLoss,us-gaap,USD,2022-01-01,2022-12-31,23200000000.0,2024,FY,10-K,2025-01-30,0001326801-25-000017,
net_income,NetIncomeLoss,us-gaap,USD,2022-01-01,2022-12-31,23200000000.0,,,DEF 14A,2026-04-16,0001628280-26-025532,CY2022
net_income,NetIncomeLoss,us-gaap,USD,2023-01-01,2023-03-31,5709000000.0,2023,Q1,10-Q,2023-04-27,0001326801-23-000067,
net_income,NetIncomeLoss,us-gaap,USD,2023-01-01,2023-03-31,5709000000.0,2024,Q1,10-Q,2024-04-25,0001326801-24-000049,CY2023Q1
net_income,NetIncomeLoss,us-gaap,USD,2023-01-01,2023-06-30,13498000000.0,2023,Q2,10-Q,2023-07-27,0001326801-23-000093,
net_income,NetIncomeLoss,us-gaap,USD,2023-04-01,2023-06-30,7788000000.0,2023,Q2,10-Q,2023-07-27,0001326801-23-000093,
net_income,NetIncomeLoss,us-gaap,USD,2023-01-01,2023-06-30,13498000000.0,2024,Q2,10-Q,2024-08-01,0001326801-24-000069,
net_income,NetIncomeLoss,us-gaap,USD,2023-04-01,2023-06-30,7788000000.0,2024,Q2,10-Q,2024-08-01,0001326801-24-000069,CY2023Q2
net_income,NetIncomeLoss,us-gaap,USD,2023-01-01,2023-09-30,25081000000.0,2023,Q3,10-Q,2023-10-26,0001326801-23-000103,
net_income,NetIncomeLoss,us-gaap,USD,2023-07-01,2023-09-30,11583000000.0,2023,Q3,10-Q,2023-10-26,0001326801-23-000103,
net_income,NetIncomeLoss,us-gaap,USD,2023-01-01,2023-09-30,25081000000.0,2024,Q3,10-Q,2024-10-31,0001326801-24-000081,
net_income,NetIncomeLoss,us-gaap,USD,2023-07-01,2023-09-30,11583000000.0,2024,Q3,10-Q,2024-10-31,0001326801-24-000081,CY2023Q3
net_income,NetIncomeLoss,us-gaap,USD,2023-01-01,2023-12-31,39098000000.0,2023,FY,10-K,2024-02-02,0001326801-24-000012,
net_income,NetIncomeLoss,us-gaap,USD,2023-01-01,2023-12-31,39098000000.0,2024,FY,10-K,2025-01-30,0001326801-25-000017,
net_income,NetIncomeLoss,us-gaap,USD,2023-01-01,2023-12-31,39098000000.0,2025,FY,10-K,2026-01-29,0001628280-26-003942,
net_income,NetIncomeLoss,us-gaap,USD,2023-01-01,2023-12-31,39098000000.0,,,DEF 14A,2026-04-16,0001628280-26-025532,CY2023
net_income,NetIncomeLoss,us-gaap,USD,2024-01-01,2024-03-31,12369000000.0,2024,Q1,10-Q,2024-04-25,0001326801-24-000049,
net_income,NetIncomeLoss,us-gaap,USD,2024-01-01,2024-03-31,12369000000.0,2025,Q1,10-Q,2025-05-01,0001326801-25-000054,CY2024Q1
net_income,NetIncomeLoss,us-gaap,USD,2024-01-01,2024-06-30,25834000000.0,2024,Q2,10-Q,2024-08-01,0001326801-24-000069,
net_income,NetIncomeLoss,us-gaap,USD,2024-04-01,2024-06-30,13465000000.0,2024,Q2,10-Q,2024-08-01,0001326801-24-000069,
net_income,NetIncomeLoss,us-gaap,USD,2024-01-01,2024-06-30,25834000000.0,2025,Q2,10-Q,2025-07-31,0001628280-25-036791,
net_income,NetIncomeLoss,us-gaap,USD,2024-04-01,2024-06-30,13465000000.0,2025,Q2,10-Q,2025-07-31,0001628280-25-036791,CY2024Q2
net_income,NetIncomeLoss,us-gaap,USD,2024-01-01,2024-09-30,41522000000.0,2024,Q3,10-Q,2024-10-31,0001326801-24-000081,
net_income,NetIncomeLoss,us-gaap,USD,2024-07-01,2024-09-30,15688000000.0,2024,Q3,10-Q,2024-10-31,0001326801-24-000081,
net_income,NetIncomeLoss,us-gaap,USD,2024-01-01,2024-09-30,41522000000.0,2025,Q3,10-Q,2025-10-30,0001628280-25-047240,
net_income,NetIncomeLoss,us-gaap,USD,2024-07-01,2024-09-30,15688000000.0,2025,Q3,10-Q,2025-10-30,0001628280-25-047240,CY2024Q3
net_income,NetIncomeLoss,us-gaap,USD,2024-01-01,2024-12-31,62360000000.0,2024,FY,10-K,2025-01-30,0001326801-25-000017,
net_income,NetIncomeLoss,us-gaap,USD,2024-01-01,2024-12-31,62360000000.0,2025,FY,10-K,2026-01-29,0001628280-26-003942,
net_income,NetIncomeLoss,us-gaap,USD,2024-01-01,2024-12-31,62360000000.0,,,DEF 14A,2026-04-16,0001628280-26-025532,CY2024
net_income,NetIncomeLoss,us-gaap,USD,2025-01-01,2025-03-31,16644000000.0,2025,Q1,10-Q,2025-05-01,0001326801-25-000054,
net_income,NetIncomeLoss,us-gaap,USD,2025-01-01,2025-03-31,16644000000.0,2026,Q1,10-Q,2026-04-30,0001628280-26-028526,CY2025Q1
net_income,NetIncomeLoss,us-gaap,USD,2025-01-01,2025-06-30,34981000000.0,2025,Q2,10-Q,2025-07-31,0001628280-25-036791,
net_income,NetIncomeLoss,us-gaap,USD,2025-04-01,2025-06-30,18337000000.0,2025,Q2,10-Q,2025-07-31,0001628280-25-036791,
net_income,NetIncomeLoss,us-gaap,USD,2025-01-01,2025-06-30,34981000000.0,2026,Q2,10-Q,2026-07-30,0001628280-26-050705,
net_income,NetIncomeLoss,us-gaap,USD,2025-04-01,2025-06-30,18337000000.0,2026,Q2,10-Q,2026-07-30,0001628280-26-050705,CY2025Q2
net_income,NetIncomeLoss,us-gaap,USD,2025-01-01,2025-09-30,37690000000.0,2025,Q3,10-Q,2025-10-30,0001628280-25-047240,
net_income,NetIncomeLoss,us-gaap,USD,2025-07-01,2025-09-30,2709000000.0,2025,Q3,10-Q,2025-10-30,0001628280-25-047240,CY2025Q3
net_income,NetIncomeLoss,us-gaap,USD,2025-01-01,2025-12-31,60458000000.0,2025,FY,10-K,2026-01-29,0001628280-26-003942,
net_income,NetIncomeLoss,us-gaap,USD,2025-01-01,2025-12-31,60458000000.0,,,DEF 14A,2026-04-16,0001628280-26-025532,CY2025
net_income,NetIncomeLoss,us-gaap,USD,2026-01-01,2026-03-31,26773000000.0,2026,Q1,10-Q,2026-04-30,0001628280-26-028526,CY2026Q1
net_income,NetIncomeLoss,us-gaap,USD,2026-01-01,2026-06-30,42621000000.0,2026,Q2,10-Q,2026-07-30,0001628280-26-050705,
net_income,NetIncomeLoss,us-gaap,USD,2026-04-01,2026-06-30,15848000000.0,2026,Q2,10-Q,2026-07-30,0001628280-26-050705,CY2026Q2
operating_income,OperatingIncomeLoss,us-gaap,USD,2010-01-01,2010-12-31,1032000000.0,2012,FY,10-K,2013-02-01,0001326801-13-000003,CY2010
operating_income,OperatingIncomeLoss,us-gaap,USD,2011-01-01,2011-06-30,795000000.0,2012,Q2,10-Q,2012-07-31,0001193125-12-325997,
operating_income,OperatingIncomeLoss,us-gaap,USD,2011-04-01,2011-06-30,407000000.0,2012,Q2,10-Q,2012-07-31,0001193125-12-325997,CY2011Q2
operating_income,OperatingIncomeLoss,us-gaap,USD,2011-01-01,2011-09-30,1209000000.0,2012,Q3,10-Q,2012-10-24,0001326801-12-000006,
operating_income,OperatingIncomeLoss,us-gaap,USD,2011-07-01,2011-09-30,414000000.0,2012,Q3,10-Q,2012-10-24,0001326801-12-000006,CY2011Q3
operating_income,OperatingIncomeLoss,us-gaap,USD,2011-01-01,2011-12-31,1756000000.0,2012,FY,10-K,2013-02-01,0001326801-13-000003,
operating_income,OperatingIncomeLoss,us-gaap,USD,2011-01-01,2011-12-31,1756000000.0,2013,FY,10-K,2014-01-31,0001326801-14-000007,CY2011
operating_income,OperatingIncomeLoss,us-gaap,USD,2012-01-01,2012-03-31,381000000.0,2013,Q1,10-Q,2013-05-02,0001326801-13-000011,CY2012Q1
operating_income,OperatingIncomeLoss,us-gaap,USD,2012-01-01,2012-06-30,-362000000.0,2012,Q2,10-Q,2012-07-31,0001193125-12-325997,
operating_income,OperatingIncomeLoss,us-gaap,USD,2012-04-01,2012-06-30,-743000000.0,2012,Q2,10-Q,2012-07-31,0001193125-12-325997,
operating_income,OperatingIncomeLoss,us-gaap,USD,2012-01-01,2012-06-30,-362000000.0,2013,Q2,10-Q,2013-07-25,0001326801-13-000019,
operating_income,OperatingIncomeLoss,us-gaap,USD,2012-04-01,2012-06-30,-743000000.0,2013,Q2,10-Q,2013-07-25,0001326801-13-000019,CY2012Q2
operating_income,OperatingIncomeLoss,us-gaap,USD,2012-01-01,2012-09-30,15000000.0,2012,Q3,10-Q,2012-10-24,0001326801-12-000006,
operating_income,OperatingIncomeLoss,us-gaap,USD,2012-07-01,2012-09-30,377000000.0,2012,Q3,10-Q,2012-10-24,0001326801-12-000006,
operating_income,OperatingIncomeLoss,us-gaap,USD,2012-01-01,2012-09-30,15000000.0,2013,Q3,10-Q,2013-11-01,0001326801-13-000031,
operating_income,OperatingIncomeLoss,us-gaap,USD,2012-07-01,2012-09-30,377000000.0,2013,Q3,10-Q,2013-11-01,0001326801-13-000031,CY2012Q3
operating_income,OperatingIncomeLoss,us-gaap,USD,2012-01-01,2012-12-31,538000000.0,2012,FY,10-K,2013-02-01,0001326801-13-000003,
operating_income,OperatingIncomeLoss,us-gaap,USD,2012-01-01,2012-12-31,538000000.0,2013,FY,10-K,2014-01-31,0001326801-14-000007,
operating_income,OperatingIncomeLoss,us-gaap,USD,2012-01-01,2012-12-31,538000000.0,2014,FY,10-K,2015-01-29,0001326801-15-000006,CY2012
operating_income,OperatingIncomeLoss,us-gaap,USD,2013-01-01,2013-03-31,373000000.0,2013,Q1,10-Q,2013-05-02,0001326801-13-000011,
operating_income,OperatingIncomeLoss,us-gaap,USD,2013-01-01,2013-03-31,373000000.0,2014,Q1,10-Q,2014-04-25,0001326801-14-000023,CY2013Q1
operating_income,OperatingIncomeLoss,us-gaap,USD,2013-01-01,2013-06-30,935000000.0,2013,Q2,10-Q,2013-07-25,0001326801-13-000019,
operating_income,OperatingIncomeLoss,us-gaap,USD,2013-04-01,2013-06-30,562000000.0,2013,Q2,10-Q,2013-07-25,0001326801-13-000019,
operating_income,OperatingIncomeLoss,us-gaap,USD,2013-01-01,2013-06-30,935000000.0,2014,Q2,10-Q,2014-07-24,0001326801-14-000032,
operating_income,OperatingIncomeLoss,us-gaap,USD,2013-04-01,2013-06-30,562000000.0,2014,Q2,10-Q,2014-07-24,0001326801-14-000032,CY2013Q2
operating_income,OperatingIncomeLoss,us-gaap,USD,2013-01-01,2013-09-30,1672000000.0,2013,Q3,10-Q,2013-11-01,0001326801-13-000031,
operating_income,OperatingIncomeLoss,us-gaap,USD,2013-07-01,2013-09-30,736000000.0,2013,Q3,10-Q,2013-11-01,0001326801-13-000031,
operating_income,OperatingIncomeLoss,us-gaap,USD,2013-01-01,2013-09-30,1672000000.0,2014,Q3,10-Q,2014-10-30,0001326801-14-000068,
operating_income,OperatingIncomeLoss,us-gaap,USD,2013-07-01,2013-09-30,736000000.0,2014,Q3,10-Q,2014-10-30,0001326801-14-000068,CY2013Q3
operating_income,OperatingIncomeLoss,us-gaap,USD,2013-01-01,2013-12-31,2804000000.0,2013,FY,10-K,2014-01-31,0001326801-14-000007,
operating_income,OperatingIncomeLoss,us-gaap,USD,2013-01-01,2013-12-31,2804000000.0,2014,FY,10-K,2015-01-29,0001326801-15-000006,
operating_income,OperatingIncomeLoss,us-gaap,USD,2013-01-01,2013-12-31,2804000000.0,2015,FY,10-K,2016-01-28,0001326801-16-000043,CY2013
operating_income,OperatingIncomeLoss,us-gaap,USD,2014-01-01,2014-03-31,1075000000.0,2014,Q1,10-Q,2014-04-25,0001326801-14-000023,
operating_income,OperatingIncomeLoss,us-gaap,USD,2014-01-01,2014-03-31,1075000000.0,2015,Q1,10-Q,2015-04-23,0001326801-15-000015,CY2014Q1
operating_income,OperatingIncomeLoss,us-gaap,USD,2014-01-01,2014-06-30,2464000000.0,2014,Q2,10-Q,2014-07-24,0001326801-14-000032,
operating_income,OperatingIncomeLoss,us-gaap,USD,2014-04-01,2014-06-30,1390000000.0,2014,Q2,10-Q,2014-07-24,0001326801-14-000032,
operating_income,OperatingIncomeLoss,us-gaap,USD,2014-01-01,2014-06-30,2464000000.0,2015,Q2,10-Q,2015-07-31,0001326801-15-000028,
operating_income,OperatingIncomeLoss,us-gaap,USD,2014-04-01,2014-06-30,1390000000.0,2015,Q2,10-Q,2015-07-31,0001326801-15-000028,CY2014Q2
operating_income,OperatingIncomeLoss,us-gaap,USD,2014-01-01,2014-09-30,3861000000.0,2014,Q3,10-Q,2014-10-30,0001326801-14-000068,
operating_income,OperatingIncomeLoss,us-gaap,USD,2014-07-01,2014-09-30,1397000000.0,2014,Q3,10-Q,2014-10-30,0001326801-14-000068,
operating_income,OperatingIncomeLoss,us-gaap,USD,2014-01-01,2014-09-30,3861000000.0,2015,Q3,10-Q,2015-11-05,0001326801-15-000032,
operating_income,OperatingIncomeLoss,us-gaap,USD,2014-07-01,2014-09-30,1397000000.0,2015,Q3,10-Q,2015-11-05,0001326801-15-000032,CY2014Q3
operating_income,OperatingIncomeLoss,us-gaap,USD,2014-01-01,2014-12-31,4994000000.0,2014,FY,10-K,2015-01-29,0001326801-15-000006,
operating_income,OperatingIncomeLoss,us-gaap,USD,2014-01-01,2014-12-31,4994000000.0,2015,FY,10-K,2016-01-28,0001326801-16-000043,
operating_income,OperatingIncomeLoss,us-gaap,USD,2014-01-01,2014-12-31,4994000000.0,2016,FY,10-K,2017-02-03,0001326801-17-000007,CY2014
operating_income,OperatingIncomeLoss,us-gaap,USD,2015-01-01,2015-03-31,933000000.0,2015,Q1,10-Q,2015-04-23,0001326801-15-000015,
operating_income,OperatingIncomeLoss,us-gaap,USD,2015-01-01,2015-03-31,933000000.0,2016,Q1,10-Q,2016-04-28,0001326801-16-000067,CY2015Q1
operating_income,OperatingIncomeLoss,us-gaap,USD,2015-01-01,2015-06-30,2206000000.0,2015,Q2,10-Q,2015-07-31,0001326801-15-000028,
operating_income,OperatingIncomeLoss,us-gaap,USD,2015-04-01,2015-06-30,1273000000.0,2015,Q2,10-Q,2015-07-31,0001326801-15-000028,
operating_income,OperatingIncomeLoss,us-gaap,USD,2015-01-01,2015-06-30,2206000000.0,2016,Q2,10-Q,2016-07-28,0001326801-16-000082,
operating_income,OperatingIncomeLoss,us-gaap,USD,2015-04-01,2015-06-30,1273000000.0,2016,Q2,10-Q,2016-07-28,0001326801-16-000082,CY2015Q2
operating_income,OperatingIncomeLoss,us-gaap,USD,2015-01-01,2015-09-30,3665000000.0,2015,Q3,10-Q,2015-11-05,0001326801-15-000032,
operating_income,OperatingIncomeLoss,us-gaap,USD,2015-07-01,2015-09-30,1459000000.0,2015,Q3,10-Q,2015-11-05,0001326801-15-000032,
operating_income,OperatingIncomeLoss,us-gaap,USD,2015-01-01,2015-09-30,3665000000.0,2016,Q3,10-Q,2016-11-03,0001326801-16-000087,
operating_income,OperatingIncomeLoss,us-gaap,USD,2015-07-01,2015-09-30,1459000000.0,2016,Q3,10-Q,2016-11-03,0001326801-16-000087,CY2015Q3
operating_income,OperatingIncomeLoss,us-gaap,USD,2015-01-01,2015-12-31,6225000000.0,2015,FY,10-K,2016-01-28,0001326801-16-000043,
operating_income,OperatingIncomeLoss,us-gaap,USD,2015-01-01,2015-12-31,6225000000.0,2016,FY,10-K,2017-02-03,0001326801-17-000007,
operating_income,OperatingIncomeLoss,us-gaap,USD,2015-01-01,2015-12-31,6225000000.0,2017,FY,10-K,2018-02-01,0001326801-18-000009,CY2015
operating_income,OperatingIncomeLoss,us-gaap,USD,2016-01-01,2016-03-31,2009000000.0,2016,Q1,10-Q,2016-04-28,0001326801-16-000067,
operating_income,OperatingIncomeLoss,us-gaap,USD,2016-01-01,2016-03-31,2010000000.0,2017,Q1,10-Q,2017-05-04,0001326801-17-000024,CY2016Q1
operating_income,OperatingIncomeLoss,us-gaap,USD,2016-01-01,2016-06-30,4754000000.0,2016,Q2,10-Q,2016-07-28,0001326801-16-000082,
operating_income,OperatingIncomeLoss,us-gaap,USD,2016-04-01,2016-06-30,2746000000.0,2016,Q2,10-Q,2016-07-28,0001326801-16-000082,
operating_income,OperatingIncomeLoss,us-gaap,USD,2016-01-01,2016-06-30,4743000000.0,2017,Q2,10-Q,2017-07-27,0001326801-17-000038,
operating_income,OperatingIncomeLoss,us-gaap,USD,2016-04-01,2016-06-30,2734000000.0,2017,Q2,10-Q,2017-07-27,0001326801-17-000038,CY2016Q2
operating_income,OperatingIncomeLoss,us-gaap,USD,2016-01-01,2016-09-30,7876000000.0,2016,Q3,10-Q,2016-11-03,0001326801-16-000087,
operating_income,OperatingIncomeLoss,us-gaap,USD,2016-07-01,2016-09-30,3122000000.0,2016,Q3,10-Q,2016-11-03,0001326801-16-000087,
operating_income,OperatingIncomeLoss,us-gaap,USD,2016-01-01,2016-09-30,7860000000.0,2017,Q3,10-Q,2017-11-02,0001326801-17-000053,
operating_income,OperatingIncomeLoss,us-gaap,USD,2016-07-01,2016-09-30,3117000000.0,2017,Q3,10-Q,2017-11-02,0001326801-17-000053,CY2016Q3
operating_income,OperatingIncomeLoss,us-gaap,USD,2016-01-01,2016-12-31,12427000000.0,2016,FY,10-K,2017-02-03,0001326801-17-000007,
operating_income,OperatingIncomeLoss,us-gaap,USD,2016-01-01,2016-12-31,12427000000.0,2017,FY,10-K,2018-02-01,0001326801-18-000009,
operating_income,OperatingIncomeLoss,us-gaap,USD,2016-01-01,2016-12-31,12427000000.0,2018,FY,10-K,2019-01-31,0001326801-19-000009,CY2016
operating_income,OperatingIncomeLoss,us-gaap,USD,2017-01-01,2017-03-31,3327000000.0,2017,Q1,10-Q,2017-05-04,0001326801-17-000024,
operating_income,OperatingIncomeLoss,us-gaap,USD,2017-01-01,2017-03-31,3327000000.0,2018,Q1,10-Q,2018-04-26,0001326801-18-000032,CY2017Q1
operating_income,OperatingIncomeLoss,us-gaap,USD,2017-01-01,2017-06-30,7729000000.0,2017,Q2,10-Q,2017-07-27,0001326801-17-000038,
operating_income,OperatingIncomeLoss,us-gaap,USD,2017-04-01,2017-06-30,4401000000.0,2017,Q2,10-Q,2017-07-27,0001326801-17-000038,
operating_income,OperatingIncomeLoss,us-gaap,USD,2017-01-01,2017-06-30,7729000000.0,2018,Q2,10-Q,2018-07-26,0001326801-18-000057,
operating_income,OperatingIncomeLoss,us-gaap,USD,2017-04-01,2017-06-30,4401000000.0,2018,Q2,10-Q,2018-07-26,0001326801-18-000057,CY2017Q2
operating_income,OperatingIncomeLoss,us-gaap,USD,2017-01-01,2017-09-30,12851000000.0,2017,Q3,10-Q,2017-11-02,0001326801-17-000053,
operating_income,OperatingIncomeLoss,us-gaap,USD,2017-07-01,2017-09-30,5122000000.0,2017,Q3,10-Q,2017-11-02,0001326801-17-000053,
operating_income,OperatingIncomeLoss,us-gaap,USD,2017-01-01,2017-09-30,12851000000.0,2018,Q3,10-Q,2018-10-31,0001326801-18-000067,
operating_income,OperatingIncomeLoss,us-gaap,USD,2017-07-01,2017-09-30,5122000000.0,2018,Q3,10-Q,2018-10-31,0001326801-18-000067,CY2017Q3
operating_income,OperatingIncomeLoss,us-gaap,USD,2017-01-01,2017-12-31,20203000000.0,2017,FY,10-K,2018-02-01,0001326801-18-000009,
operating_income,OperatingIncomeLoss,us-gaap,USD,2017-01-01,2017-12-31,20203000000.0,2018,FY,10-K,2019-01-31,0001326801-19-000009,
operating_income,OperatingIncomeLoss,us-gaap,USD,2017-01-01,2017-12-31,20203000000.0,2019,FY,10-K,2020-01-30,0001326801-20-000013,CY2017
operating_income,OperatingIncomeLoss,us-gaap,USD,2018-01-01,2018-03-31,5449000000.0,2018,Q1,10-Q,2018-04-26,0001326801-18-000032,
operating_income,OperatingIncomeLoss,us-gaap,USD,2018-01-01,2018-03-31,5449000000.0,2019,Q1,10-Q,2019-04-25,0001326801-19-000037,CY2018Q1
operating_income,OperatingIncomeLoss,us-gaap,USD,2018-01-01,2018-06-30,11313000000.0,2018,Q2,10-Q,2018-07-26,0001326801-18-000057,
operating_income,OperatingIncomeLoss,us-gaap,USD,2018-04-01,2018-06-30,5863000000.0,2018,Q2,10-Q,2018-07-26,0001326801-18-000057,
operating_income,OperatingIncomeLoss,us-gaap,USD,2018-01-01,2018-06-30,11313000000.0,2019,Q2,10-Q,2019-07-25,0001326801-19-000055,
operating_income,OperatingIncomeLoss,us-gaap,USD,2018-04-01,2018-06-30,5863000000.0,2019,Q2,10-Q,2019-07-25,0001326801-19-000055,CY2018Q2
operating_income,OperatingIncomeLoss,us-gaap,USD,2018-01-01,2018-09-30,17093000000.0,2018,Q3,10-Q,2018-10-31,0001326801-18-000067,
operating_income,OperatingIncomeLoss,us-gaap,USD,2018-07-01,2018-09-30,5781000000.0,2018,Q3,10-Q,2018-10-31,0001326801-18-000067,
operating_income,OperatingIncomeLoss,us-gaap,USD,2018-01-01,2018-09-30,17093000000.0,2019,Q3,10-Q,2019-10-31,0001326801-19-000069,
operating_income,OperatingIncomeLoss,us-gaap,USD,2018-07-01,2018-09-30,5781000000.0,2019,Q3,10-Q,2019-10-31,0001326801-19-000069,CY2018Q3
operating_income,OperatingIncomeLoss,us-gaap,USD,2018-01-01,2018-12-31,24913000000.0,2018,FY,10-K,2019-01-31,0001326801-19-000009,
operating_income,OperatingIncomeLoss,us-gaap,USD,2018-01-01,2018-12-31,24913000000.0,2019,FY,10-K,2020-01-30,0001326801-20-000013,
operating_income,OperatingIncomeLoss,us-gaap,USD,2018-01-01,2018-12-31,24913000000.0,2020,FY,10-K,2021-01-28,0001326801-21-000014,CY2018
operating_income,OperatingIncomeLoss,us-gaap,USD,2019-01-01,2019-03-31,3317000000.0,2019,Q1,10-Q,2019-04-25,0001326801-19-000037,
operating_income,OperatingIncomeLoss,us-gaap,USD,2019-01-01,2019-03-31,3317000000.0,2020,Q1,10-Q,2020-04-30,0001326801-20-000048,CY2019Q1
operating_income,OperatingIncomeLoss,us-gaap,USD,2019-01-01,2019-06-30,7943000000.0,2019,Q2,10-Q,2019-07-25,0001326801-19-000055,
operating_income,OperatingIncomeLoss,us-gaap,USD,2019-04-01,2019-06-30,4626000000.0,2019,Q2,10-Q,2019-07-25,0001326801-19-000055,
operating_income,OperatingIncomeLoss,us-gaap,USD,2019-01-01,2019-06-30,7943000000.0,2020,Q2,10-Q,2020-07-31,0001326801-20-000076,
operating_income,OperatingIncomeLoss,us-gaap,USD,2019-04-01,2019-06-30,4626000000.0,2020,Q2,10-Q,2020-07-31,0001326801-20-000076,CY2019Q2
operating_income,OperatingIncomeLoss,us-gaap,USD,2019-01-01,2019-09-30,15128000000.0,2019,Q3,10-Q,2019-10-31,0001326801-19-000069,
operating_income,OperatingIncomeLoss,us-gaap,USD,2019-07-01,2019-09-30,7185000000.0,2019,Q3,10-Q,2019-10-31,0001326801-19-000069,
operating_income,OperatingIncomeLoss,us-gaap,USD,2019-01-01,2019-09-30,15128000000.0,2020,Q3,10-Q,2020-10-30,0001326801-20-000084,
operating_income,OperatingIncomeLoss,us-gaap,USD,2019-07-01,2019-09-30,7185000000.0,2020,Q3,10-Q,2020-10-30,0001326801-20-000084,CY2019Q3
operating_income,OperatingIncomeLoss,us-gaap,USD,2019-01-01,2019-12-31,23986000000.0,2019,FY,10-K,2020-01-30,0001326801-20-000013,
operating_income,OperatingIncomeLoss,us-gaap,USD,2019-01-01,2019-12-31,23986000000.0,2020,FY,10-K,2021-01-28,0001326801-21-000014,
operating_income,OperatingIncomeLoss,us-gaap,USD,2019-01-01,2019-12-31,23986000000.0,2021,FY,10-K,2022-02-03,0001326801-22-000018,CY2019
operating_income,OperatingIncomeLoss,us-gaap,USD,2020-01-01,2020-03-31,5893000000.0,2020,Q1,10-Q,2020-04-30,0001326801-20-000048,
operating_income,OperatingIncomeLoss,us-gaap,USD,2020-01-01,2020-03-31,5893000000.0,2021,Q1,10-Q,2021-04-29,0001326801-21-000033,CY2020Q1
operating_income,OperatingIncomeLoss,us-gaap,USD,2020-01-01,2020-06-30,11856000000.0,2020,Q2,10-Q,2020-07-31,0001326801-20-000076,
operating_income,OperatingIncomeLoss,us-gaap,USD,2020-04-01,2020-06-30,5963000000.0,2020,Q2,10-Q,2020-07-31,0001326801-20-000076,
operating_income,OperatingIncomeLoss,us-gaap,USD,2020-01-01,2020-06-30,11856000000.0,2021,Q2,10-Q,2021-07-29,0001326801-21-000049,
operating_income,OperatingIncomeLoss,us-gaap,USD,2020-04-01,2020-06-30,5963000000.0,2021,Q2,10-Q,2021-07-29,0001326801-21-000049,CY2020Q2
operating_income,OperatingIncomeLoss,us-gaap,USD,2020-01-01,2020-09-30,19896000000.0,2020,Q3,10-Q,2020-10-30,0001326801-20-000084,
operating_income,OperatingIncomeLoss,us-gaap,USD,2020-07-01,2020-09-30,8040000000.0,2020,Q3,10-Q,2020-10-30,0001326801-20-000084,
operating_income,OperatingIncomeLoss,us-gaap,USD,2020-01-01,2020-09-30,19896000000.0,2021,Q3,10-Q,2021-10-26,0001326801-21-000065,
operating_income,OperatingIncomeLoss,us-gaap,USD,2020-07-01,2020-09-30,8040000000.0,2021,Q3,10-Q,2021-10-26,0001326801-21-000065,CY2020Q3
operating_income,OperatingIncomeLoss,us-gaap,USD,2020-01-01,2020-12-31,32671000000.0,2020,FY,10-K,2021-01-28,0001326801-21-000014,
operating_income,OperatingIncomeLoss,us-gaap,USD,2020-01-01,2020-12-31,32671000000.0,2021,FY,10-K,2022-02-03,0001326801-22-000018,
operating_income,OperatingIncomeLoss,us-gaap,USD,2020-01-01,2020-12-31,32671000000.0,2022,FY,10-K,2023-02-02,0001326801-23-000013,CY2020
operating_income,OperatingIncomeLoss,us-gaap,USD,2021-01-01,2021-03-31,11378000000.0,2021,Q1,10-Q,2021-04-29,0001326801-21-000033,
operating_income,OperatingIncomeLoss,us-gaap,USD,2021-01-01,2021-03-31,11378000000.0,2022,Q1,10-Q,2022-04-28,0001326801-22-000057,CY2021Q1
operating_income,OperatingIncomeLoss,us-gaap,USD,2021-01-01,2021-06-30,23745000000.0,2021,Q2,10-Q,2021-07-29,0001326801-21-000049,
operating_income,OperatingIncomeLoss,us-gaap,USD,2021-04-01,2021-06-30,12367000000.0,2021,Q2,10-Q,2021-07-29,0001326801-21-000049,
operating_income,OperatingIncomeLoss,us-gaap,USD,2021-01-01,2021-06-30,23745000000.0,2022,Q2,10-Q,2022-07-28,0001326801-22-000082,
operating_income,OperatingIncomeLoss,us-gaap,USD,2021-04-01,2021-06-30,12367000000.0,2022,Q2,10-Q,2022-07-28,0001326801-22-000082,CY2021Q2
operating_income,OperatingIncomeLoss,us-gaap,USD,2021-01-01,2021-09-30,34168000000.0,2021,Q3,10-Q,2021-10-26,0001326801-21-000065,
operating_income,OperatingIncomeLoss,us-gaap,USD,2021-07-01,2021-09-30,10423000000.0,2021,Q3,10-Q,2021-10-26,0001326801-21-000065,
operating_income,OperatingIncomeLoss,us-gaap,USD,2021-01-01,2021-09-30,34168000000.0,2022,Q3,10-Q,2022-10-27,0001326801-22-000108,
operating_income,OperatingIncomeLoss,us-gaap,USD,2021-07-01,2021-09-30,10423000000.0,2022,Q3,10-Q,2022-10-27,0001326801-22-000108,CY2021Q3
operating_income,OperatingIncomeLoss,us-gaap,USD,2021-01-01,2021-12-31,46753000000.0,2021,FY,10-K,2022-02-03,0001326801-22-000018,
operating_income,OperatingIncomeLoss,us-gaap,USD,2021-01-01,2021-12-31,46753000000.0,2022,FY,10-K,2023-02-02,0001326801-23-000013,
operating_income,OperatingIncomeLoss,us-gaap,USD,2021-01-01,2021-12-31,46753000000.0,2023,FY,10-K,2024-02-02,0001326801-24-000012,CY2021
operating_income,OperatingIncomeLoss,us-gaap,USD,2022-01-01,2022-03-31,8524000000.0,2022,Q1,10-Q,2022-04-28,0001326801-22-000057,
operating_income,OperatingIncomeLoss,us-gaap,USD,2022-01-01,2022-03-31,8524000000.0,2023,Q1,10-Q,2023-04-27,0001326801-23-000067,CY2022Q1
operating_income,OperatingIncomeLoss,us-gaap,USD,2022-01-01,2022-06-30,16881000000.0,2022,Q2,10-Q,2022-07-28,0001326801-22-000082,
operating_income,OperatingIncomeLoss,us-gaap,USD,2022-04-01,2022-06-30,8358000000.0,2022,Q2,10-Q,2022-07-28,0001326801-22-000082,
operating_income,OperatingIncomeLoss,us-gaap,USD,2022-01-01,2022-06-30,16881000000.0,2023,Q2,10-Q,2023-07-27,0001326801-23-000093,
operating_income,OperatingIncomeLoss,us-gaap,USD,2022-04-01,2022-06-30,8358000000.0,2023,Q2,10-Q,2023-07-27,0001326801-23-000093,CY2022Q2
operating_income,OperatingIncomeLoss,us-gaap,USD,2022-01-01,2022-09-30,22545000000.0,2022,Q3,10-Q,2022-10-27,0001326801-22-000108,
operating_income,OperatingIncomeLoss,us-gaap,USD,2022-07-01,2022-09-30,5664000000.0,2022,Q3,10-Q,2022-10-27,0001326801-22-000108,
operating_income,OperatingIncomeLoss,us-gaap,USD,2022-01-01,2022-09-30,22545000000.0,2023,Q3,10-Q,2023-10-26,0001326801-23-000103,
operating_income,OperatingIncomeLoss,us-gaap,USD,2022-07-01,2022-09-30,5664000000.0,2023,Q3,10-Q,2023-10-26,0001326801-23-000103,CY2022Q3
operating_income,OperatingIncomeLoss,us-gaap,USD,2022-01-01,2022-12-31,28944000000.0,2022,FY,10-K,2023-02-02,0001326801-23-000013,
operating_income,OperatingIncomeLoss,us-gaap,USD,2022-01-01,2022-12-31,28944000000.0,2023,FY,10-K,2024-02-02,0001326801-24-000012,
operating_income,OperatingIncomeLoss,us-gaap,USD,2022-01-01,2022-12-31,28944000000.0,2024,FY,10-K,2025-01-30,0001326801-25-000017,CY2022
operating_income,OperatingIncomeLoss,us-gaap,USD,2023-01-01,2023-03-31,7227000000.0,2023,Q1,10-Q,2023-04-27,0001326801-23-000067,
operating_income,OperatingIncomeLoss,us-gaap,USD,2023-01-01,2023-03-31,7227000000.0,2024,Q1,10-Q,2024-04-25,0001326801-24-000049,CY2023Q1
operating_income,OperatingIncomeLoss,us-gaap,USD,2023-01-01,2023-06-30,16619000000.0,2023,Q2,10-Q,2023-07-27,0001326801-23-000093,
operating_income,OperatingIncomeLoss,us-gaap,USD,2023-04-01,2023-06-30,9392000000.0,2023,Q2,10-Q,2023-07-27,0001326801-23-000093,
operating_income,OperatingIncomeLoss,us-gaap,USD,2023-01-01,2023-06-30,16619000000.0,2024,Q2,10-Q,2024-08-01,0001326801-24-000069,
operating_income,OperatingIncomeLoss,us-gaap,USD,2023-04-01,2023-06-30,9392000000.0,2024,Q2,10-Q,2024-08-01,0001326801-24-000069,CY2023Q2
operating_income,OperatingIncomeLoss,us-gaap,USD,2023-01-01,2023-09-30,30367000000.0,2023,Q3,10-Q,2023-10-26,0001326801-23-000103,
operating_income,OperatingIncomeLoss,us-gaap,USD,2023-07-01,2023-09-30,13748000000.0,2023,Q3,10-Q,2023-10-26,0001326801-23-000103,
operating_income,OperatingIncomeLoss,us-gaap,USD,2023-01-01,2023-09-30,30367000000.0,2024,Q3,10-Q,2024-10-31,0001326801-24-000081,
operating_income,OperatingIncomeLoss,us-gaap,USD,2023-07-01,2023-09-30,13748000000.0,2024,Q3,10-Q,2024-10-31,0001326801-24-000081,CY2023Q3
operating_income,OperatingIncomeLoss,us-gaap,USD,2023-01-01,2023-12-31,46751000000.0,2023,FY,10-K,2024-02-02,0001326801-24-000012,
operating_income,OperatingIncomeLoss,us-gaap,USD,2023-01-01,2023-12-31,46751000000.0,2024,FY,10-K,2025-01-30,0001326801-25-000017,
operating_income,OperatingIncomeLoss,us-gaap,USD,2023-01-01,2023-12-31,46751000000.0,2025,FY,10-K,2026-01-29,0001628280-26-003942,CY2023
operating_income,OperatingIncomeLoss,us-gaap,USD,2024-01-01,2024-03-31,13818000000.0,2024,Q1,10-Q,2024-04-25,0001326801-24-000049,
operating_income,OperatingIncomeLoss,us-gaap,USD,2024-01-01,2024-03-31,13818000000.0,2025,Q1,10-Q,2025-05-01,0001326801-25-000054,CY2024Q1
operating_income,OperatingIncomeLoss,us-gaap,USD,2024-01-01,2024-06-30,28665000000.0,2024,Q2,10-Q,2024-08-01,0001326801-24-000069,
operating_income,OperatingIncomeLoss,us-gaap,USD,2024-04-01,2024-06-30,14847000000.0,2024,Q2,10-Q,2024-08-01,0001326801-24-000069,
operating_income,OperatingIncomeLoss,us-gaap,USD,2024-01-01,2024-06-30,28665000000.0,2025,Q2,10-Q,2025-07-31,0001628280-25-036791,
operating_income,OperatingIncomeLoss,us-gaap,USD,2024-04-01,2024-06-30,14847000000.0,2025,Q2,10-Q,2025-07-31,0001628280-25-036791,CY2024Q2
operating_income,OperatingIncomeLoss,us-gaap,USD,2024-01-01,2024-09-30,46016000000.0,2024,Q3,10-Q,2024-10-31,0001326801-24-000081,
operating_income,OperatingIncomeLoss,us-gaap,USD,2024-07-01,2024-09-30,17350000000.0,2024,Q3,10-Q,2024-10-31,0001326801-24-000081,
operating_income,OperatingIncomeLoss,us-gaap,USD,2024-01-01,2024-09-30,46016000000.0,2025,Q3,10-Q,2025-10-30,0001628280-25-047240,
operating_income,OperatingIncomeLoss,us-gaap,USD,2024-07-01,2024-09-30,17350000000.0,2025,Q3,10-Q,2025-10-30,0001628280-25-047240,CY2024Q3
operating_income,OperatingIncomeLoss,us-gaap,USD,2024-01-01,2024-12-31,69380000000.0,2024,FY,10-K,2025-01-30,0001326801-25-000017,
operating_income,OperatingIncomeLoss,us-gaap,USD,2024-01-01,2024-12-31,69380000000.0,2025,FY,10-K,2026-01-29,0001628280-26-003942,CY2024
operating_income,OperatingIncomeLoss,us-gaap,USD,2025-01-01,2025-03-31,17555000000.0,2025,Q1,10-Q,2025-05-01,0001326801-25-000054,
operating_income,OperatingIncomeLoss,us-gaap,USD,2025-01-01,2025-03-31,17555000000.0,2026,Q1,10-Q,2026-04-30,0001628280-26-028526,CY2025Q1
operating_income,OperatingIncomeLoss,us-gaap,USD,2025-01-01,2025-06-30,37997000000.0,2025,Q2,10-Q,2025-07-31,0001628280-25-036791,
operating_income,OperatingIncomeLoss,us-gaap,USD,2025-04-01,2025-06-30,20441000000.0,2025,Q2,10-Q,2025-07-31,0001628280-25-036791,
operating_income,OperatingIncomeLoss,us-gaap,USD,2025-01-01,2025-06-30,37997000000.0,2026,Q2,10-Q,2026-07-30,0001628280-26-050705,
operating_income,OperatingIncomeLoss,us-gaap,USD,2025-04-01,2025-06-30,20441000000.0,2026,Q2,10-Q,2026-07-30,0001628280-26-050705,CY2025Q2
operating_income,OperatingIncomeLoss,us-gaap,USD,2025-01-01,2025-09-30,58531000000.0,2025,Q3,10-Q,2025-10-30,0001628280-25-047240,
operating_income,OperatingIncomeLoss,us-gaap,USD,2025-07-01,2025-09-30,20535000000.0,2025,Q3,10-Q,2025-10-30,0001628280-25-047240,CY2025Q3
operating_income,OperatingIncomeLoss,us-gaap,USD,2025-01-01,2025-12-31,83276000000.0,2025,FY,10-K,2026-01-29,0001628280-26-003942,CY2025
operating_income,OperatingIncomeLoss,us-gaap,USD,2026-01-01,2026-03-31,22872000000.0,2026,Q1,10-Q,2026-04-30,0001628280-26-028526,CY2026Q1
operating_income,OperatingIncomeLoss,us-gaap,USD,2026-01-01,2026-06-30,41647000000.0,2026,Q2,10-Q,2026-07-30,0001628280-26-050705,
operating_income,OperatingIncomeLoss,us-gaap,USD,2026-04-01,2026-06-30,18775000000.0,2026,Q2,10-Q,2026-07-30,0001628280-26-050705,CY2026Q2
ppe_net,PropertyPlantAndEquipmentAndFinanceLeaseRightOfUseAssetAfterAccumulatedDepreciationAndAmortization,us-gaap,USD,,2019-12-31,35323000000.0,2020,FY,10-K,2021-01-28,0001326801-21-000014,CY2019Q4I
ppe_net,PropertyPlantAndEquipmentAndFinanceLeaseRightOfUseAssetAfterAccumulatedDepreciationAndAmortization,us-gaap,USD,,2020-12-31,45633000000.0,2020,FY,10-K,2021-01-28,0001326801-21-000014,
ppe_net,PropertyPlantAndEquipmentAndFinanceLeaseRightOfUseAssetAfterAccumulatedDepreciationAndAmortization,us-gaap,USD,,2020-12-31,45633000000.0,2021,Q1,10-Q,2021-04-29,0001326801-21-000033,
ppe_net,PropertyPlantAndEquipmentAndFinanceLeaseRightOfUseAssetAfterAccumulatedDepreciationAndAmortization,us-gaap,USD,,2020-12-31,45633000000.0,2021,Q2,10-Q,2021-07-29,0001326801-21-000049,
ppe_net,PropertyPlantAndEquipmentAndFinanceLeaseRightOfUseAssetAfterAccumulatedDepreciationAndAmortization,us-gaap,USD,,2020-12-31,45633000000.0,2021,Q3,10-Q,2021-10-26,0001326801-21-000065,
ppe_net,PropertyPlantAndEquipmentAndFinanceLeaseRightOfUseAssetAfterAccumulatedDepreciationAndAmortization,us-gaap,USD,,2020-12-31,45633000000.0,2021,FY,10-K,2022-02-03,0001326801-22-000018,CY2020Q4I
ppe_net,PropertyPlantAndEquipmentAndFinanceLeaseRightOfUseAssetAfterAccumulatedDepreciationAndAmortization,us-gaap,USD,,2021-03-31,47720000000.0,2021,Q1,10-Q,2021-04-29,0001326801-21-000033,CY2021Q1I
ppe_net,PropertyPlantAndEquipmentAndFinanceLeaseRightOfUseAssetAfterAccumulatedDepreciationAndAmortization,us-gaap,USD,,2021-06-30,50909000000.0,2021,Q2,10-Q,2021-07-29,0001326801-21-000049,CY2021Q2I
ppe_net,PropertyPlantAndEquipmentAndFinanceLeaseRightOfUseAssetAfterAccumulatedDepreciationAndAmortization,us-gaap,USD,,2021-09-30,53726000000.0,2021,Q3,10-Q,2021-10-26,0001326801-21-000065,CY2021Q3I
ppe_net,PropertyPlantAndEquipmentAndFinanceLeaseRightOfUseAssetAfterAccumulatedDepreciationAndAmortization,us-gaap,USD,,2021-12-31,57809000000.0,2021,FY,10-K,2022-02-03,0001326801-22-000018,
ppe_net,PropertyPlantAndEquipmentAndFinanceLeaseRightOfUseAssetAfterAccumulatedDepreciationAndAmortization,us-gaap,USD,,2021-12-31,57809000000.0,2022,Q1,10-Q,2022-04-28,0001326801-22-000057,
ppe_net,PropertyPlantAndEquipmentAndFinanceLeaseRightOfUseAssetAfterAccumulatedDepreciationAndAmortization,us-gaap,USD,,2021-12-31,57809000000.0,2022,Q2,10-Q,2022-07-28,0001326801-22-000082,
ppe_net,PropertyPlantAndEquipmentAndFinanceLeaseRightOfUseAssetAfterAccumulatedDepreciationAndAmortization,us-gaap,USD,,2021-12-31,57809000000.0,2022,Q3,10-Q,2022-10-27,0001326801-22-000108,
ppe_net,PropertyPlantAndEquipmentAndFinanceLeaseRightOfUseAssetAfterAccumulatedDepreciationAndAmortization,us-gaap,USD,,2021-12-31,57809000000.0,2022,FY,10-K,2023-02-02,0001326801-23-000013,CY2021Q4I
ppe_net,PropertyPlantAndEquipmentAndFinanceLeaseRightOfUseAssetAfterAccumulatedDepreciationAndAmortization,us-gaap,USD,,2022-03-31,61582000000.0,2022,Q1,10-Q,2022-04-28,0001326801-22-000057,CY2022Q1I
ppe_net,PropertyPlantAndEquipmentAndFinanceLeaseRightOfUseAssetAfterAccumulatedDepreciationAndAmortization,us-gaap,USD,,2022-06-30,67588000000.0,2022,Q2,10-Q,2022-07-28,0001326801-22-000082,CY2022Q2I
ppe_net,PropertyPlantAndEquipmentAndFinanceLeaseRightOfUseAssetAfterAccumulatedDepreciationAndAmortization,us-gaap,USD,,2022-09-30,73738000000.0,2022,Q3,10-Q,2022-10-27,0001326801-22-000108,CY2022Q3I
ppe_net,PropertyPlantAndEquipmentAndFinanceLeaseRightOfUseAssetAfterAccumulatedDepreciationAndAmortization,us-gaap,USD,,2022-12-31,79518000000.0,2022,FY,10-K,2023-02-02,0001326801-23-000013,
ppe_net,PropertyPlantAndEquipmentAndFinanceLeaseRightOfUseAssetAfterAccumulatedDepreciationAndAmortization,us-gaap,USD,,2022-12-31,79518000000.0,2023,Q1,10-Q,2023-04-27,0001326801-23-000067,
ppe_net,PropertyPlantAndEquipmentAndFinanceLeaseRightOfUseAssetAfterAccumulatedDepreciationAndAmortization,us-gaap,USD,,2022-12-31,79518000000.0,2023,Q2,10-Q,2023-07-27,0001326801-23-000093,
ppe_net,PropertyPlantAndEquipmentAndFinanceLeaseRightOfUseAssetAfterAccumulatedDepreciationAndAmortization,us-gaap,USD,,2022-12-31,79518000000.0,2023,Q3,10-Q,2023-10-26,0001326801-23-000103,
ppe_net,PropertyPlantAndEquipmentAndFinanceLeaseRightOfUseAssetAfterAccumulatedDepreciationAndAmortization,us-gaap,USD,,2022-12-31,79518000000.0,2023,FY,10-K,2024-02-02,0001326801-24-000012,CY2022Q4I
ppe_net,PropertyPlantAndEquipmentAndFinanceLeaseRightOfUseAssetAfterAccumulatedDepreciationAndAmortization,us-gaap,USD,,2023-03-31,84156000000.0,2023,Q1,10-Q,2023-04-27,0001326801-23-000067,CY2023Q1I
ppe_net,PropertyPlantAndEquipmentAndFinanceLeaseRightOfUseAssetAfterAccumulatedDepreciationAndAmortization,us-gaap,USD,,2023-06-30,87949000000.0,2023,Q2,10-Q,2023-07-27,0001326801-23-000093,CY2023Q2I
ppe_net,PropertyPlantAndEquipmentAndFinanceLeaseRightOfUseAssetAfterAccumulatedDepreciationAndAmortization,us-gaap,USD,,2023-09-30,91772000000.0,2023,Q3,10-Q,2023-10-26,0001326801-23-000103,CY2023Q3I
ppe_net,PropertyPlantAndEquipmentAndFinanceLeaseRightOfUseAssetAfterAccumulatedDepreciationAndAmortization,us-gaap,USD,,2023-12-31,96587000000.0,2023,FY,10-K,2024-02-02,0001326801-24-000012,
ppe_net,PropertyPlantAndEquipmentAndFinanceLeaseRightOfUseAssetAfterAccumulatedDepreciationAndAmortization,us-gaap,USD,,2023-12-31,96587000000.0,2024,Q1,10-Q,2024-04-25,0001326801-24-000049,
ppe_net,PropertyPlantAndEquipmentAndFinanceLeaseRightOfUseAssetAfterAccumulatedDepreciationAndAmortization,us-gaap,USD,,2023-12-31,96587000000.0,2024,Q2,10-Q,2024-08-01,0001326801-24-000069,
ppe_net,PropertyPlantAndEquipmentAndFinanceLeaseRightOfUseAssetAfterAccumulatedDepreciationAndAmortization,us-gaap,USD,,2023-12-31,96587000000.0,2024,Q3,10-Q,2024-10-31,0001326801-24-000081,
ppe_net,PropertyPlantAndEquipmentAndFinanceLeaseRightOfUseAssetAfterAccumulatedDepreciationAndAmortization,us-gaap,USD,,2023-12-31,96587000000.0,2024,FY,10-K,2025-01-30,0001326801-25-000017,CY2023Q4I
ppe_net,PropertyPlantAndEquipmentAndFinanceLeaseRightOfUseAssetAfterAccumulatedDepreciationAndAmortization,us-gaap,USD,,2024-03-31,98908000000.0,2024,Q1,10-Q,2024-04-25,0001326801-24-000049,CY2024Q1I
ppe_net,PropertyPlantAndEquipmentAndFinanceLeaseRightOfUseAssetAfterAccumulatedDepreciationAndAmortization,us-gaap,USD,,2024-06-30,102959000000.0,2024,Q2,10-Q,2024-08-01,0001326801-24-000069,CY2024Q2I
ppe_net,PropertyPlantAndEquipmentAndFinanceLeaseRightOfUseAssetAfterAccumulatedDepreciationAndAmortization,us-gaap,USD,,2024-09-30,112162000000.0,2024,Q3,10-Q,2024-10-31,0001326801-24-000081,CY2024Q3I
ppe_net,PropertyPlantAndEquipmentAndFinanceLeaseRightOfUseAssetAfterAccumulatedDepreciationAndAmortization,us-gaap,USD,,2024-12-31,121346000000.0,2024,FY,10-K,2025-01-30,0001326801-25-000017,
ppe_net,PropertyPlantAndEquipmentAndFinanceLeaseRightOfUseAssetAfterAccumulatedDepreciationAndAmortization,us-gaap,USD,,2024-12-31,121346000000.0,2025,Q1,10-Q,2025-05-01,0001326801-25-000054,
ppe_net,PropertyPlantAndEquipmentAndFinanceLeaseRightOfUseAssetAfterAccumulatedDepreciationAndAmortization,us-gaap,USD,,2024-12-31,121346000000.0,2025,Q2,10-Q,2025-07-31,0001628280-25-036791,
ppe_net,PropertyPlantAndEquipmentAndFinanceLeaseRightOfUseAssetAfterAccumulatedDepreciationAndAmortization,us-gaap,USD,,2024-12-31,121346000000.0,2025,Q3,10-Q,2025-10-30,0001628280-25-047240,
ppe_net,PropertyPlantAndEquipmentAndFinanceLeaseRightOfUseAssetAfterAccumulatedDepreciationAndAmortization,us-gaap,USD,,2024-12-31,121346000000.0,2025,FY,10-K,2026-01-29,0001628280-26-003942,CY2024Q4I
ppe_net,PropertyPlantAndEquipmentAndFinanceLeaseRightOfUseAssetAfterAccumulatedDepreciationAndAmortization,us-gaap,USD,,2025-03-31,133567000000.0,2025,Q1,10-Q,2025-05-01,0001326801-25-000054,CY2025Q1I
ppe_net,PropertyPlantAndEquipmentAndFinanceLeaseRightOfUseAssetAfterAccumulatedDepreciationAndAmortization,us-gaap,USD,,2025-06-30,147039000000.0,2025,Q2,10-Q,2025-07-31,0001628280-25-036791,CY2025Q2I
ppe_net,PropertyPlantAndEquipmentAndFinanceLeaseRightOfUseAssetAfterAccumulatedDepreciationAndAmortization,us-gaap,USD,,2025-09-30,160270000000.0,2025,Q3,10-Q,2025-10-30,0001628280-25-047240,CY2025Q3I
ppe_net,PropertyPlantAndEquipmentAndFinanceLeaseRightOfUseAssetAfterAccumulatedDepreciationAndAmortization,us-gaap,USD,,2025-12-31,176400000000.0,2025,FY,10-K,2026-01-29,0001628280-26-003942,
ppe_net,PropertyPlantAndEquipmentAndFinanceLeaseRightOfUseAssetAfterAccumulatedDepreciationAndAmortization,us-gaap,USD,,2025-12-31,176400000000.0,2026,Q1,10-Q,2026-04-30,0001628280-26-028526,
ppe_net,PropertyPlantAndEquipmentAndFinanceLeaseRightOfUseAssetAfterAccumulatedDepreciationAndAmortization,us-gaap,USD,,2025-12-31,176400000000.0,2026,Q2,10-Q,2026-07-30,0001628280-26-050705,CY2025Q4I
ppe_net,PropertyPlantAndEquipmentAndFinanceLeaseRightOfUseAssetAfterAccumulatedDepreciationAndAmortization,us-gaap,USD,,2026-03-31,194776000000.0,2026,Q1,10-Q,2026-04-30,0001628280-26-028526,CY2026Q1I
ppe_net,PropertyPlantAndEquipmentAndFinanceLeaseRightOfUseAssetAfterAccumulatedDepreciationAndAmortization,us-gaap,USD,,2026-06-30,225724000000.0,2026,Q2,10-Q,2026-07-30,0001628280-26-050705,CY2026Q2I
revenue,RevenueFromContractWithCustomerExcludingAssessedTax,us-gaap,USD,2016-01-01,2016-12-31,27638000000.0,2018,FY,10-K,2019-01-31,0001326801-19-000009,CY2016
revenue,RevenueFromContractWithCustomerExcludingAssessedTax,us-gaap,USD,2017-01-01,2017-03-31,8032000000.0,2018,Q1,10-Q,2018-04-26,0001326801-18-000032,CY2017Q1
revenue,RevenueFromContractWithCustomerExcludingAssessedTax,us-gaap,USD,2017-01-01,2017-06-30,17353000000.0,2018,Q2,10-Q,2018-07-26,0001326801-18-000057,
revenue,RevenueFromContractWithCustomerExcludingAssessedTax,us-gaap,USD,2017-04-01,2017-06-30,9321000000.0,2018,Q2,10-Q,2018-07-26,0001326801-18-000057,CY2017Q2
revenue,RevenueFromContractWithCustomerExcludingAssessedTax,us-gaap,USD,2017-01-01,2017-09-30,27681000000.0,2018,Q3,10-Q,2018-10-31,0001326801-18-000067,
revenue,RevenueFromContractWithCustomerExcludingAssessedTax,us-gaap,USD,2017-07-01,2017-09-30,10328000000.0,2018,Q3,10-Q,2018-10-31,0001326801-18-000067,CY2017Q3
revenue,RevenueFromContractWithCustomerExcludingAssessedTax,us-gaap,USD,2017-01-01,2017-12-31,40653000000.0,2018,FY,10-K,2019-01-31,0001326801-19-000009,
revenue,RevenueFromContractWithCustomerExcludingAssessedTax,us-gaap,USD,2017-01-01,2017-12-31,40653000000.0,2019,FY,10-K,2020-01-30,0001326801-20-000013,CY2017
revenue,RevenueFromContractWithCustomerExcludingAssessedTax,us-gaap,USD,2018-01-01,2018-03-31,11966000000.0,2018,Q1,10-Q,2018-04-26,0001326801-18-000032,
revenue,RevenueFromContractWithCustomerExcludingAssessedTax,us-gaap,USD,2018-01-01,2018-03-31,11966000000.0,2019,Q1,10-Q,2019-04-25,0001326801-19-000037,CY2018Q1
revenue,RevenueFromContractWithCustomerExcludingAssessedTax,us-gaap,USD,2018-01-01,2018-06-30,25197000000.0,2018,Q2,10-Q,2018-07-26,0001326801-18-000057,
revenue,RevenueFromContractWithCustomerExcludingAssessedTax,us-gaap,USD,2018-04-01,2018-06-30,13231000000.0,2018,Q2,10-Q,2018-07-26,0001326801-18-000057,
revenue,RevenueFromContractWithCustomerExcludingAssessedTax,us-gaap,USD,2018-01-01,2018-06-30,25197000000.0,2019,Q2,10-Q,2019-07-25,0001326801-19-000055,
revenue,RevenueFromContractWithCustomerExcludingAssessedTax,us-gaap,USD,2018-04-01,2018-06-30,13231000000.0,2019,Q2,10-Q,2019-07-25,0001326801-19-000055,CY2018Q2
revenue,RevenueFromContractWithCustomerExcludingAssessedTax,us-gaap,USD,2018-01-01,2018-09-30,38924000000.0,2018,Q3,10-Q,2018-10-31,0001326801-18-000067,
revenue,RevenueFromContractWithCustomerExcludingAssessedTax,us-gaap,USD,2018-07-01,2018-09-30,13727000000.0,2018,Q3,10-Q,2018-10-31,0001326801-18-000067,
revenue,RevenueFromContractWithCustomerExcludingAssessedTax,us-gaap,USD,2018-01-01,2018-09-30,38924000000.0,2019,Q3,10-Q,2019-10-31,0001326801-19-000069,
revenue,RevenueFromContractWithCustomerExcludingAssessedTax,us-gaap,USD,2018-07-01,2018-09-30,13727000000.0,2019,Q3,10-Q,2019-10-31,0001326801-19-000069,CY2018Q3
revenue,RevenueFromContractWithCustomerExcludingAssessedTax,us-gaap,USD,2018-01-01,2018-12-31,55838000000.0,2018,FY,10-K,2019-01-31,0001326801-19-000009,
revenue,RevenueFromContractWithCustomerExcludingAssessedTax,us-gaap,USD,2018-01-01,2018-12-31,55838000000.0,2019,FY,10-K,2020-01-30,0001326801-20-000013,
revenue,RevenueFromContractWithCustomerExcludingAssessedTax,us-gaap,USD,2018-01-01,2018-12-31,55838000000.0,2020,FY,10-K,2021-01-28,0001326801-21-000014,CY2018
revenue,RevenueFromContractWithCustomerExcludingAssessedTax,us-gaap,USD,2019-01-01,2019-03-31,15077000000.0,2019,Q1,10-Q,2019-04-25,0001326801-19-000037,
revenue,RevenueFromContractWithCustomerExcludingAssessedTax,us-gaap,USD,2019-01-01,2019-03-31,15077000000.0,2020,Q1,10-Q,2020-04-30,0001326801-20-000048,CY2019Q1
revenue,RevenueFromContractWithCustomerExcludingAssessedTax,us-gaap,USD,2019-01-01,2019-06-30,31963000000.0,2019,Q2,10-Q,2019-07-25,0001326801-19-000055,
revenue,RevenueFromContractWithCustomerExcludingAssessedTax,us-gaap,USD,2019-04-01,2019-06-30,16886000000.0,2019,Q2,10-Q,2019-07-25,0001326801-19-000055,
revenue,RevenueFromContractWithCustomerExcludingAssessedTax,us-gaap,USD,2019-01-01,2019-06-30,31963000000.0,2020,Q2,10-Q,2020-07-31,0001326801-20-000076,
revenue,RevenueFromContractWithCustomerExcludingAssessedTax,us-gaap,USD,2019-04-01,2019-06-30,16886000000.0,2020,Q2,10-Q,2020-07-31,0001326801-20-000076,CY2019Q2
revenue,RevenueFromContractWithCustomerExcludingAssessedTax,us-gaap,USD,2019-01-01,2019-09-30,49615000000.0,2019,Q3,10-Q,2019-10-31,0001326801-19-000069,
revenue,RevenueFromContractWithCustomerExcludingAssessedTax,us-gaap,USD,2019-07-01,2019-09-30,17652000000.0,2019,Q3,10-Q,2019-10-31,0001326801-19-000069,
revenue,RevenueFromContractWithCustomerExcludingAssessedTax,us-gaap,USD,2019-01-01,2019-09-30,49615000000.0,2020,Q3,10-Q,2020-10-30,0001326801-20-000084,
revenue,RevenueFromContractWithCustomerExcludingAssessedTax,us-gaap,USD,2019-07-01,2019-09-30,17652000000.0,2020,Q3,10-Q,2020-10-30,0001326801-20-000084,CY2019Q3
revenue,RevenueFromContractWithCustomerExcludingAssessedTax,us-gaap,USD,2019-01-01,2019-12-31,70697000000.0,2019,FY,10-K,2020-01-30,0001326801-20-000013,
revenue,RevenueFromContractWithCustomerExcludingAssessedTax,us-gaap,USD,2019-01-01,2019-12-31,70697000000.0,2020,FY,10-K,2021-01-28,0001326801-21-000014,
revenue,RevenueFromContractWithCustomerExcludingAssessedTax,us-gaap,USD,2019-01-01,2019-12-31,70697000000.0,2021,FY,10-K,2022-02-03,0001326801-22-000018,CY2019
revenue,RevenueFromContractWithCustomerExcludingAssessedTax,us-gaap,USD,2020-01-01,2020-03-31,17737000000.0,2020,Q1,10-Q,2020-04-30,0001326801-20-000048,
revenue,RevenueFromContractWithCustomerExcludingAssessedTax,us-gaap,USD,2020-01-01,2020-03-31,17737000000.0,2021,Q1,10-Q,2021-04-29,0001326801-21-000033,CY2020Q1
revenue,RevenueFromContractWithCustomerExcludingAssessedTax,us-gaap,USD,2020-01-01,2020-06-30,36423000000.0,2020,Q2,10-Q,2020-07-31,0001326801-20-000076,
revenue,RevenueFromContractWithCustomerExcludingAssessedTax,us-gaap,USD,2020-04-01,2020-06-30,18687000000.0,2020,Q2,10-Q,2020-07-31,0001326801-20-000076,
revenue,RevenueFromContractWithCustomerExcludingAssessedTax,us-gaap,USD,2020-01-01,2020-06-30,36423000000.0,2021,Q2,10-Q,2021-07-29,0001326801-21-000049,
revenue,RevenueFromContractWithCustomerExcludingAssessedTax,us-gaap,USD,2020-04-01,2020-06-30,18687000000.0,2021,Q2,10-Q,2021-07-29,0001326801-21-000049,CY2020Q2
revenue,RevenueFromContractWithCustomerExcludingAssessedTax,us-gaap,USD,2020-01-01,2020-09-30,57893000000.0,2020,Q3,10-Q,2020-10-30,0001326801-20-000084,
revenue,RevenueFromContractWithCustomerExcludingAssessedTax,us-gaap,USD,2020-07-01,2020-09-30,21470000000.0,2020,Q3,10-Q,2020-10-30,0001326801-20-000084,
revenue,RevenueFromContractWithCustomerExcludingAssessedTax,us-gaap,USD,2020-01-01,2020-09-30,57893000000.0,2021,Q3,10-Q,2021-10-26,0001326801-21-000065,
revenue,RevenueFromContractWithCustomerExcludingAssessedTax,us-gaap,USD,2020-07-01,2020-09-30,21470000000.0,2021,Q3,10-Q,2021-10-26,0001326801-21-000065,CY2020Q3
revenue,RevenueFromContractWithCustomerExcludingAssessedTax,us-gaap,USD,2020-01-01,2020-12-31,85965000000.0,2020,FY,10-K,2021-01-28,0001326801-21-000014,
revenue,RevenueFromContractWithCustomerExcludingAssessedTax,us-gaap,USD,2020-01-01,2020-12-31,85965000000.0,2021,FY,10-K,2022-02-03,0001326801-22-000018,
revenue,RevenueFromContractWithCustomerExcludingAssessedTax,us-gaap,USD,2020-01-01,2020-12-31,85965000000.0,2022,FY,10-K,2023-02-02,0001326801-23-000013,CY2020
revenue,RevenueFromContractWithCustomerExcludingAssessedTax,us-gaap,USD,2021-01-01,2021-03-31,26171000000.0,2021,Q1,10-Q,2021-04-29,0001326801-21-000033,
revenue,RevenueFromContractWithCustomerExcludingAssessedTax,us-gaap,USD,2021-01-01,2021-03-31,26171000000.0,2022,Q1,10-Q,2022-04-28,0001326801-22-000057,CY2021Q1
revenue,RevenueFromContractWithCustomerExcludingAssessedTax,us-gaap,USD,2021-01-01,2021-06-30,55248000000.0,2021,Q2,10-Q,2021-07-29,0001326801-21-000049,
revenue,RevenueFromContractWithCustomerExcludingAssessedTax,us-gaap,USD,2021-04-01,2021-06-30,29077000000.0,2021,Q2,10-Q,2021-07-29,0001326801-21-000049,
revenue,RevenueFromContractWithCustomerExcludingAssessedTax,us-gaap,USD,2021-01-01,2021-06-30,55248000000.0,2022,Q2,10-Q,2022-07-28,0001326801-22-000082,
revenue,RevenueFromContractWithCustomerExcludingAssessedTax,us-gaap,USD,2021-04-01,2021-06-30,29077000000.0,2022,Q2,10-Q,2022-07-28,0001326801-22-000082,CY2021Q2
revenue,RevenueFromContractWithCustomerExcludingAssessedTax,us-gaap,USD,2021-01-01,2021-09-30,84258000000.0,2021,Q3,10-Q,2021-10-26,0001326801-21-000065,
revenue,RevenueFromContractWithCustomerExcludingAssessedTax,us-gaap,USD,2021-07-01,2021-09-30,29010000000.0,2021,Q3,10-Q,2021-10-26,0001326801-21-000065,
revenue,RevenueFromContractWithCustomerExcludingAssessedTax,us-gaap,USD,2021-01-01,2021-09-30,84258000000.0,2022,Q3,10-Q,2022-10-27,0001326801-22-000108,
revenue,RevenueFromContractWithCustomerExcludingAssessedTax,us-gaap,USD,2021-07-01,2021-09-30,29010000000.0,2022,Q3,10-Q,2022-10-27,0001326801-22-000108,CY2021Q3
revenue,RevenueFromContractWithCustomerExcludingAssessedTax,us-gaap,USD,2021-01-01,2021-12-31,117929000000.0,2021,FY,10-K,2022-02-03,0001326801-22-000018,
revenue,RevenueFromContractWithCustomerExcludingAssessedTax,us-gaap,USD,2021-01-01,2021-12-31,117929000000.0,2022,FY,10-K,2023-02-02,0001326801-23-000013,
revenue,RevenueFromContractWithCustomerExcludingAssessedTax,us-gaap,USD,2021-01-01,2021-12-31,117929000000.0,2023,FY,10-K,2024-02-02,0001326801-24-000012,CY2021
revenue,RevenueFromContractWithCustomerExcludingAssessedTax,us-gaap,USD,2022-01-01,2022-03-31,27908000000.0,2022,Q1,10-Q,2022-04-28,0001326801-22-000057,
revenue,RevenueFromContractWithCustomerExcludingAssessedTax,us-gaap,USD,2022-01-01,2022-03-31,27908000000.0,2023,Q1,10-Q,2023-04-27,0001326801-23-000067,CY2022Q1
revenue,RevenueFromContractWithCustomerExcludingAssessedTax,us-gaap,USD,2022-01-01,2022-06-30,56729000000.0,2022,Q2,10-Q,2022-07-28,0001326801-22-000082,
revenue,RevenueFromContractWithCustomerExcludingAssessedTax,us-gaap,USD,2022-04-01,2022-06-30,28822000000.0,2022,Q2,10-Q,2022-07-28,0001326801-22-000082,
revenue,RevenueFromContractWithCustomerExcludingAssessedTax,us-gaap,USD,2022-01-01,2022-06-30,56729000000.0,2023,Q2,10-Q,2023-07-27,0001326801-23-000093,
revenue,RevenueFromContractWithCustomerExcludingAssessedTax,us-gaap,USD,2022-04-01,2022-06-30,28822000000.0,2023,Q2,10-Q,2023-07-27,0001326801-23-000093,CY2022Q2
revenue,RevenueFromContractWithCustomerExcludingAssessedTax,us-gaap,USD,2022-01-01,2022-09-30,84444000000.0,2022,Q3,10-Q,2022-10-27,0001326801-22-000108,
revenue,RevenueFromContractWithCustomerExcludingAssessedTax,us-gaap,USD,2022-07-01,2022-09-30,27714000000.0,2022,Q3,10-Q,2022-10-27,0001326801-22-000108,
revenue,RevenueFromContractWithCustomerExcludingAssessedTax,us-gaap,USD,2022-01-01,2022-09-30,84444000000.0,2023,Q3,10-Q,2023-10-26,0001326801-23-000103,
revenue,RevenueFromContractWithCustomerExcludingAssessedTax,us-gaap,USD,2022-07-01,2022-09-30,27714000000.0,2023,Q3,10-Q,2023-10-26,0001326801-23-000103,CY2022Q3
revenue,RevenueFromContractWithCustomerExcludingAssessedTax,us-gaap,USD,2022-01-01,2022-12-31,116609000000.0,2022,FY,10-K,2023-02-02,0001326801-23-000013,
revenue,RevenueFromContractWithCustomerExcludingAssessedTax,us-gaap,USD,2022-01-01,2022-12-31,116609000000.0,2023,FY,10-K,2024-02-02,0001326801-24-000012,
revenue,RevenueFromContractWithCustomerExcludingAssessedTax,us-gaap,USD,2022-01-01,2022-12-31,116609000000.0,2024,FY,10-K,2025-01-30,0001326801-25-000017,CY2022
revenue,RevenueFromContractWithCustomerExcludingAssessedTax,us-gaap,USD,2023-01-01,2023-03-31,28645000000.0,2023,Q1,10-Q,2023-04-27,0001326801-23-000067,
revenue,RevenueFromContractWithCustomerExcludingAssessedTax,us-gaap,USD,2023-01-01,2023-03-31,28645000000.0,2024,Q1,10-Q,2024-04-25,0001326801-24-000049,CY2023Q1
revenue,RevenueFromContractWithCustomerExcludingAssessedTax,us-gaap,USD,2023-01-01,2023-06-30,60645000000.0,2023,Q2,10-Q,2023-07-27,0001326801-23-000093,
revenue,RevenueFromContractWithCustomerExcludingAssessedTax,us-gaap,USD,2023-04-01,2023-06-30,31999000000.0,2023,Q2,10-Q,2023-07-27,0001326801-23-000093,
revenue,RevenueFromContractWithCustomerExcludingAssessedTax,us-gaap,USD,2023-01-01,2023-06-30,60645000000.0,2024,Q2,10-Q,2024-08-01,0001326801-24-000069,
revenue,RevenueFromContractWithCustomerExcludingAssessedTax,us-gaap,USD,2023-04-01,2023-06-30,31999000000.0,2024,Q2,10-Q,2024-08-01,0001326801-24-000069,CY2023Q2
revenue,RevenueFromContractWithCustomerExcludingAssessedTax,us-gaap,USD,2023-01-01,2023-09-30,94791000000.0,2023,Q3,10-Q,2023-10-26,0001326801-23-000103,
revenue,RevenueFromContractWithCustomerExcludingAssessedTax,us-gaap,USD,2023-07-01,2023-09-30,34146000000.0,2023,Q3,10-Q,2023-10-26,0001326801-23-000103,
revenue,RevenueFromContractWithCustomerExcludingAssessedTax,us-gaap,USD,2023-01-01,2023-09-30,94791000000.0,2024,Q3,10-Q,2024-10-31,0001326801-24-000081,
revenue,RevenueFromContractWithCustomerExcludingAssessedTax,us-gaap,USD,2023-07-01,2023-09-30,34146000000.0,2024,Q3,10-Q,2024-10-31,0001326801-24-000081,CY2023Q3
revenue,RevenueFromContractWithCustomerExcludingAssessedTax,us-gaap,USD,2023-01-01,2023-12-31,134902000000.0,2023,FY,10-K,2024-02-02,0001326801-24-000012,
revenue,RevenueFromContractWithCustomerExcludingAssessedTax,us-gaap,USD,2023-01-01,2023-12-31,134902000000.0,2024,FY,10-K,2025-01-30,0001326801-25-000017,
revenue,RevenueFromContractWithCustomerExcludingAssessedTax,us-gaap,USD,2023-01-01,2023-12-31,134902000000.0,2025,FY,10-K,2026-01-29,0001628280-26-003942,CY2023
revenue,RevenueFromContractWithCustomerExcludingAssessedTax,us-gaap,USD,2024-01-01,2024-03-31,36455000000.0,2024,Q1,10-Q,2024-04-25,0001326801-24-000049,
revenue,RevenueFromContractWithCustomerExcludingAssessedTax,us-gaap,USD,2024-01-01,2024-03-31,36455000000.0,2025,Q1,10-Q,2025-05-01,0001326801-25-000054,CY2024Q1
revenue,RevenueFromContractWithCustomerExcludingAssessedTax,us-gaap,USD,2024-01-01,2024-06-30,75527000000.0,2024,Q2,10-Q,2024-08-01,0001326801-24-000069,
revenue,RevenueFromContractWithCustomerExcludingAssessedTax,us-gaap,USD,2024-04-01,2024-06-30,39071000000.0,2024,Q2,10-Q,2024-08-01,0001326801-24-000069,
revenue,RevenueFromContractWithCustomerExcludingAssessedTax,us-gaap,USD,2024-01-01,2024-06-30,75527000000.0,2025,Q2,10-Q,2025-07-31,0001628280-25-036791,
revenue,RevenueFromContractWithCustomerExcludingAssessedTax,us-gaap,USD,2024-04-01,2024-06-30,39071000000.0,2025,Q2,10-Q,2025-07-31,0001628280-25-036791,CY2024Q2
revenue,RevenueFromContractWithCustomerExcludingAssessedTax,us-gaap,USD,2024-01-01,2024-09-30,116116000000.0,2024,Q3,10-Q,2024-10-31,0001326801-24-000081,
revenue,RevenueFromContractWithCustomerExcludingAssessedTax,us-gaap,USD,2024-07-01,2024-09-30,40589000000.0,2024,Q3,10-Q,2024-10-31,0001326801-24-000081,
revenue,RevenueFromContractWithCustomerExcludingAssessedTax,us-gaap,USD,2024-01-01,2024-09-30,116116000000.0,2025,Q3,10-Q,2025-10-30,0001628280-25-047240,
revenue,RevenueFromContractWithCustomerExcludingAssessedTax,us-gaap,USD,2024-07-01,2024-09-30,40589000000.0,2025,Q3,10-Q,2025-10-30,0001628280-25-047240,CY2024Q3
revenue,RevenueFromContractWithCustomerExcludingAssessedTax,us-gaap,USD,2024-01-01,2024-12-31,164501000000.0,2024,FY,10-K,2025-01-30,0001326801-25-000017,
revenue,RevenueFromContractWithCustomerExcludingAssessedTax,us-gaap,USD,2024-01-01,2024-12-31,164501000000.0,2025,FY,10-K,2026-01-29,0001628280-26-003942,CY2024
revenue,RevenueFromContractWithCustomerExcludingAssessedTax,us-gaap,USD,2025-01-01,2025-03-31,42314000000.0,2025,Q1,10-Q,2025-05-01,0001326801-25-000054,
revenue,RevenueFromContractWithCustomerExcludingAssessedTax,us-gaap,USD,2025-01-01,2025-03-31,42314000000.0,2026,Q1,10-Q,2026-04-30,0001628280-26-028526,CY2025Q1
revenue,RevenueFromContractWithCustomerExcludingAssessedTax,us-gaap,USD,2025-01-01,2025-06-30,89830000000.0,2025,Q2,10-Q,2025-07-31,0001628280-25-036791,
revenue,RevenueFromContractWithCustomerExcludingAssessedTax,us-gaap,USD,2025-04-01,2025-06-30,47516000000.0,2025,Q2,10-Q,2025-07-31,0001628280-25-036791,
revenue,RevenueFromContractWithCustomerExcludingAssessedTax,us-gaap,USD,2025-01-01,2025-06-30,89830000000.0,2026,Q2,10-Q,2026-07-30,0001628280-26-050705,
revenue,RevenueFromContractWithCustomerExcludingAssessedTax,us-gaap,USD,2025-04-01,2025-06-30,47516000000.0,2026,Q2,10-Q,2026-07-30,0001628280-26-050705,CY2025Q2
revenue,RevenueFromContractWithCustomerExcludingAssessedTax,us-gaap,USD,2025-01-01,2025-09-30,141073000000.0,2025,Q3,10-Q,2025-10-30,0001628280-25-047240,
revenue,RevenueFromContractWithCustomerExcludingAssessedTax,us-gaap,USD,2025-07-01,2025-09-30,51242000000.0,2025,Q3,10-Q,2025-10-30,0001628280-25-047240,CY2025Q3
revenue,RevenueFromContractWithCustomerExcludingAssessedTax,us-gaap,USD,2025-01-01,2025-12-31,200966000000.0,2025,FY,10-K,2026-01-29,0001628280-26-003942,CY2025
revenue,RevenueFromContractWithCustomerExcludingAssessedTax,us-gaap,USD,2026-01-01,2026-03-31,56311000000.0,2026,Q1,10-Q,2026-04-30,0001628280-26-028526,CY2026Q1
revenue,RevenueFromContractWithCustomerExcludingAssessedTax,us-gaap,USD,2026-01-01,2026-06-30,117111000000.0,2026,Q2,10-Q,2026-07-30,0001628280-26-050705,
revenue,RevenueFromContractWithCustomerExcludingAssessedTax,us-gaap,USD,2026-04-01,2026-06-30,60801000000.0,2026,Q2,10-Q,2026-07-30,0001628280-26-050705,CY2026Q2
