concept,tag,taxonomy,unit,start,end,val,fy,fp,form,filed,accn,frame
capex,PaymentsToAcquirePropertyPlantAndEquipment,us-gaap,USD,2007-07-01,2008-06-30,3182000000.0,2010,FY,10-K,2010-07-30,0001193125-10-171791,CY2008
capex,PaymentsToAcquirePropertyPlantAndEquipment,us-gaap,USD,2008-07-01,2008-09-30,778000000.0,2010,Q1,10-Q,2009-10-23,0001193125-09-212454,CY2008Q3
capex,PaymentsToAcquirePropertyPlantAndEquipment,us-gaap,USD,2008-07-01,2008-12-31,1620000000.0,2010,Q2,10-Q,2010-01-28,0001193125-10-015598,
capex,PaymentsToAcquirePropertyPlantAndEquipment,us-gaap,USD,2008-10-01,2008-12-31,842000000.0,2010,Q2,10-Q,2010-01-28,0001193125-10-015598,CY2008Q4
capex,PaymentsToAcquirePropertyPlantAndEquipment,us-gaap,USD,2008-07-01,2009-03-31,2252000000.0,2010,Q3,10-Q,2010-04-22,0001193125-10-090116,
capex,PaymentsToAcquirePropertyPlantAndEquipment,us-gaap,USD,2009-01-01,2009-03-31,632000000.0,2010,Q3,10-Q,2010-04-22,0001193125-10-090116,CY2009Q1
capex,PaymentsToAcquirePropertyPlantAndEquipment,us-gaap,USD,2008-07-01,2009-06-30,3119000000.0,2010,FY,10-K,2010-07-30,0001193125-10-171791,
capex,PaymentsToAcquirePropertyPlantAndEquipment,us-gaap,USD,2008-07-01,2009-06-30,3119000000.0,2011,FY,10-K,2011-07-28,0001193125-11-200680,CY2009
capex,PaymentsToAcquirePropertyPlantAndEquipment,us-gaap,USD,2009-07-01,2009-09-30,435000000.0,2010,Q1,10-Q,2009-10-23,0001193125-09-212454,
capex,PaymentsToAcquirePropertyPlantAndEquipment,us-gaap,USD,2009-07-01,2009-09-30,435000000.0,2011,Q1,10-Q,2010-10-28,0001193125-10-239825,CY2009Q3
capex,PaymentsToAcquirePropertyPlantAndEquipment,us-gaap,USD,2009-07-01,2009-12-31,811000000.0,2010,Q2,10-Q,2010-01-28,0001193125-10-015598,
capex,PaymentsToAcquirePropertyPlantAndEquipment,us-gaap,USD,2009-10-01,2009-12-31,376000000.0,2010,Q2,10-Q,2010-01-28,0001193125-10-015598,
capex,PaymentsToAcquirePropertyPlantAndEquipment,us-gaap,USD,2009-07-01,2009-12-31,811000000.0,2011,Q2,10-Q,2011-01-27,0001193125-11-015947,
capex,PaymentsToAcquirePropertyPlantAndEquipment,us-gaap,USD,2009-10-01,2009-12-31,376000000.0,2011,Q2,10-Q,2011-01-27,0001193125-11-015947,CY2009Q4
capex,PaymentsToAcquirePropertyPlantAndEquipment,us-gaap,USD,2009-07-01,2010-03-31,1219000000.0,2010,Q3,10-Q,2010-04-22,0001193125-10-090116,
capex,PaymentsToAcquirePropertyPlantAndEquipment,us-gaap,USD,2010-01-01,2010-03-31,408000000.0,2010,Q3,10-Q,2010-04-22,0001193125-10-090116,
capex,PaymentsToAcquirePropertyPlantAndEquipment,us-gaap,USD,2009-07-01,2010-03-31,1219000000.0,2011,Q3,10-Q,2011-04-28,0001193125-11-115186,
capex,PaymentsToAcquirePropertyPlantAndEquipment,us-gaap,USD,2010-01-01,2010-03-31,408000000.0,2011,Q3,10-Q,2011-04-28,0001193125-11-115186,CY2010Q1
capex,PaymentsToAcquirePropertyPlantAndEquipment,us-gaap,USD,2009-07-01,2010-06-30,1977000000.0,2010,FY,10-K,2010-07-30,0001193125-10-171791,
capex,PaymentsToAcquirePropertyPlantAndEquipment,us-gaap,USD,2009-07-01,2010-06-30,1977000000.0,2011,FY,10-K,2011-07-28,0001193125-11-200680,
capex,PaymentsToAcquirePropertyPlantAndEquipment,us-gaap,USD,2009-07-01,2010-06-30,1977000000.0,2012,FY,10-K,2012-07-26,0001193125-12-316848,CY2010
capex,PaymentsToAcquirePropertyPlantAndEquipment,us-gaap,USD,2010-07-01,2010-09-30,564000000.0,2011,Q1,10-Q,2010-10-28,0001193125-10-239825,
capex,PaymentsToAcquirePropertyPlantAndEquipment,us-gaap,USD,2010-07-01,2010-09-30,564000000.0,2012,Q1,10-Q,2011-10-20,0001193125-11-276022,CY2010Q3
capex,PaymentsToAcquirePropertyPlantAndEquipment,us-gaap,USD,2010-07-01,2010-12-31,1055000000.0,2011,Q2,10-Q,2011-01-27,0001193125-11-015947,
capex,PaymentsToAcquirePropertyPlantAndEquipment,us-gaap,USD,2010-10-01,2010-12-31,491000000.0,2011,Q2,10-Q,2011-01-27,0001193125-11-015947,
capex,PaymentsToAcquirePropertyPlantAndEquipment,us-gaap,USD,2010-07-01,2010-12-31,1055000000.0,2012,Q2,10-Q/A,2012-01-27,0001193125-12-026864,
capex,PaymentsToAcquirePropertyPlantAndEquipment,us-gaap,USD,2010-10-01,2010-12-31,491000000.0,2012,Q2,10-Q/A,2012-01-27,0001193125-12-026864,CY2010Q4
capex,PaymentsToAcquirePropertyPlantAndEquipment,us-gaap,USD,2010-07-01,2011-03-31,1713000000.0,2011,Q3,10-Q,2011-04-28,0001193125-11-115186,
capex,PaymentsToAcquirePropertyPlantAndEquipment,us-gaap,USD,2011-01-01,2011-03-31,658000000.0,2011,Q3,10-Q,2011-04-28,0001193125-11-115186,
capex,PaymentsToAcquirePropertyPlantAndEquipment,us-gaap,USD,2010-07-01,2011-03-31,1713000000.0,2012,Q3,10-Q,2012-04-19,0001193125-12-170665,
capex,PaymentsToAcquirePropertyPlantAndEquipment,us-gaap,USD,2011-01-01,2011-03-31,658000000.0,2012,Q3,10-Q,2012-04-19,0001193125-12-170665,CY2011Q1
capex,PaymentsToAcquirePropertyPlantAndEquipment,us-gaap,USD,2010-07-01,2011-06-30,2355000000.0,2011,FY,10-K,2011-07-28,0001193125-11-200680,
capex,PaymentsToAcquirePropertyPlantAndEquipment,us-gaap,USD,2010-07-01,2011-06-30,2355000000.0,2012,FY,10-K,2012-07-26,0001193125-12-316848,
capex,PaymentsToAcquirePropertyPlantAndEquipment,us-gaap,USD,2010-07-01,2011-06-30,2355000000.0,2013,FY,10-K,2013-07-30,0001193125-13-310206,
capex,PaymentsToAcquirePropertyPlantAndEquipment,us-gaap,USD,2010-07-01,2011-06-30,2355000000.0,2013,FY,8-K,2013-11-26,0001193125-13-455144,CY2011
capex,PaymentsToAcquirePropertyPlantAndEquipment,us-gaap,USD,2011-07-01,2011-09-30,436000000.0,2012,Q1,10-Q,2011-10-20,0001193125-11-276022,
capex,PaymentsToAcquirePropertyPlantAndEquipment,us-gaap,USD,2011-07-01,2011-09-30,436000000.0,2013,Q1,10-Q,2012-10-18,0001193125-12-427209,CY2011Q3
capex,PaymentsToAcquirePropertyPlantAndEquipment,us-gaap,USD,2011-07-01,2011-12-31,934000000.0,2012,Q2,10-Q/A,2012-01-27,0001193125-12-026864,
capex,PaymentsToAcquirePropertyPlantAndEquipment,us-gaap,USD,2011-10-01,2011-12-31,498000000.0,2012,Q2,10-Q/A,2012-01-27,0001193125-12-026864,
capex,PaymentsToAcquirePropertyPlantAndEquipment,us-gaap,USD,2011-07-01,2011-12-31,934000000.0,2013,Q2,10-Q,2013-01-24,0001193125-13-022207,
capex,PaymentsToAcquirePropertyPlantAndEquipment,us-gaap,USD,2011-10-01,2011-12-31,498000000.0,2013,Q2,10-Q,2013-01-24,0001193125-13-022207,CY2011Q4
capex,PaymentsToAcquirePropertyPlantAndEquipment,us-gaap,USD,2011-07-01,2012-03-31,1683000000.0,2012,Q3,10-Q,2012-04-19,0001193125-12-170665,
capex,PaymentsToAcquirePropertyPlantAndEquipment,us-gaap,USD,2012-01-01,2012-03-31,749000000.0,2012,Q3,10-Q,2012-04-19,0001193125-12-170665,
capex,PaymentsToAcquirePropertyPlantAndEquipment,us-gaap,USD,2011-07-01,2012-03-31,1683000000.0,2013,Q3,10-Q,2013-04-18,0001193125-13-160748,
capex,PaymentsToAcquirePropertyPlantAndEquipment,us-gaap,USD,2012-01-01,2012-03-31,749000000.0,2013,Q3,10-Q,2013-04-18,0001193125-13-160748,CY2012Q1
capex,PaymentsToAcquirePropertyPlantAndEquipment,us-gaap,USD,2011-07-01,2012-06-30,2305000000.0,2012,FY,10-K,2012-07-26,0001193125-12-316848,
capex,PaymentsToAcquirePropertyPlantAndEquipment,us-gaap,USD,2011-07-01,2012-06-30,2305000000.0,2013,FY,10-K,2013-07-30,0001193125-13-310206,
capex,PaymentsToAcquirePropertyPlantAndEquipment,us-gaap,USD,2011-07-01,2012-06-30,2305000000.0,2013,FY,8-K,2013-11-26,0001193125-13-455144,
capex,PaymentsToAcquirePropertyPlantAndEquipment,us-gaap,USD,2011-07-01,2012-06-30,2305000000.0,2014,FY,10-K,2014-07-31,0001193125-14-289961,CY2012
capex,PaymentsToAcquirePropertyPlantAndEquipment,us-gaap,USD,2012-07-01,2012-09-30,603000000.0,2013,Q1,10-Q,2012-10-18,0001193125-12-427209,
capex,PaymentsToAcquirePropertyPlantAndEquipment,us-gaap,USD,2012-07-01,2012-09-30,603000000.0,2014,Q1,10-Q,2013-10-24,0001193125-13-409855,CY2012Q3
capex,PaymentsToAcquirePropertyPlantAndEquipment,us-gaap,USD,2012-07-01,2012-12-31,1533000000.0,2013,Q2,10-Q,2013-01-24,0001193125-13-022207,
capex,PaymentsToAcquirePropertyPlantAndEquipment,us-gaap,USD,2012-10-01,2012-12-31,930000000.0,2013,Q2,10-Q,2013-01-24,0001193125-13-022207,
capex,PaymentsToAcquirePropertyPlantAndEquipment,us-gaap,USD,2012-07-01,2012-12-31,1533000000.0,2014,Q2,10-Q,2014-01-23,0001193125-14-018634,
capex,PaymentsToAcquirePropertyPlantAndEquipment,us-gaap,USD,2012-10-01,2012-12-31,930000000.0,2014,Q2,10-Q,2014-01-23,0001193125-14-018634,CY2012Q4
capex,PaymentsToAcquirePropertyPlantAndEquipment,us-gaap,USD,2012-07-01,2013-03-31,2463000000.0,2013,Q3,10-Q,2013-04-18,0001193125-13-160748,
capex,PaymentsToAcquirePropertyPlantAndEquipment,us-gaap,USD,2013-01-01,2013-03-31,930000000.0,2013,Q3,10-Q,2013-04-18,0001193125-13-160748,
capex,PaymentsToAcquirePropertyPlantAndEquipment,us-gaap,USD,2012-07-01,2013-03-31,2463000000.0,2014,Q3,10-Q,2014-04-24,0001193125-14-157088,
capex,PaymentsToAcquirePropertyPlantAndEquipment,us-gaap,USD,2013-01-01,2013-03-31,930000000.0,2014,Q3,10-Q,2014-04-24,0001193125-14-157088,CY2013Q1
capex,PaymentsToAcquirePropertyPlantAndEquipment,us-gaap,USD,2012-07-01,2013-06-30,4257000000.0,2013,FY,10-K,2013-07-30,0001193125-13-310206,
capex,PaymentsToAcquirePropertyPlantAndEquipment,us-gaap,USD,2012-07-01,2013-06-30,4257000000.0,2013,FY,8-K,2013-11-26,0001193125-13-455144,
capex,PaymentsToAcquirePropertyPlantAndEquipment,us-gaap,USD,2012-07-01,2013-06-30,4257000000.0,2014,FY,10-K,2014-07-31,0001193125-14-289961,
capex,PaymentsToAcquirePropertyPlantAndEquipment,us-gaap,USD,2012-07-01,2013-06-30,4257000000.0,2015,FY,10-K,2015-07-31,0001193125-15-272806,
capex,PaymentsToAcquirePropertyPlantAndEquipment,us-gaap,USD,2012-07-01,2013-06-30,4257000000.0,,,8-K,2015-10-27,0001193125-15-353706,CY2013
capex,PaymentsToAcquirePropertyPlantAndEquipment,us-gaap,USD,2013-07-01,2013-09-30,1231000000.0,2014,Q1,10-Q,2013-10-24,0001193125-13-409855,
capex,PaymentsToAcquirePropertyPlantAndEquipment,us-gaap,USD,2013-07-01,2013-09-30,1231000000.0,2015,Q1,10-Q,2014-10-23,0001193125-14-380252,CY2013Q3
capex,PaymentsToAcquirePropertyPlantAndEquipment,us-gaap,USD,2013-07-01,2013-12-31,2963000000.0,2014,Q2,10-Q,2014-01-23,0001193125-14-018634,
capex,PaymentsToAcquirePropertyPlantAndEquipment,us-gaap,USD,2013-10-01,2013-12-31,1732000000.0,2014,Q2,10-Q,2014-01-23,0001193125-14-018634,
capex,PaymentsToAcquirePropertyPlantAndEquipment,us-gaap,USD,2013-07-01,2013-12-31,2963000000.0,2015,Q2,10-Q,2015-01-26,0001193125-15-020351,
capex,PaymentsToAcquirePropertyPlantAndEquipment,us-gaap,USD,2013-10-01,2013-12-31,1732000000.0,2015,Q2,10-Q,2015-01-26,0001193125-15-020351,CY2013Q4
capex,PaymentsToAcquirePropertyPlantAndEquipment,us-gaap,USD,2013-07-01,2014-03-31,4155000000.0,2014,Q3,10-Q,2014-04-24,0001193125-14-157088,
capex,PaymentsToAcquirePropertyPlantAndEquipment,us-gaap,USD,2014-01-01,2014-03-31,1192000000.0,2014,Q3,10-Q,2014-04-24,0001193125-14-157088,
capex,PaymentsToAcquirePropertyPlantAndEquipment,us-gaap,USD,2013-07-01,2014-03-31,4155000000.0,2015,Q3,10-Q,2015-04-23,0001193125-15-144151,
capex,PaymentsToAcquirePropertyPlantAndEquipment,us-gaap,USD,2014-01-01,2014-03-31,1192000000.0,2015,Q3,10-Q,2015-04-23,0001193125-15-144151,CY2014Q1
capex,PaymentsToAcquirePropertyPlantAndEquipment,us-gaap,USD,2013-07-01,2014-06-30,5485000000.0,2014,FY,10-K,2014-07-31,0001193125-14-289961,
capex,PaymentsToAcquirePropertyPlantAndEquipment,us-gaap,USD,2013-07-01,2014-06-30,5485000000.0,2015,FY,10-K,2015-07-31,0001193125-15-272806,
capex,PaymentsToAcquirePropertyPlantAndEquipment,us-gaap,USD,2013-07-01,2014-06-30,5485000000.0,,,8-K,2015-10-27,0001193125-15-353706,
capex,PaymentsToAcquirePropertyPlantAndEquipment,us-gaap,USD,2013-07-01,2014-06-30,5485000000.0,2016,FY,10-K,2016-07-28,0001193125-16-662209,CY2014
capex,PaymentsToAcquirePropertyPlantAndEquipment,us-gaap,USD,2014-07-01,2014-09-30,1282000000.0,2015,Q1,10-Q,2014-10-23,0001193125-14-380252,
capex,PaymentsToAcquirePropertyPlantAndEquipment,us-gaap,USD,2014-07-01,2014-09-30,1282000000.0,2016,Q1,10-Q,2015-10-22,0001193125-15-350718,CY2014Q3
capex,PaymentsToAcquirePropertyPlantAndEquipment,us-gaap,USD,2014-07-01,2014-12-31,2772000000.0,2015,Q2,10-Q,2015-01-26,0001193125-15-020351,
capex,PaymentsToAcquirePropertyPlantAndEquipment,us-gaap,USD,2014-10-01,2014-12-31,1490000000.0,2015,Q2,10-Q,2015-01-26,0001193125-15-020351,
capex,PaymentsToAcquirePropertyPlantAndEquipment,us-gaap,USD,2014-07-01,2014-12-31,2772000000.0,2016,Q2,10-Q,2016-01-28,0001193125-16-441821,
capex,PaymentsToAcquirePropertyPlantAndEquipment,us-gaap,USD,2014-10-01,2014-12-31,1490000000.0,2016,Q2,10-Q,2016-01-28,0001193125-16-441821,CY2014Q4
capex,PaymentsToAcquirePropertyPlantAndEquipment,us-gaap,USD,2014-07-01,2015-03-31,4163000000.0,2015,Q3,10-Q,2015-04-23,0001193125-15-144151,
capex,PaymentsToAcquirePropertyPlantAndEquipment,us-gaap,USD,2015-01-01,2015-03-31,1391000000.0,2015,Q3,10-Q,2015-04-23,0001193125-15-144151,
capex,PaymentsToAcquirePropertyPlantAndEquipment,us-gaap,USD,2014-07-01,2015-03-31,4163000000.0,2016,Q3,10-Q,2016-04-21,0001193125-16-550254,
capex,PaymentsToAcquirePropertyPlantAndEquipment,us-gaap,USD,2015-01-01,2015-03-31,1391000000.0,2016,Q3,10-Q,2016-04-21,0001193125-16-550254,CY2015Q1
capex,PaymentsToAcquirePropertyPlantAndEquipment,us-gaap,USD,2014-07-01,2015-06-30,5944000000.0,2015,FY,10-K,2015-07-31,0001193125-15-272806,
capex,PaymentsToAcquirePropertyPlantAndEquipment,us-gaap,USD,2014-07-01,2015-06-30,5944000000.0,,,8-K,2015-10-27,0001193125-15-353706,
capex,PaymentsToAcquirePropertyPlantAndEquipment,us-gaap,USD,2014-07-01,2015-06-30,5944000000.0,2016,FY,10-K,2016-07-28,0001193125-16-662209,
capex,PaymentsToAcquirePropertyPlantAndEquipment,us-gaap,USD,2014-07-01,2015-06-30,5944000000.0,2017,FY,10-K,2017-08-02,0001564590-17-014900,CY2015
capex,PaymentsToAcquirePropertyPlantAndEquipment,us-gaap,USD,2015-07-01,2015-09-30,1356000000.0,2016,Q1,10-Q,2015-10-22,0001193125-15-350718,
capex,PaymentsToAcquirePropertyPlantAndEquipment,us-gaap,USD,2015-07-01,2015-09-30,1356000000.0,2017,Q1,10-Q,2016-10-20,0001193125-16-742796,CY2015Q3
capex,PaymentsToAcquirePropertyPlantAndEquipment,us-gaap,USD,2015-07-01,2015-12-31,3380000000.0,2016,Q2,10-Q,2016-01-28,0001193125-16-441821,
capex,PaymentsToAcquirePropertyPlantAndEquipment,us-gaap,USD,2015-10-01,2015-12-31,2024000000.0,2016,Q2,10-Q,2016-01-28,0001193125-16-441821,
capex,PaymentsToAcquirePropertyPlantAndEquipment,us-gaap,USD,2015-07-01,2015-12-31,3380000000.0,2017,Q2,10-Q,2017-01-26,0001564590-17-000654,
capex,PaymentsToAcquirePropertyPlantAndEquipment,us-gaap,USD,2015-10-01,2015-12-31,2024000000.0,2017,Q2,10-Q,2017-01-26,0001564590-17-000654,CY2015Q4
capex,PaymentsToAcquirePropertyPlantAndEquipment,us-gaap,USD,2015-07-01,2016-03-31,5688000000.0,2016,Q3,10-Q,2016-04-21,0001193125-16-550254,
capex,PaymentsToAcquirePropertyPlantAndEquipment,us-gaap,USD,2016-01-01,2016-03-31,2308000000.0,2016,Q3,10-Q,2016-04-21,0001193125-16-550254,
capex,PaymentsToAcquirePropertyPlantAndEquipment,us-gaap,USD,2015-07-01,2016-03-31,5688000000.0,2017,Q3,10-Q,2017-04-27,0001564590-17-007547,
capex,PaymentsToAcquirePropertyPlantAndEquipment,us-gaap,USD,2016-01-01,2016-03-31,2308000000.0,2017,Q3,10-Q,2017-04-27,0001564590-17-007547,CY2016Q1
capex,PaymentsToAcquirePropertyPlantAndEquipment,us-gaap,USD,2015-07-01,2016-06-30,8343000000.0,2016,FY,10-K,2016-07-28,0001193125-16-662209,
capex,PaymentsToAcquirePropertyPlantAndEquipment,us-gaap,USD,2015-07-01,2016-06-30,8343000000.0,2017,FY,10-K,2017-08-02,0001564590-17-014900,
capex,PaymentsToAcquirePropertyPlantAndEquipment,us-gaap,USD,2015-07-01,2016-06-30,8343000000.0,2018,FY,10-K,2018-08-03,0001564590-18-019062,CY2016
capex,PaymentsToAcquirePropertyPlantAndEquipment,us-gaap,USD,2016-07-01,2016-09-30,2163000000.0,2017,Q1,10-Q,2016-10-20,0001193125-16-742796,
capex,PaymentsToAcquirePropertyPlantAndEquipment,us-gaap,USD,2016-07-01,2016-09-30,2163000000.0,2018,Q1,10-Q,2017-10-26,0001564590-17-020171,CY2016Q3
capex,PaymentsToAcquirePropertyPlantAndEquipment,us-gaap,USD,2016-07-01,2016-12-31,4151000000.0,2017,Q2,10-Q,2017-01-26,0001564590-17-000654,
capex,PaymentsToAcquirePropertyPlantAndEquipment,us-gaap,USD,2016-10-01,2016-12-31,1988000000.0,2017,Q2,10-Q,2017-01-26,0001564590-17-000654,
capex,PaymentsToAcquirePropertyPlantAndEquipment,us-gaap,USD,2016-07-01,2016-12-31,4151000000.0,2018,Q2,10-Q,2018-01-31,0001564590-18-001129,
capex,PaymentsToAcquirePropertyPlantAndEquipment,us-gaap,USD,2016-10-01,2016-12-31,1988000000.0,2018,Q2,10-Q,2018-01-31,0001564590-18-001129,CY2016Q4
capex,PaymentsToAcquirePropertyPlantAndEquipment,us-gaap,USD,2016-07-01,2017-03-31,5846000000.0,2017,Q3,10-Q,2017-04-27,0001564590-17-007547,
capex,PaymentsToAcquirePropertyPlantAndEquipment,us-gaap,USD,2017-01-01,2017-03-31,1695000000.0,2017,Q3,10-Q,2017-04-27,0001564590-17-007547,
capex,PaymentsToAcquirePropertyPlantAndEquipment,us-gaap,USD,2016-07-01,2017-03-31,5846000000.0,2018,Q3,10-Q,2018-04-26,0001564590-18-009307,
capex,PaymentsToAcquirePropertyPlantAndEquipment,us-gaap,USD,2017-01-01,2017-03-31,1695000000.0,2018,Q3,10-Q,2018-04-26,0001564590-18-009307,CY2017Q1
capex,PaymentsToAcquirePropertyPlantAndEquipment,us-gaap,USD,2016-07-01,2017-06-30,8129000000.0,2017,FY,10-K,2017-08-02,0001564590-17-014900,
capex,PaymentsToAcquirePropertyPlantAndEquipment,us-gaap,USD,2016-07-01,2017-06-30,8129000000.0,2018,FY,10-K,2018-08-03,0001564590-18-019062,
capex,PaymentsToAcquirePropertyPlantAndEquipment,us-gaap,USD,2016-07-01,2017-06-30,8129000000.0,2019,FY,10-K,2019-08-01,0001564590-19-027952,CY2017
capex,PaymentsToAcquirePropertyPlantAndEquipment,us-gaap,USD,2017-07-01,2017-09-30,2132000000.0,2018,Q1,10-Q,2017-10-26,0001564590-17-020171,
capex,PaymentsToAcquirePropertyPlantAndEquipment,us-gaap,USD,2017-07-01,2017-09-30,2132000000.0,2019,Q1,10-Q,2018-10-24,0001564590-18-024893,CY2017Q3
capex,PaymentsToAcquirePropertyPlantAndEquipment,us-gaap,USD,2017-07-01,2017-12-31,4718000000.0,2018,Q2,10-Q,2018-01-31,0001564590-18-001129,
capex,PaymentsToAcquirePropertyPlantAndEquipment,us-gaap,USD,2017-10-01,2017-12-31,2586000000.0,2018,Q2,10-Q,2018-01-31,0001564590-18-001129,
capex,PaymentsToAcquirePropertyPlantAndEquipment,us-gaap,USD,2017-07-01,2017-12-31,4718000000.0,2019,Q2,10-Q,2019-01-30,0001564590-19-001392,
capex,PaymentsToAcquirePropertyPlantAndEquipment,us-gaap,USD,2017-10-01,2017-12-31,2586000000.0,2019,Q2,10-Q,2019-01-30,0001564590-19-001392,CY2017Q4
capex,PaymentsToAcquirePropertyPlantAndEquipment,us-gaap,USD,2017-07-01,2018-03-31,7652000000.0,2018,Q3,10-Q,2018-04-26,0001564590-18-009307,
capex,PaymentsToAcquirePropertyPlantAndEquipment,us-gaap,USD,2018-01-01,2018-03-31,2934000000.0,2018,Q3,10-Q,2018-04-26,0001564590-18-009307,
capex,PaymentsToAcquirePropertyPlantAndEquipment,us-gaap,USD,2017-07-01,2018-03-31,7652000000.0,2019,Q3,10-Q,2019-04-24,0001564590-19-012709,
capex,PaymentsToAcquirePropertyPlantAndEquipment,us-gaap,USD,2018-01-01,2018-03-31,2934000000.0,2019,Q3,10-Q,2019-04-24,0001564590-19-012709,CY2018Q1
capex,PaymentsToAcquirePropertyPlantAndEquipment,us-gaap,USD,2017-07-01,2018-06-30,11632000000.0,2018,FY,10-K,2018-08-03,0001564590-18-019062,
capex,PaymentsToAcquirePropertyPlantAndEquipment,us-gaap,USD,2017-07-01,2018-06-30,11632000000.0,2019,FY,10-K,2019-08-01,0001564590-19-027952,
capex,PaymentsToAcquirePropertyPlantAndEquipment,us-gaap,USD,2017-07-01,2018-06-30,11632000000.0,2020,FY,10-K,2020-07-30,0001564590-20-034944,CY2018
capex,PaymentsToAcquirePropertyPlantAndEquipment,us-gaap,USD,2018-07-01,2018-09-30,3602000000.0,2019,Q1,10-Q,2018-10-24,0001564590-18-024893,
capex,PaymentsToAcquirePropertyPlantAndEquipment,us-gaap,USD,2018-07-01,2018-09-30,3602000000.0,2020,Q1,10-Q,2019-10-23,0001564590-19-037549,CY2018Q3
capex,PaymentsToAcquirePropertyPlantAndEquipment,us-gaap,USD,2018-07-01,2018-12-31,7309000000.0,2019,Q2,10-Q,2019-01-30,0001564590-19-001392,
capex,PaymentsToAcquirePropertyPlantAndEquipment,us-gaap,USD,2018-10-01,2018-12-31,3707000000.0,2019,Q2,10-Q,2019-01-30,0001564590-19-001392,
capex,PaymentsToAcquirePropertyPlantAndEquipment,us-gaap,USD,2018-07-01,2018-12-31,7309000000.0,2020,Q2,10-Q,2020-01-29,0001564590-20-002450,
capex,PaymentsToAcquirePropertyPlantAndEquipment,us-gaap,USD,2018-10-01,2018-12-31,3707000000.0,2020,Q2,10-Q,2020-01-29,0001564590-20-002450,CY2018Q4
capex,PaymentsToAcquirePropertyPlantAndEquipment,us-gaap,USD,2018-07-01,2019-03-31,9874000000.0,2019,Q3,10-Q,2019-04-24,0001564590-19-012709,
capex,PaymentsToAcquirePropertyPlantAndEquipment,us-gaap,USD,2019-01-01,2019-03-31,2565000000.0,2019,Q3,10-Q,2019-04-24,0001564590-19-012709,
capex,PaymentsToAcquirePropertyPlantAndEquipment,us-gaap,USD,2018-07-01,2019-03-31,9874000000.0,2020,Q3,10-Q,2020-04-29,0001564590-20-019706,
capex,PaymentsToAcquirePropertyPlantAndEquipment,us-gaap,USD,2019-01-01,2019-03-31,2565000000.0,2020,Q3,10-Q,2020-04-29,0001564590-20-019706,CY2019Q1
capex,PaymentsToAcquirePropertyPlantAndEquipment,us-gaap,USD,2018-07-01,2019-06-30,13925000000.0,2019,FY,10-K,2019-08-01,0001564590-19-027952,
capex,PaymentsToAcquirePropertyPlantAndEquipment,us-gaap,USD,2018-07-01,2019-06-30,13925000000.0,2020,FY,10-K,2020-07-30,0001564590-20-034944,
capex,PaymentsToAcquirePropertyPlantAndEquipment,us-gaap,USD,2018-07-01,2019-06-30,13925000000.0,2021,FY,10-K,2021-07-29,0001564590-21-039151,CY2019
capex,PaymentsToAcquirePropertyPlantAndEquipment,us-gaap,USD,2019-07-01,2019-09-30,3385000000.0,2020,Q1,10-Q,2019-10-23,0001564590-19-037549,
capex,PaymentsToAcquirePropertyPlantAndEquipment,us-gaap,USD,2019-07-01,2019-09-30,3385000000.0,2021,Q1,10-Q,2020-10-27,0001564590-20-047996,CY2019Q3
capex,PaymentsToAcquirePropertyPlantAndEquipment,us-gaap,USD,2019-07-01,2019-12-31,6930000000.0,2020,Q2,10-Q,2020-01-29,0001564590-20-002450,
capex,PaymentsToAcquirePropertyPlantAndEquipment,us-gaap,USD,2019-10-01,2019-12-31,3545000000.0,2020,Q2,10-Q,2020-01-29,0001564590-20-002450,
capex,PaymentsToAcquirePropertyPlantAndEquipment,us-gaap,USD,2019-07-01,2019-12-31,6930000000.0,2021,Q2,10-Q,2021-01-26,0001564590-21-002316,
capex,PaymentsToAcquirePropertyPlantAndEquipment,us-gaap,USD,2019-10-01,2019-12-31,3545000000.0,2021,Q2,10-Q,2021-01-26,0001564590-21-002316,CY2019Q4
capex,PaymentsToAcquirePropertyPlantAndEquipment,us-gaap,USD,2019-07-01,2020-03-31,10697000000.0,2020,Q3,10-Q,2020-04-29,0001564590-20-019706,
capex,PaymentsToAcquirePropertyPlantAndEquipment,us-gaap,USD,2020-01-01,2020-03-31,3767000000.0,2020,Q3,10-Q,2020-04-29,0001564590-20-019706,
capex,PaymentsToAcquirePropertyPlantAndEquipment,us-gaap,USD,2019-07-01,2020-03-31,10697000000.0,2021,Q3,10-Q,2021-04-27,0001564590-21-020891,
capex,PaymentsToAcquirePropertyPlantAndEquipment,us-gaap,USD,2020-01-01,2020-03-31,3767000000.0,2021,Q3,10-Q,2021-04-27,0001564590-21-020891,CY2020Q1
capex,PaymentsToAcquirePropertyPlantAndEquipment,us-gaap,USD,2019-07-01,2020-06-30,15441000000.0,2020,FY,10-K,2020-07-30,0001564590-20-034944,
capex,PaymentsToAcquirePropertyPlantAndEquipment,us-gaap,USD,2019-07-01,2020-06-30,15441000000.0,2021,FY,10-K,2021-07-29,0001564590-21-039151,
capex,PaymentsToAcquirePropertyPlantAndEquipment,us-gaap,USD,2019-07-01,2020-06-30,15441000000.0,2022,FY,10-K,2022-07-28,0001564590-22-026876,CY2020
capex,PaymentsToAcquirePropertyPlantAndEquipment,us-gaap,USD,2020-07-01,2020-09-30,4907000000.0,2021,Q1,10-Q,2020-10-27,0001564590-20-047996,
capex,PaymentsToAcquirePropertyPlantAndEquipment,us-gaap,USD,2020-07-01,2020-09-30,4907000000.0,2022,Q1,10-Q,2021-10-26,0001564590-21-051992,CY2020Q3
capex,PaymentsToAcquirePropertyPlantAndEquipment,us-gaap,USD,2020-07-01,2020-12-31,9081000000.0,2021,Q2,10-Q,2021-01-26,0001564590-21-002316,
capex,PaymentsToAcquirePropertyPlantAndEquipment,us-gaap,USD,2020-10-01,2020-12-31,4174000000.0,2021,Q2,10-Q,2021-01-26,0001564590-21-002316,
capex,PaymentsToAcquirePropertyPlantAndEquipment,us-gaap,USD,2020-07-01,2020-12-31,9081000000.0,2022,Q2,10-Q,2022-01-25,0001564590-22-002324,
capex,PaymentsToAcquirePropertyPlantAndEquipment,us-gaap,USD,2020-10-01,2020-12-31,4174000000.0,2022,Q2,10-Q,2022-01-25,0001564590-22-002324,CY2020Q4
capex,PaymentsToAcquirePropertyPlantAndEquipment,us-gaap,USD,2020-07-01,2021-03-31,14170000000.0,2021,Q3,10-Q,2021-04-27,0001564590-21-020891,
capex,PaymentsToAcquirePropertyPlantAndEquipment,us-gaap,USD,2021-01-01,2021-03-31,5089000000.0,2021,Q3,10-Q,2021-04-27,0001564590-21-020891,
capex,PaymentsToAcquirePropertyPlantAndEquipment,us-gaap,USD,2020-07-01,2021-03-31,14170000000.0,2022,Q3,10-Q,2022-04-26,0001564590-22-015675,
capex,PaymentsToAcquirePropertyPlantAndEquipment,us-gaap,USD,2021-01-01,2021-03-31,5089000000.0,2022,Q3,10-Q,2022-04-26,0001564590-22-015675,CY2021Q1
capex,PaymentsToAcquirePropertyPlantAndEquipment,us-gaap,USD,2020-07-01,2021-06-30,20622000000.0,2021,FY,10-K,2021-07-29,0001564590-21-039151,
capex,PaymentsToAcquirePropertyPlantAndEquipment,us-gaap,USD,2020-07-01,2021-06-30,20622000000.0,2022,FY,10-K,2022-07-28,0001564590-22-026876,
capex,PaymentsToAcquirePropertyPlantAndEquipment,us-gaap,USD,2020-07-01,2021-06-30,20622000000.0,2023,FY,10-K,2023-07-27,0000950170-23-035122,CY2021
capex,PaymentsToAcquirePropertyPlantAndEquipment,us-gaap,USD,2021-07-01,2021-09-30,5810000000.0,2022,Q1,10-Q,2021-10-26,0001564590-21-051992,
capex,PaymentsToAcquirePropertyPlantAndEquipment,us-gaap,USD,2021-07-01,2021-09-30,5810000000.0,2023,Q1,10-Q,2022-10-25,0001564590-22-035087,CY2021Q3
capex,PaymentsToAcquirePropertyPlantAndEquipment,us-gaap,USD,2021-07-01,2021-12-31,11675000000.0,2022,Q2,10-Q,2022-01-25,0001564590-22-002324,
capex,PaymentsToAcquirePropertyPlantAndEquipment,us-gaap,USD,2021-10-01,2021-12-31,5865000000.0,2022,Q2,10-Q,2022-01-25,0001564590-22-002324,
capex,PaymentsToAcquirePropertyPlantAndEquipment,us-gaap,USD,2021-07-01,2021-12-31,11675000000.0,2023,Q2,10-Q,2023-01-24,0001564590-23-000733,
capex,PaymentsToAcquirePropertyPlantAndEquipment,us-gaap,USD,2021-10-01,2021-12-31,5865000000.0,2023,Q2,10-Q,2023-01-24,0001564590-23-000733,CY2021Q4
capex,PaymentsToAcquirePropertyPlantAndEquipment,us-gaap,USD,2021-07-01,2022-03-31,17015000000.0,2022,Q3,10-Q,2022-04-26,0001564590-22-015675,
capex,PaymentsToAcquirePropertyPlantAndEquipment,us-gaap,USD,2022-01-01,2022-03-31,5340000000.0,2022,Q3,10-Q,2022-04-26,0001564590-22-015675,
capex,PaymentsToAcquirePropertyPlantAndEquipment,us-gaap,USD,2021-07-01,2022-03-31,17015000000.0,2023,Q3,10-Q,2023-04-25,0000950170-23-014423,
capex,PaymentsToAcquirePropertyPlantAndEquipment,us-gaap,USD,2022-01-01,2022-03-31,5340000000.0,2023,Q3,10-Q,2023-04-25,0000950170-23-014423,CY2022Q1
capex,PaymentsToAcquirePropertyPlantAndEquipment,us-gaap,USD,2021-07-01,2022-06-30,23886000000.0,2022,FY,10-K,2022-07-28,0001564590-22-026876,
capex,PaymentsToAcquirePropertyPlantAndEquipment,us-gaap,USD,2021-07-01,2022-06-30,23886000000.0,2023,FY,10-K,2023-07-27,0000950170-23-035122,
capex,PaymentsToAcquirePropertyPlantAndEquipment,us-gaap,USD,2021-07-01,2022-06-30,23886000000.0,2024,FY,10-K,2024-07-30,0000950170-24-087843,
capex,PaymentsToAcquirePropertyPlantAndEquipment,us-gaap,USD,2021-07-01,2022-06-30,23886000000.0,,,8-K,2024-12-03,0000950170-24-132722,CY2022
capex,PaymentsToAcquirePropertyPlantAndEquipment,us-gaap,USD,2022-07-01,2022-09-30,6283000000.0,2023,Q1,10-Q,2022-10-25,0001564590-22-035087,
capex,PaymentsToAcquirePropertyPlantAndEquipment,us-gaap,USD,2022-07-01,2022-09-30,6283000000.0,2024,Q1,10-Q,2023-10-24,0000950170-23-054855,CY2022Q3
capex,PaymentsToAcquirePropertyPlantAndEquipment,us-gaap,USD,2022-07-01,2022-12-31,12557000000.0,2023,Q2,10-Q,2023-01-24,0001564590-23-000733,
capex,PaymentsToAcquirePropertyPlantAndEquipment,us-gaap,USD,2022-10-01,2022-12-31,6274000000.0,2023,Q2,10-Q,2023-01-24,0001564590-23-000733,
capex,PaymentsToAcquirePropertyPlantAndEquipment,us-gaap,USD,2022-07-01,2022-12-31,12557000000.0,2024,Q2,10-Q,2024-01-30,0000950170-24-008814,
capex,PaymentsToAcquirePropertyPlantAndEquipment,us-gaap,USD,2022-10-01,2022-12-31,6274000000.0,2024,Q2,10-Q,2024-01-30,0000950170-24-008814,CY2022Q4
capex,PaymentsToAcquirePropertyPlantAndEquipment,us-gaap,USD,2022-07-01,2023-03-31,19164000000.0,2023,Q3,10-Q,2023-04-25,0000950170-23-014423,
capex,PaymentsToAcquirePropertyPlantAndEquipment,us-gaap,USD,2023-01-01,2023-03-31,6607000000.0,2023,Q3,10-Q,2023-04-25,0000950170-23-014423,
capex,PaymentsToAcquirePropertyPlantAndEquipment,us-gaap,USD,2022-07-01,2023-03-31,19164000000.0,2024,Q3,10-Q,2024-04-25,0000950170-24-048288,
capex,PaymentsToAcquirePropertyPlantAndEquipment,us-gaap,USD,2023-01-01,2023-03-31,6607000000.0,2024,Q3,10-Q,2024-04-25,0000950170-24-048288,CY2023Q1
capex,PaymentsToAcquirePropertyPlantAndEquipment,us-gaap,USD,2022-07-01,2023-06-30,28107000000.0,2023,FY,10-K,2023-07-27,0000950170-23-035122,
capex,PaymentsToAcquirePropertyPlantAndEquipment,us-gaap,USD,2022-07-01,2023-06-30,28107000000.0,2024,FY,10-K,2024-07-30,0000950170-24-087843,
capex,PaymentsToAcquirePropertyPlantAndEquipment,us-gaap,USD,2022-07-01,2023-06-30,28107000000.0,,,8-K,2024-12-03,0000950170-24-132722,
capex,PaymentsToAcquirePropertyPlantAndEquipment,us-gaap,USD,2022-07-01,2023-06-30,28107000000.0,2025,FY,10-K,2025-07-30,0000950170-25-100235,CY2023
capex,PaymentsToAcquirePropertyPlantAndEquipment,us-gaap,USD,2023-07-01,2023-09-30,9917000000.0,2024,Q1,10-Q,2023-10-24,0000950170-23-054855,
capex,PaymentsToAcquirePropertyPlantAndEquipment,us-gaap,USD,2023-07-01,2023-09-30,9917000000.0,2025,Q1,10-Q,2024-10-30,0000950170-24-118967,CY2023Q3
capex,PaymentsToAcquirePropertyPlantAndEquipment,us-gaap,USD,2023-07-01,2023-12-31,19652000000.0,2024,Q2,10-Q,2024-01-30,0000950170-24-008814,
capex,PaymentsToAcquirePropertyPlantAndEquipment,us-gaap,USD,2023-10-01,2023-12-31,9735000000.0,2024,Q2,10-Q,2024-01-30,0000950170-24-008814,
capex,PaymentsToAcquirePropertyPlantAndEquipment,us-gaap,USD,2023-07-01,2023-12-31,19652000000.0,2025,Q2,10-Q,2025-01-29,0000950170-25-010491,
capex,PaymentsToAcquirePropertyPlantAndEquipment,us-gaap,USD,2023-10-01,2023-12-31,9735000000.0,2025,Q2,10-Q,2025-01-29,0000950170-25-010491,CY2023Q4
capex,PaymentsToAcquirePropertyPlantAndEquipment,us-gaap,USD,2023-07-01,2024-03-31,30604000000.0,2024,Q3,10-Q,2024-04-25,0000950170-24-048288,
capex,PaymentsToAcquirePropertyPlantAndEquipment,us-gaap,USD,2024-01-01,2024-03-31,10952000000.0,2024,Q3,10-Q,2024-04-25,0000950170-24-048288,
capex,PaymentsToAcquirePropertyPlantAndEquipment,us-gaap,USD,2023-07-01,2024-03-31,30604000000.0,2025,Q3,10-Q,2025-04-30,0000950170-25-061046,
capex,PaymentsToAcquirePropertyPlantAndEquipment,us-gaap,USD,2024-01-01,2024-03-31,10952000000.0,2025,Q3,10-Q,2025-04-30,0000950170-25-061046,CY2024Q1
capex,PaymentsToAcquirePropertyPlantAndEquipment,us-gaap,USD,2023-07-01,2024-06-30,44477000000.0,2024,FY,10-K,2024-07-30,0000950170-24-087843,
capex,PaymentsToAcquirePropertyPlantAndEquipment,us-gaap,USD,2023-07-01,2024-06-30,44477000000.0,,,8-K,2024-12-03,0000950170-24-132722,
capex,PaymentsToAcquirePropertyPlantAndEquipment,us-gaap,USD,2023-07-01,2024-06-30,44477000000.0,2025,FY,10-K,2025-07-30,0000950170-25-100235,
capex,PaymentsToAcquirePropertyPlantAndEquipment,us-gaap,USD,2023-07-01,2024-06-30,44477000000.0,2026,FY,10-K,2026-07-29,0001193125-26-323660,CY2024
capex,PaymentsToAcquirePropertyPlantAndEquipment,us-gaap,USD,2024-07-01,2024-09-30,14923000000.0,2025,Q1,10-Q,2024-10-30,0000950170-24-118967,
capex,PaymentsToAcquirePropertyPlantAndEquipment,us-gaap,USD,2024-07-01,2024-09-30,14923000000.0,2026,Q1,10-Q,2025-10-29,0001193125-25-256321,CY2024Q3
capex,PaymentsToAcquirePropertyPlantAndEquipment,us-gaap,USD,2024-07-01,2024-12-31,30727000000.0,2025,Q2,10-Q,2025-01-29,0000950170-25-010491,
capex,PaymentsToAcquirePropertyPlantAndEquipment,us-gaap,USD,2024-10-01,2024-12-31,15804000000.0,2025,Q2,10-Q,2025-01-29,0000950170-25-010491,
capex,PaymentsToAcquirePropertyPlantAndEquipment,us-gaap,USD,2024-07-01,2024-12-31,30727000000.0,2026,Q2,10-Q,2026-01-28,0001193125-26-027207,
capex,PaymentsToAcquirePropertyPlantAndEquipment,us-gaap,USD,2024-10-01,2024-12-31,15804000000.0,2026,Q2,10-Q,2026-01-28,0001193125-26-027207,CY2024Q4
capex,PaymentsToAcquirePropertyPlantAndEquipment,us-gaap,USD,2024-07-01,2025-03-31,47472000000.0,2025,Q3,10-Q,2025-04-30,0000950170-25-061046,
capex,PaymentsToAcquirePropertyPlantAndEquipment,us-gaap,USD,2025-01-01,2025-03-31,16745000000.0,2025,Q3,10-Q,2025-04-30,0000950170-25-061046,
capex,PaymentsToAcquirePropertyPlantAndEquipment,us-gaap,USD,2024-07-01,2025-03-31,47472000000.0,2026,Q3,10-Q,2026-04-29,0001193125-26-191507,
capex,PaymentsToAcquirePropertyPlantAndEquipment,us-gaap,USD,2025-01-01,2025-03-31,16745000000.0,2026,Q3,10-Q,2026-04-29,0001193125-26-191507,CY2025Q1
capex,PaymentsToAcquirePropertyPlantAndEquipment,us-gaap,USD,2024-07-01,2025-06-30,64551000000.0,2025,FY,10-K,2025-07-30,0000950170-25-100235,
capex,PaymentsToAcquirePropertyPlantAndEquipment,us-gaap,USD,2024-07-01,2025-06-30,64551000000.0,2026,FY,10-K,2026-07-29,0001193125-26-323660,CY2025
capex,PaymentsToAcquirePropertyPlantAndEquipment,us-gaap,USD,2025-07-01,2025-09-30,19394000000.0,2026,Q1,10-Q,2025-10-29,0001193125-25-256321,CY2025Q3
capex,PaymentsToAcquirePropertyPlantAndEquipment,us-gaap,USD,2025-07-01,2025-12-31,49270000000.0,2026,Q2,10-Q,2026-01-28,0001193125-26-027207,
capex,PaymentsToAcquirePropertyPlantAndEquipment,us-gaap,USD,2025-10-01,2025-12-31,29876000000.0,2026,Q2,10-Q,2026-01-28,0001193125-26-027207,CY2025Q4
capex,PaymentsToAcquirePropertyPlantAndEquipment,us-gaap,USD,2025-07-01,2026-03-31,80146000000.0,2026,Q3,10-Q,2026-04-29,0001193125-26-191507,
capex,PaymentsToAcquirePropertyPlantAndEquipment,us-gaap,USD,2026-01-01,2026-03-31,30876000000.0,2026,Q3,10-Q,2026-04-29,0001193125-26-191507,CY2026Q1
capex,PaymentsToAcquirePropertyPlantAndEquipment,us-gaap,USD,2025-07-01,2026-06-30,115948000000.0,2026,FY,10-K,2026-07-29,0001193125-26-323660,CY2026
cash,CashAndCashEquivalentsAtCarryingValue,us-gaap,USD,,2007-06-30,6111000000.0,2010,FY,10-K,2010-07-30,0001193125-10-171791,CY2007Q2I
cash,CashAndCashEquivalentsAtCarryingValue,us-gaap,USD,,2008-06-30,10339000000.0,2010,Q1,10-Q,2009-10-23,0001193125-09-212454,
cash,CashAndCashEquivalentsAtCarryingValue,us-gaap,USD,,2008-06-30,10339000000.0,2010,Q2,10-Q,2010-01-28,0001193125-10-015598,
cash,CashAndCashEquivalentsAtCarryingValue,us-gaap,USD,,2008-06-30,10339000000.0,2010,Q3,10-Q,2010-04-22,0001193125-10-090116,
cash,CashAndCashEquivalentsAtCarryingValue,us-gaap,USD,,2008-06-30,10339000000.0,2010,FY,10-K,2010-07-30,0001193125-10-171791,
cash,CashAndCashEquivalentsAtCarryingValue,us-gaap,USD,,2008-06-30,10339000000.0,2011,FY,10-K,2011-07-28,0001193125-11-200680,CY2008Q2I
cash,CashAndCashEquivalentsAtCarryingValue,us-gaap,USD,,2008-09-30,9004000000.0,2010,Q1,10-Q,2009-10-23,0001193125-09-212454,
cash,CashAndCashEquivalentsAtCarryingValue,us-gaap,USD,,2008-09-30,9004000000.0,2010,Q2,10-Q,2010-01-28,0001193125-10-015598,CY2008Q3I
cash,CashAndCashEquivalentsAtCarryingValue,us-gaap,USD,,2008-12-31,8346000000.0,2010,Q2,10-Q,2010-01-28,0001193125-10-015598,
cash,CashAndCashEquivalentsAtCarryingValue,us-gaap,USD,,2008-12-31,8346000000.0,2010,Q3,10-Q,2010-04-22,0001193125-10-090116,CY2008Q4I
cash,CashAndCashEquivalentsAtCarryingValue,us-gaap,USD,,2009-03-31,7285000000.0,2010,Q3,10-Q,2010-04-22,0001193125-10-090116,CY2009Q1I
cash,CashAndCashEquivalentsAtCarryingValue,us-gaap,USD,,2009-06-30,6076000000.0,2010,Q1,10-Q,2009-10-23,0001193125-09-212454,
cash,CashAndCashEquivalentsAtCarryingValue,us-gaap,USD,,2009-06-30,6076000000.0,2010,Q2,10-Q,2010-01-28,0001193125-10-015598,
cash,CashAndCashEquivalentsAtCarryingValue,us-gaap,USD,,2009-06-30,6076000000.0,2010,Q3,10-Q,2010-04-22,0001193125-10-090116,
cash,CashAndCashEquivalentsAtCarryingValue,us-gaap,USD,,2009-06-30,6076000000.0,2010,FY,10-K,2010-07-30,0001193125-10-171791,
cash,CashAndCashEquivalentsAtCarryingValue,us-gaap,USD,,2009-06-30,6076000000.0,2011,Q1,10-Q,2010-10-28,0001193125-10-239825,
cash,CashAndCashEquivalentsAtCarryingValue,us-gaap,USD,,2009-06-30,6076000000.0,2011,Q2,10-Q,2011-01-27,0001193125-11-015947,
cash,CashAndCashEquivalentsAtCarryingValue,us-gaap,USD,,2009-06-30,6076000000.0,2011,Q3,10-Q,2011-04-28,0001193125-11-115186,
cash,CashAndCashEquivalentsAtCarryingValue,us-gaap,USD,,2009-06-30,6076000000.0,2011,FY,10-K,2011-07-28,0001193125-11-200680,
cash,CashAndCashEquivalentsAtCarryingValue,us-gaap,USD,,2009-06-30,6076000000.0,2012,FY,10-K,2012-07-26,0001193125-12-316848,CY2009Q2I
cash,CashAndCashEquivalentsAtCarryingValue,us-gaap,USD,,2009-09-30,8823000000.0,2010,Q1,10-Q,2009-10-23,0001193125-09-212454,
cash,CashAndCashEquivalentsAtCarryingValue,us-gaap,USD,,2009-09-30,8823000000.0,2010,Q2,10-Q,2010-01-28,0001193125-10-015598,
cash,CashAndCashEquivalentsAtCarryingValue,us-gaap,USD,,2009-09-30,8823000000.0,2011,Q1,10-Q,2010-10-28,0001193125-10-239825,
cash,CashAndCashEquivalentsAtCarryingValue,us-gaap,USD,,2009-09-30,8823000000.0,2011,Q2,10-Q,2011-01-27,0001193125-11-015947,CY2009Q3I
cash,CashAndCashEquivalentsAtCarryingValue,us-gaap,USD,,2009-12-31,9422000000.0,2010,Q2,10-Q,2010-01-28,0001193125-10-015598,
cash,CashAndCashEquivalentsAtCarryingValue,us-gaap,USD,,2009-12-31,9422000000.0,2010,Q3,10-Q,2010-04-22,0001193125-10-090116,
cash,CashAndCashEquivalentsAtCarryingValue,us-gaap,USD,,2009-12-31,9422000000.0,2011,Q2,10-Q,2011-01-27,0001193125-11-015947,
cash,CashAndCashEquivalentsAtCarryingValue,us-gaap,USD,,2009-12-31,9422000000.0,2011,Q3,10-Q,2011-04-28,0001193125-11-115186,CY2009Q4I
cash,CashAndCashEquivalentsAtCarryingValue,us-gaap,USD,,2010-03-31,8155000000.0,2010,Q3,10-Q,2010-04-22,0001193125-10-090116,
cash,CashAndCashEquivalentsAtCarryingValue,us-gaap,USD,,2010-03-31,8155000000.0,2011,Q3,10-Q,2011-04-28,0001193125-11-115186,CY2010Q1I
cash,CashAndCashEquivalentsAtCarryingValue,us-gaap,USD,,2010-06-30,5505000000.0,2010,FY,10-K,2010-07-30,0001193125-10-171791,
cash,CashAndCashEquivalentsAtCarryingValue,us-gaap,USD,,2010-06-30,5505000000.0,2011,Q1,10-Q,2010-10-28,0001193125-10-239825,
cash,CashAndCashEquivalentsAtCarryingValue,us-gaap,USD,,2010-06-30,5505000000.0,2011,Q2,10-Q,2011-01-27,0001193125-11-015947,
cash,CashAndCashEquivalentsAtCarryingValue,us-gaap,USD,,2010-06-30,5505000000.0,2011,Q3,10-Q,2011-04-28,0001193125-11-115186,
cash,CashAndCashEquivalentsAtCarryingValue,us-gaap,USD,,2010-06-30,5505000000.0,2011,FY,10-K,2011-07-28,0001193125-11-200680,
cash,CashAndCashEquivalentsAtCarryingValue,us-gaap,USD,,2010-06-30,5505000000.0,2012,Q1,10-Q,2011-10-20,0001193125-11-276022,
cash,CashAndCashEquivalentsAtCarryingValue,us-gaap,USD,,2010-06-30,5505000000.0,2012,Q2,10-Q/A,2012-01-27,0001193125-12-026864,
cash,CashAndCashEquivalentsAtCarryingValue,us-gaap,USD,,2010-06-30,5505000000.0,2012,Q3,10-Q,2012-04-19,0001193125-12-170665,
cash,CashAndCashEquivalentsAtCarryingValue,us-gaap,USD,,2010-06-30,5505000000.0,2012,FY,10-K,2012-07-26,0001193125-12-316848,
cash,CashAndCashEquivalentsAtCarryingValue,us-gaap,USD,,2010-06-30,5505000000.0,2013,FY,10-K,2013-07-30,0001193125-13-310206,
cash,CashAndCashEquivalentsAtCarryingValue,us-gaap,USD,,2010-06-30,5505000000.0,2013,FY,8-K,2013-11-26,0001193125-13-455144,CY2010Q2I
cash,CashAndCashEquivalentsAtCarryingValue,us-gaap,USD,,2010-09-30,8161000000.0,2011,Q1,10-Q,2010-10-28,0001193125-10-239825,
cash,CashAndCashEquivalentsAtCarryingValue,us-gaap,USD,,2010-09-30,8161000000.0,2011,Q2,10-Q,2011-01-27,0001193125-11-015947,
cash,CashAndCashEquivalentsAtCarryingValue,us-gaap,USD,,2010-09-30,8161000000.0,2012,Q1,10-Q,2011-10-20,0001193125-11-276022,
cash,CashAndCashEquivalentsAtCarryingValue,us-gaap,USD,,2010-09-30,8161000000.0,2012,Q2,10-Q/A,2012-01-27,0001193125-12-026864,CY2010Q3I
cash,CashAndCashEquivalentsAtCarryingValue,us-gaap,USD,,2010-12-31,4023000000.0,2011,Q2,10-Q,2011-01-27,0001193125-11-015947,
cash,CashAndCashEquivalentsAtCarryingValue,us-gaap,USD,,2010-12-31,4023000000.0,2011,Q3,10-Q,2011-04-28,0001193125-11-115186,
cash,CashAndCashEquivalentsAtCarryingValue,us-gaap,USD,,2010-12-31,4023000000.0,2012,Q2,10-Q/A,2012-01-27,0001193125-12-026864,
cash,CashAndCashEquivalentsAtCarryingValue,us-gaap,USD,,2010-12-31,4023000000.0,2012,Q3,10-Q,2012-04-19,0001193125-12-170665,CY2010Q4I
cash,CashAndCashEquivalentsAtCarryingValue,us-gaap,USD,,2011-03-31,7021000000.0,2011,Q3,10-Q,2011-04-28,0001193125-11-115186,
cash,CashAndCashEquivalentsAtCarryingValue,us-gaap,USD,,2011-03-31,7021000000.0,2012,Q3,10-Q,2012-04-19,0001193125-12-170665,CY2011Q1I
cash,CashAndCashEquivalentsAtCarryingValue,us-gaap,USD,,2011-06-30,9610000000.0,2011,FY,10-K,2011-07-28,0001193125-11-200680,
cash,CashAndCashEquivalentsAtCarryingValue,us-gaap,USD,,2011-06-30,9610000000.0,2012,Q1,10-Q,2011-10-20,0001193125-11-276022,
cash,CashAndCashEquivalentsAtCarryingValue,us-gaap,USD,,2011-06-30,9610000000.0,2012,Q2,10-Q/A,2012-01-27,0001193125-12-026864,
cash,CashAndCashEquivalentsAtCarryingValue,us-gaap,USD,,2011-06-30,9610000000.0,2012,Q3,10-Q,2012-04-19,0001193125-12-170665,
cash,CashAndCashEquivalentsAtCarryingValue,us-gaap,USD,,2011-06-30,9610000000.0,2012,FY,10-K,2012-07-26,0001193125-12-316848,
cash,CashAndCashEquivalentsAtCarryingValue,us-gaap,USD,,2011-06-30,9610000000.0,2013,Q1,10-Q,2012-10-18,0001193125-12-427209,
cash,CashAndCashEquivalentsAtCarryingValue,us-gaap,USD,,2011-06-30,9610000000.0,2013,Q2,10-Q,2013-01-24,0001193125-13-022207,
cash,CashAndCashEquivalentsAtCarryingValue,us-gaap,USD,,2011-06-30,9610000000.0,2013,Q3,10-Q,2013-04-18,0001193125-13-160748,
cash,CashAndCashEquivalentsAtCarryingValue,us-gaap,USD,,2011-06-30,9610000000.0,2013,FY,10-K,2013-07-30,0001193125-13-310206,
cash,CashAndCashEquivalentsAtCarryingValue,us-gaap,USD,,2011-06-30,9610000000.0,2013,FY,8-K,2013-11-26,0001193125-13-455144,
cash,CashAndCashEquivalentsAtCarryingValue,us-gaap,USD,,2011-06-30,9610000000.0,2014,FY,10-K,2014-07-31,0001193125-14-289961,CY2011Q2I
cash,CashAndCashEquivalentsAtCarryingValue,us-gaap,USD,,2011-09-30,12881000000.0,2012,Q1,10-Q,2011-10-20,0001193125-11-276022,
cash,CashAndCashEquivalentsAtCarryingValue,us-gaap,USD,,2011-09-30,12881000000.0,2012,Q2,10-Q/A,2012-01-27,0001193125-12-026864,
cash,CashAndCashEquivalentsAtCarryingValue,us-gaap,USD,,2011-09-30,12881000000.0,2013,Q1,10-Q,2012-10-18,0001193125-12-427209,
cash,CashAndCashEquivalentsAtCarryingValue,us-gaap,USD,,2011-09-30,12881000000.0,2013,Q2,10-Q,2013-01-24,0001193125-13-022207,CY2011Q3I
cash,CashAndCashEquivalentsAtCarryingValue,us-gaap,USD,,2011-12-31,10610000000.0,2012,Q2,10-Q/A,2012-01-27,0001193125-12-026864,
cash,CashAndCashEquivalentsAtCarryingValue,us-gaap,USD,,2011-12-31,10610000000.0,2012,Q3,10-Q,2012-04-19,0001193125-12-170665,
cash,CashAndCashEquivalentsAtCarryingValue,us-gaap,USD,,2011-12-31,10610000000.0,2013,Q2,10-Q,2013-01-24,0001193125-13-022207,
cash,CashAndCashEquivalentsAtCarryingValue,us-gaap,USD,,2011-12-31,10610000000.0,2013,Q3,10-Q,2013-04-18,0001193125-13-160748,CY2011Q4I
cash,CashAndCashEquivalentsAtCarryingValue,us-gaap,USD,,2012-03-31,6388000000.0,2012,Q3,10-Q,2012-04-19,0001193125-12-170665,
cash,CashAndCashEquivalentsAtCarryingValue,us-gaap,USD,,2012-03-31,6388000000.0,2013,Q3,10-Q,2013-04-18,0001193125-13-160748,CY2012Q1I
cash,CashAndCashEquivalentsAtCarryingValue,us-gaap,USD,,2012-06-30,6938000000.0,2012,FY,10-K,2012-07-26,0001193125-12-316848,
cash,CashAndCashEquivalentsAtCarryingValue,us-gaap,USD,,2012-06-30,6938000000.0,2013,Q1,10-Q,2012-10-18,0001193125-12-427209,
cash,CashAndCashEquivalentsAtCarryingValue,us-gaap,USD,,2012-06-30,6938000000.0,2013,Q2,10-Q,2013-01-24,0001193125-13-022207,
cash,CashAndCashEquivalentsAtCarryingValue,us-gaap,USD,,2012-06-30,6938000000.0,2013,Q3,10-Q,2013-04-18,0001193125-13-160748,
cash,CashAndCashEquivalentsAtCarryingValue,us-gaap,USD,,2012-06-30,6938000000.0,2013,FY,10-K,2013-07-30,0001193125-13-310206,
cash,CashAndCashEquivalentsAtCarryingValue,us-gaap,USD,,2012-06-30,6938000000.0,2014,Q1,10-Q,2013-10-24,0001193125-13-409855,
cash,CashAndCashEquivalentsAtCarryingValue,us-gaap,USD,,2012-06-30,6938000000.0,2013,FY,8-K,2013-11-26,0001193125-13-455144,
cash,CashAndCashEquivalentsAtCarryingValue,us-gaap,USD,,2012-06-30,6938000000.0,2014,Q2,10-Q,2014-01-23,0001193125-14-018634,
cash,CashAndCashEquivalentsAtCarryingValue,us-gaap,USD,,2012-06-30,6938000000.0,2014,Q3,10-Q,2014-04-24,0001193125-14-157088,
cash,CashAndCashEquivalentsAtCarryingValue,us-gaap,USD,,2012-06-30,6938000000.0,2014,FY,10-K,2014-07-31,0001193125-14-289961,
cash,CashAndCashEquivalentsAtCarryingValue,us-gaap,USD,,2012-06-30,6938000000.0,2015,FY,10-K,2015-07-31,0001193125-15-272806,
cash,CashAndCashEquivalentsAtCarryingValue,us-gaap,USD,,2012-06-30,6938000000.0,,,8-K,2015-10-27,0001193125-15-353706,CY2012Q2I
cash,CashAndCashEquivalentsAtCarryingValue,us-gaap,USD,,2012-09-30,5036000000.0,2013,Q1,10-Q,2012-10-18,0001193125-12-427209,
cash,CashAndCashEquivalentsAtCarryingValue,us-gaap,USD,,2012-09-30,5036000000.0,2013,Q2,10-Q,2013-01-24,0001193125-13-022207,
cash,CashAndCashEquivalentsAtCarryingValue,us-gaap,USD,,2012-09-30,5036000000.0,2014,Q1,10-Q,2013-10-24,0001193125-13-409855,
cash,CashAndCashEquivalentsAtCarryingValue,us-gaap,USD,,2012-09-30,5036000000.0,2014,Q2,10-Q,2014-01-23,0001193125-14-018634,CY2012Q3I
cash,CashAndCashEquivalentsAtCarryingValue,us-gaap,USD,,2012-12-31,6017000000.0,2013,Q2,10-Q,2013-01-24,0001193125-13-022207,
cash,CashAndCashEquivalentsAtCarryingValue,us-gaap,USD,,2012-12-31,6017000000.0,2013,Q3,10-Q,2013-04-18,0001193125-13-160748,
cash,CashAndCashEquivalentsAtCarryingValue,us-gaap,USD,,2012-12-31,6017000000.0,2014,Q2,10-Q,2014-01-23,0001193125-14-018634,
cash,CashAndCashEquivalentsAtCarryingValue,us-gaap,USD,,2012-12-31,6017000000.0,2014,Q3,10-Q,2014-04-24,0001193125-14-157088,CY2012Q4I
cash,CashAndCashEquivalentsAtCarryingValue,us-gaap,USD,,2013-03-31,5240000000.0,2013,Q3,10-Q,2013-04-18,0001193125-13-160748,
cash,CashAndCashEquivalentsAtCarryingValue,us-gaap,USD,,2013-03-31,5240000000.0,2014,Q3,10-Q,2014-04-24,0001193125-14-157088,CY2013Q1I
cash,CashAndCashEquivalentsAtCarryingValue,us-gaap,USD,,2013-06-30,3804000000.0,2013,FY,10-K,2013-07-30,0001193125-13-310206,
cash,CashAndCashEquivalentsAtCarryingValue,us-gaap,USD,,2013-06-30,3804000000.0,2014,Q1,10-Q,2013-10-24,0001193125-13-409855,
cash,CashAndCashEquivalentsAtCarryingValue,us-gaap,USD,,2013-06-30,3804000000.0,2013,FY,8-K,2013-11-26,0001193125-13-455144,
cash,CashAndCashEquivalentsAtCarryingValue,us-gaap,USD,,2013-06-30,3804000000.0,2014,Q2,10-Q,2014-01-23,0001193125-14-018634,
cash,CashAndCashEquivalentsAtCarryingValue,us-gaap,USD,,2013-06-30,3804000000.0,2014,Q3,10-Q,2014-04-24,0001193125-14-157088,
cash,CashAndCashEquivalentsAtCarryingValue,us-gaap,USD,,2013-06-30,3804000000.0,2014,FY,10-K,2014-07-31,0001193125-14-289961,
cash,CashAndCashEquivalentsAtCarryingValue,us-gaap,USD,,2013-06-30,3804000000.0,2015,Q1,10-Q,2014-10-23,0001193125-14-380252,
cash,CashAndCashEquivalentsAtCarryingValue,us-gaap,USD,,2013-06-30,3804000000.0,2015,Q2,10-Q,2015-01-26,0001193125-15-020351,
cash,CashAndCashEquivalentsAtCarryingValue,us-gaap,USD,,2013-06-30,3804000000.0,2015,Q3,10-Q,2015-04-23,0001193125-15-144151,
cash,CashAndCashEquivalentsAtCarryingValue,us-gaap,USD,,2013-06-30,3804000000.0,2015,FY,10-K,2015-07-31,0001193125-15-272806,
cash,CashAndCashEquivalentsAtCarryingValue,us-gaap,USD,,2013-06-30,3804000000.0,,,8-K,2015-10-27,0001193125-15-353706,
cash,CashAndCashEquivalentsAtCarryingValue,us-gaap,USD,,2013-06-30,3804000000.0,2016,FY,10-K,2016-07-28,0001193125-16-662209,CY2013Q2I
cash,CashAndCashEquivalentsAtCarryingValue,us-gaap,USD,,2013-09-30,4023000000.0,2014,Q1,10-Q,2013-10-24,0001193125-13-409855,
cash,CashAndCashEquivalentsAtCarryingValue,us-gaap,USD,,2013-09-30,4023000000.0,2014,Q2,10-Q,2014-01-23,0001193125-14-018634,
cash,CashAndCashEquivalentsAtCarryingValue,us-gaap,USD,,2013-09-30,4023000000.0,2015,Q1,10-Q,2014-10-23,0001193125-14-380252,
cash,CashAndCashEquivalentsAtCarryingValue,us-gaap,USD,,2013-09-30,4023000000.0,2015,Q2,10-Q,2015-01-26,0001193125-15-020351,CY2013Q3I
cash,CashAndCashEquivalentsAtCarryingValue,us-gaap,USD,,2013-12-31,10059000000.0,2014,Q2,10-Q,2014-01-23,0001193125-14-018634,
cash,CashAndCashEquivalentsAtCarryingValue,us-gaap,USD,,2013-12-31,10059000000.0,2014,Q3,10-Q,2014-04-24,0001193125-14-157088,
cash,CashAndCashEquivalentsAtCarryingValue,us-gaap,USD,,2013-12-31,10059000000.0,2015,Q2,10-Q,2015-01-26,0001193125-15-020351,
cash,CashAndCashEquivalentsAtCarryingValue,us-gaap,USD,,2013-12-31,10059000000.0,2015,Q3,10-Q,2015-04-23,0001193125-15-144151,CY2013Q4I
cash,CashAndCashEquivalentsAtCarryingValue,us-gaap,USD,,2014-03-31,11572000000.0,2014,Q3,10-Q,2014-04-24,0001193125-14-157088,
cash,CashAndCashEquivalentsAtCarryingValue,us-gaap,USD,,2014-03-31,11572000000.0,2015,Q3,10-Q,2015-04-23,0001193125-15-144151,CY2014Q1I
cash,CashAndCashEquivalentsAtCarryingValue,us-gaap,USD,,2014-06-30,8669000000.0,2014,FY,10-K,2014-07-31,0001193125-14-289961,
cash,CashAndCashEquivalentsAtCarryingValue,us-gaap,USD,,2014-06-30,8669000000.0,2015,Q1,10-Q,2014-10-23,0001193125-14-380252,
cash,CashAndCashEquivalentsAtCarryingValue,us-gaap,USD,,2014-06-30,8669000000.0,2015,Q2,10-Q,2015-01-26,0001193125-15-020351,
cash,CashAndCashEquivalentsAtCarryingValue,us-gaap,USD,,2014-06-30,8669000000.0,2015,Q3,10-Q,2015-04-23,0001193125-15-144151,
cash,CashAndCashEquivalentsAtCarryingValue,us-gaap,USD,,2014-06-30,8669000000.0,2015,FY,10-K,2015-07-31,0001193125-15-272806,
cash,CashAndCashEquivalentsAtCarryingValue,us-gaap,USD,,2014-06-30,8669000000.0,2016,Q1,10-Q,2015-10-22,0001193125-15-350718,
cash,CashAndCashEquivalentsAtCarryingValue,us-gaap,USD,,2014-06-30,8669000000.0,,,8-K,2015-10-27,0001193125-15-353706,
cash,CashAndCashEquivalentsAtCarryingValue,us-gaap,USD,,2014-06-30,8669000000.0,2016,Q2,10-Q,2016-01-28,0001193125-16-441821,
cash,CashAndCashEquivalentsAtCarryingValue,us-gaap,USD,,2014-06-30,8669000000.0,2016,Q3,10-Q,2016-04-21,0001193125-16-550254,
cash,CashAndCashEquivalentsAtCarryingValue,us-gaap,USD,,2014-06-30,8669000000.0,2016,FY,10-K,2016-07-28,0001193125-16-662209,
cash,CashAndCashEquivalentsAtCarryingValue,us-gaap,USD,,2014-06-30,8669000000.0,2017,FY,10-K,2017-08-02,0001564590-17-014900,CY2014Q2I
cash,CashAndCashEquivalentsAtCarryingValue,us-gaap,USD,,2014-09-30,6302000000.0,2015,Q1,10-Q,2014-10-23,0001193125-14-380252,
cash,CashAndCashEquivalentsAtCarryingValue,us-gaap,USD,,2014-09-30,6302000000.0,2015,Q2,10-Q,2015-01-26,0001193125-15-020351,
cash,CashAndCashEquivalentsAtCarryingValue,us-gaap,USD,,2014-09-30,6302000000.0,2016,Q1,10-Q,2015-10-22,0001193125-15-350718,
cash,CashAndCashEquivalentsAtCarryingValue,us-gaap,USD,,2014-09-30,6302000000.0,2016,Q2,10-Q,2016-01-28,0001193125-16-441821,CY2014Q3I
cash,CashAndCashEquivalentsAtCarryingValue,us-gaap,USD,,2014-12-31,6426000000.0,2015,Q2,10-Q,2015-01-26,0001193125-15-020351,
cash,CashAndCashEquivalentsAtCarryingValue,us-gaap,USD,,2014-12-31,6426000000.0,2015,Q3,10-Q,2015-04-23,0001193125-15-144151,
cash,CashAndCashEquivalentsAtCarryingValue,us-gaap,USD,,2014-12-31,6426000000.0,2016,Q2,10-Q,2016-01-28,0001193125-16-441821,
cash,CashAndCashEquivalentsAtCarryingValue,us-gaap,USD,,2014-12-31,6426000000.0,2016,Q3,10-Q,2016-04-21,0001193125-16-550254,CY2014Q4I
cash,CashAndCashEquivalentsAtCarryingValue,us-gaap,USD,,2015-03-31,7414000000.0,2015,Q3,10-Q,2015-04-23,0001193125-15-144151,
cash,CashAndCashEquivalentsAtCarryingValue,us-gaap,USD,,2015-03-31,7414000000.0,2016,Q3,10-Q,2016-04-21,0001193125-16-550254,CY2015Q1I
cash,CashAndCashEquivalentsAtCarryingValue,us-gaap,USD,,2015-06-30,5595000000.0,2015,FY,10-K,2015-07-31,0001193125-15-272806,
cash,CashAndCashEquivalentsAtCarryingValue,us-gaap,USD,,2015-06-30,5595000000.0,2016,Q1,10-Q,2015-10-22,0001193125-15-350718,
cash,CashAndCashEquivalentsAtCarryingValue,us-gaap,USD,,2015-06-30,5595000000.0,,,8-K,2015-10-27,0001193125-15-353706,
cash,CashAndCashEquivalentsAtCarryingValue,us-gaap,USD,,2015-06-30,5595000000.0,2016,Q2,10-Q,2016-01-28,0001193125-16-441821,
cash,CashAndCashEquivalentsAtCarryingValue,us-gaap,USD,,2015-06-30,5595000000.0,2016,Q3,10-Q,2016-04-21,0001193125-16-550254,
cash,CashAndCashEquivalentsAtCarryingValue,us-gaap,USD,,2015-06-30,5595000000.0,2016,FY,10-K,2016-07-28,0001193125-16-662209,
cash,CashAndCashEquivalentsAtCarryingValue,us-gaap,USD,,2015-06-30,5595000000.0,2017,Q1,10-Q,2016-10-20,0001193125-16-742796,
cash,CashAndCashEquivalentsAtCarryingValue,us-gaap,USD,,2015-06-30,5595000000.0,2017,Q2,10-Q,2017-01-26,0001564590-17-000654,
cash,CashAndCashEquivalentsAtCarryingValue,us-gaap,USD,,2015-06-30,5595000000.0,2017,Q3,10-Q,2017-04-27,0001564590-17-007547,
cash,CashAndCashEquivalentsAtCarryingValue,us-gaap,USD,,2015-06-30,5595000000.0,2017,FY,10-K,2017-08-02,0001564590-17-014900,
cash,CashAndCashEquivalentsAtCarryingValue,us-gaap,USD,,2015-06-30,5595000000.0,2018,FY,10-K,2018-08-03,0001564590-18-019062,CY2015Q2I
cash,CashAndCashEquivalentsAtCarryingValue,us-gaap,USD,,2015-09-30,5431000000.0,2016,Q1,10-Q,2015-10-22,0001193125-15-350718,
cash,CashAndCashEquivalentsAtCarryingValue,us-gaap,USD,,2015-09-30,5431000000.0,2016,Q2,10-Q,2016-01-28,0001193125-16-441821,
cash,CashAndCashEquivalentsAtCarryingValue,us-gaap,USD,,2015-09-30,5431000000.0,2017,Q1,10-Q,2016-10-20,0001193125-16-742796,
cash,CashAndCashEquivalentsAtCarryingValue,us-gaap,USD,,2015-09-30,5431000000.0,2017,Q2,10-Q,2017-01-26,0001564590-17-000654,CY2015Q3I
cash,CashAndCashEquivalentsAtCarryingValue,us-gaap,USD,,2015-12-31,7185000000.0,2016,Q2,10-Q,2016-01-28,0001193125-16-441821,
cash,CashAndCashEquivalentsAtCarryingValue,us-gaap,USD,,2015-12-31,7185000000.0,2016,Q3,10-Q,2016-04-21,0001193125-16-550254,
cash,CashAndCashEquivalentsAtCarryingValue,us-gaap,USD,,2015-12-31,7185000000.0,2017,Q2,10-Q,2017-01-26,0001564590-17-000654,
cash,CashAndCashEquivalentsAtCarryingValue,us-gaap,USD,,2015-12-31,7185000000.0,2017,Q3,10-Q,2017-04-27,0001564590-17-007547,CY2015Q4I
cash,CashAndCashEquivalentsAtCarryingValue,us-gaap,USD,,2016-03-31,7170000000.0,2016,Q3,10-Q,2016-04-21,0001193125-16-550254,
cash,CashAndCashEquivalentsAtCarryingValue,us-gaap,USD,,2016-03-31,7170000000.0,2017,Q3,10-Q,2017-04-27,0001564590-17-007547,CY2016Q1I
cash,CashAndCashEquivalentsAtCarryingValue,us-gaap,USD,,2016-06-30,6510000000.0,2016,FY,10-K,2016-07-28,0001193125-16-662209,
cash,CashAndCashEquivalentsAtCarryingValue,us-gaap,USD,,2016-06-30,6510000000.0,2017,Q1,10-Q,2016-10-20,0001193125-16-742796,
cash,CashAndCashEquivalentsAtCarryingValue,us-gaap,USD,,2016-06-30,6510000000.0,2017,Q2,10-Q,2017-01-26,0001564590-17-000654,
cash,CashAndCashEquivalentsAtCarryingValue,us-gaap,USD,,2016-06-30,6510000000.0,2017,Q3,10-Q,2017-04-27,0001564590-17-007547,
cash,CashAndCashEquivalentsAtCarryingValue,us-gaap,USD,,2016-06-30,6510000000.0,2017,FY,10-K,2017-08-02,0001564590-17-014900,
cash,CashAndCashEquivalentsAtCarryingValue,us-gaap,USD,,2016-06-30,6510000000.0,2018,Q1,10-Q,2017-10-26,0001564590-17-020171,
cash,CashAndCashEquivalentsAtCarryingValue,us-gaap,USD,,2016-06-30,6510000000.0,2018,Q2,10-Q,2018-01-31,0001564590-18-001129,
cash,CashAndCashEquivalentsAtCarryingValue,us-gaap,USD,,2016-06-30,6510000000.0,2018,Q3,10-Q,2018-04-26,0001564590-18-009307,
cash,CashAndCashEquivalentsAtCarryingValue,us-gaap,USD,,2016-06-30,6510000000.0,2018,FY,10-K,2018-08-03,0001564590-18-019062,
cash,CashAndCashEquivalentsAtCarryingValue,us-gaap,USD,,2016-06-30,6510000000.0,2019,FY,10-K,2019-08-01,0001564590-19-027952,CY2016Q2I
cash,CashAndCashEquivalentsAtCarryingValue,us-gaap,USD,,2016-09-30,13928000000.0,2017,Q1,10-Q,2016-10-20,0001193125-16-742796,
cash,CashAndCashEquivalentsAtCarryingValue,us-gaap,USD,,2016-09-30,13928000000.0,2017,Q2,10-Q,2017-01-26,0001564590-17-000654,
cash,CashAndCashEquivalentsAtCarryingValue,us-gaap,USD,,2016-09-30,13928000000.0,2018,Q1,10-Q,2017-10-26,0001564590-17-020171,
cash,CashAndCashEquivalentsAtCarryingValue,us-gaap,USD,,2016-09-30,13928000000.0,2018,Q2,10-Q,2018-01-31,0001564590-18-001129,CY2016Q3I
cash,CashAndCashEquivalentsAtCarryingValue,us-gaap,USD,,2016-12-31,8468000000.0,2017,Q2,10-Q,2017-01-26,0001564590-17-000654,
cash,CashAndCashEquivalentsAtCarryingValue,us-gaap,USD,,2016-12-31,8468000000.0,2017,Q3,10-Q,2017-04-27,0001564590-17-007547,
cash,CashAndCashEquivalentsAtCarryingValue,us-gaap,USD,,2016-12-31,8468000000.0,2018,Q2,10-Q,2018-01-31,0001564590-18-001129,
cash,CashAndCashEquivalentsAtCarryingValue,us-gaap,USD,,2016-12-31,8468000000.0,2018,Q3,10-Q,2018-04-26,0001564590-18-009307,CY2016Q4I
cash,CashAndCashEquivalentsAtCarryingValue,us-gaap,USD,,2017-03-31,6713000000.0,2017,Q3,10-Q,2017-04-27,0001564590-17-007547,
cash,CashAndCashEquivalentsAtCarryingValue,us-gaap,USD,,2017-03-31,6713000000.0,2018,Q3,10-Q,2018-04-26,0001564590-18-009307,CY2017Q1I
cash,CashAndCashEquivalentsAtCarryingValue,us-gaap,USD,,2017-06-30,7663000000.0,2017,FY,10-K,2017-08-02,0001564590-17-014900,
cash,CashAndCashEquivalentsAtCarryingValue,us-gaap,USD,,2017-06-30,7663000000.0,2018,Q1,10-Q,2017-10-26,0001564590-17-020171,
cash,CashAndCashEquivalentsAtCarryingValue,us-gaap,USD,,2017-06-30,7663000000.0,2018,Q2,10-Q,2018-01-31,0001564590-18-001129,
cash,CashAndCashEquivalentsAtCarryingValue,us-gaap,USD,,2017-06-30,7663000000.0,2018,Q3,10-Q,2018-04-26,0001564590-18-009307,
cash,CashAndCashEquivalentsAtCarryingValue,us-gaap,USD,,2017-06-30,7663000000.0,2018,FY,10-K,2018-08-03,0001564590-18-019062,
cash,CashAndCashEquivalentsAtCarryingValue,us-gaap,USD,,2017-06-30,7663000000.0,2019,Q1,10-Q,2018-10-24,0001564590-18-024893,
cash,CashAndCashEquivalentsAtCarryingValue,us-gaap,USD,,2017-06-30,7663000000.0,2019,Q2,10-Q,2019-01-30,0001564590-19-001392,
cash,CashAndCashEquivalentsAtCarryingValue,us-gaap,USD,,2017-06-30,7663000000.0,2019,Q3,10-Q,2019-04-24,0001564590-19-012709,
cash,CashAndCashEquivalentsAtCarryingValue,us-gaap,USD,,2017-06-30,7663000000.0,2019,FY,10-K,2019-08-01,0001564590-19-027952,CY2017Q2I
cash,CashAndCashEquivalentsAtCarryingValue,us-gaap,USD,,2017-09-30,6884000000.0,2018,Q1,10-Q,2017-10-26,0001564590-17-020171,
cash,CashAndCashEquivalentsAtCarryingValue,us-gaap,USD,,2017-09-30,6884000000.0,2018,Q2,10-Q,2018-01-31,0001564590-18-001129,
cash,CashAndCashEquivalentsAtCarryingValue,us-gaap,USD,,2017-09-30,6884000000.0,2019,Q1,10-Q,2018-10-24,0001564590-18-024893,
cash,CashAndCashEquivalentsAtCarryingValue,us-gaap,USD,,2017-09-30,6884000000.0,2019,Q2,10-Q,2019-01-30,0001564590-19-001392,CY2017Q3I
cash,CashAndCashEquivalentsAtCarryingValue,us-gaap,USD,,2017-12-31,12859000000.0,2018,Q2,10-Q,2018-01-31,0001564590-18-001129,
cash,CashAndCashEquivalentsAtCarryingValue,us-gaap,USD,,2017-12-31,12859000000.0,2018,Q3,10-Q,2018-04-26,0001564590-18-009307,
cash,CashAndCashEquivalentsAtCarryingValue,us-gaap,USD,,2017-12-31,12859000000.0,2019,Q2,10-Q,2019-01-30,0001564590-19-001392,
cash,CashAndCashEquivalentsAtCarryingValue,us-gaap,USD,,2017-12-31,12859000000.0,2019,Q3,10-Q,2019-04-24,0001564590-19-012709,CY2017Q4I
cash,CashAndCashEquivalentsAtCarryingValue,us-gaap,USD,,2018-03-31,9221000000.0,2018,Q3,10-Q,2018-04-26,0001564590-18-009307,
cash,CashAndCashEquivalentsAtCarryingValue,us-gaap,USD,,2018-03-31,9221000000.0,2019,Q3,10-Q,2019-04-24,0001564590-19-012709,CY2018Q1I
cash,CashAndCashEquivalentsAtCarryingValue,us-gaap,USD,,2018-06-30,11946000000.0,2018,FY,10-K,2018-08-03,0001564590-18-019062,
cash,CashAndCashEquivalentsAtCarryingValue,us-gaap,USD,,2018-06-30,11946000000.0,2019,Q1,10-Q,2018-10-24,0001564590-18-024893,
cash,CashAndCashEquivalentsAtCarryingValue,us-gaap,USD,,2018-06-30,11946000000.0,2019,Q2,10-Q,2019-01-30,0001564590-19-001392,
cash,CashAndCashEquivalentsAtCarryingValue,us-gaap,USD,,2018-06-30,11946000000.0,2019,Q3,10-Q,2019-04-24,0001564590-19-012709,
cash,CashAndCashEquivalentsAtCarryingValue,us-gaap,USD,,2018-06-30,11946000000.0,2019,FY,10-K,2019-08-01,0001564590-19-027952,CY2018Q2I
cash,CashAndCashEquivalentsAtCarryingValue,us-gaap,USD,,2018-09-30,15137000000.0,2019,Q1,10-Q,2018-10-24,0001564590-18-024893,
cash,CashAndCashEquivalentsAtCarryingValue,us-gaap,USD,,2018-09-30,15137000000.0,2019,Q2,10-Q,2019-01-30,0001564590-19-001392,CY2018Q3I
cash,CashAndCashEquivalentsAtCarryingValue,us-gaap,USD,,2018-12-31,6638000000.0,2019,Q2,10-Q,2019-01-30,0001564590-19-001392,
cash,CashAndCashEquivalentsAtCarryingValue,us-gaap,USD,,2018-12-31,6638000000.0,2019,Q3,10-Q,2019-04-24,0001564590-19-012709,CY2018Q4I
cash,CashAndCashEquivalentsAtCarryingValue,us-gaap,USD,,2019-03-31,11212000000.0,2019,Q3,10-Q,2019-04-24,0001564590-19-012709,CY2019Q1I
cash,CashAndCashEquivalentsAtCarryingValue,us-gaap,USD,,2019-06-30,11356000000.0,2019,FY,10-K,2019-08-01,0001564590-19-027952,
cash,CashAndCashEquivalentsAtCarryingValue,us-gaap,USD,,2019-06-30,11356000000.0,2020,Q1,10-Q,2019-10-23,0001564590-19-037549,
cash,CashAndCashEquivalentsAtCarryingValue,us-gaap,USD,,2019-06-30,11356000000.0,2020,Q2,10-Q,2020-01-29,0001564590-20-002450,
cash,CashAndCashEquivalentsAtCarryingValue,us-gaap,USD,,2019-06-30,11356000000.0,2020,Q3,10-Q,2020-04-29,0001564590-20-019706,
cash,CashAndCashEquivalentsAtCarryingValue,us-gaap,USD,,2019-06-30,11356000000.0,2020,FY,10-K,2020-07-30,0001564590-20-034944,CY2019Q2I
cash,CashAndCashEquivalentsAtCarryingValue,us-gaap,USD,,2019-09-30,13117000000.0,2020,Q1,10-Q,2019-10-23,0001564590-19-037549,CY2019Q3I
cash,CashAndCashEquivalentsAtCarryingValue,us-gaap,USD,,2019-12-31,8864000000.0,2020,Q2,10-Q,2020-01-29,0001564590-20-002450,CY2019Q4I
cash,CashAndCashEquivalentsAtCarryingValue,us-gaap,USD,,2020-03-31,11710000000.0,2020,Q3,10-Q,2020-04-29,0001564590-20-019706,CY2020Q1I
cash,CashAndCashEquivalentsAtCarryingValue,us-gaap,USD,,2020-06-30,13576000000.0,2020,FY,10-K,2020-07-30,0001564590-20-034944,
cash,CashAndCashEquivalentsAtCarryingValue,us-gaap,USD,,2020-06-30,13576000000.0,2021,Q1,10-Q,2020-10-27,0001564590-20-047996,
cash,CashAndCashEquivalentsAtCarryingValue,us-gaap,USD,,2020-06-30,13576000000.0,2021,Q2,10-Q,2021-01-26,0001564590-21-002316,
cash,CashAndCashEquivalentsAtCarryingValue,us-gaap,USD,,2020-06-30,13576000000.0,2021,Q3,10-Q,2021-04-27,0001564590-21-020891,
cash,CashAndCashEquivalentsAtCarryingValue,us-gaap,USD,,2020-06-30,13576000000.0,2021,FY,10-K,2021-07-29,0001564590-21-039151,CY2020Q2I
cash,CashAndCashEquivalentsAtCarryingValue,us-gaap,USD,,2020-09-30,17205000000.0,2021,Q1,10-Q,2020-10-27,0001564590-20-047996,CY2020Q3I
cash,CashAndCashEquivalentsAtCarryingValue,us-gaap,USD,,2020-12-31,14432000000.0,2021,Q2,10-Q,2021-01-26,0001564590-21-002316,CY2020Q4I
cash,CashAndCashEquivalentsAtCarryingValue,us-gaap,USD,,2021-03-31,13702000000.0,2021,Q3,10-Q,2021-04-27,0001564590-21-020891,CY2021Q1I
cash,CashAndCashEquivalentsAtCarryingValue,us-gaap,USD,,2021-06-30,14224000000.0,2021,FY,10-K,2021-07-29,0001564590-21-039151,
cash,CashAndCashEquivalentsAtCarryingValue,us-gaap,USD,,2021-06-30,14224000000.0,2022,Q1,10-Q,2021-10-26,0001564590-21-051992,
cash,CashAndCashEquivalentsAtCarryingValue,us-gaap,USD,,2021-06-30,14224000000.0,2022,Q2,10-Q,2022-01-25,0001564590-22-002324,
cash,CashAndCashEquivalentsAtCarryingValue,us-gaap,USD,,2021-06-30,14224000000.0,2022,Q3,10-Q,2022-04-26,0001564590-22-015675,
cash,CashAndCashEquivalentsAtCarryingValue,us-gaap,USD,,2021-06-30,14224000000.0,2022,FY,10-K,2022-07-28,0001564590-22-026876,CY2021Q2I
cash,CashAndCashEquivalentsAtCarryingValue,us-gaap,USD,,2021-09-30,19165000000.0,2022,Q1,10-Q,2021-10-26,0001564590-21-051992,CY2021Q3I
cash,CashAndCashEquivalentsAtCarryingValue,us-gaap,USD,,2021-12-31,20604000000.0,2022,Q2,10-Q,2022-01-25,0001564590-22-002324,CY2021Q4I
cash,CashAndCashEquivalentsAtCarryingValue,us-gaap,USD,,2022-03-31,12498000000.0,2022,Q3,10-Q,2022-04-26,0001564590-22-015675,CY2022Q1I
cash,CashAndCashEquivalentsAtCarryingValue,us-gaap,USD,,2022-06-30,13931000000.0,2022,FY,10-K,2022-07-28,0001564590-22-026876,
cash,CashAndCashEquivalentsAtCarryingValue,us-gaap,USD,,2022-06-30,13931000000.0,2023,Q1,10-Q,2022-10-25,0001564590-22-035087,
cash,CashAndCashEquivalentsAtCarryingValue,us-gaap,USD,,2022-06-30,13931000000.0,2023,Q2,10-Q,2023-01-24,0001564590-23-000733,
cash,CashAndCashEquivalentsAtCarryingValue,us-gaap,USD,,2022-06-30,13931000000.0,2023,Q3,10-Q,2023-04-25,0000950170-23-014423,
cash,CashAndCashEquivalentsAtCarryingValue,us-gaap,USD,,2022-06-30,13931000000.0,2023,FY,10-K,2023-07-27,0000950170-23-035122,CY2022Q2I
cash,CashAndCashEquivalentsAtCarryingValue,us-gaap,USD,,2022-09-30,22884000000.0,2023,Q1,10-Q,2022-10-25,0001564590-22-035087,CY2022Q3I
cash,CashAndCashEquivalentsAtCarryingValue,us-gaap,USD,,2022-12-31,15646000000.0,2023,Q2,10-Q,2023-01-24,0001564590-23-000733,CY2022Q4I
cash,CashAndCashEquivalentsAtCarryingValue,us-gaap,USD,,2023-03-31,26562000000.0,2023,Q3,10-Q,2023-04-25,0000950170-23-014423,CY2023Q1I
cash,CashAndCashEquivalentsAtCarryingValue,us-gaap,USD,,2023-06-30,34704000000.0,2023,FY,10-K,2023-07-27,0000950170-23-035122,
cash,CashAndCashEquivalentsAtCarryingValue,us-gaap,USD,,2023-06-30,34704000000.0,2024,Q1,10-Q,2023-10-24,0000950170-23-054855,
cash,CashAndCashEquivalentsAtCarryingValue,us-gaap,USD,,2023-06-30,34704000000.0,2024,Q2,10-Q,2024-01-30,0000950170-24-008814,
cash,CashAndCashEquivalentsAtCarryingValue,us-gaap,USD,,2023-06-30,34704000000.0,2024,Q3,10-Q,2024-04-25,0000950170-24-048288,
cash,CashAndCashEquivalentsAtCarryingValue,us-gaap,USD,,2023-06-30,34704000000.0,2024,FY,10-K,2024-07-30,0000950170-24-087843,
cash,CashAndCashEquivalentsAtCarryingValue,us-gaap,USD,,2023-06-30,34704000000.0,,,8-K,2024-12-03,0000950170-24-132722,CY2023Q2I
cash,CashAndCashEquivalentsAtCarryingValue,us-gaap,USD,,2023-09-30,80452000000.0,2024,Q1,10-Q,2023-10-24,0000950170-23-054855,CY2023Q3I
cash,CashAndCashEquivalentsAtCarryingValue,us-gaap,USD,,2023-12-31,17305000000.0,2024,Q2,10-Q,2024-01-30,0000950170-24-008814,CY2023Q4I
cash,CashAndCashEquivalentsAtCarryingValue,us-gaap,USD,,2024-03-31,19634000000.0,2024,Q3,10-Q,2024-04-25,0000950170-24-048288,CY2024Q1I
cash,CashAndCashEquivalentsAtCarryingValue,us-gaap,USD,,2024-06-30,18315000000.0,2024,FY,10-K,2024-07-30,0000950170-24-087843,
cash,CashAndCashEquivalentsAtCarryingValue,us-gaap,USD,,2024-06-30,18315000000.0,2025,Q1,10-Q,2024-10-30,0000950170-24-118967,
cash,CashAndCashEquivalentsAtCarryingValue,us-gaap,USD,,2024-06-30,18315000000.0,,,8-K,2024-12-03,0000950170-24-132722,
cash,CashAndCashEquivalentsAtCarryingValue,us-gaap,USD,,2024-06-30,18315000000.0,2025,Q2,10-Q,2025-01-29,0000950170-25-010491,
cash,CashAndCashEquivalentsAtCarryingValue,us-gaap,USD,,2024-06-30,18315000000.0,2025,Q3,10-Q,2025-04-30,0000950170-25-061046,
cash,CashAndCashEquivalentsAtCarryingValue,us-gaap,USD,,2024-06-30,18315000000.0,2025,FY,10-K,2025-07-30,0000950170-25-100235,CY2024Q2I
cash,CashAndCashEquivalentsAtCarryingValue,us-gaap,USD,,2024-09-30,20840000000.0,2025,Q1,10-Q,2024-10-30,0000950170-24-118967,CY2024Q3I
cash,CashAndCashEquivalentsAtCarryingValue,us-gaap,USD,,2024-12-31,17482000000.0,2025,Q2,10-Q,2025-01-29,0000950170-25-010491,CY2024Q4I
cash,CashAndCashEquivalentsAtCarryingValue,us-gaap,USD,,2025-03-31,28828000000.0,2025,Q3,10-Q,2025-04-30,0000950170-25-061046,CY2025Q1I
cash,CashAndCashEquivalentsAtCarryingValue,us-gaap,USD,,2025-06-30,30242000000.0,2025,FY,10-K,2025-07-30,0000950170-25-100235,
cash,CashAndCashEquivalentsAtCarryingValue,us-gaap,USD,,2025-06-30,30242000000.0,2026,Q1,10-Q,2025-10-29,0001193125-25-256321,
cash,CashAndCashEquivalentsAtCarryingValue,us-gaap,USD,,2025-06-30,30242000000.0,2026,Q2,10-Q,2026-01-28,0001193125-26-027207,
cash,CashAndCashEquivalentsAtCarryingValue,us-gaap,USD,,2025-06-30,30242000000.0,2026,Q3,10-Q,2026-04-29,0001193125-26-191507,
cash,CashAndCashEquivalentsAtCarryingValue,us-gaap,USD,,2025-06-30,30242000000.0,2026,FY,10-K,2026-07-29,0001193125-26-323660,CY2025Q2I
cash,CashAndCashEquivalentsAtCarryingValue,us-gaap,USD,,2025-09-30,28849000000.0,2026,Q1,10-Q,2025-10-29,0001193125-25-256321,CY2025Q3I
cash,CashAndCashEquivalentsAtCarryingValue,us-gaap,USD,,2025-12-31,24296000000.0,2026,Q2,10-Q,2026-01-28,0001193125-26-027207,CY2025Q4I
cash,CashAndCashEquivalentsAtCarryingValue,us-gaap,USD,,2026-03-31,32105000000.0,2026,Q3,10-Q,2026-04-29,0001193125-26-191507,CY2026Q1I
cash,CashAndCashEquivalentsAtCarryingValue,us-gaap,USD,,2026-06-30,20935000000.0,2026,FY,10-K,2026-07-29,0001193125-26-323660,CY2026Q2I
cfo,NetCashProvidedByUsedInOperatingActivities,us-gaap,USD,2007-07-01,2008-06-30,21612000000.0,2010,FY,10-K,2010-07-30,0001193125-10-171791,CY2008
cfo,NetCashProvidedByUsedInOperatingActivities,us-gaap,USD,2008-07-01,2008-09-30,3370000000.0,2010,Q1,10-Q,2009-10-23,0001193125-09-212454,CY2008Q3
cfo,NetCashProvidedByUsedInOperatingActivities,us-gaap,USD,2008-07-01,2008-12-31,9152000000.0,2010,Q2,10-Q,2010-01-28,0001193125-10-015598,
cfo,NetCashProvidedByUsedInOperatingActivities,us-gaap,USD,2008-10-01,2008-12-31,5782000000.0,2010,Q2,10-Q,2010-01-28,0001193125-10-015598,CY2008Q4
cfo,NetCashProvidedByUsedInOperatingActivities,us-gaap,USD,2008-07-01,2009-03-31,15196000000.0,2010,Q3,10-Q,2010-04-22,0001193125-10-090116,
cfo,NetCashProvidedByUsedInOperatingActivities,us-gaap,USD,2009-01-01,2009-03-31,6044000000.0,2010,Q3,10-Q,2010-04-22,0001193125-10-090116,CY2009Q1
cfo,NetCashProvidedByUsedInOperatingActivities,us-gaap,USD,2008-07-01,2009-06-30,19037000000.0,2010,FY,10-K,2010-07-30,0001193125-10-171791,
cfo,NetCashProvidedByUsedInOperatingActivities,us-gaap,USD,2008-07-01,2009-06-30,19037000000.0,2011,FY,10-K,2011-07-28,0001193125-11-200680,CY2009
cfo,NetCashProvidedByUsedInOperatingActivities,us-gaap,USD,2009-07-01,2009-09-30,6107000000.0,2010,Q1,10-Q,2009-10-23,0001193125-09-212454,
cfo,NetCashProvidedByUsedInOperatingActivities,us-gaap,USD,2009-07-01,2009-09-30,6107000000.0,2011,Q1,10-Q,2010-10-28,0001193125-10-239825,CY2009Q3
cfo,NetCashProvidedByUsedInOperatingActivities,us-gaap,USD,2009-07-01,2009-12-31,11076000000.0,2010,Q2,10-Q,2010-01-28,0001193125-10-015598,
cfo,NetCashProvidedByUsedInOperatingActivities,us-gaap,USD,2009-10-01,2009-12-31,4969000000.0,2010,Q2,10-Q,2010-01-28,0001193125-10-015598,
cfo,NetCashProvidedByUsedInOperatingActivities,us-gaap,USD,2009-07-01,2009-12-31,11076000000.0,2011,Q2,10-Q,2011-01-27,0001193125-11-015947,
cfo,NetCashProvidedByUsedInOperatingActivities,us-gaap,USD,2009-10-01,2009-12-31,4969000000.0,2011,Q2,10-Q,2011-01-27,0001193125-11-015947,CY2009Q4
cfo,NetCashProvidedByUsedInOperatingActivities,us-gaap,USD,2009-07-01,2010-03-31,18469000000.0,2010,Q3,10-Q,2010-04-22,0001193125-10-090116,
cfo,NetCashProvidedByUsedInOperatingActivities,us-gaap,USD,2010-01-01,2010-03-31,7393000000.0,2010,Q3,10-Q,2010-04-22,0001193125-10-090116,
cfo,NetCashProvidedByUsedInOperatingActivities,us-gaap,USD,2009-07-01,2010-03-31,18469000000.0,2011,Q3,10-Q,2011-04-28,0001193125-11-115186,
cfo,NetCashProvidedByUsedInOperatingActivities,us-gaap,USD,2010-01-01,2010-03-31,7393000000.0,2011,Q3,10-Q,2011-04-28,0001193125-11-115186,CY2010Q1
cfo,NetCashProvidedByUsedInOperatingActivities,us-gaap,USD,2009-07-01,2010-06-30,24073000000.0,2010,FY,10-K,2010-07-30,0001193125-10-171791,
cfo,NetCashProvidedByUsedInOperatingActivities,us-gaap,USD,2009-07-01,2010-06-30,24073000000.0,2011,FY,10-K,2011-07-28,0001193125-11-200680,
cfo,NetCashProvidedByUsedInOperatingActivities,us-gaap,USD,2009-07-01,2010-06-30,24073000000.0,2012,FY,10-K,2012-07-26,0001193125-12-316848,CY2010
cfo,NetCashProvidedByUsedInOperatingActivities,us-gaap,USD,2010-07-01,2010-09-30,8194000000.0,2011,Q1,10-Q,2010-10-28,0001193125-10-239825,
cfo,NetCashProvidedByUsedInOperatingActivities,us-gaap,USD,2010-07-01,2010-09-30,8194000000.0,2012,Q1,10-Q,2011-10-20,0001193125-11-276022,CY2010Q3
cfo,NetCashProvidedByUsedInOperatingActivities,us-gaap,USD,2010-07-01,2010-12-31,12380000000.0,2011,Q2,10-Q,2011-01-27,0001193125-11-015947,
cfo,NetCashProvidedByUsedInOperatingActivities,us-gaap,USD,2010-10-01,2010-12-31,4186000000.0,2011,Q2,10-Q,2011-01-27,0001193125-11-015947,
cfo,NetCashProvidedByUsedInOperatingActivities,us-gaap,USD,2010-07-01,2010-12-31,12380000000.0,2012,Q2,10-Q/A,2012-01-27,0001193125-12-026864,
cfo,NetCashProvidedByUsedInOperatingActivities,us-gaap,USD,2010-10-01,2010-12-31,4186000000.0,2012,Q2,10-Q/A,2012-01-27,0001193125-12-026864,CY2010Q4
cfo,NetCashProvidedByUsedInOperatingActivities,us-gaap,USD,2010-07-01,2011-03-31,21052000000.0,2011,Q3,10-Q,2011-04-28,0001193125-11-115186,
cfo,NetCashProvidedByUsedInOperatingActivities,us-gaap,USD,2011-01-01,2011-03-31,8672000000.0,2011,Q3,10-Q,2011-04-28,0001193125-11-115186,
cfo,NetCashProvidedByUsedInOperatingActivities,us-gaap,USD,2010-07-01,2011-03-31,21052000000.0,2012,Q3,10-Q,2012-04-19,0001193125-12-170665,
cfo,NetCashProvidedByUsedInOperatingActivities,us-gaap,USD,2011-01-01,2011-03-31,8672000000.0,2012,Q3,10-Q,2012-04-19,0001193125-12-170665,CY2011Q1
cfo,NetCashProvidedByUsedInOperatingActivities,us-gaap,USD,2010-07-01,2011-06-30,26994000000.0,2011,FY,10-K,2011-07-28,0001193125-11-200680,
cfo,NetCashProvidedByUsedInOperatingActivities,us-gaap,USD,2010-07-01,2011-06-30,26994000000.0,2012,FY,10-K,2012-07-26,0001193125-12-316848,
cfo,NetCashProvidedByUsedInOperatingActivities,us-gaap,USD,2010-07-01,2011-06-30,26994000000.0,2013,FY,10-K,2013-07-30,0001193125-13-310206,CY2011
cfo,NetCashProvidedByUsedInOperatingActivities,us-gaap,USD,2011-07-01,2011-09-30,8493000000.0,2012,Q1,10-Q,2011-10-20,0001193125-11-276022,
cfo,NetCashProvidedByUsedInOperatingActivities,us-gaap,USD,2011-07-01,2011-09-30,8493000000.0,2013,Q1,10-Q,2012-10-18,0001193125-12-427209,CY2011Q3
cfo,NetCashProvidedByUsedInOperatingActivities,us-gaap,USD,2011-07-01,2011-12-31,14355000000.0,2012,Q2,10-Q/A,2012-01-27,0001193125-12-026864,
cfo,NetCashProvidedByUsedInOperatingActivities,us-gaap,USD,2011-10-01,2011-12-31,5862000000.0,2012,Q2,10-Q/A,2012-01-27,0001193125-12-026864,
cfo,NetCashProvidedByUsedInOperatingActivities,us-gaap,USD,2011-07-01,2011-12-31,14355000000.0,2013,Q2,10-Q,2013-01-24,0001193125-13-022207,
cfo,NetCashProvidedByUsedInOperatingActivities,us-gaap,USD,2011-10-01,2011-12-31,5862000000.0,2013,Q2,10-Q,2013-01-24,0001193125-13-022207,CY2011Q4
cfo,NetCashProvidedByUsedInOperatingActivities,us-gaap,USD,2011-07-01,2012-03-31,23949000000.0,2012,Q3,10-Q,2012-04-19,0001193125-12-170665,
cfo,NetCashProvidedByUsedInOperatingActivities,us-gaap,USD,2012-01-01,2012-03-31,9594000000.0,2012,Q3,10-Q,2012-04-19,0001193125-12-170665,
cfo,NetCashProvidedByUsedInOperatingActivities,us-gaap,USD,2011-07-01,2012-03-31,23949000000.0,2013,Q3,10-Q,2013-04-18,0001193125-13-160748,
cfo,NetCashProvidedByUsedInOperatingActivities,us-gaap,USD,2012-01-01,2012-03-31,9594000000.0,2013,Q3,10-Q,2013-04-18,0001193125-13-160748,CY2012Q1
cfo,NetCashProvidedByUsedInOperatingActivities,us-gaap,USD,2011-07-01,2012-06-30,31626000000.0,2012,FY,10-K,2012-07-26,0001193125-12-316848,
cfo,NetCashProvidedByUsedInOperatingActivities,us-gaap,USD,2011-07-01,2012-06-30,31626000000.0,2013,FY,10-K,2013-07-30,0001193125-13-310206,CY2012
cfo,NetCashProvidedByUsedInOperatingActivities,us-gaap,USD,2012-07-01,2012-09-30,8484000000.0,2013,Q1,10-Q,2012-10-18,0001193125-12-427209,CY2012Q3
cfo,NetCashProvidedByUsedInOperatingActivities,us-gaap,USD,2012-07-01,2012-12-31,13264000000.0,2013,Q2,10-Q,2013-01-24,0001193125-13-022207,
cfo,NetCashProvidedByUsedInOperatingActivities,us-gaap,USD,2012-10-01,2012-12-31,4780000000.0,2013,Q2,10-Q,2013-01-24,0001193125-13-022207,CY2012Q4
cfo,NetCashProvidedByUsedInOperatingActivities,us-gaap,USD,2012-07-01,2013-03-31,22930000000.0,2013,Q3,10-Q,2013-04-18,0001193125-13-160748,
cfo,NetCashProvidedByUsedInOperatingActivities,us-gaap,USD,2013-01-01,2013-03-31,9666000000.0,2013,Q3,10-Q,2013-04-18,0001193125-13-160748,CY2013Q1
cfo,NetCashProvidedByUsedInOperatingActivities,us-gaap,USD,2012-07-01,2013-06-30,28833000000.0,2013,FY,10-K,2013-07-30,0001193125-13-310206,CY2013
cfo,NetCashProvidedByUsedInOperatingActivities,us-gaap,USD,2015-07-01,2016-06-30,33325000000.0,2018,FY,10-K,2018-08-03,0001564590-18-019062,CY2016
cfo,NetCashProvidedByUsedInOperatingActivities,us-gaap,USD,2016-07-01,2016-12-31,17842000000.0,2018,Q2,10-Q,2018-01-31,0001564590-18-001129,
cfo,NetCashProvidedByUsedInOperatingActivities,us-gaap,USD,2016-10-01,2016-12-31,6293000000.0,2018,Q2,10-Q,2018-01-31,0001564590-18-001129,CY2016Q4
cfo,NetCashProvidedByUsedInOperatingActivities,us-gaap,USD,2016-07-01,2017-03-31,28502000000.0,2018,Q3,10-Q,2018-04-26,0001564590-18-009307,
cfo,NetCashProvidedByUsedInOperatingActivities,us-gaap,USD,2017-01-01,2017-03-31,10660000000.0,2018,Q3,10-Q,2018-04-26,0001564590-18-009307,CY2017Q1
cfo,NetCashProvidedByUsedInOperatingActivities,us-gaap,USD,2016-07-01,2017-06-30,39507000000.0,2018,FY,10-K,2018-08-03,0001564590-18-019062,
cfo,NetCashProvidedByUsedInOperatingActivities,us-gaap,USD,2016-07-01,2017-06-30,39507000000.0,2019,FY,10-K,2019-08-01,0001564590-19-027952,CY2017
cfo,NetCashProvidedByUsedInOperatingActivities,us-gaap,USD,2017-07-01,2017-09-30,12440000000.0,2019,Q1,10-Q,2018-10-24,0001564590-18-024893,CY2017Q3
cfo,NetCashProvidedByUsedInOperatingActivities,us-gaap,USD,2017-07-01,2017-12-31,20315000000.0,2018,Q2,10-Q,2018-01-31,0001564590-18-001129,
cfo,NetCashProvidedByUsedInOperatingActivities,us-gaap,USD,2017-10-01,2017-12-31,7875000000.0,2018,Q2,10-Q,2018-01-31,0001564590-18-001129,
cfo,NetCashProvidedByUsedInOperatingActivities,us-gaap,USD,2017-07-01,2017-12-31,20315000000.0,2019,Q2,10-Q,2019-01-30,0001564590-19-001392,
cfo,NetCashProvidedByUsedInOperatingActivities,us-gaap,USD,2017-10-01,2017-12-31,7875000000.0,2019,Q2,10-Q,2019-01-30,0001564590-19-001392,CY2017Q4
cfo,NetCashProvidedByUsedInOperatingActivities,us-gaap,USD,2017-07-01,2018-03-31,32466000000.0,2018,Q3,10-Q,2018-04-26,0001564590-18-009307,
cfo,NetCashProvidedByUsedInOperatingActivities,us-gaap,USD,2018-01-01,2018-03-31,12151000000.0,2018,Q3,10-Q,2018-04-26,0001564590-18-009307,
cfo,NetCashProvidedByUsedInOperatingActivities,us-gaap,USD,2017-07-01,2018-03-31,32466000000.0,2019,Q3,10-Q,2019-04-24,0001564590-19-012709,
cfo,NetCashProvidedByUsedInOperatingActivities,us-gaap,USD,2018-01-01,2018-03-31,12151000000.0,2019,Q3,10-Q,2019-04-24,0001564590-19-012709,CY2018Q1
cfo,NetCashProvidedByUsedInOperatingActivities,us-gaap,USD,2017-07-01,2018-06-30,43884000000.0,2018,FY,10-K,2018-08-03,0001564590-18-019062,
cfo,NetCashProvidedByUsedInOperatingActivities,us-gaap,USD,2017-07-01,2018-06-30,43884000000.0,2019,FY,10-K,2019-08-01,0001564590-19-027952,
cfo,NetCashProvidedByUsedInOperatingActivities,us-gaap,USD,2017-07-01,2018-06-30,43884000000.0,2020,FY,10-K,2020-07-30,0001564590-20-034944,CY2018
cfo,NetCashProvidedByUsedInOperatingActivities,us-gaap,USD,2018-07-01,2018-09-30,13657000000.0,2019,Q1,10-Q,2018-10-24,0001564590-18-024893,
cfo,NetCashProvidedByUsedInOperatingActivities,us-gaap,USD,2018-07-01,2018-09-30,13657000000.0,2020,Q1,10-Q,2019-10-23,0001564590-19-037549,CY2018Q3
cfo,NetCashProvidedByUsedInOperatingActivities,us-gaap,USD,2018-07-01,2018-12-31,22557000000.0,2019,Q2,10-Q,2019-01-30,0001564590-19-001392,
cfo,NetCashProvidedByUsedInOperatingActivities,us-gaap,USD,2018-10-01,2018-12-31,8900000000.0,2019,Q2,10-Q,2019-01-30,0001564590-19-001392,
cfo,NetCashProvidedByUsedInOperatingActivities,us-gaap,USD,2018-07-01,2018-12-31,22557000000.0,2020,Q2,10-Q,2020-01-29,0001564590-20-002450,
cfo,NetCashProvidedByUsedInOperatingActivities,us-gaap,USD,2018-10-01,2018-12-31,8900000000.0,2020,Q2,10-Q,2020-01-29,0001564590-20-002450,CY2018Q4
cfo,NetCashProvidedByUsedInOperatingActivities,us-gaap,USD,2018-07-01,2019-03-31,36077000000.0,2019,Q3,10-Q,2019-04-24,0001564590-19-012709,
cfo,NetCashProvidedByUsedInOperatingActivities,us-gaap,USD,2019-01-01,2019-03-31,13520000000.0,2019,Q3,10-Q,2019-04-24,0001564590-19-012709,
cfo,NetCashProvidedByUsedInOperatingActivities,us-gaap,USD,2018-07-01,2019-03-31,36077000000.0,2020,Q3,10-Q,2020-04-29,0001564590-20-019706,
cfo,NetCashProvidedByUsedInOperatingActivities,us-gaap,USD,2019-01-01,2019-03-31,13520000000.0,2020,Q3,10-Q,2020-04-29,0001564590-20-019706,CY2019Q1
cfo,NetCashProvidedByUsedInOperatingActivities,us-gaap,USD,2018-07-01,2019-06-30,52185000000.0,2019,FY,10-K,2019-08-01,0001564590-19-027952,
cfo,NetCashProvidedByUsedInOperatingActivities,us-gaap,USD,2018-07-01,2019-06-30,52185000000.0,2020,FY,10-K,2020-07-30,0001564590-20-034944,
cfo,NetCashProvidedByUsedInOperatingActivities,us-gaap,USD,2018-07-01,2019-06-30,52185000000.0,2021,FY,10-K,2021-07-29,0001564590-21-039151,CY2019
cfo,NetCashProvidedByUsedInOperatingActivities,us-gaap,USD,2019-07-01,2019-09-30,13818000000.0,2020,Q1,10-Q,2019-10-23,0001564590-19-037549,
cfo,NetCashProvidedByUsedInOperatingActivities,us-gaap,USD,2019-07-01,2019-09-30,13818000000.0,2021,Q1,10-Q,2020-10-27,0001564590-20-047996,CY2019Q3
cfo,NetCashProvidedByUsedInOperatingActivities,us-gaap,USD,2019-07-01,2019-12-31,24498000000.0,2020,Q2,10-Q,2020-01-29,0001564590-20-002450,
cfo,NetCashProvidedByUsedInOperatingActivities,us-gaap,USD,2019-10-01,2019-12-31,10680000000.0,2020,Q2,10-Q,2020-01-29,0001564590-20-002450,
cfo,NetCashProvidedByUsedInOperatingActivities,us-gaap,USD,2019-07-01,2019-12-31,24498000000.0,2021,Q2,10-Q,2021-01-26,0001564590-21-002316,
cfo,NetCashProvidedByUsedInOperatingActivities,us-gaap,USD,2019-10-01,2019-12-31,10680000000.0,2021,Q2,10-Q,2021-01-26,0001564590-21-002316,CY2019Q4
cfo,NetCashProvidedByUsedInOperatingActivities,us-gaap,USD,2019-07-01,2020-03-31,42002000000.0,2020,Q3,10-Q,2020-04-29,0001564590-20-019706,
cfo,NetCashProvidedByUsedInOperatingActivities,us-gaap,USD,2020-01-01,2020-03-31,17504000000.0,2020,Q3,10-Q,2020-04-29,0001564590-20-019706,
cfo,NetCashProvidedByUsedInOperatingActivities,us-gaap,USD,2019-07-01,2020-03-31,42002000000.0,2021,Q3,10-Q,2021-04-27,0001564590-21-020891,
cfo,NetCashProvidedByUsedInOperatingActivities,us-gaap,USD,2020-01-01,2020-03-31,17504000000.0,2021,Q3,10-Q,2021-04-27,0001564590-21-020891,CY2020Q1
cfo,NetCashProvidedByUsedInOperatingActivities,us-gaap,USD,2019-07-01,2020-06-30,60675000000.0,2020,FY,10-K,2020-07-30,0001564590-20-034944,
cfo,NetCashProvidedByUsedInOperatingActivities,us-gaap,USD,2019-07-01,2020-06-30,60675000000.0,2021,FY,10-K,2021-07-29,0001564590-21-039151,
cfo,NetCashProvidedByUsedInOperatingActivities,us-gaap,USD,2019-07-01,2020-06-30,60675000000.0,2022,FY,10-K,2022-07-28,0001564590-22-026876,CY2020
cfo,NetCashProvidedByUsedInOperatingActivities,us-gaap,USD,2020-07-01,2020-09-30,19335000000.0,2021,Q1,10-Q,2020-10-27,0001564590-20-047996,
cfo,NetCashProvidedByUsedInOperatingActivities,us-gaap,USD,2020-07-01,2020-09-30,19335000000.0,2022,Q1,10-Q,2021-10-26,0001564590-21-051992,CY2020Q3
cfo,NetCashProvidedByUsedInOperatingActivities,us-gaap,USD,2020-07-01,2020-12-31,31851000000.0,2021,Q2,10-Q,2021-01-26,0001564590-21-002316,
cfo,NetCashProvidedByUsedInOperatingActivities,us-gaap,USD,2020-10-01,2020-12-31,12516000000.0,2021,Q2,10-Q,2021-01-26,0001564590-21-002316,
cfo,NetCashProvidedByUsedInOperatingActivities,us-gaap,USD,2020-07-01,2020-12-31,31851000000.0,2022,Q2,10-Q,2022-01-25,0001564590-22-002324,
cfo,NetCashProvidedByUsedInOperatingActivities,us-gaap,USD,2020-10-01,2020-12-31,12516000000.0,2022,Q2,10-Q,2022-01-25,0001564590-22-002324,CY2020Q4
cfo,NetCashProvidedByUsedInOperatingActivities,us-gaap,USD,2020-07-01,2021-03-31,54030000000.0,2021,Q3,10-Q,2021-04-27,0001564590-21-020891,
cfo,NetCashProvidedByUsedInOperatingActivities,us-gaap,USD,2021-01-01,2021-03-31,22179000000.0,2021,Q3,10-Q,2021-04-27,0001564590-21-020891,
cfo,NetCashProvidedByUsedInOperatingActivities,us-gaap,USD,2020-07-01,2021-03-31,54030000000.0,2022,Q3,10-Q,2022-04-26,0001564590-22-015675,
cfo,NetCashProvidedByUsedInOperatingActivities,us-gaap,USD,2021-01-01,2021-03-31,22179000000.0,2022,Q3,10-Q,2022-04-26,0001564590-22-015675,CY2021Q1
cfo,NetCashProvidedByUsedInOperatingActivities,us-gaap,USD,2020-07-01,2021-06-30,76740000000.0,2021,FY,10-K,2021-07-29,0001564590-21-039151,
cfo,NetCashProvidedByUsedInOperatingActivities,us-gaap,USD,2020-07-01,2021-06-30,76740000000.0,2022,FY,10-K,2022-07-28,0001564590-22-026876,
cfo,NetCashProvidedByUsedInOperatingActivities,us-gaap,USD,2020-07-01,2021-06-30,76740000000.0,2023,FY,10-K,2023-07-27,0000950170-23-035122,CY2021
cfo,NetCashProvidedByUsedInOperatingActivities,us-gaap,USD,2021-07-01,2021-09-30,24540000000.0,2022,Q1,10-Q,2021-10-26,0001564590-21-051992,
cfo,NetCashProvidedByUsedInOperatingActivities,us-gaap,USD,2021-07-01,2021-09-30,24540000000.0,2023,Q1,10-Q,2022-10-25,0001564590-22-035087,CY2021Q3
cfo,NetCashProvidedByUsedInOperatingActivities,us-gaap,USD,2021-07-01,2021-12-31,39020000000.0,2022,Q2,10-Q,2022-01-25,0001564590-22-002324,
cfo,NetCashProvidedByUsedInOperatingActivities,us-gaap,USD,2021-10-01,2021-12-31,14480000000.0,2022,Q2,10-Q,2022-01-25,0001564590-22-002324,
cfo,NetCashProvidedByUsedInOperatingActivities,us-gaap,USD,2021-07-01,2021-12-31,39020000000.0,2023,Q2,10-Q,2023-01-24,0001564590-23-000733,
cfo,NetCashProvidedByUsedInOperatingActivities,us-gaap,USD,2021-10-01,2021-12-31,14480000000.0,2023,Q2,10-Q,2023-01-24,0001564590-23-000733,CY2021Q4
cfo,NetCashProvidedByUsedInOperatingActivities,us-gaap,USD,2021-07-01,2022-03-31,64406000000.0,2022,Q3,10-Q,2022-04-26,0001564590-22-015675,
cfo,NetCashProvidedByUsedInOperatingActivities,us-gaap,USD,2022-01-01,2022-03-31,25386000000.0,2022,Q3,10-Q,2022-04-26,0001564590-22-015675,
cfo,NetCashProvidedByUsedInOperatingActivities,us-gaap,USD,2021-07-01,2022-03-31,64406000000.0,2023,Q3,10-Q,2023-04-25,0000950170-23-014423,
cfo,NetCashProvidedByUsedInOperatingActivities,us-gaap,USD,2022-01-01,2022-03-31,25386000000.0,2023,Q3,10-Q,2023-04-25,0000950170-23-014423,CY2022Q1
cfo,NetCashProvidedByUsedInOperatingActivities,us-gaap,USD,2021-07-01,2022-06-30,89035000000.0,2022,FY,10-K,2022-07-28,0001564590-22-026876,
cfo,NetCashProvidedByUsedInOperatingActivities,us-gaap,USD,2021-07-01,2022-06-30,89035000000.0,2023,FY,10-K,2023-07-27,0000950170-23-035122,
cfo,NetCashProvidedByUsedInOperatingActivities,us-gaap,USD,2021-07-01,2022-06-30,89035000000.0,2024,FY,10-K,2024-07-30,0000950170-24-087843,
cfo,NetCashProvidedByUsedInOperatingActivities,us-gaap,USD,2021-07-01,2022-06-30,89035000000.0,,,8-K,2024-12-03,0000950170-24-132722,CY2022
cfo,NetCashProvidedByUsedInOperatingActivities,us-gaap,USD,2022-07-01,2022-09-30,23198000000.0,2023,Q1,10-Q,2022-10-25,0001564590-22-035087,
cfo,NetCashProvidedByUsedInOperatingActivities,us-gaap,USD,2022-07-01,2022-09-30,23198000000.0,2024,Q1,10-Q,2023-10-24,0000950170-23-054855,CY2022Q3
cfo,NetCashProvidedByUsedInOperatingActivities,us-gaap,USD,2022-07-01,2022-12-31,34371000000.0,2023,Q2,10-Q,2023-01-24,0001564590-23-000733,
cfo,NetCashProvidedByUsedInOperatingActivities,us-gaap,USD,2022-10-01,2022-12-31,11173000000.0,2023,Q2,10-Q,2023-01-24,0001564590-23-000733,
cfo,NetCashProvidedByUsedInOperatingActivities,us-gaap,USD,2022-07-01,2022-12-31,34371000000.0,2024,Q2,10-Q,2024-01-30,0000950170-24-008814,
cfo,NetCashProvidedByUsedInOperatingActivities,us-gaap,USD,2022-10-01,2022-12-31,11173000000.0,2024,Q2,10-Q,2024-01-30,0000950170-24-008814,CY2022Q4
cfo,NetCashProvidedByUsedInOperatingActivities,us-gaap,USD,2022-07-01,2023-03-31,58812000000.0,2023,Q3,10-Q,2023-04-25,0000950170-23-014423,
cfo,NetCashProvidedByUsedInOperatingActivities,us-gaap,USD,2023-01-01,2023-03-31,24441000000.0,2023,Q3,10-Q,2023-04-25,0000950170-23-014423,
cfo,NetCashProvidedByUsedInOperatingActivities,us-gaap,USD,2022-07-01,2023-03-31,58812000000.0,2024,Q3,10-Q,2024-04-25,0000950170-24-048288,
cfo,NetCashProvidedByUsedInOperatingActivities,us-gaap,USD,2023-01-01,2023-03-31,24441000000.0,2024,Q3,10-Q,2024-04-25,0000950170-24-048288,CY2023Q1
cfo,NetCashProvidedByUsedInOperatingActivities,us-gaap,USD,2022-07-01,2023-06-30,87582000000.0,2023,FY,10-K,2023-07-27,0000950170-23-035122,
cfo,NetCashProvidedByUsedInOperatingActivities,us-gaap,USD,2022-07-01,2023-06-30,87582000000.0,2024,FY,10-K,2024-07-30,0000950170-24-087843,
cfo,NetCashProvidedByUsedInOperatingActivities,us-gaap,USD,2022-07-01,2023-06-30,87582000000.0,,,8-K,2024-12-03,0000950170-24-132722,
cfo,NetCashProvidedByUsedInOperatingActivities,us-gaap,USD,2022-07-01,2023-06-30,87582000000.0,2025,FY,10-K,2025-07-30,0000950170-25-100235,CY2023
cfo,NetCashProvidedByUsedInOperatingActivities,us-gaap,USD,2023-07-01,2023-09-30,30583000000.0,2024,Q1,10-Q,2023-10-24,0000950170-23-054855,
cfo,NetCashProvidedByUsedInOperatingActivities,us-gaap,USD,2023-07-01,2023-09-30,30583000000.0,2025,Q1,10-Q,2024-10-30,0000950170-24-118967,CY2023Q3
cfo,NetCashProvidedByUsedInOperatingActivities,us-gaap,USD,2023-07-01,2023-12-31,49436000000.0,2024,Q2,10-Q,2024-01-30,0000950170-24-008814,
cfo,NetCashProvidedByUsedInOperatingActivities,us-gaap,USD,2023-10-01,2023-12-31,18853000000.0,2024,Q2,10-Q,2024-01-30,0000950170-24-008814,
cfo,NetCashProvidedByUsedInOperatingActivities,us-gaap,USD,2023-07-01,2023-12-31,49436000000.0,2025,Q2,10-Q,2025-01-29,0000950170-25-010491,
cfo,NetCashProvidedByUsedInOperatingActivities,us-gaap,USD,2023-10-01,2023-12-31,18853000000.0,2025,Q2,10-Q,2025-01-29,0000950170-25-010491,CY2023Q4
cfo,NetCashProvidedByUsedInOperatingActivities,us-gaap,USD,2023-07-01,2024-03-31,81353000000.0,2024,Q3,10-Q,2024-04-25,0000950170-24-048288,
cfo,NetCashProvidedByUsedInOperatingActivities,us-gaap,USD,2024-01-01,2024-03-31,31917000000.0,2024,Q3,10-Q,2024-04-25,0000950170-24-048288,
cfo,NetCashProvidedByUsedInOperatingActivities,us-gaap,USD,2023-07-01,2024-03-31,81353000000.0,2025,Q3,10-Q,2025-04-30,0000950170-25-061046,
cfo,NetCashProvidedByUsedInOperatingActivities,us-gaap,USD,2024-01-01,2024-03-31,31917000000.0,2025,Q3,10-Q,2025-04-30,0000950170-25-061046,CY2024Q1
cfo,NetCashProvidedByUsedInOperatingActivities,us-gaap,USD,2023-07-01,2024-06-30,118548000000.0,2024,FY,10-K,2024-07-30,0000950170-24-087843,
cfo,NetCashProvidedByUsedInOperatingActivities,us-gaap,USD,2023-07-01,2024-06-30,118548000000.0,,,8-K,2024-12-03,0000950170-24-132722,
cfo,NetCashProvidedByUsedInOperatingActivities,us-gaap,USD,2023-07-01,2024-06-30,118548000000.0,2025,FY,10-K,2025-07-30,0000950170-25-100235,
cfo,NetCashProvidedByUsedInOperatingActivities,us-gaap,USD,2023-07-01,2024-06-30,118548000000.0,2026,FY,10-K,2026-07-29,0001193125-26-323660,CY2024
cfo,NetCashProvidedByUsedInOperatingActivities,us-gaap,USD,2024-07-01,2024-09-30,34180000000.0,2025,Q1,10-Q,2024-10-30,0000950170-24-118967,
cfo,NetCashProvidedByUsedInOperatingActivities,us-gaap,USD,2024-07-01,2024-09-30,34180000000.0,2026,Q1,10-Q,2025-10-29,0001193125-25-256321,CY2024Q3
cfo,NetCashProvidedByUsedInOperatingActivities,us-gaap,USD,2024-07-01,2024-12-31,56471000000.0,2025,Q2,10-Q,2025-01-29,0000950170-25-010491,
cfo,NetCashProvidedByUsedInOperatingActivities,us-gaap,USD,2024-10-01,2024-12-31,22291000000.0,2025,Q2,10-Q,2025-01-29,0000950170-25-010491,
cfo,NetCashProvidedByUsedInOperatingActivities,us-gaap,USD,2024-07-01,2024-12-31,56471000000.0,2026,Q2,10-Q,2026-01-28,0001193125-26-027207,
cfo,NetCashProvidedByUsedInOperatingActivities,us-gaap,USD,2024-10-01,2024-12-31,22291000000.0,2026,Q2,10-Q,2026-01-28,0001193125-26-027207,CY2024Q4
cfo,NetCashProvidedByUsedInOperatingActivities,us-gaap,USD,2024-07-01,2025-03-31,93515000000.0,2025,Q3,10-Q,2025-04-30,0000950170-25-061046,
cfo,NetCashProvidedByUsedInOperatingActivities,us-gaap,USD,2025-01-01,2025-03-31,37044000000.0,2025,Q3,10-Q,2025-04-30,0000950170-25-061046,
cfo,NetCashProvidedByUsedInOperatingActivities,us-gaap,USD,2024-07-01,2025-03-31,93515000000.0,2026,Q3,10-Q,2026-04-29,0001193125-26-191507,
cfo,NetCashProvidedByUsedInOperatingActivities,us-gaap,USD,2025-01-01,2025-03-31,37044000000.0,2026,Q3,10-Q,2026-04-29,0001193125-26-191507,CY2025Q1
cfo,NetCashProvidedByUsedInOperatingActivities,us-gaap,USD,2024-07-01,2025-06-30,136162000000.0,2025,FY,10-K,2025-07-30,0000950170-25-100235,
cfo,NetCashProvidedByUsedInOperatingActivities,us-gaap,USD,2024-07-01,2025-06-30,136162000000.0,2026,FY,10-K,2026-07-29,0001193125-26-323660,CY2025
cfo,NetCashProvidedByUsedInOperatingActivities,us-gaap,USD,2025-07-01,2025-09-30,45057000000.0,2026,Q1,10-Q,2025-10-29,0001193125-25-256321,CY2025Q3
cfo,NetCashProvidedByUsedInOperatingActivities,us-gaap,USD,2025-07-01,2025-12-31,80815000000.0,2026,Q2,10-Q,2026-01-28,0001193125-26-027207,
cfo,NetCashProvidedByUsedInOperatingActivities,us-gaap,USD,2025-10-01,2025-12-31,35758000000.0,2026,Q2,10-Q,2026-01-28,0001193125-26-027207,CY2025Q4
cfo,NetCashProvidedByUsedInOperatingActivities,us-gaap,USD,2025-07-01,2026-03-31,127494000000.0,2026,Q3,10-Q,2026-04-29,0001193125-26-191507,
cfo,NetCashProvidedByUsedInOperatingActivities,us-gaap,USD,2026-01-01,2026-03-31,46679000000.0,2026,Q3,10-Q,2026-04-29,0001193125-26-191507,CY2026Q1
cfo,NetCashProvidedByUsedInOperatingActivities,us-gaap,USD,2025-07-01,2026-06-30,182935000000.0,2026,FY,10-K,2026-07-29,0001193125-26-323660,CY2026
cost_of_revenue,CostOfGoodsAndServicesSold,us-gaap,USD,2015-07-01,2016-06-30,32780000000.0,2018,FY,10-K,2018-08-03,0001564590-18-019062,CY2016
cost_of_revenue,CostOfGoodsAndServicesSold,us-gaap,USD,2016-07-01,2017-06-30,34261000000.0,2018,FY,10-K,2018-08-03,0001564590-18-019062,
cost_of_revenue,CostOfGoodsAndServicesSold,us-gaap,USD,2016-07-01,2017-06-30,34261000000.0,2019,FY,10-K,2019-08-01,0001564590-19-027952,CY2017
cost_of_revenue,CostOfGoodsAndServicesSold,us-gaap,USD,2017-07-01,2017-09-30,8278000000.0,2019,Q1,10-Q,2018-10-24,0001564590-18-024893,CY2017Q3
cost_of_revenue,CostOfGoodsAndServicesSold,us-gaap,USD,2017-07-01,2017-12-31,19342000000.0,2019,Q2,10-Q,2019-01-30,0001564590-19-001392,
cost_of_revenue,CostOfGoodsAndServicesSold,us-gaap,USD,2017-10-01,2017-12-31,11064000000.0,2019,Q2,10-Q,2019-01-30,0001564590-19-001392,CY2017Q4
cost_of_revenue,CostOfGoodsAndServicesSold,us-gaap,USD,2017-07-01,2018-03-31,28611000000.0,2019,Q3,10-Q,2019-04-24,0001564590-19-012709,
cost_of_revenue,CostOfGoodsAndServicesSold,us-gaap,USD,2018-01-01,2018-03-31,9269000000.0,2019,Q3,10-Q,2019-04-24,0001564590-19-012709,CY2018Q1
cost_of_revenue,CostOfGoodsAndServicesSold,us-gaap,USD,2017-07-01,2018-06-30,38353000000.0,2018,FY,10-K,2018-08-03,0001564590-18-019062,
cost_of_revenue,CostOfGoodsAndServicesSold,us-gaap,USD,2017-07-01,2018-06-30,38353000000.0,2019,FY,10-K,2019-08-01,0001564590-19-027952,
cost_of_revenue,CostOfGoodsAndServicesSold,us-gaap,USD,2017-07-01,2018-06-30,38353000000.0,2020,FY,10-K,2020-07-30,0001564590-20-034944,CY2018
cost_of_revenue,CostOfGoodsAndServicesSold,us-gaap,USD,2018-07-01,2018-09-30,9905000000.0,2019,Q1,10-Q,2018-10-24,0001564590-18-024893,
cost_of_revenue,CostOfGoodsAndServicesSold,us-gaap,USD,2018-07-01,2018-09-30,9905000000.0,2020,Q1,10-Q,2019-10-23,0001564590-19-037549,CY2018Q3
cost_of_revenue,CostOfGoodsAndServicesSold,us-gaap,USD,2018-07-01,2018-12-31,22328000000.0,2019,Q2,10-Q,2019-01-30,0001564590-19-001392,
cost_of_revenue,CostOfGoodsAndServicesSold,us-gaap,USD,2018-10-01,2018-12-31,12423000000.0,2019,Q2,10-Q,2019-01-30,0001564590-19-001392,
cost_of_revenue,CostOfGoodsAndServicesSold,us-gaap,USD,2018-07-01,2018-12-31,22328000000.0,2020,Q2,10-Q,2020-01-29,0001564590-20-002450,
cost_of_revenue,CostOfGoodsAndServicesSold,us-gaap,USD,2018-10-01,2018-12-31,12423000000.0,2020,Q2,10-Q,2020-01-29,0001564590-20-002450,CY2018Q4
cost_of_revenue,CostOfGoodsAndServicesSold,us-gaap,USD,2018-07-01,2019-03-31,32498000000.0,2019,Q3,10-Q,2019-04-24,0001564590-19-012709,
cost_of_revenue,CostOfGoodsAndServicesSold,us-gaap,USD,2019-01-01,2019-03-31,10170000000.0,2019,Q3,10-Q,2019-04-24,0001564590-19-012709,
cost_of_revenue,CostOfGoodsAndServicesSold,us-gaap,USD,2018-07-01,2019-03-31,32498000000.0,2020,Q3,10-Q,2020-04-29,0001564590-20-019706,
cost_of_revenue,CostOfGoodsAndServicesSold,us-gaap,USD,2019-01-01,2019-03-31,10170000000.0,2020,Q3,10-Q,2020-04-29,0001564590-20-019706,CY2019Q1
cost_of_revenue,CostOfGoodsAndServicesSold,us-gaap,USD,2018-07-01,2019-06-30,42910000000.0,2019,FY,10-K,2019-08-01,0001564590-19-027952,
cost_of_revenue,CostOfGoodsAndServicesSold,us-gaap,USD,2018-07-01,2019-06-30,42910000000.0,2020,FY,10-K,2020-07-30,0001564590-20-034944,
cost_of_revenue,CostOfGoodsAndServicesSold,us-gaap,USD,2018-07-01,2019-06-30,42910000000.0,2021,FY,10-K,2021-07-29,0001564590-21-039151,CY2019
cost_of_revenue,CostOfGoodsAndServicesSold,us-gaap,USD,2019-07-01,2019-09-30,10406000000.0,2020,Q1,10-Q,2019-10-23,0001564590-19-037549,
cost_of_revenue,CostOfGoodsAndServicesSold,us-gaap,USD,2019-07-01,2019-09-30,10406000000.0,2021,Q1,10-Q,2020-10-27,0001564590-20-047996,CY2019Q3
cost_of_revenue,CostOfGoodsAndServicesSold,us-gaap,USD,2019-07-01,2019-12-31,22764000000.0,2020,Q2,10-Q,2020-01-29,0001564590-20-002450,
cost_of_revenue,CostOfGoodsAndServicesSold,us-gaap,USD,2019-10-01,2019-12-31,12358000000.0,2020,Q2,10-Q,2020-01-29,0001564590-20-002450,
cost_of_revenue,CostOfGoodsAndServicesSold,us-gaap,USD,2019-07-01,2019-12-31,22764000000.0,2021,Q2,10-Q,2021-01-26,0001564590-21-002316,
cost_of_revenue,CostOfGoodsAndServicesSold,us-gaap,USD,2019-10-01,2019-12-31,12358000000.0,2021,Q2,10-Q,2021-01-26,0001564590-21-002316,CY2019Q4
cost_of_revenue,CostOfGoodsAndServicesSold,us-gaap,USD,2019-07-01,2020-03-31,33739000000.0,2020,Q3,10-Q,2020-04-29,0001564590-20-019706,
cost_of_revenue,CostOfGoodsAndServicesSold,us-gaap,USD,2020-01-01,2020-03-31,10975000000.0,2020,Q3,10-Q,2020-04-29,0001564590-20-019706,
cost_of_revenue,CostOfGoodsAndServicesSold,us-gaap,USD,2019-07-01,2020-03-31,33739000000.0,2021,Q3,10-Q,2021-04-27,0001564590-21-020891,
cost_of_revenue,CostOfGoodsAndServicesSold,us-gaap,USD,2020-01-01,2020-03-31,10975000000.0,2021,Q3,10-Q,2021-04-27,0001564590-21-020891,CY2020Q1
cost_of_revenue,CostOfGoodsAndServicesSold,us-gaap,USD,2019-07-01,2020-06-30,46078000000.0,2020,FY,10-K,2020-07-30,0001564590-20-034944,
cost_of_revenue,CostOfGoodsAndServicesSold,us-gaap,USD,2019-07-01,2020-06-30,46078000000.0,2021,FY,10-K,2021-07-29,0001564590-21-039151,
cost_of_revenue,CostOfGoodsAndServicesSold,us-gaap,USD,2019-07-01,2020-06-30,46078000000.0,2022,FY,10-K,2022-07-28,0001564590-22-026876,CY2020
cost_of_revenue,CostOfGoodsAndServicesSold,us-gaap,USD,2020-07-01,2020-09-30,11002000000.0,2021,Q1,10-Q,2020-10-27,0001564590-20-047996,
cost_of_revenue,CostOfGoodsAndServicesSold,us-gaap,USD,2020-07-01,2020-09-30,11002000000.0,2022,Q1,10-Q,2021-10-26,0001564590-21-051992,CY2020Q3
cost_of_revenue,CostOfGoodsAndServicesSold,us-gaap,USD,2020-07-01,2020-12-31,25196000000.0,2021,Q2,10-Q,2021-01-26,0001564590-21-002316,
cost_of_revenue,CostOfGoodsAndServicesSold,us-gaap,USD,2020-10-01,2020-12-31,14194000000.0,2021,Q2,10-Q,2021-01-26,0001564590-21-002316,
cost_of_revenue,CostOfGoodsAndServicesSold,us-gaap,USD,2020-07-01,2020-12-31,25196000000.0,2022,Q2,10-Q,2022-01-25,0001564590-22-002324,
cost_of_revenue,CostOfGoodsAndServicesSold,us-gaap,USD,2020-10-01,2020-12-31,14194000000.0,2022,Q2,10-Q,2022-01-25,0001564590-22-002324,CY2020Q4
cost_of_revenue,CostOfGoodsAndServicesSold,us-gaap,USD,2020-07-01,2021-03-31,38241000000.0,2021,Q3,10-Q,2021-04-27,0001564590-21-020891,
cost_of_revenue,CostOfGoodsAndServicesSold,us-gaap,USD,2021-01-01,2021-03-31,13045000000.0,2021,Q3,10-Q,2021-04-27,0001564590-21-020891,
cost_of_revenue,CostOfGoodsAndServicesSold,us-gaap,USD,2020-07-01,2021-03-31,38241000000.0,2022,Q3,10-Q,2022-04-26,0001564590-22-015675,
cost_of_revenue,CostOfGoodsAndServicesSold,us-gaap,USD,2021-01-01,2021-03-31,13045000000.0,2022,Q3,10-Q,2022-04-26,0001564590-22-015675,CY2021Q1
cost_of_revenue,CostOfGoodsAndServicesSold,us-gaap,USD,2020-07-01,2021-06-30,52232000000.0,2021,FY,10-K,2021-07-29,0001564590-21-039151,
cost_of_revenue,CostOfGoodsAndServicesSold,us-gaap,USD,2020-07-01,2021-06-30,52232000000.0,2022,FY,10-K,2022-07-28,0001564590-22-026876,
cost_of_revenue,CostOfGoodsAndServicesSold,us-gaap,USD,2020-07-01,2021-06-30,52232000000.0,2023,FY,10-K,2023-07-27,0000950170-23-035122,CY2021
cost_of_revenue,CostOfGoodsAndServicesSold,us-gaap,USD,2021-07-01,2021-09-30,13646000000.0,2022,Q1,10-Q,2021-10-26,0001564590-21-051992,
cost_of_revenue,CostOfGoodsAndServicesSold,us-gaap,USD,2021-07-01,2021-09-30,13646000000.0,2023,Q1,10-Q,2022-10-25,0001564590-22-035087,CY2021Q3
cost_of_revenue,CostOfGoodsAndServicesSold,us-gaap,USD,2021-07-01,2021-12-31,30606000000.0,2022,Q2,10-Q,2022-01-25,0001564590-22-002324,
cost_of_revenue,CostOfGoodsAndServicesSold,us-gaap,USD,2021-10-01,2021-12-31,16960000000.0,2022,Q2,10-Q,2022-01-25,0001564590-22-002324,
cost_of_revenue,CostOfGoodsAndServicesSold,us-gaap,USD,2021-07-01,2021-12-31,30606000000.0,2023,Q2,10-Q,2023-01-24,0001564590-23-000733,
cost_of_revenue,CostOfGoodsAndServicesSold,us-gaap,USD,2021-10-01,2021-12-31,16960000000.0,2023,Q2,10-Q,2023-01-24,0001564590-23-000733,CY2021Q4
cost_of_revenue,CostOfGoodsAndServicesSold,us-gaap,USD,2021-07-01,2022-03-31,46221000000.0,2022,Q3,10-Q,2022-04-26,0001564590-22-015675,
cost_of_revenue,CostOfGoodsAndServicesSold,us-gaap,USD,2022-01-01,2022-03-31,15615000000.0,2022,Q3,10-Q,2022-04-26,0001564590-22-015675,
cost_of_revenue,CostOfGoodsAndServicesSold,us-gaap,USD,2021-07-01,2022-03-31,46221000000.0,2023,Q3,10-Q,2023-04-25,0000950170-23-014423,
cost_of_revenue,CostOfGoodsAndServicesSold,us-gaap,USD,2022-01-01,2022-03-31,15615000000.0,2023,Q3,10-Q,2023-04-25,0000950170-23-014423,CY2022Q1
cost_of_revenue,CostOfGoodsAndServicesSold,us-gaap,USD,2021-07-01,2022-06-30,62650000000.0,2022,FY,10-K,2022-07-28,0001564590-22-026876,
cost_of_revenue,CostOfGoodsAndServicesSold,us-gaap,USD,2021-07-01,2022-06-30,62650000000.0,2023,FY,10-K,2023-07-27,0000950170-23-035122,
cost_of_revenue,CostOfGoodsAndServicesSold,us-gaap,USD,2021-07-01,2022-06-30,62650000000.0,2024,FY,10-K,2024-07-30,0000950170-24-087843,
cost_of_revenue,CostOfGoodsAndServicesSold,us-gaap,USD,2021-07-01,2022-06-30,62650000000.0,,,8-K,2024-12-03,0000950170-24-132722,CY2022
cost_of_revenue,CostOfGoodsAndServicesSold,us-gaap,USD,2022-07-01,2022-09-30,15452000000.0,2023,Q1,10-Q,2022-10-25,0001564590-22-035087,
cost_of_revenue,CostOfGoodsAndServicesSold,us-gaap,USD,2022-07-01,2022-09-30,15452000000.0,2024,Q1,10-Q,2023-10-24,0000950170-23-054855,CY2022Q3
cost_of_revenue,CostOfGoodsAndServicesSold,us-gaap,USD,2022-07-01,2022-12-31,32940000000.0,2023,Q2,10-Q,2023-01-24,0001564590-23-000733,
cost_of_revenue,CostOfGoodsAndServicesSold,us-gaap,USD,2022-10-01,2022-12-31,17488000000.0,2023,Q2,10-Q,2023-01-24,0001564590-23-000733,
cost_of_revenue,CostOfGoodsAndServicesSold,us-gaap,USD,2022-07-01,2022-12-31,32940000000.0,2024,Q2,10-Q,2024-01-30,0000950170-24-008814,
cost_of_revenue,CostOfGoodsAndServicesSold,us-gaap,USD,2022-10-01,2022-12-31,17488000000.0,2024,Q2,10-Q,2024-01-30,0000950170-24-008814,CY2022Q4
cost_of_revenue,CostOfGoodsAndServicesSold,us-gaap,USD,2022-07-01,2023-03-31,49068000000.0,2023,Q3,10-Q,2023-04-25,0000950170-23-014423,
cost_of_revenue,CostOfGoodsAndServicesSold,us-gaap,USD,2023-01-01,2023-03-31,16128000000.0,2023,Q3,10-Q,2023-04-25,0000950170-23-014423,
cost_of_revenue,CostOfGoodsAndServicesSold,us-gaap,USD,2022-07-01,2023-03-31,49068000000.0,2024,Q3,10-Q,2024-04-25,0000950170-24-048288,
cost_of_revenue,CostOfGoodsAndServicesSold,us-gaap,USD,2023-01-01,2023-03-31,16128000000.0,2024,Q3,10-Q,2024-04-25,0000950170-24-048288,CY2023Q1
cost_of_revenue,CostOfGoodsAndServicesSold,us-gaap,USD,2022-07-01,2023-06-30,65863000000.0,2023,FY,10-K,2023-07-27,0000950170-23-035122,
cost_of_revenue,CostOfGoodsAndServicesSold,us-gaap,USD,2022-07-01,2023-06-30,65863000000.0,2024,FY,10-K,2024-07-30,0000950170-24-087843,
cost_of_revenue,CostOfGoodsAndServicesSold,us-gaap,USD,2022-07-01,2023-06-30,65863000000.0,,,8-K,2024-12-03,0000950170-24-132722,
cost_of_revenue,CostOfGoodsAndServicesSold,us-gaap,USD,2022-07-01,2023-06-30,65863000000.0,2025,FY,10-K,2025-07-30,0000950170-25-100235,CY2023
cost_of_revenue,CostOfGoodsAndServicesSold,us-gaap,USD,2023-07-01,2023-09-30,16302000000.0,2024,Q1,10-Q,2023-10-24,0000950170-23-054855,
cost_of_revenue,CostOfGoodsAndServicesSold,us-gaap,USD,2023-07-01,2023-09-30,16302000000.0,2025,Q1,10-Q,2024-10-30,0000950170-24-118967,CY2023Q3
cost_of_revenue,CostOfGoodsAndServicesSold,us-gaap,USD,2023-07-01,2023-12-31,35925000000.0,2024,Q2,10-Q,2024-01-30,0000950170-24-008814,
cost_of_revenue,CostOfGoodsAndServicesSold,us-gaap,USD,2023-10-01,2023-12-31,19623000000.0,2024,Q2,10-Q,2024-01-30,0000950170-24-008814,
cost_of_revenue,CostOfGoodsAndServicesSold,us-gaap,USD,2023-07-01,2023-12-31,35925000000.0,2025,Q2,10-Q,2025-01-29,0000950170-25-010491,
cost_of_revenue,CostOfGoodsAndServicesSold,us-gaap,USD,2023-10-01,2023-12-31,19623000000.0,2025,Q2,10-Q,2025-01-29,0000950170-25-010491,CY2023Q4
cost_of_revenue,CostOfGoodsAndServicesSold,us-gaap,USD,2023-07-01,2024-03-31,54430000000.0,2024,Q3,10-Q,2024-04-25,0000950170-24-048288,
cost_of_revenue,CostOfGoodsAndServicesSold,us-gaap,USD,2024-01-01,2024-03-31,18505000000.0,2024,Q3,10-Q,2024-04-25,0000950170-24-048288,
cost_of_revenue,CostOfGoodsAndServicesSold,us-gaap,USD,2023-07-01,2024-03-31,54430000000.0,2025,Q3,10-Q,2025-04-30,0000950170-25-061046,
cost_of_revenue,CostOfGoodsAndServicesSold,us-gaap,USD,2024-01-01,2024-03-31,18505000000.0,2025,Q3,10-Q,2025-04-30,0000950170-25-061046,CY2024Q1
cost_of_revenue,CostOfGoodsAndServicesSold,us-gaap,USD,2023-07-01,2024-06-30,74114000000.0,2024,FY,10-K,2024-07-30,0000950170-24-087843,
cost_of_revenue,CostOfGoodsAndServicesSold,us-gaap,USD,2023-07-01,2024-06-30,74114000000.0,,,8-K,2024-12-03,0000950170-24-132722,
cost_of_revenue,CostOfGoodsAndServicesSold,us-gaap,USD,2023-07-01,2024-06-30,74114000000.0,2025,FY,10-K,2025-07-30,0000950170-25-100235,
cost_of_revenue,CostOfGoodsAndServicesSold,us-gaap,USD,2023-07-01,2024-06-30,74114000000.0,2026,FY,10-K,2026-07-29,0001193125-26-323660,CY2024
cost_of_revenue,CostOfGoodsAndServicesSold,us-gaap,USD,2024-07-01,2024-09-30,20099000000.0,2025,Q1,10-Q,2024-10-30,0000950170-24-118967,
cost_of_revenue,CostOfGoodsAndServicesSold,us-gaap,USD,2024-07-01,2024-09-30,20099000000.0,2026,Q1,10-Q,2025-10-29,0001193125-25-256321,CY2024Q3
cost_of_revenue,CostOfGoodsAndServicesSold,us-gaap,USD,2024-07-01,2024-12-31,41898000000.0,2025,Q2,10-Q,2025-01-29,0000950170-25-010491,
cost_of_revenue,CostOfGoodsAndServicesSold,us-gaap,USD,2024-10-01,2024-12-31,21799000000.0,2025,Q2,10-Q,2025-01-29,0000950170-25-010491,
cost_of_revenue,CostOfGoodsAndServicesSold,us-gaap,USD,2024-07-01,2024-12-31,41898000000.0,2026,Q2,10-Q,2026-01-28,0001193125-26-027207,
cost_of_revenue,CostOfGoodsAndServicesSold,us-gaap,USD,2024-10-01,2024-12-31,21799000000.0,2026,Q2,10-Q,2026-01-28,0001193125-26-027207,CY2024Q4
cost_of_revenue,CostOfGoodsAndServicesSold,us-gaap,USD,2024-07-01,2025-03-31,63817000000.0,2025,Q3,10-Q,2025-04-30,0000950170-25-061046,
cost_of_revenue,CostOfGoodsAndServicesSold,us-gaap,USD,2025-01-01,2025-03-31,21919000000.0,2025,Q3,10-Q,2025-04-30,0000950170-25-061046,
cost_of_revenue,CostOfGoodsAndServicesSold,us-gaap,USD,2024-07-01,2025-03-31,63817000000.0,2026,Q3,10-Q,2026-04-29,0001193125-26-191507,
cost_of_revenue,CostOfGoodsAndServicesSold,us-gaap,USD,2025-01-01,2025-03-31,21919000000.0,2026,Q3,10-Q,2026-04-29,0001193125-26-191507,CY2025Q1
cost_of_revenue,CostOfGoodsAndServicesSold,us-gaap,USD,2024-07-01,2025-06-30,87831000000.0,2025,FY,10-K,2025-07-30,0000950170-25-100235,
cost_of_revenue,CostOfGoodsAndServicesSold,us-gaap,USD,2024-07-01,2025-06-30,87831000000.0,2026,FY,10-K,2026-07-29,0001193125-26-323660,CY2025
cost_of_revenue,CostOfGoodsAndServicesSold,us-gaap,USD,2025-07-01,2025-09-30,24043000000.0,2026,Q1,10-Q,2025-10-29,0001193125-25-256321,CY2025Q3
cost_of_revenue,CostOfGoodsAndServicesSold,us-gaap,USD,2025-07-01,2025-12-31,50021000000.0,2026,Q2,10-Q,2026-01-28,0001193125-26-027207,
cost_of_revenue,CostOfGoodsAndServicesSold,us-gaap,USD,2025-10-01,2025-12-31,25978000000.0,2026,Q2,10-Q,2026-01-28,0001193125-26-027207,CY2025Q4
cost_of_revenue,CostOfGoodsAndServicesSold,us-gaap,USD,2025-07-01,2026-03-31,76849000000.0,2026,Q3,10-Q,2026-04-29,0001193125-26-191507,
cost_of_revenue,CostOfGoodsAndServicesSold,us-gaap,USD,2026-01-01,2026-03-31,26828000000.0,2026,Q3,10-Q,2026-04-29,0001193125-26-191507,CY2026Q1
cost_of_revenue,CostOfGoodsAndServicesSold,us-gaap,USD,2025-07-01,2026-06-30,106374000000.0,2026,FY,10-K,2026-07-29,0001193125-26-323660,CY2026
d_and_a,Depreciation,us-gaap,USD,2007-07-01,2008-06-30,1400000000.0,2010,FY,10-K,2010-07-30,0001193125-10-171791,CY2008
d_and_a,Depreciation,us-gaap,USD,2008-07-01,2009-06-30,1700000000.0,2010,FY,10-K,2010-07-30,0001193125-10-171791,
d_and_a,Depreciation,us-gaap,USD,2008-07-01,2009-06-30,1700000000.0,2011,FY,10-K,2011-07-28,0001193125-11-200680,CY2009
d_and_a,Depreciation,us-gaap,USD,2009-07-01,2010-06-30,1800000000.0,2010,FY,10-K,2010-07-30,0001193125-10-171791,
d_and_a,Depreciation,us-gaap,USD,2009-07-01,2010-06-30,1800000000.0,2011,FY,10-K,2011-07-28,0001193125-11-200680,
d_and_a,Depreciation,us-gaap,USD,2009-07-01,2010-06-30,1800000000.0,2012,FY,10-K,2012-07-26,0001193125-12-316848,CY2010
d_and_a,Depreciation,us-gaap,USD,2010-07-01,2011-06-30,2000000000.0,2011,FY,10-K,2011-07-28,0001193125-11-200680,
d_and_a,Depreciation,us-gaap,USD,2010-07-01,2011-06-30,2000000000.0,2012,FY,10-K,2012-07-26,0001193125-12-316848,
d_and_a,Depreciation,us-gaap,USD,2010-07-01,2011-06-30,2000000000.0,2013,FY,10-K,2013-07-30,0001193125-13-310206,
d_and_a,Depreciation,us-gaap,USD,2010-07-01,2011-06-30,2000000000.0,2013,FY,8-K,2013-11-26,0001193125-13-455144,CY2011
d_and_a,Depreciation,us-gaap,USD,2011-07-01,2012-06-30,2200000000.0,2012,FY,10-K,2012-07-26,0001193125-12-316848,
d_and_a,Depreciation,us-gaap,USD,2011-07-01,2012-06-30,2200000000.0,2013,FY,10-K,2013-07-30,0001193125-13-310206,
d_and_a,Depreciation,us-gaap,USD,2011-07-01,2012-06-30,2200000000.0,2013,FY,8-K,2013-11-26,0001193125-13-455144,
d_and_a,Depreciation,us-gaap,USD,2011-07-01,2012-06-30,2200000000.0,2014,FY,10-K,2014-07-31,0001193125-14-289961,CY2012
d_and_a,Depreciation,us-gaap,USD,2012-07-01,2013-06-30,2600000000.0,2013,FY,10-K,2013-07-30,0001193125-13-310206,
d_and_a,Depreciation,us-gaap,USD,2012-07-01,2013-06-30,2600000000.0,2013,FY,8-K,2013-11-26,0001193125-13-455144,
d_and_a,Depreciation,us-gaap,USD,2012-07-01,2013-06-30,2600000000.0,2014,FY,10-K,2014-07-31,0001193125-14-289961,
d_and_a,Depreciation,us-gaap,USD,2012-07-01,2013-06-30,2600000000.0,2015,FY,10-K,2015-07-31,0001193125-15-272806,
d_and_a,Depreciation,us-gaap,USD,2012-07-01,2013-06-30,2600000000.0,,,8-K,2015-10-27,0001193125-15-353706,CY2013
d_and_a,Depreciation,us-gaap,USD,2013-07-01,2014-06-30,3400000000.0,2014,FY,10-K,2014-07-31,0001193125-14-289961,
d_and_a,Depreciation,us-gaap,USD,2013-07-01,2014-06-30,3400000000.0,2015,FY,10-K,2015-07-31,0001193125-15-272806,
d_and_a,Depreciation,us-gaap,USD,2013-07-01,2014-06-30,3400000000.0,,,8-K,2015-10-27,0001193125-15-353706,
d_and_a,Depreciation,us-gaap,USD,2013-07-01,2014-06-30,3400000000.0,2016,FY,10-K,2016-07-28,0001193125-16-662209,CY2014
d_and_a,Depreciation,us-gaap,USD,2014-07-01,2015-06-30,4100000000.0,2015,FY,10-K,2015-07-31,0001193125-15-272806,
d_and_a,Depreciation,us-gaap,USD,2014-07-01,2015-06-30,4100000000.0,,,8-K,2015-10-27,0001193125-15-353706,
d_and_a,Depreciation,us-gaap,USD,2014-07-01,2015-06-30,4100000000.0,2016,FY,10-K,2016-07-28,0001193125-16-662209,
d_and_a,Depreciation,us-gaap,USD,2014-07-01,2015-06-30,4100000000.0,2017,FY,10-K,2017-08-02,0001564590-17-014900,CY2015
d_and_a,Depreciation,us-gaap,USD,2015-07-01,2016-06-30,4900000000.0,2016,FY,10-K,2016-07-28,0001193125-16-662209,
d_and_a,Depreciation,us-gaap,USD,2015-07-01,2016-06-30,4900000000.0,2017,FY,10-K,2017-08-02,0001564590-17-014900,
d_and_a,Depreciation,us-gaap,USD,2015-07-01,2016-06-30,4900000000.0,2018,FY,10-K,2018-08-03,0001564590-18-019062,CY2016
d_and_a,Depreciation,us-gaap,USD,2016-07-01,2017-06-30,6100000000.0,2017,FY,10-K,2017-08-02,0001564590-17-014900,
d_and_a,Depreciation,us-gaap,USD,2016-07-01,2017-06-30,6100000000.0,2018,FY,10-K,2018-08-03,0001564590-18-019062,
d_and_a,Depreciation,us-gaap,USD,2016-07-01,2017-06-30,6100000000.0,2019,FY,10-K,2019-08-01,0001564590-19-027952,CY2017
d_and_a,Depreciation,us-gaap,USD,2017-07-01,2018-06-30,7700000000.0,2018,FY,10-K,2018-08-03,0001564590-18-019062,
d_and_a,Depreciation,us-gaap,USD,2017-07-01,2018-06-30,7700000000.0,2019,FY,10-K,2019-08-01,0001564590-19-027952,
d_and_a,Depreciation,us-gaap,USD,2017-07-01,2018-06-30,7700000000.0,2020,FY,10-K,2020-07-30,0001564590-20-034944,CY2018
d_and_a,Depreciation,us-gaap,USD,2018-07-01,2019-06-30,9700000000.0,2019,FY,10-K,2019-08-01,0001564590-19-027952,
d_and_a,Depreciation,us-gaap,USD,2018-07-01,2019-06-30,9700000000.0,2020,FY,10-K,2020-07-30,0001564590-20-034944,
d_and_a,Depreciation,us-gaap,USD,2018-07-01,2019-06-30,9700000000.0,2021,FY,10-K,2021-07-29,0001564590-21-039151,CY2019
d_and_a,Depreciation,us-gaap,USD,2019-07-01,2020-06-30,10700000000.0,2020,FY,10-K,2020-07-30,0001564590-20-034944,
d_and_a,Depreciation,us-gaap,USD,2019-07-01,2020-06-30,10700000000.0,2021,FY,10-K,2021-07-29,0001564590-21-039151,
d_and_a,Depreciation,us-gaap,USD,2019-07-01,2020-06-30,10700000000.0,2022,FY,10-K,2022-07-28,0001564590-22-026876,CY2020
d_and_a,Depreciation,us-gaap,USD,2020-07-01,2021-06-30,9300000000.0,2021,FY,10-K,2021-07-29,0001564590-21-039151,
d_and_a,Depreciation,us-gaap,USD,2020-07-01,2021-06-30,9300000000.0,2022,FY,10-K,2022-07-28,0001564590-22-026876,
d_and_a,Depreciation,us-gaap,USD,2020-07-01,2021-06-30,9300000000.0,2023,FY,10-K,2023-07-27,0000950170-23-035122,CY2021
d_and_a,Depreciation,us-gaap,USD,2021-07-01,2022-06-30,12600000000.0,2022,FY,10-K,2022-07-28,0001564590-22-026876,
d_and_a,Depreciation,us-gaap,USD,2021-07-01,2022-06-30,12600000000.0,2023,FY,10-K,2023-07-27,0000950170-23-035122,
d_and_a,Depreciation,us-gaap,USD,2021-07-01,2022-06-30,12600000000.0,2024,FY,10-K,2024-07-30,0000950170-24-087843,
d_and_a,Depreciation,us-gaap,USD,2021-07-01,2022-06-30,12600000000.0,,,8-K,2024-12-03,0000950170-24-132722,CY2022
d_and_a,Depreciation,us-gaap,USD,2022-07-01,2023-06-30,11000000000.0,2023,FY,10-K,2023-07-27,0000950170-23-035122,
d_and_a,Depreciation,us-gaap,USD,2022-07-01,2023-06-30,11000000000.0,2024,FY,10-K,2024-07-30,0000950170-24-087843,
d_and_a,Depreciation,us-gaap,USD,2022-07-01,2023-06-30,11000000000.0,,,8-K,2024-12-03,0000950170-24-132722,
d_and_a,Depreciation,us-gaap,USD,2022-07-01,2023-06-30,11000000000.0,2025,FY,10-K,2025-07-30,0000950170-25-100235,CY2023
d_and_a,Depreciation,us-gaap,USD,2023-07-01,2024-06-30,15200000000.0,2024,FY,10-K,2024-07-30,0000950170-24-087843,
d_and_a,Depreciation,us-gaap,USD,2023-07-01,2024-06-30,15200000000.0,,,8-K,2024-12-03,0000950170-24-132722,
d_and_a,Depreciation,us-gaap,USD,2023-07-01,2024-06-30,15200000000.0,2025,FY,10-K,2025-07-30,0000950170-25-100235,
d_and_a,Depreciation,us-gaap,USD,2023-07-01,2024-06-30,15200000000.0,2026,FY,10-K,2026-07-29,0001193125-26-323660,CY2024
d_and_a,Depreciation,us-gaap,USD,2024-07-01,2024-09-30,4700000000.0,2026,Q1,10-Q,2025-10-29,0001193125-25-256321,CY2024Q3
d_and_a,Depreciation,us-gaap,USD,2024-07-01,2024-12-31,9900000000.0,2026,Q2,10-Q,2026-01-28,0001193125-26-027207,
d_and_a,Depreciation,us-gaap,USD,2024-10-01,2024-12-31,5200000000.0,2026,Q2,10-Q,2026-01-28,0001193125-26-027207,CY2024Q4
d_and_a,Depreciation,us-gaap,USD,2024-07-01,2025-03-31,15700000000.0,2026,Q3,10-Q,2026-04-29,0001193125-26-191507,
d_and_a,Depreciation,us-gaap,USD,2025-01-01,2025-03-31,5800000000.0,2026,Q3,10-Q,2026-04-29,0001193125-26-191507,CY2025Q1
d_and_a,Depreciation,us-gaap,USD,2024-07-01,2025-06-30,22000000000.0,2025,FY,10-K,2025-07-30,0000950170-25-100235,
d_and_a,Depreciation,us-gaap,USD,2024-07-01,2025-06-30,22000000000.0,2026,FY,10-K,2026-07-29,0001193125-26-323660,CY2025
d_and_a,Depreciation,us-gaap,USD,2025-07-01,2025-09-30,7100000000.0,2026,Q1,10-Q,2025-10-29,0001193125-25-256321,CY2025Q3
d_and_a,Depreciation,us-gaap,USD,2025-07-01,2025-12-31,15000000000.0,2026,Q2,10-Q,2026-01-28,0001193125-26-027207,
d_and_a,Depreciation,us-gaap,USD,2025-10-01,2025-12-31,7900000000.0,2026,Q2,10-Q,2026-01-28,0001193125-26-027207,CY2025Q4
d_and_a,Depreciation,us-gaap,USD,2025-07-01,2026-03-31,24000000000.0,2026,Q3,10-Q,2026-04-29,0001193125-26-191507,
d_and_a,Depreciation,us-gaap,USD,2026-01-01,2026-03-31,9000000000.0,2026,Q3,10-Q,2026-04-29,0001193125-26-191507,CY2026Q1
d_and_a,Depreciation,us-gaap,USD,2025-07-01,2026-06-30,34300000000.0,2026,FY,10-K,2026-07-29,0001193125-26-323660,CY2026
interest_expense,InterestExpenseNonoperating,us-gaap,USD,2022-07-01,2023-06-30,1968000000.0,2025,FY,10-K,2025-07-30,0000950170-25-100235,CY2023
interest_expense,InterestExpenseNonoperating,us-gaap,USD,2023-07-01,2023-09-30,525000000.0,2025,Q1,10-Q,2024-10-30,0000950170-24-118967,CY2023Q3
interest_expense,InterestExpenseNonoperating,us-gaap,USD,2023-07-01,2023-12-31,1434000000.0,2025,Q2,10-Q,2025-01-29,0000950170-25-010491,
interest_expense,InterestExpenseNonoperating,us-gaap,USD,2023-10-01,2023-12-31,909000000.0,2025,Q2,10-Q,2025-01-29,0000950170-25-010491,CY2023Q4
interest_expense,InterestExpenseNonoperating,us-gaap,USD,2023-07-01,2024-03-31,2234000000.0,2025,Q3,10-Q,2025-04-30,0000950170-25-061046,
interest_expense,InterestExpenseNonoperating,us-gaap,USD,2024-01-01,2024-03-31,800000000.0,2025,Q3,10-Q,2025-04-30,0000950170-25-061046,CY2024Q1
interest_expense,InterestExpenseNonoperating,us-gaap,USD,2023-07-01,2024-06-30,2935000000.0,2025,FY,10-K,2025-07-30,0000950170-25-100235,
interest_expense,InterestExpenseNonoperating,us-gaap,USD,2023-07-01,2024-06-30,2935000000.0,2026,FY,10-K,2026-07-29,0001193125-26-323660,CY2024
interest_expense,InterestExpenseNonoperating,us-gaap,USD,2024-07-01,2024-09-30,582000000.0,2025,Q1,10-Q,2024-10-30,0000950170-24-118967,
interest_expense,InterestExpenseNonoperating,us-gaap,USD,2024-07-01,2024-09-30,582000000.0,2026,Q1,10-Q,2025-10-29,0001193125-25-256321,CY2024Q3
interest_expense,InterestExpenseNonoperating,us-gaap,USD,2024-07-01,2024-12-31,1176000000.0,2025,Q2,10-Q,2025-01-29,0000950170-25-010491,
interest_expense,InterestExpenseNonoperating,us-gaap,USD,2024-10-01,2024-12-31,594000000.0,2025,Q2,10-Q,2025-01-29,0000950170-25-010491,
interest_expense,InterestExpenseNonoperating,us-gaap,USD,2024-07-01,2024-12-31,1176000000.0,2026,Q2,10-Q,2026-01-28,0001193125-26-027207,
interest_expense,InterestExpenseNonoperating,us-gaap,USD,2024-10-01,2024-12-31,594000000.0,2026,Q2,10-Q,2026-01-28,0001193125-26-027207,CY2024Q4
interest_expense,InterestExpenseNonoperating,us-gaap,USD,2024-07-01,2025-03-31,1770000000.0,2025,Q3,10-Q,2025-04-30,0000950170-25-061046,
interest_expense,InterestExpenseNonoperating,us-gaap,USD,2025-01-01,2025-03-31,594000000.0,2025,Q3,10-Q,2025-04-30,0000950170-25-061046,
interest_expense,InterestExpenseNonoperating,us-gaap,USD,2024-07-01,2025-03-31,1770000000.0,2026,Q3,10-Q,2026-04-29,0001193125-26-191507,
interest_expense,InterestExpenseNonoperating,us-gaap,USD,2025-01-01,2025-03-31,594000000.0,2026,Q3,10-Q,2026-04-29,0001193125-26-191507,CY2025Q1
interest_expense,InterestExpenseNonoperating,us-gaap,USD,2024-07-01,2025-06-30,2385000000.0,2025,FY,10-K,2025-07-30,0000950170-25-100235,
interest_expense,InterestExpenseNonoperating,us-gaap,USD,2024-07-01,2025-06-30,2385000000.0,2026,FY,10-K,2026-07-29,0001193125-26-323660,CY2025
interest_expense,InterestExpenseNonoperating,us-gaap,USD,2025-07-01,2025-09-30,698000000.0,2026,Q1,10-Q,2025-10-29,0001193125-25-256321,CY2025Q3
interest_expense,InterestExpenseNonoperating,us-gaap,USD,2025-07-01,2025-12-31,1434000000.0,2026,Q2,10-Q,2026-01-28,0001193125-26-027207,
interest_expense,InterestExpenseNonoperating,us-gaap,USD,2025-10-01,2025-12-31,736000000.0,2026,Q2,10-Q,2026-01-28,0001193125-26-027207,CY2025Q4
interest_expense,InterestExpenseNonoperating,us-gaap,USD,2025-07-01,2026-03-31,2212000000.0,2026,Q3,10-Q,2026-04-29,0001193125-26-191507,
interest_expense,InterestExpenseNonoperating,us-gaap,USD,2026-01-01,2026-03-31,778000000.0,2026,Q3,10-Q,2026-04-29,0001193125-26-191507,CY2026Q1
interest_expense,InterestExpenseNonoperating,us-gaap,USD,2025-07-01,2026-06-30,3051000000.0,2026,FY,10-K,2026-07-29,0001193125-26-323660,CY2026
long_term_debt,LongTermDebt,us-gaap,USD,,2010-06-30,5000000000.0,2010,FY,10-K,2010-07-30,0001193125-10-171791,
long_term_debt,LongTermDebt,us-gaap,USD,,2010-06-30,4900000000.0,2011,FY,10-K,2011-07-28,0001193125-11-200680,CY2010Q2I
long_term_debt,LongTermDebt,us-gaap,USD,,2010-09-30,9700000000.0,2011,Q1,10-Q,2010-10-28,0001193125-10-239825,CY2010Q3I
long_term_debt,LongTermDebt,us-gaap,USD,,2010-12-31,9700000000.0,2011,Q2,10-Q,2011-01-27,0001193125-11-015947,CY2010Q4I
long_term_debt,LongTermDebt,us-gaap,USD,,2011-03-31,11900000000.0,2011,Q3,10-Q,2011-04-28,0001193125-11-115186,CY2011Q1I
long_term_debt,LongTermDebt,us-gaap,USD,,2011-06-30,11900000000.0,2011,FY,10-K,2011-07-28,0001193125-11-200680,
long_term_debt,LongTermDebt,us-gaap,USD,,2011-06-30,11900000000.0,2012,Q1,10-Q,2011-10-20,0001193125-11-276022,
long_term_debt,LongTermDebt,us-gaap,USD,,2011-06-30,11900000000.0,2012,Q2,10-Q/A,2012-01-27,0001193125-12-026864,
long_term_debt,LongTermDebt,us-gaap,USD,,2011-06-30,11900000000.0,2012,FY,10-K,2012-07-26,0001193125-12-316848,CY2011Q2I
long_term_debt,LongTermDebt,us-gaap,USD,,2011-09-30,11900000000.0,2012,Q1,10-Q,2011-10-20,0001193125-11-276022,CY2011Q3I
long_term_debt,LongTermDebt,us-gaap,USD,,2011-12-31,11900000000.0,2012,Q2,10-Q/A,2012-01-27,0001193125-12-026864,CY2011Q4I
long_term_debt,LongTermDebt,us-gaap,USD,,2012-06-30,11900000000.0,2012,FY,10-K,2012-07-26,0001193125-12-316848,
long_term_debt,LongTermDebt,us-gaap,USD,,2012-06-30,11900000000.0,2013,Q1,10-Q,2012-10-18,0001193125-12-427209,
long_term_debt,LongTermDebt,us-gaap,USD,,2012-06-30,11900000000.0,2013,Q2,10-Q,2013-01-24,0001193125-13-022207,
long_term_debt,LongTermDebt,us-gaap,USD,,2012-06-30,11900000000.0,2013,Q3,10-Q,2013-04-18,0001193125-13-160748,
long_term_debt,LongTermDebt,us-gaap,USD,,2012-06-30,11900000000.0,2013,FY,10-K,2013-07-30,0001193125-13-310206,
long_term_debt,LongTermDebt,us-gaap,USD,,2012-06-30,11900000000.0,2013,FY,8-K,2013-11-26,0001193125-13-455144,CY2012Q2I
long_term_debt,LongTermDebt,us-gaap,USD,,2012-09-30,12000000000.0,2013,Q1,10-Q,2012-10-18,0001193125-12-427209,CY2012Q3I
long_term_debt,LongTermDebt,us-gaap,USD,,2012-12-31,14200000000.0,2013,Q2,10-Q,2013-01-24,0001193125-13-022207,CY2012Q4I
long_term_debt,LongTermDebt,us-gaap,USD,,2013-03-31,14200000000.0,2013,Q3,10-Q,2013-04-18,0001193125-13-160748,CY2013Q1I
long_term_debt,LongTermDebt,us-gaap,USD,,2013-06-30,15600000000.0,2013,FY,10-K,2013-07-30,0001193125-13-310206,
long_term_debt,LongTermDebt,us-gaap,USD,,2013-06-30,15600000000.0,2014,Q1,10-Q,2013-10-24,0001193125-13-409855,
long_term_debt,LongTermDebt,us-gaap,USD,,2013-06-30,15600000000.0,2013,FY,8-K,2013-11-26,0001193125-13-455144,
long_term_debt,LongTermDebt,us-gaap,USD,,2013-06-30,15600000000.0,2014,Q2,10-Q,2014-01-23,0001193125-14-018634,
long_term_debt,LongTermDebt,us-gaap,USD,,2013-06-30,15600000000.0,2014,Q3,10-Q,2014-04-24,0001193125-14-157088,
long_term_debt,LongTermDebt,us-gaap,USD,,2013-06-30,15600000000.0,2014,FY,10-K,2014-07-31,0001193125-14-289961,CY2013Q2I
long_term_debt,LongTermDebt,us-gaap,USD,,2013-09-30,14600000000.0,2014,Q1,10-Q,2013-10-24,0001193125-13-409855,CY2013Q3I
long_term_debt,LongTermDebt,us-gaap,USD,,2013-12-31,22700000000.0,2014,Q2,10-Q,2014-01-23,0001193125-14-018634,CY2013Q4I
long_term_debt,LongTermDebt,us-gaap,USD,,2014-03-31,22700000000.0,2014,Q3,10-Q,2014-04-24,0001193125-14-157088,CY2014Q1I
long_term_debt,LongTermDebt,us-gaap,USD,,2014-06-30,20600000000.0,2014,FY,10-K,2014-07-31,0001193125-14-289961,
long_term_debt,LongTermDebt,us-gaap,USD,,2014-06-30,20600000000.0,2015,Q1,10-Q,2014-10-23,0001193125-14-380252,
long_term_debt,LongTermDebt,us-gaap,USD,,2014-06-30,20600000000.0,2015,Q2,10-Q,2015-01-26,0001193125-15-020351,
long_term_debt,LongTermDebt,us-gaap,USD,,2014-06-30,20600000000.0,2015,Q3,10-Q,2015-04-23,0001193125-15-144151,
long_term_debt,LongTermDebt,us-gaap,USD,,2014-06-30,20600000000.0,2015,FY,10-K,2015-07-31,0001193125-15-272806,
long_term_debt,LongTermDebt,us-gaap,USD,,2014-06-30,20600000000.0,,,8-K,2015-10-27,0001193125-15-353706,CY2014Q2I
long_term_debt,LongTermDebt,us-gaap,USD,,2014-09-30,20200000000.0,2015,Q1,10-Q,2014-10-23,0001193125-14-380252,CY2014Q3I
long_term_debt,LongTermDebt,us-gaap,USD,,2014-12-31,20000000000.0,2015,Q2,10-Q,2015-01-26,0001193125-15-020351,CY2014Q4I
long_term_debt,LongTermDebt,us-gaap,USD,,2015-03-31,30100000000.0,2015,Q3,10-Q,2015-04-23,0001193125-15-144151,CY2015Q1I
long_term_debt,LongTermDebt,us-gaap,USD,,2015-06-30,30300000000.0,2015,FY,10-K,2015-07-31,0001193125-15-272806,
long_term_debt,LongTermDebt,us-gaap,USD,,2015-06-30,30300000000.0,2016,Q1,10-Q,2015-10-22,0001193125-15-350718,
long_term_debt,LongTermDebt,us-gaap,USD,,2015-06-30,30300000000.0,,,8-K,2015-10-27,0001193125-15-353706,
long_term_debt,LongTermDebt,us-gaap,USD,,2015-06-30,30300000000.0,2016,Q2,10-Q,2016-01-28,0001193125-16-441821,
long_term_debt,LongTermDebt,us-gaap,USD,,2015-06-30,30300000000.0,2016,Q3,10-Q,2016-04-21,0001193125-16-550254,
long_term_debt,LongTermDebt,us-gaap,USD,,2015-06-30,30300000000.0,2016,FY,10-K,2016-07-28,0001193125-16-662209,CY2015Q2I
long_term_debt,LongTermDebt,us-gaap,USD,,2015-09-30,28600000000.0,2016,Q1,10-Q,2015-10-22,0001193125-15-350718,CY2015Q3I
long_term_debt,LongTermDebt,us-gaap,USD,,2015-12-31,41400000000.0,2016,Q2,10-Q,2016-01-28,0001193125-16-441821,CY2015Q4I
long_term_debt,LongTermDebt,us-gaap,USD,,2016-03-31,40900000000.0,2016,Q3,10-Q,2016-04-21,0001193125-16-550254,CY2016Q1I
long_term_debt,LongTermDebt,us-gaap,USD,,2016-06-30,40800000000.0,2016,FY,10-K,2016-07-28,0001193125-16-662209,
long_term_debt,LongTermDebt,us-gaap,USD,,2016-06-30,40600000000.0,2017,Q1,10-Q,2016-10-20,0001193125-16-742796,
long_term_debt,LongTermDebt,us-gaap,USD,,2016-06-30,40600000000.0,2017,Q2,10-Q,2017-01-26,0001564590-17-000654,
long_term_debt,LongTermDebt,us-gaap,USD,,2016-06-30,40600000000.0,2017,Q3,10-Q,2017-04-27,0001564590-17-007547,
long_term_debt,LongTermDebt,us-gaap,USD,,2016-06-30,40600000000.0,2017,FY,10-K,2017-08-02,0001564590-17-014900,CY2016Q2I
long_term_debt,LongTermDebt,us-gaap,USD,,2016-09-30,60200000000.0,2017,Q1,10-Q,2016-10-20,0001193125-16-742796,CY2016Q3I
long_term_debt,LongTermDebt,us-gaap,USD,,2016-12-31,59900000000.0,2017,Q2,10-Q,2017-01-26,0001564590-17-000654,CY2016Q4I
long_term_debt,LongTermDebt,us-gaap,USD,,2017-03-31,76800000000.0,2017,Q3,10-Q,2017-04-27,0001564590-17-007547,CY2017Q1I
long_term_debt,LongTermDebt,us-gaap,USD,,2017-06-30,77100000000.0,2017,FY,10-K,2017-08-02,0001564590-17-014900,
long_term_debt,LongTermDebt,us-gaap,USD,,2017-06-30,77100000000.0,2018,Q1,10-Q,2017-10-26,0001564590-17-020171,
long_term_debt,LongTermDebt,us-gaap,USD,,2017-06-30,77100000000.0,2018,Q2,10-Q,2018-01-31,0001564590-18-001129,
long_term_debt,LongTermDebt,us-gaap,USD,,2017-06-30,77100000000.0,2018,Q3,10-Q,2018-04-26,0001564590-18-009307,
long_term_debt,LongTermDebt,us-gaap,USD,,2017-06-30,77100000000.0,2018,FY,10-K,2018-08-03,0001564590-18-019062,CY2017Q2I
long_term_debt,LongTermDebt,us-gaap,USD,,2017-09-30,77300000000.0,2018,Q1,10-Q,2017-10-26,0001564590-17-020171,CY2017Q3I
long_term_debt,LongTermDebt,us-gaap,USD,,2017-12-31,76800000000.0,2018,Q2,10-Q,2018-01-31,0001564590-18-001129,CY2017Q4I
long_term_debt,LongTermDebt,us-gaap,USD,,2018-03-31,76900000000.0,2018,Q3,10-Q,2018-04-26,0001564590-18-009307,CY2018Q1I
long_term_debt,LongTermDebt,us-gaap,USD,,2018-06-30,76200000000.0,2018,FY,10-K,2018-08-03,0001564590-18-019062,
long_term_debt,LongTermDebt,us-gaap,USD,,2018-06-30,76200000000.0,2019,Q1,10-Q,2018-10-24,0001564590-18-024893,
long_term_debt,LongTermDebt,us-gaap,USD,,2018-06-30,76200000000.0,2019,Q2,10-Q,2019-01-30,0001564590-19-001392,
long_term_debt,LongTermDebt,us-gaap,USD,,2018-06-30,76200000000.0,2019,Q3,10-Q,2019-04-24,0001564590-19-012709,
long_term_debt,LongTermDebt,us-gaap,USD,,2018-06-30,76200000000.0,2019,FY,10-K,2019-08-01,0001564590-19-027952,CY2018Q2I
long_term_debt,LongTermDebt,us-gaap,USD,,2018-09-30,76200000000.0,2019,Q1,10-Q,2018-10-24,0001564590-18-024893,CY2018Q3I
long_term_debt,LongTermDebt,us-gaap,USD,,2018-12-31,73200000000.0,2019,Q2,10-Q,2019-01-30,0001564590-19-001392,CY2018Q4I
long_term_debt,LongTermDebt,us-gaap,USD,,2019-03-31,73100000000.0,2019,Q3,10-Q,2019-04-24,0001564590-19-012709,CY2019Q1I
long_term_debt,LongTermDebt,us-gaap,USD,,2019-06-30,72200000000.0,2019,FY,10-K,2019-08-01,0001564590-19-027952,
long_term_debt,LongTermDebt,us-gaap,USD,,2019-06-30,72178000000.0,2020,Q1,10-Q,2019-10-23,0001564590-19-037549,
long_term_debt,LongTermDebt,us-gaap,USD,,2019-06-30,72178000000.0,2020,Q2,10-Q,2020-01-29,0001564590-20-002450,
long_term_debt,LongTermDebt,us-gaap,USD,,2019-06-30,72178000000.0,2020,Q3,10-Q,2020-04-29,0001564590-20-019706,
long_term_debt,LongTermDebt,us-gaap,USD,,2019-06-30,72178000000.0,2020,FY,10-K,2020-07-30,0001564590-20-034944,CY2019Q2I
long_term_debt,LongTermDebt,us-gaap,USD,,2019-09-30,69495000000.0,2020,Q1,10-Q,2019-10-23,0001564590-19-037549,CY2019Q3I
long_term_debt,LongTermDebt,us-gaap,USD,,2019-12-31,69608000000.0,2020,Q2,10-Q,2020-01-29,0001564590-20-002450,CY2019Q4I
long_term_debt,LongTermDebt,us-gaap,USD,,2020-03-31,66610000000.0,2020,Q3,10-Q,2020-04-29,0001564590-20-019706,CY2020Q1I
long_term_debt,LongTermDebt,us-gaap,USD,,2020-06-30,63327000000.0,2020,FY,10-K,2020-07-30,0001564590-20-034944,
long_term_debt,LongTermDebt,us-gaap,USD,,2020-06-30,63327000000.0,2021,Q1,10-Q,2020-10-27,0001564590-20-047996,
long_term_debt,LongTermDebt,us-gaap,USD,,2020-06-30,63327000000.0,2021,Q2,10-Q,2021-01-26,0001564590-21-002316,
long_term_debt,LongTermDebt,us-gaap,USD,,2020-06-30,63327000000.0,2021,Q3,10-Q,2021-04-27,0001564590-21-020891,
long_term_debt,LongTermDebt,us-gaap,USD,,2020-06-30,63327000000.0,2021,FY,10-K,2021-07-29,0001564590-21-039151,CY2020Q2I
long_term_debt,LongTermDebt,us-gaap,USD,,2020-09-30,63552000000.0,2021,Q1,10-Q,2020-10-27,0001564590-20-047996,CY2020Q3I
long_term_debt,LongTermDebt,us-gaap,USD,,2020-12-31,60523000000.0,2021,Q2,10-Q,2021-01-26,0001564590-21-002316,CY2020Q4I
long_term_debt,LongTermDebt,us-gaap,USD,,2021-03-31,58058000000.0,2021,Q3,10-Q,2021-04-27,0001564590-21-020891,CY2021Q1I
long_term_debt,LongTermDebt,us-gaap,USD,,2021-06-30,58146000000.0,2021,FY,10-K,2021-07-29,0001564590-21-039151,
long_term_debt,LongTermDebt,us-gaap,USD,,2021-06-30,58146000000.0,2022,Q1,10-Q,2021-10-26,0001564590-21-051992,
long_term_debt,LongTermDebt,us-gaap,USD,,2021-06-30,58146000000.0,2022,Q2,10-Q,2022-01-25,0001564590-22-002324,
long_term_debt,LongTermDebt,us-gaap,USD,,2021-06-30,58146000000.0,2022,Q3,10-Q,2022-04-26,0001564590-22-015675,
long_term_debt,LongTermDebt,us-gaap,USD,,2021-06-30,58146000000.0,2022,FY,10-K,2022-07-28,0001564590-22-026876,CY2021Q2I
long_term_debt,LongTermDebt,us-gaap,USD,,2021-09-30,53288000000.0,2022,Q1,10-Q,2021-10-26,0001564590-21-051992,CY2021Q3I
long_term_debt,LongTermDebt,us-gaap,USD,,2021-12-31,53258000000.0,2022,Q2,10-Q,2022-01-25,0001564590-22-002324,CY2021Q4I
long_term_debt,LongTermDebt,us-gaap,USD,,2022-03-31,49926000000.0,2022,Q3,10-Q,2022-04-26,0001564590-22-015675,CY2022Q1I
long_term_debt,LongTermDebt,us-gaap,USD,,2022-06-30,49781000000.0,2022,FY,10-K,2022-07-28,0001564590-22-026876,
long_term_debt,LongTermDebt,us-gaap,USD,,2022-06-30,49781000000.0,2023,Q1,10-Q,2022-10-25,0001564590-22-035087,
long_term_debt,LongTermDebt,us-gaap,USD,,2022-06-30,49781000000.0,2023,Q2,10-Q,2023-01-24,0001564590-23-000733,
long_term_debt,LongTermDebt,us-gaap,USD,,2022-06-30,49781000000.0,2023,Q3,10-Q,2023-04-25,0000950170-23-014423,
long_term_debt,LongTermDebt,us-gaap,USD,,2022-06-30,49781000000.0,2023,FY,10-K,2023-07-27,0000950170-23-035122,CY2022Q2I
long_term_debt,LongTermDebt,us-gaap,USD,,2022-09-30,48622000000.0,2023,Q1,10-Q,2022-10-25,0001564590-22-035087,CY2022Q3I
long_term_debt,LongTermDebt,us-gaap,USD,,2022-12-31,48116000000.0,2023,Q2,10-Q,2023-01-24,0001564590-23-000733,CY2022Q4I
long_term_debt,LongTermDebt,us-gaap,USD,,2023-03-31,48210000000.0,2023,Q3,10-Q,2023-04-25,0000950170-23-014423,CY2023Q1I
long_term_debt,LongTermDebt,us-gaap,USD,,2023-06-30,47237000000.0,2023,FY,10-K,2023-07-27,0000950170-23-035122,
long_term_debt,LongTermDebt,us-gaap,USD,,2023-06-30,47237000000.0,2024,Q1,10-Q,2023-10-24,0000950170-23-054855,
long_term_debt,LongTermDebt,us-gaap,USD,,2023-06-30,47237000000.0,2024,Q2,10-Q,2024-01-30,0000950170-24-008814,
long_term_debt,LongTermDebt,us-gaap,USD,,2023-06-30,47237000000.0,2024,Q3,10-Q,2024-04-25,0000950170-24-048288,
long_term_debt,LongTermDebt,us-gaap,USD,,2023-06-30,47237000000.0,2024,FY,10-K,2024-07-30,0000950170-24-087843,
long_term_debt,LongTermDebt,us-gaap,USD,,2023-06-30,47237000000.0,,,8-K,2024-12-03,0000950170-24-132722,CY2023Q2I
long_term_debt,LongTermDebt,us-gaap,USD,,2023-09-30,45694000000.0,2024,Q1,10-Q,2023-10-24,0000950170-23-054855,CY2023Q3I
long_term_debt,LongTermDebt,us-gaap,USD,,2023-12-31,47178000000.0,2024,Q2,10-Q,2024-01-30,0000950170-24-008814,CY2023Q4I
long_term_debt,LongTermDebt,us-gaap,USD,,2024-03-31,44907000000.0,2024,Q3,10-Q,2024-04-25,0000950170-24-048288,CY2024Q1I
long_term_debt,LongTermDebt,us-gaap,USD,,2024-06-30,44937000000.0,2024,FY,10-K,2024-07-30,0000950170-24-087843,
long_term_debt,LongTermDebt,us-gaap,USD,,2024-06-30,44937000000.0,2025,Q1,10-Q,2024-10-30,0000950170-24-118967,
long_term_debt,LongTermDebt,us-gaap,USD,,2024-06-30,44937000000.0,,,8-K,2024-12-03,0000950170-24-132722,
long_term_debt,LongTermDebt,us-gaap,USD,,2024-06-30,44937000000.0,2025,Q2,10-Q,2025-01-29,0000950170-25-010491,
long_term_debt,LongTermDebt,us-gaap,USD,,2024-06-30,44937000000.0,2025,Q3,10-Q,2025-04-30,0000950170-25-061046,
long_term_debt,LongTermDebt,us-gaap,USD,,2024-06-30,44937000000.0,2025,FY,10-K,2025-07-30,0000950170-25-100235,CY2024Q2I
long_term_debt,LongTermDebt,us-gaap,USD,,2024-09-30,45117000000.0,2025,Q1,10-Q,2024-10-30,0000950170-24-118967,CY2024Q3I
long_term_debt,LongTermDebt,us-gaap,USD,,2024-12-31,44970000000.0,2025,Q2,10-Q,2025-01-29,0000950170-25-010491,CY2024Q4I
long_term_debt,LongTermDebt,us-gaap,USD,,2025-03-31,42881000000.0,2025,Q3,10-Q,2025-04-30,0000950170-25-061046,CY2025Q1I
long_term_debt,LongTermDebt,us-gaap,USD,,2025-06-30,43151000000.0,2025,FY,10-K,2025-07-30,0000950170-25-100235,
long_term_debt,LongTermDebt,us-gaap,USD,,2025-06-30,43151000000.0,2026,Q1,10-Q,2025-10-29,0001193125-25-256321,
long_term_debt,LongTermDebt,us-gaap,USD,,2025-06-30,43151000000.0,2026,Q2,10-Q,2026-01-28,0001193125-26-027207,
long_term_debt,LongTermDebt,us-gaap,USD,,2025-06-30,43151000000.0,2026,Q3,10-Q,2026-04-29,0001193125-26-191507,
long_term_debt,LongTermDebt,us-gaap,USD,,2025-06-30,43151000000.0,2026,FY,10-K,2026-07-29,0001193125-26-323660,CY2025Q2I
long_term_debt,LongTermDebt,us-gaap,USD,,2025-09-30,43208000000.0,2026,Q1,10-Q,2025-10-29,0001193125-25-256321,CY2025Q3I
long_term_debt,LongTermDebt,us-gaap,USD,,2025-12-31,40262000000.0,2026,Q2,10-Q,2026-01-28,0001193125-26-027207,CY2025Q4I
long_term_debt,LongTermDebt,us-gaap,USD,,2026-03-31,40262000000.0,2026,Q3,10-Q,2026-04-29,0001193125-26-191507,CY2026Q1I
long_term_debt,LongTermDebt,us-gaap,USD,,2026-06-30,40294000000.0,2026,FY,10-K,2026-07-29,0001193125-26-323660,CY2026Q2I
net_income,NetIncomeLoss,us-gaap,USD,2007-07-01,2007-09-30,4289000000.0,2010,FY,10-K,2010-07-30,0001193125-10-171791,CY2007Q3
net_income,NetIncomeLoss,us-gaap,USD,2007-10-01,2007-12-31,4707000000.0,2010,FY,10-K,2010-07-30,0001193125-10-171791,CY2007Q4
net_income,NetIncomeLoss,us-gaap,USD,2008-01-01,2008-03-31,4388000000.0,2010,FY,10-K,2010-07-30,0001193125-10-171791,CY2008Q1
net_income,NetIncomeLoss,us-gaap,USD,2007-07-01,2008-06-30,17681000000.0,2010,FY,10-K,2010-07-30,0001193125-10-171791,CY2008
net_income,NetIncomeLoss,us-gaap,USD,2008-04-01,2008-06-30,4297000000.0,2010,FY,10-K,2010-07-30,0001193125-10-171791,CY2008Q2
net_income,NetIncomeLoss,us-gaap,USD,2008-07-01,2008-09-30,4373000000.0,2010,Q1,10-Q,2009-10-23,0001193125-09-212454,
net_income,NetIncomeLoss,us-gaap,USD,2008-07-01,2008-09-30,4373000000.0,2010,FY,10-K,2010-07-30,0001193125-10-171791,CY2008Q3
net_income,NetIncomeLoss,us-gaap,USD,2008-07-01,2008-12-31,8547000000.0,2010,Q2,10-Q,2010-01-28,0001193125-10-015598,
net_income,NetIncomeLoss,us-gaap,USD,2008-10-01,2008-12-31,4174000000.0,2010,Q2,10-Q,2010-01-28,0001193125-10-015598,
net_income,NetIncomeLoss,us-gaap,USD,2008-10-01,2008-12-31,4174000000.0,2010,FY,10-K,2010-07-30,0001193125-10-171791,CY2008Q4
net_income,NetIncomeLoss,us-gaap,USD,2008-07-01,2009-03-31,11524000000.0,2010,Q3,10-Q,2010-04-22,0001193125-10-090116,
net_income,NetIncomeLoss,us-gaap,USD,2009-01-01,2009-03-31,2977000000.0,2010,Q3,10-Q,2010-04-22,0001193125-10-090116,
net_income,NetIncomeLoss,us-gaap,USD,2009-01-01,2009-03-31,2977000000.0,2010,FY,10-K,2010-07-30,0001193125-10-171791,CY2009Q1
net_income,NetIncomeLoss,us-gaap,USD,2008-07-01,2009-06-30,14569000000.0,2010,FY,10-K,2010-07-30,0001193125-10-171791,
net_income,NetIncomeLoss,us-gaap,USD,2009-04-01,2009-06-30,3045000000.0,2010,FY,10-K,2010-07-30,0001193125-10-171791,CY2009Q2
net_income,NetIncomeLoss,us-gaap,USD,2008-07-01,2009-06-30,14569000000.0,2011,FY,10-K,2011-07-28,0001193125-11-200680,CY2009
net_income,NetIncomeLoss,us-gaap,USD,2009-07-01,2009-09-30,3574000000.0,2010,Q1,10-Q,2009-10-23,0001193125-09-212454,
net_income,NetIncomeLoss,us-gaap,USD,2009-07-01,2009-09-30,3574000000.0,2010,FY,10-K,2010-07-30,0001193125-10-171791,
net_income,NetIncomeLoss,us-gaap,USD,2009-07-01,2009-09-30,3574000000.0,2011,Q1,10-Q,2010-10-28,0001193125-10-239825,
net_income,NetIncomeLoss,us-gaap,USD,2009-07-01,2009-09-30,3574000000.0,2011,FY,10-K,2011-07-28,0001193125-11-200680,CY2009Q3
net_income,NetIncomeLoss,us-gaap,USD,2009-07-01,2009-12-31,10236000000.0,2010,Q2,10-Q,2010-01-28,0001193125-10-015598,
net_income,NetIncomeLoss,us-gaap,USD,2009-10-01,2009-12-31,6662000000.0,2010,Q2,10-Q,2010-01-28,0001193125-10-015598,
net_income,NetIncomeLoss,us-gaap,USD,2009-10-01,2009-12-31,6662000000.0,2010,FY,10-K,2010-07-30,0001193125-10-171791,
net_income,NetIncomeLoss,us-gaap,USD,2009-07-01,2009-12-31,10236000000.0,2011,Q2,10-Q,2011-01-27,0001193125-11-015947,
net_income,NetIncomeLoss,us-gaap,USD,2009-10-01,2009-12-31,6662000000.0,2011,Q2,10-Q,2011-01-27,0001193125-11-015947,
net_income,NetIncomeLoss,us-gaap,USD,2009-10-01,2009-12-31,6662000000.0,2011,FY,10-K,2011-07-28,0001193125-11-200680,CY2009Q4
net_income,NetIncomeLoss,us-gaap,USD,2009-07-01,2010-03-31,14242000000.0,2010,Q3,10-Q,2010-04-22,0001193125-10-090116,
net_income,NetIncomeLoss,us-gaap,USD,2010-01-01,2010-03-31,4006000000.0,2010,Q3,10-Q,2010-04-22,0001193125-10-090116,
net_income,NetIncomeLoss,us-gaap,USD,2010-01-01,2010-03-31,4006000000.0,2010,FY,10-K,2010-07-30,0001193125-10-171791,
net_income,NetIncomeLoss,us-gaap,USD,2009-07-01,2010-03-31,14242000000.0,2011,Q3,10-Q,2011-04-28,0001193125-11-115186,
net_income,NetIncomeLoss,us-gaap,USD,2010-01-01,2010-03-31,4006000000.0,2011,Q3,10-Q,2011-04-28,0001193125-11-115186,
net_income,NetIncomeLoss,us-gaap,USD,2010-01-01,2010-03-31,4006000000.0,2011,FY,10-K,2011-07-28,0001193125-11-200680,CY2010Q1
net_income,NetIncomeLoss,us-gaap,USD,2009-07-01,2010-06-30,18760000000.0,2010,FY,10-K,2010-07-30,0001193125-10-171791,
net_income,NetIncomeLoss,us-gaap,USD,2010-04-01,2010-06-30,4518000000.0,2010,FY,10-K,2010-07-30,0001193125-10-171791,
net_income,NetIncomeLoss,us-gaap,USD,2009-07-01,2010-06-30,18760000000.0,2011,FY,10-K,2011-07-28,0001193125-11-200680,
net_income,NetIncomeLoss,us-gaap,USD,2010-04-01,2010-06-30,4518000000.0,2011,FY,10-K,2011-07-28,0001193125-11-200680,CY2010Q2
net_income,NetIncomeLoss,us-gaap,USD,2009-07-01,2010-06-30,18760000000.0,2012,FY,10-K,2012-07-26,0001193125-12-316848,CY2010
net_income,NetIncomeLoss,us-gaap,USD,2010-07-01,2010-09-30,5410000000.0,2011,Q1,10-Q,2010-10-28,0001193125-10-239825,
net_income,NetIncomeLoss,us-gaap,USD,2010-07-01,2010-09-30,5410000000.0,2011,FY,10-K,2011-07-28,0001193125-11-200680,
net_income,NetIncomeLoss,us-gaap,USD,2010-07-01,2010-09-30,5410000000.0,2012,Q1,10-Q,2011-10-20,0001193125-11-276022,
net_income,NetIncomeLoss,us-gaap,USD,2010-07-01,2010-09-30,5410000000.0,2012,FY,10-K,2012-07-26,0001193125-12-316848,CY2010Q3
net_income,NetIncomeLoss,us-gaap,USD,2010-07-01,2010-12-31,12044000000.0,2011,Q2,10-Q,2011-01-27,0001193125-11-015947,
net_income,NetIncomeLoss,us-gaap,USD,2010-10-01,2010-12-31,6634000000.0,2011,Q2,10-Q,2011-01-27,0001193125-11-015947,
net_income,NetIncomeLoss,us-gaap,USD,2010-10-01,2010-12-31,6634000000.0,2011,FY,10-K,2011-07-28,0001193125-11-200680,
net_income,NetIncomeLoss,us-gaap,USD,2010-07-01,2010-12-31,12044000000.0,2012,Q2,10-Q/A,2012-01-27,0001193125-12-026864,
net_income,NetIncomeLoss,us-gaap,USD,2010-10-01,2010-12-31,6634000000.0,2012,Q2,10-Q/A,2012-01-27,0001193125-12-026864,
net_income,NetIncomeLoss,us-gaap,USD,2010-10-01,2010-12-31,6634000000.0,2012,FY,10-K,2012-07-26,0001193125-12-316848,CY2010Q4
net_income,NetIncomeLoss,us-gaap,USD,2010-07-01,2011-03-31,17276000000.0,2011,Q3,10-Q,2011-04-28,0001193125-11-115186,
net_income,NetIncomeLoss,us-gaap,USD,2011-01-01,2011-03-31,5232000000.0,2011,Q3,10-Q,2011-04-28,0001193125-11-115186,
net_income,NetIncomeLoss,us-gaap,USD,2011-01-01,2011-03-31,5232000000.0,2011,FY,10-K,2011-07-28,0001193125-11-200680,
net_income,NetIncomeLoss,us-gaap,USD,2010-07-01,2011-03-31,17276000000.0,2012,Q3,10-Q,2012-04-19,0001193125-12-170665,
net_income,NetIncomeLoss,us-gaap,USD,2011-01-01,2011-03-31,5232000000.0,2012,Q3,10-Q,2012-04-19,0001193125-12-170665,
net_income,NetIncomeLoss,us-gaap,USD,2011-01-01,2011-03-31,5232000000.0,2012,FY,10-K,2012-07-26,0001193125-12-316848,CY2011Q1
net_income,NetIncomeLoss,us-gaap,USD,2010-07-01,2011-06-30,23150000000.0,2011,FY,10-K,2011-07-28,0001193125-11-200680,
net_income,NetIncomeLoss,us-gaap,USD,2011-04-01,2011-06-30,5874000000.0,2011,FY,10-K,2011-07-28,0001193125-11-200680,
net_income,NetIncomeLoss,us-gaap,USD,2010-07-01,2011-06-30,23150000000.0,2012,FY,10-K,2012-07-26,0001193125-12-316848,
net_income,NetIncomeLoss,us-gaap,USD,2011-04-01,2011-06-30,5874000000.0,2012,FY,10-K,2012-07-26,0001193125-12-316848,CY2011Q2
net_income,NetIncomeLoss,us-gaap,USD,2010-07-01,2011-06-30,23150000000.0,2013,FY,10-K,2013-07-30,0001193125-13-310206,
net_income,NetIncomeLoss,us-gaap,USD,2010-07-01,2011-06-30,23150000000.0,2013,FY,8-K,2013-11-26,0001193125-13-455144,CY2011
net_income,NetIncomeLoss,us-gaap,USD,2011-07-01,2011-09-30,5738000000.0,2012,Q1,10-Q,2011-10-20,0001193125-11-276022,
net_income,NetIncomeLoss,us-gaap,USD,2011-07-01,2011-09-30,5738000000.0,2012,FY,10-K,2012-07-26,0001193125-12-316848,
net_income,NetIncomeLoss,us-gaap,USD,2011-07-01,2011-09-30,5738000000.0,2013,Q1,10-Q,2012-10-18,0001193125-12-427209,
net_income,NetIncomeLoss,us-gaap,USD,2011-07-01,2011-09-30,5738000000.0,2013,FY,10-K,2013-07-30,0001193125-13-310206,
net_income,NetIncomeLoss,us-gaap,USD,2011-07-01,2011-09-30,5738000000.0,2013,FY,8-K,2013-11-26,0001193125-13-455144,CY2011Q3
net_income,NetIncomeLoss,us-gaap,USD,2011-07-01,2011-12-31,12362000000.0,2012,Q2,10-Q/A,2012-01-27,0001193125-12-026864,
net_income,NetIncomeLoss,us-gaap,USD,2011-10-01,2011-12-31,6624000000.0,2012,Q2,10-Q/A,2012-01-27,0001193125-12-026864,
net_income,NetIncomeLoss,us-gaap,USD,2011-10-01,2011-12-31,6624000000.0,2012,FY,10-K,2012-07-26,0001193125-12-316848,
net_income,NetIncomeLoss,us-gaap,USD,2011-07-01,2011-12-31,12362000000.0,2013,Q2,10-Q,2013-01-24,0001193125-13-022207,
net_income,NetIncomeLoss,us-gaap,USD,2011-10-01,2011-12-31,6624000000.0,2013,Q2,10-Q,2013-01-24,0001193125-13-022207,
net_income,NetIncomeLoss,us-gaap,USD,2011-10-01,2011-12-31,6624000000.0,2013,FY,10-K,2013-07-30,0001193125-13-310206,
net_income,NetIncomeLoss,us-gaap,USD,2011-10-01,2011-12-31,6624000000.0,2013,FY,8-K,2013-11-26,0001193125-13-455144,CY2011Q4
net_income,NetIncomeLoss,us-gaap,USD,2011-07-01,2012-03-31,17470000000.0,2012,Q3,10-Q,2012-04-19,0001193125-12-170665,
net_income,NetIncomeLoss,us-gaap,USD,2012-01-01,2012-03-31,5108000000.0,2012,Q3,10-Q,2012-04-19,0001193125-12-170665,
net_income,NetIncomeLoss,us-gaap,USD,2012-01-01,2012-03-31,5108000000.0,2012,FY,10-K,2012-07-26,0001193125-12-316848,
net_income,NetIncomeLoss,us-gaap,USD,2011-07-01,2012-03-31,17470000000.0,2013,Q3,10-Q,2013-04-18,0001193125-13-160748,
net_income,NetIncomeLoss,us-gaap,USD,2012-01-01,2012-03-31,5108000000.0,2013,Q3,10-Q,2013-04-18,0001193125-13-160748,
net_income,NetIncomeLoss,us-gaap,USD,2012-01-01,2012-03-31,5108000000.0,2013,FY,10-K,2013-07-30,0001193125-13-310206,
net_income,NetIncomeLoss,us-gaap,USD,2012-01-01,2012-03-31,5108000000.0,2013,FY,8-K,2013-11-26,0001193125-13-455144,CY2012Q1
net_income,NetIncomeLoss,us-gaap,USD,2011-07-01,2012-06-30,16978000000.0,2012,FY,10-K,2012-07-26,0001193125-12-316848,
net_income,NetIncomeLoss,us-gaap,USD,2012-04-01,2012-06-30,-492000000.0,2012,FY,10-K,2012-07-26,0001193125-12-316848,
net_income,NetIncomeLoss,us-gaap,USD,2011-07-01,2012-06-30,16978000000.0,2013,FY,10-K,2013-07-30,0001193125-13-310206,
net_income,NetIncomeLoss,us-gaap,USD,2012-04-01,2012-06-30,-492000000.0,2013,FY,10-K,2013-07-30,0001193125-13-310206,
net_income,NetIncomeLoss,us-gaap,USD,2011-07-01,2012-06-30,16978000000.0,2013,FY,8-K,2013-11-26,0001193125-13-455144,
net_income,NetIncomeLoss,us-gaap,USD,2012-04-01,2012-06-30,-492000000.0,2013,FY,8-K,2013-11-26,0001193125-13-455144,CY2012Q2
net_income,NetIncomeLoss,us-gaap,USD,2011-07-01,2012-06-30,16978000000.0,2014,FY,10-K,2014-07-31,0001193125-14-289961,CY2012
net_income,NetIncomeLoss,us-gaap,USD,2012-07-01,2012-09-30,4466000000.0,2013,Q1,10-Q,2012-10-18,0001193125-12-427209,
net_income,NetIncomeLoss,us-gaap,USD,2012-07-01,2012-09-30,4466000000.0,2013,FY,10-K,2013-07-30,0001193125-13-310206,
net_income,NetIncomeLoss,us-gaap,USD,2012-07-01,2012-09-30,4466000000.0,2014,Q1,10-Q,2013-10-24,0001193125-13-409855,
net_income,NetIncomeLoss,us-gaap,USD,2012-07-01,2012-09-30,4466000000.0,2013,FY,8-K,2013-11-26,0001193125-13-455144,
net_income,NetIncomeLoss,us-gaap,USD,2012-07-01,2012-09-30,4466000000.0,2014,FY,10-K,2014-07-31,0001193125-14-289961,CY2012Q3
net_income,NetIncomeLoss,us-gaap,USD,2012-07-01,2012-12-31,10843000000.0,2013,Q2,10-Q,2013-01-24,0001193125-13-022207,
net_income,NetIncomeLoss,us-gaap,USD,2012-10-01,2012-12-31,6377000000.0,2013,Q2,10-Q,2013-01-24,0001193125-13-022207,
net_income,NetIncomeLoss,us-gaap,USD,2012-10-01,2012-12-31,6377000000.0,2013,FY,10-K,2013-07-30,0001193125-13-310206,
net_income,NetIncomeLoss,us-gaap,USD,2012-10-01,2012-12-31,6377000000.0,2013,FY,8-K,2013-11-26,0001193125-13-455144,
net_income,NetIncomeLoss,us-gaap,USD,2012-07-01,2012-12-31,10843000000.0,2014,Q2,10-Q,2014-01-23,0001193125-14-018634,
net_income,NetIncomeLoss,us-gaap,USD,2012-10-01,2012-12-31,6377000000.0,2014,Q2,10-Q,2014-01-23,0001193125-14-018634,
net_income,NetIncomeLoss,us-gaap,USD,2012-10-01,2012-12-31,6377000000.0,2014,FY,10-K,2014-07-31,0001193125-14-289961,CY2012Q4
net_income,NetIncomeLoss,us-gaap,USD,2012-07-01,2013-03-31,16898000000.0,2013,Q3,10-Q,2013-04-18,0001193125-13-160748,
net_income,NetIncomeLoss,us-gaap,USD,2013-01-01,2013-03-31,6055000000.0,2013,Q3,10-Q,2013-04-18,0001193125-13-160748,
net_income,NetIncomeLoss,us-gaap,USD,2013-01-01,2013-03-31,6055000000.0,2013,FY,10-K,2013-07-30,0001193125-13-310206,
net_income,NetIncomeLoss,us-gaap,USD,2013-01-01,2013-03-31,6055000000.0,2013,FY,8-K,2013-11-26,0001193125-13-455144,
net_income,NetIncomeLoss,us-gaap,USD,2012-07-01,2013-03-31,16898000000.0,2014,Q3,10-Q,2014-04-24,0001193125-14-157088,
net_income,NetIncomeLoss,us-gaap,USD,2013-01-01,2013-03-31,6055000000.0,2014,Q3,10-Q,2014-04-24,0001193125-14-157088,
net_income,NetIncomeLoss,us-gaap,USD,2013-01-01,2013-03-31,6055000000.0,2014,FY,10-K,2014-07-31,0001193125-14-289961,CY2013Q1
net_income,NetIncomeLoss,us-gaap,USD,2012-07-01,2013-06-30,21863000000.0,2013,FY,10-K,2013-07-30,0001193125-13-310206,
net_income,NetIncomeLoss,us-gaap,USD,2013-04-01,2013-06-30,4965000000.0,2013,FY,10-K,2013-07-30,0001193125-13-310206,
net_income,NetIncomeLoss,us-gaap,USD,2012-07-01,2013-06-30,21863000000.0,2013,FY,8-K,2013-11-26,0001193125-13-455144,
net_income,NetIncomeLoss,us-gaap,USD,2013-04-01,2013-06-30,4965000000.0,2013,FY,8-K,2013-11-26,0001193125-13-455144,
net_income,NetIncomeLoss,us-gaap,USD,2012-07-01,2013-06-30,21863000000.0,2014,FY,10-K,2014-07-31,0001193125-14-289961,
net_income,NetIncomeLoss,us-gaap,USD,2013-04-01,2013-06-30,4965000000.0,2014,FY,10-K,2014-07-31,0001193125-14-289961,CY2013Q2
net_income,NetIncomeLoss,us-gaap,USD,2012-07-01,2013-06-30,21863000000.0,2015,FY,10-K,2015-07-31,0001193125-15-272806,
net_income,NetIncomeLoss,us-gaap,USD,2012-07-01,2013-06-30,21863000000.0,,,8-K,2015-10-27,0001193125-15-353706,CY2013
net_income,NetIncomeLoss,us-gaap,USD,2013-07-01,2013-09-30,5244000000.0,2014,Q1,10-Q,2013-10-24,0001193125-13-409855,
net_income,NetIncomeLoss,us-gaap,USD,2013-07-01,2013-09-30,5244000000.0,2014,FY,10-K,2014-07-31,0001193125-14-289961,
net_income,NetIncomeLoss,us-gaap,USD,2013-07-01,2013-09-30,5244000000.0,2015,Q1,10-Q,2014-10-23,0001193125-14-380252,
net_income,NetIncomeLoss,us-gaap,USD,2013-07-01,2013-09-30,5244000000.0,2015,FY,10-K,2015-07-31,0001193125-15-272806,
net_income,NetIncomeLoss,us-gaap,USD,2013-07-01,2013-09-30,5244000000.0,,,8-K,2015-10-27,0001193125-15-353706,CY2013Q3
net_income,NetIncomeLoss,us-gaap,USD,2013-07-01,2013-12-31,11802000000.0,2014,Q2,10-Q,2014-01-23,0001193125-14-018634,
net_income,NetIncomeLoss,us-gaap,USD,2013-10-01,2013-12-31,6558000000.0,2014,Q2,10-Q,2014-01-23,0001193125-14-018634,
net_income,NetIncomeLoss,us-gaap,USD,2013-10-01,2013-12-31,6558000000.0,2014,FY,10-K,2014-07-31,0001193125-14-289961,
net_income,NetIncomeLoss,us-gaap,USD,2013-07-01,2013-12-31,11802000000.0,2015,Q2,10-Q,2015-01-26,0001193125-15-020351,
net_income,NetIncomeLoss,us-gaap,USD,2013-10-01,2013-12-31,6558000000.0,2015,Q2,10-Q,2015-01-26,0001193125-15-020351,
net_income,NetIncomeLoss,us-gaap,USD,2013-10-01,2013-12-31,6558000000.0,2015,FY,10-K,2015-07-31,0001193125-15-272806,
net_income,NetIncomeLoss,us-gaap,USD,2013-10-01,2013-12-31,6558000000.0,,,8-K,2015-10-27,0001193125-15-353706,CY2013Q4
net_income,NetIncomeLoss,us-gaap,USD,2013-07-01,2014-03-31,17462000000.0,2014,Q3,10-Q,2014-04-24,0001193125-14-157088,
net_income,NetIncomeLoss,us-gaap,USD,2014-01-01,2014-03-31,5660000000.0,2014,Q3,10-Q,2014-04-24,0001193125-14-157088,
net_income,NetIncomeLoss,us-gaap,USD,2014-01-01,2014-03-31,5660000000.0,2014,FY,10-K,2014-07-31,0001193125-14-289961,
net_income,NetIncomeLoss,us-gaap,USD,2013-07-01,2014-03-31,17462000000.0,2015,Q3,10-Q,2015-04-23,0001193125-15-144151,
net_income,NetIncomeLoss,us-gaap,USD,2014-01-01,2014-03-31,5660000000.0,2015,Q3,10-Q,2015-04-23,0001193125-15-144151,
net_income,NetIncomeLoss,us-gaap,USD,2014-01-01,2014-03-31,5660000000.0,2015,FY,10-K,2015-07-31,0001193125-15-272806,
net_income,NetIncomeLoss,us-gaap,USD,2014-01-01,2014-03-31,5660000000.0,,,8-K,2015-10-27,0001193125-15-353706,CY2014Q1
net_income,NetIncomeLoss,us-gaap,USD,2013-07-01,2014-06-30,22074000000.0,2014,FY,10-K,2014-07-31,0001193125-14-289961,
net_income,NetIncomeLoss,us-gaap,USD,2014-04-01,2014-06-30,4612000000.0,2014,FY,10-K,2014-07-31,0001193125-14-289961,
net_income,NetIncomeLoss,us-gaap,USD,2013-07-01,2014-06-30,22074000000.0,2015,FY,10-K,2015-07-31,0001193125-15-272806,
net_income,NetIncomeLoss,us-gaap,USD,2014-04-01,2014-06-30,4612000000.0,2015,FY,10-K,2015-07-31,0001193125-15-272806,
net_income,NetIncomeLoss,us-gaap,USD,2013-07-01,2014-06-30,22074000000.0,,,8-K,2015-10-27,0001193125-15-353706,
net_income,NetIncomeLoss,us-gaap,USD,2014-04-01,2014-06-30,4612000000.0,,,8-K,2015-10-27,0001193125-15-353706,CY2014Q2
net_income,NetIncomeLoss,us-gaap,USD,2013-07-01,2014-06-30,22074000000.0,2016,FY,10-K,2016-07-28,0001193125-16-662209,CY2014
net_income,NetIncomeLoss,us-gaap,USD,2014-07-01,2014-09-30,4540000000.0,2015,Q1,10-Q,2014-10-23,0001193125-14-380252,
net_income,NetIncomeLoss,us-gaap,USD,2014-07-01,2014-09-30,4540000000.0,2015,FY,10-K,2015-07-31,0001193125-15-272806,
net_income,NetIncomeLoss,us-gaap,USD,2014-07-01,2014-09-30,4540000000.0,2016,Q1,10-Q,2015-10-22,0001193125-15-350718,
net_income,NetIncomeLoss,us-gaap,USD,2014-07-01,2014-09-30,4540000000.0,,,8-K,2015-10-27,0001193125-15-353706,
net_income,NetIncomeLoss,us-gaap,USD,2014-07-01,2014-09-30,4540000000.0,2016,FY,10-K,2016-07-28,0001193125-16-662209,CY2014Q3
net_income,NetIncomeLoss,us-gaap,USD,2014-07-01,2014-12-31,10403000000.0,2015,Q2,10-Q,2015-01-26,0001193125-15-020351,
net_income,NetIncomeLoss,us-gaap,USD,2014-10-01,2014-12-31,5863000000.0,2015,Q2,10-Q,2015-01-26,0001193125-15-020351,
net_income,NetIncomeLoss,us-gaap,USD,2014-10-01,2014-12-31,5863000000.0,2015,FY,10-K,2015-07-31,0001193125-15-272806,
net_income,NetIncomeLoss,us-gaap,USD,2014-10-01,2014-12-31,5863000000.0,,,8-K,2015-10-27,0001193125-15-353706,
net_income,NetIncomeLoss,us-gaap,USD,2014-07-01,2014-12-31,10403000000.0,2016,Q2,10-Q,2016-01-28,0001193125-16-441821,
net_income,NetIncomeLoss,us-gaap,USD,2014-10-01,2014-12-31,5863000000.0,2016,Q2,10-Q,2016-01-28,0001193125-16-441821,
net_income,NetIncomeLoss,us-gaap,USD,2014-10-01,2014-12-31,5863000000.0,2016,FY,10-K,2016-07-28,0001193125-16-662209,CY2014Q4
net_income,NetIncomeLoss,us-gaap,USD,2014-07-01,2015-03-31,15388000000.0,2015,Q3,10-Q,2015-04-23,0001193125-15-144151,
net_income,NetIncomeLoss,us-gaap,USD,2015-01-01,2015-03-31,4985000000.0,2015,Q3,10-Q,2015-04-23,0001193125-15-144151,
net_income,NetIncomeLoss,us-gaap,USD,2015-01-01,2015-03-31,4985000000.0,2015,FY,10-K,2015-07-31,0001193125-15-272806,
net_income,NetIncomeLoss,us-gaap,USD,2015-01-01,2015-03-31,4985000000.0,,,8-K,2015-10-27,0001193125-15-353706,
net_income,NetIncomeLoss,us-gaap,USD,2014-07-01,2015-03-31,15388000000.0,2016,Q3,10-Q,2016-04-21,0001193125-16-550254,
net_income,NetIncomeLoss,us-gaap,USD,2015-01-01,2015-03-31,4985000000.0,2016,Q3,10-Q,2016-04-21,0001193125-16-550254,
net_income,NetIncomeLoss,us-gaap,USD,2015-01-01,2015-03-31,4985000000.0,2016,FY,10-K,2016-07-28,0001193125-16-662209,CY2015Q1
net_income,NetIncomeLoss,us-gaap,USD,2014-07-01,2015-06-30,12193000000.0,2015,FY,10-K,2015-07-31,0001193125-15-272806,
net_income,NetIncomeLoss,us-gaap,USD,2015-04-01,2015-06-30,-3195000000.0,2015,FY,10-K,2015-07-31,0001193125-15-272806,
net_income,NetIncomeLoss,us-gaap,USD,2014-07-01,2015-06-30,12193000000.0,,,8-K,2015-10-27,0001193125-15-353706,
net_income,NetIncomeLoss,us-gaap,USD,2015-04-01,2015-06-30,-3195000000.0,,,8-K,2015-10-27,0001193125-15-353706,
net_income,NetIncomeLoss,us-gaap,USD,2014-07-01,2015-06-30,12193000000.0,2016,FY,10-K,2016-07-28,0001193125-16-662209,
net_income,NetIncomeLoss,us-gaap,USD,2015-04-01,2015-06-30,-3195000000.0,2016,FY,10-K,2016-07-28,0001193125-16-662209,CY2015Q2
net_income,NetIncomeLoss,us-gaap,USD,2014-07-01,2015-06-30,12193000000.0,2017,FY,10-K,2017-08-02,0001564590-17-014900,CY2015
net_income,NetIncomeLoss,us-gaap,USD,2015-07-01,2015-09-30,4620000000.0,2016,Q1,10-Q,2015-10-22,0001193125-15-350718,
net_income,NetIncomeLoss,us-gaap,USD,2015-07-01,2015-09-30,4902000000.0,2016,Q3,10-Q,2016-04-21,0001193125-16-550254,
net_income,NetIncomeLoss,us-gaap,USD,2015-07-01,2015-09-30,4902000000.0,2016,FY,10-K,2016-07-28,0001193125-16-662209,
net_income,NetIncomeLoss,us-gaap,USD,2015-07-01,2015-09-30,4902000000.0,2017,Q1,10-Q,2016-10-20,0001193125-16-742796,
net_income,NetIncomeLoss,us-gaap,USD,2015-07-01,2015-09-30,4902000000.0,2017,FY,10-K,2017-08-02,0001564590-17-014900,CY2015Q3
net_income,NetIncomeLoss,us-gaap,USD,2015-07-01,2015-12-31,9618000000.0,2016,Q2,10-Q,2016-01-28,0001193125-16-441821,
net_income,NetIncomeLoss,us-gaap,USD,2015-10-01,2015-12-31,4998000000.0,2016,Q2,10-Q,2016-01-28,0001193125-16-441821,
net_income,NetIncomeLoss,us-gaap,USD,2015-10-01,2015-12-31,5018000000.0,2016,Q3,10-Q,2016-04-21,0001193125-16-550254,
net_income,NetIncomeLoss,us-gaap,USD,2015-10-01,2015-12-31,5018000000.0,2016,FY,10-K,2016-07-28,0001193125-16-662209,
net_income,NetIncomeLoss,us-gaap,USD,2015-07-01,2015-12-31,9920000000.0,2017,Q2,10-Q,2017-01-26,0001564590-17-000654,
net_income,NetIncomeLoss,us-gaap,USD,2015-10-01,2015-12-31,5018000000.0,2017,Q2,10-Q,2017-01-26,0001564590-17-000654,
net_income,NetIncomeLoss,us-gaap,USD,2015-10-01,2015-12-31,5018000000.0,2017,FY,10-K,2017-08-02,0001564590-17-014900,CY2015Q4
net_income,NetIncomeLoss,us-gaap,USD,2015-07-01,2016-03-31,13676000000.0,2016,Q3,10-Q,2016-04-21,0001193125-16-550254,
net_income,NetIncomeLoss,us-gaap,USD,2016-01-01,2016-03-31,3756000000.0,2016,Q3,10-Q,2016-04-21,0001193125-16-550254,
net_income,NetIncomeLoss,us-gaap,USD,2016-01-01,2016-03-31,3756000000.0,2016,FY,10-K,2016-07-28,0001193125-16-662209,
net_income,NetIncomeLoss,us-gaap,USD,2015-07-01,2016-03-31,13676000000.0,2017,Q3,10-Q,2017-04-27,0001564590-17-007547,
net_income,NetIncomeLoss,us-gaap,USD,2016-01-01,2016-03-31,3756000000.0,2017,Q3,10-Q,2017-04-27,0001564590-17-007547,
net_income,NetIncomeLoss,us-gaap,USD,2016-01-01,2016-03-31,3756000000.0,2017,FY,10-K,2017-08-02,0001564590-17-014900,CY2016Q1
net_income,NetIncomeLoss,us-gaap,USD,2015-07-01,2016-06-30,16798000000.0,2016,FY,10-K,2016-07-28,0001193125-16-662209,
net_income,NetIncomeLoss,us-gaap,USD,2016-04-01,2016-06-30,3122000000.0,2016,FY,10-K,2016-07-28,0001193125-16-662209,
net_income,NetIncomeLoss,us-gaap,USD,2015-07-01,2016-06-30,16798000000.0,2017,FY,10-K,2017-08-02,0001564590-17-014900,
net_income,NetIncomeLoss,us-gaap,USD,2016-04-01,2016-06-30,3122000000.0,2017,FY,10-K,2017-08-02,0001564590-17-014900,CY2016Q2
net_income,NetIncomeLoss,us-gaap,USD,2015-07-01,2016-06-30,20539000000.0,2018,FY,10-K,2018-08-03,0001564590-18-019062,CY2016
net_income,NetIncomeLoss,us-gaap,USD,2016-07-01,2016-09-30,4690000000.0,2017,Q1,10-Q,2016-10-20,0001193125-16-742796,
net_income,NetIncomeLoss,us-gaap,USD,2016-07-01,2016-09-30,4690000000.0,2017,FY,10-K,2017-08-02,0001564590-17-014900,
net_income,NetIncomeLoss,us-gaap,USD,2016-07-01,2016-09-30,5667000000.0,2018,Q1,10-Q,2017-10-26,0001564590-17-020171,CY2016Q3
net_income,NetIncomeLoss,us-gaap,USD,2016-07-02,2016-09-30,5667000000.0,2018,FY,10-K,2018-08-03,0001564590-18-019062,
net_income,NetIncomeLoss,us-gaap,USD,2016-07-01,2016-12-31,9890000000.0,2017,Q2,10-Q,2017-01-26,0001564590-17-000654,
net_income,NetIncomeLoss,us-gaap,USD,2016-10-01,2016-12-31,5200000000.0,2017,Q2,10-Q,2017-01-26,0001564590-17-000654,
net_income,NetIncomeLoss,us-gaap,USD,2016-10-01,2016-12-31,5200000000.0,2017,FY,10-K,2017-08-02,0001564590-17-014900,
net_income,NetIncomeLoss,us-gaap,USD,2016-07-01,2016-12-31,11934000000.0,2018,Q2,10-Q,2018-01-31,0001564590-18-001129,
net_income,NetIncomeLoss,us-gaap,USD,2016-10-01,2016-12-31,6267000000.0,2018,Q2,10-Q,2018-01-31,0001564590-18-001129,
net_income,NetIncomeLoss,us-gaap,USD,2016-10-01,2016-12-31,6267000000.0,2018,FY,10-K,2018-08-03,0001564590-18-019062,CY2016Q4
net_income,NetIncomeLoss,us-gaap,USD,2016-07-01,2017-03-31,14691000000.0,2017,Q3,10-Q,2017-04-27,0001564590-17-007547,
net_income,NetIncomeLoss,us-gaap,USD,2017-01-01,2017-03-31,4801000000.0,2017,Q3,10-Q,2017-04-27,0001564590-17-007547,
net_income,NetIncomeLoss,us-gaap,USD,2017-01-01,2017-03-31,4801000000.0,2017,FY,10-K,2017-08-02,0001564590-17-014900,
net_income,NetIncomeLoss,us-gaap,USD,2016-07-01,2017-03-31,17420000000.0,2018,Q3,10-Q,2018-04-26,0001564590-18-009307,
net_income,NetIncomeLoss,us-gaap,USD,2017-01-01,2017-03-31,5486000000.0,2018,Q3,10-Q,2018-04-26,0001564590-18-009307,
net_income,NetIncomeLoss,us-gaap,USD,2017-01-01,2017-03-31,5486000000.0,2018,FY,10-K,2018-08-03,0001564590-18-019062,CY2017Q1
net_income,NetIncomeLoss,us-gaap,USD,2016-07-01,2017-06-30,21204000000.0,2017,FY,10-K,2017-08-02,0001564590-17-014900,
net_income,NetIncomeLoss,us-gaap,USD,2017-04-01,2017-06-30,6513000000.0,2017,FY,10-K,2017-08-02,0001564590-17-014900,
net_income,NetIncomeLoss,us-gaap,USD,2016-07-01,2017-06-30,25489000000.0,2018,FY,10-K,2018-08-03,0001564590-18-019062,
net_income,NetIncomeLoss,us-gaap,USD,2017-04-01,2017-06-30,8069000000.0,2018,FY,10-K,2018-08-03,0001564590-18-019062,CY2017Q2
net_income,NetIncomeLoss,us-gaap,USD,2016-07-01,2017-06-30,25489000000.0,2019,FY,10-K,2019-08-01,0001564590-19-027952,CY2017
net_income,NetIncomeLoss,us-gaap,USD,2017-07-01,2017-09-30,6576000000.0,2018,Q1,10-Q,2017-10-26,0001564590-17-020171,
net_income,NetIncomeLoss,us-gaap,USD,2017-07-01,2017-09-30,6576000000.0,2018,FY,10-K,2018-08-03,0001564590-18-019062,
net_income,NetIncomeLoss,us-gaap,USD,2017-07-01,2017-09-30,6576000000.0,2019,Q1,10-Q,2018-10-24,0001564590-18-024893,
net_income,NetIncomeLoss,us-gaap,USD,2017-07-01,2017-09-30,6576000000.0,2019,FY,10-K,2019-08-01,0001564590-19-027952,CY2017Q3
net_income,NetIncomeLoss,us-gaap,USD,2017-07-01,2017-12-31,274000000.0,2018,Q2,10-Q,2018-01-31,0001564590-18-001129,
net_income,NetIncomeLoss,us-gaap,USD,2017-10-01,2017-12-31,-6302000000.0,2018,Q2,10-Q,2018-01-31,0001564590-18-001129,
net_income,NetIncomeLoss,us-gaap,USD,2017-10-01,2017-12-31,-6302000000.0,2018,FY,10-K,2018-08-03,0001564590-18-019062,
net_income,NetIncomeLoss,us-gaap,USD,2017-07-01,2017-12-31,274000000.0,2019,Q2,10-Q,2019-01-30,0001564590-19-001392,
net_income,NetIncomeLoss,us-gaap,USD,2017-10-01,2017-12-31,-6302000000.0,2019,Q2,10-Q,2019-01-30,0001564590-19-001392,
net_income,NetIncomeLoss,us-gaap,USD,2017-10-01,2017-12-31,-6302000000.0,2019,FY,10-K,2019-08-01,0001564590-19-027952,CY2017Q4
net_income,NetIncomeLoss,us-gaap,USD,2017-07-01,2018-03-31,7698000000.0,2018,Q3,10-Q,2018-04-26,0001564590-18-009307,
net_income,NetIncomeLoss,us-gaap,USD,2018-01-01,2018-03-31,7424000000.0,2018,Q3,10-Q,2018-04-26,0001564590-18-009307,
net_income,NetIncomeLoss,us-gaap,USD,2018-01-01,2018-03-31,7424000000.0,2018,FY,10-K,2018-08-03,0001564590-18-019062,
net_income,NetIncomeLoss,us-gaap,USD,2017-07-01,2018-03-31,7698000000.0,2019,Q3,10-Q,2019-04-24,0001564590-19-012709,
net_income,NetIncomeLoss,us-gaap,USD,2018-01-01,2018-03-31,7424000000.0,2019,Q3,10-Q,2019-04-24,0001564590-19-012709,
net_income,NetIncomeLoss,us-gaap,USD,2018-01-01,2018-03-31,7424000000.0,2019,FY,10-K,2019-08-01,0001564590-19-027952,CY2018Q1
net_income,NetIncomeLoss,us-gaap,USD,2017-07-01,2018-06-30,16571000000.0,2018,FY,10-K,2018-08-03,0001564590-18-019062,
net_income,NetIncomeLoss,us-gaap,USD,2018-04-01,2018-06-30,8873000000.0,2018,FY,10-K,2018-08-03,0001564590-18-019062,
net_income,NetIncomeLoss,us-gaap,USD,2017-07-01,2018-06-30,16571000000.0,2019,FY,10-K,2019-08-01,0001564590-19-027952,
net_income,NetIncomeLoss,us-gaap,USD,2018-04-01,2018-06-30,8873000000.0,2019,FY,10-K,2019-08-01,0001564590-19-027952,CY2018Q2
net_income,NetIncomeLoss,us-gaap,USD,2017-07-01,2018-06-30,16571000000.0,2020,FY,10-K,2020-07-30,0001564590-20-034944,CY2018
net_income,NetIncomeLoss,us-gaap,USD,2018-07-01,2018-09-30,8824000000.0,2019,Q1,10-Q,2018-10-24,0001564590-18-024893,
net_income,NetIncomeLoss,us-gaap,USD,2018-07-01,2018-09-30,8824000000.0,2019,FY,10-K,2019-08-01,0001564590-19-027952,
net_income,NetIncomeLoss,us-gaap,USD,2018-07-01,2018-09-30,8824000000.0,2020,Q1,10-Q,2019-10-23,0001564590-19-037549,
net_income,NetIncomeLoss,us-gaap,USD,2018-07-01,2018-09-30,8824000000.0,2020,FY,10-K,2020-07-30,0001564590-20-034944,CY2018Q3
net_income,NetIncomeLoss,us-gaap,USD,2018-07-01,2018-12-31,17244000000.0,2019,Q2,10-Q,2019-01-30,0001564590-19-001392,
net_income,NetIncomeLoss,us-gaap,USD,2018-10-01,2018-12-31,8420000000.0,2019,Q2,10-Q,2019-01-30,0001564590-19-001392,
net_income,NetIncomeLoss,us-gaap,USD,2018-10-01,2018-12-31,8420000000.0,2019,FY,10-K,2019-08-01,0001564590-19-027952,
net_income,NetIncomeLoss,us-gaap,USD,2018-07-01,2018-12-31,17244000000.0,2020,Q2,10-Q,2020-01-29,0001564590-20-002450,
net_income,NetIncomeLoss,us-gaap,USD,2018-10-01,2018-12-31,8420000000.0,2020,Q2,10-Q,2020-01-29,0001564590-20-002450,
net_income,NetIncomeLoss,us-gaap,USD,2018-10-01,2018-12-31,8420000000.0,2020,FY,10-K,2020-07-30,0001564590-20-034944,CY2018Q4
net_income,NetIncomeLoss,us-gaap,USD,2018-07-01,2019-03-31,26053000000.0,2019,Q3,10-Q,2019-04-24,0001564590-19-012709,
net_income,NetIncomeLoss,us-gaap,USD,2019-01-01,2019-03-31,8809000000.0,2019,Q3,10-Q,2019-04-24,0001564590-19-012709,
net_income,NetIncomeLoss,us-gaap,USD,2019-01-01,2019-03-31,8809000000.0,2019,FY,10-K,2019-08-01,0001564590-19-027952,
net_income,NetIncomeLoss,us-gaap,USD,2018-07-01,2019-03-31,26053000000.0,2020,Q3,10-Q,2020-04-29,0001564590-20-019706,
net_income,NetIncomeLoss,us-gaap,USD,2019-01-01,2019-03-31,8809000000.0,2020,Q3,10-Q,2020-04-29,0001564590-20-019706,
net_income,NetIncomeLoss,us-gaap,USD,2019-01-01,2019-03-31,8809000000.0,2020,FY,10-K,2020-07-30,0001564590-20-034944,CY2019Q1
net_income,NetIncomeLoss,us-gaap,USD,2018-07-01,2019-06-30,39240000000.0,2019,FY,10-K,2019-08-01,0001564590-19-027952,
net_income,NetIncomeLoss,us-gaap,USD,2019-04-01,2019-06-30,13187000000.0,2019,FY,10-K,2019-08-01,0001564590-19-027952,
net_income,NetIncomeLoss,us-gaap,USD,2018-07-01,2019-06-30,39240000000.0,2020,FY,10-K,2020-07-30,0001564590-20-034944,
net_income,NetIncomeLoss,us-gaap,USD,2019-04-01,2019-06-30,13187000000.0,2020,FY,10-K,2020-07-30,0001564590-20-034944,CY2019Q2
net_income,NetIncomeLoss,us-gaap,USD,2018-07-01,2019-06-30,39240000000.0,2021,FY,10-K,2021-07-29,0001564590-21-039151,CY2019
net_income,NetIncomeLoss,us-gaap,USD,2019-07-01,2019-09-30,10678000000.0,2020,Q1,10-Q,2019-10-23,0001564590-19-037549,
net_income,NetIncomeLoss,us-gaap,USD,2019-07-01,2019-09-30,10678000000.0,2020,FY,10-K,2020-07-30,0001564590-20-034944,
net_income,NetIncomeLoss,us-gaap,USD,2019-07-01,2019-09-30,10678000000.0,2021,Q1,10-Q,2020-10-27,0001564590-20-047996,CY2019Q3
net_income,NetIncomeLoss,us-gaap,USD,2019-07-01,2019-12-31,22327000000.0,2020,Q2,10-Q,2020-01-29,0001564590-20-002450,
net_income,NetIncomeLoss,us-gaap,USD,2019-10-01,2019-12-31,11649000000.0,2020,Q2,10-Q,2020-01-29,0001564590-20-002450,
net_income,NetIncomeLoss,us-gaap,USD,2019-10-01,2019-12-31,11649000000.0,2020,FY,10-K,2020-07-30,0001564590-20-034944,
net_income,NetIncomeLoss,us-gaap,USD,2019-07-01,2019-12-31,22327000000.0,2021,Q2,10-Q,2021-01-26,0001564590-21-002316,
net_income,NetIncomeLoss,us-gaap,USD,2019-10-01,2019-12-31,11649000000.0,2021,Q2,10-Q,2021-01-26,0001564590-21-002316,CY2019Q4
net_income,NetIncomeLoss,us-gaap,USD,2019-07-01,2020-03-31,33079000000.0,2020,Q3,10-Q,2020-04-29,0001564590-20-019706,
net_income,NetIncomeLoss,us-gaap,USD,2020-01-01,2020-03-31,10752000000.0,2020,Q3,10-Q,2020-04-29,0001564590-20-019706,
net_income,NetIncomeLoss,us-gaap,USD,2020-01-01,2020-03-31,10752000000.0,2020,FY,10-K,2020-07-30,0001564590-20-034944,
net_income,NetIncomeLoss,us-gaap,USD,2019-07-01,2020-03-31,33079000000.0,2021,Q3,10-Q,2021-04-27,0001564590-21-020891,
net_income,NetIncomeLoss,us-gaap,USD,2020-01-01,2020-03-31,10752000000.0,2021,Q3,10-Q,2021-04-27,0001564590-21-020891,CY2020Q1
net_income,NetIncomeLoss,us-gaap,USD,2019-07-01,2020-06-30,44281000000.0,2020,FY,10-K,2020-07-30,0001564590-20-034944,
net_income,NetIncomeLoss,us-gaap,USD,2020-04-01,2020-06-30,11202000000.0,2020,FY,10-K,2020-07-30,0001564590-20-034944,CY2020Q2
net_income,NetIncomeLoss,us-gaap,USD,2019-07-01,2020-06-30,44281000000.0,2021,FY,10-K,2021-07-29,0001564590-21-039151,
net_income,NetIncomeLoss,us-gaap,USD,2019-07-01,2020-06-30,44281000000.0,2022,FY,10-K,2022-07-28,0001564590-22-026876,CY2020
net_income,NetIncomeLoss,us-gaap,USD,2020-07-01,2020-09-30,13893000000.0,2021,Q1,10-Q,2020-10-27,0001564590-20-047996,
net_income,NetIncomeLoss,us-gaap,USD,2020-07-01,2020-09-30,13893000000.0,2022,Q1,10-Q,2021-10-26,0001564590-21-051992,CY2020Q3
net_income,NetIncomeLoss,us-gaap,USD,2020-07-01,2020-12-31,29356000000.0,2021,Q2,10-Q,2021-01-26,0001564590-21-002316,
net_income,NetIncomeLoss,us-gaap,USD,2020-10-01,2020-12-31,15463000000.0,2021,Q2,10-Q,2021-01-26,0001564590-21-002316,
net_income,NetIncomeLoss,us-gaap,USD,2020-07-01,2020-12-31,29356000000.0,2022,Q2,10-Q,2022-01-25,0001564590-22-002324,
net_income,NetIncomeLoss,us-gaap,USD,2020-10-01,2020-12-31,15463000000.0,2022,Q2,10-Q,2022-01-25,0001564590-22-002324,CY2020Q4
net_income,NetIncomeLoss,us-gaap,USD,2020-07-01,2021-03-31,44813000000.0,2021,Q3,10-Q,2021-04-27,0001564590-21-020891,
net_income,NetIncomeLoss,us-gaap,USD,2021-01-01,2021-03-31,15457000000.0,2021,Q3,10-Q,2021-04-27,0001564590-21-020891,
net_income,NetIncomeLoss,us-gaap,USD,2020-07-01,2021-03-31,44813000000.0,2022,Q3,10-Q,2022-04-26,0001564590-22-015675,
net_income,NetIncomeLoss,us-gaap,USD,2021-01-01,2021-03-31,15457000000.0,2022,Q3,10-Q,2022-04-26,0001564590-22-015675,CY2021Q1
net_income,NetIncomeLoss,us-gaap,USD,2020-07-01,2021-06-30,61271000000.0,2021,FY,10-K,2021-07-29,0001564590-21-039151,
net_income,NetIncomeLoss,us-gaap,USD,2020-07-01,2021-06-30,61271000000.0,2022,FY,10-K,2022-07-28,0001564590-22-026876,
net_income,NetIncomeLoss,us-gaap,USD,2020-07-01,2021-06-30,61271000000.0,2023,FY,10-K,2023-07-27,0000950170-23-035122,CY2021
net_income,NetIncomeLoss,us-gaap,USD,2021-07-01,2021-09-30,20505000000.0,2022,Q1,10-Q,2021-10-26,0001564590-21-051992,
net_income,NetIncomeLoss,us-gaap,USD,2021-07-01,2021-09-30,20505000000.0,2023,Q1,10-Q,2022-10-25,0001564590-22-035087,CY2021Q3
net_income,NetIncomeLoss,us-gaap,USD,2021-07-01,2021-12-31,39270000000.0,2022,Q2,10-Q,2022-01-25,0001564590-22-002324,
net_income,NetIncomeLoss,us-gaap,USD,2021-10-01,2021-12-31,18765000000.0,2022,Q2,10-Q,2022-01-25,0001564590-22-002324,
net_income,NetIncomeLoss,us-gaap,USD,2021-07-01,2021-12-31,39270000000.0,2023,Q2,10-Q,2023-01-24,0001564590-23-000733,
net_income,NetIncomeLoss,us-gaap,USD,2021-10-01,2021-12-31,18765000000.0,2023,Q2,10-Q,2023-01-24,0001564590-23-000733,CY2021Q4
net_income,NetIncomeLoss,us-gaap,USD,2021-07-01,2022-03-31,55998000000.0,2022,Q3,10-Q,2022-04-26,0001564590-22-015675,
net_income,NetIncomeLoss,us-gaap,USD,2022-01-01,2022-03-31,16728000000.0,2022,Q3,10-Q,2022-04-26,0001564590-22-015675,
net_income,NetIncomeLoss,us-gaap,USD,2021-07-01,2022-03-31,55998000000.0,2023,Q3,10-Q,2023-04-25,0000950170-23-014423,
net_income,NetIncomeLoss,us-gaap,USD,2022-01-01,2022-03-31,16728000000.0,2023,Q3,10-Q,2023-04-25,0000950170-23-014423,CY2022Q1
net_income,NetIncomeLoss,us-gaap,USD,2021-07-01,2022-06-30,72738000000.0,2022,FY,10-K,2022-07-28,0001564590-22-026876,
net_income,NetIncomeLoss,us-gaap,USD,2021-07-01,2022-06-30,72738000000.0,2023,FY,10-K,2023-07-27,0000950170-23-035122,
net_income,NetIncomeLoss,us-gaap,USD,2021-07-01,2022-06-30,72738000000.0,2024,FY,10-K,2024-07-30,0000950170-24-087843,
net_income,NetIncomeLoss,us-gaap,USD,2021-07-01,2022-06-30,72738000000.0,,,8-K,2024-12-03,0000950170-24-132722,CY2022
net_income,NetIncomeLoss,us-gaap,USD,2022-07-01,2022-09-30,17556000000.0,2023,Q1,10-Q,2022-10-25,0001564590-22-035087,
net_income,NetIncomeLoss,us-gaap,USD,2022-07-01,2022-09-30,17556000000.0,2024,Q1,10-Q,2023-10-24,0000950170-23-054855,CY2022Q3
net_income,NetIncomeLoss,us-gaap,USD,2022-07-01,2022-12-31,33981000000.0,2023,Q2,10-Q,2023-01-24,0001564590-23-000733,
net_income,NetIncomeLoss,us-gaap,USD,2022-10-01,2022-12-31,16425000000.0,2023,Q2,10-Q,2023-01-24,0001564590-23-000733,
net_income,NetIncomeLoss,us-gaap,USD,2022-07-01,2022-12-31,33981000000.0,2024,Q2,10-Q,2024-01-30,0000950170-24-008814,
net_income,NetIncomeLoss,us-gaap,USD,2022-10-01,2022-12-31,16425000000.0,2024,Q2,10-Q,2024-01-30,0000950170-24-008814,CY2022Q4
net_income,NetIncomeLoss,us-gaap,USD,2022-07-01,2023-03-31,52280000000.0,2023,Q3,10-Q,2023-04-25,0000950170-23-014423,
net_income,NetIncomeLoss,us-gaap,USD,2023-01-01,2023-03-31,18299000000.0,2023,Q3,10-Q,2023-04-25,0000950170-23-014423,
net_income,NetIncomeLoss,us-gaap,USD,2022-07-01,2023-03-31,52280000000.0,2024,Q3,10-Q,2024-04-25,0000950170-24-048288,
net_income,NetIncomeLoss,us-gaap,USD,2023-01-01,2023-03-31,18299000000.0,2024,Q3,10-Q,2024-04-25,0000950170-24-048288,CY2023Q1
net_income,NetIncomeLoss,us-gaap,USD,2022-07-01,2023-06-30,72361000000.0,2023,FY,10-K,2023-07-27,0000950170-23-035122,
net_income,NetIncomeLoss,us-gaap,USD,2022-07-01,2023-06-30,72361000000.0,2024,FY,10-K,2024-07-30,0000950170-24-087843,
net_income,NetIncomeLoss,us-gaap,USD,2022-07-01,2023-06-30,72361000000.0,,,8-K,2024-12-03,0000950170-24-132722,
net_income,NetIncomeLoss,us-gaap,USD,2022-07-01,2023-06-30,72361000000.0,2025,FY,10-K,2025-07-30,0000950170-25-100235,CY2023
net_income,NetIncomeLoss,us-gaap,USD,2023-07-01,2023-09-30,22291000000.0,2024,Q1,10-Q,2023-10-24,0000950170-23-054855,
net_income,NetIncomeLoss,us-gaap,USD,2023-07-01,2023-09-30,22291000000.0,2025,Q1,10-Q,2024-10-30,0000950170-24-118967,CY2023Q3
net_income,NetIncomeLoss,us-gaap,USD,2023-07-01,2023-12-31,44161000000.0,2024,Q2,10-Q,2024-01-30,0000950170-24-008814,
net_income,NetIncomeLoss,us-gaap,USD,2023-10-01,2023-12-31,21870000000.0,2024,Q2,10-Q,2024-01-30,0000950170-24-008814,
net_income,NetIncomeLoss,us-gaap,USD,2023-07-01,2023-12-31,44161000000.0,2025,Q2,10-Q,2025-01-29,0000950170-25-010491,
net_income,NetIncomeLoss,us-gaap,USD,2023-10-01,2023-12-31,21870000000.0,2025,Q2,10-Q,2025-01-29,0000950170-25-010491,CY2023Q4
net_income,NetIncomeLoss,us-gaap,USD,2023-07-01,2024-03-31,66100000000.0,2024,Q3,10-Q,2024-04-25,0000950170-24-048288,
net_income,NetIncomeLoss,us-gaap,USD,2024-01-01,2024-03-31,21939000000.0,2024,Q3,10-Q,2024-04-25,0000950170-24-048288,
net_income,NetIncomeLoss,us-gaap,USD,2023-07-01,2024-03-31,66100000000.0,2025,Q3,10-Q,2025-04-30,0000950170-25-061046,
net_income,NetIncomeLoss,us-gaap,USD,2024-01-01,2024-03-31,21939000000.0,2025,Q3,10-Q,2025-04-30,0000950170-25-061046,CY2024Q1
net_income,NetIncomeLoss,us-gaap,USD,2023-07-01,2024-06-30,88136000000.0,2024,FY,10-K,2024-07-30,0000950170-24-087843,
net_income,NetIncomeLoss,us-gaap,USD,2023-07-01,2024-06-30,88136000000.0,,,8-K,2024-12-03,0000950170-24-132722,
net_income,NetIncomeLoss,us-gaap,USD,2023-07-01,2024-06-30,88136000000.0,2025,FY,10-K,2025-07-30,0000950170-25-100235,
net_income,NetIncomeLoss,us-gaap,USD,2023-07-01,2024-06-30,88136000000.0,2026,FY,10-K,2026-07-29,0001193125-26-323660,CY2024
net_income,NetIncomeLoss,us-gaap,USD,2024-07-01,2024-09-30,24667000000.0,2025,Q1,10-Q,2024-10-30,0000950170-24-118967,
net_income,NetIncomeLoss,us-gaap,USD,2024-07-01,2024-09-30,24667000000.0,2026,Q1,10-Q,2025-10-29,0001193125-25-256321,CY2024Q3
net_income,NetIncomeLoss,us-gaap,USD,2024-07-01,2024-12-31,48775000000.0,2025,Q2,10-Q,2025-01-29,0000950170-25-010491,
net_income,NetIncomeLoss,us-gaap,USD,2024-10-01,2024-12-31,24108000000.0,2025,Q2,10-Q,2025-01-29,0000950170-25-010491,
net_income,NetIncomeLoss,us-gaap,USD,2024-07-01,2024-12-31,48775000000.0,2026,Q2,10-Q,2026-01-28,0001193125-26-027207,
net_income,NetIncomeLoss,us-gaap,USD,2024-10-01,2024-12-31,24108000000.0,2026,Q2,10-Q,2026-01-28,0001193125-26-027207,CY2024Q4
net_income,NetIncomeLoss,us-gaap,USD,2024-07-01,2025-03-31,74599000000.0,2025,Q3,10-Q,2025-04-30,0000950170-25-061046,
net_income,NetIncomeLoss,us-gaap,USD,2025-01-01,2025-03-31,25824000000.0,2025,Q3,10-Q,2025-04-30,0000950170-25-061046,
net_income,NetIncomeLoss,us-gaap,USD,2024-07-01,2025-03-31,74599000000.0,2026,Q3,10-Q,2026-04-29,0001193125-26-191507,
net_income,NetIncomeLoss,us-gaap,USD,2025-01-01,2025-03-31,25824000000.0,2026,Q3,10-Q,2026-04-29,0001193125-26-191507,CY2025Q1
net_income,NetIncomeLoss,us-gaap,USD,2024-07-01,2025-06-30,101832000000.0,2025,FY,10-K,2025-07-30,0000950170-25-100235,
net_income,NetIncomeLoss,us-gaap,USD,2024-07-01,2025-06-30,101832000000.0,2026,FY,10-K,2026-07-29,0001193125-26-323660,CY2025
net_income,NetIncomeLoss,us-gaap,USD,2025-07-01,2025-09-30,27747000000.0,2026,Q1,10-Q,2025-10-29,0001193125-25-256321,CY2025Q3
net_income,NetIncomeLoss,us-gaap,USD,2025-07-01,2025-12-31,66205000000.0,2026,Q2,10-Q,2026-01-28,0001193125-26-027207,
net_income,NetIncomeLoss,us-gaap,USD,2025-10-01,2025-12-31,38458000000.0,2026,Q2,10-Q,2026-01-28,0001193125-26-027207,CY2025Q4
net_income,NetIncomeLoss,us-gaap,USD,2025-07-01,2026-03-31,97983000000.0,2026,Q3,10-Q,2026-04-29,0001193125-26-191507,
net_income,NetIncomeLoss,us-gaap,USD,2026-01-01,2026-03-31,31778000000.0,2026,Q3,10-Q,2026-04-29,0001193125-26-191507,CY2026Q1
net_income,NetIncomeLoss,us-gaap,USD,2025-07-01,2026-06-30,133749000000.0,2026,FY,10-K,2026-07-29,0001193125-26-323660,CY2026
operating_income,OperatingIncomeLoss,us-gaap,USD,2007-07-01,2008-06-30,22271000000.0,2010,FY,10-K,2010-07-30,0001193125-10-171791,CY2008
operating_income,OperatingIncomeLoss,us-gaap,USD,2008-07-01,2008-09-30,5999000000.0,2010,Q1,10-Q,2009-10-23,0001193125-09-212454,CY2008Q3
operating_income,OperatingIncomeLoss,us-gaap,USD,2008-07-01,2008-12-31,11938000000.0,2010,Q2,10-Q,2010-01-28,0001193125-10-015598,
operating_income,OperatingIncomeLoss,us-gaap,USD,2008-10-01,2008-12-31,5939000000.0,2010,Q2,10-Q,2010-01-28,0001193125-10-015598,CY2008Q4
operating_income,OperatingIncomeLoss,us-gaap,USD,2008-07-01,2009-03-31,16376000000.0,2010,Q3,10-Q,2010-04-22,0001193125-10-090116,
operating_income,OperatingIncomeLoss,us-gaap,USD,2009-01-01,2009-03-31,4438000000.0,2010,Q3,10-Q,2010-04-22,0001193125-10-090116,CY2009Q1
operating_income,OperatingIncomeLoss,us-gaap,USD,2008-07-01,2009-06-30,20363000000.0,2010,FY,10-K,2010-07-30,0001193125-10-171791,
operating_income,OperatingIncomeLoss,us-gaap,USD,2008-07-01,2009-06-30,20363000000.0,2011,FY,10-K,2011-07-28,0001193125-11-200680,CY2009
operating_income,OperatingIncomeLoss,us-gaap,USD,2009-07-01,2009-09-30,4482000000.0,2010,Q1,10-Q,2009-10-23,0001193125-09-212454,
operating_income,OperatingIncomeLoss,us-gaap,USD,2009-07-01,2009-09-30,4482000000.0,2011,Q1,10-Q,2010-10-28,0001193125-10-239825,CY2009Q3
operating_income,OperatingIncomeLoss,us-gaap,USD,2009-07-01,2009-12-31,12995000000.0,2010,Q2,10-Q,2010-01-28,0001193125-10-015598,
operating_income,OperatingIncomeLoss,us-gaap,USD,2009-10-01,2009-12-31,8513000000.0,2010,Q2,10-Q,2010-01-28,0001193125-10-015598,
operating_income,OperatingIncomeLoss,us-gaap,USD,2009-07-01,2009-12-31,12995000000.0,2011,Q2,10-Q,2011-01-27,0001193125-11-015947,
operating_income,OperatingIncomeLoss,us-gaap,USD,2009-10-01,2009-12-31,8513000000.0,2011,Q2,10-Q,2011-01-27,0001193125-11-015947,CY2009Q4
operating_income,OperatingIncomeLoss,us-gaap,USD,2009-07-01,2010-03-31,18168000000.0,2010,Q3,10-Q,2010-04-22,0001193125-10-090116,
operating_income,OperatingIncomeLoss,us-gaap,USD,2010-01-01,2010-03-31,5173000000.0,2010,Q3,10-Q,2010-04-22,0001193125-10-090116,
operating_income,OperatingIncomeLoss,us-gaap,USD,2009-07-01,2010-03-31,18168000000.0,2011,Q3,10-Q,2011-04-28,0001193125-11-115186,
operating_income,OperatingIncomeLoss,us-gaap,USD,2010-01-01,2010-03-31,5173000000.0,2011,Q3,10-Q,2011-04-28,0001193125-11-115186,CY2010Q1
operating_income,OperatingIncomeLoss,us-gaap,USD,2009-07-01,2010-06-30,24098000000.0,2010,FY,10-K,2010-07-30,0001193125-10-171791,
operating_income,OperatingIncomeLoss,us-gaap,USD,2009-07-01,2010-06-30,24098000000.0,2011,FY,10-K,2011-07-28,0001193125-11-200680,
operating_income,OperatingIncomeLoss,us-gaap,USD,2009-07-01,2010-06-30,24098000000.0,2012,FY,10-K,2012-07-26,0001193125-12-316848,CY2010
operating_income,OperatingIncomeLoss,us-gaap,USD,2010-07-01,2010-09-30,7116000000.0,2011,Q1,10-Q,2010-10-28,0001193125-10-239825,
operating_income,OperatingIncomeLoss,us-gaap,USD,2010-07-01,2010-09-30,7116000000.0,2012,Q1,10-Q,2011-10-20,0001193125-11-276022,CY2010Q3
operating_income,OperatingIncomeLoss,us-gaap,USD,2010-07-01,2010-12-31,15281000000.0,2011,Q2,10-Q,2011-01-27,0001193125-11-015947,
operating_income,OperatingIncomeLoss,us-gaap,USD,2010-10-01,2010-12-31,8165000000.0,2011,Q2,10-Q,2011-01-27,0001193125-11-015947,
operating_income,OperatingIncomeLoss,us-gaap,USD,2010-07-01,2010-12-31,15281000000.0,2012,Q2,10-Q/A,2012-01-27,0001193125-12-026864,
operating_income,OperatingIncomeLoss,us-gaap,USD,2010-10-01,2010-12-31,8165000000.0,2012,Q2,10-Q/A,2012-01-27,0001193125-12-026864,CY2010Q4
operating_income,OperatingIncomeLoss,us-gaap,USD,2010-07-01,2011-03-31,20990000000.0,2011,Q3,10-Q,2011-04-28,0001193125-11-115186,
operating_income,OperatingIncomeLoss,us-gaap,USD,2011-01-01,2011-03-31,5709000000.0,2011,Q3,10-Q,2011-04-28,0001193125-11-115186,
operating_income,OperatingIncomeLoss,us-gaap,USD,2010-07-01,2011-03-31,20990000000.0,2012,Q3,10-Q,2012-04-19,0001193125-12-170665,
operating_income,OperatingIncomeLoss,us-gaap,USD,2011-01-01,2011-03-31,5709000000.0,2012,Q3,10-Q,2012-04-19,0001193125-12-170665,CY2011Q1
operating_income,OperatingIncomeLoss,us-gaap,USD,2010-07-01,2011-06-30,27161000000.0,2011,FY,10-K,2011-07-28,0001193125-11-200680,
operating_income,OperatingIncomeLoss,us-gaap,USD,2010-07-01,2011-06-30,27161000000.0,2012,FY,10-K,2012-07-26,0001193125-12-316848,
operating_income,OperatingIncomeLoss,us-gaap,USD,2010-07-01,2011-06-30,27161000000.0,2013,FY,10-K,2013-07-30,0001193125-13-310206,
operating_income,OperatingIncomeLoss,us-gaap,USD,2010-07-01,2011-06-30,27161000000.0,2013,FY,8-K,2013-11-26,0001193125-13-455144,CY2011
operating_income,OperatingIncomeLoss,us-gaap,USD,2011-07-01,2011-09-30,7203000000.0,2012,Q1,10-Q,2011-10-20,0001193125-11-276022,
operating_income,OperatingIncomeLoss,us-gaap,USD,2011-07-01,2011-09-30,7203000000.0,2013,Q1,10-Q,2012-10-18,0001193125-12-427209,CY2011Q3
operating_income,OperatingIncomeLoss,us-gaap,USD,2011-07-01,2011-12-31,15197000000.0,2012,Q2,10-Q/A,2012-01-27,0001193125-12-026864,
operating_income,OperatingIncomeLoss,us-gaap,USD,2011-10-01,2011-12-31,7994000000.0,2012,Q2,10-Q/A,2012-01-27,0001193125-12-026864,
operating_income,OperatingIncomeLoss,us-gaap,USD,2011-07-01,2011-12-31,15197000000.0,2013,Q2,10-Q,2013-01-24,0001193125-13-022207,
operating_income,OperatingIncomeLoss,us-gaap,USD,2011-10-01,2011-12-31,7994000000.0,2013,Q2,10-Q,2013-01-24,0001193125-13-022207,CY2011Q4
operating_income,OperatingIncomeLoss,us-gaap,USD,2011-07-01,2012-03-31,21571000000.0,2012,Q3,10-Q,2012-04-19,0001193125-12-170665,
operating_income,OperatingIncomeLoss,us-gaap,USD,2012-01-01,2012-03-31,6374000000.0,2012,Q3,10-Q,2012-04-19,0001193125-12-170665,
operating_income,OperatingIncomeLoss,us-gaap,USD,2011-07-01,2012-03-31,21571000000.0,2013,Q3,10-Q,2013-04-18,0001193125-13-160748,
operating_income,OperatingIncomeLoss,us-gaap,USD,2012-01-01,2012-03-31,6374000000.0,2013,Q3,10-Q,2013-04-18,0001193125-13-160748,CY2012Q1
operating_income,OperatingIncomeLoss,us-gaap,USD,2011-07-01,2012-06-30,21763000000.0,2012,FY,10-K,2012-07-26,0001193125-12-316848,
operating_income,OperatingIncomeLoss,us-gaap,USD,2011-07-01,2012-06-30,21763000000.0,2013,FY,10-K,2013-07-30,0001193125-13-310206,
operating_income,OperatingIncomeLoss,us-gaap,USD,2011-07-01,2012-06-30,21763000000.0,2013,FY,8-K,2013-11-26,0001193125-13-455144,
operating_income,OperatingIncomeLoss,us-gaap,USD,2011-07-01,2012-06-30,21763000000.0,2014,FY,10-K,2014-07-31,0001193125-14-289961,CY2012
operating_income,OperatingIncomeLoss,us-gaap,USD,2012-07-01,2012-09-30,5308000000.0,2013,Q1,10-Q,2012-10-18,0001193125-12-427209,
operating_income,OperatingIncomeLoss,us-gaap,USD,2012-07-01,2012-09-30,5308000000.0,2014,Q1,10-Q,2013-10-24,0001193125-13-409855,CY2012Q3
operating_income,OperatingIncomeLoss,us-gaap,USD,2012-07-01,2012-12-31,13079000000.0,2013,Q2,10-Q,2013-01-24,0001193125-13-022207,
operating_income,OperatingIncomeLoss,us-gaap,USD,2012-10-01,2012-12-31,7771000000.0,2013,Q2,10-Q,2013-01-24,0001193125-13-022207,
operating_income,OperatingIncomeLoss,us-gaap,USD,2012-07-01,2012-12-31,13079000000.0,2014,Q2,10-Q,2014-01-23,0001193125-14-018634,
operating_income,OperatingIncomeLoss,us-gaap,USD,2012-10-01,2012-12-31,7771000000.0,2014,Q2,10-Q,2014-01-23,0001193125-14-018634,CY2012Q4
operating_income,OperatingIncomeLoss,us-gaap,USD,2012-07-01,2013-03-31,20691000000.0,2013,Q3,10-Q,2013-04-18,0001193125-13-160748,
operating_income,OperatingIncomeLoss,us-gaap,USD,2013-01-01,2013-03-31,7612000000.0,2013,Q3,10-Q,2013-04-18,0001193125-13-160748,
operating_income,OperatingIncomeLoss,us-gaap,USD,2012-07-01,2013-03-31,20691000000.0,2014,Q3,10-Q,2014-04-24,0001193125-14-157088,
operating_income,OperatingIncomeLoss,us-gaap,USD,2013-01-01,2013-03-31,7612000000.0,2014,Q3,10-Q,2014-04-24,0001193125-14-157088,CY2013Q1
operating_income,OperatingIncomeLoss,us-gaap,USD,2012-07-01,2013-06-30,26764000000.0,2013,FY,10-K,2013-07-30,0001193125-13-310206,
operating_income,OperatingIncomeLoss,us-gaap,USD,2012-07-01,2013-06-30,26764000000.0,2013,FY,8-K,2013-11-26,0001193125-13-455144,
operating_income,OperatingIncomeLoss,us-gaap,USD,2012-07-01,2013-06-30,26764000000.0,2014,FY,10-K,2014-07-31,0001193125-14-289961,
operating_income,OperatingIncomeLoss,us-gaap,USD,2012-07-01,2013-06-30,26764000000.0,2015,FY,10-K,2015-07-31,0001193125-15-272806,
operating_income,OperatingIncomeLoss,us-gaap,USD,2012-07-01,2013-06-30,26764000000.0,,,8-K,2015-10-27,0001193125-15-353706,CY2013
operating_income,OperatingIncomeLoss,us-gaap,USD,2013-07-01,2013-09-30,6334000000.0,2014,Q1,10-Q,2013-10-24,0001193125-13-409855,
operating_income,OperatingIncomeLoss,us-gaap,USD,2013-07-01,2013-09-30,6334000000.0,2015,Q1,10-Q,2014-10-23,0001193125-14-380252,
operating_income,OperatingIncomeLoss,us-gaap,USD,2013-07-01,2013-09-30,6334000000.0,,,8-K,2015-10-27,0001193125-15-353706,CY2013Q3
operating_income,OperatingIncomeLoss,us-gaap,USD,2013-07-01,2013-12-31,14303000000.0,2014,Q2,10-Q,2014-01-23,0001193125-14-018634,
operating_income,OperatingIncomeLoss,us-gaap,USD,2013-10-01,2013-12-31,7969000000.0,2014,Q2,10-Q,2014-01-23,0001193125-14-018634,
operating_income,OperatingIncomeLoss,us-gaap,USD,2013-07-01,2013-12-31,14303000000.0,2015,Q2,10-Q,2015-01-26,0001193125-15-020351,
operating_income,OperatingIncomeLoss,us-gaap,USD,2013-10-01,2013-12-31,7969000000.0,2015,Q2,10-Q,2015-01-26,0001193125-15-020351,
operating_income,OperatingIncomeLoss,us-gaap,USD,2013-10-01,2013-12-31,7969000000.0,,,8-K,2015-10-27,0001193125-15-353706,CY2013Q4
operating_income,OperatingIncomeLoss,us-gaap,USD,2013-07-01,2014-03-31,21277000000.0,2014,Q3,10-Q,2014-04-24,0001193125-14-157088,
operating_income,OperatingIncomeLoss,us-gaap,USD,2014-01-01,2014-03-31,6974000000.0,2014,Q3,10-Q,2014-04-24,0001193125-14-157088,
operating_income,OperatingIncomeLoss,us-gaap,USD,2013-07-01,2014-03-31,21277000000.0,2015,Q3,10-Q,2015-04-23,0001193125-15-144151,
operating_income,OperatingIncomeLoss,us-gaap,USD,2014-01-01,2014-03-31,6974000000.0,2015,Q3,10-Q,2015-04-23,0001193125-15-144151,
operating_income,OperatingIncomeLoss,us-gaap,USD,2014-01-01,2014-03-31,6974000000.0,,,8-K,2015-10-27,0001193125-15-353706,CY2014Q1
operating_income,OperatingIncomeLoss,us-gaap,USD,2013-07-01,2014-06-30,27759000000.0,2014,FY,10-K,2014-07-31,0001193125-14-289961,
operating_income,OperatingIncomeLoss,us-gaap,USD,2013-07-01,2014-06-30,27759000000.0,2015,FY,10-K,2015-07-31,0001193125-15-272806,
operating_income,OperatingIncomeLoss,us-gaap,USD,2013-07-01,2014-06-30,27759000000.0,,,8-K,2015-10-27,0001193125-15-353706,
operating_income,OperatingIncomeLoss,us-gaap,USD,2014-04-01,2014-06-30,6482000000.0,,,8-K,2015-10-27,0001193125-15-353706,CY2014Q2
operating_income,OperatingIncomeLoss,us-gaap,USD,2013-07-01,2014-06-30,27759000000.0,2016,FY,10-K,2016-07-28,0001193125-16-662209,CY2014
operating_income,OperatingIncomeLoss,us-gaap,USD,2014-07-01,2014-09-30,5844000000.0,2015,Q1,10-Q,2014-10-23,0001193125-14-380252,
operating_income,OperatingIncomeLoss,us-gaap,USD,2014-07-01,2014-09-30,5844000000.0,2016,Q1,10-Q,2015-10-22,0001193125-15-350718,
operating_income,OperatingIncomeLoss,us-gaap,USD,2014-07-01,2014-09-30,5844000000.0,,,8-K,2015-10-27,0001193125-15-353706,
operating_income,OperatingIncomeLoss,us-gaap,USD,2014-07-01,2014-09-30,5844000000.0,2016,FY,10-K,2016-07-28,0001193125-16-662209,CY2014Q3
operating_income,OperatingIncomeLoss,us-gaap,USD,2014-07-01,2014-12-31,13620000000.0,2015,Q2,10-Q,2015-01-26,0001193125-15-020351,
operating_income,OperatingIncomeLoss,us-gaap,USD,2014-10-01,2014-12-31,7776000000.0,2015,Q2,10-Q,2015-01-26,0001193125-15-020351,
operating_income,OperatingIncomeLoss,us-gaap,USD,2014-10-01,2014-12-31,7776000000.0,,,8-K,2015-10-27,0001193125-15-353706,
operating_income,OperatingIncomeLoss,us-gaap,USD,2014-07-01,2014-12-31,13620000000.0,2016,Q2,10-Q,2016-01-28,0001193125-16-441821,
operating_income,OperatingIncomeLoss,us-gaap,USD,2014-10-01,2014-12-31,7776000000.0,2016,Q2,10-Q,2016-01-28,0001193125-16-441821,
operating_income,OperatingIncomeLoss,us-gaap,USD,2014-10-01,2014-12-31,7776000000.0,2016,FY,10-K,2016-07-28,0001193125-16-662209,CY2014Q4
operating_income,OperatingIncomeLoss,us-gaap,USD,2014-07-01,2015-03-31,20214000000.0,2015,Q3,10-Q,2015-04-23,0001193125-15-144151,
operating_income,OperatingIncomeLoss,us-gaap,USD,2015-01-01,2015-03-31,6594000000.0,2015,Q3,10-Q,2015-04-23,0001193125-15-144151,
operating_income,OperatingIncomeLoss,us-gaap,USD,2015-01-01,2015-03-31,6594000000.0,,,8-K,2015-10-27,0001193125-15-353706,
operating_income,OperatingIncomeLoss,us-gaap,USD,2014-07-01,2015-03-31,20214000000.0,2016,Q3,10-Q,2016-04-21,0001193125-16-550254,
operating_income,OperatingIncomeLoss,us-gaap,USD,2015-01-01,2015-03-31,6594000000.0,2016,Q3,10-Q,2016-04-21,0001193125-16-550254,
operating_income,OperatingIncomeLoss,us-gaap,USD,2015-01-01,2015-03-31,6594000000.0,2016,FY,10-K,2016-07-28,0001193125-16-662209,CY2015Q1
operating_income,OperatingIncomeLoss,us-gaap,USD,2014-07-01,2015-06-30,18161000000.0,2015,FY,10-K,2015-07-31,0001193125-15-272806,
operating_income,OperatingIncomeLoss,us-gaap,USD,2014-07-01,2015-06-30,18161000000.0,,,8-K,2015-10-27,0001193125-15-353706,
operating_income,OperatingIncomeLoss,us-gaap,USD,2015-04-01,2015-06-30,-2053000000.0,,,8-K,2015-10-27,0001193125-15-353706,
operating_income,OperatingIncomeLoss,us-gaap,USD,2014-07-01,2015-06-30,18161000000.0,2016,FY,10-K,2016-07-28,0001193125-16-662209,
operating_income,OperatingIncomeLoss,us-gaap,USD,2015-04-01,2015-06-30,-2053000000.0,2016,FY,10-K,2016-07-28,0001193125-16-662209,CY2015Q2
operating_income,OperatingIncomeLoss,us-gaap,USD,2014-07-01,2015-06-30,18161000000.0,2017,FY,10-K,2017-08-02,0001564590-17-014900,CY2015
operating_income,OperatingIncomeLoss,us-gaap,USD,2015-07-01,2015-09-30,5793000000.0,2016,Q1,10-Q,2015-10-22,0001193125-15-350718,
operating_income,OperatingIncomeLoss,us-gaap,USD,2015-07-01,2015-09-30,5793000000.0,2016,FY,10-K,2016-07-28,0001193125-16-662209,
operating_income,OperatingIncomeLoss,us-gaap,USD,2015-07-01,2015-09-30,5793000000.0,2017,Q1,10-Q,2016-10-20,0001193125-16-742796,
operating_income,OperatingIncomeLoss,us-gaap,USD,2015-07-01,2015-09-30,5793000000.0,2017,FY,10-K,2017-08-02,0001564590-17-014900,CY2015Q3
operating_income,OperatingIncomeLoss,us-gaap,USD,2015-07-01,2015-12-31,11819000000.0,2016,Q2,10-Q,2016-01-28,0001193125-16-441821,
operating_income,OperatingIncomeLoss,us-gaap,USD,2015-10-01,2015-12-31,6026000000.0,2016,Q2,10-Q,2016-01-28,0001193125-16-441821,
operating_income,OperatingIncomeLoss,us-gaap,USD,2015-10-01,2015-12-31,6026000000.0,2016,FY,10-K,2016-07-28,0001193125-16-662209,
operating_income,OperatingIncomeLoss,us-gaap,USD,2015-07-01,2015-12-31,11819000000.0,2017,Q2,10-Q,2017-01-26,0001564590-17-000654,
operating_income,OperatingIncomeLoss,us-gaap,USD,2015-10-01,2015-12-31,6026000000.0,2017,Q2,10-Q,2017-01-26,0001564590-17-000654,
operating_income,OperatingIncomeLoss,us-gaap,USD,2015-10-01,2015-12-31,6026000000.0,2017,FY,10-K,2017-08-02,0001564590-17-014900,CY2015Q4
operating_income,OperatingIncomeLoss,us-gaap,USD,2015-07-01,2016-03-31,17102000000.0,2016,Q3,10-Q,2016-04-21,0001193125-16-550254,
operating_income,OperatingIncomeLoss,us-gaap,USD,2016-01-01,2016-03-31,5283000000.0,2016,Q3,10-Q,2016-04-21,0001193125-16-550254,
operating_income,OperatingIncomeLoss,us-gaap,USD,2016-01-01,2016-03-31,5283000000.0,2016,FY,10-K,2016-07-28,0001193125-16-662209,
operating_income,OperatingIncomeLoss,us-gaap,USD,2015-07-01,2016-03-31,17102000000.0,2017,Q3,10-Q,2017-04-27,0001564590-17-007547,
operating_income,OperatingIncomeLoss,us-gaap,USD,2016-01-01,2016-03-31,5283000000.0,2017,Q3,10-Q,2017-04-27,0001564590-17-007547,
operating_income,OperatingIncomeLoss,us-gaap,USD,2016-01-01,2016-03-31,5283000000.0,2017,FY,10-K,2017-08-02,0001564590-17-014900,CY2016Q1
operating_income,OperatingIncomeLoss,us-gaap,USD,2015-07-01,2016-06-30,20182000000.0,2016,FY,10-K,2016-07-28,0001193125-16-662209,
operating_income,OperatingIncomeLoss,us-gaap,USD,2016-04-01,2016-06-30,3080000000.0,2016,FY,10-K,2016-07-28,0001193125-16-662209,
operating_income,OperatingIncomeLoss,us-gaap,USD,2015-07-01,2016-06-30,20182000000.0,2017,FY,10-K,2017-08-02,0001564590-17-014900,
operating_income,OperatingIncomeLoss,us-gaap,USD,2016-04-01,2016-06-30,3080000000.0,2017,FY,10-K,2017-08-02,0001564590-17-014900,CY2016Q2
operating_income,OperatingIncomeLoss,us-gaap,USD,2015-07-01,2016-06-30,26078000000.0,2018,FY,10-K,2018-08-03,0001564590-18-019062,CY2016
operating_income,OperatingIncomeLoss,us-gaap,USD,2016-07-01,2016-09-30,5225000000.0,2017,Q1,10-Q,2016-10-20,0001193125-16-742796,
operating_income,OperatingIncomeLoss,us-gaap,USD,2016-07-01,2016-09-30,5225000000.0,2017,FY,10-K,2017-08-02,0001564590-17-014900,
operating_income,OperatingIncomeLoss,us-gaap,USD,2016-07-01,2016-09-30,6715000000.0,2018,Q1,10-Q,2017-10-26,0001564590-17-020171,CY2016Q3
operating_income,OperatingIncomeLoss,us-gaap,USD,2016-07-02,2016-09-30,6715000000.0,2018,FY,10-K,2018-08-03,0001564590-18-019062,
operating_income,OperatingIncomeLoss,us-gaap,USD,2016-07-01,2016-12-31,11402000000.0,2017,Q2,10-Q,2017-01-26,0001564590-17-000654,
operating_income,OperatingIncomeLoss,us-gaap,USD,2016-10-01,2016-12-31,6177000000.0,2017,Q2,10-Q,2017-01-26,0001564590-17-000654,
operating_income,OperatingIncomeLoss,us-gaap,USD,2016-10-01,2016-12-31,6177000000.0,2017,FY,10-K,2017-08-02,0001564590-17-014900,
operating_income,OperatingIncomeLoss,us-gaap,USD,2016-07-01,2016-12-31,14620000000.0,2018,Q2,10-Q,2018-01-31,0001564590-18-001129,
operating_income,OperatingIncomeLoss,us-gaap,USD,2016-10-01,2016-12-31,7905000000.0,2018,Q2,10-Q,2018-01-31,0001564590-18-001129,
operating_income,OperatingIncomeLoss,us-gaap,USD,2016-10-01,2016-12-31,7905000000.0,2018,FY,10-K,2018-08-03,0001564590-18-019062,CY2016Q4
operating_income,OperatingIncomeLoss,us-gaap,USD,2016-07-01,2017-03-31,16996000000.0,2017,Q3,10-Q,2017-04-27,0001564590-17-007547,
operating_income,OperatingIncomeLoss,us-gaap,USD,2017-01-01,2017-03-31,5594000000.0,2017,Q3,10-Q,2017-04-27,0001564590-17-007547,
operating_income,OperatingIncomeLoss,us-gaap,USD,2017-01-01,2017-03-31,5594000000.0,2017,FY,10-K,2017-08-02,0001564590-17-014900,
operating_income,OperatingIncomeLoss,us-gaap,USD,2016-07-01,2017-03-31,21343000000.0,2018,Q3,10-Q,2018-04-26,0001564590-18-009307,
operating_income,OperatingIncomeLoss,us-gaap,USD,2017-01-01,2017-03-31,6723000000.0,2018,Q3,10-Q,2018-04-26,0001564590-18-009307,
operating_income,OperatingIncomeLoss,us-gaap,USD,2017-01-01,2017-03-31,6723000000.0,2018,FY,10-K,2018-08-03,0001564590-18-019062,CY2017Q1
operating_income,OperatingIncomeLoss,us-gaap,USD,2016-07-01,2017-06-30,22326000000.0,2017,FY,10-K,2017-08-02,0001564590-17-014900,
operating_income,OperatingIncomeLoss,us-gaap,USD,2017-04-01,2017-06-30,5330000000.0,2017,FY,10-K,2017-08-02,0001564590-17-014900,
operating_income,OperatingIncomeLoss,us-gaap,USD,2016-07-01,2017-06-30,29025000000.0,2018,FY,10-K,2018-08-03,0001564590-18-019062,
operating_income,OperatingIncomeLoss,us-gaap,USD,2017-04-01,2017-06-30,7682000000.0,2018,FY,10-K,2018-08-03,0001564590-18-019062,CY2017Q2
operating_income,OperatingIncomeLoss,us-gaap,USD,2016-07-01,2017-06-30,29025000000.0,2019,FY,10-K,2019-08-01,0001564590-19-027952,CY2017
operating_income,OperatingIncomeLoss,us-gaap,USD,2017-07-01,2017-09-30,7708000000.0,2018,Q1,10-Q,2017-10-26,0001564590-17-020171,
operating_income,OperatingIncomeLoss,us-gaap,USD,2017-07-01,2017-09-30,7708000000.0,2018,FY,10-K,2018-08-03,0001564590-18-019062,
operating_income,OperatingIncomeLoss,us-gaap,USD,2017-07-01,2017-09-30,7708000000.0,2019,Q1,10-Q,2018-10-24,0001564590-18-024893,
operating_income,OperatingIncomeLoss,us-gaap,USD,2017-07-01,2017-09-30,7708000000.0,2019,FY,10-K,2019-08-01,0001564590-19-027952,CY2017Q3
operating_income,OperatingIncomeLoss,us-gaap,USD,2017-07-01,2017-12-31,16387000000.0,2018,Q2,10-Q,2018-01-31,0001564590-18-001129,
operating_income,OperatingIncomeLoss,us-gaap,USD,2017-10-01,2017-12-31,8679000000.0,2018,Q2,10-Q,2018-01-31,0001564590-18-001129,
operating_income,OperatingIncomeLoss,us-gaap,USD,2017-10-01,2017-12-31,8679000000.0,2018,FY,10-K,2018-08-03,0001564590-18-019062,
operating_income,OperatingIncomeLoss,us-gaap,USD,2017-07-01,2017-12-31,16387000000.0,2019,Q2,10-Q,2019-01-30,0001564590-19-001392,
operating_income,OperatingIncomeLoss,us-gaap,USD,2017-10-01,2017-12-31,8679000000.0,2019,Q2,10-Q,2019-01-30,0001564590-19-001392,
operating_income,OperatingIncomeLoss,us-gaap,USD,2017-10-01,2017-12-31,8679000000.0,2019,FY,10-K,2019-08-01,0001564590-19-027952,CY2017Q4
operating_income,OperatingIncomeLoss,us-gaap,USD,2017-07-01,2018-03-31,24679000000.0,2018,Q3,10-Q,2018-04-26,0001564590-18-009307,
operating_income,OperatingIncomeLoss,us-gaap,USD,2018-01-01,2018-03-31,8292000000.0,2018,Q3,10-Q,2018-04-26,0001564590-18-009307,
operating_income,OperatingIncomeLoss,us-gaap,USD,2018-01-01,2018-03-31,8292000000.0,2018,FY,10-K,2018-08-03,0001564590-18-019062,
operating_income,OperatingIncomeLoss,us-gaap,USD,2017-07-01,2018-03-31,24679000000.0,2019,Q3,10-Q,2019-04-24,0001564590-19-012709,
operating_income,OperatingIncomeLoss,us-gaap,USD,2018-01-01,2018-03-31,8292000000.0,2019,Q3,10-Q,2019-04-24,0001564590-19-012709,
operating_income,OperatingIncomeLoss,us-gaap,USD,2018-01-01,2018-03-31,8292000000.0,2019,FY,10-K,2019-08-01,0001564590-19-027952,CY2018Q1
operating_income,OperatingIncomeLoss,us-gaap,USD,2017-07-01,2018-06-30,35058000000.0,2018,FY,10-K,2018-08-03,0001564590-18-019062,
operating_income,OperatingIncomeLoss,us-gaap,USD,2018-04-01,2018-06-30,10379000000.0,2018,FY,10-K,2018-08-03,0001564590-18-019062,
operating_income,OperatingIncomeLoss,us-gaap,USD,2017-07-01,2018-06-30,35058000000.0,2019,FY,10-K,2019-08-01,0001564590-19-027952,
operating_income,OperatingIncomeLoss,us-gaap,USD,2018-04-01,2018-06-30,10379000000.0,2019,FY,10-K,2019-08-01,0001564590-19-027952,CY2018Q2
operating_income,OperatingIncomeLoss,us-gaap,USD,2017-07-01,2018-06-30,35058000000.0,2020,FY,10-K,2020-07-30,0001564590-20-034944,CY2018
operating_income,OperatingIncomeLoss,us-gaap,USD,2018-07-01,2018-09-30,9955000000.0,2019,Q1,10-Q,2018-10-24,0001564590-18-024893,
operating_income,OperatingIncomeLoss,us-gaap,USD,2018-07-01,2018-09-30,9955000000.0,2019,FY,10-K,2019-08-01,0001564590-19-027952,
operating_income,OperatingIncomeLoss,us-gaap,USD,2018-07-01,2018-09-30,9955000000.0,2020,Q1,10-Q,2019-10-23,0001564590-19-037549,
operating_income,OperatingIncomeLoss,us-gaap,USD,2018-07-01,2018-09-30,9955000000.0,2020,FY,10-K,2020-07-30,0001564590-20-034944,CY2018Q3
operating_income,OperatingIncomeLoss,us-gaap,USD,2018-07-01,2018-12-31,20213000000.0,2019,Q2,10-Q,2019-01-30,0001564590-19-001392,
operating_income,OperatingIncomeLoss,us-gaap,USD,2018-10-01,2018-12-31,10258000000.0,2019,Q2,10-Q,2019-01-30,0001564590-19-001392,
operating_income,OperatingIncomeLoss,us-gaap,USD,2018-10-01,2018-12-31,10258000000.0,2019,FY,10-K,2019-08-01,0001564590-19-027952,
operating_income,OperatingIncomeLoss,us-gaap,USD,2018-07-01,2018-12-31,20213000000.0,2020,Q2,10-Q,2020-01-29,0001564590-20-002450,
operating_income,OperatingIncomeLoss,us-gaap,USD,2018-10-01,2018-12-31,10258000000.0,2020,Q2,10-Q,2020-01-29,0001564590-20-002450,
operating_income,OperatingIncomeLoss,us-gaap,USD,2018-10-01,2018-12-31,10258000000.0,2020,FY,10-K,2020-07-30,0001564590-20-034944,CY2018Q4
operating_income,OperatingIncomeLoss,us-gaap,USD,2018-07-01,2019-03-31,30554000000.0,2019,Q3,10-Q,2019-04-24,0001564590-19-012709,
operating_income,OperatingIncomeLoss,us-gaap,USD,2019-01-01,2019-03-31,10341000000.0,2019,Q3,10-Q,2019-04-24,0001564590-19-012709,
operating_income,OperatingIncomeLoss,us-gaap,USD,2019-01-01,2019-03-31,10341000000.0,2019,FY,10-K,2019-08-01,0001564590-19-027952,
operating_income,OperatingIncomeLoss,us-gaap,USD,2018-07-01,2019-03-31,30554000000.0,2020,Q3,10-Q,2020-04-29,0001564590-20-019706,
operating_income,OperatingIncomeLoss,us-gaap,USD,2019-01-01,2019-03-31,10341000000.0,2020,Q3,10-Q,2020-04-29,0001564590-20-019706,
operating_income,OperatingIncomeLoss,us-gaap,USD,2019-01-01,2019-03-31,10341000000.0,2020,FY,10-K,2020-07-30,0001564590-20-034944,CY2019Q1
operating_income,OperatingIncomeLoss,us-gaap,USD,2018-07-01,2019-06-30,42959000000.0,2019,FY,10-K,2019-08-01,0001564590-19-027952,
operating_income,OperatingIncomeLoss,us-gaap,USD,2019-04-01,2019-06-30,12405000000.0,2019,FY,10-K,2019-08-01,0001564590-19-027952,
operating_income,OperatingIncomeLoss,us-gaap,USD,2018-07-01,2019-06-30,42959000000.0,2020,FY,10-K,2020-07-30,0001564590-20-034944,
operating_income,OperatingIncomeLoss,us-gaap,USD,2019-04-01,2019-06-30,12405000000.0,2020,FY,10-K,2020-07-30,0001564590-20-034944,CY2019Q2
operating_income,OperatingIncomeLoss,us-gaap,USD,2018-07-01,2019-06-30,42959000000.0,2021,FY,10-K,2021-07-29,0001564590-21-039151,CY2019
operating_income,OperatingIncomeLoss,us-gaap,USD,2019-07-01,2019-09-30,12686000000.0,2020,Q1,10-Q,2019-10-23,0001564590-19-037549,
operating_income,OperatingIncomeLoss,us-gaap,USD,2019-07-01,2019-09-30,12686000000.0,2020,FY,10-K,2020-07-30,0001564590-20-034944,
operating_income,OperatingIncomeLoss,us-gaap,USD,2019-07-01,2019-09-30,12686000000.0,2021,Q1,10-Q,2020-10-27,0001564590-20-047996,CY2019Q3
operating_income,OperatingIncomeLoss,us-gaap,USD,2019-07-01,2019-12-31,26577000000.0,2020,Q2,10-Q,2020-01-29,0001564590-20-002450,
operating_income,OperatingIncomeLoss,us-gaap,USD,2019-10-01,2019-12-31,13891000000.0,2020,Q2,10-Q,2020-01-29,0001564590-20-002450,
operating_income,OperatingIncomeLoss,us-gaap,USD,2019-10-01,2019-12-31,13891000000.0,2020,FY,10-K,2020-07-30,0001564590-20-034944,
operating_income,OperatingIncomeLoss,us-gaap,USD,2019-07-01,2019-12-31,26577000000.0,2021,Q2,10-Q,2021-01-26,0001564590-21-002316,
operating_income,OperatingIncomeLoss,us-gaap,USD,2019-10-01,2019-12-31,13891000000.0,2021,Q2,10-Q,2021-01-26,0001564590-21-002316,CY2019Q4
operating_income,OperatingIncomeLoss,us-gaap,USD,2019-07-01,2020-03-31,39552000000.0,2020,Q3,10-Q,2020-04-29,0001564590-20-019706,
operating_income,OperatingIncomeLoss,us-gaap,USD,2020-01-01,2020-03-31,12975000000.0,2020,Q3,10-Q,2020-04-29,0001564590-20-019706,
operating_income,OperatingIncomeLoss,us-gaap,USD,2020-01-01,2020-03-31,12975000000.0,2020,FY,10-K,2020-07-30,0001564590-20-034944,
operating_income,OperatingIncomeLoss,us-gaap,USD,2019-07-01,2020-03-31,39552000000.0,2021,Q3,10-Q,2021-04-27,0001564590-21-020891,
operating_income,OperatingIncomeLoss,us-gaap,USD,2020-01-01,2020-03-31,12975000000.0,2021,Q3,10-Q,2021-04-27,0001564590-21-020891,CY2020Q1
operating_income,OperatingIncomeLoss,us-gaap,USD,2019-07-01,2020-06-30,52959000000.0,2020,FY,10-K,2020-07-30,0001564590-20-034944,
operating_income,OperatingIncomeLoss,us-gaap,USD,2020-04-01,2020-06-30,13407000000.0,2020,FY,10-K,2020-07-30,0001564590-20-034944,CY2020Q2
operating_income,OperatingIncomeLoss,us-gaap,USD,2019-07-01,2020-06-30,52959000000.0,2021,FY,10-K,2021-07-29,0001564590-21-039151,
operating_income,OperatingIncomeLoss,us-gaap,USD,2019-07-01,2020-06-30,52959000000.0,2022,FY,10-K,2022-07-28,0001564590-22-026876,CY2020
operating_income,OperatingIncomeLoss,us-gaap,USD,2020-07-01,2020-09-30,15876000000.0,2021,Q1,10-Q,2020-10-27,0001564590-20-047996,
operating_income,OperatingIncomeLoss,us-gaap,USD,2020-07-01,2020-09-30,15876000000.0,2022,Q1,10-Q,2021-10-26,0001564590-21-051992,CY2020Q3
operating_income,OperatingIncomeLoss,us-gaap,USD,2020-07-01,2020-12-31,33773000000.0,2021,Q2,10-Q,2021-01-26,0001564590-21-002316,
operating_income,OperatingIncomeLoss,us-gaap,USD,2020-10-01,2020-12-31,17897000000.0,2021,Q2,10-Q,2021-01-26,0001564590-21-002316,
operating_income,OperatingIncomeLoss,us-gaap,USD,2020-07-01,2020-12-31,33773000000.0,2022,Q2,10-Q,2022-01-25,0001564590-22-002324,
operating_income,OperatingIncomeLoss,us-gaap,USD,2020-10-01,2020-12-31,17897000000.0,2022,Q2,10-Q,2022-01-25,0001564590-22-002324,CY2020Q4
operating_income,OperatingIncomeLoss,us-gaap,USD,2020-07-01,2021-03-31,50821000000.0,2021,Q3,10-Q,2021-04-27,0001564590-21-020891,
operating_income,OperatingIncomeLoss,us-gaap,USD,2021-01-01,2021-03-31,17048000000.0,2021,Q3,10-Q,2021-04-27,0001564590-21-020891,
operating_income,OperatingIncomeLoss,us-gaap,USD,2020-07-01,2021-03-31,50821000000.0,2022,Q3,10-Q,2022-04-26,0001564590-22-015675,
operating_income,OperatingIncomeLoss,us-gaap,USD,2021-01-01,2021-03-31,17048000000.0,2022,Q3,10-Q,2022-04-26,0001564590-22-015675,CY2021Q1
operating_income,OperatingIncomeLoss,us-gaap,USD,2020-07-01,2021-06-30,69916000000.0,2021,FY,10-K,2021-07-29,0001564590-21-039151,
operating_income,OperatingIncomeLoss,us-gaap,USD,2020-07-01,2021-06-30,69916000000.0,2022,FY,10-K,2022-07-28,0001564590-22-026876,
operating_income,OperatingIncomeLoss,us-gaap,USD,2020-07-01,2021-06-30,69916000000.0,2023,FY,10-K,2023-07-27,0000950170-23-035122,CY2021
operating_income,OperatingIncomeLoss,us-gaap,USD,2021-07-01,2021-09-30,20238000000.0,2022,Q1,10-Q,2021-10-26,0001564590-21-051992,
operating_income,OperatingIncomeLoss,us-gaap,USD,2021-07-01,2021-09-30,20238000000.0,2023,Q1,10-Q,2022-10-25,0001564590-22-035087,CY2021Q3
operating_income,OperatingIncomeLoss,us-gaap,USD,2021-07-01,2021-12-31,42485000000.0,2022,Q2,10-Q,2022-01-25,0001564590-22-002324,
operating_income,OperatingIncomeLoss,us-gaap,USD,2021-10-01,2021-12-31,22247000000.0,2022,Q2,10-Q,2022-01-25,0001564590-22-002324,
operating_income,OperatingIncomeLoss,us-gaap,USD,2021-07-01,2021-12-31,42485000000.0,2023,Q2,10-Q,2023-01-24,0001564590-23-000733,
operating_income,OperatingIncomeLoss,us-gaap,USD,2021-10-01,2021-12-31,22247000000.0,2023,Q2,10-Q,2023-01-24,0001564590-23-000733,CY2021Q4
operating_income,OperatingIncomeLoss,us-gaap,USD,2021-07-01,2022-03-31,62849000000.0,2022,Q3,10-Q,2022-04-26,0001564590-22-015675,
operating_income,OperatingIncomeLoss,us-gaap,USD,2022-01-01,2022-03-31,20364000000.0,2022,Q3,10-Q,2022-04-26,0001564590-22-015675,
operating_income,OperatingIncomeLoss,us-gaap,USD,2021-07-01,2022-03-31,62849000000.0,2023,Q3,10-Q,2023-04-25,0000950170-23-014423,
operating_income,OperatingIncomeLoss,us-gaap,USD,2022-01-01,2022-03-31,20364000000.0,2023,Q3,10-Q,2023-04-25,0000950170-23-014423,CY2022Q1
operating_income,OperatingIncomeLoss,us-gaap,USD,2021-07-01,2022-06-30,83383000000.0,2022,FY,10-K,2022-07-28,0001564590-22-026876,
operating_income,OperatingIncomeLoss,us-gaap,USD,2021-07-01,2022-06-30,83383000000.0,2023,FY,10-K,2023-07-27,0000950170-23-035122,
operating_income,OperatingIncomeLoss,us-gaap,USD,2021-07-01,2022-06-30,83383000000.0,2024,FY,10-K,2024-07-30,0000950170-24-087843,
operating_income,OperatingIncomeLoss,us-gaap,USD,2021-07-01,2022-06-30,83383000000.0,,,8-K,2024-12-03,0000950170-24-132722,CY2022
operating_income,OperatingIncomeLoss,us-gaap,USD,2022-07-01,2022-09-30,21518000000.0,2023,Q1,10-Q,2022-10-25,0001564590-22-035087,
operating_income,OperatingIncomeLoss,us-gaap,USD,2022-07-01,2022-09-30,21518000000.0,2024,Q1,10-Q,2023-10-24,0000950170-23-054855,CY2022Q3
operating_income,OperatingIncomeLoss,us-gaap,USD,2022-07-01,2022-12-31,41917000000.0,2023,Q2,10-Q,2023-01-24,0001564590-23-000733,
operating_income,OperatingIncomeLoss,us-gaap,USD,2022-10-01,2022-12-31,20399000000.0,2023,Q2,10-Q,2023-01-24,0001564590-23-000733,
operating_income,OperatingIncomeLoss,us-gaap,USD,2022-07-01,2022-12-31,41917000000.0,2024,Q2,10-Q,2024-01-30,0000950170-24-008814,
operating_income,OperatingIncomeLoss,us-gaap,USD,2022-10-01,2022-12-31,20399000000.0,2024,Q2,10-Q,2024-01-30,0000950170-24-008814,CY2022Q4
operating_income,OperatingIncomeLoss,us-gaap,USD,2022-07-01,2023-03-31,64269000000.0,2023,Q3,10-Q,2023-04-25,0000950170-23-014423,
operating_income,OperatingIncomeLoss,us-gaap,USD,2023-01-01,2023-03-31,22352000000.0,2023,Q3,10-Q,2023-04-25,0000950170-23-014423,
operating_income,OperatingIncomeLoss,us-gaap,USD,2022-07-01,2023-03-31,64269000000.0,2024,Q3,10-Q,2024-04-25,0000950170-24-048288,
operating_income,OperatingIncomeLoss,us-gaap,USD,2023-01-01,2023-03-31,22352000000.0,2024,Q3,10-Q,2024-04-25,0000950170-24-048288,CY2023Q1
operating_income,OperatingIncomeLoss,us-gaap,USD,2022-07-01,2023-06-30,88523000000.0,2023,FY,10-K,2023-07-27,0000950170-23-035122,
operating_income,OperatingIncomeLoss,us-gaap,USD,2022-07-01,2023-06-30,88523000000.0,2024,FY,10-K,2024-07-30,0000950170-24-087843,
operating_income,OperatingIncomeLoss,us-gaap,USD,2022-07-01,2023-06-30,88523000000.0,,,8-K,2024-12-03,0000950170-24-132722,
operating_income,OperatingIncomeLoss,us-gaap,USD,2022-07-01,2023-06-30,88523000000.0,2025,FY,10-K,2025-07-30,0000950170-25-100235,CY2023
operating_income,OperatingIncomeLoss,us-gaap,USD,2023-07-01,2023-09-30,26895000000.0,2024,Q1,10-Q,2023-10-24,0000950170-23-054855,
operating_income,OperatingIncomeLoss,us-gaap,USD,2023-07-01,2023-09-30,26895000000.0,2025,Q1,10-Q,2024-10-30,0000950170-24-118967,CY2023Q3
operating_income,OperatingIncomeLoss,us-gaap,USD,2023-07-01,2023-12-31,53927000000.0,2024,Q2,10-Q,2024-01-30,0000950170-24-008814,
operating_income,OperatingIncomeLoss,us-gaap,USD,2023-10-01,2023-12-31,27032000000.0,2024,Q2,10-Q,2024-01-30,0000950170-24-008814,
operating_income,OperatingIncomeLoss,us-gaap,USD,2023-07-01,2023-12-31,53927000000.0,2025,Q2,10-Q,2025-01-29,0000950170-25-010491,
operating_income,OperatingIncomeLoss,us-gaap,USD,2023-10-01,2023-12-31,27032000000.0,2025,Q2,10-Q,2025-01-29,0000950170-25-010491,CY2023Q4
operating_income,OperatingIncomeLoss,us-gaap,USD,2023-07-01,2024-03-31,81508000000.0,2024,Q3,10-Q,2024-04-25,0000950170-24-048288,
operating_income,OperatingIncomeLoss,us-gaap,USD,2024-01-01,2024-03-31,27581000000.0,2024,Q3,10-Q,2024-04-25,0000950170-24-048288,
operating_income,OperatingIncomeLoss,us-gaap,USD,2023-07-01,2024-03-31,81508000000.0,2025,Q3,10-Q,2025-04-30,0000950170-25-061046,
operating_income,OperatingIncomeLoss,us-gaap,USD,2024-01-01,2024-03-31,27581000000.0,2025,Q3,10-Q,2025-04-30,0000950170-25-061046,CY2024Q1
operating_income,OperatingIncomeLoss,us-gaap,USD,2023-07-01,2024-06-30,109433000000.0,2024,FY,10-K,2024-07-30,0000950170-24-087843,
operating_income,OperatingIncomeLoss,us-gaap,USD,2023-07-01,2024-06-30,109433000000.0,,,8-K,2024-12-03,0000950170-24-132722,
operating_income,OperatingIncomeLoss,us-gaap,USD,2023-07-01,2024-06-30,109433000000.0,2025,FY,10-K,2025-07-30,0000950170-25-100235,
operating_income,OperatingIncomeLoss,us-gaap,USD,2023-07-01,2024-06-30,109433000000.0,2026,FY,10-K,2026-07-29,0001193125-26-323660,CY2024
operating_income,OperatingIncomeLoss,us-gaap,USD,2024-07-01,2024-09-30,30552000000.0,2025,Q1,10-Q,2024-10-30,0000950170-24-118967,
operating_income,OperatingIncomeLoss,us-gaap,USD,2024-07-01,2024-09-30,30552000000.0,2026,Q1,10-Q,2025-10-29,0001193125-25-256321,CY2024Q3
operating_income,OperatingIncomeLoss,us-gaap,USD,2024-07-01,2024-12-31,62205000000.0,2025,Q2,10-Q,2025-01-29,0000950170-25-010491,
operating_income,OperatingIncomeLoss,us-gaap,USD,2024-10-01,2024-12-31,31653000000.0,2025,Q2,10-Q,2025-01-29,0000950170-25-010491,
operating_income,OperatingIncomeLoss,us-gaap,USD,2024-07-01,2024-12-31,62205000000.0,2026,Q2,10-Q,2026-01-28,0001193125-26-027207,
operating_income,OperatingIncomeLoss,us-gaap,USD,2024-10-01,2024-12-31,31653000000.0,2026,Q2,10-Q,2026-01-28,0001193125-26-027207,CY2024Q4
operating_income,OperatingIncomeLoss,us-gaap,USD,2024-07-01,2025-03-31,94205000000.0,2025,Q3,10-Q,2025-04-30,0000950170-25-061046,
operating_income,OperatingIncomeLoss,us-gaap,USD,2025-01-01,2025-03-31,32000000000.0,2025,Q3,10-Q,2025-04-30,0000950170-25-061046,
operating_income,OperatingIncomeLoss,us-gaap,USD,2024-07-01,2025-03-31,94205000000.0,2026,Q3,10-Q,2026-04-29,0001193125-26-191507,
operating_income,OperatingIncomeLoss,us-gaap,USD,2025-01-01,2025-03-31,32000000000.0,2026,Q3,10-Q,2026-04-29,0001193125-26-191507,CY2025Q1
operating_income,OperatingIncomeLoss,us-gaap,USD,2024-07-01,2025-06-30,128528000000.0,2025,FY,10-K,2025-07-30,0000950170-25-100235,
operating_income,OperatingIncomeLoss,us-gaap,USD,2024-07-01,2025-06-30,128528000000.0,2026,FY,10-K,2026-07-29,0001193125-26-323660,CY2025
operating_income,OperatingIncomeLoss,us-gaap,USD,2025-07-01,2025-09-30,37961000000.0,2026,Q1,10-Q,2025-10-29,0001193125-25-256321,CY2025Q3
operating_income,OperatingIncomeLoss,us-gaap,USD,2025-07-01,2025-12-31,76236000000.0,2026,Q2,10-Q,2026-01-28,0001193125-26-027207,
operating_income,OperatingIncomeLoss,us-gaap,USD,2025-10-01,2025-12-31,38275000000.0,2026,Q2,10-Q,2026-01-28,0001193125-26-027207,CY2025Q4
operating_income,OperatingIncomeLoss,us-gaap,USD,2025-07-01,2026-03-31,114634000000.0,2026,Q3,10-Q,2026-04-29,0001193125-26-191507,
operating_income,OperatingIncomeLoss,us-gaap,USD,2026-01-01,2026-03-31,38398000000.0,2026,Q3,10-Q,2026-04-29,0001193125-26-191507,CY2026Q1
operating_income,OperatingIncomeLoss,us-gaap,USD,2025-07-01,2026-06-30,155237000000.0,2026,FY,10-K,2026-07-29,0001193125-26-323660,CY2026
ppe_net,PropertyPlantAndEquipmentNet,us-gaap,USD,,2009-06-30,7535000000.0,2010,Q1,10-Q,2009-10-23,0001193125-09-212454,
ppe_net,PropertyPlantAndEquipmentNet,us-gaap,USD,,2009-06-30,7535000000.0,2010,Q2,10-Q,2010-01-28,0001193125-10-015598,
ppe_net,PropertyPlantAndEquipmentNet,us-gaap,USD,,2009-06-30,7535000000.0,2010,Q3,10-Q,2010-04-22,0001193125-10-090116,
ppe_net,PropertyPlantAndEquipmentNet,us-gaap,USD,,2009-06-30,7535000000.0,2010,FY,10-K,2010-07-30,0001193125-10-171791,CY2009Q2I
ppe_net,PropertyPlantAndEquipmentNet,us-gaap,USD,,2009-09-30,7512000000.0,2010,Q1,10-Q,2009-10-23,0001193125-09-212454,CY2009Q3I
ppe_net,PropertyPlantAndEquipmentNet,us-gaap,USD,,2009-12-31,7402000000.0,2010,Q2,10-Q,2010-01-28,0001193125-10-015598,CY2009Q4I
ppe_net,PropertyPlantAndEquipmentNet,us-gaap,USD,,2010-03-31,7372000000.0,2010,Q3,10-Q,2010-04-22,0001193125-10-090116,CY2010Q1I
ppe_net,PropertyPlantAndEquipmentNet,us-gaap,USD,,2010-06-30,7630000000.0,2010,FY,10-K,2010-07-30,0001193125-10-171791,
ppe_net,PropertyPlantAndEquipmentNet,us-gaap,USD,,2010-06-30,7630000000.0,2011,Q1,10-Q,2010-10-28,0001193125-10-239825,
ppe_net,PropertyPlantAndEquipmentNet,us-gaap,USD,,2010-06-30,7630000000.0,2011,Q2,10-Q,2011-01-27,0001193125-11-015947,
ppe_net,PropertyPlantAndEquipmentNet,us-gaap,USD,,2010-06-30,7630000000.0,2011,Q3,10-Q,2011-04-28,0001193125-11-115186,
ppe_net,PropertyPlantAndEquipmentNet,us-gaap,USD,,2010-06-30,7630000000.0,2011,FY,10-K,2011-07-28,0001193125-11-200680,CY2010Q2I
ppe_net,PropertyPlantAndEquipmentNet,us-gaap,USD,,2010-09-30,7771000000.0,2011,Q1,10-Q,2010-10-28,0001193125-10-239825,CY2010Q3I
ppe_net,PropertyPlantAndEquipmentNet,us-gaap,USD,,2010-12-31,7799000000.0,2011,Q2,10-Q,2011-01-27,0001193125-11-015947,CY2010Q4I
ppe_net,PropertyPlantAndEquipmentNet,us-gaap,USD,,2011-03-31,7969000000.0,2011,Q3,10-Q,2011-04-28,0001193125-11-115186,CY2011Q1I
ppe_net,PropertyPlantAndEquipmentNet,us-gaap,USD,,2011-06-30,8162000000.0,2011,FY,10-K,2011-07-28,0001193125-11-200680,
ppe_net,PropertyPlantAndEquipmentNet,us-gaap,USD,,2011-06-30,8162000000.0,2012,Q1,10-Q,2011-10-20,0001193125-11-276022,
ppe_net,PropertyPlantAndEquipmentNet,us-gaap,USD,,2011-06-30,8162000000.0,2012,Q2,10-Q/A,2012-01-27,0001193125-12-026864,
ppe_net,PropertyPlantAndEquipmentNet,us-gaap,USD,,2011-06-30,8162000000.0,2012,Q3,10-Q,2012-04-19,0001193125-12-170665,
ppe_net,PropertyPlantAndEquipmentNet,us-gaap,USD,,2011-06-30,8162000000.0,2012,FY,10-K,2012-07-26,0001193125-12-316848,CY2011Q2I
ppe_net,PropertyPlantAndEquipmentNet,us-gaap,USD,,2011-09-30,8033000000.0,2012,Q1,10-Q,2011-10-20,0001193125-11-276022,CY2011Q3I
ppe_net,PropertyPlantAndEquipmentNet,us-gaap,USD,,2011-12-31,8010000000.0,2012,Q2,10-Q/A,2012-01-27,0001193125-12-026864,CY2011Q4I
ppe_net,PropertyPlantAndEquipmentNet,us-gaap,USD,,2012-03-31,8225000000.0,2012,Q3,10-Q,2012-04-19,0001193125-12-170665,CY2012Q1I
ppe_net,PropertyPlantAndEquipmentNet,us-gaap,USD,,2012-06-30,8269000000.0,2012,FY,10-K,2012-07-26,0001193125-12-316848,
ppe_net,PropertyPlantAndEquipmentNet,us-gaap,USD,,2012-06-30,8269000000.0,2013,Q1,10-Q,2012-10-18,0001193125-12-427209,
ppe_net,PropertyPlantAndEquipmentNet,us-gaap,USD,,2012-06-30,8269000000.0,2013,Q2,10-Q,2013-01-24,0001193125-13-022207,
ppe_net,PropertyPlantAndEquipmentNet,us-gaap,USD,,2012-06-30,8269000000.0,2013,Q3,10-Q,2013-04-18,0001193125-13-160748,
ppe_net,PropertyPlantAndEquipmentNet,us-gaap,USD,,2012-06-30,8269000000.0,2013,FY,10-K,2013-07-30,0001193125-13-310206,
ppe_net,PropertyPlantAndEquipmentNet,us-gaap,USD,,2012-06-30,8269000000.0,2013,FY,8-K,2013-11-26,0001193125-13-455144,CY2012Q2I
ppe_net,PropertyPlantAndEquipmentNet,us-gaap,USD,,2012-09-30,8329000000.0,2013,Q1,10-Q,2012-10-18,0001193125-12-427209,CY2012Q3I
ppe_net,PropertyPlantAndEquipmentNet,us-gaap,USD,,2012-12-31,8698000000.0,2013,Q2,10-Q,2013-01-24,0001193125-13-022207,CY2012Q4I
ppe_net,PropertyPlantAndEquipmentNet,us-gaap,USD,,2013-03-31,9204000000.0,2013,Q3,10-Q,2013-04-18,0001193125-13-160748,CY2013Q1I
ppe_net,PropertyPlantAndEquipmentNet,us-gaap,USD,,2013-06-30,9991000000.0,2013,FY,10-K,2013-07-30,0001193125-13-310206,
ppe_net,PropertyPlantAndEquipmentNet,us-gaap,USD,,2013-06-30,9991000000.0,2014,Q1,10-Q,2013-10-24,0001193125-13-409855,
ppe_net,PropertyPlantAndEquipmentNet,us-gaap,USD,,2013-06-30,9991000000.0,2013,FY,8-K,2013-11-26,0001193125-13-455144,
ppe_net,PropertyPlantAndEquipmentNet,us-gaap,USD,,2013-06-30,9991000000.0,2014,Q2,10-Q,2014-01-23,0001193125-14-018634,
ppe_net,PropertyPlantAndEquipmentNet,us-gaap,USD,,2013-06-30,9991000000.0,2014,Q3,10-Q,2014-04-24,0001193125-14-157088,
ppe_net,PropertyPlantAndEquipmentNet,us-gaap,USD,,2013-06-30,9991000000.0,2014,FY,10-K,2014-07-31,0001193125-14-289961,CY2013Q2I
ppe_net,PropertyPlantAndEquipmentNet,us-gaap,USD,,2013-09-30,10774000000.0,2014,Q1,10-Q,2013-10-24,0001193125-13-409855,CY2013Q3I
ppe_net,PropertyPlantAndEquipmentNet,us-gaap,USD,,2013-12-31,11567000000.0,2014,Q2,10-Q,2014-01-23,0001193125-14-018634,CY2013Q4I
ppe_net,PropertyPlantAndEquipmentNet,us-gaap,USD,,2014-03-31,11771000000.0,2014,Q3,10-Q,2014-04-24,0001193125-14-157088,CY2014Q1I
ppe_net,PropertyPlantAndEquipmentNet,us-gaap,USD,,2014-06-30,13011000000.0,2014,FY,10-K,2014-07-31,0001193125-14-289961,
ppe_net,PropertyPlantAndEquipmentNet,us-gaap,USD,,2014-06-30,13011000000.0,2015,Q1,10-Q,2014-10-23,0001193125-14-380252,
ppe_net,PropertyPlantAndEquipmentNet,us-gaap,USD,,2014-06-30,13011000000.0,2015,Q2,10-Q,2015-01-26,0001193125-15-020351,
ppe_net,PropertyPlantAndEquipmentNet,us-gaap,USD,,2014-06-30,13011000000.0,2015,Q3,10-Q,2015-04-23,0001193125-15-144151,
ppe_net,PropertyPlantAndEquipmentNet,us-gaap,USD,,2014-06-30,13011000000.0,2015,FY,10-K,2015-07-31,0001193125-15-272806,
ppe_net,PropertyPlantAndEquipmentNet,us-gaap,USD,,2014-06-30,13011000000.0,,,8-K,2015-10-27,0001193125-15-353706,CY2014Q2I
ppe_net,PropertyPlantAndEquipmentNet,us-gaap,USD,,2014-09-30,13229000000.0,2015,Q1,10-Q,2014-10-23,0001193125-14-380252,CY2014Q3I
ppe_net,PropertyPlantAndEquipmentNet,us-gaap,USD,,2014-12-31,13607000000.0,2015,Q2,10-Q,2015-01-26,0001193125-15-020351,CY2014Q4I
ppe_net,PropertyPlantAndEquipmentNet,us-gaap,USD,,2015-03-31,14375000000.0,2015,Q3,10-Q,2015-04-23,0001193125-15-144151,CY2015Q1I
ppe_net,PropertyPlantAndEquipmentNet,us-gaap,USD,,2015-06-30,14731000000.0,2015,FY,10-K,2015-07-31,0001193125-15-272806,
ppe_net,PropertyPlantAndEquipmentNet,us-gaap,USD,,2015-06-30,14731000000.0,2016,Q1,10-Q,2015-10-22,0001193125-15-350718,
ppe_net,PropertyPlantAndEquipmentNet,us-gaap,USD,,2015-06-30,14731000000.0,,,8-K,2015-10-27,0001193125-15-353706,
ppe_net,PropertyPlantAndEquipmentNet,us-gaap,USD,,2015-06-30,14731000000.0,2016,Q2,10-Q,2016-01-28,0001193125-16-441821,
ppe_net,PropertyPlantAndEquipmentNet,us-gaap,USD,,2015-06-30,14731000000.0,2016,Q3,10-Q,2016-04-21,0001193125-16-550254,
ppe_net,PropertyPlantAndEquipmentNet,us-gaap,USD,,2015-06-30,14731000000.0,2016,FY,10-K,2016-07-28,0001193125-16-662209,CY2015Q2I
ppe_net,PropertyPlantAndEquipmentNet,us-gaap,USD,,2015-09-30,15046000000.0,2016,Q1,10-Q,2015-10-22,0001193125-15-350718,CY2015Q3I
ppe_net,PropertyPlantAndEquipmentNet,us-gaap,USD,,2015-12-31,15789000000.0,2016,Q2,10-Q,2016-01-28,0001193125-16-441821,CY2015Q4I
ppe_net,PropertyPlantAndEquipmentNet,us-gaap,USD,,2016-03-31,16831000000.0,2016,Q3,10-Q,2016-04-21,0001193125-16-550254,CY2016Q1I
ppe_net,PropertyPlantAndEquipmentNet,us-gaap,USD,,2016-06-30,18356000000.0,2016,FY,10-K,2016-07-28,0001193125-16-662209,
ppe_net,PropertyPlantAndEquipmentNet,us-gaap,USD,,2016-06-30,18356000000.0,2017,Q1,10-Q,2016-10-20,0001193125-16-742796,
ppe_net,PropertyPlantAndEquipmentNet,us-gaap,USD,,2016-06-30,18356000000.0,2017,Q2,10-Q,2017-01-26,0001564590-17-000654,
ppe_net,PropertyPlantAndEquipmentNet,us-gaap,USD,,2016-06-30,18356000000.0,2017,Q3,10-Q,2017-04-27,0001564590-17-007547,
ppe_net,PropertyPlantAndEquipmentNet,us-gaap,USD,,2016-06-30,18356000000.0,2017,FY,10-K,2017-08-02,0001564590-17-014900,CY2016Q2I
ppe_net,PropertyPlantAndEquipmentNet,us-gaap,USD,,2016-09-30,19224000000.0,2017,Q1,10-Q,2016-10-20,0001193125-16-742796,CY2016Q3I
ppe_net,PropertyPlantAndEquipmentNet,us-gaap,USD,,2016-12-31,21379000000.0,2017,Q2,10-Q,2017-01-26,0001564590-17-000654,CY2016Q4I
ppe_net,PropertyPlantAndEquipmentNet,us-gaap,USD,,2017-03-31,21962000000.0,2017,Q3,10-Q,2017-04-27,0001564590-17-007547,CY2017Q1I
ppe_net,PropertyPlantAndEquipmentNet,us-gaap,USD,,2017-06-30,23734000000.0,2017,FY,10-K,2017-08-02,0001564590-17-014900,
ppe_net,PropertyPlantAndEquipmentNet,us-gaap,USD,,2017-06-30,23734000000.0,2018,Q1,10-Q,2017-10-26,0001564590-17-020171,
ppe_net,PropertyPlantAndEquipmentNet,us-gaap,USD,,2017-06-30,23734000000.0,2018,Q2,10-Q,2018-01-31,0001564590-18-001129,
ppe_net,PropertyPlantAndEquipmentNet,us-gaap,USD,,2017-06-30,23734000000.0,2018,Q3,10-Q,2018-04-26,0001564590-18-009307,
ppe_net,PropertyPlantAndEquipmentNet,us-gaap,USD,,2017-06-30,23734000000.0,2018,FY,10-K,2018-08-03,0001564590-18-019062,CY2017Q2I
ppe_net,PropertyPlantAndEquipmentNet,us-gaap,USD,,2017-09-30,24809000000.0,2018,Q1,10-Q,2017-10-26,0001564590-17-020171,CY2017Q3I
ppe_net,PropertyPlantAndEquipmentNet,us-gaap,USD,,2017-12-31,26304000000.0,2018,Q2,10-Q,2018-01-31,0001564590-18-001129,CY2017Q4I
ppe_net,PropertyPlantAndEquipmentNet,us-gaap,USD,,2018-03-31,27929000000.0,2018,Q3,10-Q,2018-04-26,0001564590-18-009307,CY2018Q1I
ppe_net,PropertyPlantAndEquipmentNet,us-gaap,USD,,2018-06-30,29460000000.0,2018,FY,10-K,2018-08-03,0001564590-18-019062,
ppe_net,PropertyPlantAndEquipmentNet,us-gaap,USD,,2018-06-30,29460000000.0,2019,Q1,10-Q,2018-10-24,0001564590-18-024893,
ppe_net,PropertyPlantAndEquipmentNet,us-gaap,USD,,2018-06-30,29460000000.0,2019,Q2,10-Q,2019-01-30,0001564590-19-001392,
ppe_net,PropertyPlantAndEquipmentNet,us-gaap,USD,,2018-06-30,29460000000.0,2019,Q3,10-Q,2019-04-24,0001564590-19-012709,
ppe_net,PropertyPlantAndEquipmentNet,us-gaap,USD,,2018-06-30,29460000000.0,2019,FY,10-K,2019-08-01,0001564590-19-027952,CY2018Q2I
ppe_net,PropertyPlantAndEquipmentNet,us-gaap,USD,,2018-09-30,31430000000.0,2019,Q1,10-Q,2018-10-24,0001564590-18-024893,CY2018Q3I
ppe_net,PropertyPlantAndEquipmentNet,us-gaap,USD,,2018-12-31,32717000000.0,2019,Q2,10-Q,2019-01-30,0001564590-19-001392,CY2018Q4I
ppe_net,PropertyPlantAndEquipmentNet,us-gaap,USD,,2019-03-31,33648000000.0,2019,Q3,10-Q,2019-04-24,0001564590-19-012709,CY2019Q1I
ppe_net,PropertyPlantAndEquipmentNet,us-gaap,USD,,2019-06-30,36477000000.0,2019,FY,10-K,2019-08-01,0001564590-19-027952,
ppe_net,PropertyPlantAndEquipmentNet,us-gaap,USD,,2019-06-30,36477000000.0,2020,Q1,10-Q,2019-10-23,0001564590-19-037549,
ppe_net,PropertyPlantAndEquipmentNet,us-gaap,USD,,2019-06-30,36477000000.0,2020,Q2,10-Q,2020-01-29,0001564590-20-002450,
ppe_net,PropertyPlantAndEquipmentNet,us-gaap,USD,,2019-06-30,36477000000.0,2020,Q3,10-Q,2020-04-29,0001564590-20-019706,
ppe_net,PropertyPlantAndEquipmentNet,us-gaap,USD,,2019-06-30,36477000000.0,2020,FY,10-K,2020-07-30,0001564590-20-034944,CY2019Q2I
ppe_net,PropertyPlantAndEquipmentNet,us-gaap,USD,,2019-09-30,38409000000.0,2020,Q1,10-Q,2019-10-23,0001564590-19-037549,CY2019Q3I
ppe_net,PropertyPlantAndEquipmentNet,us-gaap,USD,,2019-12-31,40522000000.0,2020,Q2,10-Q,2020-01-29,0001564590-20-002450,CY2019Q4I
ppe_net,PropertyPlantAndEquipmentNet,us-gaap,USD,,2020-03-31,41221000000.0,2020,Q3,10-Q,2020-04-29,0001564590-20-019706,CY2020Q1I
ppe_net,PropertyPlantAndEquipmentNet,us-gaap,USD,,2020-06-30,44151000000.0,2020,FY,10-K,2020-07-30,0001564590-20-034944,
ppe_net,PropertyPlantAndEquipmentNet,us-gaap,USD,,2020-06-30,44151000000.0,2021,Q1,10-Q,2020-10-27,0001564590-20-047996,
ppe_net,PropertyPlantAndEquipmentNet,us-gaap,USD,,2020-06-30,44151000000.0,2021,Q2,10-Q,2021-01-26,0001564590-21-002316,
ppe_net,PropertyPlantAndEquipmentNet,us-gaap,USD,,2020-06-30,44151000000.0,2021,Q3,10-Q,2021-04-27,0001564590-21-020891,
ppe_net,PropertyPlantAndEquipmentNet,us-gaap,USD,,2020-06-30,44151000000.0,2021,FY,10-K,2021-07-29,0001564590-21-039151,CY2020Q2I
ppe_net,PropertyPlantAndEquipmentNet,us-gaap,USD,,2020-09-30,47927000000.0,2021,Q1,10-Q,2020-10-27,0001564590-20-047996,CY2020Q3I
ppe_net,PropertyPlantAndEquipmentNet,us-gaap,USD,,2020-12-31,51737000000.0,2021,Q2,10-Q,2021-01-26,0001564590-21-002316,CY2020Q4I
ppe_net,PropertyPlantAndEquipmentNet,us-gaap,USD,,2021-03-31,54945000000.0,2021,Q3,10-Q,2021-04-27,0001564590-21-020891,CY2021Q1I
ppe_net,PropertyPlantAndEquipmentNet,us-gaap,USD,,2021-06-30,59715000000.0,2021,FY,10-K,2021-07-29,0001564590-21-039151,
ppe_net,PropertyPlantAndEquipmentNet,us-gaap,USD,,2021-06-30,59715000000.0,2022,Q1,10-Q,2021-10-26,0001564590-21-051992,
ppe_net,PropertyPlantAndEquipmentNet,us-gaap,USD,,2021-06-30,59715000000.0,2022,Q2,10-Q,2022-01-25,0001564590-22-002324,
ppe_net,PropertyPlantAndEquipmentNet,us-gaap,USD,,2021-06-30,59715000000.0,2022,Q3,10-Q,2022-04-26,0001564590-22-015675,
ppe_net,PropertyPlantAndEquipmentNet,us-gaap,USD,,2021-06-30,59715000000.0,2022,FY,10-K,2022-07-28,0001564590-22-026876,CY2021Q2I
ppe_net,PropertyPlantAndEquipmentNet,us-gaap,USD,,2021-09-30,63772000000.0,2022,Q1,10-Q,2021-10-26,0001564590-21-051992,CY2021Q3I
ppe_net,PropertyPlantAndEquipmentNet,us-gaap,USD,,2021-12-31,67214000000.0,2022,Q2,10-Q,2022-01-25,0001564590-22-002324,CY2021Q4I
ppe_net,PropertyPlantAndEquipmentNet,us-gaap,USD,,2022-03-31,70298000000.0,2022,Q3,10-Q,2022-04-26,0001564590-22-015675,CY2022Q1I
ppe_net,PropertyPlantAndEquipmentNet,us-gaap,USD,,2022-06-30,74398000000.0,2022,FY,10-K,2022-07-28,0001564590-22-026876,
ppe_net,PropertyPlantAndEquipmentNet,us-gaap,USD,,2022-06-30,74398000000.0,2023,Q1,10-Q,2022-10-25,0001564590-22-035087,
ppe_net,PropertyPlantAndEquipmentNet,us-gaap,USD,,2022-06-30,74398000000.0,2023,Q2,10-Q,2023-01-24,0001564590-23-000733,
ppe_net,PropertyPlantAndEquipmentNet,us-gaap,USD,,2022-06-30,74398000000.0,2023,Q3,10-Q,2023-04-25,0000950170-23-014423,
ppe_net,PropertyPlantAndEquipmentNet,us-gaap,USD,,2022-06-30,74398000000.0,2023,FY,10-K,2023-07-27,0000950170-23-035122,CY2022Q2I
ppe_net,PropertyPlantAndEquipmentNet,us-gaap,USD,,2022-09-30,77037000000.0,2023,Q1,10-Q,2022-10-25,0001564590-22-035087,CY2022Q3I
ppe_net,PropertyPlantAndEquipmentNet,us-gaap,USD,,2022-12-31,82755000000.0,2023,Q2,10-Q,2023-01-24,0001564590-23-000733,CY2022Q4I
ppe_net,PropertyPlantAndEquipmentNet,us-gaap,USD,,2023-03-31,88132000000.0,2023,Q3,10-Q,2023-04-25,0000950170-23-014423,CY2023Q1I
ppe_net,PropertyPlantAndEquipmentNet,us-gaap,USD,,2023-06-30,95641000000.0,2023,FY,10-K,2023-07-27,0000950170-23-035122,
ppe_net,PropertyPlantAndEquipmentNet,us-gaap,USD,,2023-06-30,95641000000.0,2024,Q1,10-Q,2023-10-24,0000950170-23-054855,
ppe_net,PropertyPlantAndEquipmentNet,us-gaap,USD,,2023-06-30,95641000000.0,2024,Q2,10-Q,2024-01-30,0000950170-24-008814,
ppe_net,PropertyPlantAndEquipmentNet,us-gaap,USD,,2023-06-30,95641000000.0,2024,Q3,10-Q,2024-04-25,0000950170-24-048288,
ppe_net,PropertyPlantAndEquipmentNet,us-gaap,USD,,2023-06-30,95641000000.0,2024,FY,10-K,2024-07-30,0000950170-24-087843,
ppe_net,PropertyPlantAndEquipmentNet,us-gaap,USD,,2023-06-30,95641000000.0,,,8-K,2024-12-03,0000950170-24-132722,CY2023Q2I
ppe_net,PropertyPlantAndEquipmentNet,us-gaap,USD,,2023-09-30,102502000000.0,2024,Q1,10-Q,2023-10-24,0000950170-23-054855,CY2023Q3I
ppe_net,PropertyPlantAndEquipmentNet,us-gaap,USD,,2023-12-31,112308000000.0,2024,Q2,10-Q,2024-01-30,0000950170-24-008814,CY2023Q4I
ppe_net,PropertyPlantAndEquipmentNet,us-gaap,USD,,2024-03-31,121375000000.0,2024,Q3,10-Q,2024-04-25,0000950170-24-048288,CY2024Q1I
ppe_net,PropertyPlantAndEquipmentNet,us-gaap,USD,,2024-06-30,135591000000.0,2024,FY,10-K,2024-07-30,0000950170-24-087843,
ppe_net,PropertyPlantAndEquipmentNet,us-gaap,USD,,2024-06-30,135591000000.0,2025,Q1,10-Q,2024-10-30,0000950170-24-118967,
ppe_net,PropertyPlantAndEquipmentNet,us-gaap,USD,,2024-06-30,135591000000.0,,,8-K,2024-12-03,0000950170-24-132722,
ppe_net,PropertyPlantAndEquipmentNet,us-gaap,USD,,2024-06-30,135591000000.0,2025,Q2,10-Q,2025-01-29,0000950170-25-010491,
ppe_net,PropertyPlantAndEquipmentNet,us-gaap,USD,,2024-06-30,135591000000.0,2025,Q3,10-Q,2025-04-30,0000950170-25-061046,
ppe_net,PropertyPlantAndEquipmentNet,us-gaap,USD,,2024-06-30,135591000000.0,2025,FY,10-K,2025-07-30,0000950170-25-100235,CY2024Q2I
ppe_net,PropertyPlantAndEquipmentNet,us-gaap,USD,,2024-09-30,152863000000.0,2025,Q1,10-Q,2024-10-30,0000950170-24-118967,CY2024Q3I
ppe_net,PropertyPlantAndEquipmentNet,us-gaap,USD,,2024-12-31,166902000000.0,2025,Q2,10-Q,2025-01-29,0000950170-25-010491,CY2024Q4I
ppe_net,PropertyPlantAndEquipmentNet,us-gaap,USD,,2025-03-31,183939000000.0,2025,Q3,10-Q,2025-04-30,0000950170-25-061046,CY2025Q1I
ppe_net,PropertyPlantAndEquipmentNet,us-gaap,USD,,2025-06-30,204966000000.0,2025,FY,10-K,2025-07-30,0000950170-25-100235,
ppe_net,PropertyPlantAndEquipmentNet,us-gaap,USD,,2025-06-30,204966000000.0,2026,Q1,10-Q,2025-10-29,0001193125-25-256321,
ppe_net,PropertyPlantAndEquipmentNet,us-gaap,USD,,2025-06-30,204966000000.0,2026,Q2,10-Q,2026-01-28,0001193125-26-027207,
ppe_net,PropertyPlantAndEquipmentNet,us-gaap,USD,,2025-06-30,204966000000.0,2026,Q3,10-Q,2026-04-29,0001193125-26-191507,
ppe_net,PropertyPlantAndEquipmentNet,us-gaap,USD,,2025-06-30,204966000000.0,2026,FY,10-K,2026-07-29,0001193125-26-323660,CY2025Q2I
ppe_net,PropertyPlantAndEquipmentNet,us-gaap,USD,,2025-09-30,230861000000.0,2026,Q1,10-Q,2025-10-29,0001193125-25-256321,CY2025Q3I
ppe_net,PropertyPlantAndEquipmentNet,us-gaap,USD,,2025-12-31,261126000000.0,2026,Q2,10-Q,2026-01-28,0001193125-26-027207,CY2025Q4I
ppe_net,PropertyPlantAndEquipmentNet,us-gaap,USD,,2026-03-31,283228000000.0,2026,Q3,10-Q,2026-04-29,0001193125-26-191507,CY2026Q1I
ppe_net,PropertyPlantAndEquipmentNet,us-gaap,USD,,2026-06-30,313076000000.0,2026,FY,10-K,2026-07-29,0001193125-26-323660,CY2026Q2I
revenue,RevenueFromContractWithCustomerExcludingAssessedTax,us-gaap,USD,2015-07-01,2016-06-30,91154000000.0,2018,FY,10-K,2018-08-03,0001564590-18-019062,CY2016
revenue,RevenueFromContractWithCustomerExcludingAssessedTax,us-gaap,USD,2016-07-02,2016-09-30,21928000000.0,2018,FY,10-K,2018-08-03,0001564590-18-019062,CY2016Q3
revenue,RevenueFromContractWithCustomerExcludingAssessedTax,us-gaap,USD,2016-10-01,2016-12-31,25826000000.0,2018,FY,10-K,2018-08-03,0001564590-18-019062,CY2016Q4
revenue,RevenueFromContractWithCustomerExcludingAssessedTax,us-gaap,USD,2017-01-01,2017-03-31,23212000000.0,2018,FY,10-K,2018-08-03,0001564590-18-019062,CY2017Q1
revenue,RevenueFromContractWithCustomerExcludingAssessedTax,us-gaap,USD,2016-07-01,2017-06-30,96571000000.0,2018,FY,10-K,2018-08-03,0001564590-18-019062,
revenue,RevenueFromContractWithCustomerExcludingAssessedTax,us-gaap,USD,2017-04-01,2017-06-30,25605000000.0,2018,FY,10-K,2018-08-03,0001564590-18-019062,CY2017Q2
revenue,RevenueFromContractWithCustomerExcludingAssessedTax,us-gaap,USD,2016-07-01,2017-06-30,96571000000.0,2019,FY,10-K,2019-08-01,0001564590-19-027952,CY2017
revenue,RevenueFromContractWithCustomerExcludingAssessedTax,us-gaap,USD,2017-07-01,2017-09-30,24538000000.0,2018,FY,10-K,2018-08-03,0001564590-18-019062,
revenue,RevenueFromContractWithCustomerExcludingAssessedTax,us-gaap,USD,2017-07-01,2017-09-30,24538000000.0,2019,Q1,10-Q,2018-10-24,0001564590-18-024893,
revenue,RevenueFromContractWithCustomerExcludingAssessedTax,us-gaap,USD,2017-07-01,2017-09-30,24538000000.0,2019,FY,10-K,2019-08-01,0001564590-19-027952,CY2017Q3
revenue,RevenueFromContractWithCustomerExcludingAssessedTax,us-gaap,USD,2017-10-01,2017-12-31,28918000000.0,2018,FY,10-K,2018-08-03,0001564590-18-019062,
revenue,RevenueFromContractWithCustomerExcludingAssessedTax,us-gaap,USD,2017-07-01,2017-12-31,53456000000.0,2019,Q2,10-Q,2019-01-30,0001564590-19-001392,
revenue,RevenueFromContractWithCustomerExcludingAssessedTax,us-gaap,USD,2017-10-01,2017-12-31,28918000000.0,2019,Q2,10-Q,2019-01-30,0001564590-19-001392,
revenue,RevenueFromContractWithCustomerExcludingAssessedTax,us-gaap,USD,2017-10-01,2017-12-31,28918000000.0,2019,FY,10-K,2019-08-01,0001564590-19-027952,CY2017Q4
revenue,RevenueFromContractWithCustomerExcludingAssessedTax,us-gaap,USD,2018-01-01,2018-03-31,26819000000.0,2018,FY,10-K,2018-08-03,0001564590-18-019062,
revenue,RevenueFromContractWithCustomerExcludingAssessedTax,us-gaap,USD,2017-07-01,2018-03-31,80275000000.0,2019,Q3,10-Q,2019-04-24,0001564590-19-012709,
revenue,RevenueFromContractWithCustomerExcludingAssessedTax,us-gaap,USD,2018-01-01,2018-03-31,26819000000.0,2019,Q3,10-Q,2019-04-24,0001564590-19-012709,
revenue,RevenueFromContractWithCustomerExcludingAssessedTax,us-gaap,USD,2018-01-01,2018-03-31,26819000000.0,2019,FY,10-K,2019-08-01,0001564590-19-027952,CY2018Q1
revenue,RevenueFromContractWithCustomerExcludingAssessedTax,us-gaap,USD,2017-07-01,2018-06-30,110360000000.0,2018,FY,10-K,2018-08-03,0001564590-18-019062,
revenue,RevenueFromContractWithCustomerExcludingAssessedTax,us-gaap,USD,2018-04-01,2018-06-30,30085000000.0,2018,FY,10-K,2018-08-03,0001564590-18-019062,
revenue,RevenueFromContractWithCustomerExcludingAssessedTax,us-gaap,USD,2017-07-01,2018-06-30,110360000000.0,2019,FY,10-K,2019-08-01,0001564590-19-027952,
revenue,RevenueFromContractWithCustomerExcludingAssessedTax,us-gaap,USD,2018-04-01,2018-06-30,30085000000.0,2019,FY,10-K,2019-08-01,0001564590-19-027952,CY2018Q2
revenue,RevenueFromContractWithCustomerExcludingAssessedTax,us-gaap,USD,2017-07-01,2018-06-30,110360000000.0,2020,FY,10-K,2020-07-30,0001564590-20-034944,CY2018
revenue,RevenueFromContractWithCustomerExcludingAssessedTax,us-gaap,USD,2018-07-01,2018-09-30,29084000000.0,2019,Q1,10-Q,2018-10-24,0001564590-18-024893,
revenue,RevenueFromContractWithCustomerExcludingAssessedTax,us-gaap,USD,2018-07-01,2018-09-30,29084000000.0,2019,FY,10-K,2019-08-01,0001564590-19-027952,
revenue,RevenueFromContractWithCustomerExcludingAssessedTax,us-gaap,USD,2018-07-01,2018-09-30,29084000000.0,2020,Q1,10-Q,2019-10-23,0001564590-19-037549,
revenue,RevenueFromContractWithCustomerExcludingAssessedTax,us-gaap,USD,2018-07-01,2018-09-30,29084000000.0,2020,FY,10-K,2020-07-30,0001564590-20-034944,CY2018Q3
revenue,RevenueFromContractWithCustomerExcludingAssessedTax,us-gaap,USD,2018-07-01,2018-12-31,61555000000.0,2019,Q2,10-Q,2019-01-30,0001564590-19-001392,
revenue,RevenueFromContractWithCustomerExcludingAssessedTax,us-gaap,USD,2018-10-01,2018-12-31,32471000000.0,2019,Q2,10-Q,2019-01-30,0001564590-19-001392,
revenue,RevenueFromContractWithCustomerExcludingAssessedTax,us-gaap,USD,2018-10-01,2018-12-31,32471000000.0,2019,FY,10-K,2019-08-01,0001564590-19-027952,
revenue,RevenueFromContractWithCustomerExcludingAssessedTax,us-gaap,USD,2018-07-01,2018-12-31,61555000000.0,2020,Q2,10-Q,2020-01-29,0001564590-20-002450,
revenue,RevenueFromContractWithCustomerExcludingAssessedTax,us-gaap,USD,2018-10-01,2018-12-31,32471000000.0,2020,Q2,10-Q,2020-01-29,0001564590-20-002450,
revenue,RevenueFromContractWithCustomerExcludingAssessedTax,us-gaap,USD,2018-10-01,2018-12-31,32471000000.0,2020,FY,10-K,2020-07-30,0001564590-20-034944,CY2018Q4
revenue,RevenueFromContractWithCustomerExcludingAssessedTax,us-gaap,USD,2018-07-01,2019-03-31,92126000000.0,2019,Q3,10-Q,2019-04-24,0001564590-19-012709,
revenue,RevenueFromContractWithCustomerExcludingAssessedTax,us-gaap,USD,2019-01-01,2019-03-31,30571000000.0,2019,Q3,10-Q,2019-04-24,0001564590-19-012709,
revenue,RevenueFromContractWithCustomerExcludingAssessedTax,us-gaap,USD,2019-01-01,2019-03-31,30571000000.0,2019,FY,10-K,2019-08-01,0001564590-19-027952,
revenue,RevenueFromContractWithCustomerExcludingAssessedTax,us-gaap,USD,2018-07-01,2019-03-31,92126000000.0,2020,Q3,10-Q,2020-04-29,0001564590-20-019706,
revenue,RevenueFromContractWithCustomerExcludingAssessedTax,us-gaap,USD,2019-01-01,2019-03-31,30571000000.0,2020,Q3,10-Q,2020-04-29,0001564590-20-019706,
revenue,RevenueFromContractWithCustomerExcludingAssessedTax,us-gaap,USD,2019-01-01,2019-03-31,30571000000.0,2020,FY,10-K,2020-07-30,0001564590-20-034944,CY2019Q1
revenue,RevenueFromContractWithCustomerExcludingAssessedTax,us-gaap,USD,2018-07-01,2019-06-30,125843000000.0,2019,FY,10-K,2019-08-01,0001564590-19-027952,
revenue,RevenueFromContractWithCustomerExcludingAssessedTax,us-gaap,USD,2019-04-01,2019-06-30,33717000000.0,2019,FY,10-K,2019-08-01,0001564590-19-027952,
revenue,RevenueFromContractWithCustomerExcludingAssessedTax,us-gaap,USD,2018-07-01,2019-06-30,125843000000.0,2020,FY,10-K,2020-07-30,0001564590-20-034944,
revenue,RevenueFromContractWithCustomerExcludingAssessedTax,us-gaap,USD,2019-04-01,2019-06-30,33717000000.0,2020,FY,10-K,2020-07-30,0001564590-20-034944,CY2019Q2
revenue,RevenueFromContractWithCustomerExcludingAssessedTax,us-gaap,USD,2018-07-01,2019-06-30,125843000000.0,2021,FY,10-K,2021-07-29,0001564590-21-039151,CY2019
revenue,RevenueFromContractWithCustomerExcludingAssessedTax,us-gaap,USD,2019-07-01,2019-09-30,33055000000.0,2020,Q1,10-Q,2019-10-23,0001564590-19-037549,
revenue,RevenueFromContractWithCustomerExcludingAssessedTax,us-gaap,USD,2019-07-01,2019-09-30,33055000000.0,2020,FY,10-K,2020-07-30,0001564590-20-034944,
revenue,RevenueFromContractWithCustomerExcludingAssessedTax,us-gaap,USD,2019-07-01,2019-09-30,33055000000.0,2021,Q1,10-Q,2020-10-27,0001564590-20-047996,CY2019Q3
revenue,RevenueFromContractWithCustomerExcludingAssessedTax,us-gaap,USD,2019-07-01,2019-12-31,69961000000.0,2020,Q2,10-Q,2020-01-29,0001564590-20-002450,
revenue,RevenueFromContractWithCustomerExcludingAssessedTax,us-gaap,USD,2019-10-01,2019-12-31,36906000000.0,2020,Q2,10-Q,2020-01-29,0001564590-20-002450,
revenue,RevenueFromContractWithCustomerExcludingAssessedTax,us-gaap,USD,2019-10-01,2019-12-31,36906000000.0,2020,FY,10-K,2020-07-30,0001564590-20-034944,
revenue,RevenueFromContractWithCustomerExcludingAssessedTax,us-gaap,USD,2019-07-01,2019-12-31,69961000000.0,2021,Q2,10-Q,2021-01-26,0001564590-21-002316,
revenue,RevenueFromContractWithCustomerExcludingAssessedTax,us-gaap,USD,2019-10-01,2019-12-31,36906000000.0,2021,Q2,10-Q,2021-01-26,0001564590-21-002316,CY2019Q4
revenue,RevenueFromContractWithCustomerExcludingAssessedTax,us-gaap,USD,2019-07-01,2020-03-31,104982000000.0,2020,Q3,10-Q,2020-04-29,0001564590-20-019706,
revenue,RevenueFromContractWithCustomerExcludingAssessedTax,us-gaap,USD,2020-01-01,2020-03-31,35021000000.0,2020,Q3,10-Q,2020-04-29,0001564590-20-019706,
revenue,RevenueFromContractWithCustomerExcludingAssessedTax,us-gaap,USD,2020-01-01,2020-03-31,35021000000.0,2020,FY,10-K,2020-07-30,0001564590-20-034944,
revenue,RevenueFromContractWithCustomerExcludingAssessedTax,us-gaap,USD,2019-07-01,2020-03-31,104982000000.0,2021,Q3,10-Q,2021-04-27,0001564590-21-020891,
revenue,RevenueFromContractWithCustomerExcludingAssessedTax,us-gaap,USD,2020-01-01,2020-03-31,35021000000.0,2021,Q3,10-Q,2021-04-27,0001564590-21-020891,CY2020Q1
revenue,RevenueFromContractWithCustomerExcludingAssessedTax,us-gaap,USD,2019-07-01,2020-06-30,143015000000.0,2020,FY,10-K,2020-07-30,0001564590-20-034944,
revenue,RevenueFromContractWithCustomerExcludingAssessedTax,us-gaap,USD,2020-04-01,2020-06-30,38033000000.0,2020,FY,10-K,2020-07-30,0001564590-20-034944,CY2020Q2
revenue,RevenueFromContractWithCustomerExcludingAssessedTax,us-gaap,USD,2019-07-01,2020-06-30,143015000000.0,2021,FY,10-K,2021-07-29,0001564590-21-039151,
revenue,RevenueFromContractWithCustomerExcludingAssessedTax,us-gaap,USD,2019-07-01,2020-06-30,143015000000.0,2022,FY,10-K,2022-07-28,0001564590-22-026876,CY2020
revenue,RevenueFromContractWithCustomerExcludingAssessedTax,us-gaap,USD,2020-07-01,2020-09-30,37154000000.0,2021,Q1,10-Q,2020-10-27,0001564590-20-047996,
revenue,RevenueFromContractWithCustomerExcludingAssessedTax,us-gaap,USD,2020-07-01,2020-09-30,37154000000.0,2022,Q1,10-Q,2021-10-26,0001564590-21-051992,CY2020Q3
revenue,RevenueFromContractWithCustomerExcludingAssessedTax,us-gaap,USD,2020-07-01,2020-12-31,80230000000.0,2021,Q2,10-Q,2021-01-26,0001564590-21-002316,
revenue,RevenueFromContractWithCustomerExcludingAssessedTax,us-gaap,USD,2020-10-01,2020-12-31,43076000000.0,2021,Q2,10-Q,2021-01-26,0001564590-21-002316,
revenue,RevenueFromContractWithCustomerExcludingAssessedTax,us-gaap,USD,2020-07-01,2020-12-31,80230000000.0,2022,Q2,10-Q,2022-01-25,0001564590-22-002324,
revenue,RevenueFromContractWithCustomerExcludingAssessedTax,us-gaap,USD,2020-10-01,2020-12-31,43076000000.0,2022,Q2,10-Q,2022-01-25,0001564590-22-002324,CY2020Q4
revenue,RevenueFromContractWithCustomerExcludingAssessedTax,us-gaap,USD,2020-07-01,2021-03-31,121936000000.0,2021,Q3,10-Q,2021-04-27,0001564590-21-020891,
revenue,RevenueFromContractWithCustomerExcludingAssessedTax,us-gaap,USD,2021-01-01,2021-03-31,41706000000.0,2021,Q3,10-Q,2021-04-27,0001564590-21-020891,
revenue,RevenueFromContractWithCustomerExcludingAssessedTax,us-gaap,USD,2020-07-01,2021-03-31,121936000000.0,2022,Q3,10-Q,2022-04-26,0001564590-22-015675,
revenue,RevenueFromContractWithCustomerExcludingAssessedTax,us-gaap,USD,2021-01-01,2021-03-31,41706000000.0,2022,Q3,10-Q,2022-04-26,0001564590-22-015675,CY2021Q1
revenue,RevenueFromContractWithCustomerExcludingAssessedTax,us-gaap,USD,2020-07-01,2021-06-30,168088000000.0,2021,FY,10-K,2021-07-29,0001564590-21-039151,
revenue,RevenueFromContractWithCustomerExcludingAssessedTax,us-gaap,USD,2020-07-01,2021-06-30,168088000000.0,2022,FY,10-K,2022-07-28,0001564590-22-026876,
revenue,RevenueFromContractWithCustomerExcludingAssessedTax,us-gaap,USD,2020-07-01,2021-06-30,168088000000.0,2023,FY,10-K,2023-07-27,0000950170-23-035122,CY2021
revenue,RevenueFromContractWithCustomerExcludingAssessedTax,us-gaap,USD,2021-07-01,2021-09-30,45317000000.0,2022,Q1,10-Q,2021-10-26,0001564590-21-051992,
revenue,RevenueFromContractWithCustomerExcludingAssessedTax,us-gaap,USD,2021-07-01,2021-09-30,45317000000.0,2023,Q1,10-Q,2022-10-25,0001564590-22-035087,CY2021Q3
revenue,RevenueFromContractWithCustomerExcludingAssessedTax,us-gaap,USD,2021-07-01,2021-12-31,97045000000.0,2022,Q2,10-Q,2022-01-25,0001564590-22-002324,
revenue,RevenueFromContractWithCustomerExcludingAssessedTax,us-gaap,USD,2021-10-01,2021-12-31,51728000000.0,2022,Q2,10-Q,2022-01-25,0001564590-22-002324,
revenue,RevenueFromContractWithCustomerExcludingAssessedTax,us-gaap,USD,2021-07-01,2021-12-31,97045000000.0,2023,Q2,10-Q,2023-01-24,0001564590-23-000733,
revenue,RevenueFromContractWithCustomerExcludingAssessedTax,us-gaap,USD,2021-10-01,2021-12-31,51728000000.0,2023,Q2,10-Q,2023-01-24,0001564590-23-000733,CY2021Q4
revenue,RevenueFromContractWithCustomerExcludingAssessedTax,us-gaap,USD,2021-07-01,2022-03-31,146405000000.0,2022,Q3,10-Q,2022-04-26,0001564590-22-015675,
revenue,RevenueFromContractWithCustomerExcludingAssessedTax,us-gaap,USD,2022-01-01,2022-03-31,49360000000.0,2022,Q3,10-Q,2022-04-26,0001564590-22-015675,
revenue,RevenueFromContractWithCustomerExcludingAssessedTax,us-gaap,USD,2021-07-01,2022-03-31,146405000000.0,2023,Q3,10-Q,2023-04-25,0000950170-23-014423,
revenue,RevenueFromContractWithCustomerExcludingAssessedTax,us-gaap,USD,2022-01-01,2022-03-31,49360000000.0,2023,Q3,10-Q,2023-04-25,0000950170-23-014423,CY2022Q1
revenue,RevenueFromContractWithCustomerExcludingAssessedTax,us-gaap,USD,2021-07-01,2022-06-30,198270000000.0,2022,FY,10-K,2022-07-28,0001564590-22-026876,
revenue,RevenueFromContractWithCustomerExcludingAssessedTax,us-gaap,USD,2021-07-01,2022-06-30,198270000000.0,2023,FY,10-K,2023-07-27,0000950170-23-035122,
revenue,RevenueFromContractWithCustomerExcludingAssessedTax,us-gaap,USD,2021-07-01,2022-06-30,198270000000.0,2024,FY,10-K,2024-07-30,0000950170-24-087843,
revenue,RevenueFromContractWithCustomerExcludingAssessedTax,us-gaap,USD,2021-07-01,2022-06-30,198270000000.0,,,8-K,2024-12-03,0000950170-24-132722,CY2022
revenue,RevenueFromContractWithCustomerExcludingAssessedTax,us-gaap,USD,2022-07-01,2022-09-30,50122000000.0,2023,Q1,10-Q,2022-10-25,0001564590-22-035087,
revenue,RevenueFromContractWithCustomerExcludingAssessedTax,us-gaap,USD,2022-07-01,2022-09-30,50122000000.0,2024,Q1,10-Q,2023-10-24,0000950170-23-054855,CY2022Q3
revenue,RevenueFromContractWithCustomerExcludingAssessedTax,us-gaap,USD,2022-07-01,2022-12-31,102869000000.0,2023,Q2,10-Q,2023-01-24,0001564590-23-000733,
revenue,RevenueFromContractWithCustomerExcludingAssessedTax,us-gaap,USD,2022-10-01,2022-12-31,52747000000.0,2023,Q2,10-Q,2023-01-24,0001564590-23-000733,
revenue,RevenueFromContractWithCustomerExcludingAssessedTax,us-gaap,USD,2022-07-01,2022-12-31,102869000000.0,2024,Q2,10-Q,2024-01-30,0000950170-24-008814,
revenue,RevenueFromContractWithCustomerExcludingAssessedTax,us-gaap,USD,2022-10-01,2022-12-31,52747000000.0,2024,Q2,10-Q,2024-01-30,0000950170-24-008814,CY2022Q4
revenue,RevenueFromContractWithCustomerExcludingAssessedTax,us-gaap,USD,2022-07-01,2023-03-31,155726000000.0,2023,Q3,10-Q,2023-04-25,0000950170-23-014423,
revenue,RevenueFromContractWithCustomerExcludingAssessedTax,us-gaap,USD,2023-01-01,2023-03-31,52857000000.0,2023,Q3,10-Q,2023-04-25,0000950170-23-014423,
revenue,RevenueFromContractWithCustomerExcludingAssessedTax,us-gaap,USD,2022-07-01,2023-03-31,155726000000.0,2024,Q3,10-Q,2024-04-25,0000950170-24-048288,
revenue,RevenueFromContractWithCustomerExcludingAssessedTax,us-gaap,USD,2023-01-01,2023-03-31,52857000000.0,2024,Q3,10-Q,2024-04-25,0000950170-24-048288,CY2023Q1
revenue,RevenueFromContractWithCustomerExcludingAssessedTax,us-gaap,USD,2022-07-01,2023-06-30,211915000000.0,2023,FY,10-K,2023-07-27,0000950170-23-035122,
revenue,RevenueFromContractWithCustomerExcludingAssessedTax,us-gaap,USD,2022-07-01,2023-06-30,211915000000.0,2024,FY,10-K,2024-07-30,0000950170-24-087843,
revenue,RevenueFromContractWithCustomerExcludingAssessedTax,us-gaap,USD,2022-07-01,2023-06-30,211915000000.0,,,8-K,2024-12-03,0000950170-24-132722,
revenue,RevenueFromContractWithCustomerExcludingAssessedTax,us-gaap,USD,2022-07-01,2023-06-30,211915000000.0,2025,FY,10-K,2025-07-30,0000950170-25-100235,CY2023
revenue,RevenueFromContractWithCustomerExcludingAssessedTax,us-gaap,USD,2023-07-01,2023-09-30,56517000000.0,2024,Q1,10-Q,2023-10-24,0000950170-23-054855,
revenue,RevenueFromContractWithCustomerExcludingAssessedTax,us-gaap,USD,2023-07-01,2023-09-30,56517000000.0,2025,Q1,10-Q,2024-10-30,0000950170-24-118967,CY2023Q3
revenue,RevenueFromContractWithCustomerExcludingAssessedTax,us-gaap,USD,2023-07-01,2023-12-31,118537000000.0,2024,Q2,10-Q,2024-01-30,0000950170-24-008814,
revenue,RevenueFromContractWithCustomerExcludingAssessedTax,us-gaap,USD,2023-10-01,2023-12-31,62020000000.0,2024,Q2,10-Q,2024-01-30,0000950170-24-008814,
revenue,RevenueFromContractWithCustomerExcludingAssessedTax,us-gaap,USD,2023-07-01,2023-12-31,118537000000.0,2025,Q2,10-Q,2025-01-29,0000950170-25-010491,
revenue,RevenueFromContractWithCustomerExcludingAssessedTax,us-gaap,USD,2023-10-01,2023-12-31,62020000000.0,2025,Q2,10-Q,2025-01-29,0000950170-25-010491,CY2023Q4
revenue,RevenueFromContractWithCustomerExcludingAssessedTax,us-gaap,USD,2023-07-01,2024-03-31,180395000000.0,2024,Q3,10-Q,2024-04-25,0000950170-24-048288,
revenue,RevenueFromContractWithCustomerExcludingAssessedTax,us-gaap,USD,2024-01-01,2024-03-31,61858000000.0,2024,Q3,10-Q,2024-04-25,0000950170-24-048288,
revenue,RevenueFromContractWithCustomerExcludingAssessedTax,us-gaap,USD,2023-07-01,2024-03-31,180395000000.0,2025,Q3,10-Q,2025-04-30,0000950170-25-061046,
revenue,RevenueFromContractWithCustomerExcludingAssessedTax,us-gaap,USD,2024-01-01,2024-03-31,61858000000.0,2025,Q3,10-Q,2025-04-30,0000950170-25-061046,CY2024Q1
revenue,RevenueFromContractWithCustomerExcludingAssessedTax,us-gaap,USD,2023-07-01,2024-06-30,245122000000.0,2024,FY,10-K,2024-07-30,0000950170-24-087843,
revenue,RevenueFromContractWithCustomerExcludingAssessedTax,us-gaap,USD,2023-07-01,2024-06-30,245122000000.0,,,8-K,2024-12-03,0000950170-24-132722,
revenue,RevenueFromContractWithCustomerExcludingAssessedTax,us-gaap,USD,2023-07-01,2024-06-30,245122000000.0,2025,FY,10-K,2025-07-30,0000950170-25-100235,
revenue,RevenueFromContractWithCustomerExcludingAssessedTax,us-gaap,USD,2023-07-01,2024-06-30,245122000000.0,2026,FY,10-K,2026-07-29,0001193125-26-323660,CY2024
revenue,RevenueFromContractWithCustomerExcludingAssessedTax,us-gaap,USD,2024-07-01,2024-09-30,65585000000.0,2025,Q1,10-Q,2024-10-30,0000950170-24-118967,
revenue,RevenueFromContractWithCustomerExcludingAssessedTax,us-gaap,USD,2024-07-01,2024-09-30,65585000000.0,2026,Q1,10-Q,2025-10-29,0001193125-25-256321,CY2024Q3
revenue,RevenueFromContractWithCustomerExcludingAssessedTax,us-gaap,USD,2024-07-01,2024-12-31,135217000000.0,2025,Q2,10-Q,2025-01-29,0000950170-25-010491,
revenue,RevenueFromContractWithCustomerExcludingAssessedTax,us-gaap,USD,2024-10-01,2024-12-31,69632000000.0,2025,Q2,10-Q,2025-01-29,0000950170-25-010491,
revenue,RevenueFromContractWithCustomerExcludingAssessedTax,us-gaap,USD,2024-07-01,2024-12-31,135217000000.0,2026,Q2,10-Q,2026-01-28,0001193125-26-027207,
revenue,RevenueFromContractWithCustomerExcludingAssessedTax,us-gaap,USD,2024-10-01,2024-12-31,69632000000.0,2026,Q2,10-Q,2026-01-28,0001193125-26-027207,CY2024Q4
revenue,RevenueFromContractWithCustomerExcludingAssessedTax,us-gaap,USD,2024-07-01,2025-03-31,205283000000.0,2025,Q3,10-Q,2025-04-30,0000950170-25-061046,
revenue,RevenueFromContractWithCustomerExcludingAssessedTax,us-gaap,USD,2025-01-01,2025-03-31,70066000000.0,2025,Q3,10-Q,2025-04-30,0000950170-25-061046,
revenue,RevenueFromContractWithCustomerExcludingAssessedTax,us-gaap,USD,2024-07-01,2025-03-31,205283000000.0,2026,Q3,10-Q,2026-04-29,0001193125-26-191507,
revenue,RevenueFromContractWithCustomerExcludingAssessedTax,us-gaap,USD,2025-01-01,2025-03-31,70066000000.0,2026,Q3,10-Q,2026-04-29,0001193125-26-191507,CY2025Q1
revenue,RevenueFromContractWithCustomerExcludingAssessedTax,us-gaap,USD,2024-07-01,2025-06-30,281724000000.0,2025,FY,10-K,2025-07-30,0000950170-25-100235,
revenue,RevenueFromContractWithCustomerExcludingAssessedTax,us-gaap,USD,2024-07-01,2025-06-30,281724000000.0,2026,FY,10-K,2026-07-29,0001193125-26-323660,CY2025
revenue,RevenueFromContractWithCustomerExcludingAssessedTax,us-gaap,USD,2025-07-01,2025-09-30,77673000000.0,2026,Q1,10-Q,2025-10-29,0001193125-25-256321,CY2025Q3
revenue,RevenueFromContractWithCustomerExcludingAssessedTax,us-gaap,USD,2025-07-01,2025-12-31,158946000000.0,2026,Q2,10-Q,2026-01-28,0001193125-26-027207,
revenue,RevenueFromContractWithCustomerExcludingAssessedTax,us-gaap,USD,2025-10-01,2025-12-31,81273000000.0,2026,Q2,10-Q,2026-01-28,0001193125-26-027207,CY2025Q4
revenue,RevenueFromContractWithCustomerExcludingAssessedTax,us-gaap,USD,2025-07-01,2026-03-31,241832000000.0,2026,Q3,10-Q,2026-04-29,0001193125-26-191507,
revenue,RevenueFromContractWithCustomerExcludingAssessedTax,us-gaap,USD,2026-01-01,2026-03-31,82886000000.0,2026,Q3,10-Q,2026-04-29,0001193125-26-191507,CY2026Q1
revenue,RevenueFromContractWithCustomerExcludingAssessedTax,us-gaap,USD,2025-07-01,2026-06-30,331839000000.0,2026,FY,10-K,2026-07-29,0001193125-26-323660,CY2026
shares_outstanding,EntityCommonStockSharesOutstanding,dei,shares,,2009-10-19,8879121378.0,2010,Q1,10-Q,2009-10-23,0001193125-09-212454,CY2009Q3I
shares_outstanding,EntityCommonStockSharesOutstanding,dei,shares,,2010-01-25,8770460922.0,2010,Q2,10-Q,2010-01-28,0001193125-10-015598,CY2009Q4I
shares_outstanding,EntityCommonStockSharesOutstanding,dei,shares,,2010-04-19,8763839329.0,2010,Q3,10-Q,2010-04-22,0001193125-10-090116,CY2010Q1I
shares_outstanding,EntityCommonStockSharesOutstanding,dei,shares,,2010-07-20,8653567331.0,2010,FY,10-K,2010-07-30,0001193125-10-171791,CY2010Q2I
shares_outstanding,EntityCommonStockSharesOutstanding,dei,shares,,2010-10-22,8555523242.0,2011,Q1,10-Q,2010-10-28,0001193125-10-239825,CY2010Q3I
shares_outstanding,EntityCommonStockSharesOutstanding,dei,shares,,2011-01-21,8402382031.0,2011,Q2,10-Q,2011-01-27,0001193125-11-015947,CY2010Q4I
shares_outstanding,EntityCommonStockSharesOutstanding,dei,shares,,2011-04-21,8432767307.0,2011,Q3,10-Q,2011-04-28,0001193125-11-115186,CY2011Q1I
shares_outstanding,EntityCommonStockSharesOutstanding,dei,shares,,2011-07-20,8378265782.0,2011,FY,10-K,2011-07-28,0001193125-11-200680,CY2011Q2I
shares_outstanding,EntityCommonStockSharesOutstanding,dei,shares,,2011-10-17,8412182277.0,2012,Q1,10-Q,2011-10-20,0001193125-11-276022,CY2011Q3I
shares_outstanding,EntityCommonStockSharesOutstanding,dei,shares,,2012-01-17,8390771388.0,2012,Q2,10-Q/A,2012-01-27,0001193125-12-026864,CY2011Q4I
shares_outstanding,EntityCommonStockSharesOutstanding,dei,shares,,2012-04-17,8400866103.0,2012,Q3,10-Q,2012-04-19,0001193125-12-170665,CY2012Q1I
shares_outstanding,EntityCommonStockSharesOutstanding,dei,shares,,2012-07-18,8383396575.0,2012,FY,10-K,2012-07-26,0001193125-12-316848,CY2012Q2I
shares_outstanding,EntityCommonStockSharesOutstanding,dei,shares,,2012-10-15,8416462491.0,2013,Q1,10-Q,2012-10-18,0001193125-12-427209,CY2012Q3I
shares_outstanding,EntityCommonStockSharesOutstanding,dei,shares,,2013-01-18,8376244910.0,2013,Q2,10-Q,2013-01-24,0001193125-13-022207,CY2012Q4I
shares_outstanding,EntityCommonStockSharesOutstanding,dei,shares,,2013-04-11,8351106590.0,2013,Q3,10-Q,2013-04-18,0001193125-13-160748,CY2013Q1I
shares_outstanding,EntityCommonStockSharesOutstanding,dei,shares,,2013-07-18,8329956402.0,2013,FY,10-K,2013-07-30,0001193125-13-310206,CY2013Q2I
shares_outstanding,EntityCommonStockSharesOutstanding,dei,shares,,2013-10-16,8347968348.0,2014,Q1,10-Q,2013-10-24,0001193125-13-409855,CY2013Q3I
shares_outstanding,EntityCommonStockSharesOutstanding,dei,shares,,2014-01-17,8300723725.0,2014,Q2,10-Q,2014-01-23,0001193125-14-018634,CY2013Q4I
shares_outstanding,EntityCommonStockSharesOutstanding,dei,shares,,2014-04-17,8260411967.0,2014,Q3,10-Q,2014-04-24,0001193125-14-157088,CY2014Q1I
shares_outstanding,EntityCommonStockSharesOutstanding,dei,shares,,2014-07-22,8239848789.0,2014,FY,10-K,2014-07-31,0001193125-14-289961,CY2014Q2I
shares_outstanding,EntityCommonStockSharesOutstanding,dei,shares,,2014-10-16,8242852827.0,2015,Q1,10-Q,2014-10-23,0001193125-14-380252,CY2014Q3I
shares_outstanding,EntityCommonStockSharesOutstanding,dei,shares,,2015-01-22,8203785341.0,2015,Q2,10-Q,2015-01-26,0001193125-15-020351,CY2014Q4I
shares_outstanding,EntityCommonStockSharesOutstanding,dei,shares,,2015-04-16,8089575277.0,2015,Q3,10-Q,2015-04-23,0001193125-15-144151,CY2015Q1I
shares_outstanding,EntityCommonStockSharesOutstanding,dei,shares,,2015-07-27,7997980969.0,2015,FY,10-K,2015-07-31,0001193125-15-272806,CY2015Q2I
shares_outstanding,EntityCommonStockSharesOutstanding,dei,shares,,2015-10-15,7987913152.0,2016,Q1,10-Q,2015-10-22,0001193125-15-350718,CY2015Q3I
shares_outstanding,EntityCommonStockSharesOutstanding,dei,shares,,2016-01-22,7909302774.0,2016,Q2,10-Q,2016-01-28,0001193125-16-441821,CY2015Q4I
shares_outstanding,EntityCommonStockSharesOutstanding,dei,shares,,2016-04-15,7860466856.0,2016,Q3,10-Q,2016-04-21,0001193125-16-550254,CY2016Q1I
shares_outstanding,EntityCommonStockSharesOutstanding,dei,shares,,2016-07-25,7792515573.0,2016,FY,10-K,2016-07-28,0001193125-16-662209,CY2016Q2I
shares_outstanding,EntityCommonStockSharesOutstanding,dei,shares,,2016-10-14,7775350501.0,2017,Q1,10-Q,2016-10-20,0001193125-16-742796,CY2016Q3I
shares_outstanding,EntityCommonStockSharesOutstanding,dei,shares,,2017-01-20,7727529820.0,2017,Q2,10-Q,2017-01-26,0001564590-17-000654,CY2016Q4I
shares_outstanding,EntityCommonStockSharesOutstanding,dei,shares,,2017-04-21,7720514731.0,2017,Q3,10-Q,2017-04-27,0001564590-17-007547,CY2017Q1I
shares_outstanding,EntityCommonStockSharesOutstanding,dei,shares,,2017-07-31,7702243979.0,2017,FY,10-K,2017-08-02,0001564590-17-014900,CY2017Q2I
shares_outstanding,EntityCommonStockSharesOutstanding,dei,shares,,2017-10-20,7714590195.0,2018,Q1,10-Q,2017-10-26,0001564590-17-020171,CY2017Q3I
shares_outstanding,EntityCommonStockSharesOutstanding,dei,shares,,2018-01-26,7699792852.0,2018,Q2,10-Q,2018-01-31,0001564590-18-001129,CY2017Q4I
shares_outstanding,EntityCommonStockSharesOutstanding,dei,shares,,2018-04-20,7683197503.0,2018,Q3,10-Q,2018-04-26,0001564590-18-009307,CY2018Q1I
shares_outstanding,EntityCommonStockSharesOutstanding,dei,shares,,2018-07-31,7668217316.0,2018,FY,10-K,2018-08-03,0001564590-18-019062,CY2018Q2I
shares_outstanding,EntityCommonStockSharesOutstanding,dei,shares,,2018-10-19,7676218736.0,2019,Q1,10-Q,2018-10-24,0001564590-18-024893,CY2018Q3I
shares_outstanding,EntityCommonStockSharesOutstanding,dei,shares,,2019-01-25,7672213446.0,2019,Q2,10-Q,2019-01-30,0001564590-19-001392,CY2018Q4I
shares_outstanding,EntityCommonStockSharesOutstanding,dei,shares,,2019-04-18,7662817920.0,2019,Q3,10-Q,2019-04-24,0001564590-19-012709,CY2019Q1I
shares_outstanding,EntityCommonStockSharesOutstanding,dei,shares,,2019-07-29,7635409400.0,2019,FY,10-K,2019-08-01,0001564590-19-027952,CY2019Q2I
shares_outstanding,EntityCommonStockSharesOutstanding,dei,shares,,2019-10-18,7628805618.0,2020,Q1,10-Q,2019-10-23,0001564590-19-037549,CY2019Q3I
shares_outstanding,EntityCommonStockSharesOutstanding,dei,shares,,2020-01-24,7606047010.0,2020,Q2,10-Q,2020-01-29,0001564590-20-002450,CY2019Q4I
shares_outstanding,EntityCommonStockSharesOutstanding,dei,shares,,2020-04-24,7583440247.0,2020,Q3,10-Q,2020-04-29,0001564590-20-019706,CY2020Q1I
shares_outstanding,EntityCommonStockSharesOutstanding,dei,shares,,2020-07-27,7567652935.0,2020,FY,10-K,2020-07-30,0001564590-20-034944,CY2020Q2I
shares_outstanding,EntityCommonStockSharesOutstanding,dei,shares,,2020-10-22,7560495969.0,2021,Q1,10-Q,2020-10-27,0001564590-20-047996,CY2020Q3I
shares_outstanding,EntityCommonStockSharesOutstanding,dei,shares,,2021-01-21,7542215767.0,2021,Q2,10-Q,2021-01-26,0001564590-21-002316,CY2020Q4I
shares_outstanding,EntityCommonStockSharesOutstanding,dei,shares,,2021-04-22,7531574551.0,2021,Q3,10-Q,2021-04-27,0001564590-21-020891,CY2021Q1I
shares_outstanding,EntityCommonStockSharesOutstanding,dei,shares,,2021-07-26,7514891248.0,2021,FY,10-K,2021-07-29,0001564590-21-039151,CY2021Q2I
shares_outstanding,EntityCommonStockSharesOutstanding,dei,shares,,2021-10-21,7507980444.0,2022,Q1,10-Q,2021-10-26,0001564590-21-051992,CY2021Q3I
shares_outstanding,EntityCommonStockSharesOutstanding,dei,shares,,2022-01-20,7496866428.0,2022,Q2,10-Q,2022-01-25,0001564590-22-002324,CY2021Q4I
shares_outstanding,EntityCommonStockSharesOutstanding,dei,shares,,2022-04-21,7479033135.0,2022,Q3,10-Q,2022-04-26,0001564590-22-015675,CY2022Q1I
shares_outstanding,EntityCommonStockSharesOutstanding,dei,shares,,2022-07-25,7457891872.0,2022,FY,10-K,2022-07-28,0001564590-22-026876,CY2022Q2I
shares_outstanding,EntityCommonStockSharesOutstanding,dei,shares,,2022-10-20,7454473144.0,2023,Q1,10-Q,2022-10-25,0001564590-22-035087,CY2022Q3I
shares_outstanding,EntityCommonStockSharesOutstanding,dei,shares,,2023-01-19,7443803533.0,2023,Q2,10-Q,2023-01-24,0001564590-23-000733,CY2022Q4I
shares_outstanding,EntityCommonStockSharesOutstanding,dei,shares,,2023-04-20,7435487575.0,2023,Q3,10-Q,2023-04-25,0000950170-23-014423,CY2023Q1I
shares_outstanding,EntityCommonStockSharesOutstanding,dei,shares,,2023-07-24,7429763722.0,2023,FY,10-K,2023-07-27,0000950170-23-035122,CY2023Q2I
shares_outstanding,EntityCommonStockSharesOutstanding,dei,shares,,2023-10-19,7432262329.0,2024,Q1,10-Q,2023-10-24,0000950170-23-054855,CY2023Q3I
shares_outstanding,EntityCommonStockSharesOutstanding,dei,shares,,2024-01-25,7430436229.0,2024,Q2,10-Q,2024-01-30,0000950170-24-008814,CY2023Q4I
shares_outstanding,EntityCommonStockSharesOutstanding,dei,shares,,2024-04-22,7432305794.0,2024,Q3,10-Q,2024-04-25,0000950170-24-048288,CY2024Q1I
shares_outstanding,EntityCommonStockSharesOutstanding,dei,shares,,2024-07-25,7433038381.0,2024,FY,10-K,2024-07-30,0000950170-24-087843,CY2024Q2I
shares_outstanding,EntityCommonStockSharesOutstanding,dei,shares,,2024-10-24,7434880776.0,2025,Q1,10-Q,2024-10-30,0000950170-24-118967,CY2024Q3I
shares_outstanding,EntityCommonStockSharesOutstanding,dei,shares,,2025-01-23,7433982235.0,2025,Q2,10-Q,2025-01-29,0000950170-25-010491,CY2024Q4I
shares_outstanding,EntityCommonStockSharesOutstanding,dei,shares,,2025-04-24,7432543865.0,2025,Q3,10-Q,2025-04-30,0000950170-25-061046,CY2025Q1I
shares_outstanding,EntityCommonStockSharesOutstanding,dei,shares,,2025-07-24,7433166379.0,2025,FY,10-K,2025-07-30,0000950170-25-100235,CY2025Q2I
shares_outstanding,EntityCommonStockSharesOutstanding,dei,shares,,2025-10-23,7432377655.0,2026,Q1,10-Q,2025-10-29,0001193125-25-256321,CY2025Q3I
shares_outstanding,EntityCommonStockSharesOutstanding,dei,shares,,2026-01-22,7425629076.0,2026,Q2,10-Q,2026-01-28,0001193125-26-027207,CY2025Q4I
shares_outstanding,EntityCommonStockSharesOutstanding,dei,shares,,2026-04-23,7428434704.0,2026,Q3,10-Q,2026-04-29,0001193125-26-191507,CY2026Q1I
shares_outstanding,EntityCommonStockSharesOutstanding,dei,shares,,2026-07-23,7425545491.0,2026,FY,10-K,2026-07-29,0001193125-26-323660,CY2026Q2I
