concept,tag,taxonomy,unit,start,end,val,fy,fp,form,filed,accn,frame
capex,PaymentsToAcquireProductiveAssets,us-gaap,USD,2016-01-01,2016-12-31,7804000000.0,2018,FY,10-K,2019-02-01,0001018724-19-000004,CY2016
capex,PaymentsToAcquireProductiveAssets,us-gaap,USD,2016-10-01,2017-09-30,10750000000.0,2018,Q3,10-Q,2018-10-26,0001018724-18-000159,
capex,PaymentsToAcquireProductiveAssets,us-gaap,USD,2017-01-01,2017-09-30,8336000000.0,2018,Q3,10-Q,2018-10-26,0001018724-18-000159,
capex,PaymentsToAcquireProductiveAssets,us-gaap,USD,2017-07-01,2017-09-30,3074000000.0,2018,Q3,10-Q,2018-10-26,0001018724-18-000159,CY2017Q3
capex,PaymentsToAcquireProductiveAssets,us-gaap,USD,2017-01-01,2017-12-31,11955000000.0,2018,FY,10-K,2019-02-01,0001018724-19-000004,
capex,PaymentsToAcquireProductiveAssets,us-gaap,USD,2017-01-01,2017-12-31,11955000000.0,2019,FY,10-K,2020-01-31,0001018724-20-000004,CY2017
capex,PaymentsToAcquireProductiveAssets,us-gaap,USD,2017-04-01,2018-03-31,12905000000.0,2019,Q1,10-Q,2019-04-26,0001018724-19-000043,
capex,PaymentsToAcquireProductiveAssets,us-gaap,USD,2018-01-01,2018-03-31,3098000000.0,2019,Q1,10-Q,2019-04-26,0001018724-19-000043,CY2018Q1
capex,PaymentsToAcquireProductiveAssets,us-gaap,USD,2017-07-01,2018-06-30,13035000000.0,2019,Q2,10-Q,2019-07-26,0001018724-19-000071,
capex,PaymentsToAcquireProductiveAssets,us-gaap,USD,2018-01-01,2018-06-30,6341000000.0,2019,Q2,10-Q,2019-07-26,0001018724-19-000071,
capex,PaymentsToAcquireProductiveAssets,us-gaap,USD,2018-04-01,2018-06-30,3243000000.0,2019,Q2,10-Q,2019-07-26,0001018724-19-000071,CY2018Q2
capex,PaymentsToAcquireProductiveAssets,us-gaap,USD,2017-10-01,2018-09-30,13312000000.0,2018,Q3,10-Q,2018-10-26,0001018724-18-000159,
capex,PaymentsToAcquireProductiveAssets,us-gaap,USD,2018-01-01,2018-09-30,9693000000.0,2018,Q3,10-Q,2018-10-26,0001018724-18-000159,
capex,PaymentsToAcquireProductiveAssets,us-gaap,USD,2018-07-01,2018-09-30,3352000000.0,2018,Q3,10-Q,2018-10-26,0001018724-18-000159,
capex,PaymentsToAcquireProductiveAssets,us-gaap,USD,2017-10-01,2018-09-30,13312000000.0,2019,Q3,10-Q,2019-10-25,0001018724-19-000089,
capex,PaymentsToAcquireProductiveAssets,us-gaap,USD,2018-01-01,2018-09-30,9693000000.0,2019,Q3,10-Q,2019-10-25,0001018724-19-000089,
capex,PaymentsToAcquireProductiveAssets,us-gaap,USD,2018-07-01,2018-09-30,3352000000.0,2019,Q3,10-Q,2019-10-25,0001018724-19-000089,CY2018Q3
capex,PaymentsToAcquireProductiveAssets,us-gaap,USD,2018-01-01,2018-12-31,13427000000.0,2018,FY,10-K,2019-02-01,0001018724-19-000004,
capex,PaymentsToAcquireProductiveAssets,us-gaap,USD,2018-01-01,2018-12-31,13427000000.0,2019,FY,10-K,2020-01-31,0001018724-20-000004,
capex,PaymentsToAcquireProductiveAssets,us-gaap,USD,2018-01-01,2018-12-31,13427000000.0,2020,FY,10-K,2021-02-03,0001018724-21-000004,CY2018
capex,PaymentsToAcquireProductiveAssets,us-gaap,USD,2018-04-01,2019-03-31,13619000000.0,2019,Q1,10-Q,2019-04-26,0001018724-19-000043,
capex,PaymentsToAcquireProductiveAssets,us-gaap,USD,2019-01-01,2019-03-31,3290000000.0,2019,Q1,10-Q,2019-04-26,0001018724-19-000043,
capex,PaymentsToAcquireProductiveAssets,us-gaap,USD,2018-04-01,2019-03-31,13619000000.0,2020,Q1,10-Q,2020-05-01,0001018724-20-000010,
capex,PaymentsToAcquireProductiveAssets,us-gaap,USD,2019-01-01,2019-03-31,3290000000.0,2020,Q1,10-Q,2020-05-01,0001018724-20-000010,CY2019Q1
capex,PaymentsToAcquireProductiveAssets,us-gaap,USD,2018-07-01,2019-06-30,13938000000.0,2019,Q2,10-Q,2019-07-26,0001018724-19-000071,
capex,PaymentsToAcquireProductiveAssets,us-gaap,USD,2019-01-01,2019-06-30,6852000000.0,2019,Q2,10-Q,2019-07-26,0001018724-19-000071,
capex,PaymentsToAcquireProductiveAssets,us-gaap,USD,2019-04-01,2019-06-30,3562000000.0,2019,Q2,10-Q,2019-07-26,0001018724-19-000071,
capex,PaymentsToAcquireProductiveAssets,us-gaap,USD,2018-07-01,2019-06-30,13938000000.0,2020,Q2,10-Q,2020-07-31,0001018724-20-000021,
capex,PaymentsToAcquireProductiveAssets,us-gaap,USD,2019-01-01,2019-06-30,6852000000.0,2020,Q2,10-Q,2020-07-31,0001018724-20-000021,
capex,PaymentsToAcquireProductiveAssets,us-gaap,USD,2019-04-01,2019-06-30,3562000000.0,2020,Q2,10-Q,2020-07-31,0001018724-20-000021,CY2019Q2
capex,PaymentsToAcquireProductiveAssets,us-gaap,USD,2018-10-01,2019-09-30,15282000000.0,2019,Q3,10-Q,2019-10-25,0001018724-19-000089,
capex,PaymentsToAcquireProductiveAssets,us-gaap,USD,2019-01-01,2019-09-30,11549000000.0,2019,Q3,10-Q,2019-10-25,0001018724-19-000089,
capex,PaymentsToAcquireProductiveAssets,us-gaap,USD,2019-07-01,2019-09-30,4697000000.0,2019,Q3,10-Q,2019-10-25,0001018724-19-000089,
capex,PaymentsToAcquireProductiveAssets,us-gaap,USD,2018-10-01,2019-09-30,15282000000.0,2020,Q3,10-Q,2020-10-30,0001018724-20-000030,
capex,PaymentsToAcquireProductiveAssets,us-gaap,USD,2019-01-01,2019-09-30,11549000000.0,2020,Q3,10-Q,2020-10-30,0001018724-20-000030,
capex,PaymentsToAcquireProductiveAssets,us-gaap,USD,2019-07-01,2019-09-30,4697000000.0,2020,Q3,10-Q,2020-10-30,0001018724-20-000030,CY2019Q3
capex,PaymentsToAcquireProductiveAssets,us-gaap,USD,2019-01-01,2019-12-31,16861000000.0,2019,FY,10-K,2020-01-31,0001018724-20-000004,
capex,PaymentsToAcquireProductiveAssets,us-gaap,USD,2019-01-01,2019-12-31,16861000000.0,2020,FY,10-K,2021-02-03,0001018724-21-000004,
capex,PaymentsToAcquireProductiveAssets,us-gaap,USD,2019-01-01,2019-12-31,16861000000.0,2021,FY,10-K,2022-02-04,0001018724-22-000005,CY2019
capex,PaymentsToAcquireProductiveAssets,us-gaap,USD,2019-04-01,2020-03-31,20365000000.0,2020,Q1,10-Q,2020-05-01,0001018724-20-000010,
capex,PaymentsToAcquireProductiveAssets,us-gaap,USD,2020-01-01,2020-03-31,6795000000.0,2020,Q1,10-Q,2020-05-01,0001018724-20-000010,
capex,PaymentsToAcquireProductiveAssets,us-gaap,USD,2019-04-01,2020-03-31,20365000000.0,2021,Q1,10-Q,2021-04-30,0001018724-21-000010,
capex,PaymentsToAcquireProductiveAssets,us-gaap,USD,2020-01-01,2020-03-31,6795000000.0,2021,Q1,10-Q,2021-04-30,0001018724-21-000010,CY2020Q1
capex,PaymentsToAcquireProductiveAssets,us-gaap,USD,2019-07-01,2020-06-30,24263000000.0,2020,Q2,10-Q,2020-07-31,0001018724-20-000021,
capex,PaymentsToAcquireProductiveAssets,us-gaap,USD,2020-01-01,2020-06-30,14254000000.0,2020,Q2,10-Q,2020-07-31,0001018724-20-000021,
capex,PaymentsToAcquireProductiveAssets,us-gaap,USD,2020-04-01,2020-06-30,7459000000.0,2020,Q2,10-Q,2020-07-31,0001018724-20-000021,
capex,PaymentsToAcquireProductiveAssets,us-gaap,USD,2019-07-01,2020-06-30,24263000000.0,2021,Q2,10-Q,2021-07-30,0001018724-21-000020,
capex,PaymentsToAcquireProductiveAssets,us-gaap,USD,2020-01-01,2020-06-30,14254000000.0,2021,Q2,10-Q,2021-07-30,0001018724-21-000020,
capex,PaymentsToAcquireProductiveAssets,us-gaap,USD,2020-04-01,2020-06-30,7459000000.0,2021,Q2,10-Q,2021-07-30,0001018724-21-000020,CY2020Q2
capex,PaymentsToAcquireProductiveAssets,us-gaap,USD,2019-10-01,2020-09-30,30629000000.0,2020,Q3,10-Q,2020-10-30,0001018724-20-000030,
capex,PaymentsToAcquireProductiveAssets,us-gaap,USD,2020-01-01,2020-09-30,25317000000.0,2020,Q3,10-Q,2020-10-30,0001018724-20-000030,
capex,PaymentsToAcquireProductiveAssets,us-gaap,USD,2020-07-01,2020-09-30,11063000000.0,2020,Q3,10-Q,2020-10-30,0001018724-20-000030,
capex,PaymentsToAcquireProductiveAssets,us-gaap,USD,2019-10-01,2020-09-30,30629000000.0,2021,Q3,10-Q,2021-10-29,0001018724-21-000028,
capex,PaymentsToAcquireProductiveAssets,us-gaap,USD,2020-01-01,2020-09-30,25317000000.0,2021,Q3,10-Q,2021-10-29,0001018724-21-000028,
capex,PaymentsToAcquireProductiveAssets,us-gaap,USD,2020-07-01,2020-09-30,11063000000.0,2021,Q3,10-Q,2021-10-29,0001018724-21-000028,CY2020Q3
capex,PaymentsToAcquireProductiveAssets,us-gaap,USD,2020-01-01,2020-12-31,40140000000.0,2020,FY,10-K,2021-02-03,0001018724-21-000004,
capex,PaymentsToAcquireProductiveAssets,us-gaap,USD,2020-01-01,2020-12-31,40140000000.0,2021,FY,10-K,2022-02-04,0001018724-22-000005,
capex,PaymentsToAcquireProductiveAssets,us-gaap,USD,2020-01-01,2020-12-31,40140000000.0,2022,FY,10-K,2023-02-03,0001018724-23-000004,CY2020
capex,PaymentsToAcquireProductiveAssets,us-gaap,USD,2020-04-01,2021-03-31,45427000000.0,2021,Q1,10-Q,2021-04-30,0001018724-21-000010,
capex,PaymentsToAcquireProductiveAssets,us-gaap,USD,2021-01-01,2021-03-31,12082000000.0,2021,Q1,10-Q,2021-04-30,0001018724-21-000010,
capex,PaymentsToAcquireProductiveAssets,us-gaap,USD,2020-04-01,2021-03-31,45427000000.0,2022,Q1,10-Q,2022-04-29,0001018724-22-000013,
capex,PaymentsToAcquireProductiveAssets,us-gaap,USD,2021-01-01,2021-03-31,12082000000.0,2022,Q1,10-Q,2022-04-29,0001018724-22-000013,CY2021Q1
capex,PaymentsToAcquireProductiveAssets,us-gaap,USD,2020-07-01,2021-06-30,52256000000.0,2021,Q2,10-Q,2021-07-30,0001018724-21-000020,
capex,PaymentsToAcquireProductiveAssets,us-gaap,USD,2021-01-01,2021-06-30,26370000000.0,2021,Q2,10-Q,2021-07-30,0001018724-21-000020,
capex,PaymentsToAcquireProductiveAssets,us-gaap,USD,2021-04-01,2021-06-30,14288000000.0,2021,Q2,10-Q,2021-07-30,0001018724-21-000020,
capex,PaymentsToAcquireProductiveAssets,us-gaap,USD,2020-07-01,2021-06-30,52256000000.0,2022,Q2,10-Q,2022-07-29,0001018724-22-000019,
capex,PaymentsToAcquireProductiveAssets,us-gaap,USD,2021-01-01,2021-06-30,26370000000.0,2022,Q2,10-Q,2022-07-29,0001018724-22-000019,
capex,PaymentsToAcquireProductiveAssets,us-gaap,USD,2021-04-01,2021-06-30,14288000000.0,2022,Q2,10-Q,2022-07-29,0001018724-22-000019,CY2021Q2
capex,PaymentsToAcquireProductiveAssets,us-gaap,USD,2020-10-01,2021-09-30,56941000000.0,2021,Q3,10-Q,2021-10-29,0001018724-21-000028,
capex,PaymentsToAcquireProductiveAssets,us-gaap,USD,2021-01-01,2021-09-30,42118000000.0,2021,Q3,10-Q,2021-10-29,0001018724-21-000028,
capex,PaymentsToAcquireProductiveAssets,us-gaap,USD,2021-07-01,2021-09-30,15748000000.0,2021,Q3,10-Q,2021-10-29,0001018724-21-000028,
capex,PaymentsToAcquireProductiveAssets,us-gaap,USD,2020-10-01,2021-09-30,56941000000.0,2022,Q3,10-Q,2022-10-28,0001018724-22-000023,
capex,PaymentsToAcquireProductiveAssets,us-gaap,USD,2021-01-01,2021-09-30,42118000000.0,2022,Q3,10-Q,2022-10-28,0001018724-22-000023,
capex,PaymentsToAcquireProductiveAssets,us-gaap,USD,2021-07-01,2021-09-30,15748000000.0,2022,Q3,10-Q,2022-10-28,0001018724-22-000023,CY2021Q3
capex,PaymentsToAcquireProductiveAssets,us-gaap,USD,2021-01-01,2021-12-31,61053000000.0,2021,FY,10-K,2022-02-04,0001018724-22-000005,
capex,PaymentsToAcquireProductiveAssets,us-gaap,USD,2021-01-01,2021-12-31,61053000000.0,2022,FY,10-K,2023-02-03,0001018724-23-000004,
capex,PaymentsToAcquireProductiveAssets,us-gaap,USD,2021-01-01,2021-12-31,61053000000.0,2023,FY,10-K,2024-02-02,0001018724-24-000008,CY2021
capex,PaymentsToAcquireProductiveAssets,us-gaap,USD,2021-04-01,2022-03-31,63922000000.0,2022,Q1,10-Q,2022-04-29,0001018724-22-000013,
capex,PaymentsToAcquireProductiveAssets,us-gaap,USD,2022-01-01,2022-03-31,14951000000.0,2022,Q1,10-Q,2022-04-29,0001018724-22-000013,
capex,PaymentsToAcquireProductiveAssets,us-gaap,USD,2021-04-01,2022-03-31,63922000000.0,2023,Q1,10-Q,2023-04-28,0001018724-23-000008,
capex,PaymentsToAcquireProductiveAssets,us-gaap,USD,2022-01-01,2022-03-31,14951000000.0,2023,Q1,10-Q,2023-04-28,0001018724-23-000008,CY2022Q1
capex,PaymentsToAcquireProductiveAssets,us-gaap,USD,2021-07-01,2022-06-30,65358000000.0,2022,Q2,10-Q,2022-07-29,0001018724-22-000019,
capex,PaymentsToAcquireProductiveAssets,us-gaap,USD,2022-01-01,2022-06-30,30675000000.0,2022,Q2,10-Q,2022-07-29,0001018724-22-000019,
capex,PaymentsToAcquireProductiveAssets,us-gaap,USD,2022-04-01,2022-06-30,15724000000.0,2022,Q2,10-Q,2022-07-29,0001018724-22-000019,
capex,PaymentsToAcquireProductiveAssets,us-gaap,USD,2021-07-01,2022-06-30,65358000000.0,2023,Q2,10-Q,2023-08-04,0001018724-23-000012,
capex,PaymentsToAcquireProductiveAssets,us-gaap,USD,2022-01-01,2022-06-30,30675000000.0,2023,Q2,10-Q,2023-08-04,0001018724-23-000012,
capex,PaymentsToAcquireProductiveAssets,us-gaap,USD,2022-04-01,2022-06-30,15724000000.0,2023,Q2,10-Q,2023-08-04,0001018724-23-000012,CY2022Q2
capex,PaymentsToAcquireProductiveAssets,us-gaap,USD,2021-10-01,2022-09-30,65988000000.0,2022,Q3,10-Q,2022-10-28,0001018724-22-000023,
capex,PaymentsToAcquireProductiveAssets,us-gaap,USD,2022-01-01,2022-09-30,47053000000.0,2022,Q3,10-Q,2022-10-28,0001018724-22-000023,
capex,PaymentsToAcquireProductiveAssets,us-gaap,USD,2022-07-01,2022-09-30,16378000000.0,2022,Q3,10-Q,2022-10-28,0001018724-22-000023,
capex,PaymentsToAcquireProductiveAssets,us-gaap,USD,2021-10-01,2022-09-30,65988000000.0,2023,Q3,10-Q,2023-10-27,0001018724-23-000018,
capex,PaymentsToAcquireProductiveAssets,us-gaap,USD,2022-01-01,2022-09-30,47053000000.0,2023,Q3,10-Q,2023-10-27,0001018724-23-000018,
capex,PaymentsToAcquireProductiveAssets,us-gaap,USD,2022-07-01,2022-09-30,16378000000.0,2023,Q3,10-Q,2023-10-27,0001018724-23-000018,CY2022Q3
capex,PaymentsToAcquireProductiveAssets,us-gaap,USD,2022-01-01,2022-12-31,63645000000.0,2022,FY,10-K,2023-02-03,0001018724-23-000004,
capex,PaymentsToAcquireProductiveAssets,us-gaap,USD,2022-01-01,2022-12-31,63645000000.0,2023,FY,10-K,2024-02-02,0001018724-24-000008,
capex,PaymentsToAcquireProductiveAssets,us-gaap,USD,2022-01-01,2022-12-31,63645000000.0,2024,FY,10-K,2025-02-07,0001018724-25-000004,CY2022
capex,PaymentsToAcquireProductiveAssets,us-gaap,USD,2022-04-01,2023-03-31,62901000000.0,2023,Q1,10-Q,2023-04-28,0001018724-23-000008,
capex,PaymentsToAcquireProductiveAssets,us-gaap,USD,2023-01-01,2023-03-31,14207000000.0,2023,Q1,10-Q,2023-04-28,0001018724-23-000008,
capex,PaymentsToAcquireProductiveAssets,us-gaap,USD,2022-04-01,2023-03-31,62901000000.0,2024,Q1,10-Q,2024-05-01,0001018724-24-000083,
capex,PaymentsToAcquireProductiveAssets,us-gaap,USD,2023-01-01,2023-03-31,14207000000.0,2024,Q1,10-Q,2024-05-01,0001018724-24-000083,CY2023Q1
capex,PaymentsToAcquireProductiveAssets,us-gaap,USD,2022-07-01,2023-06-30,58632000000.0,2023,Q2,10-Q,2023-08-04,0001018724-23-000012,
capex,PaymentsToAcquireProductiveAssets,us-gaap,USD,2023-01-01,2023-06-30,25662000000.0,2023,Q2,10-Q,2023-08-04,0001018724-23-000012,
capex,PaymentsToAcquireProductiveAssets,us-gaap,USD,2023-04-01,2023-06-30,11455000000.0,2023,Q2,10-Q,2023-08-04,0001018724-23-000012,
capex,PaymentsToAcquireProductiveAssets,us-gaap,USD,2022-07-01,2023-06-30,58632000000.0,2024,Q2,10-Q,2024-08-02,0001018724-24-000130,
capex,PaymentsToAcquireProductiveAssets,us-gaap,USD,2023-01-01,2023-06-30,25662000000.0,2024,Q2,10-Q,2024-08-02,0001018724-24-000130,
capex,PaymentsToAcquireProductiveAssets,us-gaap,USD,2023-04-01,2023-06-30,11455000000.0,2024,Q2,10-Q,2024-08-02,0001018724-24-000130,CY2023Q2
capex,PaymentsToAcquireProductiveAssets,us-gaap,USD,2022-10-01,2023-09-30,54733000000.0,2023,Q3,10-Q,2023-10-27,0001018724-23-000018,
capex,PaymentsToAcquireProductiveAssets,us-gaap,USD,2023-01-01,2023-09-30,38141000000.0,2023,Q3,10-Q,2023-10-27,0001018724-23-000018,
capex,PaymentsToAcquireProductiveAssets,us-gaap,USD,2023-07-01,2023-09-30,12479000000.0,2023,Q3,10-Q,2023-10-27,0001018724-23-000018,
capex,PaymentsToAcquireProductiveAssets,us-gaap,USD,2022-10-01,2023-09-30,54733000000.0,2024,Q3,10-Q,2024-11-01,0001018724-24-000161,
capex,PaymentsToAcquireProductiveAssets,us-gaap,USD,2023-01-01,2023-09-30,38141000000.0,2024,Q3,10-Q,2024-11-01,0001018724-24-000161,
capex,PaymentsToAcquireProductiveAssets,us-gaap,USD,2023-07-01,2023-09-30,12479000000.0,2024,Q3,10-Q,2024-11-01,0001018724-24-000161,CY2023Q3
capex,PaymentsToAcquireProductiveAssets,us-gaap,USD,2023-01-01,2023-12-31,52729000000.0,2023,FY,10-K,2024-02-02,0001018724-24-000008,
capex,PaymentsToAcquireProductiveAssets,us-gaap,USD,2023-01-01,2023-12-31,52729000000.0,2024,FY,10-K,2025-02-07,0001018724-25-000004,
capex,PaymentsToAcquireProductiveAssets,us-gaap,USD,2023-01-01,2023-12-31,52729000000.0,2025,FY,10-K,2026-02-06,0001018724-26-000004,CY2023
capex,PaymentsToAcquireProductiveAssets,us-gaap,USD,2023-04-01,2024-03-31,53447000000.0,2024,Q1,10-Q,2024-05-01,0001018724-24-000083,
capex,PaymentsToAcquireProductiveAssets,us-gaap,USD,2024-01-01,2024-03-31,14925000000.0,2024,Q1,10-Q,2024-05-01,0001018724-24-000083,
capex,PaymentsToAcquireProductiveAssets,us-gaap,USD,2023-04-01,2024-03-31,53447000000.0,2025,Q1,10-Q,2025-05-02,0001018724-25-000036,
capex,PaymentsToAcquireProductiveAssets,us-gaap,USD,2024-01-01,2024-03-31,14925000000.0,2025,Q1,10-Q,2025-05-02,0001018724-25-000036,CY2024Q1
capex,PaymentsToAcquireProductiveAssets,us-gaap,USD,2023-07-01,2024-06-30,59612000000.0,2024,Q2,10-Q,2024-08-02,0001018724-24-000130,
capex,PaymentsToAcquireProductiveAssets,us-gaap,USD,2024-01-01,2024-06-30,32545000000.0,2024,Q2,10-Q,2024-08-02,0001018724-24-000130,
capex,PaymentsToAcquireProductiveAssets,us-gaap,USD,2024-04-01,2024-06-30,17620000000.0,2024,Q2,10-Q,2024-08-02,0001018724-24-000130,
capex,PaymentsToAcquireProductiveAssets,us-gaap,USD,2023-07-01,2024-06-30,59612000000.0,2025,Q2,10-Q,2025-08-01,0001018724-25-000086,
capex,PaymentsToAcquireProductiveAssets,us-gaap,USD,2024-01-01,2024-06-30,32545000000.0,2025,Q2,10-Q,2025-08-01,0001018724-25-000086,
capex,PaymentsToAcquireProductiveAssets,us-gaap,USD,2024-04-01,2024-06-30,17620000000.0,2025,Q2,10-Q,2025-08-01,0001018724-25-000086,CY2024Q2
capex,PaymentsToAcquireProductiveAssets,us-gaap,USD,2023-10-01,2024-09-30,69753000000.0,2024,Q3,10-Q,2024-11-01,0001018724-24-000161,
capex,PaymentsToAcquireProductiveAssets,us-gaap,USD,2024-01-01,2024-09-30,55165000000.0,2024,Q3,10-Q,2024-11-01,0001018724-24-000161,
capex,PaymentsToAcquireProductiveAssets,us-gaap,USD,2024-07-01,2024-09-30,22620000000.0,2024,Q3,10-Q,2024-11-01,0001018724-24-000161,
capex,PaymentsToAcquireProductiveAssets,us-gaap,USD,2023-10-01,2024-09-30,69753000000.0,2025,Q3,10-Q,2025-10-31,0001018724-25-000123,
capex,PaymentsToAcquireProductiveAssets,us-gaap,USD,2024-01-01,2024-09-30,55165000000.0,2025,Q3,10-Q,2025-10-31,0001018724-25-000123,
capex,PaymentsToAcquireProductiveAssets,us-gaap,USD,2024-07-01,2024-09-30,22620000000.0,2025,Q3,10-Q,2025-10-31,0001018724-25-000123,CY2024Q3
capex,PaymentsToAcquireProductiveAssets,us-gaap,USD,2024-01-01,2024-12-31,82999000000.0,2024,FY,10-K,2025-02-07,0001018724-25-000004,
capex,PaymentsToAcquireProductiveAssets,us-gaap,USD,2024-01-01,2024-12-31,82999000000.0,2025,FY,10-K,2026-02-06,0001018724-26-000004,CY2024
capex,PaymentsToAcquireProductiveAssets,us-gaap,USD,2024-04-01,2025-03-31,93093000000.0,2025,Q1,10-Q,2025-05-02,0001018724-25-000036,
capex,PaymentsToAcquireProductiveAssets,us-gaap,USD,2025-01-01,2025-03-31,25019000000.0,2025,Q1,10-Q,2025-05-02,0001018724-25-000036,
capex,PaymentsToAcquireProductiveAssets,us-gaap,USD,2024-04-01,2025-03-31,93093000000.0,2026,Q1,10-Q,2026-04-30,0001018724-26-000014,
capex,PaymentsToAcquireProductiveAssets,us-gaap,USD,2025-01-01,2025-03-31,25019000000.0,2026,Q1,10-Q,2026-04-30,0001018724-26-000014,CY2025Q1
capex,PaymentsToAcquireProductiveAssets,us-gaap,USD,2024-07-01,2025-06-30,107656000000.0,2025,Q2,10-Q,2025-08-01,0001018724-25-000086,
capex,PaymentsToAcquireProductiveAssets,us-gaap,USD,2025-01-01,2025-06-30,57202000000.0,2025,Q2,10-Q,2025-08-01,0001018724-25-000086,
capex,PaymentsToAcquireProductiveAssets,us-gaap,USD,2025-04-01,2025-06-30,32183000000.0,2025,Q2,10-Q,2025-08-01,0001018724-25-000086,
capex,PaymentsToAcquireProductiveAssets,us-gaap,USD,2024-07-01,2025-06-30,107656000000.0,2026,Q2,10-Q,2026-07-31,0001018724-26-000026,
capex,PaymentsToAcquireProductiveAssets,us-gaap,USD,2025-01-01,2025-06-30,57202000000.0,2026,Q2,10-Q,2026-07-31,0001018724-26-000026,
capex,PaymentsToAcquireProductiveAssets,us-gaap,USD,2025-04-01,2025-06-30,32183000000.0,2026,Q2,10-Q,2026-07-31,0001018724-26-000026,CY2025Q2
capex,PaymentsToAcquireProductiveAssets,us-gaap,USD,2024-10-01,2025-09-30,120131000000.0,2025,Q3,10-Q,2025-10-31,0001018724-25-000123,
capex,PaymentsToAcquireProductiveAssets,us-gaap,USD,2025-01-01,2025-09-30,92297000000.0,2025,Q3,10-Q,2025-10-31,0001018724-25-000123,
capex,PaymentsToAcquireProductiveAssets,us-gaap,USD,2025-07-01,2025-09-30,35095000000.0,2025,Q3,10-Q,2025-10-31,0001018724-25-000123,CY2025Q3
capex,PaymentsToAcquireProductiveAssets,us-gaap,USD,2025-01-01,2025-12-31,131819000000.0,2025,FY,10-K,2026-02-06,0001018724-26-000004,CY2025
capex,PaymentsToAcquireProductiveAssets,us-gaap,USD,2025-04-01,2026-03-31,151003000000.0,2026,Q1,10-Q,2026-04-30,0001018724-26-000014,
capex,PaymentsToAcquireProductiveAssets,us-gaap,USD,2026-01-01,2026-03-31,44203000000.0,2026,Q1,10-Q,2026-04-30,0001018724-26-000014,CY2026Q1
capex,PaymentsToAcquireProductiveAssets,us-gaap,USD,2025-07-01,2026-06-30,173028000000.0,2026,Q2,10-Q,2026-07-31,0001018724-26-000026,CY2026
capex,PaymentsToAcquireProductiveAssets,us-gaap,USD,2026-01-01,2026-06-30,98411000000.0,2026,Q2,10-Q,2026-07-31,0001018724-26-000026,
capex,PaymentsToAcquireProductiveAssets,us-gaap,USD,2026-04-01,2026-06-30,54208000000.0,2026,Q2,10-Q,2026-07-31,0001018724-26-000026,CY2026Q2
cash,CashAndCashEquivalentsAtCarryingValue,us-gaap,USD,,2006-12-31,1022000000.0,2009,FY,10-K,2010-01-29,0001193125-10-016098,CY2006Q4I
cash,CashAndCashEquivalentsAtCarryingValue,us-gaap,USD,,2007-06-30,1004000000.0,2009,Q2,10-Q,2009-07-24,0001193125-09-154174,CY2007Q2I
cash,CashAndCashEquivalentsAtCarryingValue,us-gaap,USD,,2007-09-30,1366000000.0,2009,Q3,10-Q,2009-10-23,0001193125-09-212134,CY2007Q3I
cash,CashAndCashEquivalentsAtCarryingValue,us-gaap,USD,,2007-12-31,2539000000.0,2009,Q2,10-Q,2009-07-24,0001193125-09-154174,
cash,CashAndCashEquivalentsAtCarryingValue,us-gaap,USD,,2007-12-31,2539000000.0,2009,Q3,10-Q,2009-10-23,0001193125-09-212134,
cash,CashAndCashEquivalentsAtCarryingValue,us-gaap,USD,,2007-12-31,2539000000.0,2009,FY,10-K,2010-01-29,0001193125-10-016098,
cash,CashAndCashEquivalentsAtCarryingValue,us-gaap,USD,,2007-12-31,2539000000.0,2010,FY,10-K,2011-01-28,0001193125-11-016253,CY2007Q4I
cash,CashAndCashEquivalentsAtCarryingValue,us-gaap,USD,,2008-03-31,1496000000.0,2009,Q2,10-Q,2009-07-24,0001193125-09-154174,
cash,CashAndCashEquivalentsAtCarryingValue,us-gaap,USD,,2008-03-31,1496000000.0,2010,Q1,10-Q,2010-04-23,0001193125-10-090367,CY2008Q1I
cash,CashAndCashEquivalentsAtCarryingValue,us-gaap,USD,,2008-06-30,1548000000.0,2009,Q2,10-Q,2009-07-24,0001193125-09-154174,
cash,CashAndCashEquivalentsAtCarryingValue,us-gaap,USD,,2008-06-30,1548000000.0,2009,Q3,10-Q,2009-10-23,0001193125-09-212134,
cash,CashAndCashEquivalentsAtCarryingValue,us-gaap,USD,,2008-06-30,1548000000.0,2010,Q2,10-Q,2010-07-23,0001193125-10-164083,CY2008Q2I
cash,CashAndCashEquivalentsAtCarryingValue,us-gaap,USD,,2008-09-30,1650000000.0,2009,Q3,10-Q,2009-10-23,0001193125-09-212134,
cash,CashAndCashEquivalentsAtCarryingValue,us-gaap,USD,,2008-09-30,1650000000.0,2010,Q3,10-Q,2010-10-22,0001193125-10-233883,CY2008Q3I
cash,CashAndCashEquivalentsAtCarryingValue,us-gaap,USD,,2008-12-31,2769000000.0,2009,Q2,10-Q,2009-07-24,0001193125-09-154174,
cash,CashAndCashEquivalentsAtCarryingValue,us-gaap,USD,,2008-12-31,2769000000.0,2009,Q3,10-Q,2009-10-23,0001193125-09-212134,
cash,CashAndCashEquivalentsAtCarryingValue,us-gaap,USD,,2008-12-31,2769000000.0,2009,FY,10-K,2010-01-29,0001193125-10-016098,
cash,CashAndCashEquivalentsAtCarryingValue,us-gaap,USD,,2008-12-31,2769000000.0,2010,Q1,10-Q,2010-04-23,0001193125-10-090367,
cash,CashAndCashEquivalentsAtCarryingValue,us-gaap,USD,,2008-12-31,2769000000.0,2010,Q2,10-Q,2010-07-23,0001193125-10-164083,
cash,CashAndCashEquivalentsAtCarryingValue,us-gaap,USD,,2008-12-31,2769000000.0,2010,Q3,10-Q,2010-10-22,0001193125-10-233883,
cash,CashAndCashEquivalentsAtCarryingValue,us-gaap,USD,,2008-12-31,2769000000.0,2010,FY,10-K,2011-01-28,0001193125-11-016253,
cash,CashAndCashEquivalentsAtCarryingValue,us-gaap,USD,,2008-12-31,2769000000.0,2011,FY,10-K,2012-02-01,0001193125-12-032846,CY2008Q4I
cash,CashAndCashEquivalentsAtCarryingValue,us-gaap,USD,,2009-03-31,1701000000.0,2009,Q2,10-Q,2009-07-24,0001193125-09-154174,
cash,CashAndCashEquivalentsAtCarryingValue,us-gaap,USD,,2009-03-31,1701000000.0,2010,Q1,10-Q,2010-04-23,0001193125-10-090367,
cash,CashAndCashEquivalentsAtCarryingValue,us-gaap,USD,,2009-03-31,1701000000.0,2010,Q2,10-Q,2010-07-23,0001193125-10-164083,
cash,CashAndCashEquivalentsAtCarryingValue,us-gaap,USD,,2009-03-31,1701000000.0,2011,Q1,10-Q,2011-04-27,0001193125-11-110197,CY2009Q1I
cash,CashAndCashEquivalentsAtCarryingValue,us-gaap,USD,,2009-06-30,1936000000.0,2009,Q2,10-Q,2009-07-24,0001193125-09-154174,
cash,CashAndCashEquivalentsAtCarryingValue,us-gaap,USD,,2009-06-30,1936000000.0,2009,Q3,10-Q,2009-10-23,0001193125-09-212134,
cash,CashAndCashEquivalentsAtCarryingValue,us-gaap,USD,,2009-06-30,1936000000.0,2010,Q2,10-Q,2010-07-23,0001193125-10-164083,
cash,CashAndCashEquivalentsAtCarryingValue,us-gaap,USD,,2009-06-30,1936000000.0,2010,Q3,10-Q,2010-10-22,0001193125-10-233883,
cash,CashAndCashEquivalentsAtCarryingValue,us-gaap,USD,,2009-06-30,1936000000.0,2011,Q2,10-Q,2011-07-27,0001193125-11-197823,CY2009Q2I
cash,CashAndCashEquivalentsAtCarryingValue,us-gaap,USD,,2009-09-30,2514000000.0,2009,Q3,10-Q,2009-10-23,0001193125-09-212134,
cash,CashAndCashEquivalentsAtCarryingValue,us-gaap,USD,,2009-09-30,2514000000.0,2010,Q3,10-Q,2010-10-22,0001193125-10-233883,
cash,CashAndCashEquivalentsAtCarryingValue,us-gaap,USD,,2009-09-30,2514000000.0,2011,Q3,10-Q,2011-10-26,0001193125-11-280739,CY2009Q3I
cash,CashAndCashEquivalentsAtCarryingValue,us-gaap,USD,,2009-12-31,3444000000.0,2009,FY,10-K,2010-01-29,0001193125-10-016098,
cash,CashAndCashEquivalentsAtCarryingValue,us-gaap,USD,,2009-12-31,3444000000.0,2010,Q1,10-Q,2010-04-23,0001193125-10-090367,
cash,CashAndCashEquivalentsAtCarryingValue,us-gaap,USD,,2009-12-31,3444000000.0,2010,Q2,10-Q,2010-07-23,0001193125-10-164083,
cash,CashAndCashEquivalentsAtCarryingValue,us-gaap,USD,,2009-12-31,3444000000.0,2010,Q3,10-Q,2010-10-22,0001193125-10-233883,
cash,CashAndCashEquivalentsAtCarryingValue,us-gaap,USD,,2009-12-31,3444000000.0,2010,FY,10-K,2011-01-28,0001193125-11-016253,
cash,CashAndCashEquivalentsAtCarryingValue,us-gaap,USD,,2009-12-31,3444000000.0,2011,Q1,10-Q,2011-04-27,0001193125-11-110197,
cash,CashAndCashEquivalentsAtCarryingValue,us-gaap,USD,,2009-12-31,3444000000.0,2011,Q2,10-Q,2011-07-27,0001193125-11-197823,
cash,CashAndCashEquivalentsAtCarryingValue,us-gaap,USD,,2009-12-31,3444000000.0,2011,Q3,10-Q,2011-10-26,0001193125-11-280739,
cash,CashAndCashEquivalentsAtCarryingValue,us-gaap,USD,,2009-12-31,3444000000.0,2011,FY,10-K,2012-02-01,0001193125-12-032846,
cash,CashAndCashEquivalentsAtCarryingValue,us-gaap,USD,,2009-12-31,3444000000.0,2012,FY,10-K,2013-01-30,0001193125-13-028520,CY2009Q4I
cash,CashAndCashEquivalentsAtCarryingValue,us-gaap,USD,,2010-03-31,1844000000.0,2010,Q1,10-Q,2010-04-23,0001193125-10-090367,
cash,CashAndCashEquivalentsAtCarryingValue,us-gaap,USD,,2010-03-31,1844000000.0,2010,Q2,10-Q,2010-07-23,0001193125-10-164083,
cash,CashAndCashEquivalentsAtCarryingValue,us-gaap,USD,,2010-03-31,1844000000.0,2011,Q1,10-Q,2011-04-27,0001193125-11-110197,
cash,CashAndCashEquivalentsAtCarryingValue,us-gaap,USD,,2010-03-31,1844000000.0,2011,Q2,10-Q,2011-07-27,0001193125-11-197823,
cash,CashAndCashEquivalentsAtCarryingValue,us-gaap,USD,,2010-03-31,1844000000.0,2012,Q1,10-Q,2012-04-27,0001193125-12-187203,CY2010Q1I
cash,CashAndCashEquivalentsAtCarryingValue,us-gaap,USD,,2010-06-30,1629000000.0,2010,Q2,10-Q,2010-07-23,0001193125-10-164083,
cash,CashAndCashEquivalentsAtCarryingValue,us-gaap,USD,,2010-06-30,1629000000.0,2010,Q3,10-Q,2010-10-22,0001193125-10-233883,
cash,CashAndCashEquivalentsAtCarryingValue,us-gaap,USD,,2010-06-30,1629000000.0,2011,Q2,10-Q,2011-07-27,0001193125-11-197823,
cash,CashAndCashEquivalentsAtCarryingValue,us-gaap,USD,,2010-06-30,1629000000.0,2011,Q3,10-Q,2011-10-26,0001193125-11-280739,
cash,CashAndCashEquivalentsAtCarryingValue,us-gaap,USD,,2010-06-30,1629000000.0,2012,Q2,10-Q,2012-07-27,0001193125-12-317409,CY2010Q2I
cash,CashAndCashEquivalentsAtCarryingValue,us-gaap,USD,,2010-09-30,1539000000.0,2010,Q3,10-Q,2010-10-22,0001193125-10-233883,
cash,CashAndCashEquivalentsAtCarryingValue,us-gaap,USD,,2010-09-30,1539000000.0,2011,Q3,10-Q,2011-10-26,0001193125-11-280739,
cash,CashAndCashEquivalentsAtCarryingValue,us-gaap,USD,,2010-09-30,1539000000.0,2012,Q3,10-Q,2012-10-26,0001193125-12-436012,CY2010Q3I
cash,CashAndCashEquivalentsAtCarryingValue,us-gaap,USD,,2010-12-31,3777000000.0,2010,FY,10-K,2011-01-28,0001193125-11-016253,
cash,CashAndCashEquivalentsAtCarryingValue,us-gaap,USD,,2010-12-31,3777000000.0,2011,Q1,10-Q,2011-04-27,0001193125-11-110197,
cash,CashAndCashEquivalentsAtCarryingValue,us-gaap,USD,,2010-12-31,3777000000.0,2011,Q2,10-Q,2011-07-27,0001193125-11-197823,
cash,CashAndCashEquivalentsAtCarryingValue,us-gaap,USD,,2010-12-31,3777000000.0,2011,Q3,10-Q,2011-10-26,0001193125-11-280739,
cash,CashAndCashEquivalentsAtCarryingValue,us-gaap,USD,,2010-12-31,3777000000.0,2011,FY,10-K,2012-02-01,0001193125-12-032846,
cash,CashAndCashEquivalentsAtCarryingValue,us-gaap,USD,,2010-12-31,3777000000.0,2012,Q1,10-Q,2012-04-27,0001193125-12-187203,
cash,CashAndCashEquivalentsAtCarryingValue,us-gaap,USD,,2010-12-31,3777000000.0,2012,Q2,10-Q,2012-07-27,0001193125-12-317409,
cash,CashAndCashEquivalentsAtCarryingValue,us-gaap,USD,,2010-12-31,3777000000.0,2012,Q3,10-Q,2012-10-26,0001193125-12-436012,
cash,CashAndCashEquivalentsAtCarryingValue,us-gaap,USD,,2010-12-31,3777000000.0,2012,FY,10-K,2013-01-30,0001193125-13-028520,
cash,CashAndCashEquivalentsAtCarryingValue,us-gaap,USD,,2010-12-31,3777000000.0,2013,FY,10-K,2014-01-31,0001018724-14-000006,CY2010Q4I
cash,CashAndCashEquivalentsAtCarryingValue,us-gaap,USD,,2011-03-31,2641000000.0,2011,Q1,10-Q,2011-04-27,0001193125-11-110197,
cash,CashAndCashEquivalentsAtCarryingValue,us-gaap,USD,,2011-03-31,2641000000.0,2011,Q2,10-Q,2011-07-27,0001193125-11-197823,
cash,CashAndCashEquivalentsAtCarryingValue,us-gaap,USD,,2011-03-31,2641000000.0,2012,Q1,10-Q,2012-04-27,0001193125-12-187203,
cash,CashAndCashEquivalentsAtCarryingValue,us-gaap,USD,,2011-03-31,2641000000.0,2012,Q2,10-Q,2012-07-27,0001193125-12-317409,
cash,CashAndCashEquivalentsAtCarryingValue,us-gaap,USD,,2011-03-31,2641000000.0,2013,Q1,10-Q,2013-04-26,0001193125-13-174667,CY2011Q1I
cash,CashAndCashEquivalentsAtCarryingValue,us-gaap,USD,,2011-06-30,2047000000.0,2011,Q2,10-Q,2011-07-27,0001193125-11-197823,
cash,CashAndCashEquivalentsAtCarryingValue,us-gaap,USD,,2011-06-30,2047000000.0,2011,Q3,10-Q,2011-10-26,0001193125-11-280739,
cash,CashAndCashEquivalentsAtCarryingValue,us-gaap,USD,,2011-06-30,2047000000.0,2012,Q2,10-Q,2012-07-27,0001193125-12-317409,
cash,CashAndCashEquivalentsAtCarryingValue,us-gaap,USD,,2011-06-30,2047000000.0,2012,Q3,10-Q,2012-10-26,0001193125-12-436012,
cash,CashAndCashEquivalentsAtCarryingValue,us-gaap,USD,,2011-06-30,2047000000.0,2013,Q2,10-Q,2013-07-26,0001193125-13-303204,CY2011Q2I
cash,CashAndCashEquivalentsAtCarryingValue,us-gaap,USD,,2011-09-30,2823000000.0,2011,Q3,10-Q,2011-10-26,0001193125-11-280739,
cash,CashAndCashEquivalentsAtCarryingValue,us-gaap,USD,,2011-09-30,2823000000.0,2012,Q3,10-Q,2012-10-26,0001193125-12-436012,
cash,CashAndCashEquivalentsAtCarryingValue,us-gaap,USD,,2011-09-30,2823000000.0,2013,Q3,10-Q,2013-10-25,0001445305-13-002495,CY2011Q3I
cash,CashAndCashEquivalentsAtCarryingValue,us-gaap,USD,,2011-12-31,5269000000.0,2011,FY,10-K,2012-02-01,0001193125-12-032846,
cash,CashAndCashEquivalentsAtCarryingValue,us-gaap,USD,,2011-12-31,5269000000.0,2012,Q1,10-Q,2012-04-27,0001193125-12-187203,
cash,CashAndCashEquivalentsAtCarryingValue,us-gaap,USD,,2011-12-31,5269000000.0,2012,Q2,10-Q,2012-07-27,0001193125-12-317409,
cash,CashAndCashEquivalentsAtCarryingValue,us-gaap,USD,,2011-12-31,5269000000.0,2012,Q3,10-Q,2012-10-26,0001193125-12-436012,
cash,CashAndCashEquivalentsAtCarryingValue,us-gaap,USD,,2011-12-31,5269000000.0,2012,FY,10-K,2013-01-30,0001193125-13-028520,
cash,CashAndCashEquivalentsAtCarryingValue,us-gaap,USD,,2011-12-31,5269000000.0,2013,Q1,10-Q,2013-04-26,0001193125-13-174667,
cash,CashAndCashEquivalentsAtCarryingValue,us-gaap,USD,,2011-12-31,5269000000.0,2013,Q2,10-Q,2013-07-26,0001193125-13-303204,
cash,CashAndCashEquivalentsAtCarryingValue,us-gaap,USD,,2011-12-31,5269000000.0,2013,Q3,10-Q,2013-10-25,0001445305-13-002495,
cash,CashAndCashEquivalentsAtCarryingValue,us-gaap,USD,,2011-12-31,5269000000.0,2013,FY,10-K,2014-01-31,0001018724-14-000006,
cash,CashAndCashEquivalentsAtCarryingValue,us-gaap,USD,,2011-12-31,5269000000.0,2014,FY,10-K,2015-01-30,0001018724-15-000006,CY2011Q4I
cash,CashAndCashEquivalentsAtCarryingValue,us-gaap,USD,,2012-03-31,2288000000.0,2012,Q1,10-Q,2012-04-27,0001193125-12-187203,
cash,CashAndCashEquivalentsAtCarryingValue,us-gaap,USD,,2012-03-31,2288000000.0,2012,Q2,10-Q,2012-07-27,0001193125-12-317409,
cash,CashAndCashEquivalentsAtCarryingValue,us-gaap,USD,,2012-03-31,2288000000.0,2013,Q1,10-Q,2013-04-26,0001193125-13-174667,
cash,CashAndCashEquivalentsAtCarryingValue,us-gaap,USD,,2012-03-31,2288000000.0,2013,Q2,10-Q,2013-07-26,0001193125-13-303204,
cash,CashAndCashEquivalentsAtCarryingValue,us-gaap,USD,,2012-03-31,2288000000.0,2014,Q1,10-Q,2014-04-25,0001018724-14-000014,CY2012Q1I
cash,CashAndCashEquivalentsAtCarryingValue,us-gaap,USD,,2012-06-30,2335000000.0,2012,Q2,10-Q,2012-07-27,0001193125-12-317409,
cash,CashAndCashEquivalentsAtCarryingValue,us-gaap,USD,,2012-06-30,2335000000.0,2012,Q3,10-Q,2012-10-26,0001193125-12-436012,
cash,CashAndCashEquivalentsAtCarryingValue,us-gaap,USD,,2012-06-30,2335000000.0,2013,Q2,10-Q,2013-07-26,0001193125-13-303204,
cash,CashAndCashEquivalentsAtCarryingValue,us-gaap,USD,,2012-06-30,2335000000.0,2013,Q3,10-Q,2013-10-25,0001445305-13-002495,
cash,CashAndCashEquivalentsAtCarryingValue,us-gaap,USD,,2012-06-30,2335000000.0,2014,Q2,10-Q,2014-07-25,0001018724-14-000025,CY2012Q2I
cash,CashAndCashEquivalentsAtCarryingValue,us-gaap,USD,,2012-09-30,2980000000.0,2012,Q3,10-Q,2012-10-26,0001193125-12-436012,
cash,CashAndCashEquivalentsAtCarryingValue,us-gaap,USD,,2012-09-30,2980000000.0,2013,Q3,10-Q,2013-10-25,0001445305-13-002495,
cash,CashAndCashEquivalentsAtCarryingValue,us-gaap,USD,,2012-09-30,2980000000.0,2014,Q3,10-Q,2014-10-24,0001018724-14-000055,CY2012Q3I
cash,CashAndCashEquivalentsAtCarryingValue,us-gaap,USD,,2012-12-31,8084000000.0,2012,FY,10-K,2013-01-30,0001193125-13-028520,
cash,CashAndCashEquivalentsAtCarryingValue,us-gaap,USD,,2012-12-31,8084000000.0,2013,Q1,10-Q,2013-04-26,0001193125-13-174667,
cash,CashAndCashEquivalentsAtCarryingValue,us-gaap,USD,,2012-12-31,8084000000.0,2013,Q2,10-Q,2013-07-26,0001193125-13-303204,
cash,CashAndCashEquivalentsAtCarryingValue,us-gaap,USD,,2012-12-31,8084000000.0,2013,Q3,10-Q,2013-10-25,0001445305-13-002495,
cash,CashAndCashEquivalentsAtCarryingValue,us-gaap,USD,,2012-12-31,8084000000.0,2013,FY,10-K,2014-01-31,0001018724-14-000006,
cash,CashAndCashEquivalentsAtCarryingValue,us-gaap,USD,,2012-12-31,8084000000.0,2014,Q1,10-Q,2014-04-25,0001018724-14-000014,
cash,CashAndCashEquivalentsAtCarryingValue,us-gaap,USD,,2012-12-31,8084000000.0,2014,Q2,10-Q,2014-07-25,0001018724-14-000025,
cash,CashAndCashEquivalentsAtCarryingValue,us-gaap,USD,,2012-12-31,8084000000.0,2014,Q3,10-Q,2014-10-24,0001018724-14-000055,
cash,CashAndCashEquivalentsAtCarryingValue,us-gaap,USD,,2012-12-31,8084000000.0,2014,FY,10-K,2015-01-30,0001018724-15-000006,
cash,CashAndCashEquivalentsAtCarryingValue,us-gaap,USD,,2012-12-31,8084000000.0,2015,FY,10-K,2016-01-29,0001018724-16-000172,CY2012Q4I
cash,CashAndCashEquivalentsAtCarryingValue,us-gaap,USD,,2013-03-31,4481000000.0,2013,Q1,10-Q,2013-04-26,0001193125-13-174667,
cash,CashAndCashEquivalentsAtCarryingValue,us-gaap,USD,,2013-03-31,4481000000.0,2013,Q2,10-Q,2013-07-26,0001193125-13-303204,
cash,CashAndCashEquivalentsAtCarryingValue,us-gaap,USD,,2013-03-31,4481000000.0,2014,Q1,10-Q,2014-04-25,0001018724-14-000014,
cash,CashAndCashEquivalentsAtCarryingValue,us-gaap,USD,,2013-03-31,4481000000.0,2014,Q2,10-Q,2014-07-25,0001018724-14-000025,
cash,CashAndCashEquivalentsAtCarryingValue,us-gaap,USD,,2013-03-31,4481000000.0,2015,Q1,10-Q,2015-04-24,0001018724-15-000038,CY2013Q1I
cash,CashAndCashEquivalentsAtCarryingValue,us-gaap,USD,,2013-06-30,3704000000.0,2013,Q2,10-Q,2013-07-26,0001193125-13-303204,
cash,CashAndCashEquivalentsAtCarryingValue,us-gaap,USD,,2013-06-30,3704000000.0,2013,Q3,10-Q,2013-10-25,0001445305-13-002495,
cash,CashAndCashEquivalentsAtCarryingValue,us-gaap,USD,,2013-06-30,3704000000.0,2014,Q2,10-Q,2014-07-25,0001018724-14-000025,
cash,CashAndCashEquivalentsAtCarryingValue,us-gaap,USD,,2013-06-30,3704000000.0,2014,Q3,10-Q,2014-10-24,0001018724-14-000055,
cash,CashAndCashEquivalentsAtCarryingValue,us-gaap,USD,,2013-06-30,3704000000.0,2015,Q2,10-Q,2015-07-24,0001018724-15-000087,CY2013Q2I
cash,CashAndCashEquivalentsAtCarryingValue,us-gaap,USD,,2013-09-30,3872000000.0,2013,Q3,10-Q,2013-10-25,0001445305-13-002495,
cash,CashAndCashEquivalentsAtCarryingValue,us-gaap,USD,,2013-09-30,3872000000.0,2014,Q3,10-Q,2014-10-24,0001018724-14-000055,
cash,CashAndCashEquivalentsAtCarryingValue,us-gaap,USD,,2013-09-30,3872000000.0,2015,Q3,10-Q,2015-10-23,0001018724-15-000126,CY2013Q3I
cash,CashAndCashEquivalentsAtCarryingValue,us-gaap,USD,,2013-12-31,8658000000.0,2013,FY,10-K,2014-01-31,0001018724-14-000006,
cash,CashAndCashEquivalentsAtCarryingValue,us-gaap,USD,,2013-12-31,8658000000.0,2014,Q1,10-Q,2014-04-25,0001018724-14-000014,
cash,CashAndCashEquivalentsAtCarryingValue,us-gaap,USD,,2013-12-31,8658000000.0,2014,Q2,10-Q,2014-07-25,0001018724-14-000025,
cash,CashAndCashEquivalentsAtCarryingValue,us-gaap,USD,,2013-12-31,8658000000.0,2014,Q3,10-Q,2014-10-24,0001018724-14-000055,
cash,CashAndCashEquivalentsAtCarryingValue,us-gaap,USD,,2013-12-31,8658000000.0,2014,FY,10-K,2015-01-30,0001018724-15-000006,
cash,CashAndCashEquivalentsAtCarryingValue,us-gaap,USD,,2013-12-31,8658000000.0,2015,Q1,10-Q,2015-04-24,0001018724-15-000038,
cash,CashAndCashEquivalentsAtCarryingValue,us-gaap,USD,,2013-12-31,8658000000.0,2015,Q2,10-Q,2015-07-24,0001018724-15-000087,
cash,CashAndCashEquivalentsAtCarryingValue,us-gaap,USD,,2013-12-31,8658000000.0,2015,Q3,10-Q,2015-10-23,0001018724-15-000126,
cash,CashAndCashEquivalentsAtCarryingValue,us-gaap,USD,,2013-12-31,8658000000.0,2015,FY,10-K,2016-01-29,0001018724-16-000172,
cash,CashAndCashEquivalentsAtCarryingValue,us-gaap,USD,,2013-12-31,8658000000.0,2016,FY,10-K,2017-02-10,0001018724-17-000011,CY2013Q4I
cash,CashAndCashEquivalentsAtCarryingValue,us-gaap,USD,,2014-03-31,5074000000.0,2014,Q1,10-Q,2014-04-25,0001018724-14-000014,
cash,CashAndCashEquivalentsAtCarryingValue,us-gaap,USD,,2014-03-31,5074000000.0,2014,Q2,10-Q,2014-07-25,0001018724-14-000025,
cash,CashAndCashEquivalentsAtCarryingValue,us-gaap,USD,,2014-03-31,5074000000.0,2015,Q1,10-Q,2015-04-24,0001018724-15-000038,
cash,CashAndCashEquivalentsAtCarryingValue,us-gaap,USD,,2014-03-31,5074000000.0,2015,Q2,10-Q,2015-07-24,0001018724-15-000087,
cash,CashAndCashEquivalentsAtCarryingValue,us-gaap,USD,,2014-03-31,5074000000.0,2016,Q1,10-Q,2016-04-29,0001018724-16-000227,CY2014Q1I
cash,CashAndCashEquivalentsAtCarryingValue,us-gaap,USD,,2014-06-30,5057000000.0,2014,Q2,10-Q,2014-07-25,0001018724-14-000025,
cash,CashAndCashEquivalentsAtCarryingValue,us-gaap,USD,,2014-06-30,5057000000.0,2014,Q3,10-Q,2014-10-24,0001018724-14-000055,
cash,CashAndCashEquivalentsAtCarryingValue,us-gaap,USD,,2014-06-30,5057000000.0,2015,Q2,10-Q,2015-07-24,0001018724-15-000087,
cash,CashAndCashEquivalentsAtCarryingValue,us-gaap,USD,,2014-06-30,5057000000.0,2015,Q3,10-Q,2015-10-23,0001018724-15-000126,
cash,CashAndCashEquivalentsAtCarryingValue,us-gaap,USD,,2014-06-30,5057000000.0,2016,Q2,10-Q,2016-07-29,0001018724-16-000286,CY2014Q2I
cash,CashAndCashEquivalentsAtCarryingValue,us-gaap,USD,,2014-09-30,5258000000.0,2014,Q3,10-Q,2014-10-24,0001018724-14-000055,
cash,CashAndCashEquivalentsAtCarryingValue,us-gaap,USD,,2014-09-30,5258000000.0,2015,Q3,10-Q,2015-10-23,0001018724-15-000126,
cash,CashAndCashEquivalentsAtCarryingValue,us-gaap,USD,,2014-09-30,5258000000.0,2016,Q3,10-Q,2016-10-28,0001018724-16-000324,CY2014Q3I
cash,CashAndCashEquivalentsAtCarryingValue,us-gaap,USD,,2014-12-31,14557000000.0,2014,FY,10-K,2015-01-30,0001018724-15-000006,
cash,CashAndCashEquivalentsAtCarryingValue,us-gaap,USD,,2014-12-31,14557000000.0,2015,Q1,10-Q,2015-04-24,0001018724-15-000038,
cash,CashAndCashEquivalentsAtCarryingValue,us-gaap,USD,,2014-12-31,14557000000.0,2015,Q2,10-Q,2015-07-24,0001018724-15-000087,
cash,CashAndCashEquivalentsAtCarryingValue,us-gaap,USD,,2014-12-31,14557000000.0,2015,Q3,10-Q,2015-10-23,0001018724-15-000126,
cash,CashAndCashEquivalentsAtCarryingValue,us-gaap,USD,,2014-12-31,14557000000.0,2015,FY,10-K,2016-01-29,0001018724-16-000172,
cash,CashAndCashEquivalentsAtCarryingValue,us-gaap,USD,,2014-12-31,14557000000.0,2016,Q1,10-Q,2016-04-29,0001018724-16-000227,
cash,CashAndCashEquivalentsAtCarryingValue,us-gaap,USD,,2014-12-31,14557000000.0,2016,Q2,10-Q,2016-07-29,0001018724-16-000286,
cash,CashAndCashEquivalentsAtCarryingValue,us-gaap,USD,,2014-12-31,14557000000.0,2016,Q3,10-Q,2016-10-28,0001018724-16-000324,
cash,CashAndCashEquivalentsAtCarryingValue,us-gaap,USD,,2014-12-31,14557000000.0,2016,FY,10-K,2017-02-10,0001018724-17-000011,
cash,CashAndCashEquivalentsAtCarryingValue,us-gaap,USD,,2014-12-31,14557000000.0,2017,FY,10-K,2018-02-02,0001018724-18-000005,CY2014Q4I
cash,CashAndCashEquivalentsAtCarryingValue,us-gaap,USD,,2015-03-31,10237000000.0,2015,Q1,10-Q,2015-04-24,0001018724-15-000038,
cash,CashAndCashEquivalentsAtCarryingValue,us-gaap,USD,,2015-03-31,10237000000.0,2015,Q2,10-Q,2015-07-24,0001018724-15-000087,
cash,CashAndCashEquivalentsAtCarryingValue,us-gaap,USD,,2015-03-31,10237000000.0,2016,Q1,10-Q,2016-04-29,0001018724-16-000227,
cash,CashAndCashEquivalentsAtCarryingValue,us-gaap,USD,,2015-03-31,10237000000.0,2016,Q2,10-Q,2016-07-29,0001018724-16-000286,
cash,CashAndCashEquivalentsAtCarryingValue,us-gaap,USD,,2015-03-31,10237000000.0,2017,Q1,10-Q,2017-04-28,0001018724-17-000051,CY2015Q1I
cash,CashAndCashEquivalentsAtCarryingValue,us-gaap,USD,,2015-06-30,10269000000.0,2015,Q2,10-Q,2015-07-24,0001018724-15-000087,
cash,CashAndCashEquivalentsAtCarryingValue,us-gaap,USD,,2015-06-30,10269000000.0,2015,Q3,10-Q,2015-10-23,0001018724-15-000126,
cash,CashAndCashEquivalentsAtCarryingValue,us-gaap,USD,,2015-06-30,10269000000.0,2016,Q2,10-Q,2016-07-29,0001018724-16-000286,
cash,CashAndCashEquivalentsAtCarryingValue,us-gaap,USD,,2015-06-30,10269000000.0,2016,Q3,10-Q,2016-10-28,0001018724-16-000324,
cash,CashAndCashEquivalentsAtCarryingValue,us-gaap,USD,,2015-06-30,10269000000.0,2017,Q2,10-Q,2017-07-28,0001018724-17-000100,CY2015Q2I
cash,CashAndCashEquivalentsAtCarryingValue,us-gaap,USD,,2015-09-30,10709000000.0,2015,Q3,10-Q,2015-10-23,0001018724-15-000126,
cash,CashAndCashEquivalentsAtCarryingValue,us-gaap,USD,,2015-09-30,10709000000.0,2016,Q3,10-Q,2016-10-28,0001018724-16-000324,
cash,CashAndCashEquivalentsAtCarryingValue,us-gaap,USD,,2015-09-30,10709000000.0,2017,Q3,10-Q,2017-10-27,0001018724-17-000135,CY2015Q3I
cash,CashAndCashEquivalentsAtCarryingValue,us-gaap,USD,,2015-12-31,15890000000.0,2015,FY,10-K,2016-01-29,0001018724-16-000172,
cash,CashAndCashEquivalentsAtCarryingValue,us-gaap,USD,,2015-12-31,15890000000.0,2016,Q1,10-Q,2016-04-29,0001018724-16-000227,
cash,CashAndCashEquivalentsAtCarryingValue,us-gaap,USD,,2015-12-31,15890000000.0,2016,Q2,10-Q,2016-07-29,0001018724-16-000286,
cash,CashAndCashEquivalentsAtCarryingValue,us-gaap,USD,,2015-12-31,15890000000.0,2016,Q3,10-Q,2016-10-28,0001018724-16-000324,
cash,CashAndCashEquivalentsAtCarryingValue,us-gaap,USD,,2015-12-31,15890000000.0,2016,FY,10-K,2017-02-10,0001018724-17-000011,
cash,CashAndCashEquivalentsAtCarryingValue,us-gaap,USD,,2015-12-31,15890000000.0,2017,Q1,10-Q,2017-04-28,0001018724-17-000051,
cash,CashAndCashEquivalentsAtCarryingValue,us-gaap,USD,,2015-12-31,15890000000.0,2017,Q2,10-Q,2017-07-28,0001018724-17-000100,
cash,CashAndCashEquivalentsAtCarryingValue,us-gaap,USD,,2015-12-31,15890000000.0,2017,Q3,10-Q,2017-10-27,0001018724-17-000135,
cash,CashAndCashEquivalentsAtCarryingValue,us-gaap,USD,,2015-12-31,15890000000.0,2017,FY,10-K,2018-02-02,0001018724-18-000005,CY2015Q4I
cash,CashAndCashEquivalentsAtCarryingValue,us-gaap,USD,,2016-03-31,12470000000.0,2016,Q1,10-Q,2016-04-29,0001018724-16-000227,
cash,CashAndCashEquivalentsAtCarryingValue,us-gaap,USD,,2016-03-31,12470000000.0,2016,Q2,10-Q,2016-07-29,0001018724-16-000286,
cash,CashAndCashEquivalentsAtCarryingValue,us-gaap,USD,,2016-03-31,12470000000.0,2017,Q1,10-Q,2017-04-28,0001018724-17-000051,
cash,CashAndCashEquivalentsAtCarryingValue,us-gaap,USD,,2016-03-31,12470000000.0,2017,Q2,10-Q,2017-07-28,0001018724-17-000100,CY2016Q1I
cash,CashAndCashEquivalentsAtCarryingValue,us-gaap,USD,,2016-06-30,12521000000.0,2016,Q2,10-Q,2016-07-29,0001018724-16-000286,
cash,CashAndCashEquivalentsAtCarryingValue,us-gaap,USD,,2016-06-30,12521000000.0,2016,Q3,10-Q,2016-10-28,0001018724-16-000324,
cash,CashAndCashEquivalentsAtCarryingValue,us-gaap,USD,,2016-06-30,12521000000.0,2017,Q2,10-Q,2017-07-28,0001018724-17-000100,
cash,CashAndCashEquivalentsAtCarryingValue,us-gaap,USD,,2016-06-30,12521000000.0,2017,Q3,10-Q,2017-10-27,0001018724-17-000135,CY2016Q2I
cash,CashAndCashEquivalentsAtCarryingValue,us-gaap,USD,,2016-09-30,13656000000.0,2016,Q3,10-Q,2016-10-28,0001018724-16-000324,
cash,CashAndCashEquivalentsAtCarryingValue,us-gaap,USD,,2016-09-30,13656000000.0,2017,Q3,10-Q,2017-10-27,0001018724-17-000135,CY2016Q3I
cash,CashAndCashEquivalentsAtCarryingValue,us-gaap,USD,,2016-12-31,19334000000.0,2016,FY,10-K,2017-02-10,0001018724-17-000011,
cash,CashAndCashEquivalentsAtCarryingValue,us-gaap,USD,,2016-12-31,19334000000.0,2017,Q1,10-Q,2017-04-28,0001018724-17-000051,
cash,CashAndCashEquivalentsAtCarryingValue,us-gaap,USD,,2016-12-31,19334000000.0,2017,Q2,10-Q,2017-07-28,0001018724-17-000100,
cash,CashAndCashEquivalentsAtCarryingValue,us-gaap,USD,,2016-12-31,19334000000.0,2017,Q3,10-Q,2017-10-27,0001018724-17-000135,
cash,CashAndCashEquivalentsAtCarryingValue,us-gaap,USD,,2016-12-31,19334000000.0,2017,FY,10-K,2018-02-02,0001018724-18-000005,CY2016Q4I
cash,CashAndCashEquivalentsAtCarryingValue,us-gaap,USD,,2017-03-31,15440000000.0,2017,Q1,10-Q,2017-04-28,0001018724-17-000051,
cash,CashAndCashEquivalentsAtCarryingValue,us-gaap,USD,,2017-03-31,15440000000.0,2017,Q2,10-Q,2017-07-28,0001018724-17-000100,CY2017Q1I
cash,CashAndCashEquivalentsAtCarryingValue,us-gaap,USD,,2017-06-30,13203000000.0,2017,Q2,10-Q,2017-07-28,0001018724-17-000100,
cash,CashAndCashEquivalentsAtCarryingValue,us-gaap,USD,,2017-06-30,13203000000.0,2017,Q3,10-Q,2017-10-27,0001018724-17-000135,CY2017Q2I
cash,CashAndCashEquivalentsAtCarryingValue,us-gaap,USD,,2017-09-30,12767000000.0,2017,Q3,10-Q,2017-10-27,0001018724-17-000135,CY2017Q3I
cash,CashAndCashEquivalentsAtCarryingValue,us-gaap,USD,,2017-12-31,20522000000.0,2017,FY,10-K,2018-02-02,0001018724-18-000005,
cash,CashAndCashEquivalentsAtCarryingValue,us-gaap,USD,,2017-12-31,20522000000.0,2018,Q1,10-Q,2018-04-27,0001018724-18-000072,
cash,CashAndCashEquivalentsAtCarryingValue,us-gaap,USD,,2017-12-31,20522000000.0,2018,Q2,10-Q,2018-07-27,0001018724-18-000108,
cash,CashAndCashEquivalentsAtCarryingValue,us-gaap,USD,,2017-12-31,20522000000.0,2018,Q3,10-Q,2018-10-26,0001018724-18-000159,
cash,CashAndCashEquivalentsAtCarryingValue,us-gaap,USD,,2017-12-31,20522000000.0,2018,FY,10-K,2019-02-01,0001018724-19-000004,CY2017Q4I
cash,CashAndCashEquivalentsAtCarryingValue,us-gaap,USD,,2018-03-31,16676000000.0,2018,Q1,10-Q,2018-04-27,0001018724-18-000072,CY2018Q1I
cash,CashAndCashEquivalentsAtCarryingValue,us-gaap,USD,,2018-06-30,19823000000.0,2018,Q2,10-Q,2018-07-27,0001018724-18-000108,CY2018Q2I
cash,CashAndCashEquivalentsAtCarryingValue,us-gaap,USD,,2018-09-30,20425000000.0,2018,Q3,10-Q,2018-10-26,0001018724-18-000159,CY2018Q3I
cash,CashAndCashEquivalentsAtCarryingValue,us-gaap,USD,,2018-12-31,31750000000.0,2018,FY,10-K,2019-02-01,0001018724-19-000004,
cash,CashAndCashEquivalentsAtCarryingValue,us-gaap,USD,,2018-12-31,31750000000.0,2019,Q1,10-Q,2019-04-26,0001018724-19-000043,
cash,CashAndCashEquivalentsAtCarryingValue,us-gaap,USD,,2018-12-31,31750000000.0,2019,Q2,10-Q,2019-07-26,0001018724-19-000071,
cash,CashAndCashEquivalentsAtCarryingValue,us-gaap,USD,,2018-12-31,31750000000.0,2019,Q3,10-Q,2019-10-25,0001018724-19-000089,
cash,CashAndCashEquivalentsAtCarryingValue,us-gaap,USD,,2018-12-31,31750000000.0,2019,FY,10-K,2020-01-31,0001018724-20-000004,CY2018Q4I
cash,CashAndCashEquivalentsAtCarryingValue,us-gaap,USD,,2019-03-31,23115000000.0,2019,Q1,10-Q,2019-04-26,0001018724-19-000043,CY2019Q1I
cash,CashAndCashEquivalentsAtCarryingValue,us-gaap,USD,,2019-06-30,22616000000.0,2019,Q2,10-Q,2019-07-26,0001018724-19-000071,CY2019Q2I
cash,CashAndCashEquivalentsAtCarryingValue,us-gaap,USD,,2019-09-30,23255000000.0,2019,Q3,10-Q,2019-10-25,0001018724-19-000089,CY2019Q3I
cash,CashAndCashEquivalentsAtCarryingValue,us-gaap,USD,,2019-12-31,36092000000.0,2019,FY,10-K,2020-01-31,0001018724-20-000004,
cash,CashAndCashEquivalentsAtCarryingValue,us-gaap,USD,,2019-12-31,36092000000.0,2020,Q1,10-Q,2020-05-01,0001018724-20-000010,
cash,CashAndCashEquivalentsAtCarryingValue,us-gaap,USD,,2019-12-31,36092000000.0,2020,Q2,10-Q,2020-07-31,0001018724-20-000021,
cash,CashAndCashEquivalentsAtCarryingValue,us-gaap,USD,,2019-12-31,36092000000.0,2020,Q3,10-Q,2020-10-30,0001018724-20-000030,
cash,CashAndCashEquivalentsAtCarryingValue,us-gaap,USD,,2019-12-31,36092000000.0,2020,FY,10-K,2021-02-03,0001018724-21-000004,CY2019Q4I
cash,CashAndCashEquivalentsAtCarryingValue,us-gaap,USD,,2020-03-31,27201000000.0,2020,Q1,10-Q,2020-05-01,0001018724-20-000010,CY2020Q1I
cash,CashAndCashEquivalentsAtCarryingValue,us-gaap,USD,,2020-06-30,37466000000.0,2020,Q2,10-Q,2020-07-31,0001018724-20-000021,CY2020Q2I
cash,CashAndCashEquivalentsAtCarryingValue,us-gaap,USD,,2020-09-30,29930000000.0,2020,Q3,10-Q,2020-10-30,0001018724-20-000030,CY2020Q3I
cash,CashAndCashEquivalentsAtCarryingValue,us-gaap,USD,,2020-12-31,42122000000.0,2020,FY,10-K,2021-02-03,0001018724-21-000004,
cash,CashAndCashEquivalentsAtCarryingValue,us-gaap,USD,,2020-12-31,42122000000.0,2021,Q1,10-Q,2021-04-30,0001018724-21-000010,
cash,CashAndCashEquivalentsAtCarryingValue,us-gaap,USD,,2020-12-31,42122000000.0,2021,Q2,10-Q,2021-07-30,0001018724-21-000020,
cash,CashAndCashEquivalentsAtCarryingValue,us-gaap,USD,,2020-12-31,42122000000.0,2021,Q3,10-Q,2021-10-29,0001018724-21-000028,
cash,CashAndCashEquivalentsAtCarryingValue,us-gaap,USD,,2020-12-31,42122000000.0,2021,FY,10-K,2022-02-04,0001018724-22-000005,CY2020Q4I
cash,CashAndCashEquivalentsAtCarryingValue,us-gaap,USD,,2021-03-31,33834000000.0,2021,Q1,10-Q,2021-04-30,0001018724-21-000010,CY2021Q1I
cash,CashAndCashEquivalentsAtCarryingValue,us-gaap,USD,,2021-06-30,40380000000.0,2021,Q2,10-Q,2021-07-30,0001018724-21-000020,CY2021Q2I
cash,CashAndCashEquivalentsAtCarryingValue,us-gaap,USD,,2021-09-30,29944000000.0,2021,Q3,10-Q,2021-10-29,0001018724-21-000028,CY2021Q3I
cash,CashAndCashEquivalentsAtCarryingValue,us-gaap,USD,,2021-12-31,36220000000.0,2021,FY,10-K,2022-02-04,0001018724-22-000005,
cash,CashAndCashEquivalentsAtCarryingValue,us-gaap,USD,,2021-12-31,36220000000.0,2022,Q1,10-Q,2022-04-29,0001018724-22-000013,
cash,CashAndCashEquivalentsAtCarryingValue,us-gaap,USD,,2021-12-31,36220000000.0,2022,Q2,10-Q,2022-07-29,0001018724-22-000019,
cash,CashAndCashEquivalentsAtCarryingValue,us-gaap,USD,,2021-12-31,36220000000.0,2022,Q3,10-Q,2022-10-28,0001018724-22-000023,
cash,CashAndCashEquivalentsAtCarryingValue,us-gaap,USD,,2021-12-31,36220000000.0,2022,FY,10-K,2023-02-03,0001018724-23-000004,CY2021Q4I
cash,CashAndCashEquivalentsAtCarryingValue,us-gaap,USD,,2022-03-31,36393000000.0,2022,Q1,10-Q,2022-04-29,0001018724-22-000013,CY2022Q1I
cash,CashAndCashEquivalentsAtCarryingValue,us-gaap,USD,,2022-06-30,37478000000.0,2022,Q2,10-Q,2022-07-29,0001018724-22-000019,CY2022Q2I
cash,CashAndCashEquivalentsAtCarryingValue,us-gaap,USD,,2022-09-30,34947000000.0,2022,Q3,10-Q,2022-10-28,0001018724-22-000023,CY2022Q3I
cash,CashAndCashEquivalentsAtCarryingValue,us-gaap,USD,,2022-12-31,53888000000.0,2022,FY,10-K,2023-02-03,0001018724-23-000004,
cash,CashAndCashEquivalentsAtCarryingValue,us-gaap,USD,,2022-12-31,53888000000.0,2023,Q1,10-Q,2023-04-28,0001018724-23-000008,
cash,CashAndCashEquivalentsAtCarryingValue,us-gaap,USD,,2022-12-31,53888000000.0,2023,Q2,10-Q,2023-08-04,0001018724-23-000012,
cash,CashAndCashEquivalentsAtCarryingValue,us-gaap,USD,,2022-12-31,53888000000.0,2023,Q3,10-Q,2023-10-27,0001018724-23-000018,
cash,CashAndCashEquivalentsAtCarryingValue,us-gaap,USD,,2022-12-31,53888000000.0,2023,FY,10-K,2024-02-02,0001018724-24-000008,CY2022Q4I
cash,CashAndCashEquivalentsAtCarryingValue,us-gaap,USD,,2023-03-31,49343000000.0,2023,Q1,10-Q,2023-04-28,0001018724-23-000008,CY2023Q1I
cash,CashAndCashEquivalentsAtCarryingValue,us-gaap,USD,,2023-06-30,49529000000.0,2023,Q2,10-Q,2023-08-04,0001018724-23-000012,CY2023Q2I
cash,CashAndCashEquivalentsAtCarryingValue,us-gaap,USD,,2023-09-30,49605000000.0,2023,Q3,10-Q,2023-10-27,0001018724-23-000018,CY2023Q3I
cash,CashAndCashEquivalentsAtCarryingValue,us-gaap,USD,,2023-12-31,73387000000.0,2023,FY,10-K,2024-02-02,0001018724-24-000008,
cash,CashAndCashEquivalentsAtCarryingValue,us-gaap,USD,,2023-12-31,73387000000.0,2024,Q1,10-Q,2024-05-01,0001018724-24-000083,
cash,CashAndCashEquivalentsAtCarryingValue,us-gaap,USD,,2023-12-31,73387000000.0,2024,Q2,10-Q,2024-08-02,0001018724-24-000130,
cash,CashAndCashEquivalentsAtCarryingValue,us-gaap,USD,,2023-12-31,73387000000.0,2024,Q3,10-Q,2024-11-01,0001018724-24-000161,
cash,CashAndCashEquivalentsAtCarryingValue,us-gaap,USD,,2023-12-31,73387000000.0,2024,FY,10-K,2025-02-07,0001018724-25-000004,CY2023Q4I
cash,CashAndCashEquivalentsAtCarryingValue,us-gaap,USD,,2024-03-31,72852000000.0,2024,Q1,10-Q,2024-05-01,0001018724-24-000083,CY2024Q1I
cash,CashAndCashEquivalentsAtCarryingValue,us-gaap,USD,,2024-06-30,71178000000.0,2024,Q2,10-Q,2024-08-02,0001018724-24-000130,CY2024Q2I
cash,CashAndCashEquivalentsAtCarryingValue,us-gaap,USD,,2024-09-30,75091000000.0,2024,Q3,10-Q,2024-11-01,0001018724-24-000161,CY2024Q3I
cash,CashAndCashEquivalentsAtCarryingValue,us-gaap,USD,,2024-12-31,78779000000.0,2024,FY,10-K,2025-02-07,0001018724-25-000004,
cash,CashAndCashEquivalentsAtCarryingValue,us-gaap,USD,,2024-12-31,78779000000.0,2025,Q1,10-Q,2025-05-02,0001018724-25-000036,
cash,CashAndCashEquivalentsAtCarryingValue,us-gaap,USD,,2024-12-31,78779000000.0,2025,Q2,10-Q,2025-08-01,0001018724-25-000086,
cash,CashAndCashEquivalentsAtCarryingValue,us-gaap,USD,,2024-12-31,78779000000.0,2025,Q3,10-Q,2025-10-31,0001018724-25-000123,
cash,CashAndCashEquivalentsAtCarryingValue,us-gaap,USD,,2024-12-31,78779000000.0,2025,FY,10-K,2026-02-06,0001018724-26-000004,CY2024Q4I
cash,CashAndCashEquivalentsAtCarryingValue,us-gaap,USD,,2025-03-31,66207000000.0,2025,Q1,10-Q,2025-05-02,0001018724-25-000036,CY2025Q1I
cash,CashAndCashEquivalentsAtCarryingValue,us-gaap,USD,,2025-06-30,57741000000.0,2025,Q2,10-Q,2025-08-01,0001018724-25-000086,CY2025Q2I
cash,CashAndCashEquivalentsAtCarryingValue,us-gaap,USD,,2025-09-30,66922000000.0,2025,Q3,10-Q,2025-10-31,0001018724-25-000123,CY2025Q3I
cash,CashAndCashEquivalentsAtCarryingValue,us-gaap,USD,,2025-12-31,86810000000.0,2025,FY,10-K,2026-02-06,0001018724-26-000004,
cash,CashAndCashEquivalentsAtCarryingValue,us-gaap,USD,,2025-12-31,86810000000.0,2026,Q1,10-Q,2026-04-30,0001018724-26-000014,
cash,CashAndCashEquivalentsAtCarryingValue,us-gaap,USD,,2025-12-31,86810000000.0,2026,Q2,10-Q,2026-07-31,0001018724-26-000026,CY2025Q4I
cash,CashAndCashEquivalentsAtCarryingValue,us-gaap,USD,,2026-03-31,101816000000.0,2026,Q1,10-Q,2026-04-30,0001018724-26-000014,CY2026Q1I
cash,CashAndCashEquivalentsAtCarryingValue,us-gaap,USD,,2026-06-30,78213000000.0,2026,Q2,10-Q,2026-07-31,0001018724-26-000026,CY2026Q2I
cfo,NetCashProvidedByUsedInOperatingActivities,us-gaap,USD,2007-01-01,2007-12-31,1405000000.0,2009,FY,10-K,2010-01-29,0001193125-10-016098,CY2007
cfo,NetCashProvidedByUsedInOperatingActivities,us-gaap,USD,2007-07-01,2008-06-30,1088000000.0,2009,Q2,10-Q,2009-07-24,0001193125-09-154174,
cfo,NetCashProvidedByUsedInOperatingActivities,us-gaap,USD,2008-01-01,2008-06-30,-298000000.0,2009,Q2,10-Q,2009-07-24,0001193125-09-154174,
cfo,NetCashProvidedByUsedInOperatingActivities,us-gaap,USD,2008-04-01,2008-06-30,347000000.0,2009,Q2,10-Q,2009-07-24,0001193125-09-154174,CY2008Q2
cfo,NetCashProvidedByUsedInOperatingActivities,us-gaap,USD,2007-10-01,2008-09-30,1275000000.0,2009,Q3,10-Q,2009-10-23,0001193125-09-212134,
cfo,NetCashProvidedByUsedInOperatingActivities,us-gaap,USD,2008-01-01,2008-09-30,126000000.0,2009,Q3,10-Q,2009-10-23,0001193125-09-212134,
cfo,NetCashProvidedByUsedInOperatingActivities,us-gaap,USD,2008-07-01,2008-09-30,424000000.0,2009,Q3,10-Q,2009-10-23,0001193125-09-212134,CY2008Q3
cfo,NetCashProvidedByUsedInOperatingActivities,us-gaap,USD,2008-01-01,2008-12-31,1697000000.0,2009,FY,10-K,2010-01-29,0001193125-10-016098,
cfo,NetCashProvidedByUsedInOperatingActivities,us-gaap,USD,2008-01-01,2008-12-31,1697000000.0,2010,FY,10-K,2011-01-28,0001193125-11-016253,CY2008
cfo,NetCashProvidedByUsedInOperatingActivities,us-gaap,USD,2008-04-01,2009-03-31,1757000000.0,2010,Q1,10-Q,2010-04-23,0001193125-10-090367,
cfo,NetCashProvidedByUsedInOperatingActivities,us-gaap,USD,2009-01-01,2009-03-31,-585000000.0,2010,Q1,10-Q,2010-04-23,0001193125-10-090367,CY2009Q1
cfo,NetCashProvidedByUsedInOperatingActivities,us-gaap,USD,2008-07-01,2009-06-30,1878000000.0,2009,Q2,10-Q,2009-07-24,0001193125-09-154174,
cfo,NetCashProvidedByUsedInOperatingActivities,us-gaap,USD,2009-01-01,2009-06-30,-117000000.0,2009,Q2,10-Q,2009-07-24,0001193125-09-154174,
cfo,NetCashProvidedByUsedInOperatingActivities,us-gaap,USD,2009-04-01,2009-06-30,468000000.0,2009,Q2,10-Q,2009-07-24,0001193125-09-154174,
cfo,NetCashProvidedByUsedInOperatingActivities,us-gaap,USD,2008-07-01,2009-06-30,1878000000.0,2010,Q2,10-Q,2010-07-23,0001193125-10-164083,
cfo,NetCashProvidedByUsedInOperatingActivities,us-gaap,USD,2009-01-01,2009-06-30,-117000000.0,2010,Q2,10-Q,2010-07-23,0001193125-10-164083,
cfo,NetCashProvidedByUsedInOperatingActivities,us-gaap,USD,2009-04-01,2009-06-30,468000000.0,2010,Q2,10-Q,2010-07-23,0001193125-10-164083,CY2009Q2
cfo,NetCashProvidedByUsedInOperatingActivities,us-gaap,USD,2008-10-01,2009-09-30,2253000000.0,2009,Q3,10-Q,2009-10-23,0001193125-09-212134,
cfo,NetCashProvidedByUsedInOperatingActivities,us-gaap,USD,2009-01-01,2009-09-30,682000000.0,2009,Q3,10-Q,2009-10-23,0001193125-09-212134,
cfo,NetCashProvidedByUsedInOperatingActivities,us-gaap,USD,2009-07-01,2009-09-30,799000000.0,2009,Q3,10-Q,2009-10-23,0001193125-09-212134,
cfo,NetCashProvidedByUsedInOperatingActivities,us-gaap,USD,2008-10-01,2009-09-30,2253000000.0,2010,Q3,10-Q,2010-10-22,0001193125-10-233883,
cfo,NetCashProvidedByUsedInOperatingActivities,us-gaap,USD,2009-01-01,2009-09-30,682000000.0,2010,Q3,10-Q,2010-10-22,0001193125-10-233883,
cfo,NetCashProvidedByUsedInOperatingActivities,us-gaap,USD,2009-07-01,2009-09-30,799000000.0,2010,Q3,10-Q,2010-10-22,0001193125-10-233883,CY2009Q3
cfo,NetCashProvidedByUsedInOperatingActivities,us-gaap,USD,2009-01-01,2009-12-31,3293000000.0,2009,FY,10-K,2010-01-29,0001193125-10-016098,
cfo,NetCashProvidedByUsedInOperatingActivities,us-gaap,USD,2009-01-01,2009-12-31,3293000000.0,2010,FY,10-K,2011-01-28,0001193125-11-016253,
cfo,NetCashProvidedByUsedInOperatingActivities,us-gaap,USD,2009-01-01,2009-12-31,3293000000.0,2011,FY,10-K,2012-02-01,0001193125-12-032846,CY2009
cfo,NetCashProvidedByUsedInOperatingActivities,us-gaap,USD,2009-04-01,2010-03-31,2780000000.0,2010,Q1,10-Q,2010-04-23,0001193125-10-090367,
cfo,NetCashProvidedByUsedInOperatingActivities,us-gaap,USD,2010-01-01,2010-03-31,-1098000000.0,2010,Q1,10-Q,2010-04-23,0001193125-10-090367,
cfo,NetCashProvidedByUsedInOperatingActivities,us-gaap,USD,2009-04-01,2010-03-31,2780000000.0,2011,Q1,10-Q,2011-04-27,0001193125-11-110197,
cfo,NetCashProvidedByUsedInOperatingActivities,us-gaap,USD,2010-01-01,2010-03-31,-1098000000.0,2011,Q1,10-Q,2011-04-27,0001193125-11-110197,CY2010Q1
cfo,NetCashProvidedByUsedInOperatingActivities,us-gaap,USD,2009-07-01,2010-06-30,2561000000.0,2010,Q2,10-Q,2010-07-23,0001193125-10-164083,
cfo,NetCashProvidedByUsedInOperatingActivities,us-gaap,USD,2010-01-01,2010-06-30,-848000000.0,2010,Q2,10-Q,2010-07-23,0001193125-10-164083,
cfo,NetCashProvidedByUsedInOperatingActivities,us-gaap,USD,2010-04-01,2010-06-30,250000000.0,2010,Q2,10-Q,2010-07-23,0001193125-10-164083,
cfo,NetCashProvidedByUsedInOperatingActivities,us-gaap,USD,2009-07-01,2010-06-30,2561000000.0,2011,Q2,10-Q,2011-07-27,0001193125-11-197823,
cfo,NetCashProvidedByUsedInOperatingActivities,us-gaap,USD,2010-01-01,2010-06-30,-848000000.0,2011,Q2,10-Q,2011-07-27,0001193125-11-197823,
cfo,NetCashProvidedByUsedInOperatingActivities,us-gaap,USD,2010-04-01,2010-06-30,250000000.0,2011,Q2,10-Q,2011-07-27,0001193125-11-197823,CY2010Q2
cfo,NetCashProvidedByUsedInOperatingActivities,us-gaap,USD,2009-10-01,2010-09-30,2617000000.0,2010,Q3,10-Q,2010-10-22,0001193125-10-233883,
cfo,NetCashProvidedByUsedInOperatingActivities,us-gaap,USD,2010-01-01,2010-09-30,7000000.0,2010,Q3,10-Q,2010-10-22,0001193125-10-233883,
cfo,NetCashProvidedByUsedInOperatingActivities,us-gaap,USD,2010-07-01,2010-09-30,855000000.0,2010,Q3,10-Q,2010-10-22,0001193125-10-233883,
cfo,NetCashProvidedByUsedInOperatingActivities,us-gaap,USD,2009-10-01,2010-09-30,2617000000.0,2011,Q3,10-Q,2011-10-26,0001193125-11-280739,
cfo,NetCashProvidedByUsedInOperatingActivities,us-gaap,USD,2010-01-01,2010-09-30,7000000.0,2011,Q3,10-Q,2011-10-26,0001193125-11-280739,
cfo,NetCashProvidedByUsedInOperatingActivities,us-gaap,USD,2010-07-01,2010-09-30,855000000.0,2011,Q3,10-Q,2011-10-26,0001193125-11-280739,CY2010Q3
cfo,NetCashProvidedByUsedInOperatingActivities,us-gaap,USD,2010-01-01,2010-12-31,3495000000.0,2010,FY,10-K,2011-01-28,0001193125-11-016253,
cfo,NetCashProvidedByUsedInOperatingActivities,us-gaap,USD,2010-01-01,2010-12-31,3495000000.0,2011,FY,10-K,2012-02-01,0001193125-12-032846,
cfo,NetCashProvidedByUsedInOperatingActivities,us-gaap,USD,2010-01-01,2010-12-31,3495000000.0,2012,FY,10-K,2013-01-30,0001193125-13-028520,CY2010
cfo,NetCashProvidedByUsedInOperatingActivities,us-gaap,USD,2010-04-01,2011-03-31,3033000000.0,2011,Q1,10-Q,2011-04-27,0001193125-11-110197,
cfo,NetCashProvidedByUsedInOperatingActivities,us-gaap,USD,2011-01-01,2011-03-31,-1586000000.0,2011,Q1,10-Q,2011-04-27,0001193125-11-110197,
cfo,NetCashProvidedByUsedInOperatingActivities,us-gaap,USD,2010-04-01,2011-03-31,3033000000.0,2012,Q1,10-Q,2012-04-27,0001193125-12-187203,
cfo,NetCashProvidedByUsedInOperatingActivities,us-gaap,USD,2011-01-01,2011-03-31,-1586000000.0,2012,Q1,10-Q,2012-04-27,0001193125-12-187203,CY2011Q1
cfo,NetCashProvidedByUsedInOperatingActivities,us-gaap,USD,2010-07-01,2011-06-30,3205000000.0,2011,Q2,10-Q,2011-07-27,0001193125-11-197823,
cfo,NetCashProvidedByUsedInOperatingActivities,us-gaap,USD,2011-01-01,2011-06-30,-1163000000.0,2011,Q2,10-Q,2011-07-27,0001193125-11-197823,
cfo,NetCashProvidedByUsedInOperatingActivities,us-gaap,USD,2011-04-01,2011-06-30,423000000.0,2011,Q2,10-Q,2011-07-27,0001193125-11-197823,
cfo,NetCashProvidedByUsedInOperatingActivities,us-gaap,USD,2010-07-01,2011-06-30,3205000000.0,2012,Q2,10-Q,2012-07-27,0001193125-12-317409,
cfo,NetCashProvidedByUsedInOperatingActivities,us-gaap,USD,2011-01-01,2011-06-30,-1163000000.0,2012,Q2,10-Q,2012-07-27,0001193125-12-317409,
cfo,NetCashProvidedByUsedInOperatingActivities,us-gaap,USD,2011-04-01,2011-06-30,423000000.0,2012,Q2,10-Q,2012-07-27,0001193125-12-317409,CY2011Q2
cfo,NetCashProvidedByUsedInOperatingActivities,us-gaap,USD,2010-10-01,2011-09-30,3114000000.0,2011,Q3,10-Q,2011-10-26,0001193125-11-280739,
cfo,NetCashProvidedByUsedInOperatingActivities,us-gaap,USD,2011-01-01,2011-09-30,-366000000.0,2011,Q3,10-Q,2011-10-26,0001193125-11-280739,
cfo,NetCashProvidedByUsedInOperatingActivities,us-gaap,USD,2011-07-01,2011-09-30,797000000.0,2011,Q3,10-Q,2011-10-26,0001193125-11-280739,
cfo,NetCashProvidedByUsedInOperatingActivities,us-gaap,USD,2010-10-01,2011-09-30,3114000000.0,2012,Q3,10-Q,2012-10-26,0001193125-12-436012,
cfo,NetCashProvidedByUsedInOperatingActivities,us-gaap,USD,2011-01-01,2011-09-30,-366000000.0,2012,Q3,10-Q,2012-10-26,0001193125-12-436012,
cfo,NetCashProvidedByUsedInOperatingActivities,us-gaap,USD,2011-07-01,2011-09-30,797000000.0,2012,Q3,10-Q,2012-10-26,0001193125-12-436012,CY2011Q3
cfo,NetCashProvidedByUsedInOperatingActivities,us-gaap,USD,2011-01-01,2011-12-31,3903000000.0,2011,FY,10-K,2012-02-01,0001193125-12-032846,
cfo,NetCashProvidedByUsedInOperatingActivities,us-gaap,USD,2011-01-01,2011-12-31,3903000000.0,2012,FY,10-K,2013-01-30,0001193125-13-028520,
cfo,NetCashProvidedByUsedInOperatingActivities,us-gaap,USD,2011-01-01,2011-12-31,3903000000.0,2013,FY,10-K,2014-01-31,0001018724-14-000006,CY2011
cfo,NetCashProvidedByUsedInOperatingActivities,us-gaap,USD,2011-04-01,2012-03-31,3051000000.0,2012,Q1,10-Q,2012-04-27,0001193125-12-187203,
cfo,NetCashProvidedByUsedInOperatingActivities,us-gaap,USD,2012-01-01,2012-03-31,-2438000000.0,2012,Q1,10-Q,2012-04-27,0001193125-12-187203,
cfo,NetCashProvidedByUsedInOperatingActivities,us-gaap,USD,2011-04-01,2012-03-31,3051000000.0,2013,Q1,10-Q,2013-04-26,0001193125-13-174667,
cfo,NetCashProvidedByUsedInOperatingActivities,us-gaap,USD,2012-01-01,2012-03-31,-2438000000.0,2013,Q1,10-Q,2013-04-26,0001193125-13-174667,CY2012Q1
cfo,NetCashProvidedByUsedInOperatingActivities,us-gaap,USD,2011-07-01,2012-06-30,3222000000.0,2012,Q2,10-Q,2012-07-27,0001193125-12-317409,
cfo,NetCashProvidedByUsedInOperatingActivities,us-gaap,USD,2012-01-01,2012-06-30,-1844000000.0,2012,Q2,10-Q,2012-07-27,0001193125-12-317409,
cfo,NetCashProvidedByUsedInOperatingActivities,us-gaap,USD,2012-04-01,2012-06-30,594000000.0,2012,Q2,10-Q,2012-07-27,0001193125-12-317409,
cfo,NetCashProvidedByUsedInOperatingActivities,us-gaap,USD,2011-07-01,2012-06-30,3222000000.0,2013,Q2,10-Q,2013-07-26,0001193125-13-303204,
cfo,NetCashProvidedByUsedInOperatingActivities,us-gaap,USD,2012-01-01,2012-06-30,-1844000000.0,2013,Q2,10-Q,2013-07-26,0001193125-13-303204,
cfo,NetCashProvidedByUsedInOperatingActivities,us-gaap,USD,2012-04-01,2012-06-30,594000000.0,2013,Q2,10-Q,2013-07-26,0001193125-13-303204,CY2012Q2
cfo,NetCashProvidedByUsedInOperatingActivities,us-gaap,USD,2011-10-01,2012-09-30,3368000000.0,2012,Q3,10-Q,2012-10-26,0001193125-12-436012,
cfo,NetCashProvidedByUsedInOperatingActivities,us-gaap,USD,2012-01-01,2012-09-30,-901000000.0,2012,Q3,10-Q,2012-10-26,0001193125-12-436012,
cfo,NetCashProvidedByUsedInOperatingActivities,us-gaap,USD,2012-07-01,2012-09-30,943000000.0,2012,Q3,10-Q,2012-10-26,0001193125-12-436012,
cfo,NetCashProvidedByUsedInOperatingActivities,us-gaap,USD,2011-10-01,2012-09-30,3368000000.0,2013,Q3,10-Q,2013-10-25,0001445305-13-002495,
cfo,NetCashProvidedByUsedInOperatingActivities,us-gaap,USD,2012-01-01,2012-09-30,-901000000.0,2013,Q3,10-Q,2013-10-25,0001445305-13-002495,
cfo,NetCashProvidedByUsedInOperatingActivities,us-gaap,USD,2012-07-01,2012-09-30,943000000.0,2013,Q3,10-Q,2013-10-25,0001445305-13-002495,CY2012Q3
cfo,NetCashProvidedByUsedInOperatingActivities,us-gaap,USD,2012-01-01,2012-12-31,4180000000.0,2012,FY,10-K,2013-01-30,0001193125-13-028520,
cfo,NetCashProvidedByUsedInOperatingActivities,us-gaap,USD,2012-01-01,2012-12-31,4180000000.0,2013,FY,10-K,2014-01-31,0001018724-14-000006,
cfo,NetCashProvidedByUsedInOperatingActivities,us-gaap,USD,2012-01-01,2012-12-31,4180000000.0,2014,FY,10-K,2015-01-30,0001018724-15-000006,CY2012
cfo,NetCashProvidedByUsedInOperatingActivities,us-gaap,USD,2012-04-01,2013-03-31,4245000000.0,2013,Q1,10-Q,2013-04-26,0001193125-13-174667,
cfo,NetCashProvidedByUsedInOperatingActivities,us-gaap,USD,2013-01-01,2013-03-31,-2372000000.0,2013,Q1,10-Q,2013-04-26,0001193125-13-174667,
cfo,NetCashProvidedByUsedInOperatingActivities,us-gaap,USD,2012-04-01,2013-03-31,4245000000.0,2014,Q1,10-Q,2014-04-25,0001018724-14-000014,
cfo,NetCashProvidedByUsedInOperatingActivities,us-gaap,USD,2013-01-01,2013-03-31,-2372000000.0,2014,Q1,10-Q,2014-04-25,0001018724-14-000014,CY2013Q1
cfo,NetCashProvidedByUsedInOperatingActivities,us-gaap,USD,2012-07-01,2013-06-30,4532000000.0,2013,Q2,10-Q,2013-07-26,0001193125-13-303204,
cfo,NetCashProvidedByUsedInOperatingActivities,us-gaap,USD,2013-01-01,2013-06-30,-1492000000.0,2013,Q2,10-Q,2013-07-26,0001193125-13-303204,
cfo,NetCashProvidedByUsedInOperatingActivities,us-gaap,USD,2013-04-01,2013-06-30,880000000.0,2013,Q2,10-Q,2013-07-26,0001193125-13-303204,
cfo,NetCashProvidedByUsedInOperatingActivities,us-gaap,USD,2012-07-01,2013-06-30,4532000000.0,2014,Q2,10-Q,2014-07-25,0001018724-14-000025,
cfo,NetCashProvidedByUsedInOperatingActivities,us-gaap,USD,2013-01-01,2013-06-30,-1492000000.0,2014,Q2,10-Q,2014-07-25,0001018724-14-000025,
cfo,NetCashProvidedByUsedInOperatingActivities,us-gaap,USD,2013-04-01,2013-06-30,880000000.0,2014,Q2,10-Q,2014-07-25,0001018724-14-000025,CY2013Q2
cfo,NetCashProvidedByUsedInOperatingActivities,us-gaap,USD,2012-10-01,2013-09-30,4977000000.0,2013,Q3,10-Q,2013-10-25,0001445305-13-002495,
cfo,NetCashProvidedByUsedInOperatingActivities,us-gaap,USD,2013-01-01,2013-09-30,-103000000.0,2013,Q3,10-Q,2013-10-25,0001445305-13-002495,
cfo,NetCashProvidedByUsedInOperatingActivities,us-gaap,USD,2013-07-01,2013-09-30,1388000000.0,2013,Q3,10-Q,2013-10-25,0001445305-13-002495,
cfo,NetCashProvidedByUsedInOperatingActivities,us-gaap,USD,2012-10-01,2013-09-30,4977000000.0,2014,Q3,10-Q,2014-10-24,0001018724-14-000055,
cfo,NetCashProvidedByUsedInOperatingActivities,us-gaap,USD,2013-01-01,2013-09-30,-103000000.0,2014,Q3,10-Q,2014-10-24,0001018724-14-000055,
cfo,NetCashProvidedByUsedInOperatingActivities,us-gaap,USD,2013-07-01,2013-09-30,1388000000.0,2014,Q3,10-Q,2014-10-24,0001018724-14-000055,CY2013Q3
cfo,NetCashProvidedByUsedInOperatingActivities,us-gaap,USD,2013-01-01,2013-12-31,5475000000.0,2013,FY,10-K,2014-01-31,0001018724-14-000006,
cfo,NetCashProvidedByUsedInOperatingActivities,us-gaap,USD,2013-01-01,2013-12-31,5475000000.0,2014,FY,10-K,2015-01-30,0001018724-15-000006,
cfo,NetCashProvidedByUsedInOperatingActivities,us-gaap,USD,2013-01-01,2013-12-31,5475000000.0,2015,FY,10-K,2016-01-29,0001018724-16-000172,CY2013
cfo,NetCashProvidedByUsedInOperatingActivities,us-gaap,USD,2013-04-01,2014-03-31,5345000000.0,2014,Q1,10-Q,2014-04-25,0001018724-14-000014,
cfo,NetCashProvidedByUsedInOperatingActivities,us-gaap,USD,2014-01-01,2014-03-31,-2502000000.0,2014,Q1,10-Q,2014-04-25,0001018724-14-000014,
cfo,NetCashProvidedByUsedInOperatingActivities,us-gaap,USD,2013-04-01,2014-03-31,5345000000.0,2015,Q1,10-Q,2015-04-24,0001018724-15-000038,
cfo,NetCashProvidedByUsedInOperatingActivities,us-gaap,USD,2014-01-01,2014-03-31,-2502000000.0,2015,Q1,10-Q,2015-04-24,0001018724-15-000038,CY2014Q1
cfo,NetCashProvidedByUsedInOperatingActivities,us-gaap,USD,2013-07-01,2014-06-30,5327000000.0,2014,Q2,10-Q,2014-07-25,0001018724-14-000025,
cfo,NetCashProvidedByUsedInOperatingActivities,us-gaap,USD,2014-01-01,2014-06-30,-1640000000.0,2014,Q2,10-Q,2014-07-25,0001018724-14-000025,
cfo,NetCashProvidedByUsedInOperatingActivities,us-gaap,USD,2014-04-01,2014-06-30,862000000.0,2014,Q2,10-Q,2014-07-25,0001018724-14-000025,
cfo,NetCashProvidedByUsedInOperatingActivities,us-gaap,USD,2013-07-01,2014-06-30,5327000000.0,2015,Q2,10-Q,2015-07-24,0001018724-15-000087,
cfo,NetCashProvidedByUsedInOperatingActivities,us-gaap,USD,2014-01-01,2014-06-30,-1640000000.0,2015,Q2,10-Q,2015-07-24,0001018724-15-000087,
cfo,NetCashProvidedByUsedInOperatingActivities,us-gaap,USD,2014-04-01,2014-06-30,862000000.0,2015,Q2,10-Q,2015-07-24,0001018724-15-000087,CY2014Q2
cfo,NetCashProvidedByUsedInOperatingActivities,us-gaap,USD,2013-10-01,2014-09-30,5705000000.0,2014,Q3,10-Q,2014-10-24,0001018724-14-000055,
cfo,NetCashProvidedByUsedInOperatingActivities,us-gaap,USD,2014-01-01,2014-09-30,127000000.0,2014,Q3,10-Q,2014-10-24,0001018724-14-000055,
cfo,NetCashProvidedByUsedInOperatingActivities,us-gaap,USD,2014-07-01,2014-09-30,1766000000.0,2014,Q3,10-Q,2014-10-24,0001018724-14-000055,
cfo,NetCashProvidedByUsedInOperatingActivities,us-gaap,USD,2013-10-01,2014-09-30,5705000000.0,2015,Q3,10-Q,2015-10-23,0001018724-15-000126,
cfo,NetCashProvidedByUsedInOperatingActivities,us-gaap,USD,2014-01-01,2014-09-30,127000000.0,2015,Q3,10-Q,2015-10-23,0001018724-15-000126,
cfo,NetCashProvidedByUsedInOperatingActivities,us-gaap,USD,2014-07-01,2014-09-30,1766000000.0,2015,Q3,10-Q,2015-10-23,0001018724-15-000126,CY2014Q3
cfo,NetCashProvidedByUsedInOperatingActivities,us-gaap,USD,2014-01-01,2014-12-31,6842000000.0,2014,FY,10-K,2015-01-30,0001018724-15-000006,
cfo,NetCashProvidedByUsedInOperatingActivities,us-gaap,USD,2014-01-01,2014-12-31,6842000000.0,2015,FY,10-K,2016-01-29,0001018724-16-000172,
cfo,NetCashProvidedByUsedInOperatingActivities,us-gaap,USD,2014-01-01,2014-12-31,6842000000.0,2016,FY,10-K,2017-02-10,0001018724-17-000011,CY2014
cfo,NetCashProvidedByUsedInOperatingActivities,us-gaap,USD,2014-04-01,2015-03-31,7845000000.0,2015,Q1,10-Q,2015-04-24,0001018724-15-000038,
cfo,NetCashProvidedByUsedInOperatingActivities,us-gaap,USD,2015-01-01,2015-03-31,-1499000000.0,2015,Q1,10-Q,2015-04-24,0001018724-15-000038,
cfo,NetCashProvidedByUsedInOperatingActivities,us-gaap,USD,2014-04-01,2015-03-31,7845000000.0,2016,Q1,10-Q,2016-04-29,0001018724-16-000227,
cfo,NetCashProvidedByUsedInOperatingActivities,us-gaap,USD,2015-01-01,2015-03-31,-1499000000.0,2016,Q1,10-Q,2016-04-29,0001018724-16-000227,CY2015Q1
cfo,NetCashProvidedByUsedInOperatingActivities,us-gaap,USD,2014-07-01,2015-06-30,8980000000.0,2015,Q2,10-Q,2015-07-24,0001018724-15-000087,
cfo,NetCashProvidedByUsedInOperatingActivities,us-gaap,USD,2015-01-01,2015-06-30,498000000.0,2015,Q2,10-Q,2015-07-24,0001018724-15-000087,
cfo,NetCashProvidedByUsedInOperatingActivities,us-gaap,USD,2015-04-01,2015-06-30,1997000000.0,2015,Q2,10-Q,2015-07-24,0001018724-15-000087,
cfo,NetCashProvidedByUsedInOperatingActivities,us-gaap,USD,2014-07-01,2015-06-30,8980000000.0,2016,Q2,10-Q,2016-07-29,0001018724-16-000286,
cfo,NetCashProvidedByUsedInOperatingActivities,us-gaap,USD,2015-01-01,2015-06-30,498000000.0,2016,Q2,10-Q,2016-07-29,0001018724-16-000286,
cfo,NetCashProvidedByUsedInOperatingActivities,us-gaap,USD,2015-04-01,2015-06-30,1997000000.0,2016,Q2,10-Q,2016-07-29,0001018724-16-000286,CY2015Q2
cfo,NetCashProvidedByUsedInOperatingActivities,us-gaap,USD,2014-10-01,2015-09-30,9823000000.0,2015,Q3,10-Q,2015-10-23,0001018724-15-000126,
cfo,NetCashProvidedByUsedInOperatingActivities,us-gaap,USD,2015-01-01,2015-09-30,3108000000.0,2015,Q3,10-Q,2015-10-23,0001018724-15-000126,
cfo,NetCashProvidedByUsedInOperatingActivities,us-gaap,USD,2015-07-01,2015-09-30,2610000000.0,2015,Q3,10-Q,2015-10-23,0001018724-15-000126,
cfo,NetCashProvidedByUsedInOperatingActivities,us-gaap,USD,2014-10-01,2015-09-30,9823000000.0,2016,Q3,10-Q,2016-10-28,0001018724-16-000324,
cfo,NetCashProvidedByUsedInOperatingActivities,us-gaap,USD,2015-01-01,2015-09-30,3108000000.0,2016,Q3,10-Q,2016-10-28,0001018724-16-000324,
cfo,NetCashProvidedByUsedInOperatingActivities,us-gaap,USD,2015-07-01,2015-09-30,2610000000.0,2016,Q3,10-Q,2016-10-28,0001018724-16-000324,CY2015Q3
cfo,NetCashProvidedByUsedInOperatingActivities,us-gaap,USD,2015-01-01,2015-12-31,11920000000.0,2015,FY,10-K,2016-01-29,0001018724-16-000172,
cfo,NetCashProvidedByUsedInOperatingActivities,us-gaap,USD,2015-01-01,2015-12-31,11920000000.0,2016,FY,10-K,2017-02-10,0001018724-17-000011,
cfo,NetCashProvidedByUsedInOperatingActivities,us-gaap,USD,2015-01-01,2015-12-31,12039000000.0,2017,FY,10-K,2018-02-02,0001018724-18-000005,CY2015
cfo,NetCashProvidedByUsedInOperatingActivities,us-gaap,USD,2015-04-01,2016-03-31,11258000000.0,2016,Q1,10-Q,2016-04-29,0001018724-16-000227,
cfo,NetCashProvidedByUsedInOperatingActivities,us-gaap,USD,2016-01-01,2016-03-31,-2160000000.0,2016,Q1,10-Q,2016-04-29,0001018724-16-000227,
cfo,NetCashProvidedByUsedInOperatingActivities,us-gaap,USD,2015-04-01,2016-03-31,11563000000.0,2017,Q1,10-Q,2017-04-28,0001018724-17-000051,
cfo,NetCashProvidedByUsedInOperatingActivities,us-gaap,USD,2016-01-01,2016-03-31,-1953000000.0,2017,Q1,10-Q,2017-04-28,0001018724-17-000051,CY2016Q1
cfo,NetCashProvidedByUsedInOperatingActivities,us-gaap,USD,2015-07-01,2016-06-30,12726000000.0,2016,Q2,10-Q,2016-07-29,0001018724-16-000286,
cfo,NetCashProvidedByUsedInOperatingActivities,us-gaap,USD,2016-01-01,2016-06-30,1305000000.0,2016,Q2,10-Q,2016-07-29,0001018724-16-000286,
cfo,NetCashProvidedByUsedInOperatingActivities,us-gaap,USD,2016-04-01,2016-06-30,3465000000.0,2016,Q2,10-Q,2016-07-29,0001018724-16-000286,
cfo,NetCashProvidedByUsedInOperatingActivities,us-gaap,USD,2015-07-01,2016-06-30,13049000000.0,2017,Q2,10-Q,2017-07-28,0001018724-17-000100,
cfo,NetCashProvidedByUsedInOperatingActivities,us-gaap,USD,2016-01-01,2016-06-30,1625000000.0,2017,Q2,10-Q,2017-07-28,0001018724-17-000100,
cfo,NetCashProvidedByUsedInOperatingActivities,us-gaap,USD,2016-04-01,2016-06-30,3578000000.0,2017,Q2,10-Q,2017-07-28,0001018724-17-000100,CY2016Q2
cfo,NetCashProvidedByUsedInOperatingActivities,us-gaap,USD,2015-10-01,2016-09-30,14603000000.0,2016,Q3,10-Q,2016-10-28,0001018724-16-000324,
cfo,NetCashProvidedByUsedInOperatingActivities,us-gaap,USD,2016-01-01,2016-09-30,5791000000.0,2016,Q3,10-Q,2016-10-28,0001018724-16-000324,
cfo,NetCashProvidedByUsedInOperatingActivities,us-gaap,USD,2016-07-01,2016-09-30,4486000000.0,2016,Q3,10-Q,2016-10-28,0001018724-16-000324,
cfo,NetCashProvidedByUsedInOperatingActivities,us-gaap,USD,2015-10-01,2016-09-30,15004000000.0,2017,Q3,10-Q,2017-10-27,0001018724-17-000135,
cfo,NetCashProvidedByUsedInOperatingActivities,us-gaap,USD,2016-01-01,2016-09-30,6284000000.0,2017,Q3,10-Q,2017-10-27,0001018724-17-000135,
cfo,NetCashProvidedByUsedInOperatingActivities,us-gaap,USD,2016-07-01,2016-09-30,4659000000.0,2017,Q3,10-Q,2017-10-27,0001018724-17-000135,CY2016Q3
cfo,NetCashProvidedByUsedInOperatingActivities,us-gaap,USD,2016-01-01,2016-12-31,16443000000.0,2016,FY,10-K,2017-02-10,0001018724-17-000011,
cfo,NetCashProvidedByUsedInOperatingActivities,us-gaap,USD,2016-01-01,2016-12-31,17272000000.0,2017,FY,10-K,2018-02-02,0001018724-18-000005,
cfo,NetCashProvidedByUsedInOperatingActivities,us-gaap,USD,2016-01-01,2016-12-31,17203000000.0,2018,FY,10-K,2019-02-01,0001018724-19-000004,CY2016
cfo,NetCashProvidedByUsedInOperatingActivities,us-gaap,USD,2016-04-01,2017-03-31,17634000000.0,2017,Q1,10-Q,2017-04-28,0001018724-17-000051,
cfo,NetCashProvidedByUsedInOperatingActivities,us-gaap,USD,2017-01-01,2017-03-31,-1590000000.0,2017,Q1,10-Q,2017-04-28,0001018724-17-000051,
cfo,NetCashProvidedByUsedInOperatingActivities,us-gaap,USD,2016-04-01,2017-03-31,17547000000.0,2018,Q1,10-Q,2018-04-27,0001018724-18-000072,
cfo,NetCashProvidedByUsedInOperatingActivities,us-gaap,USD,2017-01-01,2017-03-31,-1619000000.0,2018,Q1,10-Q,2018-04-27,0001018724-18-000072,CY2017Q1
cfo,NetCashProvidedByUsedInOperatingActivities,us-gaap,USD,2016-07-01,2017-06-30,17885000000.0,2017,Q2,10-Q,2017-07-28,0001018724-17-000100,
cfo,NetCashProvidedByUsedInOperatingActivities,us-gaap,USD,2017-01-01,2017-06-30,2239000000.0,2017,Q2,10-Q,2017-07-28,0001018724-17-000100,
cfo,NetCashProvidedByUsedInOperatingActivities,us-gaap,USD,2017-04-01,2017-06-30,3829000000.0,2017,Q2,10-Q,2017-07-28,0001018724-17-000100,
cfo,NetCashProvidedByUsedInOperatingActivities,us-gaap,USD,2016-07-01,2017-06-30,17802000000.0,2018,Q2,10-Q,2018-07-27,0001018724-18-000108,
cfo,NetCashProvidedByUsedInOperatingActivities,us-gaap,USD,2017-01-01,2017-06-30,2230000000.0,2018,Q2,10-Q,2018-07-27,0001018724-18-000108,
cfo,NetCashProvidedByUsedInOperatingActivities,us-gaap,USD,2017-04-01,2017-06-30,3850000000.0,2018,Q2,10-Q,2018-07-27,0001018724-18-000108,CY2017Q2
cfo,NetCashProvidedByUsedInOperatingActivities,us-gaap,USD,2016-10-01,2017-09-30,17077000000.0,2017,Q3,10-Q,2017-10-27,0001018724-17-000135,
cfo,NetCashProvidedByUsedInOperatingActivities,us-gaap,USD,2017-01-01,2017-09-30,6090000000.0,2017,Q3,10-Q,2017-10-27,0001018724-17-000135,
cfo,NetCashProvidedByUsedInOperatingActivities,us-gaap,USD,2017-07-01,2017-09-30,3851000000.0,2017,Q3,10-Q,2017-10-27,0001018724-17-000135,
cfo,NetCashProvidedByUsedInOperatingActivities,us-gaap,USD,2016-10-01,2017-09-30,16996000000.0,2018,Q3,10-Q,2018-10-26,0001018724-18-000159,
cfo,NetCashProvidedByUsedInOperatingActivities,us-gaap,USD,2017-01-01,2017-09-30,6007000000.0,2018,Q3,10-Q,2018-10-26,0001018724-18-000159,
cfo,NetCashProvidedByUsedInOperatingActivities,us-gaap,USD,2017-07-01,2017-09-30,3777000000.0,2018,Q3,10-Q,2018-10-26,0001018724-18-000159,CY2017Q3
cfo,NetCashProvidedByUsedInOperatingActivities,us-gaap,USD,2017-01-01,2017-12-31,18434000000.0,2017,FY,10-K,2018-02-02,0001018724-18-000005,
cfo,NetCashProvidedByUsedInOperatingActivities,us-gaap,USD,2017-01-01,2017-12-31,18365000000.0,2018,FY,10-K,2019-02-01,0001018724-19-000004,
cfo,NetCashProvidedByUsedInOperatingActivities,us-gaap,USD,2017-01-01,2017-12-31,18365000000.0,2019,FY,10-K,2020-01-31,0001018724-20-000004,CY2017
cfo,NetCashProvidedByUsedInOperatingActivities,us-gaap,USD,2017-04-01,2018-03-31,18194000000.0,2018,Q1,10-Q,2018-04-27,0001018724-18-000072,
cfo,NetCashProvidedByUsedInOperatingActivities,us-gaap,USD,2018-01-01,2018-03-31,-1791000000.0,2018,Q1,10-Q,2018-04-27,0001018724-18-000072,
cfo,NetCashProvidedByUsedInOperatingActivities,us-gaap,USD,2017-04-01,2018-03-31,18194000000.0,2019,Q1,10-Q,2019-04-26,0001018724-19-000043,
cfo,NetCashProvidedByUsedInOperatingActivities,us-gaap,USD,2018-01-01,2018-03-31,-1791000000.0,2019,Q1,10-Q,2019-04-26,0001018724-19-000043,CY2018Q1
cfo,NetCashProvidedByUsedInOperatingActivities,us-gaap,USD,2017-07-01,2018-06-30,21793000000.0,2018,Q2,10-Q,2018-07-27,0001018724-18-000108,
cfo,NetCashProvidedByUsedInOperatingActivities,us-gaap,USD,2018-01-01,2018-06-30,5658000000.0,2018,Q2,10-Q,2018-07-27,0001018724-18-000108,
cfo,NetCashProvidedByUsedInOperatingActivities,us-gaap,USD,2018-04-01,2018-06-30,7449000000.0,2018,Q2,10-Q,2018-07-27,0001018724-18-000108,
cfo,NetCashProvidedByUsedInOperatingActivities,us-gaap,USD,2017-07-01,2018-06-30,21793000000.0,2019,Q2,10-Q,2019-07-26,0001018724-19-000071,
cfo,NetCashProvidedByUsedInOperatingActivities,us-gaap,USD,2018-01-01,2018-06-30,5658000000.0,2019,Q2,10-Q,2019-07-26,0001018724-19-000071,
cfo,NetCashProvidedByUsedInOperatingActivities,us-gaap,USD,2018-04-01,2018-06-30,7449000000.0,2019,Q2,10-Q,2019-07-26,0001018724-19-000071,CY2018Q2
cfo,NetCashProvidedByUsedInOperatingActivities,us-gaap,USD,2017-10-01,2018-09-30,26604000000.0,2018,Q3,10-Q,2018-10-26,0001018724-18-000159,
cfo,NetCashProvidedByUsedInOperatingActivities,us-gaap,USD,2018-01-01,2018-09-30,14246000000.0,2018,Q3,10-Q,2018-10-26,0001018724-18-000159,
cfo,NetCashProvidedByUsedInOperatingActivities,us-gaap,USD,2018-07-01,2018-09-30,8588000000.0,2018,Q3,10-Q,2018-10-26,0001018724-18-000159,
cfo,NetCashProvidedByUsedInOperatingActivities,us-gaap,USD,2017-10-01,2018-09-30,26604000000.0,2019,Q3,10-Q,2019-10-25,0001018724-19-000089,
cfo,NetCashProvidedByUsedInOperatingActivities,us-gaap,USD,2018-01-01,2018-09-30,14246000000.0,2019,Q3,10-Q,2019-10-25,0001018724-19-000089,
cfo,NetCashProvidedByUsedInOperatingActivities,us-gaap,USD,2018-07-01,2018-09-30,8588000000.0,2019,Q3,10-Q,2019-10-25,0001018724-19-000089,CY2018Q3
cfo,NetCashProvidedByUsedInOperatingActivities,us-gaap,USD,2018-01-01,2018-12-31,30723000000.0,2018,FY,10-K,2019-02-01,0001018724-19-000004,
cfo,NetCashProvidedByUsedInOperatingActivities,us-gaap,USD,2018-01-01,2018-12-31,30723000000.0,2019,FY,10-K,2020-01-31,0001018724-20-000004,
cfo,NetCashProvidedByUsedInOperatingActivities,us-gaap,USD,2018-01-01,2018-12-31,30723000000.0,2020,FY,10-K,2021-02-03,0001018724-21-000004,CY2018
cfo,NetCashProvidedByUsedInOperatingActivities,us-gaap,USD,2018-04-01,2019-03-31,34360000000.0,2019,Q1,10-Q,2019-04-26,0001018724-19-000043,
cfo,NetCashProvidedByUsedInOperatingActivities,us-gaap,USD,2019-01-01,2019-03-31,1846000000.0,2019,Q1,10-Q,2019-04-26,0001018724-19-000043,
cfo,NetCashProvidedByUsedInOperatingActivities,us-gaap,USD,2018-04-01,2019-03-31,34360000000.0,2020,Q1,10-Q,2020-05-01,0001018724-20-000010,
cfo,NetCashProvidedByUsedInOperatingActivities,us-gaap,USD,2019-01-01,2019-03-31,1846000000.0,2020,Q1,10-Q,2020-05-01,0001018724-20-000010,CY2019Q1
cfo,NetCashProvidedByUsedInOperatingActivities,us-gaap,USD,2018-07-01,2019-06-30,36029000000.0,2019,Q2,10-Q,2019-07-26,0001018724-19-000071,
cfo,NetCashProvidedByUsedInOperatingActivities,us-gaap,USD,2019-01-01,2019-06-30,10963000000.0,2019,Q2,10-Q,2019-07-26,0001018724-19-000071,
cfo,NetCashProvidedByUsedInOperatingActivities,us-gaap,USD,2019-04-01,2019-06-30,9118000000.0,2019,Q2,10-Q,2019-07-26,0001018724-19-000071,
cfo,NetCashProvidedByUsedInOperatingActivities,us-gaap,USD,2018-07-01,2019-06-30,36029000000.0,2020,Q2,10-Q,2020-07-31,0001018724-20-000021,
cfo,NetCashProvidedByUsedInOperatingActivities,us-gaap,USD,2019-01-01,2019-06-30,10963000000.0,2020,Q2,10-Q,2020-07-31,0001018724-20-000021,
cfo,NetCashProvidedByUsedInOperatingActivities,us-gaap,USD,2019-04-01,2019-06-30,9118000000.0,2020,Q2,10-Q,2020-07-31,0001018724-20-000021,CY2019Q2
cfo,NetCashProvidedByUsedInOperatingActivities,us-gaap,USD,2018-10-01,2019-09-30,35332000000.0,2019,Q3,10-Q,2019-10-25,0001018724-19-000089,
cfo,NetCashProvidedByUsedInOperatingActivities,us-gaap,USD,2019-01-01,2019-09-30,18855000000.0,2019,Q3,10-Q,2019-10-25,0001018724-19-000089,
cfo,NetCashProvidedByUsedInOperatingActivities,us-gaap,USD,2019-07-01,2019-09-30,7892000000.0,2019,Q3,10-Q,2019-10-25,0001018724-19-000089,
cfo,NetCashProvidedByUsedInOperatingActivities,us-gaap,USD,2018-10-01,2019-09-30,35332000000.0,2020,Q3,10-Q,2020-10-30,0001018724-20-000030,
cfo,NetCashProvidedByUsedInOperatingActivities,us-gaap,USD,2019-01-01,2019-09-30,18855000000.0,2020,Q3,10-Q,2020-10-30,0001018724-20-000030,
cfo,NetCashProvidedByUsedInOperatingActivities,us-gaap,USD,2019-07-01,2019-09-30,7892000000.0,2020,Q3,10-Q,2020-10-30,0001018724-20-000030,CY2019Q3
cfo,NetCashProvidedByUsedInOperatingActivities,us-gaap,USD,2019-01-01,2019-12-31,38514000000.0,2019,FY,10-K,2020-01-31,0001018724-20-000004,
cfo,NetCashProvidedByUsedInOperatingActivities,us-gaap,USD,2019-01-01,2019-12-31,38514000000.0,2020,FY,10-K,2021-02-03,0001018724-21-000004,
cfo,NetCashProvidedByUsedInOperatingActivities,us-gaap,USD,2019-01-01,2019-12-31,38514000000.0,2021,FY,10-K,2022-02-04,0001018724-22-000005,CY2019
cfo,NetCashProvidedByUsedInOperatingActivities,us-gaap,USD,2019-04-01,2020-03-31,39732000000.0,2020,Q1,10-Q,2020-05-01,0001018724-20-000010,
cfo,NetCashProvidedByUsedInOperatingActivities,us-gaap,USD,2020-01-01,2020-03-31,3064000000.0,2020,Q1,10-Q,2020-05-01,0001018724-20-000010,
cfo,NetCashProvidedByUsedInOperatingActivities,us-gaap,USD,2019-04-01,2020-03-31,39732000000.0,2021,Q1,10-Q,2021-04-30,0001018724-21-000010,
cfo,NetCashProvidedByUsedInOperatingActivities,us-gaap,USD,2020-01-01,2020-03-31,3064000000.0,2021,Q1,10-Q,2021-04-30,0001018724-21-000010,CY2020Q1
cfo,NetCashProvidedByUsedInOperatingActivities,us-gaap,USD,2019-07-01,2020-06-30,51220000000.0,2020,Q2,10-Q,2020-07-31,0001018724-20-000021,
cfo,NetCashProvidedByUsedInOperatingActivities,us-gaap,USD,2020-01-01,2020-06-30,23669000000.0,2020,Q2,10-Q,2020-07-31,0001018724-20-000021,
cfo,NetCashProvidedByUsedInOperatingActivities,us-gaap,USD,2020-04-01,2020-06-30,20606000000.0,2020,Q2,10-Q,2020-07-31,0001018724-20-000021,
cfo,NetCashProvidedByUsedInOperatingActivities,us-gaap,USD,2019-07-01,2020-06-30,51220000000.0,2021,Q2,10-Q,2021-07-30,0001018724-21-000020,
cfo,NetCashProvidedByUsedInOperatingActivities,us-gaap,USD,2020-01-01,2020-06-30,23669000000.0,2021,Q2,10-Q,2021-07-30,0001018724-21-000020,
cfo,NetCashProvidedByUsedInOperatingActivities,us-gaap,USD,2020-04-01,2020-06-30,20606000000.0,2021,Q2,10-Q,2021-07-30,0001018724-21-000020,CY2020Q2
cfo,NetCashProvidedByUsedInOperatingActivities,us-gaap,USD,2019-10-01,2020-09-30,55292000000.0,2020,Q3,10-Q,2020-10-30,0001018724-20-000030,
cfo,NetCashProvidedByUsedInOperatingActivities,us-gaap,USD,2020-01-01,2020-09-30,35633000000.0,2020,Q3,10-Q,2020-10-30,0001018724-20-000030,
cfo,NetCashProvidedByUsedInOperatingActivities,us-gaap,USD,2020-07-01,2020-09-30,11964000000.0,2020,Q3,10-Q,2020-10-30,0001018724-20-000030,
cfo,NetCashProvidedByUsedInOperatingActivities,us-gaap,USD,2019-10-01,2020-09-30,55292000000.0,2021,Q3,10-Q,2021-10-29,0001018724-21-000028,
cfo,NetCashProvidedByUsedInOperatingActivities,us-gaap,USD,2020-01-01,2020-09-30,35633000000.0,2021,Q3,10-Q,2021-10-29,0001018724-21-000028,
cfo,NetCashProvidedByUsedInOperatingActivities,us-gaap,USD,2020-07-01,2020-09-30,11964000000.0,2021,Q3,10-Q,2021-10-29,0001018724-21-000028,CY2020Q3
cfo,NetCashProvidedByUsedInOperatingActivities,us-gaap,USD,2020-01-01,2020-12-31,66064000000.0,2020,FY,10-K,2021-02-03,0001018724-21-000004,
cfo,NetCashProvidedByUsedInOperatingActivities,us-gaap,USD,2020-01-01,2020-12-31,66064000000.0,2021,FY,10-K,2022-02-04,0001018724-22-000005,
cfo,NetCashProvidedByUsedInOperatingActivities,us-gaap,USD,2020-01-01,2020-12-31,66064000000.0,2022,FY,10-K,2023-02-03,0001018724-23-000004,CY2020
cfo,NetCashProvidedByUsedInOperatingActivities,us-gaap,USD,2020-04-01,2021-03-31,67213000000.0,2021,Q1,10-Q,2021-04-30,0001018724-21-000010,
cfo,NetCashProvidedByUsedInOperatingActivities,us-gaap,USD,2021-01-01,2021-03-31,4213000000.0,2021,Q1,10-Q,2021-04-30,0001018724-21-000010,
cfo,NetCashProvidedByUsedInOperatingActivities,us-gaap,USD,2020-04-01,2021-03-31,67213000000.0,2022,Q1,10-Q,2022-04-29,0001018724-22-000013,
cfo,NetCashProvidedByUsedInOperatingActivities,us-gaap,USD,2021-01-01,2021-03-31,4213000000.0,2022,Q1,10-Q,2022-04-29,0001018724-22-000013,CY2021Q1
cfo,NetCashProvidedByUsedInOperatingActivities,us-gaap,USD,2020-07-01,2021-06-30,59322000000.0,2021,Q2,10-Q,2021-07-30,0001018724-21-000020,
cfo,NetCashProvidedByUsedInOperatingActivities,us-gaap,USD,2021-01-01,2021-06-30,16928000000.0,2021,Q2,10-Q,2021-07-30,0001018724-21-000020,
cfo,NetCashProvidedByUsedInOperatingActivities,us-gaap,USD,2021-04-01,2021-06-30,12715000000.0,2021,Q2,10-Q,2021-07-30,0001018724-21-000020,
cfo,NetCashProvidedByUsedInOperatingActivities,us-gaap,USD,2020-07-01,2021-06-30,59322000000.0,2022,Q2,10-Q,2022-07-29,0001018724-22-000019,
cfo,NetCashProvidedByUsedInOperatingActivities,us-gaap,USD,2021-01-01,2021-06-30,16928000000.0,2022,Q2,10-Q,2022-07-29,0001018724-22-000019,
cfo,NetCashProvidedByUsedInOperatingActivities,us-gaap,USD,2021-04-01,2021-06-30,12715000000.0,2022,Q2,10-Q,2022-07-29,0001018724-22-000019,CY2021Q2
cfo,NetCashProvidedByUsedInOperatingActivities,us-gaap,USD,2020-10-01,2021-09-30,54671000000.0,2021,Q3,10-Q,2021-10-29,0001018724-21-000028,
cfo,NetCashProvidedByUsedInOperatingActivities,us-gaap,USD,2021-01-01,2021-09-30,24241000000.0,2021,Q3,10-Q,2021-10-29,0001018724-21-000028,
cfo,NetCashProvidedByUsedInOperatingActivities,us-gaap,USD,2021-07-01,2021-09-30,7313000000.0,2021,Q3,10-Q,2021-10-29,0001018724-21-000028,
cfo,NetCashProvidedByUsedInOperatingActivities,us-gaap,USD,2020-10-01,2021-09-30,54671000000.0,2022,Q3,10-Q,2022-10-28,0001018724-22-000023,
cfo,NetCashProvidedByUsedInOperatingActivities,us-gaap,USD,2021-01-01,2021-09-30,24241000000.0,2022,Q3,10-Q,2022-10-28,0001018724-22-000023,
cfo,NetCashProvidedByUsedInOperatingActivities,us-gaap,USD,2021-07-01,2021-09-30,7313000000.0,2022,Q3,10-Q,2022-10-28,0001018724-22-000023,CY2021Q3
cfo,NetCashProvidedByUsedInOperatingActivities,us-gaap,USD,2021-01-01,2021-12-31,46327000000.0,2021,FY,10-K,2022-02-04,0001018724-22-000005,
cfo,NetCashProvidedByUsedInOperatingActivities,us-gaap,USD,2021-01-01,2021-12-31,46327000000.0,2022,FY,10-K,2023-02-03,0001018724-23-000004,
cfo,NetCashProvidedByUsedInOperatingActivities,us-gaap,USD,2021-01-01,2021-12-31,46327000000.0,2023,FY,10-K,2024-02-02,0001018724-24-000008,CY2021
cfo,NetCashProvidedByUsedInOperatingActivities,us-gaap,USD,2021-04-01,2022-03-31,39324000000.0,2022,Q1,10-Q,2022-04-29,0001018724-22-000013,
cfo,NetCashProvidedByUsedInOperatingActivities,us-gaap,USD,2022-01-01,2022-03-31,-2790000000.0,2022,Q1,10-Q,2022-04-29,0001018724-22-000013,
cfo,NetCashProvidedByUsedInOperatingActivities,us-gaap,USD,2021-04-01,2022-03-31,39324000000.0,2023,Q1,10-Q,2023-04-28,0001018724-23-000008,
cfo,NetCashProvidedByUsedInOperatingActivities,us-gaap,USD,2022-01-01,2022-03-31,-2790000000.0,2023,Q1,10-Q,2023-04-28,0001018724-23-000008,CY2022Q1
cfo,NetCashProvidedByUsedInOperatingActivities,us-gaap,USD,2021-07-01,2022-06-30,35574000000.0,2022,Q2,10-Q,2022-07-29,0001018724-22-000019,
cfo,NetCashProvidedByUsedInOperatingActivities,us-gaap,USD,2022-01-01,2022-06-30,6175000000.0,2022,Q2,10-Q,2022-07-29,0001018724-22-000019,
cfo,NetCashProvidedByUsedInOperatingActivities,us-gaap,USD,2022-04-01,2022-06-30,8965000000.0,2022,Q2,10-Q,2022-07-29,0001018724-22-000019,
cfo,NetCashProvidedByUsedInOperatingActivities,us-gaap,USD,2021-07-01,2022-06-30,35574000000.0,2023,Q2,10-Q,2023-08-04,0001018724-23-000012,
cfo,NetCashProvidedByUsedInOperatingActivities,us-gaap,USD,2022-01-01,2022-06-30,6175000000.0,2023,Q2,10-Q,2023-08-04,0001018724-23-000012,
cfo,NetCashProvidedByUsedInOperatingActivities,us-gaap,USD,2022-04-01,2022-06-30,8965000000.0,2023,Q2,10-Q,2023-08-04,0001018724-23-000012,CY2022Q2
cfo,NetCashProvidedByUsedInOperatingActivities,us-gaap,USD,2021-10-01,2022-09-30,39665000000.0,2022,Q3,10-Q,2022-10-28,0001018724-22-000023,
cfo,NetCashProvidedByUsedInOperatingActivities,us-gaap,USD,2022-01-01,2022-09-30,17579000000.0,2022,Q3,10-Q,2022-10-28,0001018724-22-000023,
cfo,NetCashProvidedByUsedInOperatingActivities,us-gaap,USD,2022-07-01,2022-09-30,11404000000.0,2022,Q3,10-Q,2022-10-28,0001018724-22-000023,
cfo,NetCashProvidedByUsedInOperatingActivities,us-gaap,USD,2021-10-01,2022-09-30,39665000000.0,2023,Q3,10-Q,2023-10-27,0001018724-23-000018,
cfo,NetCashProvidedByUsedInOperatingActivities,us-gaap,USD,2022-01-01,2022-09-30,17579000000.0,2023,Q3,10-Q,2023-10-27,0001018724-23-000018,
cfo,NetCashProvidedByUsedInOperatingActivities,us-gaap,USD,2022-07-01,2022-09-30,11404000000.0,2023,Q3,10-Q,2023-10-27,0001018724-23-000018,CY2022Q3
cfo,NetCashProvidedByUsedInOperatingActivities,us-gaap,USD,2022-01-01,2022-12-31,46752000000.0,2022,FY,10-K,2023-02-03,0001018724-23-000004,
cfo,NetCashProvidedByUsedInOperatingActivities,us-gaap,USD,2022-01-01,2022-12-31,46752000000.0,2023,FY,10-K,2024-02-02,0001018724-24-000008,
cfo,NetCashProvidedByUsedInOperatingActivities,us-gaap,USD,2022-01-01,2022-12-31,46752000000.0,2024,FY,10-K,2025-02-07,0001018724-25-000004,CY2022
cfo,NetCashProvidedByUsedInOperatingActivities,us-gaap,USD,2022-04-01,2023-03-31,54330000000.0,2023,Q1,10-Q,2023-04-28,0001018724-23-000008,
cfo,NetCashProvidedByUsedInOperatingActivities,us-gaap,USD,2023-01-01,2023-03-31,4788000000.0,2023,Q1,10-Q,2023-04-28,0001018724-23-000008,
cfo,NetCashProvidedByUsedInOperatingActivities,us-gaap,USD,2022-04-01,2023-03-31,54330000000.0,2024,Q1,10-Q,2024-05-01,0001018724-24-000083,
cfo,NetCashProvidedByUsedInOperatingActivities,us-gaap,USD,2023-01-01,2023-03-31,4788000000.0,2024,Q1,10-Q,2024-05-01,0001018724-24-000083,CY2023Q1
cfo,NetCashProvidedByUsedInOperatingActivities,us-gaap,USD,2022-07-01,2023-06-30,61841000000.0,2023,Q2,10-Q,2023-08-04,0001018724-23-000012,
cfo,NetCashProvidedByUsedInOperatingActivities,us-gaap,USD,2023-01-01,2023-06-30,21264000000.0,2023,Q2,10-Q,2023-08-04,0001018724-23-000012,
cfo,NetCashProvidedByUsedInOperatingActivities,us-gaap,USD,2023-04-01,2023-06-30,16476000000.0,2023,Q2,10-Q,2023-08-04,0001018724-23-000012,
cfo,NetCashProvidedByUsedInOperatingActivities,us-gaap,USD,2022-07-01,2023-06-30,61841000000.0,2024,Q2,10-Q,2024-08-02,0001018724-24-000130,
cfo,NetCashProvidedByUsedInOperatingActivities,us-gaap,USD,2023-01-01,2023-06-30,21264000000.0,2024,Q2,10-Q,2024-08-02,0001018724-24-000130,
cfo,NetCashProvidedByUsedInOperatingActivities,us-gaap,USD,2023-04-01,2023-06-30,16476000000.0,2024,Q2,10-Q,2024-08-02,0001018724-24-000130,CY2023Q2
cfo,NetCashProvidedByUsedInOperatingActivities,us-gaap,USD,2022-10-01,2023-09-30,71654000000.0,2023,Q3,10-Q,2023-10-27,0001018724-23-000018,
cfo,NetCashProvidedByUsedInOperatingActivities,us-gaap,USD,2023-01-01,2023-09-30,42481000000.0,2023,Q3,10-Q,2023-10-27,0001018724-23-000018,
cfo,NetCashProvidedByUsedInOperatingActivities,us-gaap,USD,2023-07-01,2023-09-30,21217000000.0,2023,Q3,10-Q,2023-10-27,0001018724-23-000018,
cfo,NetCashProvidedByUsedInOperatingActivities,us-gaap,USD,2022-10-01,2023-09-30,71654000000.0,2024,Q3,10-Q,2024-11-01,0001018724-24-000161,
cfo,NetCashProvidedByUsedInOperatingActivities,us-gaap,USD,2023-01-01,2023-09-30,42481000000.0,2024,Q3,10-Q,2024-11-01,0001018724-24-000161,
cfo,NetCashProvidedByUsedInOperatingActivities,us-gaap,USD,2023-07-01,2023-09-30,21217000000.0,2024,Q3,10-Q,2024-11-01,0001018724-24-000161,CY2023Q3
cfo,NetCashProvidedByUsedInOperatingActivities,us-gaap,USD,2023-01-01,2023-12-31,84946000000.0,2023,FY,10-K,2024-02-02,0001018724-24-000008,
cfo,NetCashProvidedByUsedInOperatingActivities,us-gaap,USD,2023-01-01,2023-12-31,84946000000.0,2024,FY,10-K,2025-02-07,0001018724-25-000004,
cfo,NetCashProvidedByUsedInOperatingActivities,us-gaap,USD,2023-01-01,2023-12-31,84946000000.0,2025,FY,10-K,2026-02-06,0001018724-26-000004,CY2023
cfo,NetCashProvidedByUsedInOperatingActivities,us-gaap,USD,2023-04-01,2024-03-31,99147000000.0,2024,Q1,10-Q,2024-05-01,0001018724-24-000083,
cfo,NetCashProvidedByUsedInOperatingActivities,us-gaap,USD,2024-01-01,2024-03-31,18989000000.0,2024,Q1,10-Q,2024-05-01,0001018724-24-000083,
cfo,NetCashProvidedByUsedInOperatingActivities,us-gaap,USD,2023-04-01,2024-03-31,99147000000.0,2025,Q1,10-Q,2025-05-02,0001018724-25-000036,
cfo,NetCashProvidedByUsedInOperatingActivities,us-gaap,USD,2024-01-01,2024-03-31,18989000000.0,2025,Q1,10-Q,2025-05-02,0001018724-25-000036,CY2024Q1
cfo,NetCashProvidedByUsedInOperatingActivities,us-gaap,USD,2023-07-01,2024-06-30,107952000000.0,2024,Q2,10-Q,2024-08-02,0001018724-24-000130,
cfo,NetCashProvidedByUsedInOperatingActivities,us-gaap,USD,2024-01-01,2024-06-30,44270000000.0,2024,Q2,10-Q,2024-08-02,0001018724-24-000130,
cfo,NetCashProvidedByUsedInOperatingActivities,us-gaap,USD,2024-04-01,2024-06-30,25281000000.0,2024,Q2,10-Q,2024-08-02,0001018724-24-000130,
cfo,NetCashProvidedByUsedInOperatingActivities,us-gaap,USD,2023-07-01,2024-06-30,107952000000.0,2025,Q2,10-Q,2025-08-01,0001018724-25-000086,
cfo,NetCashProvidedByUsedInOperatingActivities,us-gaap,USD,2024-01-01,2024-06-30,44270000000.0,2025,Q2,10-Q,2025-08-01,0001018724-25-000086,
cfo,NetCashProvidedByUsedInOperatingActivities,us-gaap,USD,2024-04-01,2024-06-30,25281000000.0,2025,Q2,10-Q,2025-08-01,0001018724-25-000086,CY2024Q2
cfo,NetCashProvidedByUsedInOperatingActivities,us-gaap,USD,2023-10-01,2024-09-30,112706000000.0,2024,Q3,10-Q,2024-11-01,0001018724-24-000161,
cfo,NetCashProvidedByUsedInOperatingActivities,us-gaap,USD,2024-01-01,2024-09-30,70241000000.0,2024,Q3,10-Q,2024-11-01,0001018724-24-000161,
cfo,NetCashProvidedByUsedInOperatingActivities,us-gaap,USD,2024-07-01,2024-09-30,25971000000.0,2024,Q3,10-Q,2024-11-01,0001018724-24-000161,
cfo,NetCashProvidedByUsedInOperatingActivities,us-gaap,USD,2023-10-01,2024-09-30,112706000000.0,2025,Q3,10-Q,2025-10-31,0001018724-25-000123,
cfo,NetCashProvidedByUsedInOperatingActivities,us-gaap,USD,2024-01-01,2024-09-30,70241000000.0,2025,Q3,10-Q,2025-10-31,0001018724-25-000123,
cfo,NetCashProvidedByUsedInOperatingActivities,us-gaap,USD,2024-07-01,2024-09-30,25971000000.0,2025,Q3,10-Q,2025-10-31,0001018724-25-000123,CY2024Q3
cfo,NetCashProvidedByUsedInOperatingActivities,us-gaap,USD,2024-01-01,2024-12-31,115877000000.0,2024,FY,10-K,2025-02-07,0001018724-25-000004,
cfo,NetCashProvidedByUsedInOperatingActivities,us-gaap,USD,2024-01-01,2024-12-31,115877000000.0,2025,FY,10-K,2026-02-06,0001018724-26-000004,CY2024
cfo,NetCashProvidedByUsedInOperatingActivities,us-gaap,USD,2024-04-01,2025-03-31,113903000000.0,2025,Q1,10-Q,2025-05-02,0001018724-25-000036,
cfo,NetCashProvidedByUsedInOperatingActivities,us-gaap,USD,2025-01-01,2025-03-31,17015000000.0,2025,Q1,10-Q,2025-05-02,0001018724-25-000036,
cfo,NetCashProvidedByUsedInOperatingActivities,us-gaap,USD,2024-04-01,2025-03-31,113903000000.0,2026,Q1,10-Q,2026-04-30,0001018724-26-000014,
cfo,NetCashProvidedByUsedInOperatingActivities,us-gaap,USD,2025-01-01,2025-03-31,17015000000.0,2026,Q1,10-Q,2026-04-30,0001018724-26-000014,CY2025Q1
cfo,NetCashProvidedByUsedInOperatingActivities,us-gaap,USD,2024-07-01,2025-06-30,121137000000.0,2025,Q2,10-Q,2025-08-01,0001018724-25-000086,
cfo,NetCashProvidedByUsedInOperatingActivities,us-gaap,USD,2025-01-01,2025-06-30,49530000000.0,2025,Q2,10-Q,2025-08-01,0001018724-25-000086,
cfo,NetCashProvidedByUsedInOperatingActivities,us-gaap,USD,2025-04-01,2025-06-30,32515000000.0,2025,Q2,10-Q,2025-08-01,0001018724-25-000086,
cfo,NetCashProvidedByUsedInOperatingActivities,us-gaap,USD,2024-07-01,2025-06-30,121137000000.0,2026,Q2,10-Q,2026-07-31,0001018724-26-000026,
cfo,NetCashProvidedByUsedInOperatingActivities,us-gaap,USD,2025-01-01,2025-06-30,49530000000.0,2026,Q2,10-Q,2026-07-31,0001018724-26-000026,
cfo,NetCashProvidedByUsedInOperatingActivities,us-gaap,USD,2025-04-01,2025-06-30,32515000000.0,2026,Q2,10-Q,2026-07-31,0001018724-26-000026,CY2025Q2
cfo,NetCashProvidedByUsedInOperatingActivities,us-gaap,USD,2024-10-01,2025-09-30,130691000000.0,2025,Q3,10-Q,2025-10-31,0001018724-25-000123,
cfo,NetCashProvidedByUsedInOperatingActivities,us-gaap,USD,2025-01-01,2025-09-30,85055000000.0,2025,Q3,10-Q,2025-10-31,0001018724-25-000123,
cfo,NetCashProvidedByUsedInOperatingActivities,us-gaap,USD,2025-07-01,2025-09-30,35525000000.0,2025,Q3,10-Q,2025-10-31,0001018724-25-000123,CY2025Q3
cfo,NetCashProvidedByUsedInOperatingActivities,us-gaap,USD,2025-01-01,2025-12-31,139514000000.0,2025,FY,10-K,2026-02-06,0001018724-26-000004,CY2025
cfo,NetCashProvidedByUsedInOperatingActivities,us-gaap,USD,2025-04-01,2026-03-31,148531000000.0,2026,Q1,10-Q,2026-04-30,0001018724-26-000014,
cfo,NetCashProvidedByUsedInOperatingActivities,us-gaap,USD,2026-01-01,2026-03-31,26032000000.0,2026,Q1,10-Q,2026-04-30,0001018724-26-000014,CY2026Q1
cfo,NetCashProvidedByUsedInOperatingActivities,us-gaap,USD,2025-07-01,2026-06-30,161403000000.0,2026,Q2,10-Q,2026-07-31,0001018724-26-000026,CY2026
cfo,NetCashProvidedByUsedInOperatingActivities,us-gaap,USD,2026-01-01,2026-06-30,71419000000.0,2026,Q2,10-Q,2026-07-31,0001018724-26-000026,
cfo,NetCashProvidedByUsedInOperatingActivities,us-gaap,USD,2026-04-01,2026-06-30,45387000000.0,2026,Q2,10-Q,2026-07-31,0001018724-26-000026,CY2026Q2
cost_of_revenue,CostOfGoodsAndServicesSold,us-gaap,USD,2007-01-01,2007-12-31,11482000000.0,2009,FY,10-K,2010-01-29,0001193125-10-016098,CY2007
cost_of_revenue,CostOfGoodsAndServicesSold,us-gaap,USD,2008-01-01,2008-06-30,6275000000.0,2009,Q2,10-Q,2009-07-24,0001193125-09-154174,
cost_of_revenue,CostOfGoodsAndServicesSold,us-gaap,USD,2008-04-01,2008-06-30,3096000000.0,2009,Q2,10-Q,2009-07-24,0001193125-09-154174,CY2008Q2
cost_of_revenue,CostOfGoodsAndServicesSold,us-gaap,USD,2008-01-01,2008-09-30,9541000000.0,2009,Q3,10-Q,2009-10-23,0001193125-09-212134,
cost_of_revenue,CostOfGoodsAndServicesSold,us-gaap,USD,2008-07-01,2008-09-30,3265000000.0,2009,Q3,10-Q,2009-10-23,0001193125-09-212134,CY2008Q3
cost_of_revenue,CostOfGoodsAndServicesSold,us-gaap,USD,2008-01-01,2008-12-31,14896000000.0,2009,FY,10-K,2010-01-29,0001193125-10-016098,
cost_of_revenue,CostOfGoodsAndServicesSold,us-gaap,USD,2008-01-01,2008-12-31,14896000000.0,2010,FY,10-K,2011-01-28,0001193125-11-016253,CY2008
cost_of_revenue,CostOfGoodsAndServicesSold,us-gaap,USD,2009-01-01,2009-03-31,3741000000.0,2010,Q1,10-Q,2010-04-23,0001193125-10-090367,CY2009Q1
cost_of_revenue,CostOfGoodsAndServicesSold,us-gaap,USD,2009-01-01,2009-06-30,7260000000.0,2009,Q2,10-Q,2009-07-24,0001193125-09-154174,
cost_of_revenue,CostOfGoodsAndServicesSold,us-gaap,USD,2009-04-01,2009-06-30,3518000000.0,2009,Q2,10-Q,2009-07-24,0001193125-09-154174,
cost_of_revenue,CostOfGoodsAndServicesSold,us-gaap,USD,2009-01-01,2009-06-30,7260000000.0,2010,Q2,10-Q,2010-07-23,0001193125-10-164083,
cost_of_revenue,CostOfGoodsAndServicesSold,us-gaap,USD,2009-04-01,2009-06-30,3518000000.0,2010,Q2,10-Q,2010-07-23,0001193125-10-164083,CY2009Q2
cost_of_revenue,CostOfGoodsAndServicesSold,us-gaap,USD,2009-01-01,2009-09-30,11435000000.0,2009,Q3,10-Q,2009-10-23,0001193125-09-212134,
cost_of_revenue,CostOfGoodsAndServicesSold,us-gaap,USD,2009-07-01,2009-09-30,4176000000.0,2009,Q3,10-Q,2009-10-23,0001193125-09-212134,
cost_of_revenue,CostOfGoodsAndServicesSold,us-gaap,USD,2009-01-01,2009-09-30,11435000000.0,2010,Q3,10-Q,2010-10-22,0001193125-10-233883,
cost_of_revenue,CostOfGoodsAndServicesSold,us-gaap,USD,2009-07-01,2009-09-30,4176000000.0,2010,Q3,10-Q,2010-10-22,0001193125-10-233883,CY2009Q3
cost_of_revenue,CostOfGoodsAndServicesSold,us-gaap,USD,2009-01-01,2009-12-31,18978000000.0,2009,FY,10-K,2010-01-29,0001193125-10-016098,
cost_of_revenue,CostOfGoodsAndServicesSold,us-gaap,USD,2009-01-01,2009-12-31,18978000000.0,2010,FY,10-K,2011-01-28,0001193125-11-016253,
cost_of_revenue,CostOfGoodsAndServicesSold,us-gaap,USD,2009-01-01,2009-12-31,18978000000.0,2011,FY,10-K,2012-02-01,0001193125-12-032846,CY2009
cost_of_revenue,CostOfGoodsAndServicesSold,us-gaap,USD,2010-01-01,2010-03-31,5501000000.0,2010,Q1,10-Q,2010-04-23,0001193125-10-090367,
cost_of_revenue,CostOfGoodsAndServicesSold,us-gaap,USD,2010-01-01,2010-03-31,5501000000.0,2011,Q1,10-Q,2011-04-27,0001193125-11-110197,CY2010Q1
cost_of_revenue,CostOfGoodsAndServicesSold,us-gaap,USD,2010-01-01,2010-06-30,10458000000.0,2010,Q2,10-Q,2010-07-23,0001193125-10-164083,
cost_of_revenue,CostOfGoodsAndServicesSold,us-gaap,USD,2010-04-01,2010-06-30,4957000000.0,2010,Q2,10-Q,2010-07-23,0001193125-10-164083,
cost_of_revenue,CostOfGoodsAndServicesSold,us-gaap,USD,2010-01-01,2010-06-30,10458000000.0,2011,Q2,10-Q,2011-07-27,0001193125-11-197823,
cost_of_revenue,CostOfGoodsAndServicesSold,us-gaap,USD,2010-04-01,2010-06-30,4957000000.0,2011,Q2,10-Q,2011-07-27,0001193125-11-197823,CY2010Q2
cost_of_revenue,CostOfGoodsAndServicesSold,us-gaap,USD,2010-01-01,2010-09-30,16244000000.0,2010,Q3,10-Q,2010-10-22,0001193125-10-233883,
cost_of_revenue,CostOfGoodsAndServicesSold,us-gaap,USD,2010-07-01,2010-09-30,5786000000.0,2010,Q3,10-Q,2010-10-22,0001193125-10-233883,
cost_of_revenue,CostOfGoodsAndServicesSold,us-gaap,USD,2010-01-01,2010-09-30,16244000000.0,2011,Q3,10-Q,2011-10-26,0001193125-11-280739,
cost_of_revenue,CostOfGoodsAndServicesSold,us-gaap,USD,2010-07-01,2010-09-30,5786000000.0,2011,Q3,10-Q,2011-10-26,0001193125-11-280739,CY2010Q3
cost_of_revenue,CostOfGoodsAndServicesSold,us-gaap,USD,2010-01-01,2010-12-31,26561000000.0,2010,FY,10-K,2011-01-28,0001193125-11-016253,
cost_of_revenue,CostOfGoodsAndServicesSold,us-gaap,USD,2010-01-01,2010-12-31,26561000000.0,2011,FY,10-K,2012-02-01,0001193125-12-032846,
cost_of_revenue,CostOfGoodsAndServicesSold,us-gaap,USD,2010-01-01,2010-12-31,26561000000.0,2012,FY,10-K,2013-01-30,0001193125-13-028520,CY2010
cost_of_revenue,CostOfGoodsAndServicesSold,us-gaap,USD,2011-01-01,2011-03-31,7608000000.0,2011,Q1,10-Q,2011-04-27,0001193125-11-110197,
cost_of_revenue,CostOfGoodsAndServicesSold,us-gaap,USD,2011-01-01,2011-03-31,7608000000.0,2012,Q1,10-Q,2012-04-27,0001193125-12-187203,CY2011Q1
cost_of_revenue,CostOfGoodsAndServicesSold,us-gaap,USD,2011-01-01,2011-06-30,15133000000.0,2011,Q2,10-Q,2011-07-27,0001193125-11-197823,
cost_of_revenue,CostOfGoodsAndServicesSold,us-gaap,USD,2011-04-01,2011-06-30,7525000000.0,2011,Q2,10-Q,2011-07-27,0001193125-11-197823,
cost_of_revenue,CostOfGoodsAndServicesSold,us-gaap,USD,2011-01-01,2011-06-30,15133000000.0,2012,Q2,10-Q,2012-07-27,0001193125-12-317409,
cost_of_revenue,CostOfGoodsAndServicesSold,us-gaap,USD,2011-04-01,2011-06-30,7525000000.0,2012,Q2,10-Q,2012-07-27,0001193125-12-317409,CY2011Q2
cost_of_revenue,CostOfGoodsAndServicesSold,us-gaap,USD,2011-01-01,2011-09-30,23457000000.0,2011,Q3,10-Q,2011-10-26,0001193125-11-280739,
cost_of_revenue,CostOfGoodsAndServicesSold,us-gaap,USD,2011-07-01,2011-09-30,8325000000.0,2011,Q3,10-Q,2011-10-26,0001193125-11-280739,
cost_of_revenue,CostOfGoodsAndServicesSold,us-gaap,USD,2011-01-01,2011-09-30,23457000000.0,2012,Q3,10-Q,2012-10-26,0001193125-12-436012,
cost_of_revenue,CostOfGoodsAndServicesSold,us-gaap,USD,2011-07-01,2011-09-30,8325000000.0,2012,Q3,10-Q,2012-10-26,0001193125-12-436012,CY2011Q3
cost_of_revenue,CostOfGoodsAndServicesSold,us-gaap,USD,2011-01-01,2011-12-31,37288000000.0,2011,FY,10-K,2012-02-01,0001193125-12-032846,
cost_of_revenue,CostOfGoodsAndServicesSold,us-gaap,USD,2011-01-01,2011-12-31,37288000000.0,2012,FY,10-K,2013-01-30,0001193125-13-028520,
cost_of_revenue,CostOfGoodsAndServicesSold,us-gaap,USD,2011-01-01,2011-12-31,37288000000.0,2013,FY,10-K,2014-01-31,0001018724-14-000006,CY2011
cost_of_revenue,CostOfGoodsAndServicesSold,us-gaap,USD,2012-01-01,2012-03-31,10027000000.0,2012,Q1,10-Q,2012-04-27,0001193125-12-187203,
cost_of_revenue,CostOfGoodsAndServicesSold,us-gaap,USD,2012-01-01,2012-03-31,10027000000.0,2013,Q1,10-Q,2013-04-26,0001193125-13-174667,CY2012Q1
cost_of_revenue,CostOfGoodsAndServicesSold,us-gaap,USD,2012-01-01,2012-06-30,19515000000.0,2012,Q2,10-Q,2012-07-27,0001193125-12-317409,
cost_of_revenue,CostOfGoodsAndServicesSold,us-gaap,USD,2012-04-01,2012-06-30,9488000000.0,2012,Q2,10-Q,2012-07-27,0001193125-12-317409,
cost_of_revenue,CostOfGoodsAndServicesSold,us-gaap,USD,2012-01-01,2012-06-30,19515000000.0,2013,Q2,10-Q,2013-07-26,0001193125-13-303204,
cost_of_revenue,CostOfGoodsAndServicesSold,us-gaap,USD,2012-04-01,2012-06-30,9488000000.0,2013,Q2,10-Q,2013-07-26,0001193125-13-303204,CY2012Q2
cost_of_revenue,CostOfGoodsAndServicesSold,us-gaap,USD,2012-01-01,2012-09-30,29834000000.0,2012,Q3,10-Q,2012-10-26,0001193125-12-436012,
cost_of_revenue,CostOfGoodsAndServicesSold,us-gaap,USD,2012-07-01,2012-09-30,10319000000.0,2012,Q3,10-Q,2012-10-26,0001193125-12-436012,
cost_of_revenue,CostOfGoodsAndServicesSold,us-gaap,USD,2012-01-01,2012-09-30,29834000000.0,2013,Q3,10-Q,2013-10-25,0001445305-13-002495,
cost_of_revenue,CostOfGoodsAndServicesSold,us-gaap,USD,2012-07-01,2012-09-30,10319000000.0,2013,Q3,10-Q,2013-10-25,0001445305-13-002495,CY2012Q3
cost_of_revenue,CostOfGoodsAndServicesSold,us-gaap,USD,2012-01-01,2012-12-31,45971000000.0,2012,FY,10-K,2013-01-30,0001193125-13-028520,
cost_of_revenue,CostOfGoodsAndServicesSold,us-gaap,USD,2012-01-01,2012-12-31,45971000000.0,2013,FY,10-K,2014-01-31,0001018724-14-000006,
cost_of_revenue,CostOfGoodsAndServicesSold,us-gaap,USD,2012-01-01,2012-12-31,45971000000.0,2014,FY,10-K,2015-01-30,0001018724-15-000006,CY2012
cost_of_revenue,CostOfGoodsAndServicesSold,us-gaap,USD,2013-01-01,2013-03-31,11801000000.0,2013,Q1,10-Q,2013-04-26,0001193125-13-174667,
cost_of_revenue,CostOfGoodsAndServicesSold,us-gaap,USD,2013-01-01,2013-03-31,11801000000.0,2014,Q1,10-Q,2014-04-25,0001018724-14-000014,CY2013Q1
cost_of_revenue,CostOfGoodsAndServicesSold,us-gaap,USD,2013-01-01,2013-06-30,23010000000.0,2013,Q2,10-Q,2013-07-26,0001193125-13-303204,
cost_of_revenue,CostOfGoodsAndServicesSold,us-gaap,USD,2013-04-01,2013-06-30,11209000000.0,2013,Q2,10-Q,2013-07-26,0001193125-13-303204,
cost_of_revenue,CostOfGoodsAndServicesSold,us-gaap,USD,2013-01-01,2013-06-30,23010000000.0,2014,Q2,10-Q,2014-07-25,0001018724-14-000025,
cost_of_revenue,CostOfGoodsAndServicesSold,us-gaap,USD,2013-04-01,2013-06-30,11209000000.0,2014,Q2,10-Q,2014-07-25,0001018724-14-000025,CY2013Q2
cost_of_revenue,CostOfGoodsAndServicesSold,us-gaap,USD,2013-01-01,2013-09-30,35375000000.0,2013,Q3,10-Q,2013-10-25,0001445305-13-002495,
cost_of_revenue,CostOfGoodsAndServicesSold,us-gaap,USD,2013-07-01,2013-09-30,12366000000.0,2013,Q3,10-Q,2013-10-25,0001445305-13-002495,
cost_of_revenue,CostOfGoodsAndServicesSold,us-gaap,USD,2013-01-01,2013-09-30,35375000000.0,2014,Q3,10-Q,2014-10-24,0001018724-14-000055,
cost_of_revenue,CostOfGoodsAndServicesSold,us-gaap,USD,2013-07-01,2013-09-30,12366000000.0,2014,Q3,10-Q,2014-10-24,0001018724-14-000055,CY2013Q3
cost_of_revenue,CostOfGoodsAndServicesSold,us-gaap,USD,2013-01-01,2013-12-31,54181000000.0,2013,FY,10-K,2014-01-31,0001018724-14-000006,
cost_of_revenue,CostOfGoodsAndServicesSold,us-gaap,USD,2013-01-01,2013-12-31,54181000000.0,2014,FY,10-K,2015-01-30,0001018724-15-000006,
cost_of_revenue,CostOfGoodsAndServicesSold,us-gaap,USD,2013-01-01,2013-12-31,54181000000.0,2015,FY,10-K,2016-01-29,0001018724-16-000172,CY2013
cost_of_revenue,CostOfGoodsAndServicesSold,us-gaap,USD,2014-01-01,2014-03-31,14055000000.0,2014,Q1,10-Q,2014-04-25,0001018724-14-000014,
cost_of_revenue,CostOfGoodsAndServicesSold,us-gaap,USD,2014-01-01,2014-03-31,14055000000.0,2015,Q1,10-Q,2015-04-24,0001018724-15-000038,CY2014Q1
cost_of_revenue,CostOfGoodsAndServicesSold,us-gaap,USD,2014-01-01,2014-06-30,27453000000.0,2014,Q2,10-Q,2014-07-25,0001018724-14-000025,
cost_of_revenue,CostOfGoodsAndServicesSold,us-gaap,USD,2014-04-01,2014-06-30,13399000000.0,2014,Q2,10-Q,2014-07-25,0001018724-14-000025,
cost_of_revenue,CostOfGoodsAndServicesSold,us-gaap,USD,2014-01-01,2014-06-30,27453000000.0,2015,Q2,10-Q,2015-07-24,0001018724-15-000087,
cost_of_revenue,CostOfGoodsAndServicesSold,us-gaap,USD,2014-04-01,2014-06-30,13399000000.0,2015,Q2,10-Q,2015-07-24,0001018724-15-000087,CY2014Q2
cost_of_revenue,CostOfGoodsAndServicesSold,us-gaap,USD,2014-01-01,2014-09-30,42080000000.0,2014,Q3,10-Q,2014-10-24,0001018724-14-000055,
cost_of_revenue,CostOfGoodsAndServicesSold,us-gaap,USD,2014-07-01,2014-09-30,14627000000.0,2014,Q3,10-Q,2014-10-24,0001018724-14-000055,
cost_of_revenue,CostOfGoodsAndServicesSold,us-gaap,USD,2014-01-01,2014-09-30,42080000000.0,2015,Q3,10-Q,2015-10-23,0001018724-15-000126,
cost_of_revenue,CostOfGoodsAndServicesSold,us-gaap,USD,2014-07-01,2014-09-30,14627000000.0,2015,Q3,10-Q,2015-10-23,0001018724-15-000126,CY2014Q3
cost_of_revenue,CostOfGoodsAndServicesSold,us-gaap,USD,2014-01-01,2014-12-31,62752000000.0,2014,FY,10-K,2015-01-30,0001018724-15-000006,
cost_of_revenue,CostOfGoodsAndServicesSold,us-gaap,USD,2014-01-01,2014-12-31,62752000000.0,2015,FY,10-K,2016-01-29,0001018724-16-000172,
cost_of_revenue,CostOfGoodsAndServicesSold,us-gaap,USD,2014-01-01,2014-12-31,62752000000.0,2016,FY,10-K,2017-02-10,0001018724-17-000011,CY2014
cost_of_revenue,CostOfGoodsAndServicesSold,us-gaap,USD,2015-01-01,2015-03-31,15395000000.0,2015,Q1,10-Q,2015-04-24,0001018724-15-000038,
cost_of_revenue,CostOfGoodsAndServicesSold,us-gaap,USD,2015-01-01,2015-03-31,15395000000.0,2016,Q1,10-Q,2016-04-29,0001018724-16-000227,CY2015Q1
cost_of_revenue,CostOfGoodsAndServicesSold,us-gaap,USD,2015-01-01,2015-06-30,30555000000.0,2015,Q2,10-Q,2015-07-24,0001018724-15-000087,
cost_of_revenue,CostOfGoodsAndServicesSold,us-gaap,USD,2015-04-01,2015-06-30,15160000000.0,2015,Q2,10-Q,2015-07-24,0001018724-15-000087,
cost_of_revenue,CostOfGoodsAndServicesSold,us-gaap,USD,2015-01-01,2015-06-30,30555000000.0,2016,Q2,10-Q,2016-07-29,0001018724-16-000286,
cost_of_revenue,CostOfGoodsAndServicesSold,us-gaap,USD,2015-04-01,2015-06-30,15160000000.0,2016,Q2,10-Q,2016-07-29,0001018724-16-000286,CY2015Q2
cost_of_revenue,CostOfGoodsAndServicesSold,us-gaap,USD,2015-01-01,2015-09-30,47310000000.0,2015,Q3,10-Q,2015-10-23,0001018724-15-000126,
cost_of_revenue,CostOfGoodsAndServicesSold,us-gaap,USD,2015-07-01,2015-09-30,16755000000.0,2015,Q3,10-Q,2015-10-23,0001018724-15-000126,
cost_of_revenue,CostOfGoodsAndServicesSold,us-gaap,USD,2015-01-01,2015-09-30,47310000000.0,2016,Q3,10-Q,2016-10-28,0001018724-16-000324,
cost_of_revenue,CostOfGoodsAndServicesSold,us-gaap,USD,2015-07-01,2015-09-30,16755000000.0,2016,Q3,10-Q,2016-10-28,0001018724-16-000324,CY2015Q3
cost_of_revenue,CostOfGoodsAndServicesSold,us-gaap,USD,2015-01-01,2015-12-31,71651000000.0,2015,FY,10-K,2016-01-29,0001018724-16-000172,
cost_of_revenue,CostOfGoodsAndServicesSold,us-gaap,USD,2015-01-01,2015-12-31,71651000000.0,2016,FY,10-K,2017-02-10,0001018724-17-000011,
cost_of_revenue,CostOfGoodsAndServicesSold,us-gaap,USD,2015-01-01,2015-12-31,71651000000.0,2017,FY,10-K,2018-02-02,0001018724-18-000005,CY2015
cost_of_revenue,CostOfGoodsAndServicesSold,us-gaap,USD,2016-01-01,2016-03-31,18866000000.0,2016,Q1,10-Q,2016-04-29,0001018724-16-000227,
cost_of_revenue,CostOfGoodsAndServicesSold,us-gaap,USD,2016-01-01,2016-03-31,18866000000.0,2017,Q1,10-Q,2017-04-28,0001018724-17-000051,CY2016Q1
cost_of_revenue,CostOfGoodsAndServicesSold,us-gaap,USD,2016-01-01,2016-06-30,38047000000.0,2016,Q2,10-Q,2016-07-29,0001018724-16-000286,
cost_of_revenue,CostOfGoodsAndServicesSold,us-gaap,USD,2016-04-01,2016-06-30,19180000000.0,2016,Q2,10-Q,2016-07-29,0001018724-16-000286,
cost_of_revenue,CostOfGoodsAndServicesSold,us-gaap,USD,2016-01-01,2016-06-30,38047000000.0,2017,Q2,10-Q,2017-07-28,0001018724-17-000100,
cost_of_revenue,CostOfGoodsAndServicesSold,us-gaap,USD,2016-04-01,2016-06-30,19180000000.0,2017,Q2,10-Q,2017-07-28,0001018724-17-000100,CY2016Q2
cost_of_revenue,CostOfGoodsAndServicesSold,us-gaap,USD,2016-01-01,2016-09-30,59306000000.0,2016,Q3,10-Q,2016-10-28,0001018724-16-000324,
cost_of_revenue,CostOfGoodsAndServicesSold,us-gaap,USD,2016-07-01,2016-09-30,21260000000.0,2016,Q3,10-Q,2016-10-28,0001018724-16-000324,
cost_of_revenue,CostOfGoodsAndServicesSold,us-gaap,USD,2016-01-01,2016-09-30,59306000000.0,2017,Q3,10-Q,2017-10-27,0001018724-17-000135,
cost_of_revenue,CostOfGoodsAndServicesSold,us-gaap,USD,2016-07-01,2016-09-30,21260000000.0,2017,Q3,10-Q,2017-10-27,0001018724-17-000135,CY2016Q3
cost_of_revenue,CostOfGoodsAndServicesSold,us-gaap,USD,2016-01-01,2016-12-31,88265000000.0,2016,FY,10-K,2017-02-10,0001018724-17-000011,
cost_of_revenue,CostOfGoodsAndServicesSold,us-gaap,USD,2016-01-01,2016-12-31,88265000000.0,2017,FY,10-K,2018-02-02,0001018724-18-000005,
cost_of_revenue,CostOfGoodsAndServicesSold,us-gaap,USD,2016-01-01,2016-12-31,88265000000.0,2018,FY,10-K,2019-02-01,0001018724-19-000004,CY2016
cost_of_revenue,CostOfGoodsAndServicesSold,us-gaap,USD,2017-01-01,2017-03-31,22440000000.0,2017,Q1,10-Q,2017-04-28,0001018724-17-000051,
cost_of_revenue,CostOfGoodsAndServicesSold,us-gaap,USD,2017-01-01,2017-03-31,22440000000.0,2018,Q1,10-Q,2018-04-27,0001018724-18-000072,CY2017Q1
cost_of_revenue,CostOfGoodsAndServicesSold,us-gaap,USD,2017-01-01,2017-06-30,45891000000.0,2017,Q2,10-Q,2017-07-28,0001018724-17-000100,
cost_of_revenue,CostOfGoodsAndServicesSold,us-gaap,USD,2017-04-01,2017-06-30,23451000000.0,2017,Q2,10-Q,2017-07-28,0001018724-17-000100,
cost_of_revenue,CostOfGoodsAndServicesSold,us-gaap,USD,2017-01-01,2017-06-30,45891000000.0,2018,Q2,10-Q,2018-07-27,0001018724-18-000108,
cost_of_revenue,CostOfGoodsAndServicesSold,us-gaap,USD,2017-04-01,2017-06-30,23451000000.0,2018,Q2,10-Q,2018-07-27,0001018724-18-000108,CY2017Q2
cost_of_revenue,CostOfGoodsAndServicesSold,us-gaap,USD,2017-01-01,2017-09-30,73439000000.0,2017,Q3,10-Q,2017-10-27,0001018724-17-000135,
cost_of_revenue,CostOfGoodsAndServicesSold,us-gaap,USD,2017-07-01,2017-09-30,27549000000.0,2017,Q3,10-Q,2017-10-27,0001018724-17-000135,
cost_of_revenue,CostOfGoodsAndServicesSold,us-gaap,USD,2017-01-01,2017-09-30,73439000000.0,2018,Q3,10-Q,2018-10-26,0001018724-18-000159,
cost_of_revenue,CostOfGoodsAndServicesSold,us-gaap,USD,2017-07-01,2017-09-30,27549000000.0,2018,Q3,10-Q,2018-10-26,0001018724-18-000159,CY2017Q3
cost_of_revenue,CostOfGoodsAndServicesSold,us-gaap,USD,2017-01-01,2017-12-31,111934000000.0,2017,FY,10-K,2018-02-02,0001018724-18-000005,
cost_of_revenue,CostOfGoodsAndServicesSold,us-gaap,USD,2017-01-01,2017-12-31,111934000000.0,2018,FY,10-K,2019-02-01,0001018724-19-000004,
cost_of_revenue,CostOfGoodsAndServicesSold,us-gaap,USD,2017-01-01,2017-12-31,111934000000.0,2019,FY,10-K,2020-01-31,0001018724-20-000004,CY2017
cost_of_revenue,CostOfGoodsAndServicesSold,us-gaap,USD,2018-01-01,2018-03-31,30735000000.0,2018,Q1,10-Q,2018-04-27,0001018724-18-000072,
cost_of_revenue,CostOfGoodsAndServicesSold,us-gaap,USD,2018-01-01,2018-03-31,30735000000.0,2019,Q1,10-Q,2019-04-26,0001018724-19-000043,CY2018Q1
cost_of_revenue,CostOfGoodsAndServicesSold,us-gaap,USD,2018-01-01,2018-06-30,61367000000.0,2018,Q2,10-Q,2018-07-27,0001018724-18-000108,
cost_of_revenue,CostOfGoodsAndServicesSold,us-gaap,USD,2018-04-01,2018-06-30,30632000000.0,2018,Q2,10-Q,2018-07-27,0001018724-18-000108,
cost_of_revenue,CostOfGoodsAndServicesSold,us-gaap,USD,2018-01-01,2018-06-30,61367000000.0,2019,Q2,10-Q,2019-07-26,0001018724-19-000071,
cost_of_revenue,CostOfGoodsAndServicesSold,us-gaap,USD,2018-04-01,2018-06-30,30632000000.0,2019,Q2,10-Q,2019-07-26,0001018724-19-000071,CY2018Q2
cost_of_revenue,CostOfGoodsAndServicesSold,us-gaap,USD,2018-01-01,2018-09-30,94370000000.0,2018,Q3,10-Q,2018-10-26,0001018724-18-000159,
cost_of_revenue,CostOfGoodsAndServicesSold,us-gaap,USD,2018-07-01,2018-09-30,33003000000.0,2018,Q3,10-Q,2018-10-26,0001018724-18-000159,
cost_of_revenue,CostOfGoodsAndServicesSold,us-gaap,USD,2018-01-01,2018-09-30,94370000000.0,2019,Q3,10-Q,2019-10-25,0001018724-19-000089,
cost_of_revenue,CostOfGoodsAndServicesSold,us-gaap,USD,2018-07-01,2018-09-30,33003000000.0,2019,Q3,10-Q,2019-10-25,0001018724-19-000089,CY2018Q3
cost_of_revenue,CostOfGoodsAndServicesSold,us-gaap,USD,2018-01-01,2018-12-31,139156000000.0,2018,FY,10-K,2019-02-01,0001018724-19-000004,
cost_of_revenue,CostOfGoodsAndServicesSold,us-gaap,USD,2018-01-01,2018-12-31,139156000000.0,2019,FY,10-K,2020-01-31,0001018724-20-000004,
cost_of_revenue,CostOfGoodsAndServicesSold,us-gaap,USD,2018-01-01,2018-12-31,139156000000.0,2020,FY,10-K,2021-02-03,0001018724-21-000004,CY2018
cost_of_revenue,CostOfGoodsAndServicesSold,us-gaap,USD,2019-01-01,2019-03-31,33920000000.0,2019,Q1,10-Q,2019-04-26,0001018724-19-000043,
cost_of_revenue,CostOfGoodsAndServicesSold,us-gaap,USD,2019-01-01,2019-03-31,33920000000.0,2020,Q1,10-Q,2020-05-01,0001018724-20-000010,CY2019Q1
cost_of_revenue,CostOfGoodsAndServicesSold,us-gaap,USD,2019-01-01,2019-06-30,70257000000.0,2019,Q2,10-Q,2019-07-26,0001018724-19-000071,
cost_of_revenue,CostOfGoodsAndServicesSold,us-gaap,USD,2019-04-01,2019-06-30,36337000000.0,2019,Q2,10-Q,2019-07-26,0001018724-19-000071,
cost_of_revenue,CostOfGoodsAndServicesSold,us-gaap,USD,2019-01-01,2019-06-30,70257000000.0,2020,Q2,10-Q,2020-07-31,0001018724-20-000021,
cost_of_revenue,CostOfGoodsAndServicesSold,us-gaap,USD,2019-04-01,2019-06-30,36337000000.0,2020,Q2,10-Q,2020-07-31,0001018724-20-000021,CY2019Q2
cost_of_revenue,CostOfGoodsAndServicesSold,us-gaap,USD,2019-01-01,2019-09-30,111559000000.0,2019,Q3,10-Q,2019-10-25,0001018724-19-000089,
cost_of_revenue,CostOfGoodsAndServicesSold,us-gaap,USD,2019-07-01,2019-09-30,41302000000.0,2019,Q3,10-Q,2019-10-25,0001018724-19-000089,
cost_of_revenue,CostOfGoodsAndServicesSold,us-gaap,USD,2019-01-01,2019-09-30,111559000000.0,2020,Q3,10-Q,2020-10-30,0001018724-20-000030,
cost_of_revenue,CostOfGoodsAndServicesSold,us-gaap,USD,2019-07-01,2019-09-30,41302000000.0,2020,Q3,10-Q,2020-10-30,0001018724-20-000030,CY2019Q3
cost_of_revenue,CostOfGoodsAndServicesSold,us-gaap,USD,2019-01-01,2019-12-31,165536000000.0,2019,FY,10-K,2020-01-31,0001018724-20-000004,
cost_of_revenue,CostOfGoodsAndServicesSold,us-gaap,USD,2019-01-01,2019-12-31,165536000000.0,2020,FY,10-K,2021-02-03,0001018724-21-000004,
cost_of_revenue,CostOfGoodsAndServicesSold,us-gaap,USD,2019-01-01,2019-12-31,165536000000.0,2021,FY,10-K,2022-02-04,0001018724-22-000005,CY2019
cost_of_revenue,CostOfGoodsAndServicesSold,us-gaap,USD,2020-01-01,2020-03-31,44257000000.0,2020,Q1,10-Q,2020-05-01,0001018724-20-000010,
cost_of_revenue,CostOfGoodsAndServicesSold,us-gaap,USD,2020-01-01,2020-03-31,44257000000.0,2021,Q1,10-Q,2021-04-30,0001018724-21-000010,CY2020Q1
cost_of_revenue,CostOfGoodsAndServicesSold,us-gaap,USD,2020-01-01,2020-06-30,96917000000.0,2020,Q2,10-Q,2020-07-31,0001018724-20-000021,
cost_of_revenue,CostOfGoodsAndServicesSold,us-gaap,USD,2020-04-01,2020-06-30,52660000000.0,2020,Q2,10-Q,2020-07-31,0001018724-20-000021,
cost_of_revenue,CostOfGoodsAndServicesSold,us-gaap,USD,2020-01-01,2020-06-30,96917000000.0,2021,Q2,10-Q,2021-07-30,0001018724-21-000020,
cost_of_revenue,CostOfGoodsAndServicesSold,us-gaap,USD,2020-04-01,2020-06-30,52660000000.0,2021,Q2,10-Q,2021-07-30,0001018724-21-000020,CY2020Q2
cost_of_revenue,CostOfGoodsAndServicesSold,us-gaap,USD,2020-01-01,2020-09-30,154023000000.0,2020,Q3,10-Q,2020-10-30,0001018724-20-000030,
cost_of_revenue,CostOfGoodsAndServicesSold,us-gaap,USD,2020-07-01,2020-09-30,57106000000.0,2020,Q3,10-Q,2020-10-30,0001018724-20-000030,
cost_of_revenue,CostOfGoodsAndServicesSold,us-gaap,USD,2020-01-01,2020-09-30,154023000000.0,2021,Q3,10-Q,2021-10-29,0001018724-21-000028,
cost_of_revenue,CostOfGoodsAndServicesSold,us-gaap,USD,2020-07-01,2020-09-30,57106000000.0,2021,Q3,10-Q,2021-10-29,0001018724-21-000028,CY2020Q3
cost_of_revenue,CostOfGoodsAndServicesSold,us-gaap,USD,2020-01-01,2020-12-31,233307000000.0,2020,FY,10-K,2021-02-03,0001018724-21-000004,
cost_of_revenue,CostOfGoodsAndServicesSold,us-gaap,USD,2020-01-01,2020-12-31,233307000000.0,2021,FY,10-K,2022-02-04,0001018724-22-000005,
cost_of_revenue,CostOfGoodsAndServicesSold,us-gaap,USD,2020-01-01,2020-12-31,233307000000.0,2022,FY,10-K,2023-02-03,0001018724-23-000004,CY2020
cost_of_revenue,CostOfGoodsAndServicesSold,us-gaap,USD,2021-01-01,2021-03-31,62403000000.0,2021,Q1,10-Q,2021-04-30,0001018724-21-000010,
cost_of_revenue,CostOfGoodsAndServicesSold,us-gaap,USD,2021-01-01,2021-03-31,62403000000.0,2022,Q1,10-Q,2022-04-29,0001018724-22-000013,CY2021Q1
cost_of_revenue,CostOfGoodsAndServicesSold,us-gaap,USD,2021-01-01,2021-06-30,126579000000.0,2021,Q2,10-Q,2021-07-30,0001018724-21-000020,
cost_of_revenue,CostOfGoodsAndServicesSold,us-gaap,USD,2021-04-01,2021-06-30,64176000000.0,2021,Q2,10-Q,2021-07-30,0001018724-21-000020,
cost_of_revenue,CostOfGoodsAndServicesSold,us-gaap,USD,2021-01-01,2021-06-30,126579000000.0,2022,Q2,10-Q,2022-07-29,0001018724-22-000019,
cost_of_revenue,CostOfGoodsAndServicesSold,us-gaap,USD,2021-04-01,2021-06-30,64176000000.0,2022,Q2,10-Q,2022-07-29,0001018724-22-000019,CY2021Q2
cost_of_revenue,CostOfGoodsAndServicesSold,us-gaap,USD,2021-01-01,2021-09-30,189509000000.0,2021,Q3,10-Q,2021-10-29,0001018724-21-000028,
cost_of_revenue,CostOfGoodsAndServicesSold,us-gaap,USD,2021-07-01,2021-09-30,62930000000.0,2021,Q3,10-Q,2021-10-29,0001018724-21-000028,
cost_of_revenue,CostOfGoodsAndServicesSold,us-gaap,USD,2021-01-01,2021-09-30,189509000000.0,2022,Q3,10-Q,2022-10-28,0001018724-22-000023,
cost_of_revenue,CostOfGoodsAndServicesSold,us-gaap,USD,2021-07-01,2021-09-30,62930000000.0,2022,Q3,10-Q,2022-10-28,0001018724-22-000023,CY2021Q3
cost_of_revenue,CostOfGoodsAndServicesSold,us-gaap,USD,2021-01-01,2021-12-31,272344000000.0,2021,FY,10-K,2022-02-04,0001018724-22-000005,
cost_of_revenue,CostOfGoodsAndServicesSold,us-gaap,USD,2021-01-01,2021-12-31,272344000000.0,2022,FY,10-K,2023-02-03,0001018724-23-000004,
cost_of_revenue,CostOfGoodsAndServicesSold,us-gaap,USD,2021-01-01,2021-12-31,272344000000.0,2023,FY,10-K,2024-02-02,0001018724-24-000008,CY2021
cost_of_revenue,CostOfGoodsAndServicesSold,us-gaap,USD,2022-01-01,2022-03-31,66499000000.0,2022,Q1,10-Q,2022-04-29,0001018724-22-000013,
cost_of_revenue,CostOfGoodsAndServicesSold,us-gaap,USD,2022-01-01,2022-03-31,66499000000.0,2023,Q1,10-Q,2023-04-28,0001018724-23-000008,CY2022Q1
cost_of_revenue,CostOfGoodsAndServicesSold,us-gaap,USD,2022-01-01,2022-06-30,132923000000.0,2022,Q2,10-Q,2022-07-29,0001018724-22-000019,
cost_of_revenue,CostOfGoodsAndServicesSold,us-gaap,USD,2022-04-01,2022-06-30,66424000000.0,2022,Q2,10-Q,2022-07-29,0001018724-22-000019,
cost_of_revenue,CostOfGoodsAndServicesSold,us-gaap,USD,2022-01-01,2022-06-30,132923000000.0,2023,Q2,10-Q,2023-08-04,0001018724-23-000012,
cost_of_revenue,CostOfGoodsAndServicesSold,us-gaap,USD,2022-04-01,2022-06-30,66424000000.0,2023,Q2,10-Q,2023-08-04,0001018724-23-000012,CY2022Q2
cost_of_revenue,CostOfGoodsAndServicesSold,us-gaap,USD,2022-01-01,2022-09-30,203191000000.0,2022,Q3,10-Q,2022-10-28,0001018724-22-000023,
cost_of_revenue,CostOfGoodsAndServicesSold,us-gaap,USD,2022-07-01,2022-09-30,70268000000.0,2022,Q3,10-Q,2022-10-28,0001018724-22-000023,
cost_of_revenue,CostOfGoodsAndServicesSold,us-gaap,USD,2022-01-01,2022-09-30,203191000000.0,2023,Q3,10-Q,2023-10-27,0001018724-23-000018,
cost_of_revenue,CostOfGoodsAndServicesSold,us-gaap,USD,2022-07-01,2022-09-30,70268000000.0,2023,Q3,10-Q,2023-10-27,0001018724-23-000018,CY2022Q3
cost_of_revenue,CostOfGoodsAndServicesSold,us-gaap,USD,2022-01-01,2022-12-31,288831000000.0,2022,FY,10-K,2023-02-03,0001018724-23-000004,
cost_of_revenue,CostOfGoodsAndServicesSold,us-gaap,USD,2022-01-01,2022-12-31,288831000000.0,2023,FY,10-K,2024-02-02,0001018724-24-000008,
cost_of_revenue,CostOfGoodsAndServicesSold,us-gaap,USD,2022-01-01,2022-12-31,288831000000.0,2024,FY,10-K,2025-02-07,0001018724-25-000004,CY2022
cost_of_revenue,CostOfGoodsAndServicesSold,us-gaap,USD,2023-01-01,2023-03-31,67791000000.0,2023,Q1,10-Q,2023-04-28,0001018724-23-000008,
cost_of_revenue,CostOfGoodsAndServicesSold,us-gaap,USD,2023-01-01,2023-03-31,67791000000.0,2024,Q1,10-Q,2024-05-01,0001018724-24-000083,CY2023Q1
cost_of_revenue,CostOfGoodsAndServicesSold,us-gaap,USD,2023-01-01,2023-06-30,137164000000.0,2023,Q2,10-Q,2023-08-04,0001018724-23-000012,
cost_of_revenue,CostOfGoodsAndServicesSold,us-gaap,USD,2023-04-01,2023-06-30,69373000000.0,2023,Q2,10-Q,2023-08-04,0001018724-23-000012,
cost_of_revenue,CostOfGoodsAndServicesSold,us-gaap,USD,2023-01-01,2023-06-30,137164000000.0,2024,Q2,10-Q,2024-08-02,0001018724-24-000130,
cost_of_revenue,CostOfGoodsAndServicesSold,us-gaap,USD,2023-04-01,2023-06-30,69373000000.0,2024,Q2,10-Q,2024-08-02,0001018724-24-000130,CY2023Q2
cost_of_revenue,CostOfGoodsAndServicesSold,us-gaap,USD,2023-01-01,2023-09-30,212186000000.0,2023,Q3,10-Q,2023-10-27,0001018724-23-000018,
cost_of_revenue,CostOfGoodsAndServicesSold,us-gaap,USD,2023-07-01,2023-09-30,75022000000.0,2023,Q3,10-Q,2023-10-27,0001018724-23-000018,
cost_of_revenue,CostOfGoodsAndServicesSold,us-gaap,USD,2023-01-01,2023-09-30,212186000000.0,2024,Q3,10-Q,2024-11-01,0001018724-24-000161,
cost_of_revenue,CostOfGoodsAndServicesSold,us-gaap,USD,2023-07-01,2023-09-30,75022000000.0,2024,Q3,10-Q,2024-11-01,0001018724-24-000161,CY2023Q3
cost_of_revenue,CostOfGoodsAndServicesSold,us-gaap,USD,2023-01-01,2023-12-31,304739000000.0,2023,FY,10-K,2024-02-02,0001018724-24-000008,
cost_of_revenue,CostOfGoodsAndServicesSold,us-gaap,USD,2023-01-01,2023-12-31,304739000000.0,2024,FY,10-K,2025-02-07,0001018724-25-000004,
cost_of_revenue,CostOfGoodsAndServicesSold,us-gaap,USD,2023-01-01,2023-12-31,304739000000.0,2025,FY,10-K,2026-02-06,0001018724-26-000004,CY2023
cost_of_revenue,CostOfGoodsAndServicesSold,us-gaap,USD,2024-01-01,2024-03-31,72633000000.0,2024,Q1,10-Q,2024-05-01,0001018724-24-000083,
cost_of_revenue,CostOfGoodsAndServicesSold,us-gaap,USD,2024-01-01,2024-03-31,72633000000.0,2025,Q1,10-Q,2025-05-02,0001018724-25-000036,CY2024Q1
cost_of_revenue,CostOfGoodsAndServicesSold,us-gaap,USD,2024-01-01,2024-06-30,146418000000.0,2024,Q2,10-Q,2024-08-02,0001018724-24-000130,
cost_of_revenue,CostOfGoodsAndServicesSold,us-gaap,USD,2024-04-01,2024-06-30,73785000000.0,2024,Q2,10-Q,2024-08-02,0001018724-24-000130,
cost_of_revenue,CostOfGoodsAndServicesSold,us-gaap,USD,2024-01-01,2024-06-30,146418000000.0,2025,Q2,10-Q,2025-08-01,0001018724-25-000086,
cost_of_revenue,CostOfGoodsAndServicesSold,us-gaap,USD,2024-04-01,2024-06-30,73785000000.0,2025,Q2,10-Q,2025-08-01,0001018724-25-000086,CY2024Q2
cost_of_revenue,CostOfGoodsAndServicesSold,us-gaap,USD,2024-01-01,2024-09-30,227395000000.0,2024,Q3,10-Q,2024-11-01,0001018724-24-000161,
cost_of_revenue,CostOfGoodsAndServicesSold,us-gaap,USD,2024-07-01,2024-09-30,80977000000.0,2024,Q3,10-Q,2024-11-01,0001018724-24-000161,
cost_of_revenue,CostOfGoodsAndServicesSold,us-gaap,USD,2024-01-01,2024-09-30,227395000000.0,2025,Q3,10-Q,2025-10-31,0001018724-25-000123,
cost_of_revenue,CostOfGoodsAndServicesSold,us-gaap,USD,2024-07-01,2024-09-30,80977000000.0,2025,Q3,10-Q,2025-10-31,0001018724-25-000123,CY2024Q3
cost_of_revenue,CostOfGoodsAndServicesSold,us-gaap,USD,2024-01-01,2024-12-31,326288000000.0,2024,FY,10-K,2025-02-07,0001018724-25-000004,
cost_of_revenue,CostOfGoodsAndServicesSold,us-gaap,USD,2024-01-01,2024-12-31,326288000000.0,2025,FY,10-K,2026-02-06,0001018724-26-000004,CY2024
cost_of_revenue,CostOfGoodsAndServicesSold,us-gaap,USD,2025-01-01,2025-03-31,76976000000.0,2025,Q1,10-Q,2025-05-02,0001018724-25-000036,
cost_of_revenue,CostOfGoodsAndServicesSold,us-gaap,USD,2025-01-01,2025-03-31,76976000000.0,2026,Q1,10-Q,2026-04-30,0001018724-26-000014,CY2025Q1
cost_of_revenue,CostOfGoodsAndServicesSold,us-gaap,USD,2025-01-01,2025-06-30,157785000000.0,2025,Q2,10-Q,2025-08-01,0001018724-25-000086,
cost_of_revenue,CostOfGoodsAndServicesSold,us-gaap,USD,2025-04-01,2025-06-30,80809000000.0,2025,Q2,10-Q,2025-08-01,0001018724-25-000086,
cost_of_revenue,CostOfGoodsAndServicesSold,us-gaap,USD,2025-01-01,2025-06-30,157785000000.0,2026,Q2,10-Q,2026-07-31,0001018724-26-000026,
cost_of_revenue,CostOfGoodsAndServicesSold,us-gaap,USD,2025-04-01,2025-06-30,80809000000.0,2026,Q2,10-Q,2026-07-31,0001018724-26-000026,CY2025Q2
cost_of_revenue,CostOfGoodsAndServicesSold,us-gaap,USD,2025-01-01,2025-09-30,246455000000.0,2025,Q3,10-Q,2025-10-31,0001018724-25-000123,
cost_of_revenue,CostOfGoodsAndServicesSold,us-gaap,USD,2025-07-01,2025-09-30,88670000000.0,2025,Q3,10-Q,2025-10-31,0001018724-25-000123,CY2025Q3
cost_of_revenue,CostOfGoodsAndServicesSold,us-gaap,USD,2025-01-01,2025-12-31,356414000000.0,2025,FY,10-K,2026-02-06,0001018724-26-000004,CY2025
cost_of_revenue,CostOfGoodsAndServicesSold,us-gaap,USD,2026-01-01,2026-03-31,87463000000.0,2026,Q1,10-Q,2026-04-30,0001018724-26-000014,CY2026Q1
cost_of_revenue,CostOfGoodsAndServicesSold,us-gaap,USD,2026-01-01,2026-06-30,183241000000.0,2026,Q2,10-Q,2026-07-31,0001018724-26-000026,
cost_of_revenue,CostOfGoodsAndServicesSold,us-gaap,USD,2026-04-01,2026-06-30,95778000000.0,2026,Q2,10-Q,2026-07-31,0001018724-26-000026,CY2026Q2
d_and_a,DepreciationDepletionAndAmortization,us-gaap,USD,2008-01-01,2008-12-31,311000000.0,2010,FY,10-K,2011-01-28,0001193125-11-016253,CY2008
d_and_a,DepreciationDepletionAndAmortization,us-gaap,USD,2009-01-01,2009-12-31,384000000.0,2010,FY,10-K,2011-01-28,0001193125-11-016253,
d_and_a,DepreciationDepletionAndAmortization,us-gaap,USD,2009-01-01,2009-12-31,384000000.0,2011,FY,10-K,2012-02-01,0001193125-12-032846,CY2009
d_and_a,DepreciationDepletionAndAmortization,us-gaap,USD,2010-01-01,2010-12-31,552000000.0,2010,FY,10-K,2011-01-28,0001193125-11-016253,
d_and_a,DepreciationDepletionAndAmortization,us-gaap,USD,2010-01-01,2010-12-31,552000000.0,2011,FY,10-K,2012-02-01,0001193125-12-032846,
d_and_a,DepreciationDepletionAndAmortization,us-gaap,USD,2010-01-01,2010-12-31,552000000.0,2012,FY,10-K,2013-01-30,0001193125-13-028520,CY2010
d_and_a,DepreciationDepletionAndAmortization,us-gaap,USD,2011-01-01,2011-12-31,1034000000.0,2011,FY,10-K,2012-02-01,0001193125-12-032846,
d_and_a,DepreciationDepletionAndAmortization,us-gaap,USD,2011-01-01,2011-12-31,1034000000.0,2012,FY,10-K,2013-01-30,0001193125-13-028520,
d_and_a,DepreciationDepletionAndAmortization,us-gaap,USD,2011-01-01,2011-12-31,1034000000.0,2013,FY,10-K,2014-01-31,0001018724-14-000006,CY2011
d_and_a,DepreciationDepletionAndAmortization,us-gaap,USD,2012-01-01,2012-12-31,1653000000.0,2012,FY,10-K,2013-01-30,0001193125-13-028520,
d_and_a,DepreciationDepletionAndAmortization,us-gaap,USD,2012-01-01,2012-12-31,1653000000.0,2013,FY,10-K,2014-01-31,0001018724-14-000006,
d_and_a,DepreciationDepletionAndAmortization,us-gaap,USD,2012-01-01,2012-12-31,1653000000.0,2014,FY,10-K,2015-01-30,0001018724-15-000006,CY2012
d_and_a,DepreciationDepletionAndAmortization,us-gaap,USD,2013-01-01,2013-12-31,2460000000.0,2013,FY,10-K,2014-01-31,0001018724-14-000006,
d_and_a,DepreciationDepletionAndAmortization,us-gaap,USD,2013-01-01,2013-12-31,2460000000.0,2014,FY,10-K,2015-01-30,0001018724-15-000006,
d_and_a,DepreciationDepletionAndAmortization,us-gaap,USD,2013-01-01,2013-12-31,2460000000.0,2015,FY,10-K,2016-01-29,0001018724-16-000172,CY2013
d_and_a,DepreciationDepletionAndAmortization,us-gaap,USD,2014-01-01,2014-12-31,3616000000.0,2014,FY,10-K,2015-01-30,0001018724-15-000006,
d_and_a,DepreciationDepletionAndAmortization,us-gaap,USD,2014-01-01,2014-12-31,3616000000.0,2015,FY,10-K,2016-01-29,0001018724-16-000172,
d_and_a,DepreciationDepletionAndAmortization,us-gaap,USD,2014-01-01,2014-12-31,3616000000.0,2016,FY,10-K,2017-02-10,0001018724-17-000011,CY2014
d_and_a,DepreciationDepletionAndAmortization,us-gaap,USD,2015-01-01,2015-12-31,4949000000.0,2015,FY,10-K,2016-01-29,0001018724-16-000172,
d_and_a,DepreciationDepletionAndAmortization,us-gaap,USD,2015-01-01,2015-12-31,4949000000.0,2016,FY,10-K,2017-02-10,0001018724-17-000011,
d_and_a,DepreciationDepletionAndAmortization,us-gaap,USD,2015-01-01,2015-12-31,6281000000.0,2017,FY,10-K,2018-02-02,0001018724-18-000005,CY2015
d_and_a,DepreciationDepletionAndAmortization,us-gaap,USD,2015-07-01,2016-06-30,7087000000.0,2017,Q2,10-Q,2017-07-28,0001018724-17-000100,
d_and_a,DepreciationDepletionAndAmortization,us-gaap,USD,2016-01-01,2016-06-30,3736000000.0,2017,Q2,10-Q,2017-07-28,0001018724-17-000100,
d_and_a,DepreciationDepletionAndAmortization,us-gaap,USD,2016-04-01,2016-06-30,1909000000.0,2017,Q2,10-Q,2017-07-28,0001018724-17-000100,CY2016Q2
d_and_a,DepreciationDepletionAndAmortization,us-gaap,USD,2015-10-01,2016-09-30,7572000000.0,2017,Q3,10-Q,2017-10-27,0001018724-17-000135,
d_and_a,DepreciationDepletionAndAmortization,us-gaap,USD,2016-01-01,2016-09-30,5819000000.0,2017,Q3,10-Q,2017-10-27,0001018724-17-000135,
d_and_a,DepreciationDepletionAndAmortization,us-gaap,USD,2016-07-01,2016-09-30,2084000000.0,2017,Q3,10-Q,2017-10-27,0001018724-17-000135,CY2016Q3
d_and_a,DepreciationDepletionAndAmortization,us-gaap,USD,2016-01-01,2016-12-31,6362000000.0,2016,FY,10-K,2017-02-10,0001018724-17-000011,
d_and_a,DepreciationDepletionAndAmortization,us-gaap,USD,2016-01-01,2016-12-31,8116000000.0,2017,FY,10-K,2018-02-02,0001018724-18-000005,
d_and_a,DepreciationDepletionAndAmortization,us-gaap,USD,2016-01-01,2016-12-31,8116000000.0,2018,FY,10-K,2019-02-01,0001018724-19-000004,CY2016
d_and_a,DepreciationDepletionAndAmortization,us-gaap,USD,2016-04-01,2017-03-31,8725000000.0,2018,Q1,10-Q,2018-04-27,0001018724-18-000072,
d_and_a,DepreciationDepletionAndAmortization,us-gaap,USD,2017-01-01,2017-03-31,2435000000.0,2018,Q1,10-Q,2018-04-27,0001018724-18-000072,CY2017Q1
d_and_a,DepreciationDepletionAndAmortization,us-gaap,USD,2016-07-01,2017-06-30,9448000000.0,2017,Q2,10-Q,2017-07-28,0001018724-17-000100,
d_and_a,DepreciationDepletionAndAmortization,us-gaap,USD,2017-01-01,2017-06-30,5068000000.0,2017,Q2,10-Q,2017-07-28,0001018724-17-000100,
d_and_a,DepreciationDepletionAndAmortization,us-gaap,USD,2017-04-01,2017-06-30,2633000000.0,2017,Q2,10-Q,2017-07-28,0001018724-17-000100,
d_and_a,DepreciationDepletionAndAmortization,us-gaap,USD,2016-07-01,2017-06-30,9448000000.0,2018,Q2,10-Q,2018-07-27,0001018724-18-000108,
d_and_a,DepreciationDepletionAndAmortization,us-gaap,USD,2017-01-01,2017-06-30,5068000000.0,2018,Q2,10-Q,2018-07-27,0001018724-18-000108,
d_and_a,DepreciationDepletionAndAmortization,us-gaap,USD,2017-04-01,2017-06-30,2633000000.0,2018,Q2,10-Q,2018-07-27,0001018724-18-000108,CY2017Q2
d_and_a,DepreciationDepletionAndAmortization,us-gaap,USD,2016-10-01,2017-09-30,10277000000.0,2017,Q3,10-Q,2017-10-27,0001018724-17-000135,
d_and_a,DepreciationDepletionAndAmortization,us-gaap,USD,2017-01-01,2017-09-30,7980000000.0,2017,Q3,10-Q,2017-10-27,0001018724-17-000135,
d_and_a,DepreciationDepletionAndAmortization,us-gaap,USD,2017-07-01,2017-09-30,2912000000.0,2017,Q3,10-Q,2017-10-27,0001018724-17-000135,
d_and_a,DepreciationDepletionAndAmortization,us-gaap,USD,2016-10-01,2017-09-30,10277000000.0,2018,Q3,10-Q,2018-10-26,0001018724-18-000159,
d_and_a,DepreciationDepletionAndAmortization,us-gaap,USD,2017-01-01,2017-09-30,7980000000.0,2018,Q3,10-Q,2018-10-26,0001018724-18-000159,
d_and_a,DepreciationDepletionAndAmortization,us-gaap,USD,2017-07-01,2017-09-30,2912000000.0,2018,Q3,10-Q,2018-10-26,0001018724-18-000159,CY2017Q3
d_and_a,DepreciationDepletionAndAmortization,us-gaap,USD,2017-01-01,2017-12-31,11478000000.0,2017,FY,10-K,2018-02-02,0001018724-18-000005,
d_and_a,DepreciationDepletionAndAmortization,us-gaap,USD,2017-01-01,2017-12-31,11478000000.0,2018,FY,10-K,2019-02-01,0001018724-19-000004,
d_and_a,DepreciationDepletionAndAmortization,us-gaap,USD,2017-01-01,2017-12-31,11478000000.0,2019,FY,10-K,2020-01-31,0001018724-20-000004,CY2017
d_and_a,DepreciationDepletionAndAmortization,us-gaap,USD,2017-04-01,2018-03-31,12714000000.0,2018,Q1,10-Q,2018-04-27,0001018724-18-000072,
d_and_a,DepreciationDepletionAndAmortization,us-gaap,USD,2018-01-01,2018-03-31,3671000000.0,2018,Q1,10-Q,2018-04-27,0001018724-18-000072,
d_and_a,DepreciationDepletionAndAmortization,us-gaap,USD,2017-04-01,2018-03-31,12714000000.0,2019,Q1,10-Q,2019-04-26,0001018724-19-000043,
d_and_a,DepreciationDepletionAndAmortization,us-gaap,USD,2018-01-01,2018-03-31,3671000000.0,2019,Q1,10-Q,2019-04-26,0001018724-19-000043,CY2018Q1
d_and_a,DepreciationDepletionAndAmortization,us-gaap,USD,2017-07-01,2018-06-30,13711000000.0,2018,Q2,10-Q,2018-07-27,0001018724-18-000108,
d_and_a,DepreciationDepletionAndAmortization,us-gaap,USD,2018-01-01,2018-06-30,7301000000.0,2018,Q2,10-Q,2018-07-27,0001018724-18-000108,
d_and_a,DepreciationDepletionAndAmortization,us-gaap,USD,2018-04-01,2018-06-30,3630000000.0,2018,Q2,10-Q,2018-07-27,0001018724-18-000108,
d_and_a,DepreciationDepletionAndAmortization,us-gaap,USD,2017-07-01,2018-06-30,13711000000.0,2019,Q2,10-Q,2019-07-26,0001018724-19-000071,
d_and_a,DepreciationDepletionAndAmortization,us-gaap,USD,2018-01-01,2018-06-30,7301000000.0,2019,Q2,10-Q,2019-07-26,0001018724-19-000071,
d_and_a,DepreciationDepletionAndAmortization,us-gaap,USD,2018-04-01,2018-06-30,3630000000.0,2019,Q2,10-Q,2019-07-26,0001018724-19-000071,CY2018Q2
d_and_a,DepreciationDepletionAndAmortization,us-gaap,USD,2017-10-01,2018-09-30,14577000000.0,2018,Q3,10-Q,2018-10-26,0001018724-18-000159,
d_and_a,DepreciationDepletionAndAmortization,us-gaap,USD,2018-01-01,2018-09-30,11079000000.0,2018,Q3,10-Q,2018-10-26,0001018724-18-000159,
d_and_a,DepreciationDepletionAndAmortization,us-gaap,USD,2018-07-01,2018-09-30,3778000000.0,2018,Q3,10-Q,2018-10-26,0001018724-18-000159,
d_and_a,DepreciationDepletionAndAmortization,us-gaap,USD,2017-10-01,2018-09-30,14577000000.0,2019,Q3,10-Q,2019-10-25,0001018724-19-000089,
d_and_a,DepreciationDepletionAndAmortization,us-gaap,USD,2018-01-01,2018-09-30,11079000000.0,2019,Q3,10-Q,2019-10-25,0001018724-19-000089,
d_and_a,DepreciationDepletionAndAmortization,us-gaap,USD,2018-07-01,2018-09-30,3778000000.0,2019,Q3,10-Q,2019-10-25,0001018724-19-000089,CY2018Q3
d_and_a,DepreciationDepletionAndAmortization,us-gaap,USD,2018-01-01,2018-12-31,15341000000.0,2018,FY,10-K,2019-02-01,0001018724-19-000004,
d_and_a,DepreciationDepletionAndAmortization,us-gaap,USD,2018-01-01,2018-12-31,15341000000.0,2019,FY,10-K,2020-01-31,0001018724-20-000004,
d_and_a,DepreciationDepletionAndAmortization,us-gaap,USD,2018-01-01,2018-12-31,15341000000.0,2020,FY,10-K,2021-02-03,0001018724-21-000004,CY2018
d_and_a,DepreciationDepletionAndAmortization,us-gaap,USD,2018-04-01,2019-03-31,16524000000.0,2019,Q1,10-Q,2019-04-26,0001018724-19-000043,
d_and_a,DepreciationDepletionAndAmortization,us-gaap,USD,2019-01-01,2019-03-31,4854000000.0,2019,Q1,10-Q,2019-04-26,0001018724-19-000043,
d_and_a,DepreciationDepletionAndAmortization,us-gaap,USD,2018-04-01,2019-03-31,16524000000.0,2020,Q1,10-Q,2020-05-01,0001018724-20-000010,
d_and_a,DepreciationDepletionAndAmortization,us-gaap,USD,2019-01-01,2019-03-31,4854000000.0,2020,Q1,10-Q,2020-05-01,0001018724-20-000010,CY2019Q1
d_and_a,DepreciationDepletionAndAmortization,us-gaap,USD,2018-07-01,2019-06-30,18097000000.0,2019,Q2,10-Q,2019-07-26,0001018724-19-000071,
d_and_a,DepreciationDepletionAndAmortization,us-gaap,USD,2019-01-01,2019-06-30,10056000000.0,2019,Q2,10-Q,2019-07-26,0001018724-19-000071,
d_and_a,DepreciationDepletionAndAmortization,us-gaap,USD,2019-04-01,2019-06-30,5202000000.0,2019,Q2,10-Q,2019-07-26,0001018724-19-000071,
d_and_a,DepreciationDepletionAndAmortization,us-gaap,USD,2018-07-01,2019-06-30,18097000000.0,2020,Q2,10-Q,2020-07-31,0001018724-20-000021,
d_and_a,DepreciationDepletionAndAmortization,us-gaap,USD,2019-01-01,2019-06-30,10056000000.0,2020,Q2,10-Q,2020-07-31,0001018724-20-000021,
d_and_a,DepreciationDepletionAndAmortization,us-gaap,USD,2019-04-01,2019-06-30,5202000000.0,2020,Q2,10-Q,2020-07-31,0001018724-20-000021,CY2019Q2
d_and_a,DepreciationDepletionAndAmortization,us-gaap,USD,2018-10-01,2019-09-30,19881000000.0,2019,Q3,10-Q,2019-10-25,0001018724-19-000089,
d_and_a,DepreciationDepletionAndAmortization,us-gaap,USD,2019-01-01,2019-09-30,15619000000.0,2019,Q3,10-Q,2019-10-25,0001018724-19-000089,
d_and_a,DepreciationDepletionAndAmortization,us-gaap,USD,2019-07-01,2019-09-30,5563000000.0,2019,Q3,10-Q,2019-10-25,0001018724-19-000089,
d_and_a,DepreciationDepletionAndAmortization,us-gaap,USD,2018-10-01,2019-09-30,19881000000.0,2020,Q3,10-Q,2020-10-30,0001018724-20-000030,
d_and_a,DepreciationDepletionAndAmortization,us-gaap,USD,2019-01-01,2019-09-30,15619000000.0,2020,Q3,10-Q,2020-10-30,0001018724-20-000030,
d_and_a,DepreciationDepletionAndAmortization,us-gaap,USD,2019-07-01,2019-09-30,5563000000.0,2020,Q3,10-Q,2020-10-30,0001018724-20-000030,CY2019Q3
d_and_a,DepreciationDepletionAndAmortization,us-gaap,USD,2019-01-01,2019-12-31,21789000000.0,2019,FY,10-K,2020-01-31,0001018724-20-000004,
d_and_a,DepreciationDepletionAndAmortization,us-gaap,USD,2019-01-01,2019-12-31,21789000000.0,2020,FY,10-K,2021-02-03,0001018724-21-000004,
d_and_a,DepreciationDepletionAndAmortization,us-gaap,USD,2019-01-01,2019-12-31,21789000000.0,2021,FY,10-K,2022-02-04,0001018724-22-000005,CY2019
d_and_a,DepreciationDepletionAndAmortization,us-gaap,USD,2019-04-01,2020-03-31,22297000000.0,2020,Q1,10-Q,2020-05-01,0001018724-20-000010,
d_and_a,DepreciationDepletionAndAmortization,us-gaap,USD,2020-01-01,2020-03-31,5362000000.0,2020,Q1,10-Q,2020-05-01,0001018724-20-000010,
d_and_a,DepreciationDepletionAndAmortization,us-gaap,USD,2019-04-01,2020-03-31,22297000000.0,2021,Q1,10-Q,2021-04-30,0001018724-21-000010,
d_and_a,DepreciationDepletionAndAmortization,us-gaap,USD,2020-01-01,2020-03-31,5362000000.0,2021,Q1,10-Q,2021-04-30,0001018724-21-000010,CY2020Q1
d_and_a,DepreciationDepletionAndAmortization,us-gaap,USD,2019-07-01,2020-06-30,22843000000.0,2020,Q2,10-Q,2020-07-31,0001018724-20-000021,
d_and_a,DepreciationDepletionAndAmortization,us-gaap,USD,2020-01-01,2020-06-30,11110000000.0,2020,Q2,10-Q,2020-07-31,0001018724-20-000021,
d_and_a,DepreciationDepletionAndAmortization,us-gaap,USD,2020-04-01,2020-06-30,5748000000.0,2020,Q2,10-Q,2020-07-31,0001018724-20-000021,
d_and_a,DepreciationDepletionAndAmortization,us-gaap,USD,2019-07-01,2020-06-30,22843000000.0,2021,Q2,10-Q,2021-07-30,0001018724-21-000020,
d_and_a,DepreciationDepletionAndAmortization,us-gaap,USD,2020-01-01,2020-06-30,11110000000.0,2021,Q2,10-Q,2021-07-30,0001018724-21-000020,
d_and_a,DepreciationDepletionAndAmortization,us-gaap,USD,2020-04-01,2020-06-30,5748000000.0,2021,Q2,10-Q,2021-07-30,0001018724-21-000020,CY2020Q2
d_and_a,DepreciationDepletionAndAmortization,us-gaap,USD,2019-10-01,2020-09-30,23803000000.0,2020,Q3,10-Q,2020-10-30,0001018724-20-000030,
d_and_a,DepreciationDepletionAndAmortization,us-gaap,USD,2020-01-01,2020-09-30,17633000000.0,2020,Q3,10-Q,2020-10-30,0001018724-20-000030,
d_and_a,DepreciationDepletionAndAmortization,us-gaap,USD,2020-07-01,2020-09-30,6523000000.0,2020,Q3,10-Q,2020-10-30,0001018724-20-000030,
d_and_a,DepreciationDepletionAndAmortization,us-gaap,USD,2019-10-01,2020-09-30,23803000000.0,2021,Q3,10-Q,2021-10-29,0001018724-21-000028,
d_and_a,DepreciationDepletionAndAmortization,us-gaap,USD,2020-01-01,2020-09-30,17633000000.0,2021,Q3,10-Q,2021-10-29,0001018724-21-000028,
d_and_a,DepreciationDepletionAndAmortization,us-gaap,USD,2020-07-01,2020-09-30,6523000000.0,2021,Q3,10-Q,2021-10-29,0001018724-21-000028,CY2020Q3
d_and_a,DepreciationDepletionAndAmortization,us-gaap,USD,2020-01-01,2020-12-31,25251000000.0,2020,FY,10-K,2021-02-03,0001018724-21-000004,
d_and_a,DepreciationDepletionAndAmortization,us-gaap,USD,2020-01-01,2020-12-31,25251000000.0,2021,FY,10-K,2022-02-04,0001018724-22-000005,
d_and_a,DepreciationDepletionAndAmortization,us-gaap,USD,2020-01-01,2020-12-31,25180000000.0,2022,FY,10-K,2023-02-03,0001018724-23-000004,CY2020
d_and_a,DepreciationDepletionAndAmortization,us-gaap,USD,2020-04-01,2021-03-31,27397000000.0,2021,Q1,10-Q,2021-04-30,0001018724-21-000010,
d_and_a,DepreciationDepletionAndAmortization,us-gaap,USD,2021-01-01,2021-03-31,7508000000.0,2021,Q1,10-Q,2021-04-30,0001018724-21-000010,
d_and_a,DepreciationDepletionAndAmortization,us-gaap,USD,2020-04-01,2021-03-31,27397000000.0,2022,Q1,10-Q,2022-04-29,0001018724-22-000013,
d_and_a,DepreciationDepletionAndAmortization,us-gaap,USD,2021-01-01,2021-03-31,7508000000.0,2022,Q1,10-Q,2022-04-29,0001018724-22-000013,CY2021Q1
d_and_a,DepreciationDepletionAndAmortization,us-gaap,USD,2020-07-01,2021-06-30,29687000000.0,2021,Q2,10-Q,2021-07-30,0001018724-21-000020,
d_and_a,DepreciationDepletionAndAmortization,us-gaap,USD,2021-01-01,2021-06-30,15546000000.0,2021,Q2,10-Q,2021-07-30,0001018724-21-000020,
d_and_a,DepreciationDepletionAndAmortization,us-gaap,USD,2021-04-01,2021-06-30,8038000000.0,2021,Q2,10-Q,2021-07-30,0001018724-21-000020,
d_and_a,DepreciationDepletionAndAmortization,us-gaap,USD,2020-07-01,2021-06-30,29687000000.0,2022,Q2,10-Q,2022-07-29,0001018724-22-000019,
d_and_a,DepreciationDepletionAndAmortization,us-gaap,USD,2021-01-01,2021-06-30,15546000000.0,2022,Q2,10-Q,2022-07-29,0001018724-22-000019,
d_and_a,DepreciationDepletionAndAmortization,us-gaap,USD,2021-04-01,2021-06-30,8038000000.0,2022,Q2,10-Q,2022-07-29,0001018724-22-000019,CY2021Q2
d_and_a,DepreciationDepletionAndAmortization,us-gaap,USD,2020-10-01,2021-09-30,32112000000.0,2021,Q3,10-Q,2021-10-29,0001018724-21-000028,
d_and_a,DepreciationDepletionAndAmortization,us-gaap,USD,2021-01-01,2021-09-30,24494000000.0,2021,Q3,10-Q,2021-10-29,0001018724-21-000028,
d_and_a,DepreciationDepletionAndAmortization,us-gaap,USD,2021-07-01,2021-09-30,8948000000.0,2021,Q3,10-Q,2021-10-29,0001018724-21-000028,
d_and_a,DepreciationDepletionAndAmortization,us-gaap,USD,2020-10-01,2021-09-30,32112000000.0,2022,Q3,10-Q,2022-10-28,0001018724-22-000023,
d_and_a,DepreciationDepletionAndAmortization,us-gaap,USD,2021-01-01,2021-09-30,24494000000.0,2022,Q3,10-Q,2022-10-28,0001018724-22-000023,
d_and_a,DepreciationDepletionAndAmortization,us-gaap,USD,2021-07-01,2021-09-30,8948000000.0,2022,Q3,10-Q,2022-10-28,0001018724-22-000023,CY2021Q3
d_and_a,DepreciationDepletionAndAmortization,us-gaap,USD,2021-01-01,2021-12-31,34296000000.0,2021,FY,10-K,2022-02-04,0001018724-22-000005,
d_and_a,DepreciationDepletionAndAmortization,us-gaap,USD,2021-01-01,2021-12-31,34433000000.0,2022,FY,10-K,2023-02-03,0001018724-23-000004,
d_and_a,DepreciationDepletionAndAmortization,us-gaap,USD,2021-01-01,2021-12-31,34433000000.0,2023,FY,10-K,2024-02-02,0001018724-24-000008,CY2021
d_and_a,DepreciationDepletionAndAmortization,us-gaap,USD,2021-04-01,2022-03-31,35766000000.0,2022,Q1,10-Q,2022-04-29,0001018724-22-000013,
d_and_a,DepreciationDepletionAndAmortization,us-gaap,USD,2022-01-01,2022-03-31,8978000000.0,2022,Q1,10-Q,2022-04-29,0001018724-22-000013,
d_and_a,DepreciationDepletionAndAmortization,us-gaap,USD,2021-04-01,2022-03-31,36088000000.0,2023,Q1,10-Q,2023-04-28,0001018724-23-000008,
d_and_a,DepreciationDepletionAndAmortization,us-gaap,USD,2022-01-01,2022-03-31,9193000000.0,2023,Q1,10-Q,2023-04-28,0001018724-23-000008,CY2022Q1
d_and_a,DepreciationDepletionAndAmortization,us-gaap,USD,2021-07-01,2022-06-30,37322000000.0,2022,Q2,10-Q,2022-07-29,0001018724-22-000019,
d_and_a,DepreciationDepletionAndAmortization,us-gaap,USD,2022-01-01,2022-06-30,18572000000.0,2022,Q2,10-Q,2022-07-29,0001018724-22-000019,
d_and_a,DepreciationDepletionAndAmortization,us-gaap,USD,2022-04-01,2022-06-30,9594000000.0,2022,Q2,10-Q,2022-07-29,0001018724-22-000019,
d_and_a,DepreciationDepletionAndAmortization,us-gaap,USD,2021-07-01,2022-06-30,37748000000.0,2023,Q2,10-Q,2023-08-04,0001018724-23-000012,
d_and_a,DepreciationDepletionAndAmortization,us-gaap,USD,2022-01-01,2022-06-30,18909000000.0,2023,Q2,10-Q,2023-08-04,0001018724-23-000012,
d_and_a,DepreciationDepletionAndAmortization,us-gaap,USD,2022-04-01,2022-06-30,9716000000.0,2023,Q2,10-Q,2023-08-04,0001018724-23-000012,CY2022Q2
d_and_a,DepreciationDepletionAndAmortization,us-gaap,USD,2021-10-01,2022-09-30,38578000000.0,2022,Q3,10-Q,2022-10-28,0001018724-22-000023,
d_and_a,DepreciationDepletionAndAmortization,us-gaap,USD,2022-01-01,2022-09-30,28776000000.0,2022,Q3,10-Q,2022-10-28,0001018724-22-000023,
d_and_a,DepreciationDepletionAndAmortization,us-gaap,USD,2022-07-01,2022-09-30,10204000000.0,2022,Q3,10-Q,2022-10-28,0001018724-22-000023,
d_and_a,DepreciationDepletionAndAmortization,us-gaap,USD,2021-10-01,2022-09-30,39103000000.0,2023,Q3,10-Q,2023-10-27,0001018724-23-000018,
d_and_a,DepreciationDepletionAndAmortization,us-gaap,USD,2022-01-01,2022-09-30,29236000000.0,2023,Q3,10-Q,2023-10-27,0001018724-23-000018,
d_and_a,DepreciationDepletionAndAmortization,us-gaap,USD,2022-07-01,2022-09-30,10327000000.0,2023,Q3,10-Q,2023-10-27,0001018724-23-000018,CY2022Q3
d_and_a,DepreciationDepletionAndAmortization,us-gaap,USD,2022-01-01,2022-12-31,41921000000.0,2022,FY,10-K,2023-02-03,0001018724-23-000004,
d_and_a,DepreciationDepletionAndAmortization,us-gaap,USD,2022-01-01,2022-12-31,41921000000.0,2023,FY,10-K,2024-02-02,0001018724-24-000008,
d_and_a,DepreciationDepletionAndAmortization,us-gaap,USD,2022-01-01,2022-12-31,41921000000.0,2024,FY,10-K,2025-02-07,0001018724-25-000004,CY2022
d_and_a,DepreciationDepletionAndAmortization,us-gaap,USD,2022-04-01,2023-03-31,43851000000.0,2023,Q1,10-Q,2023-04-28,0001018724-23-000008,
d_and_a,DepreciationDepletionAndAmortization,us-gaap,USD,2023-01-01,2023-03-31,11123000000.0,2023,Q1,10-Q,2023-04-28,0001018724-23-000008,
d_and_a,DepreciationDepletionAndAmortization,us-gaap,USD,2022-04-01,2023-03-31,43851000000.0,2024,Q1,10-Q,2024-05-01,0001018724-24-000083,
d_and_a,DepreciationDepletionAndAmortization,us-gaap,USD,2023-01-01,2023-03-31,11123000000.0,2024,Q1,10-Q,2024-05-01,0001018724-24-000083,CY2023Q1
d_and_a,DepreciationDepletionAndAmortization,us-gaap,USD,2022-07-01,2023-06-30,45724000000.0,2023,Q2,10-Q,2023-08-04,0001018724-23-000012,
d_and_a,DepreciationDepletionAndAmortization,us-gaap,USD,2023-01-01,2023-06-30,22712000000.0,2023,Q2,10-Q,2023-08-04,0001018724-23-000012,
d_and_a,DepreciationDepletionAndAmortization,us-gaap,USD,2023-04-01,2023-06-30,11589000000.0,2023,Q2,10-Q,2023-08-04,0001018724-23-000012,
d_and_a,DepreciationDepletionAndAmortization,us-gaap,USD,2022-07-01,2023-06-30,45724000000.0,2024,Q2,10-Q,2024-08-02,0001018724-24-000130,
d_and_a,DepreciationDepletionAndAmortization,us-gaap,USD,2023-01-01,2023-06-30,22712000000.0,2024,Q2,10-Q,2024-08-02,0001018724-24-000130,
d_and_a,DepreciationDepletionAndAmortization,us-gaap,USD,2023-04-01,2023-06-30,11589000000.0,2024,Q2,10-Q,2024-08-02,0001018724-24-000130,CY2023Q2
d_and_a,DepreciationDepletionAndAmortization,us-gaap,USD,2022-10-01,2023-09-30,47528000000.0,2023,Q3,10-Q,2023-10-27,0001018724-23-000018,
d_and_a,DepreciationDepletionAndAmortization,us-gaap,USD,2023-01-01,2023-09-30,34843000000.0,2023,Q3,10-Q,2023-10-27,0001018724-23-000018,
d_and_a,DepreciationDepletionAndAmortization,us-gaap,USD,2023-07-01,2023-09-30,12131000000.0,2023,Q3,10-Q,2023-10-27,0001018724-23-000018,
d_and_a,DepreciationDepletionAndAmortization,us-gaap,USD,2022-10-01,2023-09-30,47528000000.0,2024,Q3,10-Q,2024-11-01,0001018724-24-000161,
d_and_a,DepreciationDepletionAndAmortization,us-gaap,USD,2023-01-01,2023-09-30,34843000000.0,2024,Q3,10-Q,2024-11-01,0001018724-24-000161,
d_and_a,DepreciationDepletionAndAmortization,us-gaap,USD,2023-07-01,2023-09-30,12131000000.0,2024,Q3,10-Q,2024-11-01,0001018724-24-000161,CY2023Q3
d_and_a,DepreciationDepletionAndAmortization,us-gaap,USD,2023-01-01,2023-12-31,48663000000.0,2023,FY,10-K,2024-02-02,0001018724-24-000008,
d_and_a,DepreciationDepletionAndAmortization,us-gaap,USD,2023-01-01,2023-12-31,48663000000.0,2024,FY,10-K,2025-02-07,0001018724-25-000004,
d_and_a,DepreciationDepletionAndAmortization,us-gaap,USD,2023-01-01,2023-12-31,48663000000.0,2025,FY,10-K,2026-02-06,0001018724-26-000004,CY2023
d_and_a,DepreciationDepletionAndAmortization,us-gaap,USD,2023-04-01,2024-03-31,49224000000.0,2024,Q1,10-Q,2024-05-01,0001018724-24-000083,
d_and_a,DepreciationDepletionAndAmortization,us-gaap,USD,2024-01-01,2024-03-31,11684000000.0,2024,Q1,10-Q,2024-05-01,0001018724-24-000083,
d_and_a,DepreciationDepletionAndAmortization,us-gaap,USD,2023-04-01,2024-03-31,49224000000.0,2025,Q1,10-Q,2025-05-02,0001018724-25-000036,
d_and_a,DepreciationDepletionAndAmortization,us-gaap,USD,2024-01-01,2024-03-31,11684000000.0,2025,Q1,10-Q,2025-05-02,0001018724-25-000036,CY2024Q1
d_and_a,DepreciationDepletionAndAmortization,us-gaap,USD,2023-07-01,2024-06-30,49673000000.0,2024,Q2,10-Q,2024-08-02,0001018724-24-000130,
d_and_a,DepreciationDepletionAndAmortization,us-gaap,USD,2024-01-01,2024-06-30,23722000000.0,2024,Q2,10-Q,2024-08-02,0001018724-24-000130,
d_and_a,DepreciationDepletionAndAmortization,us-gaap,USD,2024-04-01,2024-06-30,12038000000.0,2024,Q2,10-Q,2024-08-02,0001018724-24-000130,
d_and_a,DepreciationDepletionAndAmortization,us-gaap,USD,2023-07-01,2024-06-30,49673000000.0,2025,Q2,10-Q,2025-08-01,0001018724-25-000086,
d_and_a,DepreciationDepletionAndAmortization,us-gaap,USD,2024-01-01,2024-06-30,23722000000.0,2025,Q2,10-Q,2025-08-01,0001018724-25-000086,
d_and_a,DepreciationDepletionAndAmortization,us-gaap,USD,2024-04-01,2024-06-30,12038000000.0,2025,Q2,10-Q,2025-08-01,0001018724-25-000086,CY2024Q2
d_and_a,DepreciationDepletionAndAmortization,us-gaap,USD,2023-10-01,2024-09-30,50984000000.0,2024,Q3,10-Q,2024-11-01,0001018724-24-000161,
d_and_a,DepreciationDepletionAndAmortization,us-gaap,USD,2024-01-01,2024-09-30,37164000000.0,2024,Q3,10-Q,2024-11-01,0001018724-24-000161,
d_and_a,DepreciationDepletionAndAmortization,us-gaap,USD,2024-07-01,2024-09-30,13442000000.0,2024,Q3,10-Q,2024-11-01,0001018724-24-000161,
d_and_a,DepreciationDepletionAndAmortization,us-gaap,USD,2023-10-01,2024-09-30,50984000000.0,2025,Q3,10-Q,2025-10-31,0001018724-25-000123,
d_and_a,DepreciationDepletionAndAmortization,us-gaap,USD,2024-01-01,2024-09-30,37164000000.0,2025,Q3,10-Q,2025-10-31,0001018724-25-000123,
d_and_a,DepreciationDepletionAndAmortization,us-gaap,USD,2024-07-01,2024-09-30,13442000000.0,2025,Q3,10-Q,2025-10-31,0001018724-25-000123,CY2024Q3
d_and_a,DepreciationDepletionAndAmortization,us-gaap,USD,2024-01-01,2024-12-31,52795000000.0,2024,FY,10-K,2025-02-07,0001018724-25-000004,
d_and_a,DepreciationDepletionAndAmortization,us-gaap,USD,2024-01-01,2024-12-31,52795000000.0,2025,FY,10-K,2026-02-06,0001018724-26-000004,CY2024
d_and_a,DepreciationDepletionAndAmortization,us-gaap,USD,2024-04-01,2025-03-31,55373000000.0,2025,Q1,10-Q,2025-05-02,0001018724-25-000036,
d_and_a,DepreciationDepletionAndAmortization,us-gaap,USD,2025-01-01,2025-03-31,14262000000.0,2025,Q1,10-Q,2025-05-02,0001018724-25-000036,
d_and_a,DepreciationDepletionAndAmortization,us-gaap,USD,2024-04-01,2025-03-31,55373000000.0,2026,Q1,10-Q,2026-04-30,0001018724-26-000014,
d_and_a,DepreciationDepletionAndAmortization,us-gaap,USD,2025-01-01,2025-03-31,14262000000.0,2026,Q1,10-Q,2026-04-30,0001018724-26-000014,CY2025Q1
d_and_a,DepreciationDepletionAndAmortization,us-gaap,USD,2024-07-01,2025-06-30,58562000000.0,2025,Q2,10-Q,2025-08-01,0001018724-25-000086,
d_and_a,DepreciationDepletionAndAmortization,us-gaap,USD,2025-01-01,2025-06-30,29489000000.0,2025,Q2,10-Q,2025-08-01,0001018724-25-000086,
d_and_a,DepreciationDepletionAndAmortization,us-gaap,USD,2025-04-01,2025-06-30,15227000000.0,2025,Q2,10-Q,2025-08-01,0001018724-25-000086,
d_and_a,DepreciationDepletionAndAmortization,us-gaap,USD,2024-07-01,2025-06-30,58562000000.0,2026,Q2,10-Q,2026-07-31,0001018724-26-000026,
d_and_a,DepreciationDepletionAndAmortization,us-gaap,USD,2025-01-01,2025-06-30,29489000000.0,2026,Q2,10-Q,2026-07-31,0001018724-26-000026,
d_and_a,DepreciationDepletionAndAmortization,us-gaap,USD,2025-04-01,2025-06-30,15227000000.0,2026,Q2,10-Q,2026-07-31,0001018724-26-000026,CY2025Q2
d_and_a,DepreciationDepletionAndAmortization,us-gaap,USD,2024-10-01,2025-09-30,61916000000.0,2025,Q3,10-Q,2025-10-31,0001018724-25-000123,
d_and_a,DepreciationDepletionAndAmortization,us-gaap,USD,2025-01-01,2025-09-30,46285000000.0,2025,Q3,10-Q,2025-10-31,0001018724-25-000123,
d_and_a,DepreciationDepletionAndAmortization,us-gaap,USD,2025-07-01,2025-09-30,16796000000.0,2025,Q3,10-Q,2025-10-31,0001018724-25-000123,CY2025Q3
d_and_a,DepreciationDepletionAndAmortization,us-gaap,USD,2025-01-01,2025-12-31,65756000000.0,2025,FY,10-K,2026-02-06,0001018724-26-000004,CY2025
d_and_a,DepreciationDepletionAndAmortization,us-gaap,USD,2025-04-01,2026-03-31,70439000000.0,2026,Q1,10-Q,2026-04-30,0001018724-26-000014,
d_and_a,DepreciationDepletionAndAmortization,us-gaap,USD,2026-01-01,2026-03-31,18945000000.0,2026,Q1,10-Q,2026-04-30,0001018724-26-000014,CY2026Q1
d_and_a,DepreciationDepletionAndAmortization,us-gaap,USD,2025-07-01,2026-06-30,75200000000.0,2026,Q2,10-Q,2026-07-31,0001018724-26-000026,CY2026
d_and_a,DepreciationDepletionAndAmortization,us-gaap,USD,2026-01-01,2026-06-30,38933000000.0,2026,Q2,10-Q,2026-07-31,0001018724-26-000026,
d_and_a,DepreciationDepletionAndAmortization,us-gaap,USD,2026-04-01,2026-06-30,19988000000.0,2026,Q2,10-Q,2026-07-31,0001018724-26-000026,CY2026Q2
debt_principal,DebtInstrumentCarryingAmount,us-gaap,USD,,2012-12-31,3112000000.0,2013,Q2,10-Q,2013-07-26,0001193125-13-303204,
debt_principal,DebtInstrumentCarryingAmount,us-gaap,USD,,2012-12-31,3112000000.0,2013,Q3,10-Q,2013-10-25,0001445305-13-002495,
debt_principal,DebtInstrumentCarryingAmount,us-gaap,USD,,2012-12-31,3112000000.0,2013,FY,10-K,2014-01-31,0001018724-14-000006,CY2012Q4I
debt_principal,DebtInstrumentCarryingAmount,us-gaap,USD,,2013-06-30,3067000000.0,2013,Q2,10-Q,2013-07-26,0001193125-13-303204,CY2013Q2I
debt_principal,DebtInstrumentCarryingAmount,us-gaap,USD,,2013-09-30,3067000000.0,2013,Q3,10-Q,2013-10-25,0001445305-13-002495,CY2013Q3I
debt_principal,DebtInstrumentCarryingAmount,us-gaap,USD,,2013-12-31,3214000000.0,2013,FY,10-K,2014-01-31,0001018724-14-000006,
debt_principal,DebtInstrumentCarryingAmount,us-gaap,USD,,2013-12-31,3214000000.0,2014,Q1,10-Q,2014-04-25,0001018724-14-000014,
debt_principal,DebtInstrumentCarryingAmount,us-gaap,USD,,2013-12-31,3214000000.0,2014,Q2,10-Q,2014-07-25,0001018724-14-000025,
debt_principal,DebtInstrumentCarryingAmount,us-gaap,USD,,2013-12-31,3214000000.0,2014,Q3,10-Q,2014-10-24,0001018724-14-000055,
debt_principal,DebtInstrumentCarryingAmount,us-gaap,USD,,2013-12-31,3214000000.0,2014,FY,10-K,2015-01-30,0001018724-15-000006,CY2013Q4I
debt_principal,DebtInstrumentCarryingAmount,us-gaap,USD,,2014-03-31,3169000000.0,2014,Q1,10-Q,2014-04-25,0001018724-14-000014,CY2014Q1I
debt_principal,DebtInstrumentCarryingAmount,us-gaap,USD,,2014-06-30,3140000000.0,2014,Q2,10-Q,2014-07-25,0001018724-14-000025,CY2014Q2I
debt_principal,DebtInstrumentCarryingAmount,us-gaap,USD,,2014-09-30,3119000000.0,2014,Q3,10-Q,2014-10-24,0001018724-14-000055,CY2014Q3I
debt_principal,DebtInstrumentCarryingAmount,us-gaap,USD,,2014-12-31,8361000000.0,2014,FY,10-K,2015-01-30,0001018724-15-000006,
debt_principal,DebtInstrumentCarryingAmount,us-gaap,USD,,2014-12-31,8361000000.0,2015,Q1,10-Q,2015-04-24,0001018724-15-000038,
debt_principal,DebtInstrumentCarryingAmount,us-gaap,USD,,2014-12-31,8361000000.0,2015,Q2,10-Q,2015-07-24,0001018724-15-000087,
debt_principal,DebtInstrumentCarryingAmount,us-gaap,USD,,2014-12-31,8361000000.0,2015,Q3,10-Q,2015-10-23,0001018724-15-000126,
debt_principal,DebtInstrumentCarryingAmount,us-gaap,USD,,2014-12-31,8361000000.0,2015,FY,10-K,2016-01-29,0001018724-16-000172,CY2014Q4I
debt_principal,DebtInstrumentCarryingAmount,us-gaap,USD,,2015-03-31,8352000000.0,2015,Q1,10-Q,2015-04-24,0001018724-15-000038,CY2015Q1I
debt_principal,DebtInstrumentCarryingAmount,us-gaap,USD,,2015-06-30,8343000000.0,2015,Q2,10-Q,2015-07-24,0001018724-15-000087,CY2015Q2I
debt_principal,DebtInstrumentCarryingAmount,us-gaap,USD,,2015-09-30,8334000000.0,2015,Q3,10-Q,2015-10-23,0001018724-15-000126,CY2015Q3I
debt_principal,DebtInstrumentCarryingAmount,us-gaap,USD,,2015-12-31,8324000000.0,2015,FY,10-K,2016-01-29,0001018724-16-000172,
debt_principal,DebtInstrumentCarryingAmount,us-gaap,USD,,2015-12-31,8324000000.0,2016,Q1,10-Q,2016-04-29,0001018724-16-000227,
debt_principal,DebtInstrumentCarryingAmount,us-gaap,USD,,2015-12-31,8324000000.0,2016,Q2,10-Q,2016-07-29,0001018724-16-000286,
debt_principal,DebtInstrumentCarryingAmount,us-gaap,USD,,2015-12-31,8324000000.0,2016,Q3,10-Q,2016-10-28,0001018724-16-000324,
debt_principal,DebtInstrumentCarryingAmount,us-gaap,USD,,2015-12-31,8324000000.0,2016,FY,10-K,2017-02-10,0001018724-17-000011,CY2015Q4I
debt_principal,DebtInstrumentCarryingAmount,us-gaap,USD,,2016-03-31,8315000000.0,2016,Q1,10-Q,2016-04-29,0001018724-16-000227,CY2016Q1I
debt_principal,DebtInstrumentCarryingAmount,us-gaap,USD,,2016-06-30,8306000000.0,2016,Q2,10-Q,2016-07-29,0001018724-16-000286,CY2016Q2I
debt_principal,DebtInstrumentCarryingAmount,us-gaap,USD,,2016-09-30,8297000000.0,2016,Q3,10-Q,2016-10-28,0001018724-16-000324,CY2016Q3I
debt_principal,DebtInstrumentCarryingAmount,us-gaap,USD,,2016-12-31,7782000000.0,2016,FY,10-K,2017-02-10,0001018724-17-000011,
debt_principal,DebtInstrumentCarryingAmount,us-gaap,USD,,2016-12-31,7782000000.0,2017,Q1,10-Q,2017-04-28,0001018724-17-000051,
debt_principal,DebtInstrumentCarryingAmount,us-gaap,USD,,2016-12-31,7782000000.0,2017,Q2,10-Q,2017-07-28,0001018724-17-000100,
debt_principal,DebtInstrumentCarryingAmount,us-gaap,USD,,2016-12-31,7782000000.0,2017,Q3,10-Q,2017-10-27,0001018724-17-000135,
debt_principal,DebtInstrumentCarryingAmount,us-gaap,USD,,2016-12-31,7782000000.0,2017,FY,10-K,2018-02-02,0001018724-18-000005,CY2016Q4I
debt_principal,DebtInstrumentCarryingAmount,us-gaap,USD,,2017-03-31,7778000000.0,2017,Q1,10-Q,2017-04-28,0001018724-17-000051,CY2017Q1I
debt_principal,DebtInstrumentCarryingAmount,us-gaap,USD,,2017-06-30,7769000000.0,2017,Q2,10-Q,2017-07-28,0001018724-17-000100,CY2017Q2I
debt_principal,DebtInstrumentCarryingAmount,us-gaap,USD,,2017-09-30,24810000000.0,2017,Q3,10-Q,2017-10-27,0001018724-17-000135,CY2017Q3I
debt_principal,DebtInstrumentCarryingAmount,us-gaap,USD,,2017-12-31,24842000000.0,2017,FY,10-K,2018-02-02,0001018724-18-000005,
debt_principal,DebtInstrumentCarryingAmount,us-gaap,USD,,2017-12-31,24842000000.0,2018,Q1,10-Q,2018-04-27,0001018724-18-000072,
debt_principal,DebtInstrumentCarryingAmount,us-gaap,USD,,2017-12-31,24842000000.0,2018,Q2,10-Q,2018-07-27,0001018724-18-000108,
debt_principal,DebtInstrumentCarryingAmount,us-gaap,USD,,2017-12-31,24842000000.0,2018,Q3,10-Q,2018-10-26,0001018724-18-000159,
debt_principal,DebtInstrumentCarryingAmount,us-gaap,USD,,2017-12-31,24842000000.0,2018,FY,10-K,2019-02-01,0001018724-19-000004,CY2017Q4I
debt_principal,DebtInstrumentCarryingAmount,us-gaap,USD,,2018-03-31,24739000000.0,2018,Q1,10-Q,2018-04-27,0001018724-18-000072,CY2018Q1I
debt_principal,DebtInstrumentCarryingAmount,us-gaap,USD,,2018-06-30,24739000000.0,2018,Q2,10-Q,2018-07-27,0001018724-18-000108,CY2018Q2I
debt_principal,DebtInstrumentCarryingAmount,us-gaap,USD,,2018-09-30,24785000000.0,2018,Q3,10-Q,2018-10-26,0001018724-18-000159,CY2018Q3I
debt_principal,DebtInstrumentCarryingAmount,us-gaap,USD,,2018-12-31,23594000000.0,2018,FY,10-K,2019-02-01,0001018724-19-000004,
debt_principal,DebtInstrumentCarryingAmount,us-gaap,USD,,2018-12-31,23594000000.0,2019,Q1,10-Q,2019-04-26,0001018724-19-000043,
debt_principal,DebtInstrumentCarryingAmount,us-gaap,USD,,2018-12-31,23594000000.0,2019,Q2,10-Q,2019-07-26,0001018724-19-000071,
debt_principal,DebtInstrumentCarryingAmount,us-gaap,USD,,2018-12-31,23594000000.0,2019,Q3,10-Q,2019-10-25,0001018724-19-000089,
debt_principal,DebtInstrumentCarryingAmount,us-gaap,USD,,2018-12-31,23594000000.0,2019,FY,10-K,2020-01-31,0001018724-20-000004,CY2018Q4I
debt_principal,DebtInstrumentCarryingAmount,us-gaap,USD,,2019-03-31,23423000000.0,2019,Q1,10-Q,2019-04-26,0001018724-19-000043,CY2019Q1I
debt_principal,DebtInstrumentCarryingAmount,us-gaap,USD,,2019-06-30,23430000000.0,2019,Q2,10-Q,2019-07-26,0001018724-19-000071,CY2019Q2I
debt_principal,DebtInstrumentCarryingAmount,us-gaap,USD,,2019-09-30,22570000000.0,2019,Q3,10-Q,2019-10-25,0001018724-19-000089,CY2019Q3I
debt_principal,DebtInstrumentCarryingAmount,us-gaap,USD,,2019-12-31,23513000000.0,2019,FY,10-K,2020-01-31,0001018724-20-000004,
debt_principal,DebtInstrumentCarryingAmount,us-gaap,USD,,2019-12-31,23513000000.0,2020,Q1,10-Q,2020-05-01,0001018724-20-000010,
debt_principal,DebtInstrumentCarryingAmount,us-gaap,USD,,2019-12-31,23414000000.0,2020,Q2,10-Q,2020-07-31,0001018724-20-000021,
debt_principal,DebtInstrumentCarryingAmount,us-gaap,USD,,2019-12-31,23414000000.0,2020,Q3,10-Q,2020-10-30,0001018724-20-000030,
debt_principal,DebtInstrumentCarryingAmount,us-gaap,USD,,2019-12-31,23414000000.0,2020,FY,10-K,2021-02-03,0001018724-21-000004,CY2019Q4I
debt_principal,DebtInstrumentCarryingAmount,us-gaap,USD,,2020-03-31,23538000000.0,2020,Q1,10-Q,2020-05-01,0001018724-20-000010,CY2020Q1I
debt_principal,DebtInstrumentCarryingAmount,us-gaap,USD,,2020-06-30,33128000000.0,2020,Q2,10-Q,2020-07-31,0001018724-20-000021,CY2020Q2I
debt_principal,DebtInstrumentCarryingAmount,us-gaap,USD,,2020-09-30,32929000000.0,2020,Q3,10-Q,2020-10-30,0001018724-20-000030,CY2020Q3I
debt_principal,DebtInstrumentCarryingAmount,us-gaap,USD,,2020-12-31,31816000000.0,2020,FY,10-K,2021-02-03,0001018724-21-000004,
debt_principal,DebtInstrumentCarryingAmount,us-gaap,USD,,2020-12-31,31816000000.0,2021,Q1,10-Q,2021-04-30,0001018724-21-000010,
debt_principal,DebtInstrumentCarryingAmount,us-gaap,USD,,2020-12-31,31816000000.0,2021,Q2,10-Q,2021-07-30,0001018724-21-000020,
debt_principal,DebtInstrumentCarryingAmount,us-gaap,USD,,2020-12-31,31816000000.0,2021,Q3,10-Q,2021-10-29,0001018724-21-000028,
debt_principal,DebtInstrumentCarryingAmount,us-gaap,USD,,2020-12-31,31816000000.0,2021,FY,10-K,2022-02-04,0001018724-22-000005,CY2020Q4I
debt_principal,DebtInstrumentCarryingAmount,us-gaap,USD,,2021-03-31,31868000000.0,2021,Q1,10-Q,2021-04-30,0001018724-21-000010,CY2021Q1I
debt_principal,DebtInstrumentCarryingAmount,us-gaap,USD,,2021-06-30,50279000000.0,2021,Q2,10-Q,2021-07-30,0001018724-21-000020,CY2021Q2I
debt_principal,DebtInstrumentCarryingAmount,us-gaap,USD,,2021-09-30,50055000000.0,2021,Q3,10-Q,2021-10-29,0001018724-21-000028,CY2021Q3I
debt_principal,DebtInstrumentCarryingAmount,us-gaap,USD,,2021-12-31,48744000000.0,2021,FY,10-K,2022-02-04,0001018724-22-000005,
debt_principal,DebtInstrumentCarryingAmount,us-gaap,USD,,2021-12-31,48744000000.0,2022,Q1,10-Q,2022-04-29,0001018724-22-000013,
debt_principal,DebtInstrumentCarryingAmount,us-gaap,USD,,2021-12-31,48744000000.0,2022,Q2,10-Q,2022-07-29,0001018724-22-000019,
debt_principal,DebtInstrumentCarryingAmount,us-gaap,USD,,2021-12-31,48744000000.0,2022,Q3,10-Q,2022-10-28,0001018724-22-000023,
debt_principal,DebtInstrumentCarryingAmount,us-gaap,USD,,2021-12-31,48744000000.0,2022,FY,10-K,2023-02-03,0001018724-23-000004,CY2021Q4I
debt_principal,DebtInstrumentCarryingAmount,us-gaap,USD,,2022-03-31,47556000000.0,2022,Q1,10-Q,2022-04-29,0001018724-22-000013,CY2022Q1I
debt_principal,DebtInstrumentCarryingAmount,us-gaap,USD,,2022-06-30,58053000000.0,2022,Q2,10-Q,2022-07-29,0001018724-22-000019,CY2022Q2I
debt_principal,DebtInstrumentCarryingAmount,us-gaap,USD,,2022-09-30,58919000000.0,2022,Q3,10-Q,2022-10-28,0001018724-22-000023,CY2022Q3I
debt_principal,DebtInstrumentCarryingAmount,us-gaap,USD,,2022-12-31,67150000000.0,2022,FY,10-K,2023-02-03,0001018724-23-000004,
debt_principal,DebtInstrumentCarryingAmount,us-gaap,USD,,2022-12-31,67150000000.0,2023,Q1,10-Q,2023-04-28,0001018724-23-000008,
debt_principal,DebtInstrumentCarryingAmount,us-gaap,USD,,2022-12-31,67150000000.0,2023,Q2,10-Q,2023-08-04,0001018724-23-000012,
debt_principal,DebtInstrumentCarryingAmount,us-gaap,USD,,2022-12-31,67150000000.0,2023,Q3,10-Q,2023-10-27,0001018724-23-000018,
debt_principal,DebtInstrumentCarryingAmount,us-gaap,USD,,2022-12-31,67150000000.0,2023,FY,10-K,2024-02-02,0001018724-24-000008,CY2022Q4I
debt_principal,DebtInstrumentCarryingAmount,us-gaap,USD,,2023-03-31,67084000000.0,2023,Q1,10-Q,2023-04-28,0001018724-23-000008,CY2023Q1I
debt_principal,DebtInstrumentCarryingAmount,us-gaap,USD,,2023-06-30,63092000000.0,2023,Q2,10-Q,2023-08-04,0001018724-23-000012,CY2023Q2I
debt_principal,DebtInstrumentCarryingAmount,us-gaap,USD,,2023-09-30,61098000000.0,2023,Q3,10-Q,2023-10-27,0001018724-23-000018,CY2023Q3I
debt_principal,DebtInstrumentCarryingAmount,us-gaap,USD,,2023-12-31,58314000000.0,2023,FY,10-K,2024-02-02,0001018724-24-000008,
debt_principal,DebtInstrumentCarryingAmount,us-gaap,USD,,2023-12-31,58314000000.0,2024,Q1,10-Q,2024-05-01,0001018724-24-000083,
debt_principal,DebtInstrumentCarryingAmount,us-gaap,USD,,2023-12-31,58314000000.0,2024,Q2,10-Q,2024-08-02,0001018724-24-000130,
debt_principal,DebtInstrumentCarryingAmount,us-gaap,USD,,2023-12-31,58314000000.0,2024,Q3,10-Q,2024-11-01,0001018724-24-000161,
debt_principal,DebtInstrumentCarryingAmount,us-gaap,USD,,2023-12-31,58314000000.0,2024,FY,10-K,2025-02-07,0001018724-25-000004,CY2023Q4I
debt_principal,DebtInstrumentCarryingAmount,us-gaap,USD,,2024-03-31,57634000000.0,2024,Q1,10-Q,2024-05-01,0001018724-24-000083,CY2024Q1I
debt_principal,DebtInstrumentCarryingAmount,us-gaap,USD,,2024-06-30,54889000000.0,2024,Q2,10-Q,2024-08-02,0001018724-24-000130,CY2024Q2I
debt_principal,DebtInstrumentCarryingAmount,us-gaap,USD,,2024-09-30,54890000000.0,2024,Q3,10-Q,2024-11-01,0001018724-24-000161,CY2024Q3I
debt_principal,DebtInstrumentCarryingAmount,us-gaap,USD,,2024-12-31,52623000000.0,2024,FY,10-K,2025-02-07,0001018724-25-000004,
debt_principal,DebtInstrumentCarryingAmount,us-gaap,USD,,2024-12-31,52623000000.0,2025,Q1,10-Q,2025-05-02,0001018724-25-000036,
debt_principal,DebtInstrumentCarryingAmount,us-gaap,USD,,2024-12-31,52623000000.0,2025,Q2,10-Q,2025-08-01,0001018724-25-000086,
debt_principal,DebtInstrumentCarryingAmount,us-gaap,USD,,2024-12-31,52623000000.0,2025,Q3,10-Q,2025-10-31,0001018724-25-000123,
debt_principal,DebtInstrumentCarryingAmount,us-gaap,USD,,2024-12-31,52623000000.0,2025,FY,10-K,2026-02-06,0001018724-26-000004,CY2024Q4I
debt_principal,DebtInstrumentCarryingAmount,us-gaap,USD,,2025-03-31,53374000000.0,2025,Q1,10-Q,2025-05-02,0001018724-25-000036,CY2025Q1I
debt_principal,DebtInstrumentCarryingAmount,us-gaap,USD,,2025-06-30,50718000000.0,2025,Q2,10-Q,2025-08-01,0001018724-25-000086,CY2025Q2I
debt_principal,DebtInstrumentCarryingAmount,us-gaap,USD,,2025-09-30,50742000000.0,2025,Q3,10-Q,2025-10-31,0001018724-25-000123,CY2025Q3I
debt_principal,DebtInstrumentCarryingAmount,us-gaap,USD,,2025-12-31,65648000000.0,2025,FY,10-K,2026-02-06,0001018724-26-000004,
debt_principal,DebtInstrumentCarryingAmount,us-gaap,USD,,2025-12-31,65648000000.0,2026,Q1,10-Q,2026-04-30,0001018724-26-000014,
debt_principal,DebtInstrumentCarryingAmount,us-gaap,USD,,2025-12-31,65648000000.0,2026,Q2,10-Q,2026-07-31,0001018724-26-000026,CY2025Q4I
debt_principal,DebtInstrumentCarryingAmount,us-gaap,USD,,2026-03-31,119074000000.0,2026,Q1,10-Q,2026-04-30,0001018724-26-000014,CY2026Q1I
debt_principal,DebtInstrumentCarryingAmount,us-gaap,USD,,2026-06-30,128894000000.0,2026,Q2,10-Q,2026-07-31,0001018724-26-000026,CY2026Q2I
debt_proceeds,ProceedsFromIssuanceOfLongTermDebt,us-gaap,USD,2014-01-01,2014-12-31,6359000000.0,2016,FY,10-K,2017-02-10,0001018724-17-000011,CY2014
debt_proceeds,ProceedsFromIssuanceOfLongTermDebt,us-gaap,USD,2014-10-01,2015-09-30,6241000000.0,2016,Q3,10-Q,2016-10-28,0001018724-16-000324,
debt_proceeds,ProceedsFromIssuanceOfLongTermDebt,us-gaap,USD,2015-01-01,2015-09-30,260000000.0,2016,Q3,10-Q,2016-10-28,0001018724-16-000324,
debt_proceeds,ProceedsFromIssuanceOfLongTermDebt,us-gaap,USD,2015-07-01,2015-09-30,33000000.0,2016,Q3,10-Q,2016-10-28,0001018724-16-000324,CY2015Q3
debt_proceeds,ProceedsFromIssuanceOfLongTermDebt,us-gaap,USD,2015-01-01,2015-12-31,353000000.0,2016,FY,10-K,2017-02-10,0001018724-17-000011,
debt_proceeds,ProceedsFromIssuanceOfLongTermDebt,us-gaap,USD,2015-01-01,2015-12-31,353000000.0,2017,FY,10-K,2018-02-02,0001018724-18-000005,CY2015
debt_proceeds,ProceedsFromIssuanceOfLongTermDebt,us-gaap,USD,2015-04-01,2016-03-31,179000000.0,2017,Q1,10-Q,2017-04-28,0001018724-17-000051,
debt_proceeds,ProceedsFromIssuanceOfLongTermDebt,us-gaap,USD,2016-01-01,2016-03-31,9000000.0,2017,Q1,10-Q,2017-04-28,0001018724-17-000051,CY2016Q1
debt_proceeds,ProceedsFromIssuanceOfLongTermDebt,us-gaap,USD,2015-07-01,2016-06-30,202000000.0,2017,Q2,10-Q,2017-07-28,0001018724-17-000100,
debt_proceeds,ProceedsFromIssuanceOfLongTermDebt,us-gaap,USD,2016-01-01,2016-06-30,75000000.0,2017,Q2,10-Q,2017-07-28,0001018724-17-000100,
debt_proceeds,ProceedsFromIssuanceOfLongTermDebt,us-gaap,USD,2016-04-01,2016-06-30,66000000.0,2017,Q2,10-Q,2017-07-28,0001018724-17-000100,CY2016Q2
debt_proceeds,ProceedsFromIssuanceOfLongTermDebt,us-gaap,USD,2015-10-01,2016-09-30,176000000.0,2016,Q3,10-Q,2016-10-28,0001018724-16-000324,
debt_proceeds,ProceedsFromIssuanceOfLongTermDebt,us-gaap,USD,2016-01-01,2016-09-30,83000000.0,2016,Q3,10-Q,2016-10-28,0001018724-16-000324,
debt_proceeds,ProceedsFromIssuanceOfLongTermDebt,us-gaap,USD,2016-07-01,2016-09-30,8000000.0,2016,Q3,10-Q,2016-10-28,0001018724-16-000324,
debt_proceeds,ProceedsFromIssuanceOfLongTermDebt,us-gaap,USD,2015-10-01,2016-09-30,176000000.0,2017,Q3,10-Q,2017-10-27,0001018724-17-000135,
debt_proceeds,ProceedsFromIssuanceOfLongTermDebt,us-gaap,USD,2016-01-01,2016-09-30,83000000.0,2017,Q3,10-Q,2017-10-27,0001018724-17-000135,
debt_proceeds,ProceedsFromIssuanceOfLongTermDebt,us-gaap,USD,2016-07-01,2016-09-30,8000000.0,2017,Q3,10-Q,2017-10-27,0001018724-17-000135,CY2016Q3
debt_proceeds,ProceedsFromIssuanceOfLongTermDebt,us-gaap,USD,2016-01-01,2016-12-31,621000000.0,2016,FY,10-K,2017-02-10,0001018724-17-000011,
debt_proceeds,ProceedsFromIssuanceOfLongTermDebt,us-gaap,USD,2016-01-01,2016-12-31,621000000.0,2017,FY,10-K,2018-02-02,0001018724-18-000005,
debt_proceeds,ProceedsFromIssuanceOfLongTermDebt,us-gaap,USD,2016-01-01,2016-12-31,618000000.0,2018,FY,10-K,2019-02-01,0001018724-19-000004,CY2016
debt_proceeds,ProceedsFromIssuanceOfLongTermDebt,us-gaap,USD,2016-04-01,2017-03-31,636000000.0,2017,Q1,10-Q,2017-04-28,0001018724-17-000051,
debt_proceeds,ProceedsFromIssuanceOfLongTermDebt,us-gaap,USD,2017-01-01,2017-03-31,24000000.0,2017,Q1,10-Q,2017-04-28,0001018724-17-000051,
debt_proceeds,ProceedsFromIssuanceOfLongTermDebt,us-gaap,USD,2016-04-01,2017-03-31,630000000.0,2018,Q1,10-Q,2018-04-27,0001018724-18-000072,
debt_proceeds,ProceedsFromIssuanceOfLongTermDebt,us-gaap,USD,2017-01-01,2017-03-31,21000000.0,2018,Q1,10-Q,2018-04-27,0001018724-18-000072,CY2017Q1
debt_proceeds,ProceedsFromIssuanceOfLongTermDebt,us-gaap,USD,2016-07-01,2017-06-30,636000000.0,2017,Q2,10-Q,2017-07-28,0001018724-17-000100,
debt_proceeds,ProceedsFromIssuanceOfLongTermDebt,us-gaap,USD,2017-01-01,2017-06-30,90000000.0,2017,Q2,10-Q,2017-07-28,0001018724-17-000100,
debt_proceeds,ProceedsFromIssuanceOfLongTermDebt,us-gaap,USD,2017-04-01,2017-06-30,66000000.0,2017,Q2,10-Q,2017-07-28,0001018724-17-000100,
debt_proceeds,ProceedsFromIssuanceOfLongTermDebt,us-gaap,USD,2016-07-01,2017-06-30,612000000.0,2018,Q2,10-Q,2018-07-27,0001018724-18-000108,
debt_proceeds,ProceedsFromIssuanceOfLongTermDebt,us-gaap,USD,2017-01-01,2017-06-30,70000000.0,2018,Q2,10-Q,2018-07-27,0001018724-18-000108,
debt_proceeds,ProceedsFromIssuanceOfLongTermDebt,us-gaap,USD,2017-04-01,2017-06-30,49000000.0,2018,Q2,10-Q,2018-07-27,0001018724-18-000108,CY2017Q2
debt_proceeds,ProceedsFromIssuanceOfLongTermDebt,us-gaap,USD,2016-10-01,2017-09-30,16707000000.0,2017,Q3,10-Q,2017-10-27,0001018724-17-000135,
debt_proceeds,ProceedsFromIssuanceOfLongTermDebt,us-gaap,USD,2017-01-01,2017-09-30,16170000000.0,2017,Q3,10-Q,2017-10-27,0001018724-17-000135,
debt_proceeds,ProceedsFromIssuanceOfLongTermDebt,us-gaap,USD,2017-07-01,2017-09-30,16080000000.0,2017,Q3,10-Q,2017-10-27,0001018724-17-000135,
debt_proceeds,ProceedsFromIssuanceOfLongTermDebt,us-gaap,USD,2016-10-01,2017-09-30,16653000000.0,2018,Q3,10-Q,2018-10-26,0001018724-18-000159,
debt_proceeds,ProceedsFromIssuanceOfLongTermDebt,us-gaap,USD,2017-01-01,2017-09-30,16119000000.0,2018,Q3,10-Q,2018-10-26,0001018724-18-000159,
debt_proceeds,ProceedsFromIssuanceOfLongTermDebt,us-gaap,USD,2017-07-01,2017-09-30,16049000000.0,2018,Q3,10-Q,2018-10-26,0001018724-18-000159,CY2017Q3
debt_proceeds,ProceedsFromIssuanceOfLongTermDebt,us-gaap,USD,2017-01-01,2017-12-31,16231000000.0,2017,FY,10-K,2018-02-02,0001018724-18-000005,
debt_proceeds,ProceedsFromIssuanceOfLongTermDebt,us-gaap,USD,2017-01-01,2017-12-31,16228000000.0,2018,FY,10-K,2019-02-01,0001018724-19-000004,
debt_proceeds,ProceedsFromIssuanceOfLongTermDebt,us-gaap,USD,2017-01-01,2017-12-31,16228000000.0,2019,FY,10-K,2020-01-31,0001018724-20-000004,CY2017
debt_proceeds,ProceedsFromIssuanceOfLongTermDebt,us-gaap,USD,2017-04-01,2018-03-31,16332000000.0,2018,Q1,10-Q,2018-04-27,0001018724-18-000072,
debt_proceeds,ProceedsFromIssuanceOfLongTermDebt,us-gaap,USD,2018-01-01,2018-03-31,125000000.0,2018,Q1,10-Q,2018-04-27,0001018724-18-000072,
debt_proceeds,ProceedsFromIssuanceOfLongTermDebt,us-gaap,USD,2017-04-01,2018-03-31,16332000000.0,2019,Q1,10-Q,2019-04-26,0001018724-19-000043,
debt_proceeds,ProceedsFromIssuanceOfLongTermDebt,us-gaap,USD,2018-01-01,2018-03-31,125000000.0,2019,Q1,10-Q,2019-04-26,0001018724-19-000043,CY2018Q1
debt_proceeds,ProceedsFromIssuanceOfLongTermDebt,us-gaap,USD,2017-07-01,2018-06-30,16380000000.0,2018,Q2,10-Q,2018-07-27,0001018724-18-000108,
debt_proceeds,ProceedsFromIssuanceOfLongTermDebt,us-gaap,USD,2018-01-01,2018-06-30,221000000.0,2018,Q2,10-Q,2018-07-27,0001018724-18-000108,
debt_proceeds,ProceedsFromIssuanceOfLongTermDebt,us-gaap,USD,2018-04-01,2018-06-30,96000000.0,2018,Q2,10-Q,2018-07-27,0001018724-18-000108,
debt_proceeds,ProceedsFromIssuanceOfLongTermDebt,us-gaap,USD,2017-07-01,2018-06-30,16380000000.0,2019,Q2,10-Q,2019-07-26,0001018724-19-000071,
debt_proceeds,ProceedsFromIssuanceOfLongTermDebt,us-gaap,USD,2018-01-01,2018-06-30,221000000.0,2019,Q2,10-Q,2019-07-26,0001018724-19-000071,
debt_proceeds,ProceedsFromIssuanceOfLongTermDebt,us-gaap,USD,2018-04-01,2018-06-30,96000000.0,2019,Q2,10-Q,2019-07-26,0001018724-19-000071,CY2018Q2
debt_proceeds,ProceedsFromIssuanceOfLongTermDebt,us-gaap,USD,2017-10-01,2018-09-30,472000000.0,2018,Q3,10-Q,2018-10-26,0001018724-18-000159,
debt_proceeds,ProceedsFromIssuanceOfLongTermDebt,us-gaap,USD,2018-01-01,2018-09-30,363000000.0,2018,Q3,10-Q,2018-10-26,0001018724-18-000159,
debt_proceeds,ProceedsFromIssuanceOfLongTermDebt,us-gaap,USD,2018-07-01,2018-09-30,143000000.0,2018,Q3,10-Q,2018-10-26,0001018724-18-000159,
debt_proceeds,ProceedsFromIssuanceOfLongTermDebt,us-gaap,USD,2017-10-01,2018-09-30,472000000.0,2019,Q3,10-Q,2019-10-25,0001018724-19-000089,
debt_proceeds,ProceedsFromIssuanceOfLongTermDebt,us-gaap,USD,2018-01-01,2018-09-30,363000000.0,2019,Q3,10-Q,2019-10-25,0001018724-19-000089,
debt_proceeds,ProceedsFromIssuanceOfLongTermDebt,us-gaap,USD,2018-07-01,2018-09-30,143000000.0,2019,Q3,10-Q,2019-10-25,0001018724-19-000089,CY2018Q3
debt_proceeds,ProceedsFromIssuanceOfLongTermDebt,us-gaap,USD,2018-01-01,2018-12-31,768000000.0,2018,FY,10-K,2019-02-01,0001018724-19-000004,
debt_proceeds,ProceedsFromIssuanceOfLongTermDebt,us-gaap,USD,2018-01-01,2018-12-31,768000000.0,2019,FY,10-K,2020-01-31,0001018724-20-000004,
debt_proceeds,ProceedsFromIssuanceOfLongTermDebt,us-gaap,USD,2018-01-01,2018-12-31,182000000.0,2020,FY,10-K,2021-02-03,0001018724-21-000004,CY2018
debt_proceeds,ProceedsFromIssuanceOfLongTermDebt,us-gaap,USD,2018-04-01,2019-03-31,833000000.0,2019,Q1,10-Q,2019-04-26,0001018724-19-000043,
debt_proceeds,ProceedsFromIssuanceOfLongTermDebt,us-gaap,USD,2019-01-01,2019-03-31,190000000.0,2019,Q1,10-Q,2019-04-26,0001018724-19-000043,
debt_proceeds,ProceedsFromIssuanceOfLongTermDebt,us-gaap,USD,2018-04-01,2019-03-31,833000000.0,2020,Q1,10-Q,2020-05-01,0001018724-20-000010,
debt_proceeds,ProceedsFromIssuanceOfLongTermDebt,us-gaap,USD,2019-01-01,2019-03-31,190000000.0,2020,Q1,10-Q,2020-05-01,0001018724-20-000010,CY2019Q1
debt_proceeds,ProceedsFromIssuanceOfLongTermDebt,us-gaap,USD,2018-07-01,2019-06-30,1020000000.0,2019,Q2,10-Q,2019-07-26,0001018724-19-000071,
debt_proceeds,ProceedsFromIssuanceOfLongTermDebt,us-gaap,USD,2019-01-01,2019-06-30,473000000.0,2019,Q2,10-Q,2019-07-26,0001018724-19-000071,
debt_proceeds,ProceedsFromIssuanceOfLongTermDebt,us-gaap,USD,2019-04-01,2019-06-30,283000000.0,2019,Q2,10-Q,2019-07-26,0001018724-19-000071,
debt_proceeds,ProceedsFromIssuanceOfLongTermDebt,us-gaap,USD,2018-07-01,2019-06-30,347000000.0,2020,Q2,10-Q,2020-07-31,0001018724-20-000021,
debt_proceeds,ProceedsFromIssuanceOfLongTermDebt,us-gaap,USD,2019-01-01,2019-06-30,166000000.0,2020,Q2,10-Q,2020-07-31,0001018724-20-000021,
debt_proceeds,ProceedsFromIssuanceOfLongTermDebt,us-gaap,USD,2019-04-01,2019-06-30,61000000.0,2020,Q2,10-Q,2020-07-31,0001018724-20-000021,CY2019Q2
debt_proceeds,ProceedsFromIssuanceOfLongTermDebt,us-gaap,USD,2018-10-01,2019-09-30,1581000000.0,2019,Q3,10-Q,2019-10-25,0001018724-19-000089,
debt_proceeds,ProceedsFromIssuanceOfLongTermDebt,us-gaap,USD,2019-01-01,2019-09-30,1175000000.0,2019,Q3,10-Q,2019-10-25,0001018724-19-000089,
debt_proceeds,ProceedsFromIssuanceOfLongTermDebt,us-gaap,USD,2019-07-01,2019-09-30,702000000.0,2019,Q3,10-Q,2019-10-25,0001018724-19-000089,
debt_proceeds,ProceedsFromIssuanceOfLongTermDebt,us-gaap,USD,2018-10-01,2019-09-30,589000000.0,2020,Q3,10-Q,2020-10-30,0001018724-20-000030,
debt_proceeds,ProceedsFromIssuanceOfLongTermDebt,us-gaap,USD,2019-01-01,2019-09-30,453000000.0,2020,Q3,10-Q,2020-10-30,0001018724-20-000030,
debt_proceeds,ProceedsFromIssuanceOfLongTermDebt,us-gaap,USD,2019-07-01,2019-09-30,287000000.0,2020,Q3,10-Q,2020-10-30,0001018724-20-000030,CY2019Q3
debt_proceeds,ProceedsFromIssuanceOfLongTermDebt,us-gaap,USD,2019-01-01,2019-12-31,2273000000.0,2019,FY,10-K,2020-01-31,0001018724-20-000004,
debt_proceeds,ProceedsFromIssuanceOfLongTermDebt,us-gaap,USD,2019-01-01,2019-12-31,871000000.0,2020,FY,10-K,2021-02-03,0001018724-21-000004,
debt_proceeds,ProceedsFromIssuanceOfLongTermDebt,us-gaap,USD,2019-01-01,2019-12-31,871000000.0,2021,FY,10-K,2022-02-04,0001018724-22-000005,CY2019
debt_proceeds,ProceedsFromIssuanceOfLongTermDebt,us-gaap,USD,2019-04-01,2020-03-31,2776000000.0,2020,Q1,10-Q,2020-05-01,0001018724-20-000010,
debt_proceeds,ProceedsFromIssuanceOfLongTermDebt,us-gaap,USD,2020-01-01,2020-03-31,693000000.0,2020,Q1,10-Q,2020-05-01,0001018724-20-000010,
debt_proceeds,ProceedsFromIssuanceOfLongTermDebt,us-gaap,USD,2019-04-01,2020-03-31,842000000.0,2021,Q1,10-Q,2021-04-30,0001018724-21-000010,
debt_proceeds,ProceedsFromIssuanceOfLongTermDebt,us-gaap,USD,2020-01-01,2020-03-31,76000000.0,2021,Q1,10-Q,2021-04-30,0001018724-21-000010,CY2020Q1
debt_proceeds,ProceedsFromIssuanceOfLongTermDebt,us-gaap,USD,2019-07-01,2020-06-30,10699000000.0,2020,Q2,10-Q,2020-07-31,0001018724-20-000021,
debt_proceeds,ProceedsFromIssuanceOfLongTermDebt,us-gaap,USD,2020-01-01,2020-06-30,9994000000.0,2020,Q2,10-Q,2020-07-31,0001018724-20-000021,
debt_proceeds,ProceedsFromIssuanceOfLongTermDebt,us-gaap,USD,2020-04-01,2020-06-30,9918000000.0,2020,Q2,10-Q,2020-07-31,0001018724-20-000021,
debt_proceeds,ProceedsFromIssuanceOfLongTermDebt,us-gaap,USD,2019-07-01,2020-06-30,10699000000.0,2021,Q2,10-Q,2021-07-30,0001018724-21-000020,
debt_proceeds,ProceedsFromIssuanceOfLongTermDebt,us-gaap,USD,2020-01-01,2020-06-30,9994000000.0,2021,Q2,10-Q,2021-07-30,0001018724-21-000020,
debt_proceeds,ProceedsFromIssuanceOfLongTermDebt,us-gaap,USD,2020-04-01,2020-06-30,9918000000.0,2021,Q2,10-Q,2021-07-30,0001018724-21-000020,CY2020Q2
debt_proceeds,ProceedsFromIssuanceOfLongTermDebt,us-gaap,USD,2019-10-01,2020-09-30,10412000000.0,2020,Q3,10-Q,2020-10-30,0001018724-20-000030,
debt_proceeds,ProceedsFromIssuanceOfLongTermDebt,us-gaap,USD,2020-01-01,2020-09-30,9994000000.0,2020,Q3,10-Q,2020-10-30,0001018724-20-000030,
debt_proceeds,ProceedsFromIssuanceOfLongTermDebt,us-gaap,USD,2020-07-01,2020-09-30,0.0,2020,Q3,10-Q,2020-10-30,0001018724-20-000030,
debt_proceeds,ProceedsFromIssuanceOfLongTermDebt,us-gaap,USD,2019-10-01,2020-09-30,10412000000.0,2021,Q3,10-Q,2021-10-29,0001018724-21-000028,
debt_proceeds,ProceedsFromIssuanceOfLongTermDebt,us-gaap,USD,2020-01-01,2020-09-30,9994000000.0,2021,Q3,10-Q,2021-10-29,0001018724-21-000028,
debt_proceeds,ProceedsFromIssuanceOfLongTermDebt,us-gaap,USD,2020-07-01,2020-09-30,0.0,2021,Q3,10-Q,2021-10-29,0001018724-21-000028,CY2020Q3
debt_proceeds,ProceedsFromIssuanceOfLongTermDebt,us-gaap,USD,2020-01-01,2020-12-31,10525000000.0,2020,FY,10-K,2021-02-03,0001018724-21-000004,
debt_proceeds,ProceedsFromIssuanceOfLongTermDebt,us-gaap,USD,2020-01-01,2020-12-31,10525000000.0,2021,FY,10-K,2022-02-04,0001018724-22-000005,
debt_proceeds,ProceedsFromIssuanceOfLongTermDebt,us-gaap,USD,2020-01-01,2020-12-31,10525000000.0,2022,FY,10-K,2023-02-03,0001018724-23-000004,CY2020
debt_proceeds,ProceedsFromIssuanceOfLongTermDebt,us-gaap,USD,2020-04-01,2021-03-31,10560000000.0,2021,Q1,10-Q,2021-04-30,0001018724-21-000010,
debt_proceeds,ProceedsFromIssuanceOfLongTermDebt,us-gaap,USD,2021-01-01,2021-03-31,111000000.0,2021,Q1,10-Q,2021-04-30,0001018724-21-000010,
debt_proceeds,ProceedsFromIssuanceOfLongTermDebt,us-gaap,USD,2020-04-01,2021-03-31,10560000000.0,2022,Q1,10-Q,2022-04-29,0001018724-22-000013,
debt_proceeds,ProceedsFromIssuanceOfLongTermDebt,us-gaap,USD,2021-01-01,2021-03-31,111000000.0,2022,Q1,10-Q,2022-04-29,0001018724-22-000013,CY2021Q1
debt_proceeds,ProceedsFromIssuanceOfLongTermDebt,us-gaap,USD,2020-07-01,2021-06-30,19158000000.0,2021,Q2,10-Q,2021-07-30,0001018724-21-000020,
debt_proceeds,ProceedsFromIssuanceOfLongTermDebt,us-gaap,USD,2021-01-01,2021-06-30,18627000000.0,2021,Q2,10-Q,2021-07-30,0001018724-21-000020,
debt_proceeds,ProceedsFromIssuanceOfLongTermDebt,us-gaap,USD,2021-04-01,2021-06-30,18516000000.0,2021,Q2,10-Q,2021-07-30,0001018724-21-000020,
debt_proceeds,ProceedsFromIssuanceOfLongTermDebt,us-gaap,USD,2020-07-01,2021-06-30,19158000000.0,2022,Q2,10-Q,2022-07-29,0001018724-22-000019,
debt_proceeds,ProceedsFromIssuanceOfLongTermDebt,us-gaap,USD,2021-01-01,2021-06-30,18627000000.0,2022,Q2,10-Q,2022-07-29,0001018724-22-000019,
debt_proceeds,ProceedsFromIssuanceOfLongTermDebt,us-gaap,USD,2021-04-01,2021-06-30,18516000000.0,2022,Q2,10-Q,2022-07-29,0001018724-22-000019,CY2021Q2
debt_proceeds,ProceedsFromIssuanceOfLongTermDebt,us-gaap,USD,2020-10-01,2021-09-30,19334000000.0,2021,Q3,10-Q,2021-10-29,0001018724-21-000028,
debt_proceeds,ProceedsFromIssuanceOfLongTermDebt,us-gaap,USD,2021-01-01,2021-09-30,18803000000.0,2021,Q3,10-Q,2021-10-29,0001018724-21-000028,
debt_proceeds,ProceedsFromIssuanceOfLongTermDebt,us-gaap,USD,2021-07-01,2021-09-30,176000000.0,2021,Q3,10-Q,2021-10-29,0001018724-21-000028,
debt_proceeds,ProceedsFromIssuanceOfLongTermDebt,us-gaap,USD,2020-10-01,2021-09-30,19334000000.0,2022,Q3,10-Q,2022-10-28,0001018724-22-000023,
debt_proceeds,ProceedsFromIssuanceOfLongTermDebt,us-gaap,USD,2021-01-01,2021-09-30,18803000000.0,2022,Q3,10-Q,2022-10-28,0001018724-22-000023,
debt_proceeds,ProceedsFromIssuanceOfLongTermDebt,us-gaap,USD,2021-07-01,2021-09-30,176000000.0,2022,Q3,10-Q,2022-10-28,0001018724-22-000023,CY2021Q3
debt_proceeds,ProceedsFromIssuanceOfLongTermDebt,us-gaap,USD,2021-01-01,2021-12-31,19003000000.0,2021,FY,10-K,2022-02-04,0001018724-22-000005,
debt_proceeds,ProceedsFromIssuanceOfLongTermDebt,us-gaap,USD,2021-01-01,2021-12-31,19003000000.0,2022,FY,10-K,2023-02-03,0001018724-23-000004,
debt_proceeds,ProceedsFromIssuanceOfLongTermDebt,us-gaap,USD,2021-01-01,2021-12-31,19003000000.0,2023,FY,10-K,2024-02-02,0001018724-24-000008,CY2021
debt_proceeds,ProceedsFromIssuanceOfLongTermDebt,us-gaap,USD,2021-04-01,2022-03-31,18892000000.0,2022,Q1,10-Q,2022-04-29,0001018724-22-000013,
debt_proceeds,ProceedsFromIssuanceOfLongTermDebt,us-gaap,USD,2022-01-01,2022-03-31,0.0,2022,Q1,10-Q,2022-04-29,0001018724-22-000013,
debt_proceeds,ProceedsFromIssuanceOfLongTermDebt,us-gaap,USD,2021-04-01,2022-03-31,18892000000.0,2023,Q1,10-Q,2023-04-28,0001018724-23-000008,
debt_proceeds,ProceedsFromIssuanceOfLongTermDebt,us-gaap,USD,2022-01-01,2022-03-31,0.0,2023,Q1,10-Q,2023-04-28,0001018724-23-000008,CY2022Q1
debt_proceeds,ProceedsFromIssuanceOfLongTermDebt,us-gaap,USD,2021-07-01,2022-06-30,13200000000.0,2022,Q2,10-Q,2022-07-29,0001018724-22-000019,
debt_proceeds,ProceedsFromIssuanceOfLongTermDebt,us-gaap,USD,2022-01-01,2022-06-30,12824000000.0,2022,Q2,10-Q,2022-07-29,0001018724-22-000019,
debt_proceeds,ProceedsFromIssuanceOfLongTermDebt,us-gaap,USD,2022-04-01,2022-06-30,12824000000.0,2022,Q2,10-Q,2022-07-29,0001018724-22-000019,
debt_proceeds,ProceedsFromIssuanceOfLongTermDebt,us-gaap,USD,2021-07-01,2022-06-30,13200000000.0,2023,Q2,10-Q,2023-08-04,0001018724-23-000012,
debt_proceeds,ProceedsFromIssuanceOfLongTermDebt,us-gaap,USD,2022-01-01,2022-06-30,12824000000.0,2023,Q2,10-Q,2023-08-04,0001018724-23-000012,
debt_proceeds,ProceedsFromIssuanceOfLongTermDebt,us-gaap,USD,2022-04-01,2022-06-30,12824000000.0,2023,Q2,10-Q,2023-08-04,0001018724-23-000012,CY2022Q2
debt_proceeds,ProceedsFromIssuanceOfLongTermDebt,us-gaap,USD,2021-10-01,2022-09-30,13131000000.0,2022,Q3,10-Q,2022-10-28,0001018724-22-000023,
debt_proceeds,ProceedsFromIssuanceOfLongTermDebt,us-gaap,USD,2022-01-01,2022-09-30,12931000000.0,2022,Q3,10-Q,2022-10-28,0001018724-22-000023,
debt_proceeds,ProceedsFromIssuanceOfLongTermDebt,us-gaap,USD,2022-07-01,2022-09-30,107000000.0,2022,Q3,10-Q,2022-10-28,0001018724-22-000023,
debt_proceeds,ProceedsFromIssuanceOfLongTermDebt,us-gaap,USD,2021-10-01,2022-09-30,13131000000.0,2023,Q3,10-Q,2023-10-27,0001018724-23-000018,
debt_proceeds,ProceedsFromIssuanceOfLongTermDebt,us-gaap,USD,2022-01-01,2022-09-30,12931000000.0,2023,Q3,10-Q,2023-10-27,0001018724-23-000018,
debt_proceeds,ProceedsFromIssuanceOfLongTermDebt,us-gaap,USD,2022-07-01,2022-09-30,107000000.0,2023,Q3,10-Q,2023-10-27,0001018724-23-000018,CY2022Q3
debt_proceeds,ProceedsFromIssuanceOfLongTermDebt,us-gaap,USD,2022-01-01,2022-12-31,21166000000.0,2022,FY,10-K,2023-02-03,0001018724-23-000004,
debt_proceeds,ProceedsFromIssuanceOfLongTermDebt,us-gaap,USD,2022-01-01,2022-12-31,21166000000.0,2023,FY,10-K,2024-02-02,0001018724-24-000008,
debt_proceeds,ProceedsFromIssuanceOfLongTermDebt,us-gaap,USD,2022-01-01,2022-12-31,21166000000.0,2024,FY,10-K,2025-02-07,0001018724-25-000004,CY2022
debt_proceeds,ProceedsFromIssuanceOfLongTermDebt,us-gaap,USD,2022-04-01,2023-03-31,21166000000.0,2023,Q1,10-Q,2023-04-28,0001018724-23-000008,
debt_proceeds,ProceedsFromIssuanceOfLongTermDebt,us-gaap,USD,2023-01-01,2023-03-31,0.0,2023,Q1,10-Q,2023-04-28,0001018724-23-000008,
debt_proceeds,ProceedsFromIssuanceOfLongTermDebt,us-gaap,USD,2022-04-01,2023-03-31,21166000000.0,2024,Q1,10-Q,2024-05-01,0001018724-24-000083,
debt_proceeds,ProceedsFromIssuanceOfLongTermDebt,us-gaap,USD,2023-01-01,2023-03-31,0.0,2024,Q1,10-Q,2024-05-01,0001018724-24-000083,CY2023Q1
debt_proceeds,ProceedsFromIssuanceOfLongTermDebt,us-gaap,USD,2022-07-01,2023-06-30,8342000000.0,2023,Q2,10-Q,2023-08-04,0001018724-23-000012,
debt_proceeds,ProceedsFromIssuanceOfLongTermDebt,us-gaap,USD,2023-01-01,2023-06-30,0.0,2023,Q2,10-Q,2023-08-04,0001018724-23-000012,
debt_proceeds,ProceedsFromIssuanceOfLongTermDebt,us-gaap,USD,2023-04-01,2023-06-30,0.0,2023,Q2,10-Q,2023-08-04,0001018724-23-000012,
debt_proceeds,ProceedsFromIssuanceOfLongTermDebt,us-gaap,USD,2022-07-01,2023-06-30,8342000000.0,2024,Q2,10-Q,2024-08-02,0001018724-24-000130,
debt_proceeds,ProceedsFromIssuanceOfLongTermDebt,us-gaap,USD,2023-01-01,2023-06-30,0.0,2024,Q2,10-Q,2024-08-02,0001018724-24-000130,
debt_proceeds,ProceedsFromIssuanceOfLongTermDebt,us-gaap,USD,2023-04-01,2023-06-30,0.0,2024,Q2,10-Q,2024-08-02,0001018724-24-000130,CY2023Q2
debt_proceeds,ProceedsFromIssuanceOfLongTermDebt,us-gaap,USD,2022-10-01,2023-09-30,8235000000.0,2023,Q3,10-Q,2023-10-27,0001018724-23-000018,
debt_proceeds,ProceedsFromIssuanceOfLongTermDebt,us-gaap,USD,2023-01-01,2023-09-30,0.0,2023,Q3,10-Q,2023-10-27,0001018724-23-000018,
debt_proceeds,ProceedsFromIssuanceOfLongTermDebt,us-gaap,USD,2023-07-01,2023-09-30,0.0,2023,Q3,10-Q,2023-10-27,0001018724-23-000018,
debt_proceeds,ProceedsFromIssuanceOfLongTermDebt,us-gaap,USD,2022-10-01,2023-09-30,8235000000.0,2024,Q3,10-Q,2024-11-01,0001018724-24-000161,
debt_proceeds,ProceedsFromIssuanceOfLongTermDebt,us-gaap,USD,2023-01-01,2023-09-30,0.0,2024,Q3,10-Q,2024-11-01,0001018724-24-000161,
debt_proceeds,ProceedsFromIssuanceOfLongTermDebt,us-gaap,USD,2023-07-01,2023-09-30,0.0,2024,Q3,10-Q,2024-11-01,0001018724-24-000161,CY2023Q3
debt_proceeds,ProceedsFromIssuanceOfLongTermDebt,us-gaap,USD,2023-01-01,2023-12-31,0.0,2023,FY,10-K,2024-02-02,0001018724-24-000008,
debt_proceeds,ProceedsFromIssuanceOfLongTermDebt,us-gaap,USD,2023-01-01,2023-12-31,0.0,2024,FY,10-K,2025-02-07,0001018724-25-000004,
debt_proceeds,ProceedsFromIssuanceOfLongTermDebt,us-gaap,USD,2023-01-01,2023-12-31,0.0,2025,FY,10-K,2026-02-06,0001018724-26-000004,CY2023
debt_proceeds,ProceedsFromIssuanceOfLongTermDebt,us-gaap,USD,2023-04-01,2024-03-31,0.0,2024,Q1,10-Q,2024-05-01,0001018724-24-000083,
debt_proceeds,ProceedsFromIssuanceOfLongTermDebt,us-gaap,USD,2024-01-01,2024-03-31,0.0,2024,Q1,10-Q,2024-05-01,0001018724-24-000083,
debt_proceeds,ProceedsFromIssuanceOfLongTermDebt,us-gaap,USD,2023-04-01,2024-03-31,0.0,2025,Q1,10-Q,2025-05-02,0001018724-25-000036,
debt_proceeds,ProceedsFromIssuanceOfLongTermDebt,us-gaap,USD,2024-01-01,2024-03-31,0.0,2025,Q1,10-Q,2025-05-02,0001018724-25-000036,CY2024Q1
debt_proceeds,ProceedsFromIssuanceOfLongTermDebt,us-gaap,USD,2023-07-01,2024-06-30,0.0,2024,Q2,10-Q,2024-08-02,0001018724-24-000130,
debt_proceeds,ProceedsFromIssuanceOfLongTermDebt,us-gaap,USD,2024-01-01,2024-06-30,0.0,2024,Q2,10-Q,2024-08-02,0001018724-24-000130,
debt_proceeds,ProceedsFromIssuanceOfLongTermDebt,us-gaap,USD,2024-04-01,2024-06-30,0.0,2024,Q2,10-Q,2024-08-02,0001018724-24-000130,
debt_proceeds,ProceedsFromIssuanceOfLongTermDebt,us-gaap,USD,2023-07-01,2024-06-30,0.0,2025,Q2,10-Q,2025-08-01,0001018724-25-000086,
debt_proceeds,ProceedsFromIssuanceOfLongTermDebt,us-gaap,USD,2024-01-01,2024-06-30,0.0,2025,Q2,10-Q,2025-08-01,0001018724-25-000086,
debt_proceeds,ProceedsFromIssuanceOfLongTermDebt,us-gaap,USD,2024-04-01,2024-06-30,0.0,2025,Q2,10-Q,2025-08-01,0001018724-25-000086,CY2024Q2
debt_proceeds,ProceedsFromIssuanceOfLongTermDebt,us-gaap,USD,2023-10-01,2024-09-30,0.0,2024,Q3,10-Q,2024-11-01,0001018724-24-000161,
debt_proceeds,ProceedsFromIssuanceOfLongTermDebt,us-gaap,USD,2024-01-01,2024-09-30,0.0,2024,Q3,10-Q,2024-11-01,0001018724-24-000161,
debt_proceeds,ProceedsFromIssuanceOfLongTermDebt,us-gaap,USD,2024-07-01,2024-09-30,0.0,2024,Q3,10-Q,2024-11-01,0001018724-24-000161,
debt_proceeds,ProceedsFromIssuanceOfLongTermDebt,us-gaap,USD,2023-10-01,2024-09-30,0.0,2025,Q3,10-Q,2025-10-31,0001018724-25-000123,
debt_proceeds,ProceedsFromIssuanceOfLongTermDebt,us-gaap,USD,2024-01-01,2024-09-30,0.0,2025,Q3,10-Q,2025-10-31,0001018724-25-000123,
debt_proceeds,ProceedsFromIssuanceOfLongTermDebt,us-gaap,USD,2024-07-01,2024-09-30,0.0,2025,Q3,10-Q,2025-10-31,0001018724-25-000123,CY2024Q3
debt_proceeds,ProceedsFromIssuanceOfLongTermDebt,us-gaap,USD,2024-01-01,2024-12-31,0.0,2024,FY,10-K,2025-02-07,0001018724-25-000004,
debt_proceeds,ProceedsFromIssuanceOfLongTermDebt,us-gaap,USD,2024-01-01,2024-12-31,0.0,2025,FY,10-K,2026-02-06,0001018724-26-000004,CY2024
debt_proceeds,ProceedsFromIssuanceOfLongTermDebt,us-gaap,USD,2024-04-01,2025-03-31,746000000.0,2025,Q1,10-Q,2025-05-02,0001018724-25-000036,
debt_proceeds,ProceedsFromIssuanceOfLongTermDebt,us-gaap,USD,2025-01-01,2025-03-31,746000000.0,2025,Q1,10-Q,2025-05-02,0001018724-25-000036,
debt_proceeds,ProceedsFromIssuanceOfLongTermDebt,us-gaap,USD,2024-04-01,2025-03-31,746000000.0,2026,Q1,10-Q,2026-04-30,0001018724-26-000014,
debt_proceeds,ProceedsFromIssuanceOfLongTermDebt,us-gaap,USD,2025-01-01,2025-03-31,746000000.0,2026,Q1,10-Q,2026-04-30,0001018724-26-000014,CY2025Q1
debt_proceeds,ProceedsFromIssuanceOfLongTermDebt,us-gaap,USD,2024-07-01,2025-06-30,746000000.0,2025,Q2,10-Q,2025-08-01,0001018724-25-000086,
debt_proceeds,ProceedsFromIssuanceOfLongTermDebt,us-gaap,USD,2025-01-01,2025-06-30,746000000.0,2025,Q2,10-Q,2025-08-01,0001018724-25-000086,
debt_proceeds,ProceedsFromIssuanceOfLongTermDebt,us-gaap,USD,2025-04-01,2025-06-30,0.0,2025,Q2,10-Q,2025-08-01,0001018724-25-000086,
debt_proceeds,ProceedsFromIssuanceOfLongTermDebt,us-gaap,USD,2024-07-01,2025-06-30,746000000.0,2026,Q2,10-Q,2026-07-31,0001018724-26-000026,
debt_proceeds,ProceedsFromIssuanceOfLongTermDebt,us-gaap,USD,2025-01-01,2025-06-30,746000000.0,2026,Q2,10-Q,2026-07-31,0001018724-26-000026,
debt_proceeds,ProceedsFromIssuanceOfLongTermDebt,us-gaap,USD,2025-04-01,2025-06-30,0.0,2026,Q2,10-Q,2026-07-31,0001018724-26-000026,CY2025Q2
debt_proceeds,ProceedsFromIssuanceOfLongTermDebt,us-gaap,USD,2024-10-01,2025-09-30,746000000.0,2025,Q3,10-Q,2025-10-31,0001018724-25-000123,
debt_proceeds,ProceedsFromIssuanceOfLongTermDebt,us-gaap,USD,2025-01-01,2025-09-30,746000000.0,2025,Q3,10-Q,2025-10-31,0001018724-25-000123,
debt_proceeds,ProceedsFromIssuanceOfLongTermDebt,us-gaap,USD,2025-07-01,2025-09-30,0.0,2025,Q3,10-Q,2025-10-31,0001018724-25-000123,CY2025Q3
debt_proceeds,ProceedsFromIssuanceOfLongTermDebt,us-gaap,USD,2025-01-01,2025-12-31,15673000000.0,2025,FY,10-K,2026-02-06,0001018724-26-000004,CY2025
debt_proceeds,ProceedsFromIssuanceOfLongTermDebt,us-gaap,USD,2025-04-01,2026-03-31,68368000000.0,2026,Q1,10-Q,2026-04-30,0001018724-26-000014,
debt_proceeds,ProceedsFromIssuanceOfLongTermDebt,us-gaap,USD,2026-01-01,2026-03-31,53441000000.0,2026,Q1,10-Q,2026-04-30,0001018724-26-000014,CY2026Q1
debt_proceeds,ProceedsFromIssuanceOfLongTermDebt,us-gaap,USD,2025-07-01,2026-06-30,81925000000.0,2026,Q2,10-Q,2026-07-31,0001018724-26-000026,CY2026
debt_proceeds,ProceedsFromIssuanceOfLongTermDebt,us-gaap,USD,2026-01-01,2026-06-30,66998000000.0,2026,Q2,10-Q,2026-07-31,0001018724-26-000026,
debt_proceeds,ProceedsFromIssuanceOfLongTermDebt,us-gaap,USD,2026-04-01,2026-06-30,13557000000.0,2026,Q2,10-Q,2026-07-31,0001018724-26-000026,CY2026Q2
debt_repayments,RepaymentsOfLongTermDebt,us-gaap,USD,2018-07-01,2019-06-30,122000000.0,2020,Q2,10-Q,2020-07-31,0001018724-20-000021,
debt_repayments,RepaymentsOfLongTermDebt,us-gaap,USD,2019-01-01,2019-06-30,101000000.0,2020,Q2,10-Q,2020-07-31,0001018724-20-000021,
debt_repayments,RepaymentsOfLongTermDebt,us-gaap,USD,2019-04-01,2019-06-30,39000000.0,2020,Q2,10-Q,2020-07-31,0001018724-20-000021,CY2019Q2
debt_repayments,RepaymentsOfLongTermDebt,us-gaap,USD,2018-10-01,2019-09-30,124000000.0,2020,Q3,10-Q,2020-10-30,0001018724-20-000030,
debt_repayments,RepaymentsOfLongTermDebt,us-gaap,USD,2019-01-01,2019-09-30,115000000.0,2020,Q3,10-Q,2020-10-30,0001018724-20-000030,
debt_repayments,RepaymentsOfLongTermDebt,us-gaap,USD,2019-07-01,2019-09-30,14000000.0,2020,Q3,10-Q,2020-10-30,0001018724-20-000030,CY2019Q3
debt_repayments,RepaymentsOfLongTermDebt,us-gaap,USD,2019-01-01,2019-12-31,1166000000.0,2021,FY,10-K,2022-02-04,0001018724-22-000005,CY2019
debt_repayments,RepaymentsOfLongTermDebt,us-gaap,USD,2019-04-01,2020-03-31,1140000000.0,2021,Q1,10-Q,2021-04-30,0001018724-21-000010,
debt_repayments,RepaymentsOfLongTermDebt,us-gaap,USD,2020-01-01,2020-03-31,36000000.0,2021,Q1,10-Q,2021-04-30,0001018724-21-000010,CY2020Q1
debt_repayments,RepaymentsOfLongTermDebt,us-gaap,USD,2019-07-01,2020-06-30,1305000000.0,2020,Q2,10-Q,2020-07-31,0001018724-20-000021,
debt_repayments,RepaymentsOfLongTermDebt,us-gaap,USD,2020-01-01,2020-06-30,241000000.0,2020,Q2,10-Q,2020-07-31,0001018724-20-000021,
debt_repayments,RepaymentsOfLongTermDebt,us-gaap,USD,2020-04-01,2020-06-30,205000000.0,2020,Q2,10-Q,2020-07-31,0001018724-20-000021,
debt_repayments,RepaymentsOfLongTermDebt,us-gaap,USD,2019-07-01,2020-06-30,1305000000.0,2021,Q2,10-Q,2021-07-30,0001018724-21-000020,
debt_repayments,RepaymentsOfLongTermDebt,us-gaap,USD,2020-01-01,2020-06-30,241000000.0,2021,Q2,10-Q,2021-07-30,0001018724-21-000020,
debt_repayments,RepaymentsOfLongTermDebt,us-gaap,USD,2020-04-01,2020-06-30,205000000.0,2021,Q2,10-Q,2021-07-30,0001018724-21-000020,CY2020Q2
debt_repayments,RepaymentsOfLongTermDebt,us-gaap,USD,2019-10-01,2020-09-30,2490000000.0,2020,Q3,10-Q,2020-10-30,0001018724-20-000030,
debt_repayments,RepaymentsOfLongTermDebt,us-gaap,USD,2020-01-01,2020-09-30,1439000000.0,2020,Q3,10-Q,2020-10-30,0001018724-20-000030,
debt_repayments,RepaymentsOfLongTermDebt,us-gaap,USD,2020-07-01,2020-09-30,1198000000.0,2020,Q3,10-Q,2020-10-30,0001018724-20-000030,
debt_repayments,RepaymentsOfLongTermDebt,us-gaap,USD,2019-10-01,2020-09-30,2490000000.0,2021,Q3,10-Q,2021-10-29,0001018724-21-000028,
debt_repayments,RepaymentsOfLongTermDebt,us-gaap,USD,2020-01-01,2020-09-30,1439000000.0,2021,Q3,10-Q,2021-10-29,0001018724-21-000028,
debt_repayments,RepaymentsOfLongTermDebt,us-gaap,USD,2020-07-01,2020-09-30,1198000000.0,2021,Q3,10-Q,2021-10-29,0001018724-21-000028,CY2020Q3
debt_repayments,RepaymentsOfLongTermDebt,us-gaap,USD,2020-01-01,2020-12-31,1553000000.0,2021,FY,10-K,2022-02-04,0001018724-22-000005,
debt_repayments,RepaymentsOfLongTermDebt,us-gaap,USD,2020-01-01,2020-12-31,1553000000.0,2022,FY,10-K,2023-02-03,0001018724-23-000004,CY2020
debt_repayments,RepaymentsOfLongTermDebt,us-gaap,USD,2020-04-01,2021-03-31,1556000000.0,2021,Q1,10-Q,2021-04-30,0001018724-21-000010,
debt_repayments,RepaymentsOfLongTermDebt,us-gaap,USD,2021-01-01,2021-03-31,39000000.0,2021,Q1,10-Q,2021-04-30,0001018724-21-000010,
debt_repayments,RepaymentsOfLongTermDebt,us-gaap,USD,2020-04-01,2021-03-31,1556000000.0,2022,Q1,10-Q,2022-04-29,0001018724-22-000013,
debt_repayments,RepaymentsOfLongTermDebt,us-gaap,USD,2021-01-01,2021-03-31,39000000.0,2022,Q1,10-Q,2022-04-29,0001018724-22-000013,CY2021Q1
debt_repayments,RepaymentsOfLongTermDebt,us-gaap,USD,2020-07-01,2021-06-30,1392000000.0,2021,Q2,10-Q,2021-07-30,0001018724-21-000020,
debt_repayments,RepaymentsOfLongTermDebt,us-gaap,USD,2021-01-01,2021-06-30,80000000.0,2021,Q2,10-Q,2021-07-30,0001018724-21-000020,
debt_repayments,RepaymentsOfLongTermDebt,us-gaap,USD,2021-04-01,2021-06-30,41000000.0,2021,Q2,10-Q,2021-07-30,0001018724-21-000020,
debt_repayments,RepaymentsOfLongTermDebt,us-gaap,USD,2020-07-01,2021-06-30,1392000000.0,2022,Q2,10-Q,2022-07-29,0001018724-22-000019,
debt_repayments,RepaymentsOfLongTermDebt,us-gaap,USD,2021-01-01,2021-06-30,80000000.0,2022,Q2,10-Q,2022-07-29,0001018724-22-000019,
debt_repayments,RepaymentsOfLongTermDebt,us-gaap,USD,2021-04-01,2021-06-30,41000000.0,2022,Q2,10-Q,2022-07-29,0001018724-22-000019,CY2021Q2
debt_repayments,RepaymentsOfLongTermDebt,us-gaap,USD,2020-10-01,2021-09-30,703000000.0,2021,Q3,10-Q,2021-10-29,0001018724-21-000028,
debt_repayments,RepaymentsOfLongTermDebt,us-gaap,USD,2021-01-01,2021-09-30,589000000.0,2021,Q3,10-Q,2021-10-29,0001018724-21-000028,
debt_repayments,RepaymentsOfLongTermDebt,us-gaap,USD,2021-07-01,2021-09-30,509000000.0,2021,Q3,10-Q,2021-10-29,0001018724-21-000028,
debt_repayments,RepaymentsOfLongTermDebt,us-gaap,USD,2020-10-01,2021-09-30,703000000.0,2022,Q3,10-Q,2022-10-28,0001018724-22-000023,
debt_repayments,RepaymentsOfLongTermDebt,us-gaap,USD,2021-01-01,2021-09-30,589000000.0,2022,Q3,10-Q,2022-10-28,0001018724-22-000023,
debt_repayments,RepaymentsOfLongTermDebt,us-gaap,USD,2021-07-01,2021-09-30,509000000.0,2022,Q3,10-Q,2022-10-28,0001018724-22-000023,CY2021Q3
debt_repayments,RepaymentsOfLongTermDebt,us-gaap,USD,2021-01-01,2021-12-31,1590000000.0,2021,FY,10-K,2022-02-04,0001018724-22-000005,
debt_repayments,RepaymentsOfLongTermDebt,us-gaap,USD,2021-01-01,2021-12-31,1590000000.0,2022,FY,10-K,2023-02-03,0001018724-23-000004,
debt_repayments,RepaymentsOfLongTermDebt,us-gaap,USD,2021-01-01,2021-12-31,1590000000.0,2023,FY,10-K,2024-02-02,0001018724-24-000008,CY2021
debt_repayments,RepaymentsOfLongTermDebt,us-gaap,USD,2021-04-01,2022-03-31,1551000000.0,2022,Q1,10-Q,2022-04-29,0001018724-22-000013,
debt_repayments,RepaymentsOfLongTermDebt,us-gaap,USD,2022-01-01,2022-03-31,0.0,2022,Q1,10-Q,2022-04-29,0001018724-22-000013,
debt_repayments,RepaymentsOfLongTermDebt,us-gaap,USD,2021-04-01,2022-03-31,1551000000.0,2023,Q1,10-Q,2023-04-28,0001018724-23-000008,
debt_repayments,RepaymentsOfLongTermDebt,us-gaap,USD,2022-01-01,2022-03-31,0.0,2023,Q1,10-Q,2023-04-28,0001018724-23-000008,CY2022Q1
debt_repayments,RepaymentsOfLongTermDebt,us-gaap,USD,2021-07-01,2022-06-30,1511000000.0,2022,Q2,10-Q,2022-07-29,0001018724-22-000019,
debt_repayments,RepaymentsOfLongTermDebt,us-gaap,USD,2022-01-01,2022-06-30,1000000.0,2022,Q2,10-Q,2022-07-29,0001018724-22-000019,
debt_repayments,RepaymentsOfLongTermDebt,us-gaap,USD,2022-04-01,2022-06-30,1000000.0,2022,Q2,10-Q,2022-07-29,0001018724-22-000019,
debt_repayments,RepaymentsOfLongTermDebt,us-gaap,USD,2021-07-01,2022-06-30,1511000000.0,2023,Q2,10-Q,2023-08-04,0001018724-23-000012,
debt_repayments,RepaymentsOfLongTermDebt,us-gaap,USD,2022-01-01,2022-06-30,1000000.0,2023,Q2,10-Q,2023-08-04,0001018724-23-000012,
debt_repayments,RepaymentsOfLongTermDebt,us-gaap,USD,2022-04-01,2022-06-30,1000000.0,2023,Q2,10-Q,2023-08-04,0001018724-23-000012,CY2022Q2
debt_repayments,RepaymentsOfLongTermDebt,us-gaap,USD,2021-10-01,2022-09-30,1002000000.0,2022,Q3,10-Q,2022-10-28,0001018724-22-000023,
debt_repayments,RepaymentsOfLongTermDebt,us-gaap,USD,2022-01-01,2022-09-30,1000000.0,2022,Q3,10-Q,2022-10-28,0001018724-22-000023,
debt_repayments,RepaymentsOfLongTermDebt,us-gaap,USD,2022-07-01,2022-09-30,0.0,2022,Q3,10-Q,2022-10-28,0001018724-22-000023,
debt_repayments,RepaymentsOfLongTermDebt,us-gaap,USD,2021-10-01,2022-09-30,1002000000.0,2023,Q3,10-Q,2023-10-27,0001018724-23-000018,
debt_repayments,RepaymentsOfLongTermDebt,us-gaap,USD,2022-01-01,2022-09-30,1000000.0,2023,Q3,10-Q,2023-10-27,0001018724-23-000018,
debt_repayments,RepaymentsOfLongTermDebt,us-gaap,USD,2022-07-01,2022-09-30,0.0,2023,Q3,10-Q,2023-10-27,0001018724-23-000018,CY2022Q3
debt_repayments,RepaymentsOfLongTermDebt,us-gaap,USD,2022-01-01,2022-12-31,1258000000.0,2022,FY,10-K,2023-02-03,0001018724-23-000004,
debt_repayments,RepaymentsOfLongTermDebt,us-gaap,USD,2022-01-01,2022-12-31,1258000000.0,2023,FY,10-K,2024-02-02,0001018724-24-000008,
debt_repayments,RepaymentsOfLongTermDebt,us-gaap,USD,2022-01-01,2022-12-31,1258000000.0,2024,FY,10-K,2025-02-07,0001018724-25-000004,CY2022
debt_repayments,RepaymentsOfLongTermDebt,us-gaap,USD,2022-04-01,2023-03-31,2644000000.0,2023,Q1,10-Q,2023-04-28,0001018724-23-000008,
debt_repayments,RepaymentsOfLongTermDebt,us-gaap,USD,2023-01-01,2023-03-31,1386000000.0,2023,Q1,10-Q,2023-04-28,0001018724-23-000008,
debt_repayments,RepaymentsOfLongTermDebt,us-gaap,USD,2022-04-01,2023-03-31,2644000000.0,2024,Q1,10-Q,2024-05-01,0001018724-24-000083,
debt_repayments,RepaymentsOfLongTermDebt,us-gaap,USD,2023-01-01,2023-03-31,1386000000.0,2024,Q1,10-Q,2024-05-01,0001018724-24-000083,CY2023Q1
debt_repayments,RepaymentsOfLongTermDebt,us-gaap,USD,2022-07-01,2023-06-30,4643000000.0,2023,Q2,10-Q,2023-08-04,0001018724-23-000012,
debt_repayments,RepaymentsOfLongTermDebt,us-gaap,USD,2023-01-01,2023-06-30,3386000000.0,2023,Q2,10-Q,2023-08-04,0001018724-23-000012,
debt_repayments,RepaymentsOfLongTermDebt,us-gaap,USD,2023-04-01,2023-06-30,2000000000.0,2023,Q2,10-Q,2023-08-04,0001018724-23-000012,
debt_repayments,RepaymentsOfLongTermDebt,us-gaap,USD,2022-07-01,2023-06-30,4643000000.0,2024,Q2,10-Q,2024-08-02,0001018724-24-000130,
debt_repayments,RepaymentsOfLongTermDebt,us-gaap,USD,2023-01-01,2023-06-30,3386000000.0,2024,Q2,10-Q,2024-08-02,0001018724-24-000130,
debt_repayments,RepaymentsOfLongTermDebt,us-gaap,USD,2023-04-01,2023-06-30,2000000000.0,2024,Q2,10-Q,2024-08-02,0001018724-24-000130,CY2023Q2
debt_repayments,RepaymentsOfLongTermDebt,us-gaap,USD,2022-10-01,2023-09-30,4643000000.0,2023,Q3,10-Q,2023-10-27,0001018724-23-000018,
debt_repayments,RepaymentsOfLongTermDebt,us-gaap,USD,2023-01-01,2023-09-30,3386000000.0,2023,Q3,10-Q,2023-10-27,0001018724-23-000018,
debt_repayments,RepaymentsOfLongTermDebt,us-gaap,USD,2023-07-01,2023-09-30,0.0,2023,Q3,10-Q,2023-10-27,0001018724-23-000018,
debt_repayments,RepaymentsOfLongTermDebt,us-gaap,USD,2022-10-01,2023-09-30,4643000000.0,2024,Q3,10-Q,2024-11-01,0001018724-24-000161,
debt_repayments,RepaymentsOfLongTermDebt,us-gaap,USD,2023-01-01,2023-09-30,3386000000.0,2024,Q3,10-Q,2024-11-01,0001018724-24-000161,
debt_repayments,RepaymentsOfLongTermDebt,us-gaap,USD,2023-07-01,2023-09-30,0.0,2024,Q3,10-Q,2024-11-01,0001018724-24-000161,CY2023Q3
debt_repayments,RepaymentsOfLongTermDebt,us-gaap,USD,2023-01-01,2023-12-31,3676000000.0,2023,FY,10-K,2024-02-02,0001018724-24-000008,
debt_repayments,RepaymentsOfLongTermDebt,us-gaap,USD,2023-01-01,2023-12-31,3676000000.0,2024,FY,10-K,2025-02-07,0001018724-25-000004,
debt_repayments,RepaymentsOfLongTermDebt,us-gaap,USD,2023-01-01,2023-12-31,3676000000.0,2025,FY,10-K,2026-02-06,0001018724-26-000004,CY2023
debt_repayments,RepaymentsOfLongTermDebt,us-gaap,USD,2023-04-01,2024-03-31,2620000000.0,2024,Q1,10-Q,2024-05-01,0001018724-24-000083,
debt_repayments,RepaymentsOfLongTermDebt,us-gaap,USD,2024-01-01,2024-03-31,330000000.0,2024,Q1,10-Q,2024-05-01,0001018724-24-000083,
debt_repayments,RepaymentsOfLongTermDebt,us-gaap,USD,2023-04-01,2024-03-31,2620000000.0,2025,Q1,10-Q,2025-05-02,0001018724-25-000036,
debt_repayments,RepaymentsOfLongTermDebt,us-gaap,USD,2024-01-01,2024-03-31,330000000.0,2025,Q1,10-Q,2025-05-02,0001018724-25-000036,CY2024Q1
debt_repayments,RepaymentsOfLongTermDebt,us-gaap,USD,2023-07-01,2024-06-30,4789000000.0,2024,Q2,10-Q,2024-08-02,0001018724-24-000130,
debt_repayments,RepaymentsOfLongTermDebt,us-gaap,USD,2024-01-01,2024-06-30,4499000000.0,2024,Q2,10-Q,2024-08-02,0001018724-24-000130,
debt_repayments,RepaymentsOfLongTermDebt,us-gaap,USD,2024-04-01,2024-06-30,4169000000.0,2024,Q2,10-Q,2024-08-02,0001018724-24-000130,
debt_repayments,RepaymentsOfLongTermDebt,us-gaap,USD,2023-07-01,2024-06-30,4789000000.0,2025,Q2,10-Q,2025-08-01,0001018724-25-000086,
debt_repayments,RepaymentsOfLongTermDebt,us-gaap,USD,2024-01-01,2024-06-30,4499000000.0,2025,Q2,10-Q,2025-08-01,0001018724-25-000086,
debt_repayments,RepaymentsOfLongTermDebt,us-gaap,USD,2024-04-01,2024-06-30,4169000000.0,2025,Q2,10-Q,2025-08-01,0001018724-25-000086,CY2024Q2
debt_repayments,RepaymentsOfLongTermDebt,us-gaap,USD,2023-10-01,2024-09-30,6972000000.0,2024,Q3,10-Q,2024-11-01,0001018724-24-000161,
debt_repayments,RepaymentsOfLongTermDebt,us-gaap,USD,2024-01-01,2024-09-30,6682000000.0,2024,Q3,10-Q,2024-11-01,0001018724-24-000161,
debt_repayments,RepaymentsOfLongTermDebt,us-gaap,USD,2024-07-01,2024-09-30,2183000000.0,2024,Q3,10-Q,2024-11-01,0001018724-24-000161,
debt_repayments,RepaymentsOfLongTermDebt,us-gaap,USD,2023-10-01,2024-09-30,6972000000.0,2025,Q3,10-Q,2025-10-31,0001018724-25-000123,
debt_repayments,RepaymentsOfLongTermDebt,us-gaap,USD,2024-01-01,2024-09-30,6682000000.0,2025,Q3,10-Q,2025-10-31,0001018724-25-000123,
debt_repayments,RepaymentsOfLongTermDebt,us-gaap,USD,2024-07-01,2024-09-30,2183000000.0,2025,Q3,10-Q,2025-10-31,0001018724-25-000123,CY2024Q3
debt_repayments,RepaymentsOfLongTermDebt,us-gaap,USD,2024-01-01,2024-12-31,9182000000.0,2024,FY,10-K,2025-02-07,0001018724-25-000004,
debt_repayments,RepaymentsOfLongTermDebt,us-gaap,USD,2024-01-01,2024-12-31,9182000000.0,2025,FY,10-K,2026-02-06,0001018724-26-000004,CY2024
debt_repayments,RepaymentsOfLongTermDebt,us-gaap,USD,2024-04-01,2025-03-31,8852000000.0,2025,Q1,10-Q,2025-05-02,0001018724-25-000036,
debt_repayments,RepaymentsOfLongTermDebt,us-gaap,USD,2025-01-01,2025-03-31,0.0,2025,Q1,10-Q,2025-05-02,0001018724-25-000036,
debt_repayments,RepaymentsOfLongTermDebt,us-gaap,USD,2024-04-01,2025-03-31,8852000000.0,2026,Q1,10-Q,2026-04-30,0001018724-26-000014,
debt_repayments,RepaymentsOfLongTermDebt,us-gaap,USD,2025-01-01,2025-03-31,0.0,2026,Q1,10-Q,2026-04-30,0001018724-26-000014,CY2025Q1
debt_repayments,RepaymentsOfLongTermDebt,us-gaap,USD,2024-07-01,2025-06-30,7434000000.0,2025,Q2,10-Q,2025-08-01,0001018724-25-000086,
debt_repayments,RepaymentsOfLongTermDebt,us-gaap,USD,2025-01-01,2025-06-30,2751000000.0,2025,Q2,10-Q,2025-08-01,0001018724-25-000086,
debt_repayments,RepaymentsOfLongTermDebt,us-gaap,USD,2025-04-01,2025-06-30,2751000000.0,2025,Q2,10-Q,2025-08-01,0001018724-25-000086,
debt_repayments,RepaymentsOfLongTermDebt,us-gaap,USD,2024-07-01,2025-06-30,7434000000.0,2026,Q2,10-Q,2026-07-31,0001018724-26-000026,
debt_repayments,RepaymentsOfLongTermDebt,us-gaap,USD,2025-01-01,2025-06-30,2751000000.0,2026,Q2,10-Q,2026-07-31,0001018724-26-000026,
debt_repayments,RepaymentsOfLongTermDebt,us-gaap,USD,2025-04-01,2025-06-30,2751000000.0,2026,Q2,10-Q,2026-07-31,0001018724-26-000026,CY2025Q2
debt_repayments,RepaymentsOfLongTermDebt,us-gaap,USD,2024-10-01,2025-09-30,6259000000.0,2025,Q3,10-Q,2025-10-31,0001018724-25-000123,
debt_repayments,RepaymentsOfLongTermDebt,us-gaap,USD,2025-01-01,2025-09-30,3759000000.0,2025,Q3,10-Q,2025-10-31,0001018724-25-000123,
debt_repayments,RepaymentsOfLongTermDebt,us-gaap,USD,2025-07-01,2025-09-30,1008000000.0,2025,Q3,10-Q,2025-10-31,0001018724-25-000123,CY2025Q3
debt_repayments,RepaymentsOfLongTermDebt,us-gaap,USD,2025-01-01,2025-12-31,5021000000.0,2025,FY,10-K,2026-02-06,0001018724-26-000004,CY2025
debt_repayments,RepaymentsOfLongTermDebt,us-gaap,USD,2025-04-01,2026-03-31,5021000000.0,2026,Q1,10-Q,2026-04-30,0001018724-26-000014,
debt_repayments,RepaymentsOfLongTermDebt,us-gaap,USD,2026-01-01,2026-03-31,0.0,2026,Q1,10-Q,2026-04-30,0001018724-26-000014,CY2026Q1
debt_repayments,RepaymentsOfLongTermDebt,us-gaap,USD,2025-07-01,2026-06-30,5022000000.0,2026,Q2,10-Q,2026-07-31,0001018724-26-000026,CY2026
debt_repayments,RepaymentsOfLongTermDebt,us-gaap,USD,2026-01-01,2026-06-30,2752000000.0,2026,Q2,10-Q,2026-07-31,0001018724-26-000026,
debt_repayments,RepaymentsOfLongTermDebt,us-gaap,USD,2026-04-01,2026-06-30,2752000000.0,2026,Q2,10-Q,2026-07-31,0001018724-26-000026,CY2026Q2
deferred_revenue,ContractWithCustomerLiabilityCurrent,us-gaap,USD,,2017-12-31,5097000000.0,2018,Q3,10-Q,2018-10-26,0001018724-18-000159,
deferred_revenue,ContractWithCustomerLiabilityCurrent,us-gaap,USD,,2017-12-31,5097000000.0,2018,FY,10-K,2019-02-01,0001018724-19-000004,CY2017Q4I
deferred_revenue,ContractWithCustomerLiabilityCurrent,us-gaap,USD,,2018-09-30,6000000000.0,2018,Q3,10-Q,2018-10-26,0001018724-18-000159,CY2018Q3I
deferred_revenue,ContractWithCustomerLiabilityCurrent,us-gaap,USD,,2018-12-31,6536000000.0,2018,FY,10-K,2019-02-01,0001018724-19-000004,
deferred_revenue,ContractWithCustomerLiabilityCurrent,us-gaap,USD,,2018-12-31,6536000000.0,2019,Q1,10-Q,2019-04-26,0001018724-19-000043,
deferred_revenue,ContractWithCustomerLiabilityCurrent,us-gaap,USD,,2018-12-31,6536000000.0,2019,Q2,10-Q,2019-07-26,0001018724-19-000071,
deferred_revenue,ContractWithCustomerLiabilityCurrent,us-gaap,USD,,2018-12-31,6536000000.0,2019,Q3,10-Q,2019-10-25,0001018724-19-000089,
deferred_revenue,ContractWithCustomerLiabilityCurrent,us-gaap,USD,,2018-12-31,6536000000.0,2019,FY,10-K,2020-01-31,0001018724-20-000004,CY2018Q4I
deferred_revenue,ContractWithCustomerLiabilityCurrent,us-gaap,USD,,2019-03-31,7298000000.0,2019,Q1,10-Q,2019-04-26,0001018724-19-000043,CY2019Q1I
deferred_revenue,ContractWithCustomerLiabilityCurrent,us-gaap,USD,,2019-06-30,7475000000.0,2019,Q2,10-Q,2019-07-26,0001018724-19-000071,CY2019Q2I
deferred_revenue,ContractWithCustomerLiabilityCurrent,us-gaap,USD,,2019-09-30,7381000000.0,2019,Q3,10-Q,2019-10-25,0001018724-19-000089,CY2019Q3I
deferred_revenue,ContractWithCustomerLiabilityCurrent,us-gaap,USD,,2019-12-31,8190000000.0,2019,FY,10-K,2020-01-31,0001018724-20-000004,
deferred_revenue,ContractWithCustomerLiabilityCurrent,us-gaap,USD,,2019-12-31,8190000000.0,2020,Q1,10-Q,2020-05-01,0001018724-20-000010,
deferred_revenue,ContractWithCustomerLiabilityCurrent,us-gaap,USD,,2019-12-31,8190000000.0,2020,Q2,10-Q,2020-07-31,0001018724-20-000021,
deferred_revenue,ContractWithCustomerLiabilityCurrent,us-gaap,USD,,2019-12-31,8190000000.0,2020,Q3,10-Q,2020-10-30,0001018724-20-000030,
deferred_revenue,ContractWithCustomerLiabilityCurrent,us-gaap,USD,,2019-12-31,8190000000.0,2020,FY,10-K,2021-02-03,0001018724-21-000004,CY2019Q4I
deferred_revenue,ContractWithCustomerLiabilityCurrent,us-gaap,USD,,2020-03-31,8864000000.0,2020,Q1,10-Q,2020-05-01,0001018724-20-000010,CY2020Q1I
deferred_revenue,ContractWithCustomerLiabilityCurrent,us-gaap,USD,,2020-06-30,8997000000.0,2020,Q2,10-Q,2020-07-31,0001018724-20-000021,CY2020Q2I
deferred_revenue,ContractWithCustomerLiabilityCurrent,us-gaap,USD,,2020-09-30,9251000000.0,2020,Q3,10-Q,2020-10-30,0001018724-20-000030,CY2020Q3I
deferred_revenue,ContractWithCustomerLiabilityCurrent,us-gaap,USD,,2020-12-31,9708000000.0,2020,FY,10-K,2021-02-03,0001018724-21-000004,
deferred_revenue,ContractWithCustomerLiabilityCurrent,us-gaap,USD,,2020-12-31,9708000000.0,2021,Q1,10-Q,2021-04-30,0001018724-21-000010,
deferred_revenue,ContractWithCustomerLiabilityCurrent,us-gaap,USD,,2020-12-31,9708000000.0,2021,Q2,10-Q,2021-07-30,0001018724-21-000020,
deferred_revenue,ContractWithCustomerLiabilityCurrent,us-gaap,USD,,2020-12-31,9708000000.0,2021,Q3,10-Q,2021-10-29,0001018724-21-000028,
deferred_revenue,ContractWithCustomerLiabilityCurrent,us-gaap,USD,,2020-12-31,9708000000.0,2021,FY,10-K,2022-02-04,0001018724-22-000005,CY2020Q4I
deferred_revenue,ContractWithCustomerLiabilityCurrent,us-gaap,USD,,2021-03-31,10539000000.0,2021,Q1,10-Q,2021-04-30,0001018724-21-000010,CY2021Q1I
deferred_revenue,ContractWithCustomerLiabilityCurrent,us-gaap,USD,,2021-06-30,10695000000.0,2021,Q2,10-Q,2021-07-30,0001018724-21-000020,CY2021Q2I
deferred_revenue,ContractWithCustomerLiabilityCurrent,us-gaap,USD,,2021-09-30,10974000000.0,2021,Q3,10-Q,2021-10-29,0001018724-21-000028,CY2021Q3I
deferred_revenue,ContractWithCustomerLiabilityCurrent,us-gaap,USD,,2021-12-31,11827000000.0,2021,FY,10-K,2022-02-04,0001018724-22-000005,
deferred_revenue,ContractWithCustomerLiabilityCurrent,us-gaap,USD,,2021-12-31,11827000000.0,2022,Q1,10-Q,2022-04-29,0001018724-22-000013,
deferred_revenue,ContractWithCustomerLiabilityCurrent,us-gaap,USD,,2021-12-31,11827000000.0,2022,Q2,10-Q,2022-07-29,0001018724-22-000019,
deferred_revenue,ContractWithCustomerLiabilityCurrent,us-gaap,USD,,2021-12-31,11827000000.0,2022,Q3,10-Q,2022-10-28,0001018724-22-000023,
deferred_revenue,ContractWithCustomerLiabilityCurrent,us-gaap,USD,,2021-12-31,11827000000.0,2022,FY,10-K,2023-02-03,0001018724-23-000004,CY2021Q4I
deferred_revenue,ContractWithCustomerLiabilityCurrent,us-gaap,USD,,2022-03-31,12820000000.0,2022,Q1,10-Q,2022-04-29,0001018724-22-000013,CY2022Q1I
deferred_revenue,ContractWithCustomerLiabilityCurrent,us-gaap,USD,,2022-06-30,12818000000.0,2022,Q2,10-Q,2022-07-29,0001018724-22-000019,CY2022Q2I
deferred_revenue,ContractWithCustomerLiabilityCurrent,us-gaap,USD,,2022-09-30,12629000000.0,2022,Q3,10-Q,2022-10-28,0001018724-22-000023,CY2022Q3I
deferred_revenue,ContractWithCustomerLiabilityCurrent,us-gaap,USD,,2022-12-31,13227000000.0,2022,FY,10-K,2023-02-03,0001018724-23-000004,
deferred_revenue,ContractWithCustomerLiabilityCurrent,us-gaap,USD,,2022-12-31,13227000000.0,2023,Q1,10-Q,2023-04-28,0001018724-23-000008,
deferred_revenue,ContractWithCustomerLiabilityCurrent,us-gaap,USD,,2022-12-31,13227000000.0,2023,Q2,10-Q,2023-08-04,0001018724-23-000012,
deferred_revenue,ContractWithCustomerLiabilityCurrent,us-gaap,USD,,2022-12-31,13227000000.0,2023,Q3,10-Q,2023-10-27,0001018724-23-000018,
deferred_revenue,ContractWithCustomerLiabilityCurrent,us-gaap,USD,,2022-12-31,13227000000.0,2023,FY,10-K,2024-02-02,0001018724-24-000008,CY2022Q4I
deferred_revenue,ContractWithCustomerLiabilityCurrent,us-gaap,USD,,2023-03-31,14281000000.0,2023,Q1,10-Q,2023-04-28,0001018724-23-000008,CY2023Q1I
deferred_revenue,ContractWithCustomerLiabilityCurrent,us-gaap,USD,,2023-06-30,14522000000.0,2023,Q2,10-Q,2023-08-04,0001018724-23-000012,CY2023Q2I
deferred_revenue,ContractWithCustomerLiabilityCurrent,us-gaap,USD,,2023-09-30,14398000000.0,2023,Q3,10-Q,2023-10-27,0001018724-23-000018,CY2023Q3I
deferred_revenue,ContractWithCustomerLiabilityCurrent,us-gaap,USD,,2023-12-31,15227000000.0,2023,FY,10-K,2024-02-02,0001018724-24-000008,
deferred_revenue,ContractWithCustomerLiabilityCurrent,us-gaap,USD,,2023-12-31,15227000000.0,2024,Q1,10-Q,2024-05-01,0001018724-24-000083,
deferred_revenue,ContractWithCustomerLiabilityCurrent,us-gaap,USD,,2023-12-31,15227000000.0,2024,Q2,10-Q,2024-08-02,0001018724-24-000130,
deferred_revenue,ContractWithCustomerLiabilityCurrent,us-gaap,USD,,2023-12-31,15227000000.0,2024,Q3,10-Q,2024-11-01,0001018724-24-000161,
deferred_revenue,ContractWithCustomerLiabilityCurrent,us-gaap,USD,,2023-12-31,15227000000.0,2024,FY,10-K,2025-02-07,0001018724-25-000004,CY2023Q4I
deferred_revenue,ContractWithCustomerLiabilityCurrent,us-gaap,USD,,2024-03-31,15927000000.0,2024,Q1,10-Q,2024-05-01,0001018724-24-000083,CY2024Q1I
deferred_revenue,ContractWithCustomerLiabilityCurrent,us-gaap,USD,,2024-06-30,16004000000.0,2024,Q2,10-Q,2024-08-02,0001018724-24-000130,CY2024Q2I
deferred_revenue,ContractWithCustomerLiabilityCurrent,us-gaap,USD,,2024-09-30,16305000000.0,2024,Q3,10-Q,2024-11-01,0001018724-24-000161,CY2024Q3I
deferred_revenue,ContractWithCustomerLiabilityCurrent,us-gaap,USD,,2024-12-31,18103000000.0,2024,FY,10-K,2025-02-07,0001018724-25-000004,
deferred_revenue,ContractWithCustomerLiabilityCurrent,us-gaap,USD,,2024-12-31,18103000000.0,2025,Q1,10-Q,2025-05-02,0001018724-25-000036,
deferred_revenue,ContractWithCustomerLiabilityCurrent,us-gaap,USD,,2024-12-31,18103000000.0,2025,Q2,10-Q,2025-08-01,0001018724-25-000086,
deferred_revenue,ContractWithCustomerLiabilityCurrent,us-gaap,USD,,2024-12-31,18103000000.0,2025,Q3,10-Q,2025-10-31,0001018724-25-000123,
deferred_revenue,ContractWithCustomerLiabilityCurrent,us-gaap,USD,,2024-12-31,18103000000.0,2025,FY,10-K,2026-02-06,0001018724-26-000004,CY2024Q4I
deferred_revenue,ContractWithCustomerLiabilityCurrent,us-gaap,USD,,2025-03-31,20599000000.0,2025,Q1,10-Q,2025-05-02,0001018724-25-000036,CY2025Q1I
deferred_revenue,ContractWithCustomerLiabilityCurrent,us-gaap,USD,,2025-06-30,21662000000.0,2025,Q2,10-Q,2025-08-01,0001018724-25-000086,CY2025Q2I
deferred_revenue,ContractWithCustomerLiabilityCurrent,us-gaap,USD,,2025-09-30,21113000000.0,2025,Q3,10-Q,2025-10-31,0001018724-25-000123,CY2025Q3I
deferred_revenue,ContractWithCustomerLiabilityCurrent,us-gaap,USD,,2025-12-31,20576000000.0,2025,FY,10-K,2026-02-06,0001018724-26-000004,
deferred_revenue,ContractWithCustomerLiabilityCurrent,us-gaap,USD,,2025-12-31,20576000000.0,2026,Q1,10-Q,2026-04-30,0001018724-26-000014,
deferred_revenue,ContractWithCustomerLiabilityCurrent,us-gaap,USD,,2025-12-31,20576000000.0,2026,Q2,10-Q,2026-07-31,0001018724-26-000026,CY2025Q4I
deferred_revenue,ContractWithCustomerLiabilityCurrent,us-gaap,USD,,2026-03-31,20887000000.0,2026,Q1,10-Q,2026-04-30,0001018724-26-000014,CY2026Q1I
deferred_revenue,ContractWithCustomerLiabilityCurrent,us-gaap,USD,,2026-06-30,20428000000.0,2026,Q2,10-Q,2026-07-31,0001018724-26-000026,CY2026Q2I
deferred_revenue_change,IncreaseDecreaseInContractWithCustomerLiability,us-gaap,USD,2016-01-01,2016-12-31,1955000000.0,2018,FY,10-K,2019-02-01,0001018724-19-000004,CY2016
deferred_revenue_change,IncreaseDecreaseInContractWithCustomerLiability,us-gaap,USD,2016-10-01,2017-09-30,1316000000.0,2018,Q3,10-Q,2018-10-26,0001018724-18-000159,
deferred_revenue_change,IncreaseDecreaseInContractWithCustomerLiability,us-gaap,USD,2017-01-01,2017-09-30,603000000.0,2018,Q3,10-Q,2018-10-26,0001018724-18-000159,
deferred_revenue_change,IncreaseDecreaseInContractWithCustomerLiability,us-gaap,USD,2017-07-01,2017-09-30,184000000.0,2018,Q3,10-Q,2018-10-26,0001018724-18-000159,CY2017Q3
deferred_revenue_change,IncreaseDecreaseInContractWithCustomerLiability,us-gaap,USD,2017-01-01,2017-12-31,738000000.0,2018,FY,10-K,2019-02-01,0001018724-19-000004,
deferred_revenue_change,IncreaseDecreaseInContractWithCustomerLiability,us-gaap,USD,2017-01-01,2017-12-31,738000000.0,2019,FY,10-K,2020-01-31,0001018724-20-000004,CY2017
deferred_revenue_change,IncreaseDecreaseInContractWithCustomerLiability,us-gaap,USD,2017-04-01,2018-03-31,838000000.0,2019,Q1,10-Q,2019-04-26,0001018724-19-000043,
deferred_revenue_change,IncreaseDecreaseInContractWithCustomerLiability,us-gaap,USD,2018-01-01,2018-03-31,906000000.0,2019,Q1,10-Q,2019-04-26,0001018724-19-000043,CY2018Q1
deferred_revenue_change,IncreaseDecreaseInContractWithCustomerLiability,us-gaap,USD,2017-07-01,2018-06-30,943000000.0,2019,Q2,10-Q,2019-07-26,0001018724-19-000071,
deferred_revenue_change,IncreaseDecreaseInContractWithCustomerLiability,us-gaap,USD,2018-01-01,2018-06-30,623000000.0,2019,Q2,10-Q,2019-07-26,0001018724-19-000071,
deferred_revenue_change,IncreaseDecreaseInContractWithCustomerLiability,us-gaap,USD,2018-04-01,2018-06-30,-283000000.0,2019,Q2,10-Q,2019-07-26,0001018724-19-000071,CY2018Q2
deferred_revenue_change,IncreaseDecreaseInContractWithCustomerLiability,us-gaap,USD,2017-10-01,2018-09-30,759000000.0,2018,Q3,10-Q,2018-10-26,0001018724-18-000159,
deferred_revenue_change,IncreaseDecreaseInContractWithCustomerLiability,us-gaap,USD,2018-01-01,2018-09-30,623000000.0,2018,Q3,10-Q,2018-10-26,0001018724-18-000159,
deferred_revenue_change,IncreaseDecreaseInContractWithCustomerLiability,us-gaap,USD,2018-07-01,2018-09-30,0.0,2018,Q3,10-Q,2018-10-26,0001018724-18-000159,
deferred_revenue_change,IncreaseDecreaseInContractWithCustomerLiability,us-gaap,USD,2017-10-01,2018-09-30,759000000.0,2019,Q3,10-Q,2019-10-25,0001018724-19-000089,
deferred_revenue_change,IncreaseDecreaseInContractWithCustomerLiability,us-gaap,USD,2018-01-01,2018-09-30,623000000.0,2019,Q3,10-Q,2019-10-25,0001018724-19-000089,
deferred_revenue_change,IncreaseDecreaseInContractWithCustomerLiability,us-gaap,USD,2018-07-01,2018-09-30,0.0,2019,Q3,10-Q,2019-10-25,0001018724-19-000089,CY2018Q3
deferred_revenue_change,IncreaseDecreaseInContractWithCustomerLiability,us-gaap,USD,2018-01-01,2018-12-31,1151000000.0,2018,FY,10-K,2019-02-01,0001018724-19-000004,
deferred_revenue_change,IncreaseDecreaseInContractWithCustomerLiability,us-gaap,USD,2018-01-01,2018-12-31,1151000000.0,2019,FY,10-K,2020-01-31,0001018724-20-000004,
deferred_revenue_change,IncreaseDecreaseInContractWithCustomerLiability,us-gaap,USD,2018-01-01,2018-12-31,1151000000.0,2020,FY,10-K,2021-02-03,0001018724-21-000004,CY2018
deferred_revenue_change,IncreaseDecreaseInContractWithCustomerLiability,us-gaap,USD,2018-04-01,2019-03-31,1133000000.0,2019,Q1,10-Q,2019-04-26,0001018724-19-000043,
deferred_revenue_change,IncreaseDecreaseInContractWithCustomerLiability,us-gaap,USD,2019-01-01,2019-03-31,888000000.0,2019,Q1,10-Q,2019-04-26,0001018724-19-000043,
deferred_revenue_change,IncreaseDecreaseInContractWithCustomerLiability,us-gaap,USD,2018-04-01,2019-03-31,1133000000.0,2020,Q1,10-Q,2020-05-01,0001018724-20-000010,
deferred_revenue_change,IncreaseDecreaseInContractWithCustomerLiability,us-gaap,USD,2019-01-01,2019-03-31,888000000.0,2020,Q1,10-Q,2020-05-01,0001018724-20-000010,CY2019Q1
deferred_revenue_change,IncreaseDecreaseInContractWithCustomerLiability,us-gaap,USD,2018-07-01,2019-06-30,1806000000.0,2019,Q2,10-Q,2019-07-26,0001018724-19-000071,
deferred_revenue_change,IncreaseDecreaseInContractWithCustomerLiability,us-gaap,USD,2019-01-01,2019-06-30,1278000000.0,2019,Q2,10-Q,2019-07-26,0001018724-19-000071,
deferred_revenue_change,IncreaseDecreaseInContractWithCustomerLiability,us-gaap,USD,2019-04-01,2019-06-30,390000000.0,2019,Q2,10-Q,2019-07-26,0001018724-19-000071,
deferred_revenue_change,IncreaseDecreaseInContractWithCustomerLiability,us-gaap,USD,2018-07-01,2019-06-30,1806000000.0,2020,Q2,10-Q,2020-07-31,0001018724-20-000021,
deferred_revenue_change,IncreaseDecreaseInContractWithCustomerLiability,us-gaap,USD,2019-01-01,2019-06-30,1278000000.0,2020,Q2,10-Q,2020-07-31,0001018724-20-000021,
deferred_revenue_change,IncreaseDecreaseInContractWithCustomerLiability,us-gaap,USD,2019-04-01,2019-06-30,390000000.0,2020,Q2,10-Q,2020-07-31,0001018724-20-000021,CY2019Q2
deferred_revenue_change,IncreaseDecreaseInContractWithCustomerLiability,us-gaap,USD,2018-10-01,2019-09-30,1753000000.0,2019,Q3,10-Q,2019-10-25,0001018724-19-000089,
deferred_revenue_change,IncreaseDecreaseInContractWithCustomerLiability,us-gaap,USD,2019-01-01,2019-09-30,1225000000.0,2019,Q3,10-Q,2019-10-25,0001018724-19-000089,
deferred_revenue_change,IncreaseDecreaseInContractWithCustomerLiability,us-gaap,USD,2019-07-01,2019-09-30,-53000000.0,2019,Q3,10-Q,2019-10-25,0001018724-19-000089,
deferred_revenue_change,IncreaseDecreaseInContractWithCustomerLiability,us-gaap,USD,2018-10-01,2019-09-30,1753000000.0,2020,Q3,10-Q,2020-10-30,0001018724-20-000030,
deferred_revenue_change,IncreaseDecreaseInContractWithCustomerLiability,us-gaap,USD,2019-01-01,2019-09-30,1225000000.0,2020,Q3,10-Q,2020-10-30,0001018724-20-000030,
deferred_revenue_change,IncreaseDecreaseInContractWithCustomerLiability,us-gaap,USD,2019-07-01,2019-09-30,-53000000.0,2020,Q3,10-Q,2020-10-30,0001018724-20-000030,CY2019Q3
deferred_revenue_change,IncreaseDecreaseInContractWithCustomerLiability,us-gaap,USD,2019-01-01,2019-12-31,1711000000.0,2019,FY,10-K,2020-01-31,0001018724-20-000004,
deferred_revenue_change,IncreaseDecreaseInContractWithCustomerLiability,us-gaap,USD,2019-01-01,2019-12-31,1711000000.0,2020,FY,10-K,2021-02-03,0001018724-21-000004,
deferred_revenue_change,IncreaseDecreaseInContractWithCustomerLiability,us-gaap,USD,2019-01-01,2019-12-31,1711000000.0,2021,FY,10-K,2022-02-04,0001018724-22-000005,CY2019
deferred_revenue_change,IncreaseDecreaseInContractWithCustomerLiability,us-gaap,USD,2019-04-01,2020-03-31,1430000000.0,2020,Q1,10-Q,2020-05-01,0001018724-20-000010,
deferred_revenue_change,IncreaseDecreaseInContractWithCustomerLiability,us-gaap,USD,2020-01-01,2020-03-31,607000000.0,2020,Q1,10-Q,2020-05-01,0001018724-20-000010,
deferred_revenue_change,IncreaseDecreaseInContractWithCustomerLiability,us-gaap,USD,2019-04-01,2020-03-31,1430000000.0,2021,Q1,10-Q,2021-04-30,0001018724-21-000010,
deferred_revenue_change,IncreaseDecreaseInContractWithCustomerLiability,us-gaap,USD,2020-01-01,2020-03-31,607000000.0,2021,Q1,10-Q,2021-04-30,0001018724-21-000010,CY2020Q1
deferred_revenue_change,IncreaseDecreaseInContractWithCustomerLiability,us-gaap,USD,2019-07-01,2020-06-30,1286000000.0,2020,Q2,10-Q,2020-07-31,0001018724-20-000021,
deferred_revenue_change,IncreaseDecreaseInContractWithCustomerLiability,us-gaap,USD,2020-01-01,2020-06-30,854000000.0,2020,Q2,10-Q,2020-07-31,0001018724-20-000021,
deferred_revenue_change,IncreaseDecreaseInContractWithCustomerLiability,us-gaap,USD,2020-04-01,2020-06-30,247000000.0,2020,Q2,10-Q,2020-07-31,0001018724-20-000021,
deferred_revenue_change,IncreaseDecreaseInContractWithCustomerLiability,us-gaap,USD,2019-07-01,2020-06-30,1286000000.0,2021,Q2,10-Q,2021-07-30,0001018724-21-000020,
deferred_revenue_change,IncreaseDecreaseInContractWithCustomerLiability,us-gaap,USD,2020-01-01,2020-06-30,854000000.0,2021,Q2,10-Q,2021-07-30,0001018724-21-000020,
deferred_revenue_change,IncreaseDecreaseInContractWithCustomerLiability,us-gaap,USD,2020-04-01,2020-06-30,247000000.0,2021,Q2,10-Q,2021-07-30,0001018724-21-000020,CY2020Q2
deferred_revenue_change,IncreaseDecreaseInContractWithCustomerLiability,us-gaap,USD,2019-10-01,2020-09-30,1417000000.0,2020,Q3,10-Q,2020-10-30,0001018724-20-000030,
deferred_revenue_change,IncreaseDecreaseInContractWithCustomerLiability,us-gaap,USD,2020-01-01,2020-09-30,932000000.0,2020,Q3,10-Q,2020-10-30,0001018724-20-000030,
deferred_revenue_change,IncreaseDecreaseInContractWithCustomerLiability,us-gaap,USD,2020-07-01,2020-09-30,78000000.0,2020,Q3,10-Q,2020-10-30,0001018724-20-000030,
deferred_revenue_change,IncreaseDecreaseInContractWithCustomerLiability,us-gaap,USD,2019-10-01,2020-09-30,1417000000.0,2021,Q3,10-Q,2021-10-29,0001018724-21-000028,
deferred_revenue_change,IncreaseDecreaseInContractWithCustomerLiability,us-gaap,USD,2020-01-01,2020-09-30,932000000.0,2021,Q3,10-Q,2021-10-29,0001018724-21-000028,
deferred_revenue_change,IncreaseDecreaseInContractWithCustomerLiability,us-gaap,USD,2020-07-01,2020-09-30,78000000.0,2021,Q3,10-Q,2021-10-29,0001018724-21-000028,CY2020Q3
deferred_revenue_change,IncreaseDecreaseInContractWithCustomerLiability,us-gaap,USD,2020-01-01,2020-12-31,1265000000.0,2020,FY,10-K,2021-02-03,0001018724-21-000004,
deferred_revenue_change,IncreaseDecreaseInContractWithCustomerLiability,us-gaap,USD,2020-01-01,2020-12-31,1265000000.0,2021,FY,10-K,2022-02-04,0001018724-22-000005,
deferred_revenue_change,IncreaseDecreaseInContractWithCustomerLiability,us-gaap,USD,2020-01-01,2020-12-31,1265000000.0,2022,FY,10-K,2023-02-03,0001018724-23-000004,CY2020
deferred_revenue_change,IncreaseDecreaseInContractWithCustomerLiability,us-gaap,USD,2020-04-01,2021-03-31,1558000000.0,2021,Q1,10-Q,2021-04-30,0001018724-21-000010,
deferred_revenue_change,IncreaseDecreaseInContractWithCustomerLiability,us-gaap,USD,2021-01-01,2021-03-31,900000000.0,2021,Q1,10-Q,2021-04-30,0001018724-21-000010,
deferred_revenue_change,IncreaseDecreaseInContractWithCustomerLiability,us-gaap,USD,2020-04-01,2021-03-31,1558000000.0,2022,Q1,10-Q,2022-04-29,0001018724-22-000013,
deferred_revenue_change,IncreaseDecreaseInContractWithCustomerLiability,us-gaap,USD,2021-01-01,2021-03-31,900000000.0,2022,Q1,10-Q,2022-04-29,0001018724-22-000013,CY2021Q1
deferred_revenue_change,IncreaseDecreaseInContractWithCustomerLiability,us-gaap,USD,2020-07-01,2021-06-30,1467000000.0,2021,Q2,10-Q,2021-07-30,0001018724-21-000020,
deferred_revenue_change,IncreaseDecreaseInContractWithCustomerLiability,us-gaap,USD,2021-01-01,2021-06-30,1056000000.0,2021,Q2,10-Q,2021-07-30,0001018724-21-000020,
deferred_revenue_change,IncreaseDecreaseInContractWithCustomerLiability,us-gaap,USD,2021-04-01,2021-06-30,156000000.0,2021,Q2,10-Q,2021-07-30,0001018724-21-000020,
deferred_revenue_change,IncreaseDecreaseInContractWithCustomerLiability,us-gaap,USD,2020-07-01,2021-06-30,1467000000.0,2022,Q2,10-Q,2022-07-29,0001018724-22-000019,
deferred_revenue_change,IncreaseDecreaseInContractWithCustomerLiability,us-gaap,USD,2021-01-01,2021-06-30,1056000000.0,2022,Q2,10-Q,2022-07-29,0001018724-22-000019,
deferred_revenue_change,IncreaseDecreaseInContractWithCustomerLiability,us-gaap,USD,2021-04-01,2021-06-30,156000000.0,2022,Q2,10-Q,2022-07-29,0001018724-22-000019,CY2021Q2
deferred_revenue_change,IncreaseDecreaseInContractWithCustomerLiability,us-gaap,USD,2020-10-01,2021-09-30,1727000000.0,2021,Q3,10-Q,2021-10-29,0001018724-21-000028,
deferred_revenue_change,IncreaseDecreaseInContractWithCustomerLiability,us-gaap,USD,2021-01-01,2021-09-30,1394000000.0,2021,Q3,10-Q,2021-10-29,0001018724-21-000028,
deferred_revenue_change,IncreaseDecreaseInContractWithCustomerLiability,us-gaap,USD,2021-07-01,2021-09-30,338000000.0,2021,Q3,10-Q,2021-10-29,0001018724-21-000028,
deferred_revenue_change,IncreaseDecreaseInContractWithCustomerLiability,us-gaap,USD,2020-10-01,2021-09-30,1727000000.0,2022,Q3,10-Q,2022-10-28,0001018724-22-000023,
deferred_revenue_change,IncreaseDecreaseInContractWithCustomerLiability,us-gaap,USD,2021-01-01,2021-09-30,1394000000.0,2022,Q3,10-Q,2022-10-28,0001018724-22-000023,
deferred_revenue_change,IncreaseDecreaseInContractWithCustomerLiability,us-gaap,USD,2021-07-01,2021-09-30,338000000.0,2022,Q3,10-Q,2022-10-28,0001018724-22-000023,CY2021Q3
deferred_revenue_change,IncreaseDecreaseInContractWithCustomerLiability,us-gaap,USD,2021-01-01,2021-12-31,2314000000.0,2021,FY,10-K,2022-02-04,0001018724-22-000005,
deferred_revenue_change,IncreaseDecreaseInContractWithCustomerLiability,us-gaap,USD,2021-01-01,2021-12-31,2314000000.0,2022,FY,10-K,2023-02-03,0001018724-23-000004,
deferred_revenue_change,IncreaseDecreaseInContractWithCustomerLiability,us-gaap,USD,2021-01-01,2021-12-31,2314000000.0,2023,FY,10-K,2024-02-02,0001018724-24-000008,CY2021
deferred_revenue_change,IncreaseDecreaseInContractWithCustomerLiability,us-gaap,USD,2021-04-01,2022-03-31,2750000000.0,2022,Q1,10-Q,2022-04-29,0001018724-22-000013,
deferred_revenue_change,IncreaseDecreaseInContractWithCustomerLiability,us-gaap,USD,2022-01-01,2022-03-31,1336000000.0,2022,Q1,10-Q,2022-04-29,0001018724-22-000013,
deferred_revenue_change,IncreaseDecreaseInContractWithCustomerLiability,us-gaap,USD,2021-04-01,2022-03-31,2750000000.0,2023,Q1,10-Q,2023-04-28,0001018724-23-000008,
deferred_revenue_change,IncreaseDecreaseInContractWithCustomerLiability,us-gaap,USD,2022-01-01,2022-03-31,1336000000.0,2023,Q1,10-Q,2023-04-28,0001018724-23-000008,CY2022Q1
deferred_revenue_change,IncreaseDecreaseInContractWithCustomerLiability,us-gaap,USD,2021-07-01,2022-06-30,2915000000.0,2022,Q2,10-Q,2022-07-29,0001018724-22-000019,
deferred_revenue_change,IncreaseDecreaseInContractWithCustomerLiability,us-gaap,USD,2022-01-01,2022-06-30,1657000000.0,2022,Q2,10-Q,2022-07-29,0001018724-22-000019,
deferred_revenue_change,IncreaseDecreaseInContractWithCustomerLiability,us-gaap,USD,2022-04-01,2022-06-30,321000000.0,2022,Q2,10-Q,2022-07-29,0001018724-22-000019,
deferred_revenue_change,IncreaseDecreaseInContractWithCustomerLiability,us-gaap,USD,2021-07-01,2022-06-30,2915000000.0,2023,Q2,10-Q,2023-08-04,0001018724-23-000012,
deferred_revenue_change,IncreaseDecreaseInContractWithCustomerLiability,us-gaap,USD,2022-01-01,2022-06-30,1657000000.0,2023,Q2,10-Q,2023-08-04,0001018724-23-000012,
deferred_revenue_change,IncreaseDecreaseInContractWithCustomerLiability,us-gaap,USD,2022-04-01,2022-06-30,321000000.0,2023,Q2,10-Q,2023-08-04,0001018724-23-000012,CY2022Q2
deferred_revenue_change,IncreaseDecreaseInContractWithCustomerLiability,us-gaap,USD,2021-10-01,2022-09-30,2631000000.0,2022,Q3,10-Q,2022-10-28,0001018724-22-000023,
deferred_revenue_change,IncreaseDecreaseInContractWithCustomerLiability,us-gaap,USD,2022-01-01,2022-09-30,1711000000.0,2022,Q3,10-Q,2022-10-28,0001018724-22-000023,
deferred_revenue_change,IncreaseDecreaseInContractWithCustomerLiability,us-gaap,USD,2022-07-01,2022-09-30,54000000.0,2022,Q3,10-Q,2022-10-28,0001018724-22-000023,
deferred_revenue_change,IncreaseDecreaseInContractWithCustomerLiability,us-gaap,USD,2021-10-01,2022-09-30,2631000000.0,2023,Q3,10-Q,2023-10-27,0001018724-23-000018,
deferred_revenue_change,IncreaseDecreaseInContractWithCustomerLiability,us-gaap,USD,2022-01-01,2022-09-30,1711000000.0,2023,Q3,10-Q,2023-10-27,0001018724-23-000018,
deferred_revenue_change,IncreaseDecreaseInContractWithCustomerLiability,us-gaap,USD,2022-07-01,2022-09-30,54000000.0,2023,Q3,10-Q,2023-10-27,0001018724-23-000018,CY2022Q3
deferred_revenue_change,IncreaseDecreaseInContractWithCustomerLiability,us-gaap,USD,2022-01-01,2022-12-31,2216000000.0,2022,FY,10-K,2023-02-03,0001018724-23-000004,
deferred_revenue_change,IncreaseDecreaseInContractWithCustomerLiability,us-gaap,USD,2022-01-01,2022-12-31,2216000000.0,2023,FY,10-K,2024-02-02,0001018724-24-000008,
deferred_revenue_change,IncreaseDecreaseInContractWithCustomerLiability,us-gaap,USD,2022-01-01,2022-12-31,2216000000.0,2024,FY,10-K,2025-02-07,0001018724-25-000004,CY2022
deferred_revenue_change,IncreaseDecreaseInContractWithCustomerLiability,us-gaap,USD,2022-04-01,2023-03-31,1698000000.0,2023,Q1,10-Q,2023-04-28,0001018724-23-000008,
deferred_revenue_change,IncreaseDecreaseInContractWithCustomerLiability,us-gaap,USD,2023-01-01,2023-03-31,818000000.0,2023,Q1,10-Q,2023-04-28,0001018724-23-000008,
deferred_revenue_change,IncreaseDecreaseInContractWithCustomerLiability,us-gaap,USD,2022-04-01,2023-03-31,1698000000.0,2024,Q1,10-Q,2024-05-01,0001018724-24-000083,
deferred_revenue_change,IncreaseDecreaseInContractWithCustomerLiability,us-gaap,USD,2023-01-01,2023-03-31,818000000.0,2024,Q1,10-Q,2024-05-01,0001018724-24-000083,CY2023Q1
deferred_revenue_change,IncreaseDecreaseInContractWithCustomerLiability,us-gaap,USD,2022-07-01,2023-06-30,1533000000.0,2023,Q2,10-Q,2023-08-04,0001018724-23-000012,
deferred_revenue_change,IncreaseDecreaseInContractWithCustomerLiability,us-gaap,USD,2023-01-01,2023-06-30,974000000.0,2023,Q2,10-Q,2023-08-04,0001018724-23-000012,
deferred_revenue_change,IncreaseDecreaseInContractWithCustomerLiability,us-gaap,USD,2023-04-01,2023-06-30,156000000.0,2023,Q2,10-Q,2023-08-04,0001018724-23-000012,
deferred_revenue_change,IncreaseDecreaseInContractWithCustomerLiability,us-gaap,USD,2022-07-01,2023-06-30,1533000000.0,2024,Q2,10-Q,2024-08-02,0001018724-24-000130,
deferred_revenue_change,IncreaseDecreaseInContractWithCustomerLiability,us-gaap,USD,2023-01-01,2023-06-30,974000000.0,2024,Q2,10-Q,2024-08-02,0001018724-24-000130,
deferred_revenue_change,IncreaseDecreaseInContractWithCustomerLiability,us-gaap,USD,2023-04-01,2023-06-30,156000000.0,2024,Q2,10-Q,2024-08-02,0001018724-24-000130,CY2023Q2
deferred_revenue_change,IncreaseDecreaseInContractWithCustomerLiability,us-gaap,USD,2022-10-01,2023-09-30,1454000000.0,2023,Q3,10-Q,2023-10-27,0001018724-23-000018,
deferred_revenue_change,IncreaseDecreaseInContractWithCustomerLiability,us-gaap,USD,2023-01-01,2023-09-30,949000000.0,2023,Q3,10-Q,2023-10-27,0001018724-23-000018,
deferred_revenue_change,IncreaseDecreaseInContractWithCustomerLiability,us-gaap,USD,2023-07-01,2023-09-30,-25000000.0,2023,Q3,10-Q,2023-10-27,0001018724-23-000018,
deferred_revenue_change,IncreaseDecreaseInContractWithCustomerLiability,us-gaap,USD,2022-10-01,2023-09-30,1454000000.0,2024,Q3,10-Q,2024-11-01,0001018724-24-000161,
deferred_revenue_change,IncreaseDecreaseInContractWithCustomerLiability,us-gaap,USD,2023-01-01,2023-09-30,949000000.0,2024,Q3,10-Q,2024-11-01,0001018724-24-000161,
deferred_revenue_change,IncreaseDecreaseInContractWithCustomerLiability,us-gaap,USD,2023-07-01,2023-09-30,-25000000.0,2024,Q3,10-Q,2024-11-01,0001018724-24-000161,CY2023Q3
deferred_revenue_change,IncreaseDecreaseInContractWithCustomerLiability,us-gaap,USD,2023-01-01,2023-12-31,4578000000.0,2023,FY,10-K,2024-02-02,0001018724-24-000008,
deferred_revenue_change,IncreaseDecreaseInContractWithCustomerLiability,us-gaap,USD,2023-01-01,2023-12-31,4578000000.0,2024,FY,10-K,2025-02-07,0001018724-25-000004,
deferred_revenue_change,IncreaseDecreaseInContractWithCustomerLiability,us-gaap,USD,2023-01-01,2023-12-31,4578000000.0,2025,FY,10-K,2026-02-06,0001018724-26-000004,CY2023
deferred_revenue_change,IncreaseDecreaseInContractWithCustomerLiability,us-gaap,USD,2023-04-01,2024-03-31,5328000000.0,2024,Q1,10-Q,2024-05-01,0001018724-24-000083,
deferred_revenue_change,IncreaseDecreaseInContractWithCustomerLiability,us-gaap,USD,2024-01-01,2024-03-31,1568000000.0,2024,Q1,10-Q,2024-05-01,0001018724-24-000083,
deferred_revenue_change,IncreaseDecreaseInContractWithCustomerLiability,us-gaap,USD,2023-04-01,2024-03-31,5328000000.0,2025,Q1,10-Q,2025-05-02,0001018724-25-000036,
deferred_revenue_change,IncreaseDecreaseInContractWithCustomerLiability,us-gaap,USD,2024-01-01,2024-03-31,1568000000.0,2025,Q1,10-Q,2025-05-02,0001018724-25-000036,CY2024Q1
deferred_revenue_change,IncreaseDecreaseInContractWithCustomerLiability,us-gaap,USD,2023-07-01,2024-06-30,5579000000.0,2024,Q2,10-Q,2024-08-02,0001018724-24-000130,
deferred_revenue_change,IncreaseDecreaseInContractWithCustomerLiability,us-gaap,USD,2024-01-01,2024-06-30,1975000000.0,2024,Q2,10-Q,2024-08-02,0001018724-24-000130,
deferred_revenue_change,IncreaseDecreaseInContractWithCustomerLiability,us-gaap,USD,2024-04-01,2024-06-30,407000000.0,2024,Q2,10-Q,2024-08-02,0001018724-24-000130,
deferred_revenue_change,IncreaseDecreaseInContractWithCustomerLiability,us-gaap,USD,2023-07-01,2024-06-30,5579000000.0,2025,Q2,10-Q,2025-08-01,0001018724-25-000086,
deferred_revenue_change,IncreaseDecreaseInContractWithCustomerLiability,us-gaap,USD,2024-01-01,2024-06-30,1975000000.0,2025,Q2,10-Q,2025-08-01,0001018724-25-000086,
deferred_revenue_change,IncreaseDecreaseInContractWithCustomerLiability,us-gaap,USD,2024-04-01,2024-06-30,407000000.0,2025,Q2,10-Q,2025-08-01,0001018724-25-000086,CY2024Q2
deferred_revenue_change,IncreaseDecreaseInContractWithCustomerLiability,us-gaap,USD,2023-10-01,2024-09-30,6025000000.0,2024,Q3,10-Q,2024-11-01,0001018724-24-000161,
deferred_revenue_change,IncreaseDecreaseInContractWithCustomerLiability,us-gaap,USD,2024-01-01,2024-09-30,2396000000.0,2024,Q3,10-Q,2024-11-01,0001018724-24-000161,
deferred_revenue_change,IncreaseDecreaseInContractWithCustomerLiability,us-gaap,USD,2024-07-01,2024-09-30,421000000.0,2024,Q3,10-Q,2024-11-01,0001018724-24-000161,
deferred_revenue_change,IncreaseDecreaseInContractWithCustomerLiability,us-gaap,USD,2023-10-01,2024-09-30,6025000000.0,2025,Q3,10-Q,2025-10-31,0001018724-25-000123,
deferred_revenue_change,IncreaseDecreaseInContractWithCustomerLiability,us-gaap,USD,2024-01-01,2024-09-30,2396000000.0,2025,Q3,10-Q,2025-10-31,0001018724-25-000123,
deferred_revenue_change,IncreaseDecreaseInContractWithCustomerLiability,us-gaap,USD,2024-07-01,2024-09-30,421000000.0,2025,Q3,10-Q,2025-10-31,0001018724-25-000123,CY2024Q3
deferred_revenue_change,IncreaseDecreaseInContractWithCustomerLiability,us-gaap,USD,2024-01-01,2024-12-31,4007000000.0,2024,FY,10-K,2025-02-07,0001018724-25-000004,
deferred_revenue_change,IncreaseDecreaseInContractWithCustomerLiability,us-gaap,USD,2024-01-01,2024-12-31,4007000000.0,2025,FY,10-K,2026-02-06,0001018724-26-000004,CY2024
deferred_revenue_change,IncreaseDecreaseInContractWithCustomerLiability,us-gaap,USD,2024-04-01,2025-03-31,3167000000.0,2025,Q1,10-Q,2025-05-02,0001018724-25-000036,
deferred_revenue_change,IncreaseDecreaseInContractWithCustomerLiability,us-gaap,USD,2025-01-01,2025-03-31,728000000.0,2025,Q1,10-Q,2025-05-02,0001018724-25-000036,
deferred_revenue_change,IncreaseDecreaseInContractWithCustomerLiability,us-gaap,USD,2024-04-01,2025-03-31,3167000000.0,2026,Q1,10-Q,2026-04-30,0001018724-26-000014,
deferred_revenue_change,IncreaseDecreaseInContractWithCustomerLiability,us-gaap,USD,2025-01-01,2025-03-31,728000000.0,2026,Q1,10-Q,2026-04-30,0001018724-26-000014,CY2025Q1
deferred_revenue_change,IncreaseDecreaseInContractWithCustomerLiability,us-gaap,USD,2024-07-01,2025-06-30,2641000000.0,2025,Q2,10-Q,2025-08-01,0001018724-25-000086,
deferred_revenue_change,IncreaseDecreaseInContractWithCustomerLiability,us-gaap,USD,2025-01-01,2025-06-30,609000000.0,2025,Q2,10-Q,2025-08-01,0001018724-25-000086,
deferred_revenue_change,IncreaseDecreaseInContractWithCustomerLiability,us-gaap,USD,2025-04-01,2025-06-30,-119000000.0,2025,Q2,10-Q,2025-08-01,0001018724-25-000086,
deferred_revenue_change,IncreaseDecreaseInContractWithCustomerLiability,us-gaap,USD,2024-07-01,2025-06-30,2641000000.0,2026,Q2,10-Q,2026-07-31,0001018724-26-000026,
deferred_revenue_change,IncreaseDecreaseInContractWithCustomerLiability,us-gaap,USD,2025-01-01,2025-06-30,609000000.0,2026,Q2,10-Q,2026-07-31,0001018724-26-000026,
deferred_revenue_change,IncreaseDecreaseInContractWithCustomerLiability,us-gaap,USD,2025-04-01,2025-06-30,-119000000.0,2026,Q2,10-Q,2026-07-31,0001018724-26-000026,CY2025Q2
deferred_revenue_change,IncreaseDecreaseInContractWithCustomerLiability,us-gaap,USD,2024-10-01,2025-09-30,1588000000.0,2025,Q3,10-Q,2025-10-31,0001018724-25-000123,
deferred_revenue_change,IncreaseDecreaseInContractWithCustomerLiability,us-gaap,USD,2025-01-01,2025-09-30,-23000000.0,2025,Q3,10-Q,2025-10-31,0001018724-25-000123,
deferred_revenue_change,IncreaseDecreaseInContractWithCustomerLiability,us-gaap,USD,2025-07-01,2025-09-30,-632000000.0,2025,Q3,10-Q,2025-10-31,0001018724-25-000123,CY2025Q3
deferred_revenue_change,IncreaseDecreaseInContractWithCustomerLiability,us-gaap,USD,2025-01-01,2025-12-31,-214000000.0,2025,FY,10-K,2026-02-06,0001018724-26-000004,CY2025
deferred_revenue_change,IncreaseDecreaseInContractWithCustomerLiability,us-gaap,USD,2025-04-01,2026-03-31,-587000000.0,2026,Q1,10-Q,2026-04-30,0001018724-26-000014,
deferred_revenue_change,IncreaseDecreaseInContractWithCustomerLiability,us-gaap,USD,2026-01-01,2026-03-31,355000000.0,2026,Q1,10-Q,2026-04-30,0001018724-26-000014,CY2026Q1
deferred_revenue_change,IncreaseDecreaseInContractWithCustomerLiability,us-gaap,USD,2025-07-01,2026-06-30,-749000000.0,2026,Q2,10-Q,2026-07-31,0001018724-26-000026,CY2026
deferred_revenue_change,IncreaseDecreaseInContractWithCustomerLiability,us-gaap,USD,2026-01-01,2026-06-30,74000000.0,2026,Q2,10-Q,2026-07-31,0001018724-26-000026,
deferred_revenue_change,IncreaseDecreaseInContractWithCustomerLiability,us-gaap,USD,2026-04-01,2026-06-30,-281000000.0,2026,Q2,10-Q,2026-07-31,0001018724-26-000026,CY2026Q2
deferred_revenue_recognised,ContractWithCustomerLiabilityRevenueRecognized,us-gaap,USD,2018-01-01,2018-09-30,4900000000.0,2018,Q3,10-Q,2018-10-26,0001018724-18-000159,
deferred_revenue_recognised,ContractWithCustomerLiabilityRevenueRecognized,us-gaap,USD,2018-01-01,2018-12-31,5300000000.0,2018,FY,10-K,2019-02-01,0001018724-19-000004,CY2018
deferred_revenue_recognised,ContractWithCustomerLiabilityRevenueRecognized,us-gaap,USD,2019-01-01,2019-03-31,2800000000.0,2019,Q1,10-Q,2019-04-26,0001018724-19-000043,CY2019Q1
deferred_revenue_recognised,ContractWithCustomerLiabilityRevenueRecognized,us-gaap,USD,2019-01-01,2019-06-30,4600000000.0,2019,Q2,10-Q,2019-07-26,0001018724-19-000071,
deferred_revenue_recognised,ContractWithCustomerLiabilityRevenueRecognized,us-gaap,USD,2019-01-01,2019-09-30,5700000000.0,2019,Q3,10-Q,2019-10-25,0001018724-19-000089,
deferred_revenue_recognised,ContractWithCustomerLiabilityRevenueRecognized,us-gaap,USD,2019-01-01,2019-12-31,6300000000.0,2019,FY,10-K,2020-01-31,0001018724-20-000004,CY2019
deferred_revenue_recognised,ContractWithCustomerLiabilityRevenueRecognized,us-gaap,USD,2020-01-01,2020-03-31,3400000000.0,2020,Q1,10-Q,2020-05-01,0001018724-20-000010,CY2020Q1
deferred_revenue_recognised,ContractWithCustomerLiabilityRevenueRecognized,us-gaap,USD,2020-01-01,2020-06-30,5600000000.0,2020,Q2,10-Q,2020-07-31,0001018724-20-000021,
deferred_revenue_recognised,ContractWithCustomerLiabilityRevenueRecognized,us-gaap,USD,2020-01-01,2020-09-30,7100000000.0,2020,Q3,10-Q,2020-10-30,0001018724-20-000030,
deferred_revenue_recognised,ContractWithCustomerLiabilityRevenueRecognized,us-gaap,USD,2020-01-01,2020-12-31,7900000000.0,2020,FY,10-K,2021-02-03,0001018724-21-000004,CY2020
deferred_revenue_recognised,ContractWithCustomerLiabilityRevenueRecognized,us-gaap,USD,2021-01-01,2021-03-31,4200000000.0,2021,Q1,10-Q,2021-04-30,0001018724-21-000010,CY2021Q1
deferred_revenue_recognised,ContractWithCustomerLiabilityRevenueRecognized,us-gaap,USD,2021-01-01,2021-06-30,6700000000.0,2021,Q2,10-Q,2021-07-30,0001018724-21-000020,
deferred_revenue_recognised,ContractWithCustomerLiabilityRevenueRecognized,us-gaap,USD,2021-01-01,2021-09-30,8400000000.0,2021,Q3,10-Q,2021-10-29,0001018724-21-000028,
deferred_revenue_recognised,ContractWithCustomerLiabilityRevenueRecognized,us-gaap,USD,2021-01-01,2021-12-31,9300000000.0,2021,FY,10-K,2022-02-04,0001018724-22-000005,CY2021
deferred_revenue_recognised,ContractWithCustomerLiabilityRevenueRecognized,us-gaap,USD,2022-01-01,2022-03-31,5100000000.0,2022,Q1,10-Q,2022-04-29,0001018724-22-000013,CY2022Q1
deferred_revenue_recognised,ContractWithCustomerLiabilityRevenueRecognized,us-gaap,USD,2022-01-01,2022-06-30,8100000000.0,2022,Q2,10-Q,2022-07-29,0001018724-22-000019,
deferred_revenue_recognised,ContractWithCustomerLiabilityRevenueRecognized,us-gaap,USD,2022-01-01,2022-09-30,10100000000.0,2022,Q3,10-Q,2022-10-28,0001018724-22-000023,
deferred_revenue_recognised,ContractWithCustomerLiabilityRevenueRecognized,us-gaap,USD,2022-01-01,2022-12-31,11300000000.0,2022,FY,10-K,2023-02-03,0001018724-23-000004,CY2022
deferred_revenue_recognised,ContractWithCustomerLiabilityRevenueRecognized,us-gaap,USD,2023-01-01,2023-03-31,5300000000.0,2023,Q1,10-Q,2023-04-28,0001018724-23-000008,CY2023Q1
deferred_revenue_recognised,ContractWithCustomerLiabilityRevenueRecognized,us-gaap,USD,2023-01-01,2023-06-30,8600000000.0,2023,Q2,10-Q,2023-08-04,0001018724-23-000012,
deferred_revenue_recognised,ContractWithCustomerLiabilityRevenueRecognized,us-gaap,USD,2023-01-01,2023-09-30,10900000000.0,2023,Q3,10-Q,2023-10-27,0001018724-23-000018,
deferred_revenue_recognised,ContractWithCustomerLiabilityRevenueRecognized,us-gaap,USD,2023-01-01,2023-12-31,12400000000.0,2023,FY,10-K,2024-02-02,0001018724-24-000008,CY2023
deferred_revenue_recognised,ContractWithCustomerLiabilityRevenueRecognized,us-gaap,USD,2024-01-01,2024-03-31,6100000000.0,2024,Q1,10-Q,2024-05-01,0001018724-24-000083,CY2024Q1
deferred_revenue_recognised,ContractWithCustomerLiabilityRevenueRecognized,us-gaap,USD,2024-01-01,2024-06-30,9800000000.0,2024,Q2,10-Q,2024-08-02,0001018724-24-000130,
deferred_revenue_recognised,ContractWithCustomerLiabilityRevenueRecognized,us-gaap,USD,2024-01-01,2024-09-30,12500000000.0,2024,Q3,10-Q,2024-11-01,0001018724-24-000161,
deferred_revenue_recognised,ContractWithCustomerLiabilityRevenueRecognized,us-gaap,USD,2024-01-01,2024-12-31,14200000000.0,2024,FY,10-K,2025-02-07,0001018724-25-000004,CY2024
deferred_revenue_recognised,ContractWithCustomerLiabilityRevenueRecognized,us-gaap,USD,2025-01-01,2025-03-31,7000000000.0,2025,Q1,10-Q,2025-05-02,0001018724-25-000036,CY2025Q1
deferred_revenue_recognised,ContractWithCustomerLiabilityRevenueRecognized,us-gaap,USD,2025-01-01,2025-06-30,11400000000.0,2025,Q2,10-Q,2025-08-01,0001018724-25-000086,
deferred_revenue_recognised,ContractWithCustomerLiabilityRevenueRecognized,us-gaap,USD,2025-01-01,2025-09-30,15000000000.0,2025,Q3,10-Q,2025-10-31,0001018724-25-000123,
deferred_revenue_recognised,ContractWithCustomerLiabilityRevenueRecognized,us-gaap,USD,2025-01-01,2025-12-31,17400000000.0,2025,FY,10-K,2026-02-06,0001018724-26-000004,CY2025
deferred_revenue_recognised,ContractWithCustomerLiabilityRevenueRecognized,us-gaap,USD,2026-01-01,2026-03-31,9400000000.0,2026,Q1,10-Q,2026-04-30,0001018724-26-000014,CY2026Q1
deferred_revenue_recognised,ContractWithCustomerLiabilityRevenueRecognized,us-gaap,USD,2026-01-01,2026-06-30,15200000000.0,2026,Q2,10-Q,2026-07-31,0001018724-26-000026,
interest_expense,InterestExpenseNonoperating,us-gaap,USD,2022-01-01,2022-12-31,2367000000.0,2024,FY,10-K,2025-02-07,0001018724-25-000004,CY2022
interest_expense,InterestExpenseNonoperating,us-gaap,USD,2023-01-01,2023-06-30,1663000000.0,2024,Q2,10-Q,2024-08-02,0001018724-24-000130,
interest_expense,InterestExpenseNonoperating,us-gaap,USD,2023-04-01,2023-06-30,840000000.0,2024,Q2,10-Q,2024-08-02,0001018724-24-000130,CY2023Q2
interest_expense,InterestExpenseNonoperating,us-gaap,USD,2023-01-01,2023-09-30,2469000000.0,2024,Q3,10-Q,2024-11-01,0001018724-24-000161,
interest_expense,InterestExpenseNonoperating,us-gaap,USD,2023-07-01,2023-09-30,806000000.0,2024,Q3,10-Q,2024-11-01,0001018724-24-000161,CY2023Q3
interest_expense,InterestExpenseNonoperating,us-gaap,USD,2023-01-01,2023-12-31,3182000000.0,2024,FY,10-K,2025-02-07,0001018724-25-000004,
interest_expense,InterestExpenseNonoperating,us-gaap,USD,2023-01-01,2023-12-31,3182000000.0,2025,FY,10-K,2026-02-06,0001018724-26-000004,CY2023
interest_expense,InterestExpenseNonoperating,us-gaap,USD,2024-01-01,2024-03-31,644000000.0,2025,Q1,10-Q,2025-05-02,0001018724-25-000036,CY2024Q1
interest_expense,InterestExpenseNonoperating,us-gaap,USD,2024-01-01,2024-06-30,1233000000.0,2024,Q2,10-Q,2024-08-02,0001018724-24-000130,
interest_expense,InterestExpenseNonoperating,us-gaap,USD,2024-04-01,2024-06-30,589000000.0,2024,Q2,10-Q,2024-08-02,0001018724-24-000130,
interest_expense,InterestExpenseNonoperating,us-gaap,USD,2024-01-01,2024-06-30,1233000000.0,2025,Q2,10-Q,2025-08-01,0001018724-25-000086,
interest_expense,InterestExpenseNonoperating,us-gaap,USD,2024-04-01,2024-06-30,589000000.0,2025,Q2,10-Q,2025-08-01,0001018724-25-000086,CY2024Q2
interest_expense,InterestExpenseNonoperating,us-gaap,USD,2024-01-01,2024-09-30,1836000000.0,2024,Q3,10-Q,2024-11-01,0001018724-24-000161,
interest_expense,InterestExpenseNonoperating,us-gaap,USD,2024-07-01,2024-09-30,603000000.0,2024,Q3,10-Q,2024-11-01,0001018724-24-000161,
interest_expense,InterestExpenseNonoperating,us-gaap,USD,2024-01-01,2024-09-30,1836000000.0,2025,Q3,10-Q,2025-10-31,0001018724-25-000123,
interest_expense,InterestExpenseNonoperating,us-gaap,USD,2024-07-01,2024-09-30,603000000.0,2025,Q3,10-Q,2025-10-31,0001018724-25-000123,CY2024Q3
interest_expense,InterestExpenseNonoperating,us-gaap,USD,2024-01-01,2024-12-31,2406000000.0,2024,FY,10-K,2025-02-07,0001018724-25-000004,
interest_expense,InterestExpenseNonoperating,us-gaap,USD,2024-01-01,2024-12-31,2406000000.0,2025,FY,10-K,2026-02-06,0001018724-26-000004,CY2024
interest_expense,InterestExpenseNonoperating,us-gaap,USD,2025-01-01,2025-03-31,541000000.0,2025,Q1,10-Q,2025-05-02,0001018724-25-000036,
interest_expense,InterestExpenseNonoperating,us-gaap,USD,2025-01-01,2025-03-31,541000000.0,2026,Q1,10-Q,2026-04-30,0001018724-26-000014,CY2025Q1
interest_expense,InterestExpenseNonoperating,us-gaap,USD,2025-01-01,2025-06-30,1057000000.0,2025,Q2,10-Q,2025-08-01,0001018724-25-000086,
interest_expense,InterestExpenseNonoperating,us-gaap,USD,2025-04-01,2025-06-30,516000000.0,2025,Q2,10-Q,2025-08-01,0001018724-25-000086,
interest_expense,InterestExpenseNonoperating,us-gaap,USD,2025-01-01,2025-06-30,1057000000.0,2026,Q2,10-Q,2026-07-31,0001018724-26-000026,
interest_expense,InterestExpenseNonoperating,us-gaap,USD,2025-04-01,2025-06-30,516000000.0,2026,Q2,10-Q,2026-07-31,0001018724-26-000026,CY2025Q2
interest_expense,InterestExpenseNonoperating,us-gaap,USD,2025-01-01,2025-09-30,1595000000.0,2025,Q3,10-Q,2025-10-31,0001018724-25-000123,
interest_expense,InterestExpenseNonoperating,us-gaap,USD,2025-07-01,2025-09-30,538000000.0,2025,Q3,10-Q,2025-10-31,0001018724-25-000123,CY2025Q3
interest_expense,InterestExpenseNonoperating,us-gaap,USD,2025-01-01,2025-12-31,2274000000.0,2025,FY,10-K,2026-02-06,0001018724-26-000004,CY2025
interest_expense,InterestExpenseNonoperating,us-gaap,USD,2026-01-01,2026-03-31,800000000.0,2026,Q1,10-Q,2026-04-30,0001018724-26-000014,CY2026Q1
interest_expense,InterestExpenseNonoperating,us-gaap,USD,2026-01-01,2026-06-30,2114000000.0,2026,Q2,10-Q,2026-07-31,0001018724-26-000026,
interest_expense,InterestExpenseNonoperating,us-gaap,USD,2026-04-01,2026-06-30,1314000000.0,2026,Q2,10-Q,2026-07-31,0001018724-26-000026,CY2026Q2
long_term_debt,LongTermDebt,us-gaap,USD,,2011-12-31,384000000.0,2011,FY,10-K,2012-02-01,0001193125-12-032846,
long_term_debt,LongTermDebt,us-gaap,USD,,2011-12-31,384000000.0,2012,FY,10-K,2013-01-30,0001193125-13-028520,CY2011Q4I
long_term_debt,LongTermDebt,us-gaap,USD,,2012-12-31,3691000000.0,2012,FY,10-K,2013-01-30,0001193125-13-028520,
long_term_debt,LongTermDebt,us-gaap,USD,,2012-12-31,3691000000.0,2013,Q1,10-Q,2013-04-26,0001193125-13-174667,
long_term_debt,LongTermDebt,us-gaap,USD,,2012-12-31,3691000000.0,2013,Q2,10-Q,2013-07-26,0001193125-13-303204,
long_term_debt,LongTermDebt,us-gaap,USD,,2012-12-31,3691000000.0,2013,Q3,10-Q,2013-10-25,0001445305-13-002495,
long_term_debt,LongTermDebt,us-gaap,USD,,2012-12-31,3691000000.0,2013,FY,10-K,2014-01-31,0001018724-14-000006,CY2012Q4I
long_term_debt,LongTermDebt,us-gaap,USD,,2013-03-31,3718000000.0,2013,Q1,10-Q,2013-04-26,0001193125-13-174667,CY2013Q1I
long_term_debt,LongTermDebt,us-gaap,USD,,2013-06-30,3758000000.0,2013,Q2,10-Q,2013-07-26,0001193125-13-303204,CY2013Q2I
long_term_debt,LongTermDebt,us-gaap,USD,,2013-09-30,3747000000.0,2013,Q3,10-Q,2013-10-25,0001445305-13-002495,CY2013Q3I
long_term_debt,LongTermDebt,us-gaap,USD,,2013-12-31,3967000000.0,2013,FY,10-K,2014-01-31,0001018724-14-000006,
long_term_debt,LongTermDebt,us-gaap,USD,,2013-12-31,3967000000.0,2014,Q1,10-Q,2014-04-25,0001018724-14-000014,
long_term_debt,LongTermDebt,us-gaap,USD,,2013-12-31,3967000000.0,2014,Q2,10-Q,2014-07-25,0001018724-14-000025,
long_term_debt,LongTermDebt,us-gaap,USD,,2013-12-31,3967000000.0,2014,Q3,10-Q,2014-10-24,0001018724-14-000055,
long_term_debt,LongTermDebt,us-gaap,USD,,2013-12-31,3967000000.0,2014,FY,10-K,2015-01-30,0001018724-15-000006,CY2013Q4I
long_term_debt,LongTermDebt,us-gaap,USD,,2014-03-31,3953000000.0,2014,Q1,10-Q,2014-04-25,0001018724-14-000014,CY2014Q1I
long_term_debt,LongTermDebt,us-gaap,USD,,2014-06-30,4000000000.0,2014,Q2,10-Q,2014-07-25,0001018724-14-000025,CY2014Q2I
long_term_debt,LongTermDebt,us-gaap,USD,,2014-09-30,3983000000.0,2014,Q3,10-Q,2014-10-24,0001018724-14-000055,CY2014Q3I
long_term_debt,LongTermDebt,us-gaap,USD,,2014-12-31,9881000000.0,2014,FY,10-K,2015-01-30,0001018724-15-000006,
long_term_debt,LongTermDebt,us-gaap,USD,,2014-12-31,9881000000.0,2015,Q1,10-Q,2015-04-24,0001018724-15-000038,
long_term_debt,LongTermDebt,us-gaap,USD,,2014-12-31,9881000000.0,2015,Q2,10-Q,2015-07-24,0001018724-15-000087,
long_term_debt,LongTermDebt,us-gaap,USD,,2014-12-31,9881000000.0,2015,Q3,10-Q,2015-10-23,0001018724-15-000126,
long_term_debt,LongTermDebt,us-gaap,USD,,2014-12-31,9881000000.0,2015,FY,10-K,2016-01-29,0001018724-16-000172,CY2014Q4I
long_term_debt,LongTermDebt,us-gaap,USD,,2015-03-31,9729000000.0,2015,Q1,10-Q,2015-04-24,0001018724-15-000038,CY2015Q1I
long_term_debt,LongTermDebt,us-gaap,USD,,2015-06-30,9602000000.0,2015,Q2,10-Q,2015-07-24,0001018724-15-000087,CY2015Q2I
long_term_debt,LongTermDebt,us-gaap,USD,,2015-09-30,9451000000.0,2015,Q3,10-Q,2015-10-23,0001018724-15-000126,CY2015Q3I
long_term_debt,LongTermDebt,us-gaap,USD,,2015-12-31,8562000000.0,2015,FY,10-K,2016-01-29,0001018724-16-000172,
long_term_debt,LongTermDebt,us-gaap,USD,,2015-12-31,8562000000.0,2016,Q1,10-Q,2016-04-29,0001018724-16-000227,
long_term_debt,LongTermDebt,us-gaap,USD,,2015-12-31,8562000000.0,2016,Q2,10-Q,2016-07-29,0001018724-16-000286,
long_term_debt,LongTermDebt,us-gaap,USD,,2015-12-31,8562000000.0,2016,Q3,10-Q,2016-10-28,0001018724-16-000324,
long_term_debt,LongTermDebt,us-gaap,USD,,2015-12-31,8562000000.0,2016,FY,10-K,2017-02-10,0001018724-17-000011,CY2015Q4I
long_term_debt,LongTermDebt,us-gaap,USD,,2016-03-31,8405000000.0,2016,Q1,10-Q,2016-04-29,0001018724-16-000227,CY2016Q1I
long_term_debt,LongTermDebt,us-gaap,USD,,2016-06-30,8347000000.0,2016,Q2,10-Q,2016-07-29,0001018724-16-000286,CY2016Q2I
long_term_debt,LongTermDebt,us-gaap,USD,,2016-09-30,8345000000.0,2016,Q3,10-Q,2016-10-28,0001018724-16-000324,CY2016Q3I
long_term_debt,LongTermDebt,us-gaap,USD,,2016-12-31,8838000000.0,2016,FY,10-K,2017-02-10,0001018724-17-000011,
long_term_debt,LongTermDebt,us-gaap,USD,,2016-12-31,8838000000.0,2017,Q1,10-Q,2017-04-28,0001018724-17-000051,
long_term_debt,LongTermDebt,us-gaap,USD,,2016-12-31,8838000000.0,2017,Q2,10-Q,2017-07-28,0001018724-17-000100,
long_term_debt,LongTermDebt,us-gaap,USD,,2016-12-31,8838000000.0,2017,Q3,10-Q,2017-10-27,0001018724-17-000135,
long_term_debt,LongTermDebt,us-gaap,USD,,2016-12-31,8838000000.0,2017,FY,10-K,2018-02-02,0001018724-18-000005,CY2016Q4I
long_term_debt,LongTermDebt,us-gaap,USD,,2017-03-31,8827000000.0,2017,Q1,10-Q,2017-04-28,0001018724-17-000051,CY2017Q1I
long_term_debt,LongTermDebt,us-gaap,USD,,2017-06-30,8832000000.0,2017,Q2,10-Q,2017-07-28,0001018724-17-000100,CY2017Q2I
long_term_debt,LongTermDebt,us-gaap,USD,,2017-09-30,25847000000.0,2017,Q3,10-Q,2017-10-27,0001018724-17-000135,CY2017Q3I
long_term_debt,LongTermDebt,us-gaap,USD,,2017-12-31,24942000000.0,2017,FY,10-K,2018-02-02,0001018724-18-000005,
long_term_debt,LongTermDebt,us-gaap,USD,,2017-12-31,24942000000.0,2018,Q1,10-Q,2018-04-27,0001018724-18-000072,
long_term_debt,LongTermDebt,us-gaap,USD,,2017-12-31,24942000000.0,2018,Q2,10-Q,2018-07-27,0001018724-18-000108,
long_term_debt,LongTermDebt,us-gaap,USD,,2017-12-31,24942000000.0,2018,Q3,10-Q,2018-10-26,0001018724-18-000159,
long_term_debt,LongTermDebt,us-gaap,USD,,2017-12-31,24942000000.0,2018,FY,10-K,2019-02-01,0001018724-19-000004,CY2017Q4I
long_term_debt,LongTermDebt,us-gaap,USD,,2018-03-31,24792000000.0,2018,Q1,10-Q,2018-04-27,0001018724-18-000072,CY2018Q1I
long_term_debt,LongTermDebt,us-gaap,USD,,2018-06-30,24770000000.0,2018,Q2,10-Q,2018-07-27,0001018724-18-000108,CY2018Q2I
long_term_debt,LongTermDebt,us-gaap,USD,,2018-09-30,24829000000.0,2018,Q3,10-Q,2018-10-26,0001018724-18-000159,CY2018Q3I
long_term_debt,LongTermDebt,us-gaap,USD,,2018-12-31,24965000000.0,2018,FY,10-K,2019-02-01,0001018724-19-000004,
long_term_debt,LongTermDebt,us-gaap,USD,,2018-12-31,24965000000.0,2019,Q1,10-Q,2019-04-26,0001018724-19-000043,
long_term_debt,LongTermDebt,us-gaap,USD,,2018-12-31,24965000000.0,2019,Q2,10-Q,2019-07-26,0001018724-19-000071,
long_term_debt,LongTermDebt,us-gaap,USD,,2018-12-31,24965000000.0,2019,Q3,10-Q,2019-10-25,0001018724-19-000089,
long_term_debt,LongTermDebt,us-gaap,USD,,2018-12-31,24965000000.0,2019,FY,10-K,2020-01-31,0001018724-20-000004,CY2018Q4I
long_term_debt,LongTermDebt,us-gaap,USD,,2019-03-31,25031000000.0,2019,Q1,10-Q,2019-04-26,0001018724-19-000043,CY2019Q1I
long_term_debt,LongTermDebt,us-gaap,USD,,2019-06-30,25066000000.0,2019,Q2,10-Q,2019-07-26,0001018724-19-000071,CY2019Q2I
long_term_debt,LongTermDebt,us-gaap,USD,,2019-09-30,25411000000.0,2019,Q3,10-Q,2019-10-25,0001018724-19-000089,CY2019Q3I
long_term_debt,LongTermDebt,us-gaap,USD,,2019-12-31,24820000000.0,2019,FY,10-K,2020-01-31,0001018724-20-000004,
long_term_debt,LongTermDebt,us-gaap,USD,,2019-12-31,24820000000.0,2020,Q1,10-Q,2020-05-01,0001018724-20-000010,
long_term_debt,LongTermDebt,us-gaap,USD,,2019-12-31,24820000000.0,2020,Q2,10-Q,2020-07-31,0001018724-20-000021,
long_term_debt,LongTermDebt,us-gaap,USD,,2019-12-31,24820000000.0,2020,Q3,10-Q,2020-10-30,0001018724-20-000030,
long_term_debt,LongTermDebt,us-gaap,USD,,2019-12-31,24820000000.0,2020,FY,10-K,2021-02-03,0001018724-21-000004,CY2019Q4I
long_term_debt,LongTermDebt,us-gaap,USD,,2020-03-31,24849000000.0,2020,Q1,10-Q,2020-05-01,0001018724-20-000010,CY2020Q1I
long_term_debt,LongTermDebt,us-gaap,USD,,2020-06-30,34486000000.0,2020,Q2,10-Q,2020-07-31,0001018724-20-000021,CY2020Q2I
long_term_debt,LongTermDebt,us-gaap,USD,,2020-09-30,33288000000.0,2020,Q3,10-Q,2020-10-30,0001018724-20-000030,CY2020Q3I
long_term_debt,LongTermDebt,us-gaap,USD,,2020-12-31,33174000000.0,2020,FY,10-K,2021-02-03,0001018724-21-000004,
long_term_debt,LongTermDebt,us-gaap,USD,,2020-12-31,33174000000.0,2021,Q1,10-Q,2021-04-30,0001018724-21-000010,
long_term_debt,LongTermDebt,us-gaap,USD,,2020-12-31,33174000000.0,2021,Q2,10-Q,2021-07-30,0001018724-21-000020,
long_term_debt,LongTermDebt,us-gaap,USD,,2020-12-31,33174000000.0,2021,Q3,10-Q,2021-10-29,0001018724-21-000028,
long_term_debt,LongTermDebt,us-gaap,USD,,2020-12-31,33174000000.0,2021,FY,10-K,2022-02-04,0001018724-22-000005,CY2020Q4I
long_term_debt,LongTermDebt,us-gaap,USD,,2021-03-31,33227000000.0,2021,Q1,10-Q,2021-04-30,0001018724-21-000010,CY2021Q1I
long_term_debt,LongTermDebt,us-gaap,USD,,2021-06-30,51762000000.0,2021,Q2,10-Q,2021-07-30,0001018724-21-000020,CY2021Q2I
long_term_debt,LongTermDebt,us-gaap,USD,,2021-09-30,51376000000.0,2021,Q3,10-Q,2021-10-29,0001018724-21-000028,CY2021Q3I
long_term_debt,LongTermDebt,us-gaap,USD,,2021-12-31,50553000000.0,2021,FY,10-K,2022-02-04,0001018724-22-000005,
long_term_debt,LongTermDebt,us-gaap,USD,,2021-12-31,50553000000.0,2022,Q1,10-Q,2022-04-29,0001018724-22-000013,
long_term_debt,LongTermDebt,us-gaap,USD,,2021-12-31,50553000000.0,2022,Q2,10-Q,2022-07-29,0001018724-22-000019,
long_term_debt,LongTermDebt,us-gaap,USD,,2021-12-31,50553000000.0,2022,Q3,10-Q,2022-10-28,0001018724-22-000023,
long_term_debt,LongTermDebt,us-gaap,USD,,2021-12-31,50553000000.0,2022,FY,10-K,2023-02-03,0001018724-23-000004,CY2021Q4I
long_term_debt,LongTermDebt,us-gaap,USD,,2022-03-31,50553000000.0,2022,Q1,10-Q,2022-04-29,0001018724-22-000013,CY2022Q1I
long_term_debt,LongTermDebt,us-gaap,USD,,2022-06-30,63435000000.0,2022,Q2,10-Q,2022-07-29,0001018724-22-000019,CY2022Q2I
long_term_debt,LongTermDebt,us-gaap,USD,,2022-09-30,63541000000.0,2022,Q3,10-Q,2022-10-28,0001018724-22-000023,CY2022Q3I
long_term_debt,LongTermDebt,us-gaap,USD,,2022-12-31,70542000000.0,2022,FY,10-K,2023-02-03,0001018724-23-000004,
long_term_debt,LongTermDebt,us-gaap,USD,,2022-12-31,70542000000.0,2023,Q1,10-Q,2023-04-28,0001018724-23-000008,
long_term_debt,LongTermDebt,us-gaap,USD,,2022-12-31,70542000000.0,2023,Q2,10-Q,2023-08-04,0001018724-23-000012,
long_term_debt,LongTermDebt,us-gaap,USD,,2022-12-31,70542000000.0,2023,Q3,10-Q,2023-10-27,0001018724-23-000018,
long_term_debt,LongTermDebt,us-gaap,USD,,2022-12-31,70542000000.0,2023,FY,10-K,2024-02-02,0001018724-24-000008,CY2022Q4I
long_term_debt,LongTermDebt,us-gaap,USD,,2023-03-31,69472000000.0,2023,Q1,10-Q,2023-04-28,0001018724-23-000008,CY2023Q1I
long_term_debt,LongTermDebt,us-gaap,USD,,2023-06-30,67472000000.0,2023,Q2,10-Q,2023-08-04,0001018724-23-000012,CY2023Q2I
long_term_debt,LongTermDebt,us-gaap,USD,,2023-09-30,67472000000.0,2023,Q3,10-Q,2023-10-27,0001018724-23-000018,CY2023Q3I
long_term_debt,LongTermDebt,us-gaap,USD,,2023-12-31,67182000000.0,2023,FY,10-K,2024-02-02,0001018724-24-000008,
long_term_debt,LongTermDebt,us-gaap,USD,,2023-12-31,67182000000.0,2024,Q1,10-Q,2024-05-01,0001018724-24-000083,
long_term_debt,LongTermDebt,us-gaap,USD,,2023-12-31,67182000000.0,2024,Q2,10-Q,2024-08-02,0001018724-24-000130,
long_term_debt,LongTermDebt,us-gaap,USD,,2023-12-31,67182000000.0,2024,Q3,10-Q,2024-11-01,0001018724-24-000161,
long_term_debt,LongTermDebt,us-gaap,USD,,2023-12-31,67182000000.0,2024,FY,10-K,2025-02-07,0001018724-25-000004,CY2023Q4I
long_term_debt,LongTermDebt,us-gaap,USD,,2024-03-31,66852000000.0,2024,Q1,10-Q,2024-05-01,0001018724-24-000083,CY2024Q1I
long_term_debt,LongTermDebt,us-gaap,USD,,2024-06-30,62683000000.0,2024,Q2,10-Q,2024-08-02,0001018724-24-000130,CY2024Q2I
long_term_debt,LongTermDebt,us-gaap,USD,,2024-09-30,60500000000.0,2024,Q3,10-Q,2024-11-01,0001018724-24-000161,CY2024Q3I
long_term_debt,LongTermDebt,us-gaap,USD,,2024-12-31,58000000000.0,2024,FY,10-K,2025-02-07,0001018724-25-000004,
long_term_debt,LongTermDebt,us-gaap,USD,,2024-12-31,58000000000.0,2025,Q1,10-Q,2025-05-02,0001018724-25-000036,
long_term_debt,LongTermDebt,us-gaap,USD,,2024-12-31,58000000000.0,2025,Q2,10-Q,2025-08-01,0001018724-25-000086,
long_term_debt,LongTermDebt,us-gaap,USD,,2024-12-31,58000000000.0,2025,Q3,10-Q,2025-10-31,0001018724-25-000123,
long_term_debt,LongTermDebt,us-gaap,USD,,2024-12-31,58000000000.0,2025,FY,10-K,2026-02-06,0001018724-26-000004,CY2024Q4I
long_term_debt,LongTermDebt,us-gaap,USD,,2025-03-31,58750000000.0,2025,Q1,10-Q,2025-05-02,0001018724-25-000036,CY2025Q1I
long_term_debt,LongTermDebt,us-gaap,USD,,2025-06-30,56082000000.0,2025,Q2,10-Q,2025-08-01,0001018724-25-000086,CY2025Q2I
long_term_debt,LongTermDebt,us-gaap,USD,,2025-09-30,55097000000.0,2025,Q3,10-Q,2025-10-31,0001018724-25-000123,CY2025Q3I
long_term_debt,LongTermDebt,us-gaap,USD,,2025-12-31,68836000000.0,2025,FY,10-K,2026-02-06,0001018724-26-000004,
long_term_debt,LongTermDebt,us-gaap,USD,,2025-12-31,68836000000.0,2026,Q1,10-Q,2026-04-30,0001018724-26-000014,
long_term_debt,LongTermDebt,us-gaap,USD,,2025-12-31,68836000000.0,2026,Q2,10-Q,2026-07-31,0001018724-26-000026,CY2025Q4I
long_term_debt,LongTermDebt,us-gaap,USD,,2026-03-31,122632000000.0,2026,Q1,10-Q,2026-04-30,0001018724-26-000014,CY2026Q1I
long_term_debt,LongTermDebt,us-gaap,USD,,2026-06-30,132995000000.0,2026,Q2,10-Q,2026-07-31,0001018724-26-000026,CY2026Q2I
net_income,NetIncomeLoss,us-gaap,USD,2007-01-01,2007-12-31,476000000.0,2009,FY,10-K,2010-01-29,0001193125-10-016098,CY2007
net_income,NetIncomeLoss,us-gaap,USD,2007-07-01,2008-06-30,588000000.0,2009,Q2,10-Q,2009-07-24,0001193125-09-154174,
net_income,NetIncomeLoss,us-gaap,USD,2008-01-01,2008-06-30,301000000.0,2009,Q2,10-Q,2009-07-24,0001193125-09-154174,
net_income,NetIncomeLoss,us-gaap,USD,2008-04-01,2008-06-30,158000000.0,2009,Q2,10-Q,2009-07-24,0001193125-09-154174,CY2008Q2
net_income,NetIncomeLoss,us-gaap,USD,2007-10-01,2008-09-30,627000000.0,2009,Q3,10-Q,2009-10-23,0001193125-09-212134,
net_income,NetIncomeLoss,us-gaap,USD,2008-01-01,2008-09-30,420000000.0,2009,Q3,10-Q,2009-10-23,0001193125-09-212134,
net_income,NetIncomeLoss,us-gaap,USD,2008-07-01,2008-09-30,118000000.0,2009,Q3,10-Q,2009-10-23,0001193125-09-212134,CY2008Q3
net_income,NetIncomeLoss,us-gaap,USD,2008-01-01,2008-12-31,645000000.0,2009,FY,10-K,2010-01-29,0001193125-10-016098,
net_income,NetIncomeLoss,us-gaap,USD,2008-01-01,2008-12-31,645000000.0,2010,FY,10-K,2011-01-28,0001193125-11-016253,CY2008
net_income,NetIncomeLoss,us-gaap,USD,2008-04-01,2009-03-31,679000000.0,2010,Q1,10-Q,2010-04-23,0001193125-10-090367,
net_income,NetIncomeLoss,us-gaap,USD,2009-01-01,2009-03-31,177000000.0,2010,Q1,10-Q,2010-04-23,0001193125-10-090367,
net_income,NetIncomeLoss,us-gaap,USD,2009-01-01,2009-03-31,177000000.0,2010,FY,10-K,2011-01-28,0001193125-11-016253,CY2009Q1
net_income,NetIncomeLoss,us-gaap,USD,2008-07-01,2009-06-30,663000000.0,2009,Q2,10-Q,2009-07-24,0001193125-09-154174,
net_income,NetIncomeLoss,us-gaap,USD,2009-01-01,2009-06-30,319000000.0,2009,Q2,10-Q,2009-07-24,0001193125-09-154174,
net_income,NetIncomeLoss,us-gaap,USD,2009-04-01,2009-06-30,142000000.0,2009,Q2,10-Q,2009-07-24,0001193125-09-154174,
net_income,NetIncomeLoss,us-gaap,USD,2008-07-01,2009-06-30,663000000.0,2010,Q2,10-Q,2010-07-23,0001193125-10-164083,
net_income,NetIncomeLoss,us-gaap,USD,2009-01-01,2009-06-30,319000000.0,2010,Q2,10-Q,2010-07-23,0001193125-10-164083,
net_income,NetIncomeLoss,us-gaap,USD,2009-04-01,2009-06-30,142000000.0,2010,Q2,10-Q,2010-07-23,0001193125-10-164083,
net_income,NetIncomeLoss,us-gaap,USD,2009-04-01,2009-06-30,142000000.0,2010,FY,10-K,2011-01-28,0001193125-11-016253,CY2009Q2
net_income,NetIncomeLoss,us-gaap,USD,2008-10-01,2009-09-30,743000000.0,2009,Q3,10-Q,2009-10-23,0001193125-09-212134,
net_income,NetIncomeLoss,us-gaap,USD,2009-01-01,2009-09-30,518000000.0,2009,Q3,10-Q,2009-10-23,0001193125-09-212134,
net_income,NetIncomeLoss,us-gaap,USD,2009-07-01,2009-09-30,199000000.0,2009,Q3,10-Q,2009-10-23,0001193125-09-212134,
net_income,NetIncomeLoss,us-gaap,USD,2008-10-01,2009-09-30,743000000.0,2010,Q3,10-Q,2010-10-22,0001193125-10-233883,
net_income,NetIncomeLoss,us-gaap,USD,2009-01-01,2009-09-30,518000000.0,2010,Q3,10-Q,2010-10-22,0001193125-10-233883,
net_income,NetIncomeLoss,us-gaap,USD,2009-07-01,2009-09-30,199000000.0,2010,Q3,10-Q,2010-10-22,0001193125-10-233883,
net_income,NetIncomeLoss,us-gaap,USD,2009-07-01,2009-09-30,199000000.0,2010,FY,10-K,2011-01-28,0001193125-11-016253,CY2009Q3
net_income,NetIncomeLoss,us-gaap,USD,2009-01-01,2009-12-31,902000000.0,2009,FY,10-K,2010-01-29,0001193125-10-016098,
net_income,NetIncomeLoss,us-gaap,USD,2009-01-01,2009-12-31,902000000.0,2010,FY,10-K,2011-01-28,0001193125-11-016253,
net_income,NetIncomeLoss,us-gaap,USD,2009-10-01,2009-12-31,384000000.0,2010,FY,10-K,2011-01-28,0001193125-11-016253,CY2009Q4
net_income,NetIncomeLoss,us-gaap,USD,2009-01-01,2009-12-31,902000000.0,2011,FY,10-K,2012-02-01,0001193125-12-032846,CY2009
net_income,NetIncomeLoss,us-gaap,USD,2009-04-01,2010-03-31,1024000000.0,2010,Q1,10-Q,2010-04-23,0001193125-10-090367,
net_income,NetIncomeLoss,us-gaap,USD,2010-01-01,2010-03-31,299000000.0,2010,Q1,10-Q,2010-04-23,0001193125-10-090367,
net_income,NetIncomeLoss,us-gaap,USD,2010-01-01,2010-03-31,299000000.0,2010,FY,10-K,2011-01-28,0001193125-11-016253,
net_income,NetIncomeLoss,us-gaap,USD,2009-04-01,2010-03-31,1024000000.0,2011,Q1,10-Q,2011-04-27,0001193125-11-110197,
net_income,NetIncomeLoss,us-gaap,USD,2010-01-01,2010-03-31,299000000.0,2011,Q1,10-Q,2011-04-27,0001193125-11-110197,
net_income,NetIncomeLoss,us-gaap,USD,2010-01-01,2010-03-31,299000000.0,2011,FY,10-K,2012-02-01,0001193125-12-032846,CY2010Q1
net_income,NetIncomeLoss,us-gaap,USD,2009-07-01,2010-06-30,1088000000.0,2010,Q2,10-Q,2010-07-23,0001193125-10-164083,
net_income,NetIncomeLoss,us-gaap,USD,2010-01-01,2010-06-30,505000000.0,2010,Q2,10-Q,2010-07-23,0001193125-10-164083,
net_income,NetIncomeLoss,us-gaap,USD,2010-04-01,2010-06-30,207000000.0,2010,Q2,10-Q,2010-07-23,0001193125-10-164083,
net_income,NetIncomeLoss,us-gaap,USD,2010-04-01,2010-06-30,207000000.0,2010,FY,10-K,2011-01-28,0001193125-11-016253,
net_income,NetIncomeLoss,us-gaap,USD,2009-07-01,2010-06-30,1088000000.0,2011,Q2,10-Q,2011-07-27,0001193125-11-197823,
net_income,NetIncomeLoss,us-gaap,USD,2010-01-01,2010-06-30,505000000.0,2011,Q2,10-Q,2011-07-27,0001193125-11-197823,
net_income,NetIncomeLoss,us-gaap,USD,2010-04-01,2010-06-30,207000000.0,2011,Q2,10-Q,2011-07-27,0001193125-11-197823,
net_income,NetIncomeLoss,us-gaap,USD,2010-04-01,2010-06-30,207000000.0,2011,FY,10-K,2012-02-01,0001193125-12-032846,CY2010Q2
net_income,NetIncomeLoss,us-gaap,USD,2009-10-01,2010-09-30,1120000000.0,2010,Q3,10-Q,2010-10-22,0001193125-10-233883,
net_income,NetIncomeLoss,us-gaap,USD,2010-01-01,2010-09-30,736000000.0,2010,Q3,10-Q,2010-10-22,0001193125-10-233883,
net_income,NetIncomeLoss,us-gaap,USD,2010-07-01,2010-09-30,231000000.0,2010,Q3,10-Q,2010-10-22,0001193125-10-233883,
net_income,NetIncomeLoss,us-gaap,USD,2010-07-01,2010-09-30,231000000.0,2010,FY,10-K,2011-01-28,0001193125-11-016253,
net_income,NetIncomeLoss,us-gaap,USD,2009-10-01,2010-09-30,1120000000.0,2011,Q3,10-Q,2011-10-26,0001193125-11-280739,
net_income,NetIncomeLoss,us-gaap,USD,2010-01-01,2010-09-30,736000000.0,2011,Q3,10-Q,2011-10-26,0001193125-11-280739,
net_income,NetIncomeLoss,us-gaap,USD,2010-07-01,2010-09-30,231000000.0,2011,Q3,10-Q,2011-10-26,0001193125-11-280739,
net_income,NetIncomeLoss,us-gaap,USD,2010-07-01,2010-09-30,231000000.0,2011,FY,10-K,2012-02-01,0001193125-12-032846,CY2010Q3
net_income,NetIncomeLoss,us-gaap,USD,2010-01-01,2010-12-31,1152000000.0,2010,FY,10-K,2011-01-28,0001193125-11-016253,
net_income,NetIncomeLoss,us-gaap,USD,2010-10-01,2010-12-31,416000000.0,2010,FY,10-K,2011-01-28,0001193125-11-016253,
net_income,NetIncomeLoss,us-gaap,USD,2010-01-01,2010-12-31,1152000000.0,2011,FY,10-K,2012-02-01,0001193125-12-032846,
net_income,NetIncomeLoss,us-gaap,USD,2010-10-01,2010-12-31,416000000.0,2011,FY,10-K,2012-02-01,0001193125-12-032846,CY2010Q4
net_income,NetIncomeLoss,us-gaap,USD,2010-01-01,2010-12-31,1152000000.0,2012,FY,10-K,2013-01-30,0001193125-13-028520,CY2010
net_income,NetIncomeLoss,us-gaap,USD,2010-04-01,2011-03-31,1054000000.0,2011,Q1,10-Q,2011-04-27,0001193125-11-110197,
net_income,NetIncomeLoss,us-gaap,USD,2011-01-01,2011-03-31,201000000.0,2011,Q1,10-Q,2011-04-27,0001193125-11-110197,
net_income,NetIncomeLoss,us-gaap,USD,2011-01-01,2011-03-31,201000000.0,2011,FY,10-K,2012-02-01,0001193125-12-032846,
net_income,NetIncomeLoss,us-gaap,USD,2010-04-01,2011-03-31,1054000000.0,2012,Q1,10-Q,2012-04-27,0001193125-12-187203,
net_income,NetIncomeLoss,us-gaap,USD,2011-01-01,2011-03-31,201000000.0,2012,Q1,10-Q,2012-04-27,0001193125-12-187203,
net_income,NetIncomeLoss,us-gaap,USD,2011-01-01,2011-03-31,130000000.0,2012,FY,10-K,2013-01-30,0001193125-13-028520,CY2011Q1
net_income,NetIncomeLoss,us-gaap,USD,2010-07-01,2011-06-30,1038000000.0,2011,Q2,10-Q,2011-07-27,0001193125-11-197823,
net_income,NetIncomeLoss,us-gaap,USD,2011-01-01,2011-06-30,391000000.0,2011,Q2,10-Q,2011-07-27,0001193125-11-197823,
net_income,NetIncomeLoss,us-gaap,USD,2011-04-01,2011-06-30,191000000.0,2011,Q2,10-Q,2011-07-27,0001193125-11-197823,
net_income,NetIncomeLoss,us-gaap,USD,2011-04-01,2011-06-30,191000000.0,2011,FY,10-K,2012-02-01,0001193125-12-032846,
net_income,NetIncomeLoss,us-gaap,USD,2010-07-01,2011-06-30,1038000000.0,2012,Q2,10-Q,2012-07-27,0001193125-12-317409,
net_income,NetIncomeLoss,us-gaap,USD,2011-01-01,2011-06-30,391000000.0,2012,Q2,10-Q,2012-07-27,0001193125-12-317409,
net_income,NetIncomeLoss,us-gaap,USD,2011-04-01,2011-06-30,191000000.0,2012,Q2,10-Q,2012-07-27,0001193125-12-317409,
net_income,NetIncomeLoss,us-gaap,USD,2011-04-01,2011-06-30,7000000.0,2012,FY,10-K,2013-01-30,0001193125-13-028520,CY2011Q2
net_income,NetIncomeLoss,us-gaap,USD,2010-10-01,2011-09-30,871000000.0,2011,Q3,10-Q,2011-10-26,0001193125-11-280739,
net_income,NetIncomeLoss,us-gaap,USD,2011-01-01,2011-09-30,454000000.0,2011,Q3,10-Q,2011-10-26,0001193125-11-280739,
net_income,NetIncomeLoss,us-gaap,USD,2011-07-01,2011-09-30,63000000.0,2011,Q3,10-Q,2011-10-26,0001193125-11-280739,
net_income,NetIncomeLoss,us-gaap,USD,2011-07-01,2011-09-30,63000000.0,2011,FY,10-K,2012-02-01,0001193125-12-032846,
net_income,NetIncomeLoss,us-gaap,USD,2010-10-01,2011-09-30,871000000.0,2012,Q3,10-Q,2012-10-26,0001193125-12-436012,
net_income,NetIncomeLoss,us-gaap,USD,2011-01-01,2011-09-30,454000000.0,2012,Q3,10-Q,2012-10-26,0001193125-12-436012,
net_income,NetIncomeLoss,us-gaap,USD,2011-07-01,2011-09-30,63000000.0,2012,Q3,10-Q,2012-10-26,0001193125-12-436012,
net_income,NetIncomeLoss,us-gaap,USD,2011-07-01,2011-09-30,-274000000.0,2012,FY,10-K,2013-01-30,0001193125-13-028520,CY2011Q3
net_income,NetIncomeLoss,us-gaap,USD,2011-01-01,2011-12-31,631000000.0,2011,FY,10-K,2012-02-01,0001193125-12-032846,
net_income,NetIncomeLoss,us-gaap,USD,2011-10-01,2011-12-31,177000000.0,2011,FY,10-K,2012-02-01,0001193125-12-032846,
net_income,NetIncomeLoss,us-gaap,USD,2011-01-01,2011-12-31,631000000.0,2012,FY,10-K,2013-01-30,0001193125-13-028520,
net_income,NetIncomeLoss,us-gaap,USD,2011-10-01,2011-12-31,97000000.0,2012,FY,10-K,2013-01-30,0001193125-13-028520,CY2011Q4
net_income,NetIncomeLoss,us-gaap,USD,2011-01-01,2011-12-31,631000000.0,2013,FY,10-K,2014-01-31,0001018724-14-000006,CY2011
net_income,NetIncomeLoss,us-gaap,USD,2011-04-01,2012-03-31,561000000.0,2012,Q1,10-Q,2012-04-27,0001193125-12-187203,
net_income,NetIncomeLoss,us-gaap,USD,2012-01-01,2012-03-31,130000000.0,2012,Q1,10-Q,2012-04-27,0001193125-12-187203,
net_income,NetIncomeLoss,us-gaap,USD,2012-01-01,2012-03-31,201000000.0,2012,FY,10-K,2013-01-30,0001193125-13-028520,
net_income,NetIncomeLoss,us-gaap,USD,2011-04-01,2012-03-31,561000000.0,2013,Q1,10-Q,2013-04-26,0001193125-13-174667,
net_income,NetIncomeLoss,us-gaap,USD,2012-01-01,2012-03-31,130000000.0,2013,Q1,10-Q,2013-04-26,0001193125-13-174667,
net_income,NetIncomeLoss,us-gaap,USD,2012-01-01,2012-03-31,130000000.0,2013,FY,10-K,2014-01-31,0001018724-14-000006,CY2012Q1
net_income,NetIncomeLoss,us-gaap,USD,2011-07-01,2012-06-30,377000000.0,2012,Q2,10-Q,2012-07-27,0001193125-12-317409,
net_income,NetIncomeLoss,us-gaap,USD,2012-01-01,2012-06-30,137000000.0,2012,Q2,10-Q,2012-07-27,0001193125-12-317409,
net_income,NetIncomeLoss,us-gaap,USD,2012-04-01,2012-06-30,7000000.0,2012,Q2,10-Q,2012-07-27,0001193125-12-317409,
net_income,NetIncomeLoss,us-gaap,USD,2012-04-01,2012-06-30,191000000.0,2012,FY,10-K,2013-01-30,0001193125-13-028520,
net_income,NetIncomeLoss,us-gaap,USD,2011-07-01,2012-06-30,377000000.0,2013,Q2,10-Q,2013-07-26,0001193125-13-303204,
net_income,NetIncomeLoss,us-gaap,USD,2012-01-01,2012-06-30,137000000.0,2013,Q2,10-Q,2013-07-26,0001193125-13-303204,
net_income,NetIncomeLoss,us-gaap,USD,2012-04-01,2012-06-30,7000000.0,2013,Q2,10-Q,2013-07-26,0001193125-13-303204,
net_income,NetIncomeLoss,us-gaap,USD,2012-04-01,2012-06-30,7000000.0,2013,FY,10-K,2014-01-31,0001018724-14-000006,CY2012Q2
net_income,NetIncomeLoss,us-gaap,USD,2011-10-01,2012-09-30,40000000.0,2012,Q3,10-Q,2012-10-26,0001193125-12-436012,
net_income,NetIncomeLoss,us-gaap,USD,2012-01-01,2012-09-30,-137000000.0,2012,Q3,10-Q,2012-10-26,0001193125-12-436012,
net_income,NetIncomeLoss,us-gaap,USD,2012-07-01,2012-09-30,-274000000.0,2012,Q3,10-Q,2012-10-26,0001193125-12-436012,
net_income,NetIncomeLoss,us-gaap,USD,2012-07-01,2012-09-30,63000000.0,2012,FY,10-K,2013-01-30,0001193125-13-028520,
net_income,NetIncomeLoss,us-gaap,USD,2011-10-01,2012-09-30,40000000.0,2013,Q3,10-Q,2013-10-25,0001445305-13-002495,
net_income,NetIncomeLoss,us-gaap,USD,2012-01-01,2012-09-30,-137000000.0,2013,Q3,10-Q,2013-10-25,0001445305-13-002495,
net_income,NetIncomeLoss,us-gaap,USD,2012-07-01,2012-09-30,-274000000.0,2013,Q3,10-Q,2013-10-25,0001445305-13-002495,
net_income,NetIncomeLoss,us-gaap,USD,2012-07-01,2012-09-30,-274000000.0,2013,FY,10-K,2014-01-31,0001018724-14-000006,CY2012Q3
net_income,NetIncomeLoss,us-gaap,USD,2012-01-01,2012-12-31,-39000000.0,2012,FY,10-K,2013-01-30,0001193125-13-028520,
net_income,NetIncomeLoss,us-gaap,USD,2012-10-01,2012-12-31,177000000.0,2012,FY,10-K,2013-01-30,0001193125-13-028520,
net_income,NetIncomeLoss,us-gaap,USD,2012-01-01,2012-12-31,-39000000.0,2013,FY,10-K,2014-01-31,0001018724-14-000006,
net_income,NetIncomeLoss,us-gaap,USD,2012-10-01,2012-12-31,97000000.0,2013,FY,10-K,2014-01-31,0001018724-14-000006,CY2012Q4
net_income,NetIncomeLoss,us-gaap,USD,2012-01-01,2012-12-31,-39000000.0,2014,FY,10-K,2015-01-30,0001018724-15-000006,CY2012
net_income,NetIncomeLoss,us-gaap,USD,2012-04-01,2013-03-31,-87000000.0,2013,Q1,10-Q,2013-04-26,0001193125-13-174667,
net_income,NetIncomeLoss,us-gaap,USD,2013-01-01,2013-03-31,82000000.0,2013,Q1,10-Q,2013-04-26,0001193125-13-174667,
net_income,NetIncomeLoss,us-gaap,USD,2013-01-01,2013-03-31,82000000.0,2013,FY,10-K,2014-01-31,0001018724-14-000006,
net_income,NetIncomeLoss,us-gaap,USD,2012-04-01,2013-03-31,-87000000.0,2014,Q1,10-Q,2014-04-25,0001018724-14-000014,
net_income,NetIncomeLoss,us-gaap,USD,2013-01-01,2013-03-31,82000000.0,2014,Q1,10-Q,2014-04-25,0001018724-14-000014,
net_income,NetIncomeLoss,us-gaap,USD,2013-01-01,2013-03-31,82000000.0,2014,FY,10-K,2015-01-30,0001018724-15-000006,CY2013Q1
net_income,NetIncomeLoss,us-gaap,USD,2012-07-01,2013-06-30,-101000000.0,2013,Q2,10-Q,2013-07-26,0001193125-13-303204,
net_income,NetIncomeLoss,us-gaap,USD,2013-01-01,2013-06-30,75000000.0,2013,Q2,10-Q,2013-07-26,0001193125-13-303204,
net_income,NetIncomeLoss,us-gaap,USD,2013-04-01,2013-06-30,-7000000.0,2013,Q2,10-Q,2013-07-26,0001193125-13-303204,
net_income,NetIncomeLoss,us-gaap,USD,2013-04-01,2013-06-30,-7000000.0,2013,FY,10-K,2014-01-31,0001018724-14-000006,
net_income,NetIncomeLoss,us-gaap,USD,2012-07-01,2013-06-30,-101000000.0,2014,Q2,10-Q,2014-07-25,0001018724-14-000025,
net_income,NetIncomeLoss,us-gaap,USD,2013-01-01,2013-06-30,75000000.0,2014,Q2,10-Q,2014-07-25,0001018724-14-000025,
net_income,NetIncomeLoss,us-gaap,USD,2013-04-01,2013-06-30,-7000000.0,2014,Q2,10-Q,2014-07-25,0001018724-14-000025,
net_income,NetIncomeLoss,us-gaap,USD,2013-04-01,2013-06-30,-7000000.0,2014,FY,10-K,2015-01-30,0001018724-15-000006,CY2013Q2
net_income,NetIncomeLoss,us-gaap,USD,2012-10-01,2013-09-30,132000000.0,2013,Q3,10-Q,2013-10-25,0001445305-13-002495,
net_income,NetIncomeLoss,us-gaap,USD,2013-01-01,2013-09-30,34000000.0,2013,Q3,10-Q,2013-10-25,0001445305-13-002495,
net_income,NetIncomeLoss,us-gaap,USD,2013-07-01,2013-09-30,-41000000.0,2013,Q3,10-Q,2013-10-25,0001445305-13-002495,
net_income,NetIncomeLoss,us-gaap,USD,2013-07-01,2013-09-30,-41000000.0,2013,FY,10-K,2014-01-31,0001018724-14-000006,
net_income,NetIncomeLoss,us-gaap,USD,2012-10-01,2013-09-30,132000000.0,2014,Q3,10-Q,2014-10-24,0001018724-14-000055,
net_income,NetIncomeLoss,us-gaap,USD,2013-01-01,2013-09-30,34000000.0,2014,Q3,10-Q,2014-10-24,0001018724-14-000055,
net_income,NetIncomeLoss,us-gaap,USD,2013-07-01,2013-09-30,-41000000.0,2014,Q3,10-Q,2014-10-24,0001018724-14-000055,
net_income,NetIncomeLoss,us-gaap,USD,2013-07-01,2013-09-30,-41000000.0,2014,FY,10-K,2015-01-30,0001018724-15-000006,CY2013Q3
net_income,NetIncomeLoss,us-gaap,USD,2013-01-01,2013-12-31,274000000.0,2013,FY,10-K,2014-01-31,0001018724-14-000006,
net_income,NetIncomeLoss,us-gaap,USD,2013-10-01,2013-12-31,239000000.0,2013,FY,10-K,2014-01-31,0001018724-14-000006,
net_income,NetIncomeLoss,us-gaap,USD,2013-01-01,2013-12-31,274000000.0,2014,FY,10-K,2015-01-30,0001018724-15-000006,
net_income,NetIncomeLoss,us-gaap,USD,2013-10-01,2013-12-31,239000000.0,2014,FY,10-K,2015-01-30,0001018724-15-000006,CY2013Q4
net_income,NetIncomeLoss,us-gaap,USD,2013-01-01,2013-12-31,274000000.0,2015,FY,10-K,2016-01-29,0001018724-16-000172,CY2013
net_income,NetIncomeLoss,us-gaap,USD,2013-04-01,2014-03-31,299000000.0,2014,Q1,10-Q,2014-04-25,0001018724-14-000014,
net_income,NetIncomeLoss,us-gaap,USD,2014-01-01,2014-03-31,108000000.0,2014,Q1,10-Q,2014-04-25,0001018724-14-000014,
net_income,NetIncomeLoss,us-gaap,USD,2014-01-01,2014-03-31,108000000.0,2014,FY,10-K,2015-01-30,0001018724-15-000006,
net_income,NetIncomeLoss,us-gaap,USD,2013-04-01,2014-03-31,299000000.0,2015,Q1,10-Q,2015-04-24,0001018724-15-000038,
net_income,NetIncomeLoss,us-gaap,USD,2014-01-01,2014-03-31,108000000.0,2015,Q1,10-Q,2015-04-24,0001018724-15-000038,
net_income,NetIncomeLoss,us-gaap,USD,2014-01-01,2014-03-31,108000000.0,2015,FY,10-K,2016-01-29,0001018724-16-000172,CY2014Q1
net_income,NetIncomeLoss,us-gaap,USD,2013-07-01,2014-06-30,181000000.0,2014,Q2,10-Q,2014-07-25,0001018724-14-000025,
net_income,NetIncomeLoss,us-gaap,USD,2014-01-01,2014-06-30,-18000000.0,2014,Q2,10-Q,2014-07-25,0001018724-14-000025,
net_income,NetIncomeLoss,us-gaap,USD,2014-04-01,2014-06-30,-126000000.0,2014,Q2,10-Q,2014-07-25,0001018724-14-000025,
net_income,NetIncomeLoss,us-gaap,USD,2014-04-01,2014-06-30,-126000000.0,2014,FY,10-K,2015-01-30,0001018724-15-000006,
net_income,NetIncomeLoss,us-gaap,USD,2013-07-01,2014-06-30,181000000.0,2015,Q2,10-Q,2015-07-24,0001018724-15-000087,
net_income,NetIncomeLoss,us-gaap,USD,2014-01-01,2014-06-30,-18000000.0,2015,Q2,10-Q,2015-07-24,0001018724-15-000087,
net_income,NetIncomeLoss,us-gaap,USD,2014-04-01,2014-06-30,-126000000.0,2015,Q2,10-Q,2015-07-24,0001018724-15-000087,
net_income,NetIncomeLoss,us-gaap,USD,2014-04-01,2014-06-30,-126000000.0,2015,FY,10-K,2016-01-29,0001018724-16-000172,CY2014Q2
net_income,NetIncomeLoss,us-gaap,USD,2013-10-01,2014-09-30,-216000000.0,2014,Q3,10-Q,2014-10-24,0001018724-14-000055,
net_income,NetIncomeLoss,us-gaap,USD,2014-01-01,2014-09-30,-455000000.0,2014,Q3,10-Q,2014-10-24,0001018724-14-000055,
net_income,NetIncomeLoss,us-gaap,USD,2014-07-01,2014-09-30,-437000000.0,2014,Q3,10-Q,2014-10-24,0001018724-14-000055,
net_income,NetIncomeLoss,us-gaap,USD,2014-07-01,2014-09-30,-437000000.0,2014,FY,10-K,2015-01-30,0001018724-15-000006,
net_income,NetIncomeLoss,us-gaap,USD,2013-10-01,2014-09-30,-216000000.0,2015,Q3,10-Q,2015-10-23,0001018724-15-000126,
net_income,NetIncomeLoss,us-gaap,USD,2014-01-01,2014-09-30,-455000000.0,2015,Q3,10-Q,2015-10-23,0001018724-15-000126,
net_income,NetIncomeLoss,us-gaap,USD,2014-07-01,2014-09-30,-437000000.0,2015,Q3,10-Q,2015-10-23,0001018724-15-000126,
net_income,NetIncomeLoss,us-gaap,USD,2014-07-01,2014-09-30,-437000000.0,2015,FY,10-K,2016-01-29,0001018724-16-000172,CY2014Q3
net_income,NetIncomeLoss,us-gaap,USD,2014-01-01,2014-12-31,-241000000.0,2014,FY,10-K,2015-01-30,0001018724-15-000006,
net_income,NetIncomeLoss,us-gaap,USD,2014-10-01,2014-12-31,214000000.0,2014,FY,10-K,2015-01-30,0001018724-15-000006,
net_income,NetIncomeLoss,us-gaap,USD,2014-01-01,2014-12-31,-241000000.0,2015,FY,10-K,2016-01-29,0001018724-16-000172,
net_income,NetIncomeLoss,us-gaap,USD,2014-10-01,2014-12-31,214000000.0,2015,FY,10-K,2016-01-29,0001018724-16-000172,CY2014Q4
net_income,NetIncomeLoss,us-gaap,USD,2014-01-01,2014-12-31,-241000000.0,2016,FY,10-K,2017-02-10,0001018724-17-000011,CY2014
net_income,NetIncomeLoss,us-gaap,USD,2014-04-01,2015-03-31,-405000000.0,2015,Q1,10-Q,2015-04-24,0001018724-15-000038,
net_income,NetIncomeLoss,us-gaap,USD,2015-01-01,2015-03-31,-57000000.0,2015,Q1,10-Q,2015-04-24,0001018724-15-000038,
net_income,NetIncomeLoss,us-gaap,USD,2015-01-01,2015-03-31,-57000000.0,2015,FY,10-K,2016-01-29,0001018724-16-000172,
net_income,NetIncomeLoss,us-gaap,USD,2014-04-01,2015-03-31,-405000000.0,2016,Q1,10-Q,2016-04-29,0001018724-16-000227,
net_income,NetIncomeLoss,us-gaap,USD,2015-01-01,2015-03-31,-57000000.0,2016,Q1,10-Q,2016-04-29,0001018724-16-000227,
net_income,NetIncomeLoss,us-gaap,USD,2015-01-01,2015-03-31,-57000000.0,2016,FY,10-K,2017-02-10,0001018724-17-000011,CY2015Q1
net_income,NetIncomeLoss,us-gaap,USD,2014-07-01,2015-06-30,-188000000.0,2015,Q2,10-Q,2015-07-24,0001018724-15-000087,
net_income,NetIncomeLoss,us-gaap,USD,2015-01-01,2015-06-30,35000000.0,2015,Q2,10-Q,2015-07-24,0001018724-15-000087,
net_income,NetIncomeLoss,us-gaap,USD,2015-04-01,2015-06-30,92000000.0,2015,Q2,10-Q,2015-07-24,0001018724-15-000087,
net_income,NetIncomeLoss,us-gaap,USD,2015-04-01,2015-06-30,92000000.0,2015,FY,10-K,2016-01-29,0001018724-16-000172,
net_income,NetIncomeLoss,us-gaap,USD,2014-07-01,2015-06-30,-188000000.0,2016,Q2,10-Q,2016-07-29,0001018724-16-000286,
net_income,NetIncomeLoss,us-gaap,USD,2015-01-01,2015-06-30,35000000.0,2016,Q2,10-Q,2016-07-29,0001018724-16-000286,
net_income,NetIncomeLoss,us-gaap,USD,2015-04-01,2015-06-30,92000000.0,2016,Q2,10-Q,2016-07-29,0001018724-16-000286,
net_income,NetIncomeLoss,us-gaap,USD,2015-04-01,2015-06-30,92000000.0,2016,FY,10-K,2017-02-10,0001018724-17-000011,CY2015Q2
net_income,NetIncomeLoss,us-gaap,USD,2014-10-01,2015-09-30,328000000.0,2015,Q3,10-Q,2015-10-23,0001018724-15-000126,
net_income,NetIncomeLoss,us-gaap,USD,2015-01-01,2015-09-30,114000000.0,2015,Q3,10-Q,2015-10-23,0001018724-15-000126,
net_income,NetIncomeLoss,us-gaap,USD,2015-07-01,2015-09-30,79000000.0,2015,Q3,10-Q,2015-10-23,0001018724-15-000126,
net_income,NetIncomeLoss,us-gaap,USD,2015-07-01,2015-09-30,79000000.0,2015,FY,10-K,2016-01-29,0001018724-16-000172,
net_income,NetIncomeLoss,us-gaap,USD,2014-10-01,2015-09-30,328000000.0,2016,Q3,10-Q,2016-10-28,0001018724-16-000324,
net_income,NetIncomeLoss,us-gaap,USD,2015-01-01,2015-09-30,114000000.0,2016,Q3,10-Q,2016-10-28,0001018724-16-000324,
net_income,NetIncomeLoss,us-gaap,USD,2015-07-01,2015-09-30,79000000.0,2016,Q3,10-Q,2016-10-28,0001018724-16-000324,
net_income,NetIncomeLoss,us-gaap,USD,2015-07-01,2015-09-30,79000000.0,2016,FY,10-K,2017-02-10,0001018724-17-000011,CY2015Q3
net_income,NetIncomeLoss,us-gaap,USD,2015-01-01,2015-12-31,596000000.0,2015,FY,10-K,2016-01-29,0001018724-16-000172,
net_income,NetIncomeLoss,us-gaap,USD,2015-10-01,2015-12-31,482000000.0,2015,FY,10-K,2016-01-29,0001018724-16-000172,
net_income,NetIncomeLoss,us-gaap,USD,2015-01-01,2015-12-31,596000000.0,2016,FY,10-K,2017-02-10,0001018724-17-000011,
net_income,NetIncomeLoss,us-gaap,USD,2015-10-01,2015-12-31,482000000.0,2016,FY,10-K,2017-02-10,0001018724-17-000011,CY2015Q4
net_income,NetIncomeLoss,us-gaap,USD,2015-01-01,2015-12-31,596000000.0,2017,FY,10-K,2018-02-02,0001018724-18-000005,CY2015
net_income,NetIncomeLoss,us-gaap,USD,2015-04-01,2016-03-31,1166000000.0,2016,Q1,10-Q,2016-04-29,0001018724-16-000227,
net_income,NetIncomeLoss,us-gaap,USD,2016-01-01,2016-03-31,513000000.0,2016,Q1,10-Q,2016-04-29,0001018724-16-000227,
net_income,NetIncomeLoss,us-gaap,USD,2016-01-01,2016-03-31,513000000.0,2016,FY,10-K,2017-02-10,0001018724-17-000011,
net_income,NetIncomeLoss,us-gaap,USD,2015-04-01,2016-03-31,1166000000.0,2017,Q1,10-Q,2017-04-28,0001018724-17-000051,
net_income,NetIncomeLoss,us-gaap,USD,2016-01-01,2016-03-31,513000000.0,2017,Q1,10-Q,2017-04-28,0001018724-17-000051,
net_income,NetIncomeLoss,us-gaap,USD,2016-01-01,2016-03-31,513000000.0,2017,FY,10-K,2018-02-02,0001018724-18-000005,CY2016Q1
net_income,NetIncomeLoss,us-gaap,USD,2015-07-01,2016-06-30,1931000000.0,2016,Q2,10-Q,2016-07-29,0001018724-16-000286,
net_income,NetIncomeLoss,us-gaap,USD,2016-01-01,2016-06-30,1370000000.0,2016,Q2,10-Q,2016-07-29,0001018724-16-000286,
net_income,NetIncomeLoss,us-gaap,USD,2016-04-01,2016-06-30,857000000.0,2016,Q2,10-Q,2016-07-29,0001018724-16-000286,
net_income,NetIncomeLoss,us-gaap,USD,2016-04-01,2016-06-30,857000000.0,2016,FY,10-K,2017-02-10,0001018724-17-000011,
net_income,NetIncomeLoss,us-gaap,USD,2015-07-01,2016-06-30,1931000000.0,2017,Q2,10-Q,2017-07-28,0001018724-17-000100,
net_income,NetIncomeLoss,us-gaap,USD,2016-01-01,2016-06-30,1370000000.0,2017,Q2,10-Q,2017-07-28,0001018724-17-000100,
net_income,NetIncomeLoss,us-gaap,USD,2016-04-01,2016-06-30,857000000.0,2017,Q2,10-Q,2017-07-28,0001018724-17-000100,
net_income,NetIncomeLoss,us-gaap,USD,2016-04-01,2016-06-30,857000000.0,2017,FY,10-K,2018-02-02,0001018724-18-000005,CY2016Q2
net_income,NetIncomeLoss,us-gaap,USD,2015-10-01,2016-09-30,2105000000.0,2016,Q3,10-Q,2016-10-28,0001018724-16-000324,
net_income,NetIncomeLoss,us-gaap,USD,2016-01-01,2016-09-30,1622000000.0,2016,Q3,10-Q,2016-10-28,0001018724-16-000324,
net_income,NetIncomeLoss,us-gaap,USD,2016-07-01,2016-09-30,252000000.0,2016,Q3,10-Q,2016-10-28,0001018724-16-000324,
net_income,NetIncomeLoss,us-gaap,USD,2016-07-01,2016-09-30,252000000.0,2016,FY,10-K,2017-02-10,0001018724-17-000011,
net_income,NetIncomeLoss,us-gaap,USD,2015-10-01,2016-09-30,2105000000.0,2017,Q3,10-Q,2017-10-27,0001018724-17-000135,
net_income,NetIncomeLoss,us-gaap,USD,2016-01-01,2016-09-30,1622000000.0,2017,Q3,10-Q,2017-10-27,0001018724-17-000135,
net_income,NetIncomeLoss,us-gaap,USD,2016-07-01,2016-09-30,252000000.0,2017,Q3,10-Q,2017-10-27,0001018724-17-000135,
net_income,NetIncomeLoss,us-gaap,USD,2016-07-01,2016-09-30,252000000.0,2017,FY,10-K,2018-02-02,0001018724-18-000005,CY2016Q3
net_income,NetIncomeLoss,us-gaap,USD,2016-01-01,2016-12-31,2371000000.0,2016,FY,10-K,2017-02-10,0001018724-17-000011,
net_income,NetIncomeLoss,us-gaap,USD,2016-10-01,2016-12-31,749000000.0,2016,FY,10-K,2017-02-10,0001018724-17-000011,
net_income,NetIncomeLoss,us-gaap,USD,2016-01-01,2016-12-31,2371000000.0,2017,FY,10-K,2018-02-02,0001018724-18-000005,
net_income,NetIncomeLoss,us-gaap,USD,2016-10-01,2016-12-31,749000000.0,2017,FY,10-K,2018-02-02,0001018724-18-000005,CY2016Q4
net_income,NetIncomeLoss,us-gaap,USD,2016-01-01,2016-12-31,2371000000.0,2018,FY,10-K,2019-02-01,0001018724-19-000004,CY2016
net_income,NetIncomeLoss,us-gaap,USD,2016-04-01,2017-03-31,2583000000.0,2017,Q1,10-Q,2017-04-28,0001018724-17-000051,
net_income,NetIncomeLoss,us-gaap,USD,2017-01-01,2017-03-31,724000000.0,2017,Q1,10-Q,2017-04-28,0001018724-17-000051,
net_income,NetIncomeLoss,us-gaap,USD,2017-01-01,2017-03-31,724000000.0,2017,FY,10-K,2018-02-02,0001018724-18-000005,
net_income,NetIncomeLoss,us-gaap,USD,2016-04-01,2017-03-31,2583000000.0,2018,Q1,10-Q,2018-04-27,0001018724-18-000072,
net_income,NetIncomeLoss,us-gaap,USD,2017-01-01,2017-03-31,724000000.0,2018,Q1,10-Q,2018-04-27,0001018724-18-000072,
net_income,NetIncomeLoss,us-gaap,USD,2017-01-01,2017-03-31,724000000.0,2018,FY,10-K,2019-02-01,0001018724-19-000004,CY2017Q1
net_income,NetIncomeLoss,us-gaap,USD,2016-07-01,2017-06-30,1922000000.0,2017,Q2,10-Q,2017-07-28,0001018724-17-000100,
net_income,NetIncomeLoss,us-gaap,USD,2017-01-01,2017-06-30,921000000.0,2017,Q2,10-Q,2017-07-28,0001018724-17-000100,
net_income,NetIncomeLoss,us-gaap,USD,2017-04-01,2017-06-30,197000000.0,2017,Q2,10-Q,2017-07-28,0001018724-17-000100,
net_income,NetIncomeLoss,us-gaap,USD,2017-04-01,2017-06-30,197000000.0,2017,FY,10-K,2018-02-02,0001018724-18-000005,
net_income,NetIncomeLoss,us-gaap,USD,2016-07-01,2017-06-30,1922000000.0,2018,Q2,10-Q,2018-07-27,0001018724-18-000108,
net_income,NetIncomeLoss,us-gaap,USD,2017-01-01,2017-06-30,921000000.0,2018,Q2,10-Q,2018-07-27,0001018724-18-000108,
net_income,NetIncomeLoss,us-gaap,USD,2017-04-01,2017-06-30,197000000.0,2018,Q2,10-Q,2018-07-27,0001018724-18-000108,
net_income,NetIncomeLoss,us-gaap,USD,2017-04-01,2017-06-30,197000000.0,2018,FY,10-K,2019-02-01,0001018724-19-000004,CY2017Q2
net_income,NetIncomeLoss,us-gaap,USD,2016-10-01,2017-09-30,1926000000.0,2017,Q3,10-Q,2017-10-27,0001018724-17-000135,
net_income,NetIncomeLoss,us-gaap,USD,2017-01-01,2017-09-30,1176000000.0,2017,Q3,10-Q,2017-10-27,0001018724-17-000135,
net_income,NetIncomeLoss,us-gaap,USD,2017-07-01,2017-09-30,256000000.0,2017,Q3,10-Q,2017-10-27,0001018724-17-000135,
net_income,NetIncomeLoss,us-gaap,USD,2017-07-01,2017-09-30,256000000.0,2017,FY,10-K,2018-02-02,0001018724-18-000005,
net_income,NetIncomeLoss,us-gaap,USD,2016-10-01,2017-09-30,1926000000.0,2018,Q3,10-Q,2018-10-26,0001018724-18-000159,
net_income,NetIncomeLoss,us-gaap,USD,2017-01-01,2017-09-30,1176000000.0,2018,Q3,10-Q,2018-10-26,0001018724-18-000159,
net_income,NetIncomeLoss,us-gaap,USD,2017-07-01,2017-09-30,256000000.0,2018,Q3,10-Q,2018-10-26,0001018724-18-000159,
net_income,NetIncomeLoss,us-gaap,USD,2017-07-01,2017-09-30,256000000.0,2018,FY,10-K,2019-02-01,0001018724-19-000004,CY2017Q3
net_income,NetIncomeLoss,us-gaap,USD,2017-01-01,2017-12-31,3033000000.0,2017,FY,10-K,2018-02-02,0001018724-18-000005,
net_income,NetIncomeLoss,us-gaap,USD,2017-10-01,2017-12-31,1856000000.0,2017,FY,10-K,2018-02-02,0001018724-18-000005,
net_income,NetIncomeLoss,us-gaap,USD,2017-01-01,2017-12-31,3033000000.0,2018,FY,10-K,2019-02-01,0001018724-19-000004,
net_income,NetIncomeLoss,us-gaap,USD,2017-10-01,2017-12-31,1856000000.0,2018,FY,10-K,2019-02-01,0001018724-19-000004,CY2017Q4
net_income,NetIncomeLoss,us-gaap,USD,2017-01-01,2017-12-31,3033000000.0,2019,FY,10-K,2020-01-31,0001018724-20-000004,CY2017
net_income,NetIncomeLoss,us-gaap,USD,2017-04-01,2018-03-31,3938000000.0,2018,Q1,10-Q,2018-04-27,0001018724-18-000072,
net_income,NetIncomeLoss,us-gaap,USD,2018-01-01,2018-03-31,1629000000.0,2018,Q1,10-Q,2018-04-27,0001018724-18-000072,
net_income,NetIncomeLoss,us-gaap,USD,2018-01-01,2018-03-31,1629000000.0,2018,FY,10-K,2019-02-01,0001018724-19-000004,
net_income,NetIncomeLoss,us-gaap,USD,2017-04-01,2018-03-31,3938000000.0,2019,Q1,10-Q,2019-04-26,0001018724-19-000043,
net_income,NetIncomeLoss,us-gaap,USD,2018-01-01,2018-03-31,1629000000.0,2019,Q1,10-Q,2019-04-26,0001018724-19-000043,
net_income,NetIncomeLoss,us-gaap,USD,2018-01-01,2018-03-31,1629000000.0,2019,FY,10-K,2020-01-31,0001018724-20-000004,CY2018Q1
net_income,NetIncomeLoss,us-gaap,USD,2017-07-01,2018-06-30,6275000000.0,2018,Q2,10-Q,2018-07-27,0001018724-18-000108,
net_income,NetIncomeLoss,us-gaap,USD,2018-01-01,2018-06-30,4163000000.0,2018,Q2,10-Q,2018-07-27,0001018724-18-000108,
net_income,NetIncomeLoss,us-gaap,USD,2018-04-01,2018-06-30,2534000000.0,2018,Q2,10-Q,2018-07-27,0001018724-18-000108,
net_income,NetIncomeLoss,us-gaap,USD,2018-04-01,2018-06-30,2534000000.0,2018,FY,10-K,2019-02-01,0001018724-19-000004,
net_income,NetIncomeLoss,us-gaap,USD,2017-07-01,2018-06-30,6275000000.0,2019,Q2,10-Q,2019-07-26,0001018724-19-000071,
net_income,NetIncomeLoss,us-gaap,USD,2018-01-01,2018-06-30,4163000000.0,2019,Q2,10-Q,2019-07-26,0001018724-19-000071,
net_income,NetIncomeLoss,us-gaap,USD,2018-04-01,2018-06-30,2534000000.0,2019,Q2,10-Q,2019-07-26,0001018724-19-000071,
net_income,NetIncomeLoss,us-gaap,USD,2018-04-01,2018-06-30,2534000000.0,2019,FY,10-K,2020-01-31,0001018724-20-000004,CY2018Q2
net_income,NetIncomeLoss,us-gaap,USD,2017-10-01,2018-09-30,8902000000.0,2018,Q3,10-Q,2018-10-26,0001018724-18-000159,
net_income,NetIncomeLoss,us-gaap,USD,2018-01-01,2018-09-30,7046000000.0,2018,Q3,10-Q,2018-10-26,0001018724-18-000159,
net_income,NetIncomeLoss,us-gaap,USD,2018-07-01,2018-09-30,2883000000.0,2018,Q3,10-Q,2018-10-26,0001018724-18-000159,
net_income,NetIncomeLoss,us-gaap,USD,2018-07-01,2018-09-30,2883000000.0,2018,FY,10-K,2019-02-01,0001018724-19-000004,
net_income,NetIncomeLoss,us-gaap,USD,2017-10-01,2018-09-30,8902000000.0,2019,Q3,10-Q,2019-10-25,0001018724-19-000089,
net_income,NetIncomeLoss,us-gaap,USD,2018-01-01,2018-09-30,7046000000.0,2019,Q3,10-Q,2019-10-25,0001018724-19-000089,
net_income,NetIncomeLoss,us-gaap,USD,2018-07-01,2018-09-30,2883000000.0,2019,Q3,10-Q,2019-10-25,0001018724-19-000089,
net_income,NetIncomeLoss,us-gaap,USD,2018-07-01,2018-09-30,2883000000.0,2019,FY,10-K,2020-01-31,0001018724-20-000004,CY2018Q3
net_income,NetIncomeLoss,us-gaap,USD,2018-01-01,2018-12-31,10073000000.0,2018,FY,10-K,2019-02-01,0001018724-19-000004,
net_income,NetIncomeLoss,us-gaap,USD,2018-10-01,2018-12-31,3027000000.0,2018,FY,10-K,2019-02-01,0001018724-19-000004,
net_income,NetIncomeLoss,us-gaap,USD,2018-01-01,2018-12-31,10073000000.0,2019,FY,10-K,2020-01-31,0001018724-20-000004,
net_income,NetIncomeLoss,us-gaap,USD,2018-10-01,2018-12-31,3027000000.0,2019,FY,10-K,2020-01-31,0001018724-20-000004,CY2018Q4
net_income,NetIncomeLoss,us-gaap,USD,2018-01-01,2018-12-31,10073000000.0,2020,FY,10-K,2021-02-03,0001018724-21-000004,CY2018
net_income,NetIncomeLoss,us-gaap,USD,2018-04-01,2019-03-31,12005000000.0,2019,Q1,10-Q,2019-04-26,0001018724-19-000043,
net_income,NetIncomeLoss,us-gaap,USD,2019-01-01,2019-03-31,3561000000.0,2019,Q1,10-Q,2019-04-26,0001018724-19-000043,
net_income,NetIncomeLoss,us-gaap,USD,2019-01-01,2019-03-31,3561000000.0,2019,FY,10-K,2020-01-31,0001018724-20-000004,
net_income,NetIncomeLoss,us-gaap,USD,2018-04-01,2019-03-31,12005000000.0,2020,Q1,10-Q,2020-05-01,0001018724-20-000010,
net_income,NetIncomeLoss,us-gaap,USD,2019-01-01,2019-03-31,3561000000.0,2020,Q1,10-Q,2020-05-01,0001018724-20-000010,
net_income,NetIncomeLoss,us-gaap,USD,2019-01-01,2019-03-31,3561000000.0,2020,FY,10-K,2021-02-03,0001018724-21-000004,CY2019Q1
net_income,NetIncomeLoss,us-gaap,USD,2018-07-01,2019-06-30,12096000000.0,2019,Q2,10-Q,2019-07-26,0001018724-19-000071,
net_income,NetIncomeLoss,us-gaap,USD,2019-01-01,2019-06-30,6186000000.0,2019,Q2,10-Q,2019-07-26,0001018724-19-000071,
net_income,NetIncomeLoss,us-gaap,USD,2019-04-01,2019-06-30,2625000000.0,2019,Q2,10-Q,2019-07-26,0001018724-19-000071,
net_income,NetIncomeLoss,us-gaap,USD,2019-04-01,2019-06-30,2625000000.0,2019,FY,10-K,2020-01-31,0001018724-20-000004,
net_income,NetIncomeLoss,us-gaap,USD,2018-07-01,2019-06-30,12096000000.0,2020,Q2,10-Q,2020-07-31,0001018724-20-000021,
net_income,NetIncomeLoss,us-gaap,USD,2019-01-01,2019-06-30,6186000000.0,2020,Q2,10-Q,2020-07-31,0001018724-20-000021,
net_income,NetIncomeLoss,us-gaap,USD,2019-04-01,2019-06-30,2625000000.0,2020,Q2,10-Q,2020-07-31,0001018724-20-000021,
net_income,NetIncomeLoss,us-gaap,USD,2019-04-01,2019-06-30,2625000000.0,2020,FY,10-K,2021-02-03,0001018724-21-000004,CY2019Q2
net_income,NetIncomeLoss,us-gaap,USD,2018-10-01,2019-09-30,11347000000.0,2019,Q3,10-Q,2019-10-25,0001018724-19-000089,
net_income,NetIncomeLoss,us-gaap,USD,2019-01-01,2019-09-30,8320000000.0,2019,Q3,10-Q,2019-10-25,0001018724-19-000089,
net_income,NetIncomeLoss,us-gaap,USD,2019-07-01,2019-09-30,2134000000.0,2019,Q3,10-Q,2019-10-25,0001018724-19-000089,
net_income,NetIncomeLoss,us-gaap,USD,2019-07-01,2019-09-30,2134000000.0,2019,FY,10-K,2020-01-31,0001018724-20-000004,
net_income,NetIncomeLoss,us-gaap,USD,2018-10-01,2019-09-30,11347000000.0,2020,Q3,10-Q,2020-10-30,0001018724-20-000030,
net_income,NetIncomeLoss,us-gaap,USD,2019-01-01,2019-09-30,8320000000.0,2020,Q3,10-Q,2020-10-30,0001018724-20-000030,
net_income,NetIncomeLoss,us-gaap,USD,2019-07-01,2019-09-30,2134000000.0,2020,Q3,10-Q,2020-10-30,0001018724-20-000030,
net_income,NetIncomeLoss,us-gaap,USD,2019-07-01,2019-09-30,2134000000.0,2020,FY,10-K,2021-02-03,0001018724-21-000004,CY2019Q3
net_income,NetIncomeLoss,us-gaap,USD,2019-01-01,2019-12-31,11588000000.0,2019,FY,10-K,2020-01-31,0001018724-20-000004,
net_income,NetIncomeLoss,us-gaap,USD,2019-10-01,2019-12-31,3268000000.0,2019,FY,10-K,2020-01-31,0001018724-20-000004,
net_income,NetIncomeLoss,us-gaap,USD,2019-01-01,2019-12-31,11588000000.0,2020,FY,10-K,2021-02-03,0001018724-21-000004,
net_income,NetIncomeLoss,us-gaap,USD,2019-10-01,2019-12-31,3268000000.0,2020,FY,10-K,2021-02-03,0001018724-21-000004,CY2019Q4
net_income,NetIncomeLoss,us-gaap,USD,2019-01-01,2019-12-31,11588000000.0,2021,FY,10-K,2022-02-04,0001018724-22-000005,CY2019
net_income,NetIncomeLoss,us-gaap,USD,2019-04-01,2020-03-31,10563000000.0,2020,Q1,10-Q,2020-05-01,0001018724-20-000010,
net_income,NetIncomeLoss,us-gaap,USD,2020-01-01,2020-03-31,2535000000.0,2020,Q1,10-Q,2020-05-01,0001018724-20-000010,
net_income,NetIncomeLoss,us-gaap,USD,2020-01-01,2020-03-31,2535000000.0,2020,FY,10-K,2021-02-03,0001018724-21-000004,
net_income,NetIncomeLoss,us-gaap,USD,2019-04-01,2020-03-31,10563000000.0,2021,Q1,10-Q,2021-04-30,0001018724-21-000010,
net_income,NetIncomeLoss,us-gaap,USD,2020-01-01,2020-03-31,2535000000.0,2021,Q1,10-Q,2021-04-30,0001018724-21-000010,CY2020Q1
net_income,NetIncomeLoss,us-gaap,USD,2019-07-01,2020-06-30,13180000000.0,2020,Q2,10-Q,2020-07-31,0001018724-20-000021,
net_income,NetIncomeLoss,us-gaap,USD,2020-01-01,2020-06-30,7778000000.0,2020,Q2,10-Q,2020-07-31,0001018724-20-000021,
net_income,NetIncomeLoss,us-gaap,USD,2020-04-01,2020-06-30,5243000000.0,2020,Q2,10-Q,2020-07-31,0001018724-20-000021,
net_income,NetIncomeLoss,us-gaap,USD,2020-04-01,2020-06-30,5243000000.0,2020,FY,10-K,2021-02-03,0001018724-21-000004,
net_income,NetIncomeLoss,us-gaap,USD,2019-07-01,2020-06-30,13180000000.0,2021,Q2,10-Q,2021-07-30,0001018724-21-000020,
net_income,NetIncomeLoss,us-gaap,USD,2020-01-01,2020-06-30,7778000000.0,2021,Q2,10-Q,2021-07-30,0001018724-21-000020,
net_income,NetIncomeLoss,us-gaap,USD,2020-04-01,2020-06-30,5243000000.0,2021,Q2,10-Q,2021-07-30,0001018724-21-000020,CY2020Q2
net_income,NetIncomeLoss,us-gaap,USD,2019-10-01,2020-09-30,17377000000.0,2020,Q3,10-Q,2020-10-30,0001018724-20-000030,
net_income,NetIncomeLoss,us-gaap,USD,2020-01-01,2020-09-30,14109000000.0,2020,Q3,10-Q,2020-10-30,0001018724-20-000030,
net_income,NetIncomeLoss,us-gaap,USD,2020-07-01,2020-09-30,6331000000.0,2020,Q3,10-Q,2020-10-30,0001018724-20-000030,
net_income,NetIncomeLoss,us-gaap,USD,2020-07-01,2020-09-30,6331000000.0,2020,FY,10-K,2021-02-03,0001018724-21-000004,
net_income,NetIncomeLoss,us-gaap,USD,2019-10-01,2020-09-30,17377000000.0,2021,Q3,10-Q,2021-10-29,0001018724-21-000028,
net_income,NetIncomeLoss,us-gaap,USD,2020-01-01,2020-09-30,14109000000.0,2021,Q3,10-Q,2021-10-29,0001018724-21-000028,
net_income,NetIncomeLoss,us-gaap,USD,2020-07-01,2020-09-30,6331000000.0,2021,Q3,10-Q,2021-10-29,0001018724-21-000028,CY2020Q3
net_income,NetIncomeLoss,us-gaap,USD,2020-01-01,2020-12-31,21331000000.0,2020,FY,10-K,2021-02-03,0001018724-21-000004,
net_income,NetIncomeLoss,us-gaap,USD,2020-10-01,2020-12-31,7222000000.0,2020,FY,10-K,2021-02-03,0001018724-21-000004,CY2020Q4
net_income,NetIncomeLoss,us-gaap,USD,2020-01-01,2020-12-31,21331000000.0,2021,FY,10-K,2022-02-04,0001018724-22-000005,
net_income,NetIncomeLoss,us-gaap,USD,2020-01-01,2020-12-31,21331000000.0,2022,FY,10-K,2023-02-03,0001018724-23-000004,CY2020
net_income,NetIncomeLoss,us-gaap,USD,2020-04-01,2021-03-31,26903000000.0,2021,Q1,10-Q,2021-04-30,0001018724-21-000010,
net_income,NetIncomeLoss,us-gaap,USD,2021-01-01,2021-03-31,8107000000.0,2021,Q1,10-Q,2021-04-30,0001018724-21-000010,
net_income,NetIncomeLoss,us-gaap,USD,2020-04-01,2021-03-31,26903000000.0,2022,Q1,10-Q,2022-04-29,0001018724-22-000013,
net_income,NetIncomeLoss,us-gaap,USD,2021-01-01,2021-03-31,8107000000.0,2022,Q1,10-Q,2022-04-29,0001018724-22-000013,CY2021Q1
net_income,NetIncomeLoss,us-gaap,USD,2020-07-01,2021-06-30,29438000000.0,2021,Q2,10-Q,2021-07-30,0001018724-21-000020,
net_income,NetIncomeLoss,us-gaap,USD,2021-01-01,2021-06-30,15885000000.0,2021,Q2,10-Q,2021-07-30,0001018724-21-000020,
net_income,NetIncomeLoss,us-gaap,USD,2021-04-01,2021-06-30,7778000000.0,2021,Q2,10-Q,2021-07-30,0001018724-21-000020,
net_income,NetIncomeLoss,us-gaap,USD,2020-07-01,2021-06-30,29438000000.0,2022,Q2,10-Q,2022-07-29,0001018724-22-000019,
net_income,NetIncomeLoss,us-gaap,USD,2021-01-01,2021-06-30,15885000000.0,2022,Q2,10-Q,2022-07-29,0001018724-22-000019,
net_income,NetIncomeLoss,us-gaap,USD,2021-04-01,2021-06-30,7778000000.0,2022,Q2,10-Q,2022-07-29,0001018724-22-000019,CY2021Q2
net_income,NetIncomeLoss,us-gaap,USD,2020-10-01,2021-09-30,26263000000.0,2021,Q3,10-Q,2021-10-29,0001018724-21-000028,
net_income,NetIncomeLoss,us-gaap,USD,2021-01-01,2021-09-30,19041000000.0,2021,Q3,10-Q,2021-10-29,0001018724-21-000028,
net_income,NetIncomeLoss,us-gaap,USD,2021-07-01,2021-09-30,3156000000.0,2021,Q3,10-Q,2021-10-29,0001018724-21-000028,
net_income,NetIncomeLoss,us-gaap,USD,2020-10-01,2021-09-30,26263000000.0,2022,Q3,10-Q,2022-10-28,0001018724-22-000023,
net_income,NetIncomeLoss,us-gaap,USD,2021-01-01,2021-09-30,19041000000.0,2022,Q3,10-Q,2022-10-28,0001018724-22-000023,
net_income,NetIncomeLoss,us-gaap,USD,2021-07-01,2021-09-30,3156000000.0,2022,Q3,10-Q,2022-10-28,0001018724-22-000023,CY2021Q3
net_income,NetIncomeLoss,us-gaap,USD,2021-01-01,2021-12-31,33364000000.0,2021,FY,10-K,2022-02-04,0001018724-22-000005,
net_income,NetIncomeLoss,us-gaap,USD,2021-01-01,2021-12-31,33364000000.0,2022,FY,10-K,2023-02-03,0001018724-23-000004,
net_income,NetIncomeLoss,us-gaap,USD,2021-01-01,2021-12-31,33364000000.0,2023,FY,10-K,2024-02-02,0001018724-24-000008,
net_income,NetIncomeLoss,us-gaap,USD,2021-01-01,2021-12-31,33364000000.0,,,DEF 14A,2026-04-09,0001104659-26-041026,CY2021
net_income,NetIncomeLoss,us-gaap,USD,2021-04-01,2022-03-31,21413000000.0,2022,Q1,10-Q,2022-04-29,0001018724-22-000013,
net_income,NetIncomeLoss,us-gaap,USD,2022-01-01,2022-03-31,-3844000000.0,2022,Q1,10-Q,2022-04-29,0001018724-22-000013,
net_income,NetIncomeLoss,us-gaap,USD,2021-04-01,2022-03-31,21413000000.0,2023,Q1,10-Q,2023-04-28,0001018724-23-000008,
net_income,NetIncomeLoss,us-gaap,USD,2022-01-01,2022-03-31,-3844000000.0,2023,Q1,10-Q,2023-04-28,0001018724-23-000008,CY2022Q1
net_income,NetIncomeLoss,us-gaap,USD,2021-07-01,2022-06-30,11607000000.0,2022,Q2,10-Q,2022-07-29,0001018724-22-000019,
net_income,NetIncomeLoss,us-gaap,USD,2022-01-01,2022-06-30,-5872000000.0,2022,Q2,10-Q,2022-07-29,0001018724-22-000019,
net_income,NetIncomeLoss,us-gaap,USD,2022-04-01,2022-06-30,-2028000000.0,2022,Q2,10-Q,2022-07-29,0001018724-22-000019,
net_income,NetIncomeLoss,us-gaap,USD,2021-07-01,2022-06-30,11607000000.0,2023,Q2,10-Q,2023-08-04,0001018724-23-000012,
net_income,NetIncomeLoss,us-gaap,USD,2022-01-01,2022-06-30,-5872000000.0,2023,Q2,10-Q,2023-08-04,0001018724-23-000012,
net_income,NetIncomeLoss,us-gaap,USD,2022-04-01,2022-06-30,-2028000000.0,2023,Q2,10-Q,2023-08-04,0001018724-23-000012,CY2022Q2
net_income,NetIncomeLoss,us-gaap,USD,2021-10-01,2022-09-30,11323000000.0,2022,Q3,10-Q,2022-10-28,0001018724-22-000023,
net_income,NetIncomeLoss,us-gaap,USD,2022-01-01,2022-09-30,-3000000000.0,2022,Q3,10-Q,2022-10-28,0001018724-22-000023,
net_income,NetIncomeLoss,us-gaap,USD,2022-07-01,2022-09-30,2872000000.0,2022,Q3,10-Q,2022-10-28,0001018724-22-000023,
net_income,NetIncomeLoss,us-gaap,USD,2021-10-01,2022-09-30,11323000000.0,2023,Q3,10-Q,2023-10-27,0001018724-23-000018,
net_income,NetIncomeLoss,us-gaap,USD,2022-01-01,2022-09-30,-3000000000.0,2023,Q3,10-Q,2023-10-27,0001018724-23-000018,
net_income,NetIncomeLoss,us-gaap,USD,2022-07-01,2022-09-30,2872000000.0,2023,Q3,10-Q,2023-10-27,0001018724-23-000018,CY2022Q3
net_income,NetIncomeLoss,us-gaap,USD,2022-01-01,2022-12-31,-2722000000.0,2022,FY,10-K,2023-02-03,0001018724-23-000004,
net_income,NetIncomeLoss,us-gaap,USD,2022-01-01,2022-12-31,-2722000000.0,2023,FY,10-K,2024-02-02,0001018724-24-000008,
net_income,NetIncomeLoss,us-gaap,USD,2022-01-01,2022-12-31,-2722000000.0,2024,FY,10-K,2025-02-07,0001018724-25-000004,
net_income,NetIncomeLoss,us-gaap,USD,2022-01-01,2022-12-31,-2722000000.0,,,DEF 14A,2026-04-09,0001104659-26-041026,CY2022
net_income,NetIncomeLoss,us-gaap,USD,2022-04-01,2023-03-31,4294000000.0,2023,Q1,10-Q,2023-04-28,0001018724-23-000008,
net_income,NetIncomeLoss,us-gaap,USD,2023-01-01,2023-03-31,3172000000.0,2023,Q1,10-Q,2023-04-28,0001018724-23-000008,
net_income,NetIncomeLoss,us-gaap,USD,2022-04-01,2023-03-31,4294000000.0,2024,Q1,10-Q,2024-05-01,0001018724-24-000083,
net_income,NetIncomeLoss,us-gaap,USD,2023-01-01,2023-03-31,3172000000.0,2024,Q1,10-Q,2024-05-01,0001018724-24-000083,CY2023Q1
net_income,NetIncomeLoss,us-gaap,USD,2022-07-01,2023-06-30,13072000000.0,2023,Q2,10-Q,2023-08-04,0001018724-23-000012,
net_income,NetIncomeLoss,us-gaap,USD,2023-01-01,2023-06-30,9922000000.0,2023,Q2,10-Q,2023-08-04,0001018724-23-000012,
net_income,NetIncomeLoss,us-gaap,USD,2023-04-01,2023-06-30,6750000000.0,2023,Q2,10-Q,2023-08-04,0001018724-23-000012,
net_income,NetIncomeLoss,us-gaap,USD,2022-07-01,2023-06-30,13072000000.0,2024,Q2,10-Q,2024-08-02,0001018724-24-000130,
net_income,NetIncomeLoss,us-gaap,USD,2023-01-01,2023-06-30,9922000000.0,2024,Q2,10-Q,2024-08-02,0001018724-24-000130,
net_income,NetIncomeLoss,us-gaap,USD,2023-04-01,2023-06-30,6750000000.0,2024,Q2,10-Q,2024-08-02,0001018724-24-000130,CY2023Q2
net_income,NetIncomeLoss,us-gaap,USD,2022-10-01,2023-09-30,20079000000.0,2023,Q3,10-Q,2023-10-27,0001018724-23-000018,
net_income,NetIncomeLoss,us-gaap,USD,2023-01-01,2023-09-30,19801000000.0,2023,Q3,10-Q,2023-10-27,0001018724-23-000018,
net_income,NetIncomeLoss,us-gaap,USD,2023-07-01,2023-09-30,9879000000.0,2023,Q3,10-Q,2023-10-27,0001018724-23-000018,
net_income,NetIncomeLoss,us-gaap,USD,2022-10-01,2023-09-30,20079000000.0,2024,Q3,10-Q,2024-11-01,0001018724-24-000161,
net_income,NetIncomeLoss,us-gaap,USD,2023-01-01,2023-09-30,19801000000.0,2024,Q3,10-Q,2024-11-01,0001018724-24-000161,
net_income,NetIncomeLoss,us-gaap,USD,2023-07-01,2023-09-30,9879000000.0,2024,Q3,10-Q,2024-11-01,0001018724-24-000161,CY2023Q3
net_income,NetIncomeLoss,us-gaap,USD,2023-01-01,2023-12-31,30425000000.0,2023,FY,10-K,2024-02-02,0001018724-24-000008,
net_income,NetIncomeLoss,us-gaap,USD,2023-01-01,2023-12-31,30425000000.0,2024,FY,10-K,2025-02-07,0001018724-25-000004,
net_income,NetIncomeLoss,us-gaap,USD,2023-01-01,2023-12-31,30425000000.0,2025,FY,10-K,2026-02-06,0001018724-26-000004,
net_income,NetIncomeLoss,us-gaap,USD,2023-01-01,2023-12-31,30425000000.0,,,DEF 14A,2026-04-09,0001104659-26-041026,CY2023
net_income,NetIncomeLoss,us-gaap,USD,2023-04-01,2024-03-31,37684000000.0,2024,Q1,10-Q,2024-05-01,0001018724-24-000083,
net_income,NetIncomeLoss,us-gaap,USD,2024-01-01,2024-03-31,10431000000.0,2024,Q1,10-Q,2024-05-01,0001018724-24-000083,
net_income,NetIncomeLoss,us-gaap,USD,2023-04-01,2024-03-31,37684000000.0,2025,Q1,10-Q,2025-05-02,0001018724-25-000036,
net_income,NetIncomeLoss,us-gaap,USD,2024-01-01,2024-03-31,10431000000.0,2025,Q1,10-Q,2025-05-02,0001018724-25-000036,CY2024Q1
net_income,NetIncomeLoss,us-gaap,USD,2023-07-01,2024-06-30,44419000000.0,2024,Q2,10-Q,2024-08-02,0001018724-24-000130,
net_income,NetIncomeLoss,us-gaap,USD,2024-01-01,2024-06-30,23916000000.0,2024,Q2,10-Q,2024-08-02,0001018724-24-000130,
net_income,NetIncomeLoss,us-gaap,USD,2024-04-01,2024-06-30,13485000000.0,2024,Q2,10-Q,2024-08-02,0001018724-24-000130,
net_income,NetIncomeLoss,us-gaap,USD,2023-07-01,2024-06-30,44419000000.0,2025,Q2,10-Q,2025-08-01,0001018724-25-000086,
net_income,NetIncomeLoss,us-gaap,USD,2024-01-01,2024-06-30,23916000000.0,2025,Q2,10-Q,2025-08-01,0001018724-25-000086,
net_income,NetIncomeLoss,us-gaap,USD,2024-04-01,2024-06-30,13485000000.0,2025,Q2,10-Q,2025-08-01,0001018724-25-000086,CY2024Q2
net_income,NetIncomeLoss,us-gaap,USD,2023-10-01,2024-09-30,49868000000.0,2024,Q3,10-Q,2024-11-01,0001018724-24-000161,
net_income,NetIncomeLoss,us-gaap,USD,2024-01-01,2024-09-30,39244000000.0,2024,Q3,10-Q,2024-11-01,0001018724-24-000161,
net_income,NetIncomeLoss,us-gaap,USD,2024-07-01,2024-09-30,15328000000.0,2024,Q3,10-Q,2024-11-01,0001018724-24-000161,
net_income,NetIncomeLoss,us-gaap,USD,2023-10-01,2024-09-30,49868000000.0,2025,Q3,10-Q,2025-10-31,0001018724-25-000123,
net_income,NetIncomeLoss,us-gaap,USD,2024-01-01,2024-09-30,39244000000.0,2025,Q3,10-Q,2025-10-31,0001018724-25-000123,
net_income,NetIncomeLoss,us-gaap,USD,2024-07-01,2024-09-30,15328000000.0,2025,Q3,10-Q,2025-10-31,0001018724-25-000123,CY2024Q3
net_income,NetIncomeLoss,us-gaap,USD,2024-01-01,2024-12-31,59248000000.0,2024,FY,10-K,2025-02-07,0001018724-25-000004,
net_income,NetIncomeLoss,us-gaap,USD,2024-01-01,2024-12-31,59248000000.0,2025,FY,10-K,2026-02-06,0001018724-26-000004,
net_income,NetIncomeLoss,us-gaap,USD,2024-01-01,2024-12-31,59248000000.0,,,DEF 14A,2026-04-09,0001104659-26-041026,CY2024
net_income,NetIncomeLoss,us-gaap,USD,2024-04-01,2025-03-31,65944000000.0,2025,Q1,10-Q,2025-05-02,0001018724-25-000036,
net_income,NetIncomeLoss,us-gaap,USD,2025-01-01,2025-03-31,17127000000.0,2025,Q1,10-Q,2025-05-02,0001018724-25-000036,
net_income,NetIncomeLoss,us-gaap,USD,2024-04-01,2025-03-31,65944000000.0,2026,Q1,10-Q,2026-04-30,0001018724-26-000014,
net_income,NetIncomeLoss,us-gaap,USD,2025-01-01,2025-03-31,17127000000.0,2026,Q1,10-Q,2026-04-30,0001018724-26-000014,CY2025Q1
net_income,NetIncomeLoss,us-gaap,USD,2024-07-01,2025-06-30,70623000000.0,2025,Q2,10-Q,2025-08-01,0001018724-25-000086,
net_income,NetIncomeLoss,us-gaap,USD,2025-01-01,2025-06-30,35291000000.0,2025,Q2,10-Q,2025-08-01,0001018724-25-000086,
net_income,NetIncomeLoss,us-gaap,USD,2025-04-01,2025-06-30,18164000000.0,2025,Q2,10-Q,2025-08-01,0001018724-25-000086,
net_income,NetIncomeLoss,us-gaap,USD,2024-07-01,2025-06-30,70623000000.0,2026,Q2,10-Q,2026-07-31,0001018724-26-000026,
net_income,NetIncomeLoss,us-gaap,USD,2025-01-01,2025-06-30,35291000000.0,2026,Q2,10-Q,2026-07-31,0001018724-26-000026,
net_income,NetIncomeLoss,us-gaap,USD,2025-04-01,2025-06-30,18164000000.0,2026,Q2,10-Q,2026-07-31,0001018724-26-000026,CY2025Q2
net_income,NetIncomeLoss,us-gaap,USD,2024-10-01,2025-09-30,76482000000.0,2025,Q3,10-Q,2025-10-31,0001018724-25-000123,
net_income,NetIncomeLoss,us-gaap,USD,2025-01-01,2025-09-30,56478000000.0,2025,Q3,10-Q,2025-10-31,0001018724-25-000123,
net_income,NetIncomeLoss,us-gaap,USD,2025-07-01,2025-09-30,21187000000.0,2025,Q3,10-Q,2025-10-31,0001018724-25-000123,CY2025Q3
net_income,NetIncomeLoss,us-gaap,USD,2025-01-01,2025-12-31,77670000000.0,2025,FY,10-K,2026-02-06,0001018724-26-000004,
net_income,NetIncomeLoss,us-gaap,USD,2025-01-01,2025-12-31,77670000000.0,,,DEF 14A,2026-04-09,0001104659-26-041026,CY2025
net_income,NetIncomeLoss,us-gaap,USD,2025-04-01,2026-03-31,90798000000.0,2026,Q1,10-Q,2026-04-30,0001018724-26-000014,
net_income,NetIncomeLoss,us-gaap,USD,2026-01-01,2026-03-31,30255000000.0,2026,Q1,10-Q,2026-04-30,0001018724-26-000014,CY2026Q1
net_income,NetIncomeLoss,us-gaap,USD,2025-07-01,2026-06-30,135281000000.0,2026,Q2,10-Q,2026-07-31,0001018724-26-000026,CY2026
net_income,NetIncomeLoss,us-gaap,USD,2026-01-01,2026-06-30,92902000000.0,2026,Q2,10-Q,2026-07-31,0001018724-26-000026,
net_income,NetIncomeLoss,us-gaap,USD,2026-04-01,2026-06-30,62647000000.0,2026,Q2,10-Q,2026-07-31,0001018724-26-000026,CY2026Q2
operating_income,OperatingIncomeLoss,us-gaap,USD,2007-01-01,2007-12-31,655000000.0,2009,FY,10-K,2010-01-29,0001193125-10-016098,CY2007
operating_income,OperatingIncomeLoss,us-gaap,USD,2008-01-01,2008-06-30,415000000.0,2009,Q2,10-Q,2009-07-24,0001193125-09-154174,
operating_income,OperatingIncomeLoss,us-gaap,USD,2008-04-01,2008-06-30,217000000.0,2009,Q2,10-Q,2009-07-24,0001193125-09-154174,CY2008Q2
operating_income,OperatingIncomeLoss,us-gaap,USD,2008-01-01,2008-09-30,569000000.0,2009,Q3,10-Q,2009-10-23,0001193125-09-212134,
operating_income,OperatingIncomeLoss,us-gaap,USD,2008-07-01,2008-09-30,154000000.0,2009,Q3,10-Q,2009-10-23,0001193125-09-212134,CY2008Q3
operating_income,OperatingIncomeLoss,us-gaap,USD,2008-01-01,2008-12-31,842000000.0,2009,FY,10-K,2010-01-29,0001193125-10-016098,
operating_income,OperatingIncomeLoss,us-gaap,USD,2008-01-01,2008-12-31,842000000.0,2010,FY,10-K,2011-01-28,0001193125-11-016253,CY2008
operating_income,OperatingIncomeLoss,us-gaap,USD,2009-01-01,2009-03-31,244000000.0,2010,Q1,10-Q,2010-04-23,0001193125-10-090367,CY2009Q1
operating_income,OperatingIncomeLoss,us-gaap,USD,2009-01-01,2009-06-30,402000000.0,2009,Q2,10-Q,2009-07-24,0001193125-09-154174,
operating_income,OperatingIncomeLoss,us-gaap,USD,2009-04-01,2009-06-30,159000000.0,2009,Q2,10-Q,2009-07-24,0001193125-09-154174,
operating_income,OperatingIncomeLoss,us-gaap,USD,2009-01-01,2009-06-30,402000000.0,2010,Q2,10-Q,2010-07-23,0001193125-10-164083,
operating_income,OperatingIncomeLoss,us-gaap,USD,2009-04-01,2009-06-30,159000000.0,2010,Q2,10-Q,2010-07-23,0001193125-10-164083,CY2009Q2
operating_income,OperatingIncomeLoss,us-gaap,USD,2009-01-01,2009-09-30,653000000.0,2009,Q3,10-Q,2009-10-23,0001193125-09-212134,
operating_income,OperatingIncomeLoss,us-gaap,USD,2009-07-01,2009-09-30,251000000.0,2009,Q3,10-Q,2009-10-23,0001193125-09-212134,
operating_income,OperatingIncomeLoss,us-gaap,USD,2009-01-01,2009-09-30,653000000.0,2010,Q3,10-Q,2010-10-22,0001193125-10-233883,
operating_income,OperatingIncomeLoss,us-gaap,USD,2009-07-01,2009-09-30,251000000.0,2010,Q3,10-Q,2010-10-22,0001193125-10-233883,CY2009Q3
operating_income,OperatingIncomeLoss,us-gaap,USD,2009-01-01,2009-12-31,1129000000.0,2009,FY,10-K,2010-01-29,0001193125-10-016098,
operating_income,OperatingIncomeLoss,us-gaap,USD,2009-01-01,2009-12-31,1129000000.0,2010,FY,10-K,2011-01-28,0001193125-11-016253,
operating_income,OperatingIncomeLoss,us-gaap,USD,2009-01-01,2009-12-31,1129000000.0,2011,FY,10-K,2012-02-01,0001193125-12-032846,CY2009
operating_income,OperatingIncomeLoss,us-gaap,USD,2010-01-01,2010-03-31,394000000.0,2010,Q1,10-Q,2010-04-23,0001193125-10-090367,
operating_income,OperatingIncomeLoss,us-gaap,USD,2010-01-01,2010-03-31,394000000.0,2011,Q1,10-Q,2011-04-27,0001193125-11-110197,CY2010Q1
operating_income,OperatingIncomeLoss,us-gaap,USD,2010-01-01,2010-06-30,665000000.0,2010,Q2,10-Q,2010-07-23,0001193125-10-164083,
operating_income,OperatingIncomeLoss,us-gaap,USD,2010-04-01,2010-06-30,270000000.0,2010,Q2,10-Q,2010-07-23,0001193125-10-164083,
operating_income,OperatingIncomeLoss,us-gaap,USD,2010-01-01,2010-06-30,665000000.0,2011,Q2,10-Q,2011-07-27,0001193125-11-197823,
operating_income,OperatingIncomeLoss,us-gaap,USD,2010-04-01,2010-06-30,270000000.0,2011,Q2,10-Q,2011-07-27,0001193125-11-197823,CY2010Q2
operating_income,OperatingIncomeLoss,us-gaap,USD,2010-01-01,2010-09-30,932000000.0,2010,Q3,10-Q,2010-10-22,0001193125-10-233883,
operating_income,OperatingIncomeLoss,us-gaap,USD,2010-07-01,2010-09-30,268000000.0,2010,Q3,10-Q,2010-10-22,0001193125-10-233883,
operating_income,OperatingIncomeLoss,us-gaap,USD,2010-01-01,2010-09-30,932000000.0,2011,Q3,10-Q,2011-10-26,0001193125-11-280739,
operating_income,OperatingIncomeLoss,us-gaap,USD,2010-07-01,2010-09-30,268000000.0,2011,Q3,10-Q,2011-10-26,0001193125-11-280739,CY2010Q3
operating_income,OperatingIncomeLoss,us-gaap,USD,2010-01-01,2010-12-31,1406000000.0,2010,FY,10-K,2011-01-28,0001193125-11-016253,
operating_income,OperatingIncomeLoss,us-gaap,USD,2010-01-01,2010-12-31,1406000000.0,2011,FY,10-K,2012-02-01,0001193125-12-032846,
operating_income,OperatingIncomeLoss,us-gaap,USD,2010-01-01,2010-12-31,1406000000.0,2012,FY,10-K,2013-01-30,0001193125-13-028520,CY2010
operating_income,OperatingIncomeLoss,us-gaap,USD,2011-01-01,2011-03-31,322000000.0,2011,Q1,10-Q,2011-04-27,0001193125-11-110197,
operating_income,OperatingIncomeLoss,us-gaap,USD,2011-01-01,2011-03-31,322000000.0,2012,Q1,10-Q,2012-04-27,0001193125-12-187203,CY2011Q1
operating_income,OperatingIncomeLoss,us-gaap,USD,2011-01-01,2011-06-30,523000000.0,2011,Q2,10-Q,2011-07-27,0001193125-11-197823,
operating_income,OperatingIncomeLoss,us-gaap,USD,2011-04-01,2011-06-30,201000000.0,2011,Q2,10-Q,2011-07-27,0001193125-11-197823,
operating_income,OperatingIncomeLoss,us-gaap,USD,2011-01-01,2011-06-30,523000000.0,2012,Q2,10-Q,2012-07-27,0001193125-12-317409,
operating_income,OperatingIncomeLoss,us-gaap,USD,2011-04-01,2011-06-30,201000000.0,2012,Q2,10-Q,2012-07-27,0001193125-12-317409,CY2011Q2
operating_income,OperatingIncomeLoss,us-gaap,USD,2011-01-01,2011-09-30,602000000.0,2011,Q3,10-Q,2011-10-26,0001193125-11-280739,
operating_income,OperatingIncomeLoss,us-gaap,USD,2011-07-01,2011-09-30,79000000.0,2011,Q3,10-Q,2011-10-26,0001193125-11-280739,
operating_income,OperatingIncomeLoss,us-gaap,USD,2011-01-01,2011-09-30,602000000.0,2012,Q3,10-Q,2012-10-26,0001193125-12-436012,
operating_income,OperatingIncomeLoss,us-gaap,USD,2011-07-01,2011-09-30,79000000.0,2012,Q3,10-Q,2012-10-26,0001193125-12-436012,CY2011Q3
operating_income,OperatingIncomeLoss,us-gaap,USD,2011-01-01,2011-12-31,862000000.0,2011,FY,10-K,2012-02-01,0001193125-12-032846,
operating_income,OperatingIncomeLoss,us-gaap,USD,2011-01-01,2011-12-31,862000000.0,2012,FY,10-K,2013-01-30,0001193125-13-028520,
operating_income,OperatingIncomeLoss,us-gaap,USD,2011-01-01,2011-12-31,862000000.0,2013,FY,10-K,2014-01-31,0001018724-14-000006,CY2011
operating_income,OperatingIncomeLoss,us-gaap,USD,2012-01-01,2012-03-31,192000000.0,2012,Q1,10-Q,2012-04-27,0001193125-12-187203,
operating_income,OperatingIncomeLoss,us-gaap,USD,2012-01-01,2012-03-31,192000000.0,2013,Q1,10-Q,2013-04-26,0001193125-13-174667,
operating_income,OperatingIncomeLoss,us-gaap,USD,2012-01-01,2012-03-31,192000000.0,2013,FY,10-K,2014-01-31,0001018724-14-000006,CY2012Q1
operating_income,OperatingIncomeLoss,us-gaap,USD,2012-01-01,2012-06-30,298000000.0,2012,Q2,10-Q,2012-07-27,0001193125-12-317409,
operating_income,OperatingIncomeLoss,us-gaap,USD,2012-04-01,2012-06-30,107000000.0,2012,Q2,10-Q,2012-07-27,0001193125-12-317409,
operating_income,OperatingIncomeLoss,us-gaap,USD,2012-01-01,2012-06-30,298000000.0,2013,Q2,10-Q,2013-07-26,0001193125-13-303204,
operating_income,OperatingIncomeLoss,us-gaap,USD,2012-04-01,2012-06-30,107000000.0,2013,Q2,10-Q,2013-07-26,0001193125-13-303204,
operating_income,OperatingIncomeLoss,us-gaap,USD,2012-04-01,2012-06-30,107000000.0,2013,FY,10-K,2014-01-31,0001018724-14-000006,CY2012Q2
operating_income,OperatingIncomeLoss,us-gaap,USD,2012-01-01,2012-09-30,271000000.0,2012,Q3,10-Q,2012-10-26,0001193125-12-436012,
operating_income,OperatingIncomeLoss,us-gaap,USD,2012-07-01,2012-09-30,-28000000.0,2012,Q3,10-Q,2012-10-26,0001193125-12-436012,
operating_income,OperatingIncomeLoss,us-gaap,USD,2012-01-01,2012-09-30,271000000.0,2013,Q3,10-Q,2013-10-25,0001445305-13-002495,
operating_income,OperatingIncomeLoss,us-gaap,USD,2012-07-01,2012-09-30,-28000000.0,2013,Q3,10-Q,2013-10-25,0001445305-13-002495,
operating_income,OperatingIncomeLoss,us-gaap,USD,2012-07-01,2012-09-30,-28000000.0,2013,FY,10-K,2014-01-31,0001018724-14-000006,CY2012Q3
operating_income,OperatingIncomeLoss,us-gaap,USD,2012-01-01,2012-12-31,676000000.0,2012,FY,10-K,2013-01-30,0001193125-13-028520,
operating_income,OperatingIncomeLoss,us-gaap,USD,2012-01-01,2012-12-31,676000000.0,2013,FY,10-K,2014-01-31,0001018724-14-000006,
operating_income,OperatingIncomeLoss,us-gaap,USD,2012-10-01,2012-12-31,405000000.0,2013,FY,10-K,2014-01-31,0001018724-14-000006,CY2012Q4
operating_income,OperatingIncomeLoss,us-gaap,USD,2012-01-01,2012-12-31,676000000.0,2014,FY,10-K,2015-01-30,0001018724-15-000006,CY2012
operating_income,OperatingIncomeLoss,us-gaap,USD,2013-01-01,2013-03-31,181000000.0,2013,Q1,10-Q,2013-04-26,0001193125-13-174667,
operating_income,OperatingIncomeLoss,us-gaap,USD,2013-01-01,2013-03-31,181000000.0,2013,FY,10-K,2014-01-31,0001018724-14-000006,
operating_income,OperatingIncomeLoss,us-gaap,USD,2013-01-01,2013-03-31,181000000.0,2014,Q1,10-Q,2014-04-25,0001018724-14-000014,
operating_income,OperatingIncomeLoss,us-gaap,USD,2013-01-01,2013-03-31,181000000.0,2014,FY,10-K,2015-01-30,0001018724-15-000006,CY2013Q1
operating_income,OperatingIncomeLoss,us-gaap,USD,2013-01-01,2013-06-30,260000000.0,2013,Q2,10-Q,2013-07-26,0001193125-13-303204,
operating_income,OperatingIncomeLoss,us-gaap,USD,2013-04-01,2013-06-30,79000000.0,2013,Q2,10-Q,2013-07-26,0001193125-13-303204,
operating_income,OperatingIncomeLoss,us-gaap,USD,2013-04-01,2013-06-30,79000000.0,2013,FY,10-K,2014-01-31,0001018724-14-000006,
operating_income,OperatingIncomeLoss,us-gaap,USD,2013-01-01,2013-06-30,260000000.0,2014,Q2,10-Q,2014-07-25,0001018724-14-000025,
operating_income,OperatingIncomeLoss,us-gaap,USD,2013-04-01,2013-06-30,79000000.0,2014,Q2,10-Q,2014-07-25,0001018724-14-000025,
operating_income,OperatingIncomeLoss,us-gaap,USD,2013-04-01,2013-06-30,79000000.0,2014,FY,10-K,2015-01-30,0001018724-15-000006,CY2013Q2
operating_income,OperatingIncomeLoss,us-gaap,USD,2013-01-01,2013-09-30,235000000.0,2013,Q3,10-Q,2013-10-25,0001445305-13-002495,
operating_income,OperatingIncomeLoss,us-gaap,USD,2013-07-01,2013-09-30,-25000000.0,2013,Q3,10-Q,2013-10-25,0001445305-13-002495,
operating_income,OperatingIncomeLoss,us-gaap,USD,2013-07-01,2013-09-30,-25000000.0,2013,FY,10-K,2014-01-31,0001018724-14-000006,
operating_income,OperatingIncomeLoss,us-gaap,USD,2013-01-01,2013-09-30,235000000.0,2014,Q3,10-Q,2014-10-24,0001018724-14-000055,
operating_income,OperatingIncomeLoss,us-gaap,USD,2013-07-01,2013-09-30,-25000000.0,2014,Q3,10-Q,2014-10-24,0001018724-14-000055,
operating_income,OperatingIncomeLoss,us-gaap,USD,2013-07-01,2013-09-30,-25000000.0,2014,FY,10-K,2015-01-30,0001018724-15-000006,CY2013Q3
operating_income,OperatingIncomeLoss,us-gaap,USD,2013-01-01,2013-12-31,745000000.0,2013,FY,10-K,2014-01-31,0001018724-14-000006,
operating_income,OperatingIncomeLoss,us-gaap,USD,2013-10-01,2013-12-31,510000000.0,2013,FY,10-K,2014-01-31,0001018724-14-000006,
operating_income,OperatingIncomeLoss,us-gaap,USD,2013-01-01,2013-12-31,745000000.0,2014,FY,10-K,2015-01-30,0001018724-15-000006,
operating_income,OperatingIncomeLoss,us-gaap,USD,2013-10-01,2013-12-31,510000000.0,2014,FY,10-K,2015-01-30,0001018724-15-000006,CY2013Q4
operating_income,OperatingIncomeLoss,us-gaap,USD,2013-01-01,2013-12-31,745000000.0,2015,FY,10-K,2016-01-29,0001018724-16-000172,CY2013
operating_income,OperatingIncomeLoss,us-gaap,USD,2014-01-01,2014-03-31,146000000.0,2014,Q1,10-Q,2014-04-25,0001018724-14-000014,
operating_income,OperatingIncomeLoss,us-gaap,USD,2014-01-01,2014-03-31,146000000.0,2014,FY,10-K,2015-01-30,0001018724-15-000006,
operating_income,OperatingIncomeLoss,us-gaap,USD,2014-01-01,2014-03-31,146000000.0,2015,Q1,10-Q,2015-04-24,0001018724-15-000038,
operating_income,OperatingIncomeLoss,us-gaap,USD,2014-01-01,2014-03-31,146000000.0,2015,FY,10-K,2016-01-29,0001018724-16-000172,CY2014Q1
operating_income,OperatingIncomeLoss,us-gaap,USD,2014-01-01,2014-06-30,132000000.0,2014,Q2,10-Q,2014-07-25,0001018724-14-000025,
operating_income,OperatingIncomeLoss,us-gaap,USD,2014-04-01,2014-06-30,-15000000.0,2014,Q2,10-Q,2014-07-25,0001018724-14-000025,
operating_income,OperatingIncomeLoss,us-gaap,USD,2014-04-01,2014-06-30,-15000000.0,2014,FY,10-K,2015-01-30,0001018724-15-000006,
operating_income,OperatingIncomeLoss,us-gaap,USD,2014-01-01,2014-06-30,132000000.0,2015,Q2,10-Q,2015-07-24,0001018724-15-000087,
operating_income,OperatingIncomeLoss,us-gaap,USD,2014-04-01,2014-06-30,-15000000.0,2015,Q2,10-Q,2015-07-24,0001018724-15-000087,
operating_income,OperatingIncomeLoss,us-gaap,USD,2014-04-01,2014-06-30,-15000000.0,2015,FY,10-K,2016-01-29,0001018724-16-000172,CY2014Q2
operating_income,OperatingIncomeLoss,us-gaap,USD,2014-01-01,2014-09-30,-412000000.0,2014,Q3,10-Q,2014-10-24,0001018724-14-000055,
operating_income,OperatingIncomeLoss,us-gaap,USD,2014-07-01,2014-09-30,-544000000.0,2014,Q3,10-Q,2014-10-24,0001018724-14-000055,
operating_income,OperatingIncomeLoss,us-gaap,USD,2014-07-01,2014-09-30,-544000000.0,2014,FY,10-K,2015-01-30,0001018724-15-000006,
operating_income,OperatingIncomeLoss,us-gaap,USD,2014-01-01,2014-09-30,-412000000.0,2015,Q3,10-Q,2015-10-23,0001018724-15-000126,
operating_income,OperatingIncomeLoss,us-gaap,USD,2014-07-01,2014-09-30,-544000000.0,2015,Q3,10-Q,2015-10-23,0001018724-15-000126,
operating_income,OperatingIncomeLoss,us-gaap,USD,2014-07-01,2014-09-30,-544000000.0,2015,FY,10-K,2016-01-29,0001018724-16-000172,CY2014Q3
operating_income,OperatingIncomeLoss,us-gaap,USD,2014-01-01,2014-12-31,178000000.0,2014,FY,10-K,2015-01-30,0001018724-15-000006,
operating_income,OperatingIncomeLoss,us-gaap,USD,2014-10-01,2014-12-31,591000000.0,2014,FY,10-K,2015-01-30,0001018724-15-000006,
operating_income,OperatingIncomeLoss,us-gaap,USD,2014-01-01,2014-12-31,178000000.0,2015,FY,10-K,2016-01-29,0001018724-16-000172,
operating_income,OperatingIncomeLoss,us-gaap,USD,2014-10-01,2014-12-31,591000000.0,2015,FY,10-K,2016-01-29,0001018724-16-000172,CY2014Q4
operating_income,OperatingIncomeLoss,us-gaap,USD,2014-01-01,2014-12-31,178000000.0,2016,FY,10-K,2017-02-10,0001018724-17-000011,CY2014
operating_income,OperatingIncomeLoss,us-gaap,USD,2015-01-01,2015-03-31,255000000.0,2015,Q1,10-Q,2015-04-24,0001018724-15-000038,
operating_income,OperatingIncomeLoss,us-gaap,USD,2015-01-01,2015-03-31,255000000.0,2015,FY,10-K,2016-01-29,0001018724-16-000172,
operating_income,OperatingIncomeLoss,us-gaap,USD,2015-01-01,2015-03-31,255000000.0,2016,Q1,10-Q,2016-04-29,0001018724-16-000227,
operating_income,OperatingIncomeLoss,us-gaap,USD,2015-01-01,2015-03-31,255000000.0,2016,FY,10-K,2017-02-10,0001018724-17-000011,CY2015Q1
operating_income,OperatingIncomeLoss,us-gaap,USD,2015-01-01,2015-06-30,719000000.0,2015,Q2,10-Q,2015-07-24,0001018724-15-000087,
operating_income,OperatingIncomeLoss,us-gaap,USD,2015-04-01,2015-06-30,464000000.0,2015,Q2,10-Q,2015-07-24,0001018724-15-000087,
operating_income,OperatingIncomeLoss,us-gaap,USD,2015-04-01,2015-06-30,464000000.0,2015,FY,10-K,2016-01-29,0001018724-16-000172,
operating_income,OperatingIncomeLoss,us-gaap,USD,2015-01-01,2015-06-30,719000000.0,2016,Q2,10-Q,2016-07-29,0001018724-16-000286,
operating_income,OperatingIncomeLoss,us-gaap,USD,2015-04-01,2015-06-30,464000000.0,2016,Q2,10-Q,2016-07-29,0001018724-16-000286,
operating_income,OperatingIncomeLoss,us-gaap,USD,2015-04-01,2015-06-30,464000000.0,2016,FY,10-K,2017-02-10,0001018724-17-000011,CY2015Q2
operating_income,OperatingIncomeLoss,us-gaap,USD,2015-01-01,2015-09-30,1124000000.0,2015,Q3,10-Q,2015-10-23,0001018724-15-000126,
operating_income,OperatingIncomeLoss,us-gaap,USD,2015-07-01,2015-09-30,406000000.0,2015,Q3,10-Q,2015-10-23,0001018724-15-000126,
operating_income,OperatingIncomeLoss,us-gaap,USD,2015-07-01,2015-09-30,406000000.0,2015,FY,10-K,2016-01-29,0001018724-16-000172,
operating_income,OperatingIncomeLoss,us-gaap,USD,2015-01-01,2015-09-30,1124000000.0,2016,Q3,10-Q,2016-10-28,0001018724-16-000324,
operating_income,OperatingIncomeLoss,us-gaap,USD,2015-07-01,2015-09-30,406000000.0,2016,Q3,10-Q,2016-10-28,0001018724-16-000324,
operating_income,OperatingIncomeLoss,us-gaap,USD,2015-07-01,2015-09-30,406000000.0,2016,FY,10-K,2017-02-10,0001018724-17-000011,CY2015Q3
operating_income,OperatingIncomeLoss,us-gaap,USD,2015-01-01,2015-12-31,2233000000.0,2015,FY,10-K,2016-01-29,0001018724-16-000172,
operating_income,OperatingIncomeLoss,us-gaap,USD,2015-10-01,2015-12-31,1108000000.0,2015,FY,10-K,2016-01-29,0001018724-16-000172,
operating_income,OperatingIncomeLoss,us-gaap,USD,2015-01-01,2015-12-31,2233000000.0,2016,FY,10-K,2017-02-10,0001018724-17-000011,
operating_income,OperatingIncomeLoss,us-gaap,USD,2015-10-01,2015-12-31,1108000000.0,2016,FY,10-K,2017-02-10,0001018724-17-000011,CY2015Q4
operating_income,OperatingIncomeLoss,us-gaap,USD,2015-01-01,2015-12-31,2233000000.0,2017,FY,10-K,2018-02-02,0001018724-18-000005,CY2015
operating_income,OperatingIncomeLoss,us-gaap,USD,2016-01-01,2016-03-31,1071000000.0,2016,Q1,10-Q,2016-04-29,0001018724-16-000227,
operating_income,OperatingIncomeLoss,us-gaap,USD,2016-01-01,2016-03-31,1071000000.0,2016,FY,10-K,2017-02-10,0001018724-17-000011,
operating_income,OperatingIncomeLoss,us-gaap,USD,2016-01-01,2016-03-31,1071000000.0,2017,Q1,10-Q,2017-04-28,0001018724-17-000051,
operating_income,OperatingIncomeLoss,us-gaap,USD,2016-01-01,2016-03-31,1071000000.0,2017,FY,10-K,2018-02-02,0001018724-18-000005,CY2016Q1
operating_income,OperatingIncomeLoss,us-gaap,USD,2016-01-01,2016-06-30,2356000000.0,2016,Q2,10-Q,2016-07-29,0001018724-16-000286,
operating_income,OperatingIncomeLoss,us-gaap,USD,2016-04-01,2016-06-30,1285000000.0,2016,Q2,10-Q,2016-07-29,0001018724-16-000286,
operating_income,OperatingIncomeLoss,us-gaap,USD,2016-04-01,2016-06-30,1285000000.0,2016,FY,10-K,2017-02-10,0001018724-17-000011,
operating_income,OperatingIncomeLoss,us-gaap,USD,2016-01-01,2016-06-30,2356000000.0,2017,Q2,10-Q,2017-07-28,0001018724-17-000100,
operating_income,OperatingIncomeLoss,us-gaap,USD,2016-04-01,2016-06-30,1285000000.0,2017,Q2,10-Q,2017-07-28,0001018724-17-000100,
operating_income,OperatingIncomeLoss,us-gaap,USD,2016-04-01,2016-06-30,1285000000.0,2017,FY,10-K,2018-02-02,0001018724-18-000005,CY2016Q2
operating_income,OperatingIncomeLoss,us-gaap,USD,2016-01-01,2016-09-30,2931000000.0,2016,Q3,10-Q,2016-10-28,0001018724-16-000324,
operating_income,OperatingIncomeLoss,us-gaap,USD,2016-07-01,2016-09-30,575000000.0,2016,Q3,10-Q,2016-10-28,0001018724-16-000324,
operating_income,OperatingIncomeLoss,us-gaap,USD,2016-07-01,2016-09-30,575000000.0,2016,FY,10-K,2017-02-10,0001018724-17-000011,
operating_income,OperatingIncomeLoss,us-gaap,USD,2016-01-01,2016-09-30,2931000000.0,2017,Q3,10-Q,2017-10-27,0001018724-17-000135,
operating_income,OperatingIncomeLoss,us-gaap,USD,2016-07-01,2016-09-30,575000000.0,2017,Q3,10-Q,2017-10-27,0001018724-17-000135,
operating_income,OperatingIncomeLoss,us-gaap,USD,2016-07-01,2016-09-30,575000000.0,2017,FY,10-K,2018-02-02,0001018724-18-000005,CY2016Q3
operating_income,OperatingIncomeLoss,us-gaap,USD,2016-01-01,2016-12-31,4186000000.0,2016,FY,10-K,2017-02-10,0001018724-17-000011,
operating_income,OperatingIncomeLoss,us-gaap,USD,2016-10-01,2016-12-31,1255000000.0,2016,FY,10-K,2017-02-10,0001018724-17-000011,
operating_income,OperatingIncomeLoss,us-gaap,USD,2016-01-01,2016-12-31,4186000000.0,2017,FY,10-K,2018-02-02,0001018724-18-000005,
operating_income,OperatingIncomeLoss,us-gaap,USD,2016-10-01,2016-12-31,1255000000.0,2017,FY,10-K,2018-02-02,0001018724-18-000005,CY2016Q4
operating_income,OperatingIncomeLoss,us-gaap,USD,2016-01-01,2016-12-31,4186000000.0,2018,FY,10-K,2019-02-01,0001018724-19-000004,CY2016
operating_income,OperatingIncomeLoss,us-gaap,USD,2017-01-01,2017-03-31,1005000000.0,2017,Q1,10-Q,2017-04-28,0001018724-17-000051,
operating_income,OperatingIncomeLoss,us-gaap,USD,2017-01-01,2017-03-31,1005000000.0,2017,FY,10-K,2018-02-02,0001018724-18-000005,
operating_income,OperatingIncomeLoss,us-gaap,USD,2017-01-01,2017-03-31,1005000000.0,2018,Q1,10-Q,2018-04-27,0001018724-18-000072,
operating_income,OperatingIncomeLoss,us-gaap,USD,2017-01-01,2017-03-31,1005000000.0,2018,FY,10-K,2019-02-01,0001018724-19-000004,CY2017Q1
operating_income,OperatingIncomeLoss,us-gaap,USD,2017-01-01,2017-06-30,1632000000.0,2017,Q2,10-Q,2017-07-28,0001018724-17-000100,
operating_income,OperatingIncomeLoss,us-gaap,USD,2017-04-01,2017-06-30,628000000.0,2017,Q2,10-Q,2017-07-28,0001018724-17-000100,
operating_income,OperatingIncomeLoss,us-gaap,USD,2017-04-01,2017-06-30,628000000.0,2017,FY,10-K,2018-02-02,0001018724-18-000005,
operating_income,OperatingIncomeLoss,us-gaap,USD,2017-01-01,2017-06-30,1632000000.0,2018,Q2,10-Q,2018-07-27,0001018724-18-000108,
operating_income,OperatingIncomeLoss,us-gaap,USD,2017-04-01,2017-06-30,628000000.0,2018,Q2,10-Q,2018-07-27,0001018724-18-000108,
operating_income,OperatingIncomeLoss,us-gaap,USD,2017-04-01,2017-06-30,628000000.0,2018,FY,10-K,2019-02-01,0001018724-19-000004,CY2017Q2
operating_income,OperatingIncomeLoss,us-gaap,USD,2017-01-01,2017-09-30,1979000000.0,2017,Q3,10-Q,2017-10-27,0001018724-17-000135,
operating_income,OperatingIncomeLoss,us-gaap,USD,2017-07-01,2017-09-30,347000000.0,2017,Q3,10-Q,2017-10-27,0001018724-17-000135,
operating_income,OperatingIncomeLoss,us-gaap,USD,2017-07-01,2017-09-30,347000000.0,2017,FY,10-K,2018-02-02,0001018724-18-000005,
operating_income,OperatingIncomeLoss,us-gaap,USD,2017-01-01,2017-09-30,1979000000.0,2018,Q3,10-Q,2018-10-26,0001018724-18-000159,
operating_income,OperatingIncomeLoss,us-gaap,USD,2017-07-01,2017-09-30,347000000.0,2018,Q3,10-Q,2018-10-26,0001018724-18-000159,
operating_income,OperatingIncomeLoss,us-gaap,USD,2017-07-01,2017-09-30,347000000.0,2018,FY,10-K,2019-02-01,0001018724-19-000004,CY2017Q3
operating_income,OperatingIncomeLoss,us-gaap,USD,2017-01-01,2017-12-31,4106000000.0,2017,FY,10-K,2018-02-02,0001018724-18-000005,
operating_income,OperatingIncomeLoss,us-gaap,USD,2017-10-01,2017-12-31,2127000000.0,2017,FY,10-K,2018-02-02,0001018724-18-000005,
operating_income,OperatingIncomeLoss,us-gaap,USD,2017-01-01,2017-12-31,4106000000.0,2018,FY,10-K,2019-02-01,0001018724-19-000004,
operating_income,OperatingIncomeLoss,us-gaap,USD,2017-10-01,2017-12-31,2127000000.0,2018,FY,10-K,2019-02-01,0001018724-19-000004,CY2017Q4
operating_income,OperatingIncomeLoss,us-gaap,USD,2017-01-01,2017-12-31,4106000000.0,2019,FY,10-K,2020-01-31,0001018724-20-000004,CY2017
operating_income,OperatingIncomeLoss,us-gaap,USD,2018-01-01,2018-03-31,1927000000.0,2018,Q1,10-Q,2018-04-27,0001018724-18-000072,
operating_income,OperatingIncomeLoss,us-gaap,USD,2018-01-01,2018-03-31,1927000000.0,2018,FY,10-K,2019-02-01,0001018724-19-000004,
operating_income,OperatingIncomeLoss,us-gaap,USD,2018-01-01,2018-03-31,1927000000.0,2019,Q1,10-Q,2019-04-26,0001018724-19-000043,
operating_income,OperatingIncomeLoss,us-gaap,USD,2018-01-01,2018-03-31,1927000000.0,2019,FY,10-K,2020-01-31,0001018724-20-000004,CY2018Q1
operating_income,OperatingIncomeLoss,us-gaap,USD,2018-01-01,2018-06-30,4911000000.0,2018,Q2,10-Q,2018-07-27,0001018724-18-000108,
operating_income,OperatingIncomeLoss,us-gaap,USD,2018-04-01,2018-06-30,2983000000.0,2018,Q2,10-Q,2018-07-27,0001018724-18-000108,
operating_income,OperatingIncomeLoss,us-gaap,USD,2018-04-01,2018-06-30,2983000000.0,2018,FY,10-K,2019-02-01,0001018724-19-000004,
operating_income,OperatingIncomeLoss,us-gaap,USD,2018-01-01,2018-06-30,4911000000.0,2019,Q2,10-Q,2019-07-26,0001018724-19-000071,
operating_income,OperatingIncomeLoss,us-gaap,USD,2018-04-01,2018-06-30,2983000000.0,2019,Q2,10-Q,2019-07-26,0001018724-19-000071,
operating_income,OperatingIncomeLoss,us-gaap,USD,2018-04-01,2018-06-30,2983000000.0,2019,FY,10-K,2020-01-31,0001018724-20-000004,CY2018Q2
operating_income,OperatingIncomeLoss,us-gaap,USD,2018-01-01,2018-09-30,8635000000.0,2018,Q3,10-Q,2018-10-26,0001018724-18-000159,
operating_income,OperatingIncomeLoss,us-gaap,USD,2018-07-01,2018-09-30,3724000000.0,2018,Q3,10-Q,2018-10-26,0001018724-18-000159,
operating_income,OperatingIncomeLoss,us-gaap,USD,2018-07-01,2018-09-30,3724000000.0,2018,FY,10-K,2019-02-01,0001018724-19-000004,
operating_income,OperatingIncomeLoss,us-gaap,USD,2018-01-01,2018-09-30,8635000000.0,2019,Q3,10-Q,2019-10-25,0001018724-19-000089,
operating_income,OperatingIncomeLoss,us-gaap,USD,2018-07-01,2018-09-30,3724000000.0,2019,Q3,10-Q,2019-10-25,0001018724-19-000089,
operating_income,OperatingIncomeLoss,us-gaap,USD,2018-07-01,2018-09-30,3724000000.0,2019,FY,10-K,2020-01-31,0001018724-20-000004,CY2018Q3
operating_income,OperatingIncomeLoss,us-gaap,USD,2018-01-01,2018-12-31,12421000000.0,2018,FY,10-K,2019-02-01,0001018724-19-000004,
operating_income,OperatingIncomeLoss,us-gaap,USD,2018-10-01,2018-12-31,3786000000.0,2018,FY,10-K,2019-02-01,0001018724-19-000004,
operating_income,OperatingIncomeLoss,us-gaap,USD,2018-01-01,2018-12-31,12421000000.0,2019,FY,10-K,2020-01-31,0001018724-20-000004,
operating_income,OperatingIncomeLoss,us-gaap,USD,2018-10-01,2018-12-31,3786000000.0,2019,FY,10-K,2020-01-31,0001018724-20-000004,CY2018Q4
operating_income,OperatingIncomeLoss,us-gaap,USD,2018-01-01,2018-12-31,12421000000.0,2020,FY,10-K,2021-02-03,0001018724-21-000004,CY2018
operating_income,OperatingIncomeLoss,us-gaap,USD,2019-01-01,2019-03-31,4420000000.0,2019,Q1,10-Q,2019-04-26,0001018724-19-000043,
operating_income,OperatingIncomeLoss,us-gaap,USD,2019-01-01,2019-03-31,4420000000.0,2019,FY,10-K,2020-01-31,0001018724-20-000004,
operating_income,OperatingIncomeLoss,us-gaap,USD,2019-01-01,2019-03-31,4420000000.0,2020,Q1,10-Q,2020-05-01,0001018724-20-000010,
operating_income,OperatingIncomeLoss,us-gaap,USD,2019-01-01,2019-03-31,4420000000.0,2020,FY,10-K,2021-02-03,0001018724-21-000004,CY2019Q1
operating_income,OperatingIncomeLoss,us-gaap,USD,2019-01-01,2019-06-30,7504000000.0,2019,Q2,10-Q,2019-07-26,0001018724-19-000071,
operating_income,OperatingIncomeLoss,us-gaap,USD,2019-04-01,2019-06-30,3084000000.0,2019,Q2,10-Q,2019-07-26,0001018724-19-000071,
operating_income,OperatingIncomeLoss,us-gaap,USD,2019-04-01,2019-06-30,3084000000.0,2019,FY,10-K,2020-01-31,0001018724-20-000004,
operating_income,OperatingIncomeLoss,us-gaap,USD,2019-01-01,2019-06-30,7504000000.0,2020,Q2,10-Q,2020-07-31,0001018724-20-000021,
operating_income,OperatingIncomeLoss,us-gaap,USD,2019-04-01,2019-06-30,3084000000.0,2020,Q2,10-Q,2020-07-31,0001018724-20-000021,
operating_income,OperatingIncomeLoss,us-gaap,USD,2019-04-01,2019-06-30,3084000000.0,2020,FY,10-K,2021-02-03,0001018724-21-000004,CY2019Q2
operating_income,OperatingIncomeLoss,us-gaap,USD,2019-01-01,2019-09-30,10662000000.0,2019,Q3,10-Q,2019-10-25,0001018724-19-000089,
operating_income,OperatingIncomeLoss,us-gaap,USD,2019-07-01,2019-09-30,3157000000.0,2019,Q3,10-Q,2019-10-25,0001018724-19-000089,
operating_income,OperatingIncomeLoss,us-gaap,USD,2019-07-01,2019-09-30,3157000000.0,2019,FY,10-K,2020-01-31,0001018724-20-000004,
operating_income,OperatingIncomeLoss,us-gaap,USD,2019-01-01,2019-09-30,10662000000.0,2020,Q3,10-Q,2020-10-30,0001018724-20-000030,
operating_income,OperatingIncomeLoss,us-gaap,USD,2019-07-01,2019-09-30,3157000000.0,2020,Q3,10-Q,2020-10-30,0001018724-20-000030,
operating_income,OperatingIncomeLoss,us-gaap,USD,2019-07-01,2019-09-30,3157000000.0,2020,FY,10-K,2021-02-03,0001018724-21-000004,CY2019Q3
operating_income,OperatingIncomeLoss,us-gaap,USD,2019-01-01,2019-12-31,14541000000.0,2019,FY,10-K,2020-01-31,0001018724-20-000004,
operating_income,OperatingIncomeLoss,us-gaap,USD,2019-10-01,2019-12-31,3879000000.0,2019,FY,10-K,2020-01-31,0001018724-20-000004,
operating_income,OperatingIncomeLoss,us-gaap,USD,2019-01-01,2019-12-31,14541000000.0,2020,FY,10-K,2021-02-03,0001018724-21-000004,
operating_income,OperatingIncomeLoss,us-gaap,USD,2019-10-01,2019-12-31,3879000000.0,2020,FY,10-K,2021-02-03,0001018724-21-000004,CY2019Q4
operating_income,OperatingIncomeLoss,us-gaap,USD,2019-01-01,2019-12-31,14541000000.0,2021,FY,10-K,2022-02-04,0001018724-22-000005,CY2019
operating_income,OperatingIncomeLoss,us-gaap,USD,2020-01-01,2020-03-31,3989000000.0,2020,Q1,10-Q,2020-05-01,0001018724-20-000010,
operating_income,OperatingIncomeLoss,us-gaap,USD,2020-01-01,2020-03-31,3989000000.0,2020,FY,10-K,2021-02-03,0001018724-21-000004,
operating_income,OperatingIncomeLoss,us-gaap,USD,2020-01-01,2020-03-31,3989000000.0,2021,Q1,10-Q,2021-04-30,0001018724-21-000010,CY2020Q1
operating_income,OperatingIncomeLoss,us-gaap,USD,2020-01-01,2020-06-30,9832000000.0,2020,Q2,10-Q,2020-07-31,0001018724-20-000021,
operating_income,OperatingIncomeLoss,us-gaap,USD,2020-04-01,2020-06-30,5843000000.0,2020,Q2,10-Q,2020-07-31,0001018724-20-000021,
operating_income,OperatingIncomeLoss,us-gaap,USD,2020-04-01,2020-06-30,5843000000.0,2020,FY,10-K,2021-02-03,0001018724-21-000004,
operating_income,OperatingIncomeLoss,us-gaap,USD,2020-01-01,2020-06-30,9832000000.0,2021,Q2,10-Q,2021-07-30,0001018724-21-000020,
operating_income,OperatingIncomeLoss,us-gaap,USD,2020-04-01,2020-06-30,5843000000.0,2021,Q2,10-Q,2021-07-30,0001018724-21-000020,CY2020Q2
operating_income,OperatingIncomeLoss,us-gaap,USD,2020-01-01,2020-09-30,16026000000.0,2020,Q3,10-Q,2020-10-30,0001018724-20-000030,
operating_income,OperatingIncomeLoss,us-gaap,USD,2020-07-01,2020-09-30,6194000000.0,2020,Q3,10-Q,2020-10-30,0001018724-20-000030,
operating_income,OperatingIncomeLoss,us-gaap,USD,2020-07-01,2020-09-30,6194000000.0,2020,FY,10-K,2021-02-03,0001018724-21-000004,
operating_income,OperatingIncomeLoss,us-gaap,USD,2020-01-01,2020-09-30,16026000000.0,2021,Q3,10-Q,2021-10-29,0001018724-21-000028,
operating_income,OperatingIncomeLoss,us-gaap,USD,2020-07-01,2020-09-30,6194000000.0,2021,Q3,10-Q,2021-10-29,0001018724-21-000028,CY2020Q3
operating_income,OperatingIncomeLoss,us-gaap,USD,2020-01-01,2020-12-31,22899000000.0,2020,FY,10-K,2021-02-03,0001018724-21-000004,
operating_income,OperatingIncomeLoss,us-gaap,USD,2020-10-01,2020-12-31,6873000000.0,2020,FY,10-K,2021-02-03,0001018724-21-000004,CY2020Q4
operating_income,OperatingIncomeLoss,us-gaap,USD,2020-01-01,2020-12-31,22899000000.0,2021,FY,10-K,2022-02-04,0001018724-22-000005,
operating_income,OperatingIncomeLoss,us-gaap,USD,2020-01-01,2020-12-31,22899000000.0,2022,FY,10-K,2023-02-03,0001018724-23-000004,CY2020
operating_income,OperatingIncomeLoss,us-gaap,USD,2021-01-01,2021-03-31,8865000000.0,2021,Q1,10-Q,2021-04-30,0001018724-21-000010,
operating_income,OperatingIncomeLoss,us-gaap,USD,2021-01-01,2021-03-31,8865000000.0,2022,Q1,10-Q,2022-04-29,0001018724-22-000013,CY2021Q1
operating_income,OperatingIncomeLoss,us-gaap,USD,2021-01-01,2021-06-30,16567000000.0,2021,Q2,10-Q,2021-07-30,0001018724-21-000020,
operating_income,OperatingIncomeLoss,us-gaap,USD,2021-04-01,2021-06-30,7702000000.0,2021,Q2,10-Q,2021-07-30,0001018724-21-000020,
operating_income,OperatingIncomeLoss,us-gaap,USD,2021-01-01,2021-06-30,16567000000.0,2022,Q2,10-Q,2022-07-29,0001018724-22-000019,
operating_income,OperatingIncomeLoss,us-gaap,USD,2021-04-01,2021-06-30,7702000000.0,2022,Q2,10-Q,2022-07-29,0001018724-22-000019,CY2021Q2
operating_income,OperatingIncomeLoss,us-gaap,USD,2021-01-01,2021-09-30,21419000000.0,2021,Q3,10-Q,2021-10-29,0001018724-21-000028,
operating_income,OperatingIncomeLoss,us-gaap,USD,2021-07-01,2021-09-30,4852000000.0,2021,Q3,10-Q,2021-10-29,0001018724-21-000028,
operating_income,OperatingIncomeLoss,us-gaap,USD,2021-01-01,2021-09-30,21419000000.0,2022,Q3,10-Q,2022-10-28,0001018724-22-000023,
operating_income,OperatingIncomeLoss,us-gaap,USD,2021-07-01,2021-09-30,4852000000.0,2022,Q3,10-Q,2022-10-28,0001018724-22-000023,CY2021Q3
operating_income,OperatingIncomeLoss,us-gaap,USD,2021-01-01,2021-12-31,24879000000.0,2021,FY,10-K,2022-02-04,0001018724-22-000005,
operating_income,OperatingIncomeLoss,us-gaap,USD,2021-01-01,2021-12-31,24879000000.0,2022,FY,10-K,2023-02-03,0001018724-23-000004,
operating_income,OperatingIncomeLoss,us-gaap,USD,2021-01-01,2021-12-31,24879000000.0,2023,FY,10-K,2024-02-02,0001018724-24-000008,CY2021
operating_income,OperatingIncomeLoss,us-gaap,USD,2022-01-01,2022-03-31,3669000000.0,2022,Q1,10-Q,2022-04-29,0001018724-22-000013,
operating_income,OperatingIncomeLoss,us-gaap,USD,2022-01-01,2022-03-31,3669000000.0,2023,Q1,10-Q,2023-04-28,0001018724-23-000008,CY2022Q1
operating_income,OperatingIncomeLoss,us-gaap,USD,2022-01-01,2022-06-30,6986000000.0,2022,Q2,10-Q,2022-07-29,0001018724-22-000019,
operating_income,OperatingIncomeLoss,us-gaap,USD,2022-04-01,2022-06-30,3317000000.0,2022,Q2,10-Q,2022-07-29,0001018724-22-000019,
operating_income,OperatingIncomeLoss,us-gaap,USD,2022-01-01,2022-06-30,6986000000.0,2023,Q2,10-Q,2023-08-04,0001018724-23-000012,
operating_income,OperatingIncomeLoss,us-gaap,USD,2022-04-01,2022-06-30,3317000000.0,2023,Q2,10-Q,2023-08-04,0001018724-23-000012,CY2022Q2
operating_income,OperatingIncomeLoss,us-gaap,USD,2022-01-01,2022-09-30,9511000000.0,2022,Q3,10-Q,2022-10-28,0001018724-22-000023,
operating_income,OperatingIncomeLoss,us-gaap,USD,2022-07-01,2022-09-30,2525000000.0,2022,Q3,10-Q,2022-10-28,0001018724-22-000023,
operating_income,OperatingIncomeLoss,us-gaap,USD,2022-01-01,2022-09-30,9511000000.0,2023,Q3,10-Q,2023-10-27,0001018724-23-000018,
operating_income,OperatingIncomeLoss,us-gaap,USD,2022-07-01,2022-09-30,2525000000.0,2023,Q3,10-Q,2023-10-27,0001018724-23-000018,CY2022Q3
operating_income,OperatingIncomeLoss,us-gaap,USD,2022-01-01,2022-12-31,12248000000.0,2022,FY,10-K,2023-02-03,0001018724-23-000004,
operating_income,OperatingIncomeLoss,us-gaap,USD,2022-01-01,2022-12-31,12248000000.0,2023,FY,10-K,2024-02-02,0001018724-24-000008,
operating_income,OperatingIncomeLoss,us-gaap,USD,2022-01-01,2022-12-31,12248000000.0,2024,FY,10-K,2025-02-07,0001018724-25-000004,CY2022
operating_income,OperatingIncomeLoss,us-gaap,USD,2023-01-01,2023-03-31,4774000000.0,2023,Q1,10-Q,2023-04-28,0001018724-23-000008,
operating_income,OperatingIncomeLoss,us-gaap,USD,2023-01-01,2023-03-31,4774000000.0,2024,Q1,10-Q,2024-05-01,0001018724-24-000083,CY2023Q1
operating_income,OperatingIncomeLoss,us-gaap,USD,2023-01-01,2023-06-30,12455000000.0,2023,Q2,10-Q,2023-08-04,0001018724-23-000012,
operating_income,OperatingIncomeLoss,us-gaap,USD,2023-04-01,2023-06-30,7681000000.0,2023,Q2,10-Q,2023-08-04,0001018724-23-000012,
operating_income,OperatingIncomeLoss,us-gaap,USD,2023-01-01,2023-06-30,12455000000.0,2024,Q2,10-Q,2024-08-02,0001018724-24-000130,
operating_income,OperatingIncomeLoss,us-gaap,USD,2023-04-01,2023-06-30,7681000000.0,2024,Q2,10-Q,2024-08-02,0001018724-24-000130,CY2023Q2
operating_income,OperatingIncomeLoss,us-gaap,USD,2023-01-01,2023-09-30,23643000000.0,2023,Q3,10-Q,2023-10-27,0001018724-23-000018,
operating_income,OperatingIncomeLoss,us-gaap,USD,2023-07-01,2023-09-30,11188000000.0,2023,Q3,10-Q,2023-10-27,0001018724-23-000018,
operating_income,OperatingIncomeLoss,us-gaap,USD,2023-01-01,2023-09-30,23643000000.0,2024,Q3,10-Q,2024-11-01,0001018724-24-000161,
operating_income,OperatingIncomeLoss,us-gaap,USD,2023-07-01,2023-09-30,11188000000.0,2024,Q3,10-Q,2024-11-01,0001018724-24-000161,CY2023Q3
operating_income,OperatingIncomeLoss,us-gaap,USD,2023-01-01,2023-12-31,36852000000.0,2023,FY,10-K,2024-02-02,0001018724-24-000008,
operating_income,OperatingIncomeLoss,us-gaap,USD,2023-01-01,2023-12-31,36852000000.0,2024,FY,10-K,2025-02-07,0001018724-25-000004,
operating_income,OperatingIncomeLoss,us-gaap,USD,2023-01-01,2023-12-31,36852000000.0,2025,FY,10-K,2026-02-06,0001018724-26-000004,CY2023
operating_income,OperatingIncomeLoss,us-gaap,USD,2024-01-01,2024-03-31,15307000000.0,2024,Q1,10-Q,2024-05-01,0001018724-24-000083,
operating_income,OperatingIncomeLoss,us-gaap,USD,2024-01-01,2024-03-31,15307000000.0,2025,Q1,10-Q,2025-05-02,0001018724-25-000036,CY2024Q1
operating_income,OperatingIncomeLoss,us-gaap,USD,2024-01-01,2024-06-30,29979000000.0,2024,Q2,10-Q,2024-08-02,0001018724-24-000130,
operating_income,OperatingIncomeLoss,us-gaap,USD,2024-04-01,2024-06-30,14672000000.0,2024,Q2,10-Q,2024-08-02,0001018724-24-000130,
operating_income,OperatingIncomeLoss,us-gaap,USD,2024-01-01,2024-06-30,29979000000.0,2025,Q2,10-Q,2025-08-01,0001018724-25-000086,
operating_income,OperatingIncomeLoss,us-gaap,USD,2024-04-01,2024-06-30,14672000000.0,2025,Q2,10-Q,2025-08-01,0001018724-25-000086,CY2024Q2
operating_income,OperatingIncomeLoss,us-gaap,USD,2024-01-01,2024-09-30,47390000000.0,2024,Q3,10-Q,2024-11-01,0001018724-24-000161,
operating_income,OperatingIncomeLoss,us-gaap,USD,2024-07-01,2024-09-30,17411000000.0,2024,Q3,10-Q,2024-11-01,0001018724-24-000161,
operating_income,OperatingIncomeLoss,us-gaap,USD,2024-01-01,2024-09-30,47390000000.0,2025,Q3,10-Q,2025-10-31,0001018724-25-000123,
operating_income,OperatingIncomeLoss,us-gaap,USD,2024-07-01,2024-09-30,17411000000.0,2025,Q3,10-Q,2025-10-31,0001018724-25-000123,CY2024Q3
operating_income,OperatingIncomeLoss,us-gaap,USD,2024-01-01,2024-12-31,68593000000.0,2024,FY,10-K,2025-02-07,0001018724-25-000004,
operating_income,OperatingIncomeLoss,us-gaap,USD,2024-01-01,2024-12-31,68593000000.0,2025,FY,10-K,2026-02-06,0001018724-26-000004,CY2024
operating_income,OperatingIncomeLoss,us-gaap,USD,2025-01-01,2025-03-31,18405000000.0,2025,Q1,10-Q,2025-05-02,0001018724-25-000036,
operating_income,OperatingIncomeLoss,us-gaap,USD,2025-01-01,2025-03-31,18405000000.0,2026,Q1,10-Q,2026-04-30,0001018724-26-000014,CY2025Q1
operating_income,OperatingIncomeLoss,us-gaap,USD,2025-01-01,2025-06-30,37576000000.0,2025,Q2,10-Q,2025-08-01,0001018724-25-000086,
operating_income,OperatingIncomeLoss,us-gaap,USD,2025-04-01,2025-06-30,19171000000.0,2025,Q2,10-Q,2025-08-01,0001018724-25-000086,
operating_income,OperatingIncomeLoss,us-gaap,USD,2025-01-01,2025-06-30,37576000000.0,2026,Q2,10-Q,2026-07-31,0001018724-26-000026,
operating_income,OperatingIncomeLoss,us-gaap,USD,2025-04-01,2025-06-30,19171000000.0,2026,Q2,10-Q,2026-07-31,0001018724-26-000026,CY2025Q2
operating_income,OperatingIncomeLoss,us-gaap,USD,2025-01-01,2025-09-30,54998000000.0,2025,Q3,10-Q,2025-10-31,0001018724-25-000123,
operating_income,OperatingIncomeLoss,us-gaap,USD,2025-07-01,2025-09-30,17422000000.0,2025,Q3,10-Q,2025-10-31,0001018724-25-000123,CY2025Q3
operating_income,OperatingIncomeLoss,us-gaap,USD,2025-01-01,2025-12-31,79975000000.0,2025,FY,10-K,2026-02-06,0001018724-26-000004,CY2025
operating_income,OperatingIncomeLoss,us-gaap,USD,2026-01-01,2026-03-31,23852000000.0,2026,Q1,10-Q,2026-04-30,0001018724-26-000014,CY2026Q1
operating_income,OperatingIncomeLoss,us-gaap,USD,2026-01-01,2026-06-30,51313000000.0,2026,Q2,10-Q,2026-07-31,0001018724-26-000026,
operating_income,OperatingIncomeLoss,us-gaap,USD,2026-04-01,2026-06-30,27461000000.0,2026,Q2,10-Q,2026-07-31,0001018724-26-000026,CY2026Q2
ppe_net,PropertyPlantAndEquipmentAndFinanceLeaseRightOfUseAssetAfterAccumulatedDepreciationAndAmortization,us-gaap,USD,,2018-12-31,61797000000.0,2020,FY,10-K,2021-02-03,0001018724-21-000004,CY2018Q4I
ppe_net,PropertyPlantAndEquipmentAndFinanceLeaseRightOfUseAssetAfterAccumulatedDepreciationAndAmortization,us-gaap,USD,,2019-12-31,72705000000.0,2020,FY,10-K,2021-02-03,0001018724-21-000004,
ppe_net,PropertyPlantAndEquipmentAndFinanceLeaseRightOfUseAssetAfterAccumulatedDepreciationAndAmortization,us-gaap,USD,,2019-12-31,72705000000.0,2021,FY,10-K,2022-02-04,0001018724-22-000005,CY2019Q4I
ppe_net,PropertyPlantAndEquipmentAndFinanceLeaseRightOfUseAssetAfterAccumulatedDepreciationAndAmortization,us-gaap,USD,,2020-12-31,113114000000.0,2020,FY,10-K,2021-02-03,0001018724-21-000004,
ppe_net,PropertyPlantAndEquipmentAndFinanceLeaseRightOfUseAssetAfterAccumulatedDepreciationAndAmortization,us-gaap,USD,,2020-12-31,113114000000.0,2021,Q1,10-Q,2021-04-30,0001018724-21-000010,
ppe_net,PropertyPlantAndEquipmentAndFinanceLeaseRightOfUseAssetAfterAccumulatedDepreciationAndAmortization,us-gaap,USD,,2020-12-31,113114000000.0,2021,Q2,10-Q,2021-07-30,0001018724-21-000020,
ppe_net,PropertyPlantAndEquipmentAndFinanceLeaseRightOfUseAssetAfterAccumulatedDepreciationAndAmortization,us-gaap,USD,,2020-12-31,113114000000.0,2021,Q3,10-Q,2021-10-29,0001018724-21-000028,
ppe_net,PropertyPlantAndEquipmentAndFinanceLeaseRightOfUseAssetAfterAccumulatedDepreciationAndAmortization,us-gaap,USD,,2020-12-31,113114000000.0,2021,FY,10-K,2022-02-04,0001018724-22-000005,
ppe_net,PropertyPlantAndEquipmentAndFinanceLeaseRightOfUseAssetAfterAccumulatedDepreciationAndAmortization,us-gaap,USD,,2020-12-31,113114000000.0,2022,FY,10-K,2023-02-03,0001018724-23-000004,CY2020Q4I
ppe_net,PropertyPlantAndEquipmentAndFinanceLeaseRightOfUseAssetAfterAccumulatedDepreciationAndAmortization,us-gaap,USD,,2021-03-31,121461000000.0,2021,Q1,10-Q,2021-04-30,0001018724-21-000010,CY2021Q1I
ppe_net,PropertyPlantAndEquipmentAndFinanceLeaseRightOfUseAssetAfterAccumulatedDepreciationAndAmortization,us-gaap,USD,,2021-06-30,133502000000.0,2021,Q2,10-Q,2021-07-30,0001018724-21-000020,CY2021Q2I
ppe_net,PropertyPlantAndEquipmentAndFinanceLeaseRightOfUseAssetAfterAccumulatedDepreciationAndAmortization,us-gaap,USD,,2021-09-30,147152000000.0,2021,Q3,10-Q,2021-10-29,0001018724-21-000028,CY2021Q3I
ppe_net,PropertyPlantAndEquipmentAndFinanceLeaseRightOfUseAssetAfterAccumulatedDepreciationAndAmortization,us-gaap,USD,,2021-12-31,160281000000.0,2021,FY,10-K,2022-02-04,0001018724-22-000005,
ppe_net,PropertyPlantAndEquipmentAndFinanceLeaseRightOfUseAssetAfterAccumulatedDepreciationAndAmortization,us-gaap,USD,,2021-12-31,160281000000.0,2022,Q1,10-Q,2022-04-29,0001018724-22-000013,
ppe_net,PropertyPlantAndEquipmentAndFinanceLeaseRightOfUseAssetAfterAccumulatedDepreciationAndAmortization,us-gaap,USD,,2021-12-31,160281000000.0,2022,Q2,10-Q,2022-07-29,0001018724-22-000019,
ppe_net,PropertyPlantAndEquipmentAndFinanceLeaseRightOfUseAssetAfterAccumulatedDepreciationAndAmortization,us-gaap,USD,,2021-12-31,160281000000.0,2022,Q3,10-Q,2022-10-28,0001018724-22-000023,
ppe_net,PropertyPlantAndEquipmentAndFinanceLeaseRightOfUseAssetAfterAccumulatedDepreciationAndAmortization,us-gaap,USD,,2021-12-31,160281000000.0,2022,FY,10-K,2023-02-03,0001018724-23-000004,
ppe_net,PropertyPlantAndEquipmentAndFinanceLeaseRightOfUseAssetAfterAccumulatedDepreciationAndAmortization,us-gaap,USD,,2021-12-31,160281000000.0,2023,FY,10-K,2024-02-02,0001018724-24-000008,CY2021Q4I
ppe_net,PropertyPlantAndEquipmentAndFinanceLeaseRightOfUseAssetAfterAccumulatedDepreciationAndAmortization,us-gaap,USD,,2022-03-31,168468000000.0,2022,Q1,10-Q,2022-04-29,0001018724-22-000013,CY2022Q1I
ppe_net,PropertyPlantAndEquipmentAndFinanceLeaseRightOfUseAssetAfterAccumulatedDepreciationAndAmortization,us-gaap,USD,,2022-06-30,173706000000.0,2022,Q2,10-Q,2022-07-29,0001018724-22-000019,CY2022Q2I
ppe_net,PropertyPlantAndEquipmentAndFinanceLeaseRightOfUseAssetAfterAccumulatedDepreciationAndAmortization,us-gaap,USD,,2022-09-30,177195000000.0,2022,Q3,10-Q,2022-10-28,0001018724-22-000023,CY2022Q3I
ppe_net,PropertyPlantAndEquipmentAndFinanceLeaseRightOfUseAssetAfterAccumulatedDepreciationAndAmortization,us-gaap,USD,,2022-12-31,186715000000.0,2022,FY,10-K,2023-02-03,0001018724-23-000004,
ppe_net,PropertyPlantAndEquipmentAndFinanceLeaseRightOfUseAssetAfterAccumulatedDepreciationAndAmortization,us-gaap,USD,,2022-12-31,186715000000.0,2023,Q1,10-Q,2023-04-28,0001018724-23-000008,
ppe_net,PropertyPlantAndEquipmentAndFinanceLeaseRightOfUseAssetAfterAccumulatedDepreciationAndAmortization,us-gaap,USD,,2022-12-31,186715000000.0,2023,Q2,10-Q,2023-08-04,0001018724-23-000012,
ppe_net,PropertyPlantAndEquipmentAndFinanceLeaseRightOfUseAssetAfterAccumulatedDepreciationAndAmortization,us-gaap,USD,,2022-12-31,186715000000.0,2023,Q3,10-Q,2023-10-27,0001018724-23-000018,
ppe_net,PropertyPlantAndEquipmentAndFinanceLeaseRightOfUseAssetAfterAccumulatedDepreciationAndAmortization,us-gaap,USD,,2022-12-31,186715000000.0,2023,FY,10-K,2024-02-02,0001018724-24-000008,
ppe_net,PropertyPlantAndEquipmentAndFinanceLeaseRightOfUseAssetAfterAccumulatedDepreciationAndAmortization,us-gaap,USD,,2022-12-31,186715000000.0,2024,FY,10-K,2025-02-07,0001018724-25-000004,CY2022Q4I
ppe_net,PropertyPlantAndEquipmentAndFinanceLeaseRightOfUseAssetAfterAccumulatedDepreciationAndAmortization,us-gaap,USD,,2023-03-31,190754000000.0,2023,Q1,10-Q,2023-04-28,0001018724-23-000008,CY2023Q1I
ppe_net,PropertyPlantAndEquipmentAndFinanceLeaseRightOfUseAssetAfterAccumulatedDepreciationAndAmortization,us-gaap,USD,,2023-06-30,193784000000.0,2023,Q2,10-Q,2023-08-04,0001018724-23-000012,CY2023Q2I
ppe_net,PropertyPlantAndEquipmentAndFinanceLeaseRightOfUseAssetAfterAccumulatedDepreciationAndAmortization,us-gaap,USD,,2023-09-30,196468000000.0,2023,Q3,10-Q,2023-10-27,0001018724-23-000018,CY2023Q3I
ppe_net,PropertyPlantAndEquipmentAndFinanceLeaseRightOfUseAssetAfterAccumulatedDepreciationAndAmortization,us-gaap,USD,,2023-12-31,204177000000.0,2023,FY,10-K,2024-02-02,0001018724-24-000008,
ppe_net,PropertyPlantAndEquipmentAndFinanceLeaseRightOfUseAssetAfterAccumulatedDepreciationAndAmortization,us-gaap,USD,,2023-12-31,204177000000.0,2024,Q1,10-Q,2024-05-01,0001018724-24-000083,
ppe_net,PropertyPlantAndEquipmentAndFinanceLeaseRightOfUseAssetAfterAccumulatedDepreciationAndAmortization,us-gaap,USD,,2023-12-31,204177000000.0,2024,Q2,10-Q,2024-08-02,0001018724-24-000130,
ppe_net,PropertyPlantAndEquipmentAndFinanceLeaseRightOfUseAssetAfterAccumulatedDepreciationAndAmortization,us-gaap,USD,,2023-12-31,204177000000.0,2024,Q3,10-Q,2024-11-01,0001018724-24-000161,
ppe_net,PropertyPlantAndEquipmentAndFinanceLeaseRightOfUseAssetAfterAccumulatedDepreciationAndAmortization,us-gaap,USD,,2023-12-31,204177000000.0,2024,FY,10-K,2025-02-07,0001018724-25-000004,
ppe_net,PropertyPlantAndEquipmentAndFinanceLeaseRightOfUseAssetAfterAccumulatedDepreciationAndAmortization,us-gaap,USD,,2023-12-31,204177000000.0,2025,FY,10-K,2026-02-06,0001018724-26-000004,CY2023Q4I
ppe_net,PropertyPlantAndEquipmentAndFinanceLeaseRightOfUseAssetAfterAccumulatedDepreciationAndAmortization,us-gaap,USD,,2024-03-31,209950000000.0,2024,Q1,10-Q,2024-05-01,0001018724-24-000083,CY2024Q1I
ppe_net,PropertyPlantAndEquipmentAndFinanceLeaseRightOfUseAssetAfterAccumulatedDepreciationAndAmortization,us-gaap,USD,,2024-06-30,220717000000.0,2024,Q2,10-Q,2024-08-02,0001018724-24-000130,CY2024Q2I
ppe_net,PropertyPlantAndEquipmentAndFinanceLeaseRightOfUseAssetAfterAccumulatedDepreciationAndAmortization,us-gaap,USD,,2024-09-30,237917000000.0,2024,Q3,10-Q,2024-11-01,0001018724-24-000161,CY2024Q3I
ppe_net,PropertyPlantAndEquipmentAndFinanceLeaseRightOfUseAssetAfterAccumulatedDepreciationAndAmortization,us-gaap,USD,,2024-12-31,252665000000.0,2024,FY,10-K,2025-02-07,0001018724-25-000004,
ppe_net,PropertyPlantAndEquipmentAndFinanceLeaseRightOfUseAssetAfterAccumulatedDepreciationAndAmortization,us-gaap,USD,,2024-12-31,252665000000.0,2025,Q1,10-Q,2025-05-02,0001018724-25-000036,
ppe_net,PropertyPlantAndEquipmentAndFinanceLeaseRightOfUseAssetAfterAccumulatedDepreciationAndAmortization,us-gaap,USD,,2024-12-31,252665000000.0,2025,Q2,10-Q,2025-08-01,0001018724-25-000086,
ppe_net,PropertyPlantAndEquipmentAndFinanceLeaseRightOfUseAssetAfterAccumulatedDepreciationAndAmortization,us-gaap,USD,,2024-12-31,252665000000.0,2025,Q3,10-Q,2025-10-31,0001018724-25-000123,
ppe_net,PropertyPlantAndEquipmentAndFinanceLeaseRightOfUseAssetAfterAccumulatedDepreciationAndAmortization,us-gaap,USD,,2024-12-31,252665000000.0,2025,FY,10-K,2026-02-06,0001018724-26-000004,CY2024Q4I
ppe_net,PropertyPlantAndEquipmentAndFinanceLeaseRightOfUseAssetAfterAccumulatedDepreciationAndAmortization,us-gaap,USD,,2025-03-31,272781000000.0,2025,Q1,10-Q,2025-05-02,0001018724-25-000036,CY2025Q1I
ppe_net,PropertyPlantAndEquipmentAndFinanceLeaseRightOfUseAssetAfterAccumulatedDepreciationAndAmortization,us-gaap,USD,,2025-06-30,297616000000.0,2025,Q2,10-Q,2025-08-01,0001018724-25-000086,CY2025Q2I
ppe_net,PropertyPlantAndEquipmentAndFinanceLeaseRightOfUseAssetAfterAccumulatedDepreciationAndAmortization,us-gaap,USD,,2025-09-30,324435000000.0,2025,Q3,10-Q,2025-10-31,0001018724-25-000123,CY2025Q3I
ppe_net,PropertyPlantAndEquipmentAndFinanceLeaseRightOfUseAssetAfterAccumulatedDepreciationAndAmortization,us-gaap,USD,,2025-12-31,357025000000.0,2025,FY,10-K,2026-02-06,0001018724-26-000004,
ppe_net,PropertyPlantAndEquipmentAndFinanceLeaseRightOfUseAssetAfterAccumulatedDepreciationAndAmortization,us-gaap,USD,,2025-12-31,357025000000.0,2026,Q1,10-Q,2026-04-30,0001018724-26-000014,
ppe_net,PropertyPlantAndEquipmentAndFinanceLeaseRightOfUseAssetAfterAccumulatedDepreciationAndAmortization,us-gaap,USD,,2025-12-31,357025000000.0,2026,Q2,10-Q,2026-07-31,0001018724-26-000026,CY2025Q4I
ppe_net,PropertyPlantAndEquipmentAndFinanceLeaseRightOfUseAssetAfterAccumulatedDepreciationAndAmortization,us-gaap,USD,,2026-03-31,397458000000.0,2026,Q1,10-Q,2026-04-30,0001018724-26-000014,CY2026Q1I
ppe_net,PropertyPlantAndEquipmentAndFinanceLeaseRightOfUseAssetAfterAccumulatedDepreciationAndAmortization,us-gaap,USD,,2026-06-30,446046000000.0,2026,Q2,10-Q,2026-07-31,0001018724-26-000026,CY2026Q2I
receivables,AccountsReceivableNetCurrent,us-gaap,USD,,2008-12-31,827000000.0,2009,Q2,10-Q,2009-07-24,0001193125-09-154174,
receivables,AccountsReceivableNetCurrent,us-gaap,USD,,2008-12-31,827000000.0,2009,Q3,10-Q,2009-10-23,0001193125-09-212134,
receivables,AccountsReceivableNetCurrent,us-gaap,USD,,2008-12-31,827000000.0,2009,FY,10-K,2010-01-29,0001193125-10-016098,CY2008Q4I
receivables,AccountsReceivableNetCurrent,us-gaap,USD,,2009-06-30,584000000.0,2009,Q2,10-Q,2009-07-24,0001193125-09-154174,CY2009Q2I
receivables,AccountsReceivableNetCurrent,us-gaap,USD,,2009-09-30,671000000.0,2009,Q3,10-Q,2009-10-23,0001193125-09-212134,CY2009Q3I
receivables,AccountsReceivableNetCurrent,us-gaap,USD,,2009-12-31,988000000.0,2009,FY,10-K,2010-01-29,0001193125-10-016098,
receivables,AccountsReceivableNetCurrent,us-gaap,USD,,2009-12-31,988000000.0,2010,Q1,10-Q,2010-04-23,0001193125-10-090367,
receivables,AccountsReceivableNetCurrent,us-gaap,USD,,2009-12-31,988000000.0,2010,Q2,10-Q,2010-07-23,0001193125-10-164083,
receivables,AccountsReceivableNetCurrent,us-gaap,USD,,2009-12-31,988000000.0,2010,Q3,10-Q,2010-10-22,0001193125-10-233883,
receivables,AccountsReceivableNetCurrent,us-gaap,USD,,2009-12-31,988000000.0,2010,FY,10-K,2011-01-28,0001193125-11-016253,CY2009Q4I
receivables,AccountsReceivableNetCurrent,us-gaap,USD,,2010-03-31,815000000.0,2010,Q1,10-Q,2010-04-23,0001193125-10-090367,CY2010Q1I
receivables,AccountsReceivableNetCurrent,us-gaap,USD,,2010-06-30,805000000.0,2010,Q2,10-Q,2010-07-23,0001193125-10-164083,CY2010Q2I
receivables,AccountsReceivableNetCurrent,us-gaap,USD,,2010-09-30,959000000.0,2010,Q3,10-Q,2010-10-22,0001193125-10-233883,CY2010Q3I
receivables,AccountsReceivableNetCurrent,us-gaap,USD,,2010-12-31,1587000000.0,2010,FY,10-K,2011-01-28,0001193125-11-016253,
receivables,AccountsReceivableNetCurrent,us-gaap,USD,,2010-12-31,1587000000.0,2011,Q1,10-Q,2011-04-27,0001193125-11-110197,
receivables,AccountsReceivableNetCurrent,us-gaap,USD,,2010-12-31,1587000000.0,2011,Q2,10-Q,2011-07-27,0001193125-11-197823,
receivables,AccountsReceivableNetCurrent,us-gaap,USD,,2010-12-31,1587000000.0,2011,Q3,10-Q,2011-10-26,0001193125-11-280739,
receivables,AccountsReceivableNetCurrent,us-gaap,USD,,2010-12-31,1587000000.0,2011,FY,10-K,2012-02-01,0001193125-12-032846,CY2010Q4I
receivables,AccountsReceivableNetCurrent,us-gaap,USD,,2011-03-31,1304000000.0,2011,Q1,10-Q,2011-04-27,0001193125-11-110197,CY2011Q1I
receivables,AccountsReceivableNetCurrent,us-gaap,USD,,2011-06-30,1438000000.0,2011,Q2,10-Q,2011-07-27,0001193125-11-197823,CY2011Q2I
receivables,AccountsReceivableNetCurrent,us-gaap,USD,,2011-09-30,1496000000.0,2011,Q3,10-Q,2011-10-26,0001193125-11-280739,CY2011Q3I
receivables,AccountsReceivableNetCurrent,us-gaap,USD,,2011-12-31,2571000000.0,2011,FY,10-K,2012-02-01,0001193125-12-032846,
receivables,AccountsReceivableNetCurrent,us-gaap,USD,,2011-12-31,2571000000.0,2012,Q1,10-Q,2012-04-27,0001193125-12-187203,
receivables,AccountsReceivableNetCurrent,us-gaap,USD,,2011-12-31,2571000000.0,2012,Q2,10-Q,2012-07-27,0001193125-12-317409,
receivables,AccountsReceivableNetCurrent,us-gaap,USD,,2011-12-31,2571000000.0,2012,Q3,10-Q,2012-10-26,0001193125-12-436012,
receivables,AccountsReceivableNetCurrent,us-gaap,USD,,2011-12-31,2571000000.0,2012,FY,10-K,2013-01-30,0001193125-13-028520,CY2011Q4I
receivables,AccountsReceivableNetCurrent,us-gaap,USD,,2012-03-31,1813000000.0,2012,Q1,10-Q,2012-04-27,0001193125-12-187203,CY2012Q1I
receivables,AccountsReceivableNetCurrent,us-gaap,USD,,2012-06-30,2035000000.0,2012,Q2,10-Q,2012-07-27,0001193125-12-317409,CY2012Q2I
receivables,AccountsReceivableNetCurrent,us-gaap,USD,,2012-09-30,2392000000.0,2012,Q3,10-Q,2012-10-26,0001193125-12-436012,CY2012Q3I
receivables,AccountsReceivableNetCurrent,us-gaap,USD,,2012-12-31,3364000000.0,2012,FY,10-K,2013-01-30,0001193125-13-028520,
receivables,AccountsReceivableNetCurrent,us-gaap,USD,,2012-12-31,3364000000.0,2013,Q1,10-Q,2013-04-26,0001193125-13-174667,
receivables,AccountsReceivableNetCurrent,us-gaap,USD,,2012-12-31,3364000000.0,2013,Q2,10-Q,2013-07-26,0001193125-13-303204,
receivables,AccountsReceivableNetCurrent,us-gaap,USD,,2012-12-31,3364000000.0,2013,Q3,10-Q,2013-10-25,0001445305-13-002495,
receivables,AccountsReceivableNetCurrent,us-gaap,USD,,2012-12-31,3817000000.0,2013,FY,10-K,2014-01-31,0001018724-14-000006,CY2012Q4I
receivables,AccountsReceivableNetCurrent,us-gaap,USD,,2013-03-31,2516000000.0,2013,Q1,10-Q,2013-04-26,0001193125-13-174667,CY2013Q1I
receivables,AccountsReceivableNetCurrent,us-gaap,USD,,2013-06-30,2861000000.0,2013,Q2,10-Q,2013-07-26,0001193125-13-303204,CY2013Q2I
receivables,AccountsReceivableNetCurrent,us-gaap,USD,,2013-09-30,3057000000.0,2013,Q3,10-Q,2013-10-25,0001445305-13-002495,CY2013Q3I
receivables,AccountsReceivableNetCurrent,us-gaap,USD,,2013-12-31,4767000000.0,2013,FY,10-K,2014-01-31,0001018724-14-000006,
receivables,AccountsReceivableNetCurrent,us-gaap,USD,,2013-12-31,4767000000.0,2014,Q1,10-Q,2014-04-25,0001018724-14-000014,
receivables,AccountsReceivableNetCurrent,us-gaap,USD,,2013-12-31,4767000000.0,2014,Q2,10-Q,2014-07-25,0001018724-14-000025,
receivables,AccountsReceivableNetCurrent,us-gaap,USD,,2013-12-31,4767000000.0,2014,Q3,10-Q,2014-10-24,0001018724-14-000055,
receivables,AccountsReceivableNetCurrent,us-gaap,USD,,2013-12-31,4767000000.0,2014,FY,10-K,2015-01-30,0001018724-15-000006,CY2013Q4I
receivables,AccountsReceivableNetCurrent,us-gaap,USD,,2014-03-31,3945000000.0,2014,Q1,10-Q,2014-04-25,0001018724-14-000014,CY2014Q1I
receivables,AccountsReceivableNetCurrent,us-gaap,USD,,2014-06-30,4125000000.0,2014,Q2,10-Q,2014-07-25,0001018724-14-000025,CY2014Q2I
receivables,AccountsReceivableNetCurrent,us-gaap,USD,,2014-09-30,4373000000.0,2014,Q3,10-Q,2014-10-24,0001018724-14-000055,CY2014Q3I
receivables,AccountsReceivableNetCurrent,us-gaap,USD,,2014-12-31,5612000000.0,2014,FY,10-K,2015-01-30,0001018724-15-000006,
receivables,AccountsReceivableNetCurrent,us-gaap,USD,,2014-12-31,5612000000.0,2015,Q1,10-Q,2015-04-24,0001018724-15-000038,
receivables,AccountsReceivableNetCurrent,us-gaap,USD,,2014-12-31,5612000000.0,2015,Q2,10-Q,2015-07-24,0001018724-15-000087,
receivables,AccountsReceivableNetCurrent,us-gaap,USD,,2014-12-31,5612000000.0,2015,Q3,10-Q,2015-10-23,0001018724-15-000126,
receivables,AccountsReceivableNetCurrent,us-gaap,USD,,2014-12-31,5612000000.0,2015,FY,10-K,2016-01-29,0001018724-16-000172,CY2014Q4I
receivables,AccountsReceivableNetCurrent,us-gaap,USD,,2015-03-31,4772000000.0,2015,Q1,10-Q,2015-04-24,0001018724-15-000038,CY2015Q1I
receivables,AccountsReceivableNetCurrent,us-gaap,USD,,2015-06-30,4920000000.0,2015,Q2,10-Q,2015-07-24,0001018724-15-000087,CY2015Q2I
receivables,AccountsReceivableNetCurrent,us-gaap,USD,,2015-09-30,5440000000.0,2015,Q3,10-Q,2015-10-23,0001018724-15-000126,CY2015Q3I
receivables,AccountsReceivableNetCurrent,us-gaap,USD,,2015-12-31,6423000000.0,2015,FY,10-K,2016-01-29,0001018724-16-000172,
receivables,AccountsReceivableNetCurrent,us-gaap,USD,,2015-12-31,5654000000.0,2016,Q1,10-Q,2016-04-29,0001018724-16-000227,
receivables,AccountsReceivableNetCurrent,us-gaap,USD,,2015-12-31,5654000000.0,2016,Q2,10-Q,2016-07-29,0001018724-16-000286,
receivables,AccountsReceivableNetCurrent,us-gaap,USD,,2015-12-31,5654000000.0,2016,Q3,10-Q,2016-10-28,0001018724-16-000324,
receivables,AccountsReceivableNetCurrent,us-gaap,USD,,2015-12-31,5654000000.0,2016,FY,10-K,2017-02-10,0001018724-17-000011,CY2015Q4I
receivables,AccountsReceivableNetCurrent,us-gaap,USD,,2016-03-31,5072000000.0,2016,Q1,10-Q,2016-04-29,0001018724-16-000227,CY2016Q1I
receivables,AccountsReceivableNetCurrent,us-gaap,USD,,2016-06-30,6092000000.0,2016,Q2,10-Q,2016-07-29,0001018724-16-000286,CY2016Q2I
receivables,AccountsReceivableNetCurrent,us-gaap,USD,,2016-09-30,6566000000.0,2016,Q3,10-Q,2016-10-28,0001018724-16-000324,CY2016Q3I
receivables,AccountsReceivableNetCurrent,us-gaap,USD,,2016-12-31,8339000000.0,2016,FY,10-K,2017-02-10,0001018724-17-000011,
receivables,AccountsReceivableNetCurrent,us-gaap,USD,,2016-12-31,8339000000.0,2017,Q1,10-Q,2017-04-28,0001018724-17-000051,
receivables,AccountsReceivableNetCurrent,us-gaap,USD,,2016-12-31,8339000000.0,2017,Q2,10-Q,2017-07-28,0001018724-17-000100,
receivables,AccountsReceivableNetCurrent,us-gaap,USD,,2016-12-31,8339000000.0,2017,Q3,10-Q,2017-10-27,0001018724-17-000135,
receivables,AccountsReceivableNetCurrent,us-gaap,USD,,2016-12-31,8339000000.0,2017,FY,10-K,2018-02-02,0001018724-18-000005,CY2016Q4I
receivables,AccountsReceivableNetCurrent,us-gaap,USD,,2017-03-31,7329000000.0,2017,Q1,10-Q,2017-04-28,0001018724-17-000051,CY2017Q1I
receivables,AccountsReceivableNetCurrent,us-gaap,USD,,2017-06-30,8046000000.0,2017,Q2,10-Q,2017-07-28,0001018724-17-000100,CY2017Q2I
receivables,AccountsReceivableNetCurrent,us-gaap,USD,,2017-09-30,10557000000.0,2017,Q3,10-Q,2017-10-27,0001018724-17-000135,CY2017Q3I
receivables,AccountsReceivableNetCurrent,us-gaap,USD,,2017-12-31,13164000000.0,2017,FY,10-K,2018-02-02,0001018724-18-000005,
receivables,AccountsReceivableNetCurrent,us-gaap,USD,,2017-12-31,13164000000.0,2018,Q1,10-Q,2018-04-27,0001018724-18-000072,
receivables,AccountsReceivableNetCurrent,us-gaap,USD,,2017-12-31,13164000000.0,2018,Q2,10-Q,2018-07-27,0001018724-18-000108,
receivables,AccountsReceivableNetCurrent,us-gaap,USD,,2017-12-31,13164000000.0,2018,Q3,10-Q,2018-10-26,0001018724-18-000159,
receivables,AccountsReceivableNetCurrent,us-gaap,USD,,2017-12-31,13164000000.0,2018,FY,10-K,2019-02-01,0001018724-19-000004,CY2017Q4I
receivables,AccountsReceivableNetCurrent,us-gaap,USD,,2018-03-31,12026000000.0,2018,Q1,10-Q,2018-04-27,0001018724-18-000072,CY2018Q1I
receivables,AccountsReceivableNetCurrent,us-gaap,USD,,2018-06-30,12607000000.0,2018,Q2,10-Q,2018-07-27,0001018724-18-000108,CY2018Q2I
receivables,AccountsReceivableNetCurrent,us-gaap,USD,,2018-09-30,14258000000.0,2018,Q3,10-Q,2018-10-26,0001018724-18-000159,CY2018Q3I
receivables,AccountsReceivableNetCurrent,us-gaap,USD,,2018-12-31,16677000000.0,2018,FY,10-K,2019-02-01,0001018724-19-000004,
receivables,AccountsReceivableNetCurrent,us-gaap,USD,,2018-12-31,16677000000.0,2019,Q1,10-Q,2019-04-26,0001018724-19-000043,
receivables,AccountsReceivableNetCurrent,us-gaap,USD,,2018-12-31,16677000000.0,2019,Q2,10-Q,2019-07-26,0001018724-19-000071,
receivables,AccountsReceivableNetCurrent,us-gaap,USD,,2018-12-31,16677000000.0,2019,Q3,10-Q,2019-10-25,0001018724-19-000089,
receivables,AccountsReceivableNetCurrent,us-gaap,USD,,2018-12-31,16677000000.0,2019,FY,10-K,2020-01-31,0001018724-20-000004,CY2018Q4I
receivables,AccountsReceivableNetCurrent,us-gaap,USD,,2019-03-31,15979000000.0,2019,Q1,10-Q,2019-04-26,0001018724-19-000043,CY2019Q1I
receivables,AccountsReceivableNetCurrent,us-gaap,USD,,2019-06-30,16747000000.0,2019,Q2,10-Q,2019-07-26,0001018724-19-000071,CY2019Q2I
receivables,AccountsReceivableNetCurrent,us-gaap,USD,,2019-09-30,16887000000.0,2019,Q3,10-Q,2019-10-25,0001018724-19-000089,CY2019Q3I
receivables,AccountsReceivableNetCurrent,us-gaap,USD,,2019-12-31,20816000000.0,2019,FY,10-K,2020-01-31,0001018724-20-000004,
receivables,AccountsReceivableNetCurrent,us-gaap,USD,,2019-12-31,20816000000.0,2020,Q1,10-Q,2020-05-01,0001018724-20-000010,
receivables,AccountsReceivableNetCurrent,us-gaap,USD,,2019-12-31,20816000000.0,2020,Q2,10-Q,2020-07-31,0001018724-20-000021,
receivables,AccountsReceivableNetCurrent,us-gaap,USD,,2019-12-31,20816000000.0,2020,Q3,10-Q,2020-10-30,0001018724-20-000030,
receivables,AccountsReceivableNetCurrent,us-gaap,USD,,2019-12-31,20816000000.0,2020,FY,10-K,2021-02-03,0001018724-21-000004,CY2019Q4I
receivables,AccountsReceivableNetCurrent,us-gaap,USD,,2020-03-31,17836000000.0,2020,Q1,10-Q,2020-05-01,0001018724-20-000010,CY2020Q1I
receivables,AccountsReceivableNetCurrent,us-gaap,USD,,2020-06-30,19918000000.0,2020,Q2,10-Q,2020-07-31,0001018724-20-000021,CY2020Q2I
receivables,AccountsReceivableNetCurrent,us-gaap,USD,,2020-09-30,20832000000.0,2020,Q3,10-Q,2020-10-30,0001018724-20-000030,CY2020Q3I
receivables,AccountsReceivableNetCurrent,us-gaap,USD,,2020-12-31,24542000000.0,2020,FY,10-K,2021-02-03,0001018724-21-000004,
receivables,AccountsReceivableNetCurrent,us-gaap,USD,,2020-12-31,24542000000.0,2021,Q1,10-Q,2021-04-30,0001018724-21-000010,
receivables,AccountsReceivableNetCurrent,us-gaap,USD,,2020-12-31,24542000000.0,2021,Q2,10-Q,2021-07-30,0001018724-21-000020,
receivables,AccountsReceivableNetCurrent,us-gaap,USD,,2020-12-31,24542000000.0,2021,Q3,10-Q,2021-10-29,0001018724-21-000028,
receivables,AccountsReceivableNetCurrent,us-gaap,USD,,2020-12-31,24542000000.0,2021,FY,10-K,2022-02-04,0001018724-22-000005,CY2020Q4I
receivables,AccountsReceivableNetCurrent,us-gaap,USD,,2021-03-31,24289000000.0,2021,Q1,10-Q,2021-04-30,0001018724-21-000010,CY2021Q1I
receivables,AccountsReceivableNetCurrent,us-gaap,USD,,2021-06-30,26835000000.0,2021,Q2,10-Q,2021-07-30,0001018724-21-000020,CY2021Q2I
receivables,AccountsReceivableNetCurrent,us-gaap,USD,,2021-09-30,28610000000.0,2021,Q3,10-Q,2021-10-29,0001018724-21-000028,CY2021Q3I
receivables,AccountsReceivableNetCurrent,us-gaap,USD,,2021-12-31,32891000000.0,2021,FY,10-K,2022-02-04,0001018724-22-000005,
receivables,AccountsReceivableNetCurrent,us-gaap,USD,,2021-12-31,32891000000.0,2022,Q1,10-Q,2022-04-29,0001018724-22-000013,
receivables,AccountsReceivableNetCurrent,us-gaap,USD,,2021-12-31,32891000000.0,2022,Q2,10-Q,2022-07-29,0001018724-22-000019,
receivables,AccountsReceivableNetCurrent,us-gaap,USD,,2021-12-31,32891000000.0,2022,Q3,10-Q,2022-10-28,0001018724-22-000023,
receivables,AccountsReceivableNetCurrent,us-gaap,USD,,2021-12-31,32891000000.0,2022,FY,10-K,2023-02-03,0001018724-23-000004,CY2021Q4I
receivables,AccountsReceivableNetCurrent,us-gaap,USD,,2022-03-31,32504000000.0,2022,Q1,10-Q,2022-04-29,0001018724-22-000013,CY2022Q1I
receivables,AccountsReceivableNetCurrent,us-gaap,USD,,2022-06-30,34804000000.0,2022,Q2,10-Q,2022-07-29,0001018724-22-000019,CY2022Q2I
receivables,AccountsReceivableNetCurrent,us-gaap,USD,,2022-09-30,36154000000.0,2022,Q3,10-Q,2022-10-28,0001018724-22-000023,CY2022Q3I
receivables,AccountsReceivableNetCurrent,us-gaap,USD,,2022-12-31,42360000000.0,2022,FY,10-K,2023-02-03,0001018724-23-000004,
receivables,AccountsReceivableNetCurrent,us-gaap,USD,,2022-12-31,42360000000.0,2023,Q1,10-Q,2023-04-28,0001018724-23-000008,
receivables,AccountsReceivableNetCurrent,us-gaap,USD,,2022-12-31,42360000000.0,2023,Q2,10-Q,2023-08-04,0001018724-23-000012,
receivables,AccountsReceivableNetCurrent,us-gaap,USD,,2022-12-31,42360000000.0,2023,Q3,10-Q,2023-10-27,0001018724-23-000018,
receivables,AccountsReceivableNetCurrent,us-gaap,USD,,2022-12-31,42360000000.0,2023,FY,10-K,2024-02-02,0001018724-24-000008,CY2022Q4I
receivables,AccountsReceivableNetCurrent,us-gaap,USD,,2023-03-31,37646000000.0,2023,Q1,10-Q,2023-04-28,0001018724-23-000008,CY2023Q1I
receivables,AccountsReceivableNetCurrent,us-gaap,USD,,2023-06-30,39925000000.0,2023,Q2,10-Q,2023-08-04,0001018724-23-000012,CY2023Q2I
receivables,AccountsReceivableNetCurrent,us-gaap,USD,,2023-09-30,43420000000.0,2023,Q3,10-Q,2023-10-27,0001018724-23-000018,CY2023Q3I
receivables,AccountsReceivableNetCurrent,us-gaap,USD,,2023-12-31,52253000000.0,2023,FY,10-K,2024-02-02,0001018724-24-000008,
receivables,AccountsReceivableNetCurrent,us-gaap,USD,,2023-12-31,52253000000.0,2024,Q1,10-Q,2024-05-01,0001018724-24-000083,
receivables,AccountsReceivableNetCurrent,us-gaap,USD,,2023-12-31,52253000000.0,2024,Q2,10-Q,2024-08-02,0001018724-24-000130,
receivables,AccountsReceivableNetCurrent,us-gaap,USD,,2023-12-31,52253000000.0,2024,Q3,10-Q,2024-11-01,0001018724-24-000161,
receivables,AccountsReceivableNetCurrent,us-gaap,USD,,2023-12-31,52253000000.0,2024,FY,10-K,2025-02-07,0001018724-25-000004,CY2023Q4I
receivables,AccountsReceivableNetCurrent,us-gaap,USD,,2024-03-31,47768000000.0,2024,Q1,10-Q,2024-05-01,0001018724-24-000083,CY2024Q1I
receivables,AccountsReceivableNetCurrent,us-gaap,USD,,2024-06-30,50106000000.0,2024,Q2,10-Q,2024-08-02,0001018724-24-000130,CY2024Q2I
receivables,AccountsReceivableNetCurrent,us-gaap,USD,,2024-09-30,51638000000.0,2024,Q3,10-Q,2024-11-01,0001018724-24-000161,CY2024Q3I
receivables,AccountsReceivableNetCurrent,us-gaap,USD,,2024-12-31,55451000000.0,2024,FY,10-K,2025-02-07,0001018724-25-000004,
receivables,AccountsReceivableNetCurrent,us-gaap,USD,,2024-12-31,55451000000.0,2025,Q1,10-Q,2025-05-02,0001018724-25-000036,
receivables,AccountsReceivableNetCurrent,us-gaap,USD,,2024-12-31,55451000000.0,2025,Q2,10-Q,2025-08-01,0001018724-25-000086,
receivables,AccountsReceivableNetCurrent,us-gaap,USD,,2024-12-31,55451000000.0,2025,Q3,10-Q,2025-10-31,0001018724-25-000123,
receivables,AccountsReceivableNetCurrent,us-gaap,USD,,2024-12-31,55451000000.0,2025,FY,10-K,2026-02-06,0001018724-26-000004,CY2024Q4I
receivables,AccountsReceivableNetCurrent,us-gaap,USD,,2025-03-31,54216000000.0,2025,Q1,10-Q,2025-05-02,0001018724-25-000036,CY2025Q1I
receivables,AccountsReceivableNetCurrent,us-gaap,USD,,2025-06-30,57415000000.0,2025,Q2,10-Q,2025-08-01,0001018724-25-000086,CY2025Q2I
receivables,AccountsReceivableNetCurrent,us-gaap,USD,,2025-09-30,61175000000.0,2025,Q3,10-Q,2025-10-31,0001018724-25-000123,CY2025Q3I
receivables,AccountsReceivableNetCurrent,us-gaap,USD,,2025-12-31,67729000000.0,2025,FY,10-K,2026-02-06,0001018724-26-000004,
receivables,AccountsReceivableNetCurrent,us-gaap,USD,,2025-12-31,67729000000.0,2026,Q1,10-Q,2026-04-30,0001018724-26-000014,
receivables,AccountsReceivableNetCurrent,us-gaap,USD,,2025-12-31,67729000000.0,2026,Q2,10-Q,2026-07-31,0001018724-26-000026,CY2025Q4I
receivables,AccountsReceivableNetCurrent,us-gaap,USD,,2026-03-31,75532000000.0,2026,Q1,10-Q,2026-04-30,0001018724-26-000014,CY2026Q1I
receivables,AccountsReceivableNetCurrent,us-gaap,USD,,2026-06-30,88092000000.0,2026,Q2,10-Q,2026-07-31,0001018724-26-000026,CY2026Q2I
revenue,RevenueFromContractWithCustomerExcludingAssessedTax,us-gaap,USD,2016-01-01,2016-12-31,135987000000.0,2018,FY,10-K,2019-02-01,0001018724-19-000004,CY2016
revenue,RevenueFromContractWithCustomerExcludingAssessedTax,us-gaap,USD,2017-01-01,2017-03-31,35714000000.0,2018,FY,10-K,2019-02-01,0001018724-19-000004,CY2017Q1
revenue,RevenueFromContractWithCustomerExcludingAssessedTax,us-gaap,USD,2017-04-01,2017-06-30,37955000000.0,2018,FY,10-K,2019-02-01,0001018724-19-000004,CY2017Q2
revenue,RevenueFromContractWithCustomerExcludingAssessedTax,us-gaap,USD,2017-01-01,2017-09-30,117413000000.0,2018,Q3,10-Q,2018-10-26,0001018724-18-000159,
revenue,RevenueFromContractWithCustomerExcludingAssessedTax,us-gaap,USD,2017-07-01,2017-09-30,43744000000.0,2018,Q3,10-Q,2018-10-26,0001018724-18-000159,
revenue,RevenueFromContractWithCustomerExcludingAssessedTax,us-gaap,USD,2017-07-01,2017-09-30,43744000000.0,2018,FY,10-K,2019-02-01,0001018724-19-000004,CY2017Q3
revenue,RevenueFromContractWithCustomerExcludingAssessedTax,us-gaap,USD,2017-01-01,2017-12-31,177866000000.0,2018,FY,10-K,2019-02-01,0001018724-19-000004,
revenue,RevenueFromContractWithCustomerExcludingAssessedTax,us-gaap,USD,2017-10-01,2017-12-31,60453000000.0,2018,FY,10-K,2019-02-01,0001018724-19-000004,CY2017Q4
revenue,RevenueFromContractWithCustomerExcludingAssessedTax,us-gaap,USD,2017-01-01,2017-12-31,177866000000.0,2019,FY,10-K,2020-01-31,0001018724-20-000004,CY2017
revenue,RevenueFromContractWithCustomerExcludingAssessedTax,us-gaap,USD,2018-01-01,2018-03-31,51042000000.0,2018,FY,10-K,2019-02-01,0001018724-19-000004,
revenue,RevenueFromContractWithCustomerExcludingAssessedTax,us-gaap,USD,2018-01-01,2018-03-31,51042000000.0,2019,Q1,10-Q,2019-04-26,0001018724-19-000043,
revenue,RevenueFromContractWithCustomerExcludingAssessedTax,us-gaap,USD,2018-01-01,2018-03-31,51042000000.0,2019,FY,10-K,2020-01-31,0001018724-20-000004,CY2018Q1
revenue,RevenueFromContractWithCustomerExcludingAssessedTax,us-gaap,USD,2018-04-01,2018-06-30,52886000000.0,2018,FY,10-K,2019-02-01,0001018724-19-000004,
revenue,RevenueFromContractWithCustomerExcludingAssessedTax,us-gaap,USD,2018-01-01,2018-06-30,103928000000.0,2019,Q2,10-Q,2019-07-26,0001018724-19-000071,
revenue,RevenueFromContractWithCustomerExcludingAssessedTax,us-gaap,USD,2018-04-01,2018-06-30,52886000000.0,2019,Q2,10-Q,2019-07-26,0001018724-19-000071,
revenue,RevenueFromContractWithCustomerExcludingAssessedTax,us-gaap,USD,2018-04-01,2018-06-30,52886000000.0,2019,FY,10-K,2020-01-31,0001018724-20-000004,CY2018Q2
revenue,RevenueFromContractWithCustomerExcludingAssessedTax,us-gaap,USD,2018-01-01,2018-09-30,160504000000.0,2018,Q3,10-Q,2018-10-26,0001018724-18-000159,
revenue,RevenueFromContractWithCustomerExcludingAssessedTax,us-gaap,USD,2018-07-01,2018-09-30,56576000000.0,2018,Q3,10-Q,2018-10-26,0001018724-18-000159,
revenue,RevenueFromContractWithCustomerExcludingAssessedTax,us-gaap,USD,2018-07-01,2018-09-30,56576000000.0,2018,FY,10-K,2019-02-01,0001018724-19-000004,
revenue,RevenueFromContractWithCustomerExcludingAssessedTax,us-gaap,USD,2018-01-01,2018-09-30,160504000000.0,2019,Q3,10-Q,2019-10-25,0001018724-19-000089,
revenue,RevenueFromContractWithCustomerExcludingAssessedTax,us-gaap,USD,2018-07-01,2018-09-30,56576000000.0,2019,Q3,10-Q,2019-10-25,0001018724-19-000089,
revenue,RevenueFromContractWithCustomerExcludingAssessedTax,us-gaap,USD,2018-07-01,2018-09-30,56576000000.0,2019,FY,10-K,2020-01-31,0001018724-20-000004,CY2018Q3
revenue,RevenueFromContractWithCustomerExcludingAssessedTax,us-gaap,USD,2018-01-01,2018-12-31,232887000000.0,2018,FY,10-K,2019-02-01,0001018724-19-000004,
revenue,RevenueFromContractWithCustomerExcludingAssessedTax,us-gaap,USD,2018-10-01,2018-12-31,72383000000.0,2018,FY,10-K,2019-02-01,0001018724-19-000004,
revenue,RevenueFromContractWithCustomerExcludingAssessedTax,us-gaap,USD,2018-01-01,2018-12-31,232887000000.0,2019,FY,10-K,2020-01-31,0001018724-20-000004,
revenue,RevenueFromContractWithCustomerExcludingAssessedTax,us-gaap,USD,2018-10-01,2018-12-31,72383000000.0,2019,FY,10-K,2020-01-31,0001018724-20-000004,CY2018Q4
revenue,RevenueFromContractWithCustomerExcludingAssessedTax,us-gaap,USD,2018-01-01,2018-12-31,232887000000.0,2020,FY,10-K,2021-02-03,0001018724-21-000004,CY2018
revenue,RevenueFromContractWithCustomerExcludingAssessedTax,us-gaap,USD,2019-01-01,2019-03-31,59700000000.0,2019,Q1,10-Q,2019-04-26,0001018724-19-000043,
revenue,RevenueFromContractWithCustomerExcludingAssessedTax,us-gaap,USD,2019-01-01,2019-03-31,59700000000.0,2019,FY,10-K,2020-01-31,0001018724-20-000004,
revenue,RevenueFromContractWithCustomerExcludingAssessedTax,us-gaap,USD,2019-01-01,2019-03-31,59700000000.0,2020,Q1,10-Q,2020-05-01,0001018724-20-000010,
revenue,RevenueFromContractWithCustomerExcludingAssessedTax,us-gaap,USD,2019-01-01,2019-03-31,59700000000.0,2020,FY,10-K,2021-02-03,0001018724-21-000004,CY2019Q1
revenue,RevenueFromContractWithCustomerExcludingAssessedTax,us-gaap,USD,2019-01-01,2019-06-30,123104000000.0,2019,Q2,10-Q,2019-07-26,0001018724-19-000071,
revenue,RevenueFromContractWithCustomerExcludingAssessedTax,us-gaap,USD,2019-04-01,2019-06-30,63404000000.0,2019,Q2,10-Q,2019-07-26,0001018724-19-000071,
revenue,RevenueFromContractWithCustomerExcludingAssessedTax,us-gaap,USD,2019-04-01,2019-06-30,63404000000.0,2019,FY,10-K,2020-01-31,0001018724-20-000004,
revenue,RevenueFromContractWithCustomerExcludingAssessedTax,us-gaap,USD,2019-01-01,2019-06-30,123104000000.0,2020,Q2,10-Q,2020-07-31,0001018724-20-000021,
revenue,RevenueFromContractWithCustomerExcludingAssessedTax,us-gaap,USD,2019-04-01,2019-06-30,63404000000.0,2020,Q2,10-Q,2020-07-31,0001018724-20-000021,
revenue,RevenueFromContractWithCustomerExcludingAssessedTax,us-gaap,USD,2019-04-01,2019-06-30,63404000000.0,2020,FY,10-K,2021-02-03,0001018724-21-000004,CY2019Q2
revenue,RevenueFromContractWithCustomerExcludingAssessedTax,us-gaap,USD,2019-01-01,2019-09-30,193086000000.0,2019,Q3,10-Q,2019-10-25,0001018724-19-000089,
revenue,RevenueFromContractWithCustomerExcludingAssessedTax,us-gaap,USD,2019-07-01,2019-09-30,69981000000.0,2019,Q3,10-Q,2019-10-25,0001018724-19-000089,
revenue,RevenueFromContractWithCustomerExcludingAssessedTax,us-gaap,USD,2019-07-01,2019-09-30,69981000000.0,2019,FY,10-K,2020-01-31,0001018724-20-000004,
revenue,RevenueFromContractWithCustomerExcludingAssessedTax,us-gaap,USD,2019-01-01,2019-09-30,193086000000.0,2020,Q3,10-Q,2020-10-30,0001018724-20-000030,
revenue,RevenueFromContractWithCustomerExcludingAssessedTax,us-gaap,USD,2019-07-01,2019-09-30,69981000000.0,2020,Q3,10-Q,2020-10-30,0001018724-20-000030,
revenue,RevenueFromContractWithCustomerExcludingAssessedTax,us-gaap,USD,2019-07-01,2019-09-30,69981000000.0,2020,FY,10-K,2021-02-03,0001018724-21-000004,CY2019Q3
revenue,RevenueFromContractWithCustomerExcludingAssessedTax,us-gaap,USD,2019-01-01,2019-12-31,280522000000.0,2019,FY,10-K,2020-01-31,0001018724-20-000004,
revenue,RevenueFromContractWithCustomerExcludingAssessedTax,us-gaap,USD,2019-10-01,2019-12-31,87437000000.0,2019,FY,10-K,2020-01-31,0001018724-20-000004,
revenue,RevenueFromContractWithCustomerExcludingAssessedTax,us-gaap,USD,2019-01-01,2019-12-31,280522000000.0,2020,FY,10-K,2021-02-03,0001018724-21-000004,
revenue,RevenueFromContractWithCustomerExcludingAssessedTax,us-gaap,USD,2019-10-01,2019-12-31,87437000000.0,2020,FY,10-K,2021-02-03,0001018724-21-000004,CY2019Q4
revenue,RevenueFromContractWithCustomerExcludingAssessedTax,us-gaap,USD,2019-01-01,2019-12-31,280522000000.0,2021,FY,10-K,2022-02-04,0001018724-22-000005,CY2019
revenue,RevenueFromContractWithCustomerExcludingAssessedTax,us-gaap,USD,2020-01-01,2020-03-31,75452000000.0,2020,Q1,10-Q,2020-05-01,0001018724-20-000010,
revenue,RevenueFromContractWithCustomerExcludingAssessedTax,us-gaap,USD,2020-01-01,2020-03-31,75452000000.0,2020,FY,10-K,2021-02-03,0001018724-21-000004,
revenue,RevenueFromContractWithCustomerExcludingAssessedTax,us-gaap,USD,2020-01-01,2020-03-31,75452000000.0,2021,Q1,10-Q,2021-04-30,0001018724-21-000010,CY2020Q1
revenue,RevenueFromContractWithCustomerExcludingAssessedTax,us-gaap,USD,2020-01-01,2020-06-30,164364000000.0,2020,Q2,10-Q,2020-07-31,0001018724-20-000021,
revenue,RevenueFromContractWithCustomerExcludingAssessedTax,us-gaap,USD,2020-04-01,2020-06-30,88912000000.0,2020,Q2,10-Q,2020-07-31,0001018724-20-000021,
revenue,RevenueFromContractWithCustomerExcludingAssessedTax,us-gaap,USD,2020-04-01,2020-06-30,88912000000.0,2020,FY,10-K,2021-02-03,0001018724-21-000004,
revenue,RevenueFromContractWithCustomerExcludingAssessedTax,us-gaap,USD,2020-01-01,2020-06-30,164364000000.0,2021,Q2,10-Q,2021-07-30,0001018724-21-000020,
revenue,RevenueFromContractWithCustomerExcludingAssessedTax,us-gaap,USD,2020-04-01,2020-06-30,88912000000.0,2021,Q2,10-Q,2021-07-30,0001018724-21-000020,CY2020Q2
revenue,RevenueFromContractWithCustomerExcludingAssessedTax,us-gaap,USD,2020-01-01,2020-09-30,260509000000.0,2020,Q3,10-Q,2020-10-30,0001018724-20-000030,
revenue,RevenueFromContractWithCustomerExcludingAssessedTax,us-gaap,USD,2020-07-01,2020-09-30,96145000000.0,2020,Q3,10-Q,2020-10-30,0001018724-20-000030,
revenue,RevenueFromContractWithCustomerExcludingAssessedTax,us-gaap,USD,2020-07-01,2020-09-30,96145000000.0,2020,FY,10-K,2021-02-03,0001018724-21-000004,
revenue,RevenueFromContractWithCustomerExcludingAssessedTax,us-gaap,USD,2020-01-01,2020-09-30,260509000000.0,2021,Q3,10-Q,2021-10-29,0001018724-21-000028,
revenue,RevenueFromContractWithCustomerExcludingAssessedTax,us-gaap,USD,2020-07-01,2020-09-30,96145000000.0,2021,Q3,10-Q,2021-10-29,0001018724-21-000028,CY2020Q3
revenue,RevenueFromContractWithCustomerExcludingAssessedTax,us-gaap,USD,2020-01-01,2020-12-31,386064000000.0,2020,FY,10-K,2021-02-03,0001018724-21-000004,
revenue,RevenueFromContractWithCustomerExcludingAssessedTax,us-gaap,USD,2020-10-01,2020-12-31,125555000000.0,2020,FY,10-K,2021-02-03,0001018724-21-000004,CY2020Q4
revenue,RevenueFromContractWithCustomerExcludingAssessedTax,us-gaap,USD,2020-01-01,2020-12-31,386064000000.0,2021,FY,10-K,2022-02-04,0001018724-22-000005,
revenue,RevenueFromContractWithCustomerExcludingAssessedTax,us-gaap,USD,2020-01-01,2020-12-31,386064000000.0,2022,FY,10-K,2023-02-03,0001018724-23-000004,CY2020
revenue,RevenueFromContractWithCustomerExcludingAssessedTax,us-gaap,USD,2021-01-01,2021-03-31,108518000000.0,2021,Q1,10-Q,2021-04-30,0001018724-21-000010,
revenue,RevenueFromContractWithCustomerExcludingAssessedTax,us-gaap,USD,2021-01-01,2021-03-31,108518000000.0,2022,Q1,10-Q,2022-04-29,0001018724-22-000013,CY2021Q1
revenue,RevenueFromContractWithCustomerExcludingAssessedTax,us-gaap,USD,2021-01-01,2021-06-30,221598000000.0,2021,Q2,10-Q,2021-07-30,0001018724-21-000020,
revenue,RevenueFromContractWithCustomerExcludingAssessedTax,us-gaap,USD,2021-04-01,2021-06-30,113080000000.0,2021,Q2,10-Q,2021-07-30,0001018724-21-000020,
revenue,RevenueFromContractWithCustomerExcludingAssessedTax,us-gaap,USD,2021-01-01,2021-06-30,221598000000.0,2022,Q2,10-Q,2022-07-29,0001018724-22-000019,
revenue,RevenueFromContractWithCustomerExcludingAssessedTax,us-gaap,USD,2021-04-01,2021-06-30,113080000000.0,2022,Q2,10-Q,2022-07-29,0001018724-22-000019,CY2021Q2
revenue,RevenueFromContractWithCustomerExcludingAssessedTax,us-gaap,USD,2021-01-01,2021-09-30,332410000000.0,2021,Q3,10-Q,2021-10-29,0001018724-21-000028,
revenue,RevenueFromContractWithCustomerExcludingAssessedTax,us-gaap,USD,2021-07-01,2021-09-30,110812000000.0,2021,Q3,10-Q,2021-10-29,0001018724-21-000028,
revenue,RevenueFromContractWithCustomerExcludingAssessedTax,us-gaap,USD,2021-01-01,2021-09-30,332410000000.0,2022,Q3,10-Q,2022-10-28,0001018724-22-000023,
revenue,RevenueFromContractWithCustomerExcludingAssessedTax,us-gaap,USD,2021-07-01,2021-09-30,110812000000.0,2022,Q3,10-Q,2022-10-28,0001018724-22-000023,CY2021Q3
revenue,RevenueFromContractWithCustomerExcludingAssessedTax,us-gaap,USD,2021-01-01,2021-12-31,469822000000.0,2021,FY,10-K,2022-02-04,0001018724-22-000005,
revenue,RevenueFromContractWithCustomerExcludingAssessedTax,us-gaap,USD,2021-01-01,2021-12-31,469822000000.0,2022,FY,10-K,2023-02-03,0001018724-23-000004,
revenue,RevenueFromContractWithCustomerExcludingAssessedTax,us-gaap,USD,2021-01-01,2021-12-31,469822000000.0,2023,FY,10-K,2024-02-02,0001018724-24-000008,CY2021
revenue,RevenueFromContractWithCustomerExcludingAssessedTax,us-gaap,USD,2022-01-01,2022-03-31,116444000000.0,2022,Q1,10-Q,2022-04-29,0001018724-22-000013,
revenue,RevenueFromContractWithCustomerExcludingAssessedTax,us-gaap,USD,2022-01-01,2022-03-31,116444000000.0,2023,Q1,10-Q,2023-04-28,0001018724-23-000008,CY2022Q1
revenue,RevenueFromContractWithCustomerExcludingAssessedTax,us-gaap,USD,2022-01-01,2022-06-30,237678000000.0,2022,Q2,10-Q,2022-07-29,0001018724-22-000019,
revenue,RevenueFromContractWithCustomerExcludingAssessedTax,us-gaap,USD,2022-04-01,2022-06-30,121234000000.0,2022,Q2,10-Q,2022-07-29,0001018724-22-000019,
revenue,RevenueFromContractWithCustomerExcludingAssessedTax,us-gaap,USD,2022-01-01,2022-06-30,237678000000.0,2023,Q2,10-Q,2023-08-04,0001018724-23-000012,
revenue,RevenueFromContractWithCustomerExcludingAssessedTax,us-gaap,USD,2022-04-01,2022-06-30,121234000000.0,2023,Q2,10-Q,2023-08-04,0001018724-23-000012,CY2022Q2
revenue,RevenueFromContractWithCustomerExcludingAssessedTax,us-gaap,USD,2022-01-01,2022-09-30,364779000000.0,2022,Q3,10-Q,2022-10-28,0001018724-22-000023,
revenue,RevenueFromContractWithCustomerExcludingAssessedTax,us-gaap,USD,2022-07-01,2022-09-30,127101000000.0,2022,Q3,10-Q,2022-10-28,0001018724-22-000023,
revenue,RevenueFromContractWithCustomerExcludingAssessedTax,us-gaap,USD,2022-01-01,2022-09-30,364779000000.0,2023,Q3,10-Q,2023-10-27,0001018724-23-000018,
revenue,RevenueFromContractWithCustomerExcludingAssessedTax,us-gaap,USD,2022-07-01,2022-09-30,127101000000.0,2023,Q3,10-Q,2023-10-27,0001018724-23-000018,CY2022Q3
revenue,RevenueFromContractWithCustomerExcludingAssessedTax,us-gaap,USD,2022-01-01,2022-12-31,513983000000.0,2022,FY,10-K,2023-02-03,0001018724-23-000004,
revenue,RevenueFromContractWithCustomerExcludingAssessedTax,us-gaap,USD,2022-01-01,2022-12-31,513983000000.0,2023,FY,10-K,2024-02-02,0001018724-24-000008,
revenue,RevenueFromContractWithCustomerExcludingAssessedTax,us-gaap,USD,2022-01-01,2022-12-31,513983000000.0,2024,FY,10-K,2025-02-07,0001018724-25-000004,CY2022
revenue,RevenueFromContractWithCustomerExcludingAssessedTax,us-gaap,USD,2023-01-01,2023-03-31,127358000000.0,2023,Q1,10-Q,2023-04-28,0001018724-23-000008,
revenue,RevenueFromContractWithCustomerExcludingAssessedTax,us-gaap,USD,2023-01-01,2023-03-31,127358000000.0,2024,Q1,10-Q,2024-05-01,0001018724-24-000083,CY2023Q1
revenue,RevenueFromContractWithCustomerExcludingAssessedTax,us-gaap,USD,2023-01-01,2023-06-30,261741000000.0,2023,Q2,10-Q,2023-08-04,0001018724-23-000012,
revenue,RevenueFromContractWithCustomerExcludingAssessedTax,us-gaap,USD,2023-04-01,2023-06-30,134383000000.0,2023,Q2,10-Q,2023-08-04,0001018724-23-000012,
revenue,RevenueFromContractWithCustomerExcludingAssessedTax,us-gaap,USD,2023-01-01,2023-06-30,261741000000.0,2024,Q2,10-Q,2024-08-02,0001018724-24-000130,
revenue,RevenueFromContractWithCustomerExcludingAssessedTax,us-gaap,USD,2023-04-01,2023-06-30,134383000000.0,2024,Q2,10-Q,2024-08-02,0001018724-24-000130,CY2023Q2
revenue,RevenueFromContractWithCustomerExcludingAssessedTax,us-gaap,USD,2023-01-01,2023-09-30,404824000000.0,2023,Q3,10-Q,2023-10-27,0001018724-23-000018,
revenue,RevenueFromContractWithCustomerExcludingAssessedTax,us-gaap,USD,2023-07-01,2023-09-30,143083000000.0,2023,Q3,10-Q,2023-10-27,0001018724-23-000018,
revenue,RevenueFromContractWithCustomerExcludingAssessedTax,us-gaap,USD,2023-01-01,2023-09-30,404824000000.0,2024,Q3,10-Q,2024-11-01,0001018724-24-000161,
revenue,RevenueFromContractWithCustomerExcludingAssessedTax,us-gaap,USD,2023-07-01,2023-09-30,143083000000.0,2024,Q3,10-Q,2024-11-01,0001018724-24-000161,CY2023Q3
revenue,RevenueFromContractWithCustomerExcludingAssessedTax,us-gaap,USD,2023-01-01,2023-12-31,574785000000.0,2023,FY,10-K,2024-02-02,0001018724-24-000008,
revenue,RevenueFromContractWithCustomerExcludingAssessedTax,us-gaap,USD,2023-01-01,2023-12-31,574785000000.0,2024,FY,10-K,2025-02-07,0001018724-25-000004,
revenue,RevenueFromContractWithCustomerExcludingAssessedTax,us-gaap,USD,2023-01-01,2023-12-31,574785000000.0,2025,FY,10-K,2026-02-06,0001018724-26-000004,CY2023
revenue,RevenueFromContractWithCustomerExcludingAssessedTax,us-gaap,USD,2024-01-01,2024-03-31,143313000000.0,2024,Q1,10-Q,2024-05-01,0001018724-24-000083,
revenue,RevenueFromContractWithCustomerExcludingAssessedTax,us-gaap,USD,2024-01-01,2024-03-31,143313000000.0,2025,Q1,10-Q,2025-05-02,0001018724-25-000036,CY2024Q1
revenue,RevenueFromContractWithCustomerExcludingAssessedTax,us-gaap,USD,2024-01-01,2024-06-30,291290000000.0,2024,Q2,10-Q,2024-08-02,0001018724-24-000130,
revenue,RevenueFromContractWithCustomerExcludingAssessedTax,us-gaap,USD,2024-04-01,2024-06-30,147977000000.0,2024,Q2,10-Q,2024-08-02,0001018724-24-000130,
revenue,RevenueFromContractWithCustomerExcludingAssessedTax,us-gaap,USD,2024-01-01,2024-06-30,291290000000.0,2025,Q2,10-Q,2025-08-01,0001018724-25-000086,
revenue,RevenueFromContractWithCustomerExcludingAssessedTax,us-gaap,USD,2024-04-01,2024-06-30,147977000000.0,2025,Q2,10-Q,2025-08-01,0001018724-25-000086,CY2024Q2
revenue,RevenueFromContractWithCustomerExcludingAssessedTax,us-gaap,USD,2024-01-01,2024-09-30,450167000000.0,2024,Q3,10-Q,2024-11-01,0001018724-24-000161,
revenue,RevenueFromContractWithCustomerExcludingAssessedTax,us-gaap,USD,2024-07-01,2024-09-30,158877000000.0,2024,Q3,10-Q,2024-11-01,0001018724-24-000161,
revenue,RevenueFromContractWithCustomerExcludingAssessedTax,us-gaap,USD,2024-01-01,2024-09-30,450167000000.0,2025,Q3,10-Q,2025-10-31,0001018724-25-000123,
revenue,RevenueFromContractWithCustomerExcludingAssessedTax,us-gaap,USD,2024-07-01,2024-09-30,158877000000.0,2025,Q3,10-Q,2025-10-31,0001018724-25-000123,CY2024Q3
revenue,RevenueFromContractWithCustomerExcludingAssessedTax,us-gaap,USD,2024-01-01,2024-12-31,637959000000.0,2024,FY,10-K,2025-02-07,0001018724-25-000004,
revenue,RevenueFromContractWithCustomerExcludingAssessedTax,us-gaap,USD,2024-01-01,2024-12-31,637959000000.0,2025,FY,10-K,2026-02-06,0001018724-26-000004,CY2024
revenue,RevenueFromContractWithCustomerExcludingAssessedTax,us-gaap,USD,2025-01-01,2025-03-31,155667000000.0,2025,Q1,10-Q,2025-05-02,0001018724-25-000036,
revenue,RevenueFromContractWithCustomerExcludingAssessedTax,us-gaap,USD,2025-01-01,2025-03-31,155667000000.0,2026,Q1,10-Q,2026-04-30,0001018724-26-000014,CY2025Q1
revenue,RevenueFromContractWithCustomerExcludingAssessedTax,us-gaap,USD,2025-01-01,2025-06-30,323369000000.0,2025,Q2,10-Q,2025-08-01,0001018724-25-000086,
revenue,RevenueFromContractWithCustomerExcludingAssessedTax,us-gaap,USD,2025-04-01,2025-06-30,167702000000.0,2025,Q2,10-Q,2025-08-01,0001018724-25-000086,
revenue,RevenueFromContractWithCustomerExcludingAssessedTax,us-gaap,USD,2025-01-01,2025-06-30,323369000000.0,2026,Q2,10-Q,2026-07-31,0001018724-26-000026,
revenue,RevenueFromContractWithCustomerExcludingAssessedTax,us-gaap,USD,2025-04-01,2025-06-30,167702000000.0,2026,Q2,10-Q,2026-07-31,0001018724-26-000026,CY2025Q2
revenue,RevenueFromContractWithCustomerExcludingAssessedTax,us-gaap,USD,2025-01-01,2025-09-30,503538000000.0,2025,Q3,10-Q,2025-10-31,0001018724-25-000123,
revenue,RevenueFromContractWithCustomerExcludingAssessedTax,us-gaap,USD,2025-07-01,2025-09-30,180169000000.0,2025,Q3,10-Q,2025-10-31,0001018724-25-000123,CY2025Q3
revenue,RevenueFromContractWithCustomerExcludingAssessedTax,us-gaap,USD,2025-01-01,2025-12-31,716924000000.0,2025,FY,10-K,2026-02-06,0001018724-26-000004,CY2025
revenue,RevenueFromContractWithCustomerExcludingAssessedTax,us-gaap,USD,2026-01-01,2026-03-31,181519000000.0,2026,Q1,10-Q,2026-04-30,0001018724-26-000014,CY2026Q1
revenue,RevenueFromContractWithCustomerExcludingAssessedTax,us-gaap,USD,2026-01-01,2026-06-30,382125000000.0,2026,Q2,10-Q,2026-07-31,0001018724-26-000026,
revenue,RevenueFromContractWithCustomerExcludingAssessedTax,us-gaap,USD,2026-04-01,2026-06-30,200606000000.0,2026,Q2,10-Q,2026-07-31,0001018724-26-000026,CY2026Q2
shares_outstanding,EntityCommonStockSharesOutstanding,dei,shares,,2009-07-17,431807370.0,2009,Q2,10-Q,2009-07-24,0001193125-09-154174,CY2009Q2I
shares_outstanding,EntityCommonStockSharesOutstanding,dei,shares,,2009-10-19,432982766.0,2009,Q3,10-Q,2009-10-23,0001193125-09-212134,CY2009Q3I
shares_outstanding,EntityCommonStockSharesOutstanding,dei,shares,,2010-01-22,444546442.0,2009,FY,10-K,2010-01-29,0001193125-10-016098,CY2009Q4I
shares_outstanding,EntityCommonStockSharesOutstanding,dei,shares,,2010-04-16,445671637.0,2010,Q1,10-Q,2010-04-23,0001193125-10-090367,CY2010Q1I
shares_outstanding,EntityCommonStockSharesOutstanding,dei,shares,,2010-07-15,447825009.0,2010,Q2,10-Q,2010-07-23,0001193125-10-164083,CY2010Q2I
shares_outstanding,EntityCommonStockSharesOutstanding,dei,shares,,2010-10-14,448836757.0,2010,Q3,10-Q,2010-10-22,0001193125-10-233883,CY2010Q3I
shares_outstanding,EntityCommonStockSharesOutstanding,dei,shares,,2011-01-19,451003759.0,2010,FY,10-K,2011-01-28,0001193125-11-016253,CY2010Q4I
shares_outstanding,EntityCommonStockSharesOutstanding,dei,shares,,2011-04-19,452043073.0,2011,Q1,10-Q,2011-04-27,0001193125-11-110197,CY2011Q1I
shares_outstanding,EntityCommonStockSharesOutstanding,dei,shares,,2011-07-15,453935325.0,2011,Q2,10-Q,2011-07-27,0001193125-11-197823,CY2011Q2I
shares_outstanding,EntityCommonStockSharesOutstanding,dei,shares,,2011-10-14,454754345.0,2011,Q3,10-Q,2011-10-26,0001193125-11-280739,CY2011Q3I
shares_outstanding,EntityCommonStockSharesOutstanding,dei,shares,,2012-01-19,455068465.0,2011,FY,10-K,2012-02-01,0001193125-12-032846,CY2011Q4I
shares_outstanding,EntityCommonStockSharesOutstanding,dei,shares,,2012-04-13,450525501.0,2012,Q1,10-Q,2012-04-27,0001193125-12-187203,CY2012Q1I
shares_outstanding,EntityCommonStockSharesOutstanding,dei,shares,,2012-07-13,452065256.0,2012,Q2,10-Q,2012-07-27,0001193125-12-317409,CY2012Q2I
shares_outstanding,EntityCommonStockSharesOutstanding,dei,shares,,2012-10-12,452958533.0,2012,Q3,10-Q,2012-10-26,0001193125-12-436012,CY2012Q3I
shares_outstanding,EntityCommonStockSharesOutstanding,dei,shares,,2013-01-18,454551069.0,2012,FY,10-K,2013-01-30,0001193125-13-028520,CY2012Q4I
shares_outstanding,EntityCommonStockSharesOutstanding,dei,shares,,2013-04-12,455242694.0,2013,Q1,10-Q,2013-04-26,0001193125-13-174667,CY2013Q1I
shares_outstanding,EntityCommonStockSharesOutstanding,dei,shares,,2013-07-12,456883519.0,2013,Q2,10-Q,2013-07-26,0001193125-13-303204,CY2013Q2I
shares_outstanding,EntityCommonStockSharesOutstanding,dei,shares,,2013-10-11,457733620.0,2013,Q3,10-Q,2013-10-25,0001445305-13-002495,CY2013Q3I
shares_outstanding,EntityCommonStockSharesOutstanding,dei,shares,,2014-01-17,459264535.0,2013,FY,10-K,2014-01-31,0001018724-14-000006,CY2013Q4I
shares_outstanding,EntityCommonStockSharesOutstanding,dei,shares,,2014-04-16,460167404.0,2014,Q1,10-Q,2014-04-25,0001018724-14-000014,CY2014Q1I
shares_outstanding,EntityCommonStockSharesOutstanding,dei,shares,,2014-07-16,462036113.0,2014,Q2,10-Q,2014-07-25,0001018724-14-000025,CY2014Q2I
shares_outstanding,EntityCommonStockSharesOutstanding,dei,shares,,2014-10-15,463006452.0,2014,Q3,10-Q,2014-10-24,0001018724-14-000055,CY2014Q3I
shares_outstanding,EntityCommonStockSharesOutstanding,dei,shares,,2015-01-16,464383939.0,2014,FY,10-K,2015-01-30,0001018724-15-000006,CY2014Q4I
shares_outstanding,EntityCommonStockSharesOutstanding,dei,shares,,2015-04-15,465680957.0,2015,Q1,10-Q,2015-04-24,0001018724-15-000038,CY2015Q1I
shares_outstanding,EntityCommonStockSharesOutstanding,dei,shares,,2015-07-15,467710218.0,2015,Q2,10-Q,2015-07-24,0001018724-15-000087,CY2015Q2I
shares_outstanding,EntityCommonStockSharesOutstanding,dei,shares,,2015-10-14,468762005.0,2015,Q3,10-Q,2015-10-23,0001018724-15-000126,CY2015Q3I
shares_outstanding,EntityCommonStockSharesOutstanding,dei,shares,,2016-01-20,470842035.0,2015,FY,10-K,2016-01-29,0001018724-16-000172,CY2015Q4I
shares_outstanding,EntityCommonStockSharesOutstanding,dei,shares,,2016-04-20,471827960.0,2016,Q1,10-Q,2016-04-29,0001018724-16-000227,CY2016Q1I
shares_outstanding,EntityCommonStockSharesOutstanding,dei,shares,,2016-07-20,474073542.0,2016,Q2,10-Q,2016-07-29,0001018724-16-000286,CY2016Q2I
shares_outstanding,EntityCommonStockSharesOutstanding,dei,shares,,2016-10-19,475166527.0,2016,Q3,10-Q,2016-10-28,0001018724-16-000324,CY2016Q3I
shares_outstanding,EntityCommonStockSharesOutstanding,dei,shares,,2017-01-25,477170618.0,2016,FY,10-K,2017-02-10,0001018724-17-000011,CY2016Q4I
shares_outstanding,EntityCommonStockSharesOutstanding,dei,shares,,2017-04-18,477975499.0,2017,Q1,10-Q,2017-04-28,0001018724-17-000051,CY2017Q1I
shares_outstanding,EntityCommonStockSharesOutstanding,dei,shares,,2017-07-18,480379517.0,2017,Q2,10-Q,2017-07-28,0001018724-17-000100,CY2017Q2I
shares_outstanding,EntityCommonStockSharesOutstanding,dei,shares,,2017-10-18,481872175.0,2017,Q3,10-Q,2017-10-27,0001018724-17-000135,CY2017Q3I
shares_outstanding,EntityCommonStockSharesOutstanding,dei,shares,,2018-01-24,484107183.0,2017,FY,10-K,2018-02-02,0001018724-18-000005,CY2017Q4I
shares_outstanding,EntityCommonStockSharesOutstanding,dei,shares,,2018-04-18,485226904.0,2018,Q1,10-Q,2018-04-27,0001018724-18-000072,CY2018Q1I
shares_outstanding,EntityCommonStockSharesOutstanding,dei,shares,,2018-07-18,487741189.0,2018,Q2,10-Q,2018-07-27,0001018724-18-000108,CY2018Q2I
shares_outstanding,EntityCommonStockSharesOutstanding,dei,shares,,2018-10-17,488968628.0,2018,Q3,10-Q,2018-10-26,0001018724-18-000159,CY2018Q3I
shares_outstanding,EntityCommonStockSharesOutstanding,dei,shares,,2019-01-23,491202890.0,2018,FY,10-K,2019-02-01,0001018724-19-000004,CY2018Q4I
shares_outstanding,EntityCommonStockSharesOutstanding,dei,shares,,2019-04-17,492331776.0,2019,Q1,10-Q,2019-04-26,0001018724-19-000043,CY2019Q1I
shares_outstanding,EntityCommonStockSharesOutstanding,dei,shares,,2019-07-17,494656015.0,2019,Q2,10-Q,2019-07-26,0001018724-19-000071,CY2019Q2I
shares_outstanding,EntityCommonStockSharesOutstanding,dei,shares,,2019-10-16,495797220.0,2019,Q3,10-Q,2019-10-25,0001018724-19-000089,CY2019Q3I
shares_outstanding,EntityCommonStockSharesOutstanding,dei,shares,,2020-01-22,497810444.0,2019,FY,10-K,2020-01-31,0001018724-20-000004,CY2019Q4I
shares_outstanding,EntityCommonStockSharesOutstanding,dei,shares,,2020-04-22,498776032.0,2020,Q1,10-Q,2020-05-01,0001018724-20-000010,CY2020Q1I
shares_outstanding,EntityCommonStockSharesOutstanding,dei,shares,,2020-07-22,500889651.0,2020,Q2,10-Q,2020-07-31,0001018724-20-000021,CY2020Q2I
shares_outstanding,EntityCommonStockSharesOutstanding,dei,shares,,2020-10-21,501751183.0,2020,Q3,10-Q,2020-10-30,0001018724-20-000030,CY2020Q3I
shares_outstanding,EntityCommonStockSharesOutstanding,dei,shares,,2021-01-20,503564743.0,2020,FY,10-K,2021-02-03,0001018724-21-000004,CY2020Q4I
shares_outstanding,EntityCommonStockSharesOutstanding,dei,shares,,2021-04-21,504323736.0,2021,Q1,10-Q,2021-04-30,0001018724-21-000010,CY2021Q1I
shares_outstanding,EntityCommonStockSharesOutstanding,dei,shares,,2021-07-21,506440520.0,2021,Q2,10-Q,2021-07-30,0001018724-21-000020,CY2021Q2I
shares_outstanding,EntityCommonStockSharesOutstanding,dei,shares,,2021-10-20,507147620.0,2021,Q3,10-Q,2021-10-29,0001018724-21-000028,CY2021Q3I
shares_outstanding,EntityCommonStockSharesOutstanding,dei,shares,,2022-01-26,508844410.0,2021,FY,10-K,2022-02-04,0001018724-22-000005,CY2021Q4I
shares_outstanding,EntityCommonStockSharesOutstanding,dei,shares,,2022-04-20,508720481.0,2022,Q1,10-Q,2022-04-29,0001018724-22-000013,CY2022Q1I
shares_outstanding,EntityCommonStockSharesOutstanding,dei,shares,,2022-07-20,10187554818.0,2022,Q2,10-Q,2022-07-29,0001018724-22-000019,CY2022Q2I
shares_outstanding,EntityCommonStockSharesOutstanding,dei,shares,,2022-10-19,10201654176.0,2022,Q3,10-Q,2022-10-28,0001018724-22-000023,CY2022Q3I
shares_outstanding,EntityCommonStockSharesOutstanding,dei,shares,,2023-01-25,10247259757.0,2022,FY,10-K,2023-02-03,0001018724-23-000004,CY2022Q4I
shares_outstanding,EntityCommonStockSharesOutstanding,dei,shares,,2023-04-19,10260353688.0,2023,Q1,10-Q,2023-04-28,0001018724-23-000008,CY2023Q1I
shares_outstanding,EntityCommonStockSharesOutstanding,dei,shares,,2023-07-21,10317750796.0,2023,Q2,10-Q,2023-08-04,0001018724-23-000012,CY2023Q2I
shares_outstanding,EntityCommonStockSharesOutstanding,dei,shares,,2023-10-18,10334030586.0,2023,Q3,10-Q,2023-10-27,0001018724-23-000018,CY2023Q3I
shares_outstanding,EntityCommonStockSharesOutstanding,dei,shares,,2024-01-24,10387381291.0,2023,FY,10-K,2024-02-02,0001018724-24-000008,CY2023Q4I
shares_outstanding,EntityCommonStockSharesOutstanding,dei,shares,,2024-04-24,10406627415.0,2024,Q1,10-Q,2024-05-01,0001018724-24-000083,CY2024Q1I
shares_outstanding,EntityCommonStockSharesOutstanding,dei,shares,,2024-07-24,10495566881.0,2024,Q2,10-Q,2024-08-02,0001018724-24-000130,CY2024Q2I
shares_outstanding,EntityCommonStockSharesOutstanding,dei,shares,,2024-10-18,10515011008.0,2024,Q3,10-Q,2024-11-01,0001018724-24-000161,CY2024Q3I
shares_outstanding,EntityCommonStockSharesOutstanding,dei,shares,,2025-01-29,10597729352.0,2024,FY,10-K,2025-02-07,0001018724-25-000004,CY2024Q4I
shares_outstanding,EntityCommonStockSharesOutstanding,dei,shares,,2025-04-23,10616352407.0,2025,Q1,10-Q,2025-05-02,0001018724-25-000036,CY2025Q1I
shares_outstanding,EntityCommonStockSharesOutstanding,dei,shares,,2025-07-23,10664912097.0,2025,Q2,10-Q,2025-08-01,0001018724-25-000086,CY2025Q2I
shares_outstanding,EntityCommonStockSharesOutstanding,dei,shares,,2025-10-22,10690216011.0,2025,Q3,10-Q,2025-10-31,0001018724-25-000123,CY2025Q3I
shares_outstanding,EntityCommonStockSharesOutstanding,dei,shares,,2026-01-28,10734920870.0,2025,FY,10-K,2026-02-06,0001018724-26-000004,CY2025Q4I
shares_outstanding,EntityCommonStockSharesOutstanding,dei,shares,,2026-04-22,10757109436.0,2026,Q1,10-Q,2026-04-30,0001018724-26-000014,CY2026Q1I
shares_outstanding,EntityCommonStockSharesOutstanding,dei,shares,,2026-07-22,10786313572.0,2026,Q2,10-Q,2026-07-31,0001018724-26-000026,CY2026Q2I
